time_years,temperature_K,cold_trap_factor,olr_W_m2,H2_flux_m-2_s-1,crossover_mass_kg_per_particle,crossover_mass_amu,atomic_N_photolysis_fraction,N_drag_active,Ar36_drag_active,Rayleigh_active,water_kg,D_H,N_kg,Ar36_kg
0.0,2800.0,0.05000000065485749,280.0,3.7115993076129006e+20,7.500375248412806e-22,451682.9012497625,0.6096948773246815,1,1,1,1.2969051266048244e+22,0.00014740611410307683,2.35e+21,5000000000000000.0
100.10010010010011,2797.4219963037053,0.05000000067195924,280.0,3.693069144961945e+20,7.498648231584523e-22,451578.8979238394,0.6086246225971262,1,1,1,1.2968991366627707e+22,0.00014740618218487455,2.3456787236093113e+21,4999455803690168.0
200.20020020020021,2794.8439926074107,0.0500000006895076,280.0,3.6746314941635396e+20,7.496920020675861e-22,451474.8226887555,0.607556213953666,1,1,1,1.296893158700597e+22,0.00014740625013085355,2.341357652683658e+21,4998908936386099.0
300.3003003003003,2792.265988911116,0.05000000070751424,280.0,3.656285893352183e+20,7.495190613758637e-22,451370.675428393,0.6064896479309433,1,1,1,1.2968871926943439e+22,0.00014740631794128413,2.3370368058962807e+21,4998359385278332.0
400.40040040040043,2789.6879852148213,0.050000000725991124,280.0,3.6380318829682373e+20,7.493460008899769e-22,451266.456026339,0.6054249210696768,1,1,1,1.2968812386200993e+22,0.00014740638561643602,2.3327162018984045e+21,4997807137498995.0
500.50050050050055,2787.1099815185266,0.05000000074495054,280.0,3.6198690057464185e+20,7.491728204161272e-22,451162.1643658854,0.6043620299146379,1,1,1,1.2968752964539995e+22,0.0001474064531565784,2.3283958593189768e+21,4997252180121569.0
600.6006006006006,2784.531977822232,0.050000000764405084,280.0,3.601796806704336e+20,7.489995197600215e-22,451057.8003300261,0.6033009710146267,1,1,1,1.296869366172228e+22,0.0001474065205619799,2.3240757967644047e+21,4996694500160653.0
700.7007007007007,2781.9539741259373,0.05000000078436769,280.0,3.583814833131104e+20,7.488260987268727e-22,450953.36380145774,0.6022417409224471,1,1,1,1.2968634477510161e+22,0.0001474065878329087,2.3197560328182967e+21,4996134084571725.0
800.8008008008009,2779.3759704296426,0.05000000080485162,280.0,3.565922634575991e+20,7.486525571213965e-22,450848.85466257756,0.6011843361948833,1,1,1,1.296857541166643e+22,0.00014740665496963234,2.3154365860412035e+21,4995570920250907.0
900.900900900901,2776.797966733348,0.05000000082587049,280.0,3.548119762837147e+20,7.484788947478115e-22,450744.2727954831,0.6001287533926752,1,1,1,1.2968516463954347e+22,0.00014740672197241796,2.3111174749703627e+21,4995004994034724.0
1001.0010010010011,2774.2199630370533,0.05000000084743828,280.0,3.5304057719503644e+20,7.483051114098349e-22,450639.61808197026,0.5990749890804937,1,1,1,1.296845763413765e+22,0.00014740678884153202,2.3067987181194447e+21,4994436292699869.0
1101.1011011011012,2771.6419593407586,0.050000000869569315,280.0,3.512780218177916e+20,7.481312069106831e-22,450534.89040353324,0.5980230398269163,1,1,1,1.296839892198055e+22,0.0001474068555772406,2.302480333978301e+21,4993864802962961.0
1201.2012012012012,2769.063955644464,0.05000000089227831,280.0,3.495242659997435e+20,7.479571810530685e-22,450430.0896413628,0.5969729022044026,1,1,1,1.2968340327247724e+22,0.00014740692217980918,2.2981623410127135e+21,4993290511480306.0
1301.3013013013015,2766.4859519481693,0.05000000091558035,280.0,3.4777926580908537e+20,7.477830336391983e-22,450325.2156763452,0.595924572789269,1,1,1,1.2968281849704328e+22,0.0001474069886495027,2.293844757664146e+21,4992713404847655.0
1401.4014014014015,2763.9079482518746,0.050000000939490925,280.0,3.4604297753334016e+20,7.476087644707724e-22,450220.2683890616,0.5948780481616643,1,1,1,1.296822348911598e+22,0.00014740705498658555,2.289527602349499e+21,4992133469599966.0
1501.5015015015017,2761.32994455558,0.05000000096402594,280.0,3.4431535767826543e+20,7.474343733489825e-22,450115.2476597869,0.5938333249055447,1,1,1,1.2968165245248772e+22,0.0001474071211913217,2.2852108934608635e+21,4991550692211159.0
1601.6016016016017,2758.7519408592852,0.05000000098920168,280.0,3.4259636296676363e+20,7.472598600745093e-22,450010.1533684881,0.5927903996086483,1,1,1,1.296810711786926e+22,0.00014740718726397452,2.28089464936528e+21,4990965059093876.0
1701.7017017017017,2756.1739371629906,0.0500000010150349,280.0,3.408859503377984e+20,7.470852244475216e-22,449904.98539482435,0.59174926886247,1,1,1,1.296804910674447e+22,0.0001474072532048069,2.2765788884044979e+21,4990376556599236.0
1801.801801801802,2753.595933466696,0.05000000104154275,280.0,3.3918407694531527e+20,7.469104662676723e-22,449799.7436181437,0.5907099292622365,1,1,1,1.2967991211641893e+22,0.00014740731901408114,2.2722636288947357e+21,4989785171016594.0
1901.901901901902,2751.017929770401,0.05000000106874287,280.0,3.374907001571692e+20,7.4673558533410065e-22,449694.42791748507,0.5896723774068807,1,1,1,1.2967933432329484e+22,0.00014740738469205906,2.2679488891264458e+21,4989190888573294.0
2002.0020020020022,2748.4399260741066,0.05000000109665332,280.0,3.358057775540557e+20,7.465605814454268e-22,449589.0381715748,0.588636609899016,1,1,1,1.2967875768575664e+22,0.000147407450239002,2.2636346873640793e+21,4988593695434427.0
2102.1021021021024,2745.861922377812,0.050000001125292654,280.0,3.341292669284491e+20,7.463854543997512e-22,449483.57425882615,0.5876026233449102,1,1,1,1.2967818220149313e+22,0.0001474075156551708,2.259321041845853e+21,4987993577702583.0
2202.2022022022024,2743.283918681517,0.05000000115467992,280.0,3.3246112628354456e+20,7.462102039946535e-22,449378.0360573389,0.5865704143544609,1,1,1,1.296776078681978e+22,0.00014740758094082564,2.2550079707835193e+21,4987390521417608.0
2302.3023023023025,2740.7059149852225,0.05000000118483463,280.0,3.308013138322064e+20,7.460348300271891e-22,449272.42344489694,0.5855399795411688,1,1,1,1.2967703468356869e+22,0.00014740764609622636,2.250695492362137e+21,4986784512556355.0
2402.4024024024025,2738.127911288928,0.05000000121577684,280.0,3.291497879959213e+20,7.458593322938893e-22,449166.73629896855,0.5845113155221116,1,1,1,1.2967646264530848e+22,0.0001474077111216321,2.246383624739845e+21,4986175537032438.0
2502.5025025025025,2735.549907592633,0.05000000124752712,280.0,3.275065074037567e+20,7.456837105907575e-22,449060.9744967044,0.5834844189179182,1,1,1,1.2967589175112443e+22,0.0001474077760173017,2.2420723860476375e+21,4985563580695984.0
2602.602602602603,2732.9719038963385,0.05000000128010656,280.0,3.258714308913243e+20,7.455079647132687e-22,448955.1379149366,0.5824592863527425,1,1,1,1.2967532199872838e+22,0.00014740784078349332,2.2377617943891406e+21,4984948629333386.0
2702.702702702703,2730.393900200044,0.05000000131353682,280.0,3.2424451749974934e+20,7.453320944563673e-22,448849.22643017775,0.5814359144542365,1,1,1,1.2967475338583676e+22,0.00014740790542046468,2.233451867840393e+21,4984330668667053.0
2802.802802802803,2727.815896503749,0.05000000134784012,280.0,3.22625726474644e+20,7.451560996144646e-22,448743.2399186196,0.5804142998535248,1,1,1,1.2967418591017056e+22,0.00014740796992847297,2.2291426244496264e+21,4983709684355161.0
2902.902902902903,2725.2378928074545,0.050000001383039255,280.0,3.210150172650869e+20,7.449799799814379e-22,448637.1782561323,0.5793944391851766,1,1,1,1.2967361956945534e+22,0.0001474080343077749,2.2248340822370484e+21,4983085661991403.0
3003.0030030030034,2722.65988911116,0.05000000141915762,280.0,3.1941234952260714e+20,7.448037353506276e-22,448531.0413182625,0.5783763290871805,1,1,1,1.2967305436142118e+22,0.0001474080985586266,2.220526259194629e+21,4982458587104739.0
3103.1031031031034,2720.081885414865,0.05000000145621923,280.0,3.1781768310017366e+20,7.446273655148365e-22,448424.8289802333,0.5773599662009162,1,1,1,1.2967249028380275e+22,0.0001474081626812838,2.216219173285887e+21,4981828445159144.0
3203.2032032032034,2717.5038817185705,0.050000001494248714,280.0,3.162309780511894e+20,7.444508702663261e-22,448318.5411169416,0.576345347171129,1,1,1,1.296719273343392e+22,0.0001474082266760016,2.21191284244568e+21,4981195221553358.0
3303.3033033033034,2714.925878022276,0.05000000153327134,280.0,3.146521946284906e+20,7.442742493968165e-22,448212.1776029584,0.5753324686459007,1,1,1,1.2967136551077423e+22,0.00014740829054303472,2.2076072845799957e+21,4980558901620633.0
3403.4034034034034,2712.347874325981,0.05000000157331305,280.0,3.1308129328335166e+20,7.44097502697484e-22,448105.7383125273,0.5743213272766247,1,1,1,1.2967080481085603e+22,0.0001474083542826373,2.2033025175657455e+21,4979919470628479.0
3503.503503503504,2709.7698706296865,0.05000000161440046,280.0,3.115182346644936e+20,7.439206299589582e-22,447999.22311956243,0.5733119197179769,1,1,1,1.2967024523233733e+22,0.00014740841789506295,2.1989985592505598e+21,4979276913778414.0
3603.603603603604,2707.191866933392,0.05000000165656088,280.0,3.099629796170989e+20,7.437436309713209e-22,447892.63189764833,0.5723042426278889,1,1,1,1.296696867729753e+22,0.00014740848138056483,2.194695427452586e+21,4978631216205708.0
3703.703703703704,2704.613863237097,0.05000000169982232,280.0,3.0841548918183055e+20,7.435665055241042e-22,447785.9645200382,0.5712982926675203,1,1,1,1.2966912943053167e+22,0.00014740854473939565,2.1903931399602873e+21,4977982362979128.0
3803.803803803804,2702.0358595408024,0.050000001744213554,280.0,3.068757245938559e+20,7.433892534062884e-22,447679.22085965314,0.5702940665012306,1,1,1,1.2966857320277257e+22,0.0001474086079718075,2.1860917145322463e+21,4977330339100686.0
3903.9039039039044,2699.457855844508,0.05000000178976406,280.0,3.0534364728187604e+20,7.4321187440629905e-22,447572.40078908013,0.5692915607965523,1,1,1,1.2966801808746864e+22,0.00014740867107805204,2.1817911688969663e+21,4976675129505382.0
4004.0040040040044,2696.879852148213,0.05000000183650414,280.0,3.03819218867159e+20,7.430343683120073e-22,447465.50418057217,0.5682907722241611,1,1,1,1.2966746408239497e+22,0.0001474087340583804,2.177491520752679e+21,4976016719060948.0
4104.104104104104,2694.3018484519184,0.050000001884464844,280.0,3.023024011625789e+20,7.428567349107256e-22,447358.53090604604,0.5672916974578499,1,1,1,1.2966691118533111e+22,0.00014740879691304325,2.1731927877671518e+21,4975355092567592.0
4204.204204204205,2691.7238447556238,0.05000000193367805,280.0,3.007931561716588e+20,7.426789739892062e-22,447251.48083708086,0.5662943331744988,1,1,1,1.2966635939406104e+22,0.00014740885964229075,2.168894987577498e+21,4974690234757742.0
4304.304304304304,2689.145841059329,0.05000000198417647,280.0,2.9929144608761964e+20,7.425010853336399e-22,447144.3538449179,0.5652986760540473,1,1,1,1.2966580870637318e+22,0.00014740892224637258,2.1645981377899887e+21,4974022130295787.0
4404.404404404405,2686.5678373630344,0.05000000203599367,280.0,2.977972332924324e+20,7.423230687296542e-22,447037.14980045904,0.5643047227794655,1,1,1,1.2966525912006034e+22,0.00014740898472553781,2.160302255979867e+21,4973350763777821.0
4504.504504504504,2683.9898336667397,0.05000000208916408,280.0,2.963104803558762e+20,7.421449239623101e-22,446929.8685742651,0.5633124700367262,1,1,1,1.296647106329198e+22,0.00014740904708003522,2.156007359691164e+21,4972676119731383.0
4604.604604604605,2681.411829970445,0.050000002143723056,280.0,2.9483115003460066e+20,7.419666508161003e-22,446822.51003655454,0.5623219145147748,1,1,1,1.296641632427532e+22,0.00014740910931011292,2.1517134664365184e+21,4971998182615200.0
4704.704704704705,2678.8338262741504,0.05000000219970684,280.0,2.933592052711927e+20,7.417882490749479e-22,446715.074057203,0.5613330529055011,1,1,1,1.296636169473666e+22,0.00014740917141601865,2.1474205936969953e+21,4971316936818927.0
4804.804804804805,2676.2558225778557,0.05000000225715266,280.0,2.9189460919324852e+20,7.416097185222045e-22,446607.5605057418,0.56034588190371,1,1,1,1.2966307174457046e+22,0.00014740923339799956,2.14312875892191e+21,4970632366662886.0
4904.904904904905,2673.677818881561,0.05000000231609869,280.0,2.9043732511244976e+20,7.414310589406466e-22,446499.969251356,0.559360398207092,1,1,1,1.2966252763217956e+22,0.00014740929525630233,2.1388379795286516e+21,4969944456397807.0
5005.005005005005,2671.0998151852664,0.05000000237658411,280.0,2.8898731652364455e+20,7.412522701124747e-22,446392.3001628836,0.5583765985161941,1,1,1,1.2966198460801312e+22,0.0001474093569911733,2.134548272902511e+21,4969253190204568.0
5105.105105105105,2668.5218114889717,0.05000000243864912,280.0,2.8754454710393304e+20,7.410733518193118e-22,446284.5531088151,0.5573944795343899,1,1,1,1.2966144266989468e+22,0.000147409418602858,2.1302596563965088e+21,4968558552193932.0
5205.205205205206,2665.943807792677,0.05000000250233497,280.0,2.8610898071175748e+20,7.408943038422e-22,446176.727957291,0.5564140379678497,1,1,1,1.2966090181565215e+22,0.00014740948009160187,2.1259721473312264e+21,4967860526406286.0
5305.305305305305,2663.3658040963824,0.050000002567683985,280.0,2.8468058138599683e+20,7.407151259615984e-22,446068.8245761008,0.5554352705255116,1,1,1,1.2966036204311779e+22,0.00014740954145764956,2.1216857629946395e+21,4967159096811381.0
5405.405405405406,2660.7878004000877,0.05000000263473961,280.0,2.83259313345066e+20,7.405358179573821e-22,445960.84283268225,0.55445817391905,1,1,1,1.2965982335012818e+22,0.00014740960270124537,2.1174005206419531e+21,4966454247308067.0
5505.505505505506,2658.209796703793,0.0500000027035464,280.0,2.8184514098601958e+20,7.403563796088399e-22,445852.78259411996,0.5534827448628468,1,1,1,1.2965928573452421e+22,0.00014740966382263305,2.113116437495439e+21,4965745961724030.0
5605.605605605606,2655.6317930074983,0.0500000027741501,280.0,2.804380288836598e+20,7.401768106946708e-22,445744.64372714347,0.5525089800739598,1,1,1,1.2965874919415115e+22,0.00014740972482205593,2.1088335307442747e+21,4965034223815531.0
5705.705705705706,2653.0537893112037,0.050000002846597634,280.0,2.7903794178964914e+20,7.39997110992983e-22,445636.4260981265,0.5515368762720931,1,1,1,1.2965821372685852e+22,0.00014740978569975687,2.1045518175443854e+21,4964319017267140.0
5805.805805805806,2650.475785614909,0.05000000292093714,280.0,2.7764484463162766e+20,7.398172802812927e-22,445528.1295730863,0.5505664301795664,1,1,1,1.2965767933050015e+22,0.00014740984645597813,2.100271315018288e+21,4963600325691472.0
5905.905905905906,2647.8977819186143,0.050000002997218046,280.0,2.76258702512334e+20,7.3963731833651875e-22,445419.75401768024,0.5495976385212833,1,1,1,1.2965714600293418e+22,0.00014740990709096165,2.0959920402549362e+21,4962878132628924.0
6006.006006006007,2645.3197782223197,0.050000003075491045,280.0,2.7487948070873154e+20,7.394572249349838e-22,445311.2992972068,0.5486304980247015,1,1,1,1.2965661374202304e+22,0.00014740996760494873,2.0917140103095688e+21,4962152421547408.0
6106.106106106106,2642.741774526025,0.05000000315580816,280.0,2.735071446711384e+20,7.392769998524112e-22,445202.7652766035,0.5476650054198008,1,1,1,1.296560825456334e+22,0.00014741002799818035,2.08743724220356e+21,4961423175842087.0
6206.206206206207,2640.1637708297303,0.05000000323822277,280.0,2.7214166002236195e+20,7.390966428639212e-22,445094.1518204447,0.5467011574390519,1,1,1,1.2965555241163625e+22,0.00014741008827089689,2.0831617529242714e+21,4960690378835109.0
6306.306306306306,2637.5857671334356,0.05000000332278966,280.0,2.707829925568379e+20,7.389161537440312e-22,444985.4587929416,0.5457389508173858,1,1,1,1.2965502333790678e+22,0.00014741014842333832,2.078887559424906e+21,4959954013775339.0
6406.406406406407,2635.007763437141,0.05000000340956503,280.0,2.6943110823977304e+20,7.387355322666511e-22,444876.68605793966,0.5447783822921607,1,1,1,1.2965449532232446e+22,0.00014741020845574407,2.0746146786243654e+21,4959214063838095.0
6506.506506506507,2632.4297597408463,0.05000000349860655,280.0,2.6808597320629302e+20,7.385547782050833e-22,444767.83347891853,0.5438194486031316,1,1,1,1.29653968362773e+22,0.00014741026836835317,2.070343127407108e+21,4958470512124880.0
6606.606606606607,2629.8517560445516,0.05000000358997342,280.0,2.6674755376059397e+20,7.383738913320193e-22,444658.9009189898,0.5428621464924173,1,1,1,1.2965344245714034e+22,0.00014741032816140416,2.0660729226230096e+21,4957723341663113.0
6706.706706706707,2627.273752348257,0.050000003683726355,280.0,2.6541581637509818e+20,7.381928714195366e-22,444549.8882408955,0.541906472704469,1,1,1,1.2965291760331864e+22,0.00014741038783513507,2.0618040810872266e+21,4956972535405864.0
6806.806806806807,2624.6957486519623,0.050000003779927665,280.0,2.6409072768961456e+20,7.380117182390986e-22,444440.79530700773,0.5409524239860375,1,1,1,1.296523937992043e+22,0.00014741044738978345,2.0575366195800609e+21,4956218076231586.0
6906.906906906907,2622.1177449556676,0.05000000387864129,280.0,2.627722545105027e+20,7.378304315615509e-22,444331.6219793266,0.539999997086141,1,1,1,1.2965187104269788e+22,0.00014741050682558646,2.0532705548468269e+21,4955459946943843.0
7007.007007007008,2619.539741259373,0.050000003979932844,280.0,2.6146036380984148e+20,7.3764901115711875e-22,444222.36811947846,0.5390491887560322,1,1,1,1.2965134933170418e+22,0.0001474105661427807,2.0490059035977216e+21,4954698130271045.0
7107.107107107107,2616.9617375630783,0.050000004083869655,280.0,2.6015502272460177e+20,7.374674567954064e-22,444113.033588716,0.5380999957491658,1,1,1,1.2965082866413218e+22,0.00014741062534160237,2.0447426825076954e+21,4953932608866177.0
7207.207207207208,2614.3837338667836,0.05000000419052079,280.0,2.588561985558231e+20,7.372857682453926e-22,444003.6182479149,0.5371524148211652,1,1,1,1.2965030903789503e+22,0.00014741068442228716,2.0404809082163254e+21,4953163365306532.0
7307.307307307307,2611.805730170489,0.05000000429995714,280.0,2.5756385876779454e+20,7.371039452754292e-22,443894.1219575736,0.5362064427297895,1,1,1,1.2964979045091007e+22,0.00014741074338507032,2.0362205973276918e+21,4952390382093438.0
7407.407407407408,2609.2277264741942,0.050000004412251456,280.0,2.5627797098723977e+20,7.3692198765324105e-22,443784.54457781266,0.5352620762349001,1,1,1,1.296492729010988e+22,0.00014741080223018658,2.0319617664102556e+21,4951613641651989.0
7507.507507507508,2606.6497227778996,0.05000000452747835,280.0,2.5499850300250607e+20,7.367398951459187e-22,443674.885968371,0.5343193120984273,1,1,1,1.2964875638638687e+22,0.00014741086095787026,2.027704431996739e+21,4950833126330777.0
7607.607607607608,2604.071719081605,0.050000004645714434,280.0,2.5372542276275746e+20,7.365576675199219e-22,443565.1459886073,0.533378147084336,1,1,1,1.2964824090470408e+22,0.0001474109195683552,2.0234486105840068e+21,4950048818401620.0
7707.707707707708,2601.49371538531,0.05000000476703827,280.0,2.5245869837717173e+20,7.363753045410724e-22,443455.32449749624,0.5324385779585922,1,1,1,1.2964772645398437e+22,0.00014741097806187476,2.0191943186329512e+21,4949260700059289.0
7807.807807807809,2598.9157116890156,0.0500000048915305,280.0,2.511982981141417e+20,7.361928059745543e-22,443345.4213536285,0.5315006014891298,1,1,1,1.2964721303216584e+22,0.0001474110364386619,2.0149415725683785e+21,4948468753421241.0
7907.907907907908,2596.337707992721,0.05000000501927388,280.0,2.4994419040048012e+20,7.360101715849109e-22,443235.43641520885,0.5305642144458143,1,1,1,1.2964670063719066e+22,0.000147411094698949,2.010690388778898e+21,4947672960527343.0
8008.008008008009,2593.759704296426,0.0500000051503533,280.0,2.4869634382062905e+20,7.358274011360414e-22,443125.36954005406,0.5296294136004103,1,1,1,1.2964618926700517e+22,0.0001474111528429681,2.0064407836168112e+21,4946873303339605.0
8108.108108108108,2591.1817006001315,0.05000000528485589,280.0,2.474547271158727e+20,7.356444943912015e-22,443015.22058559355,0.5286961957265454,1,1,1,1.2964567891955977e+22,0.0001474112108709507,2.002192773398007e+21,4946069763741904.0
8208.208208208209,2588.603696903837,0.050000005422871044,280.0,2.4621930918355445e+20,7.354614511129964e-22,442904.9894088649,0.5277645575996767,1,1,1,1.29645169592809e+22,0.0001474112687831279,1.9979463744018558e+21,4945262323539716.0
8308.30830830831,2586.025693207542,0.05000000556449049,280.0,2.4499005907629775e+20,7.352782710633832e-22,442794.67586651526,0.5268344959970543,1,1,1,1.2964466128471147e+22,0.00014741132657973026,1.9937016028711056e+21,4944450964459839.0
8408.40840840841,2583.4476895112475,0.050000005709808365,280.0,2.4376694600123073e+20,7.350949540036647e-22,442684.27981479804,0.5259060076976876,1,1,1,1.2964415399322989e+22,0.000147411384260988,1.9894584750117833e+21,4943635668150124.0
8508.508508508508,2580.869685814953,0.05000000585892124,280.0,2.425499393192151e+20,7.349114996944887e-22,442573.801109572,0.5249790894823082,1,1,1,1.29643647716331e+22,0.00014741144182713075,1.9852170069930953e+21,4942816416179201.0
8608.608608608609,2578.291682118658,0.050000006011928236,280.0,2.4133900854407843e+20,7.347279078958454e-22,442463.2396063,0.524053738133336,1,1,1,1.2964314245198565e+22,0.0001474114992783878,1.9809772149473311e+21,4941993190036207.0
8708.70870870871,2575.7136784223635,0.05000000616893104,280.0,2.4013412334185054e+20,7.345441783670648e-22,442352.5951600472,0.523129950434842,1,1,1,1.2964263819816873e+22,0.00014741155661498792,1.97673911496977e+21,4941165971130510.0
8808.80880880881,2573.135674726069,0.05000000633003401,280.0,2.389352535300036e+20,7.343603108668147e-22,442241.8676254801,0.5222077231725133,1,1,1,1.296421349528592e+22,0.00014741161383715948,1.9725027231185874e+21,4940334740791439.0
8908.90890890891,2570.557671029774,0.05000000649534422,280.0,2.377423690766961e+20,7.341763051530965e-22,442131.0568568637,0.5212870531336159,1,1,1,1.2964163271404003e+22,0.0001474116709451303,1.968268055414767e+21,4939499480268009.0
9009.009009009009,2567.9796673334795,0.05000000666497153,280.0,2.3655544010002055e+20,7.339921609832452e-22,442020.162708062,0.5203679371069593,1,1,1,1.2964113147969826e+22,0.00014741172793912788,1.9640351278420121e+21,4938660170728646.0
9109.10910910911,2565.401663637185,0.0500000068390287,280.0,2.3537443686725485e+20,7.338078781139244e-22,441909.1850325343,0.5194503718828586,1,1,1,1.2964063124782494e+22,0.0001474117848193791,1.9598039563466593e+21,4937816793260917.0
9209.20920920921,2562.82365994089,0.050000007017631416,280.0,2.3419932979411757e+20,7.336234563011267e-22,441798.123683336,0.5185343542530995,1,1,1,1.2964013201641513e+22,0.0001474118415861106,1.955574556837596e+21,4936969328871251.0
9309.30930930931,2560.2456562445955,0.05000000720089837,280.0,2.3303008944402688e+20,7.33438895300168e-22,441686.978513115,0.5176198810108993,1,1,1,1.296396337834679e+22,0.00014741189823954838,1.95134694518618e+21,4936117758484669.0
9409.40940940941,2557.667652548301,0.05000000738895139,280.0,2.31866686527363e+20,7.332541948656865e-22,441575.7493741111,0.5167069489508711,1,1,1,1.2963913654698632e+22,0.00014741195477991812,1.9471211372261584e+21,4935262062944508.0
9509.50950950951,2555.089648852006,0.05000000758191545,280.0,2.3070909190073464e+20,7.330693547516407e-22,441464.4361181548,0.5157955548689852,1,1,1,1.2963864030497747e+22,0.00014741201120744497,1.942897148753592e+21,4934402223012147.0
9609.60960960961,2552.5116451557114,0.05000000777991881,280.0,2.29557276566249e+20,7.328843747113055e-22,441353.0385966647,0.5148856955625325,1,1,1,1.2963814505545241e+22,0.00014741206752235365,1.9386749955267795e+21,4933538219366733.0
9709.70970970971,2549.933641459417,0.05000000798309307,280.0,2.2841121167078516e+20,7.326992544972708e-22,441241.55666064704,0.513977367830086,1,1,1,1.296376507964262e+22,0.00014741212372486852,1.9344546932661866e+21,4932670032604905.0
9809.80980980981,2547.355637763122,0.05000000819157327,280.0,2.2727086850527153e+20,7.325139938614382e-22,441129.99016069365,0.5130705684714626,1,1,1,1.296371575259178e+22,0.00014741217981521334,1.930236257654373e+21,4931797643240522.0
9909.909909909911,2544.7776340668274,0.050000008405497974,280.0,2.2613621850396652e+20,7.323285925550183e-22,441018.3389469801,0.5121652942876854,1,1,1,1.296366652419502e+22,0.0001474122357936116,1.9260197043359263e+21,4930921031704386.0
10010.01001001001,2542.1996303705328,0.05000000862500937,280.0,2.250072332437431e+20,7.321430503285284e-22,440906.6028692645,0.5112615420809442,1,1,1,1.296361739425503e+22,0.00014741229166028623,1.9218050489173942e+21,4930040178343968.0
10110.11011011011,2539.621626674238,0.05000000885025335,280.0,2.238838844433766e+20,7.319573669317906e-22,440794.7817768862,0.5103593086545579,1,1,1,1.29635683625749e+22,0.0001474123474154597,1.9175923069672206e+21,4929155063423134.0
10210.21021021021,2537.0436229779434,0.05000000908137963,280.0,2.2276614396283653e+20,7.31771542113927e-22,440682.8755187632,0.5094585908129345,1,1,1,1.296351942895811e+22,0.00014741240305935413,1.9133814940156842e+21,4928265667121869.0
10310.310310310311,2534.4656192816487,0.05000000931854182,280.0,2.216539838025814e+20,7.315855756233596e-22,440570.8839433917,0.5085593853615326,1,1,1,1.2963470593208533e+22,0.00014741245859219116,1.909172625554839e+21,4927371969536005.0
10410.410410410412,2531.887615585354,0.050000009561897554,280.0,2.2054737610285754e+20,7.313994672078052e-22,440458.8068988433,0.5076616891068213,1,1,1,1.2963421855130436e+22,0.00014741251401419195,1.9049657170384545e+21,4926473950676942.0
10510.51051051051,2529.3096118890594,0.05000000981160857,280.0,2.1944629314300114e+20,7.312132166142753e-22,440346.64423276484,0.5067654988562414,1,1,1,1.2963373214528476e+22,0.00014741256932557727,1.900760783881963e+21,4925571590471377.0
10610.61061061061,2526.7316081927647,0.05000001006784085,280.0,2.1835070734074377e+20,7.310268235890711e-22,440234.39579237544,0.5058708114181649,1,1,1,1.29633246712077e+22,0.00014741262452656748,1.8965578414624038e+21,4924664868761027.0
10710.710710710711,2524.15360449647,0.050000010330764684,280.0,2.1726059125152144e+20,7.308402878777812e-22,440122.06142446504,0.5049776236018547,1,1,1,1.2963276224973544e+22,0.00014741267961738242,1.8923569051183732e+21,4923753765302355.0
10810.810810810812,2521.5756008001754,0.05000001060055483,280.0,2.1617591756778734e+20,7.306536092252811e-22,440009.6409753942,0.5040859322174255,1,1,1,1.296322787563184e+22,0.00014741273459824153,1.888157990149975e+21,4922838259766297.0
10910.910910910912,2518.9975971038807,0.050000010877390616,280.0,2.1509665911832746e+20,7.304667873757272e-22,439897.13429109036,0.5031957340758012,1,1,1,1.29631796229888e+22,0.00014741278946936386,1.8839611118187727e+21,4921918331737984.0
11011.011011011013,2516.419593407586,0.05000001116145602,280.0,2.1402278886758013e+20,7.302798220725559e-22,439784.54121704743,0.5023070259886759,1,1,1,1.296313146685103e+22,0.00014741284423096793,1.8797662853477462e+21,4920993960716471.0
11111.111111111111,2513.8415897112914,0.05000001145293985,280.0,2.1295427991495885e+20,7.300927130584813e-22,439671.8615983242,0.501419804768472,1,1,1,1.2963083407025517e+22,0.00014741289888327197,1.8755735259212475e+21,4920065126114460.0
11211.211211211212,2511.2635860149967,0.05000001175203585,280.0,2.118911054941782e+20,7.299054600754899e-22,439559.09527954157,0.5005340672282995,1,1,1,1.2963035443319638e+22,0.0001474129534264936,1.8713828486849603e+21,4919131807258026.0
11311.311311311312,2508.685582318702,0.0500000120589428,280.0,2.1083323897258348e+20,7.297180628648421e-22,439446.2421048828,0.49964981018191323,1,1,1,1.2962987575541154e+22,0.00014741300786085012,1.867194268745862e+21,4918193983386346.0
11411.411411411413,2506.1075786224073,0.05000001237386469,280.0,2.0978065385048356e+20,7.29530521167064e-22,439333.30191808933,0.4987670304436726,1,1,1,1.2962939803498212e+22,0.00014741306218655844,1.8630078011721866e+21,4917251633651421.0
11511.511511511513,2503.5295749261127,0.05000001269701084,280.0,2.0873332376048697e+20,7.293428347219494e-22,439220.2745624613,0.49788572482849863,1,1,1,1.296289212699934e+22,0.00014741311640383486,1.8588234609933911e+21,4916304737117803.0
11611.611611611612,2500.951571229818,0.050000013028596024,280.0,2.076912224668417e+20,7.291550032685543e-22,439107.15988085466,0.4970058901518322,1,1,1,1.296284454585345e+22,0.00014741317051289546,1.854641263200123e+21,4915353272762324.0
11711.711711711712,2498.3735675335233,0.05000001336884062,280.0,2.0665432386477746e+20,7.289670265451945e-22,438993.95771567954,0.4961275232295911,1,1,1,1.2962797059869839e+22,0.0001474132245139558,1.850461222744189e+21,4914397219473818.0
11811.811811811813,2495.7955638372287,0.050000013717970776,280.0,2.0562260197985226e+20,7.287789042894438e-22,438880.66790889937,0.4952506208781276,1,1,1,1.296274966885818e+22,0.000147413278407231,1.8462833545385295e+21,4913436556052850.0
11911.911911911913,2493.217560140934,0.05000001407621854,280.0,2.0459603096730134e+20,7.285906362381286e-22,438767.2903020274,0.4943751799141853,1,1,1,1.296270237262853e+22,0.0001474133321929357,1.8421076734571902e+21,4912471261211445.0
12012.012012012014,2490.6395564446393,0.05000001444382203,280.0,2.0357458511139013e+20,7.284022221273281e-22,438653.8247361269,0.49350119715485585,1,1,1,1.2962655170991325e+22,0.00014741338587128425,1.8379341943353e+21,4911501313572810.0
12112.112112112112,2488.0615527483446,0.050000014821025555,280.0,2.0255823882476988e+20,7.282136616923701e-22,438540.2710518085,0.4926286694175362,1,1,1,1.2962608063757383e+22,0.00014741343944249047,1.8337629319690484e+21,4910526691671066.0
12212.212212212213,2485.48354905205,0.05000001520807984,280.0,2.015469666478365e+20,7.280249546678267e-22,438426.62908922805,0.4917575935198834,1,1,1,1.2962561050737895e+22,0.0001474134929067678,1.8295939011156666e+21,4909547373950973.0
12312.312312312313,2482.9055453557553,0.05000001560524212,280.0,2.0054074324809322e+20,7.278361007875135e-22,438312.89868808555,0.4908879662797717,1,1,1,1.2962514131744436e+22,0.00014741354626432926,1.825427116493409e+21,4908563338767659.0
12412.412412412414,2480.3275416594606,0.050000016012776385,280.0,1.995395434195156e+20,7.276470997844857e-22,438199.07968762313,0.49001978451524797,1,1,1,1.2962467306588953e+22,0.0001474135995153874,1.8212625927815396e+21,4907574564386346.0
12512.512512512514,2477.749537963166,0.050000016430953496,280.0,1.9854334208192053e+20,7.274579513910351e-22,438085.1719266233,0.48915304504448714,1,1,1,1.296242057508377e+22,0.00014741365266015443,1.8171003446203166e+21,4906581028982080.0
12612.612612612613,2475.1715342668713,0.05000001686005139,280.0,1.9755211428033747e+20,7.272686553386872e-22,437971.17524340714,0.4882877446857475,1,1,1,1.2962373937041586e+22,0.00014741370569884202,1.812940386610983e+21,4905582710639461.0
12712.712712712713,2472.5935305705766,0.05000001730035527,280.0,1.9656583518438382e+20,7.270792113581982e-22,437857.08947583206,0.48742388025732547,1,1,1,1.2962327392275476e+22,0.00014741375863166158,1.808782733315756e+21,4904579587352370.0
12812.812812812814,2470.015526874282,0.05000001775215778,280.0,1.9558448008764247e+20,7.268896191795519e-22,437742.9144612909,0.4865614485775103,1,1,1,1.296228094059889e+22,0.00014741381145882393,1.8046273992578215e+21,4903571637023698.0
12912.912912912914,2467.4375231779873,0.05000001821575921,280.0,1.9460802440704328e+20,7.26699878531957e-22,437628.65003670915,0.4857004464645389,1,1,1,1.296223458182565e+22,0.0001474138641805396,1.8004743989213282e+21,4902558837465078.0
13013.013013013015,2464.8595194816926,0.05000001869146769,280.0,1.9363644368224708e+20,7.265099891438438e-22,437514.296038544,0.48484087073654925,1,1,1,1.2962188315769948e+22,0.0001474139167970186,1.7963237467513846e+21,4901541166396613.0
13113.113113113113,2462.281515785398,0.0500000191795994,280.0,1.926697135750329e+20,7.263199507428606e-22,437399.85230278136,0.4839827182115352,1,1,1,1.296214214224635e+22,0.00014741396930847067,1.7921754571540592e+21,4900518601446607.0
13213.213213213214,2459.7035120891032,0.05000001968047877,280.0,1.9170780986868846e+20,7.261297630558727e-22,437285.31866493594,0.4831259857072991,1,1,1,1.2962096061069792e+22,0.00014741402171510496,1.7880295444963808e+21,4899491120151297.0
13313.313313313314,2457.1255083928086,0.05000002019443872,280.0,1.907507084674033e+20,7.259394258089563e-22,437170.6949600469,0.48227067004140556,1,1,1,1.2962050072055583e+22,0.00014741407401713032,1.7838860231063424e+21,4898458699954584.0
13413.413413413415,2454.547504696514,0.05000002072182084,280.0,1.8979838539566544e+20,7.2574893872739775e-22,437055.981022678,0.4814167680311351,1,1,1,1.2962004175019397e+22,0.00014741412621475515,1.7797449072729066e+21,4897421318207763.0
13513.513513513515,2451.969501000219,0.05000002126297566,280.0,1.888508167976606e+20,7.2555830153568935e-22,436941.1766869147,0.4805642764934357,1,1,1,1.2961958369777278e+22,0.0001474141783081874,1.7756062112460133e+21,4896378952169258.0
13613.613613613614,2449.3914973039246,0.05000002181826285,280.0,1.8790797893667478e+20,7.253675139575269e-22,436826.2817863628,0.47971319224487646,1,1,1,1.2961912656145638e+22,0.00014741423029763473,1.771469949236589e+21,4895331579004353.0
13713.713713713714,2446.81349360763,0.05000002238805149,280.0,1.8696984819449928e+20,7.251765757158056e-22,436711.296154146,0.47886351210159883,1,1,1,1.296186703394126e+22,0.00014741428218330424,1.7673361354165586e+21,4894279175784926.0
13813.813813813815,2444.235489911335,0.05000002297272028,280.0,1.8603640107083956e+20,7.249854865326174e-22,436596.21962290426,0.4780152328792699,1,1,1,1.2961821502981288e+22,0.00014741433396540268,1.7632047839188592e+21,4893221719489183.0
13913.913913913915,2441.6574862150405,0.05000002357265782,280.0,1.8510761418272634e+20,7.247942461292485e-22,436481.05202479224,0.4771683513930322,1,1,1,1.2961776063083234e+22,0.00014741438564413642,1.7590759088374554e+21,4892159187001391.0
14014.014014014016,2439.079482518746,0.05000002418826286,280.0,1.8418346426392966e+20,7.246028542261751e-22,436365.7931914769,0.4763228644574567,1,1,1,1.2961730714064975e+22,0.0001474144372197114,1.7549495242273582e+21,4891091555111615.0
14114.114114114114,2436.501478822451,0.050000024819944554,280.0,1.8326392816437638e+20,7.244113105430605e-22,436250.4429541357,0.4754787688864932,1,1,1,1.2961685455744753e+22,0.0001474144886923331,1.7508256441046438e+21,4890018800515453.0
14214.214214214215,2433.9234751261565,0.05000002546812275,280.0,1.8234898284957e+20,7.2421961479875225e-22,436135.0011434547,0.47463606149342097,1,1,1,1.2961640287941171e+22,0.0001474145400622067,1.7467042824464758e+21,4888940899813770.0
14314.314314314315,2431.345471429862,0.050000026133228265,280.0,1.814386054000139e+20,7.240277667112785e-22,436019.4675896266,0.47379473909079983,1,1,1,1.2961595210473199e+22,0.00014741459132953683,1.74258545319113e+21,4887857829512438.0
14414.414414414416,2428.767467733567,0.050000026815703154,280.0,1.8053277301063696e+20,7.23835765997845e-22,435903.8421223488,0.47295479849041955,1,1,1,1.2961550223160166e+22,0.00014741464249452786,1.738469170238019e+21,4886769566022072.0
14514.514514514516,2426.1894640372725,0.050000027516001015,280.0,1.7963146299022243e+20,7.23643612374831e-22,435788.12457082095,0.47211623650325085,1,1,1,1.296150532582176e+22,0.00014741469355738365,1.734355447447722e+21,4885676085657766.0
14614.614614614615,2423.611460340978,0.05000002823458731,280.0,1.787346527608395e+20,7.234513055577881e-22,435672.3147637444,0.4712790499393937,1,1,1,1.2961460518278035e+22,0.0001474147445183077,1.730244298642013e+21,4884577364638835.0
14714.714714714715,2421.033456644683,0.050000028971939635,280.0,1.7784231985727763e+20,7.232588452614346e-22,435556.41252931854,0.470443235608028,1,1,1,1.2961415800349402e+22,0.00014741479537750313,1.7261357376038945e+21,4883473379088554.0
14814.814814814816,2418.4554529483885,0.05000002972854808,280.0,1.7695444192648394e+20,7.2306623119965235e-22,435440.4176952391,0.4696087903173616,1,1,1,1.2961371171856633e+22,0.00014741484613517257,1.722029778077631e+21,4882364105033896.0
14914.914914914916,2415.877449252094,0.05000003050491551,280.0,1.7607099672700315e+20,7.228734630854851e-22,435324.33008869714,0.46877571087457937,1,1,1,1.2961326632620857e+22,0.00014741489679151833,1.7179264337687856e+21,4881249518405274.0
15015.015015015017,2413.299445555799,0.05000003130155795,280.0,1.7519196212842047e+20,7.226805406311345e-22,435208.1495363764,0.467943994085792,1,1,1,1.2961282182463558e+22,0.00014741494734674232,1.713825718344257e+21,4880129595036285.0
15115.115115115117,2410.7214418595045,0.050000032119004875,280.0,1.7431731611080724e+20,7.224874635479558e-22,435091.8758644512,0.4671136367559834,1,1,1,1.2961237821206584e+22,0.000147414997801046,1.709727645432322e+21,4879004310663449.0
15215.215215215216,2408.14343816321,0.050000032957799596,280.0,1.7344703676416927e+20,7.2229423154645475e-22,434975.50889858406,0.46628463568895906,1,1,1,1.2961193548672133e+22,0.00014741504815463043,1.7056322286226752e+21,4877873640925955.0
15315.315315315316,2405.565434466915,0.05000003381849963,280.0,1.7258110228789808e+20,7.221008443362851e-22,434859.04846392444,0.46545698768729343,1,1,1,1.2961149364682761e+22,0.00014741509840769632,1.7015394814664754e+21,4876737561365403.0
15415.415415415417,2402.9874307706204,0.05000003470167702,280.0,1.717194909902247e+20,7.219073016262443e-22,434742.49438510626,0.4646306895522769,1,1,1,1.296110526906138e+22,0.00014741514856044392,1.6974494174763908e+21,4875596047425551.0
15515.515515515517,2400.409427074326,0.05000003560791878,280.0,1.7086218128767638e+20,7.217136031242704e-22,434625.8464862457,0.46380573808386333,1,1,1,1.2961061261631254e+22,0.00014741519861307314,1.6933620501266474e+21,4874449074452060.0
15615.615615615618,2397.831423378031,0.050000036537827246,280.0,1.7000915170453586e+20,7.215197485374384e-22,434509.10459093936,0.46298213008061545,1,1,1,1.2961017342216e+22,0.00014741524856578349,1.6892773928530797e+21,4873296617692242.0
15715.715715715716,2395.2534196817364,0.05000003749202046,280.0,1.691603808723034e+20,7.213257375719573e-22,434392.2685222622,0.4621598623396526,1,1,1,1.2960973510639593e+22,0.00014741529841877404,1.6851954590531828e+21,4872138652294805.0
15815.815815815817,2392.6754159854418,0.050000038471132636,280.0,1.6831584752916152e+20,7.211315699331656e-22,434275.33810276515,0.46133893165659534,1,1,1,1.2960929766726355e+22,0.00014741534817224345,1.6811162620861664e+21,4870975153309604.0
15915.915915915917,2390.097412289147,0.05000003947581454,280.0,1.6747553051944242e+20,7.209372453255284e-22,434158.3131544729,0.46051933482551227,1,1,1,1.296088611030096e+22,0.0001474153978263901,1.677039815273012e+21,4869806095687391.0
16016.016016016018,2387.5194085928524,0.05000004050673392,280.0,1.6663940879309793e+20,7.207427634526344e-22,434041.1934988825,0.4597010686388642,1,1,1,1.2960842541188434e+22,0.00014741544738141186,1.67296613189653e+21,4868631454279565.0
16116.116116116118,2384.9414048965577,0.050000041564575985,280.0,1.658074614051723e+20,7.205481240171914e-22,433923.97895696067,0.45888412988745003,1,1,1,1.2960799059214151e+22,0.00014741549683750625,1.6688952252014212e+21,4867451203837924.0
16216.216216216217,2382.363401200263,0.050000042650043826,280.0,1.6497966751527748e+20,7.203533267210229e-22,433806.6693491412,0.4580685153603512,1,1,1,1.2960755664203838e+22,0.00014741554619487036,1.6648271083943384e+21,4866265319014417.0
16316.316316316317,2379.7853975039684,0.05000004376385888,280.0,1.6415600638707103e+20,7.201583712650647e-22,433689.26449532364,0.45725422184487546,1,1,1,1.2960712355983567e+22,0.000147415595453701,1.6607617946439503e+21,4865073774360898.0
16416.416416416418,2377.2073938076737,0.05000004490676146,280.0,1.633364573877368e+20,7.19963257349362e-22,433571.76421487104,0.45644124612650205,1,1,1,1.296066913437976e+22,0.0001474156446141944,1.6566992970810088e+21,4863876544328883.0
16516.516516516516,2374.629390111379,0.05000004607951118,280.0,1.6252099998746798e+20,7.197679846730647e-22,433454.16832660744,0.45562958498882444,1,1,1,1.2960625999219186e+22,0.00014741569367654662,1.6526396287984167e+21,4862673603269304.0
16616.61661661662,2372.0513864150844,0.05000004728288752,280.0,1.6170961375895273e+20,7.1957255293442385e-22,433336.4766488154,0.45481923521349377,1,1,1,1.2960582950328958e+22,0.0001474157426409532,1.648582802851297e+21,4861464925432267.0
16716.716716716717,2369.4733827187897,0.05000004851769028,280.0,1.6090227837686278e+20,7.19376961830788e-22,433218.688999234,0.45401019358016254,1,1,1,1.2960539987536538e+22,0.0001474157915076093,1.644528832257067e+21,4860250484966811.0
16816.81681681682,2366.895379022495,0.05000004978474018,280.0,1.6009897361734382e+20,7.191812110586012e-22,433100.80519505776,0.4532024568664266,1,1,1,1.296049711066973e+22,0.0001474158402767097,1.6404777299955108e+21,4859030255920666.0
16916.916916916918,2364.3173753262004,0.05000005108487936,280.0,1.5929967935750944e+20,7.189853003133965e-22,432982.8250529325,0.4523960218477683,1,1,1,1.2960454319556688e+22,0.0001474158889484488,1.6364295090088562e+21,4857804212240017.0
17017.017017017017,2361.7393716299057,0.050000052418971944,280.0,1.5850437557493645e+20,7.187892292897939e-22,432864.74838895415,0.4515908852974975,1,1,1,1.2960411614025903e+22,0.0001474159375230206,1.6323841822018524e+21,4856572327769264.0
17117.11711711712,2359.161367933611,0.05000005378790465,280.0,1.5771304234716388e+20,7.185929976814971e-22,432746.5750186669,0.4507870439866944,1,1,1,1.2960368993906211e+22,0.0001474159860006188,1.6283417624418496e+21,4855334576250785.0
17217.217217217218,2356.5833642373163,0.050000055192587316,280.0,1.5692565985119358e+20,7.183966051812878e-22,432628.30475705967,0.44998449468415025,1,1,1,1.2960326459026794e+22,0.0001474160343814366,1.6243022625588825e+21,4854090931324702.0
17317.31731731732,2354.0053605410217,0.05000005663395357,280.0,1.5614220836299365e+20,7.182000514810243e-22,432509.93741856527,0.44918323415630845,1,1,1,1.296028400921717e+22,0.00014741608266566683,1.6202656953457521e+21,4852841366528648.0
17417.41741741742,2351.427356844727,0.05000005811296142,280.0,1.5536266825700455e+20,7.180033362716354e-22,432391.47281705675,0.44838325916720556,1,1,1,1.2960241644307204e+22,0.00014741613085350204,1.6162320735581136e+21,4851585855297533.0
17517.517517517517,2348.8493531484323,0.05000005963059387,280.0,1.545870200056473e+20,7.178064592431182e-22,432272.91076584614,0.4475845664784112,1,1,1,1.2960199364127098e+22,0.00014741617894513425,1.6122014099145624e+21,4850324370963314.0
17617.61761761762,2346.2713494521377,0.05000006118785961,280.0,1.5381524417883436e+20,7.176094200845337e-22,432154.2510776818,0.4467871528489685,1,1,1,1.2960157168507392e+22,0.0001474162269407552,1.608173717096725e+21,4849056886754765.0
17717.71771771772,2343.693345755843,0.05000006278579368,280.0,1.5304732144348303e+20,7.174122184840031e-22,432035.4935647459,0.44599101503533395,1,1,1,1.2960115057278969e+22,0.00014741627484055628,1.6041490077493502e+21,4847783375797248.0
17817.81781781782,2341.1153420595483,0.05000006442545813,280.0,1.522832325630309e+20,7.172148541287037e-22,431916.6380386523,0.4451961497913155,1,1,1,1.2960073030273046e+22,0.00014741632264472836,1.600127294480403e+21,4846503811112488.0
17917.91791791792,2338.5373383632536,0.050000066107942776,280.0,1.515229583969542e+20,7.17017326704865e-22,431797.6843104442,0.4444025538680135,1,1,1,1.2960031087321183e+22,0.00014741637035346208,1.5961085898611598e+21,4845218165618347.0
18018.018018018018,2335.959334666959,0.050000067834365856,280.0,1.5076647990028822e+20,7.168196358977649e-22,431678.63219059154,0.4436102240137575,1,1,1,1.295998922825527e+22,0.0001474164179669476,1.5920929064263061e+21,4843926412128601.0
18118.11811811812,2333.3813309706643,0.050000069605874845,280.0,1.5001377812315023e+20,7.1662178139172585e-22,431559.481488989,0.44281915697404595,1,1,1,1.2959947452907539e+22,0.00014741646548537476,1.5880802566740354e+21,4842628523352718.0
18218.21821821822,2330.8033272743696,0.050000071423647166,280.0,1.4926483421026484e+20,7.164237628701103e-22,431440.23201495316,0.4420293494914828,1,1,1,1.2959905761110555e+22,0.00014741651290893298,1.584070653066151e+21,4841324471895637.0
18318.31831831832,2328.225323578075,0.050000073288891,280.0,1.4851962940049162e+20,7.162255800153184e-22,431320.88357722096,0.44124079830571666,1,1,1,1.295986415269722e+22,0.00014741656023781131,1.580064108028169e+21,4840014230257550.0
18418.41841841842,2325.6473198817803,0.05000007520284607,280.0,1.4777814502635513e+20,7.160272325087812e-22,431201.43598394573,0.44045350015337664,1,1,1,1.2959822627500768e+22,0.0001474166074721985,1.5760606339494235e+21,4838697770833686.0
18518.51851851852,2323.0693161854856,0.05000007716678448,280.0,1.4704036251357738e+20,7.158287200309596e-22,431081.88904269674,0.43966745176801003,1,1,1,1.2959781185354767e+22,0.00014741665461228282,1.5720602431831736e+21,4837375065914092.0
18618.61861861862,2320.491312489191,0.050000079182011554,280.0,1.4630626338061238e+20,7.156300422613382e-22,430962.24256045517,0.4388826498800186,1,1,1,1.2959739826093118e+22,0.00014741670165825224,1.5680629480467116e+21,4836046087683425.0
18718.71871871872,2317.9133087928963,0.05000008124986671,280.0,1.455758292381834e+20,7.154311988784219e-22,430842.49634361226,0.4380990912165947,1,1,1,1.2959698549550055e+22,0.0001474167486102943,1.5640687608214753e+21,4834710808220735.0
18818.81881881882,2315.3353050966016,0.050000083371724346,280.0,1.4484904178882204e+20,7.152321895597323e-22,430722.65019796713,0.43731677250165724,1,1,1,1.2959657355560142e+22,0.0001474167954685962,1.560077693753159e+21,4833369199499259.0
18918.91891891892,2312.757301400307,0.05000008554899474,280.0,1.4412588282641018e+20,7.150330139818028e-22,430602.7039287237,0.43653569045578716,1,1,1,1.2959616243958276e+22,0.00014741684223334474,1.5560897590518297e+21,4832021233386211.0
19019.01901901902,2310.1792977040122,0.05000008778312501,280.0,1.4340633423572368e+20,7.148336718201752e-22,430482.65734048875,0.43575584179616256,1,1,1,1.2959575214579681e+22,0.00014741688890472645,1.552104968892042e+21,4830666881642577.0
19119.11911911912,2307.6012940077176,0.050000090075600065,280.0,1.4269037799197861e+20,7.1463416274939485e-22,430362.5102372691,0.434977223236493,1,1,1,1.2959534267259916e+22,0.00014741693548292735,1.5481233354129573e+21,4829306115922909.0
19219.21921921922,2305.023290311423,0.05000009242794358,280.0,1.4197799616037996e+20,7.144344864430066e-22,430242.262422469,0.43419983148695485,1,1,1,1.2959493401834863e+22,0.00014741698196813315,1.5441448707184649e+21,4827938907775123.0
19319.319319319322,2302.445286615128,0.05000009484171905,280.0,1.4126917089567197e+20,7.142346425735519e-22,430121.91369888827,0.433423663254124,1,1,1,1.2959452618140737e+22,0.00014741702836052923,1.540169586877302e+21,4826565228640301.0
19419.41941941942,2299.8672829188336,0.05000009731853077,280.0,1.4056388444169155e+20,7.14034630812562e-22,430001.4638687186,0.432648715240911,1,1,1,1.2959411916014078e+22,0.00014741707466030054,1.5361974959231795e+21,4825185049852491.0
19519.51951951952,2297.289279222539,0.05000009986002495,280.0,1.3986211913092322e+20,7.138344508305563e-22,429880.91273354227,0.43187498414649295,1,1,1,1.2959371295291754e+22,0.0001474171208676317,1.532228609854907e+21,4823798342638510.0
19619.61961961962,2294.711275526244,0.050000102467890786,280.0,1.391638573840564e+20,7.136341022970362e-22,429760.26009432843,0.43110246666624763,1,1,1,1.295933075581096e+22,0.0001474171669827069,1.528262940636521e+21,4822405078117751.0
19719.71971971972,2292.1332718299495,0.050000105143861585,280.0,1.3846908170954552e+20,7.134335848804825e-22,429639.50575143175,0.4303311594916854,1,1,1,1.2959290297409214e+22,0.0001474172130057101,1.5243005001974135e+21,4821005227301991.0
19819.819819819822,2289.555268133655,0.05000010788971592,280.0,1.3777777470317134e+20,7.132328982483492e-22,429518.6495045884,0.42956105931038124,1,1,1,1.295924991992436e+22,0.00014741725893682476,1.5203413004324645e+21,4819598761095200.0
19919.91991991992,2286.97726443736,0.05000011070727882,280.0,1.3708991904760532e+20,7.1303204206706095e-22,429397.6911529147,0.4287921628059075,1,1,1,1.295920962319457e+22,0.00014741730477623404,1.5163853532021753e+21,4818185650293356.0
20020.02002002002,2284.3992607410655,0.05000011359842296,280.0,1.3640549751197563e+20,7.128310160020072e-22,429276.6304949036,0.42802446665776445,1,1,1,1.2959169407058333e+22,0.0001474173505241207,1.5124326703328023e+21,4816765865584255.0
20120.120120120122,2281.821257044771,0.05000011656506994,280.0,1.3572449295143566e+20,7.126298197175396e-22,429155.46732842305,0.4272579675413116,1,1,1,1.295912927135447e+22,0.00014741739618066719,1.5084832636164954e+21,4815339377547333.0
20220.22022022022,2279.243253348476,0.050000119609191526,280.0,1.3504688830673438e+20,7.12428452876965e-22,429034.2014507119,0.426492662127699,1,1,1,1.2959089215922114e+22,0.00014741744174605554,1.5045371448114366e+21,4813906156653482.0
20320.320320320323,2276.6652496521815,0.05000012273281098,280.0,1.343726666037891e+20,7.122269151425439e-22,428912.8326583786,0.4257285470837968,1,1,1,1.2959049240600728e+22,0.00014741748722046745,1.5005943256419795e+21,4812466173264872.0
20420.42042042042,2274.087245955887,0.05000012593800441,280.0,1.3370181095326034e+20,7.120252061754838e-22,428791.36074739776,0.42496561907212616,1,1,1,1.2959009345230093e+22,0.00014741753260408426,1.4966548177987932e+21,4811019397634777.0
20520.52052052052,2271.509242259592,0.05000012922690214,280.0,1.3303430455012853e+20,7.118233256359356e-22,428669.78551310755,0.42420387475078786,1,1,1,1.295896952965031e+22,0.00014741757789708693,1.492718632939006e+21,4809565799907397.0
20620.620620620623,2268.9312385632975,0.05000013260169011,280.0,1.3237013067327324e+20,7.116212731829899e-22,428548.1067502077,0.42344331077339226,1,1,1,1.2958929793701802e+22,0.00014741762309965607,1.4887857826863508e+21,4808105350117692.0
20720.72072072072,2266.353234867003,0.05000013606461137,280.0,1.3170927268505426e+20,7.114190484746704e-22,428426.3242527554,0.4226839237889882,1,1,1,1.2958890137225307e+22,0.00014741766821197195,1.484856278631315e+21,4806638018191210.0
20820.820820820823,2263.775231170708,0.050000139617967544,280.0,1.3105171403089481e+20,7.112166511679318e-22,428304.437814164,0.4219257104419914,1,1,1,1.2958850560061887e+22,0.0001474177132342145,1.4809301323312875e+21,4805163773943921.0
20920.920920920922,2261.1972274744135,0.050000143264120354,280.0,1.3039743823886682e+20,7.110140809186526e-22,428182.44722719875,0.4211686673721124,1,1,1,1.2958811062052919e+22,0.0001474177581665632,1.4770073553107136e+21,4803682587082056.0
21021.02102102102,2258.619223778119,0.0500001470054932,280.0,1.2974642891927834e+20,7.10811337381634e-22,428060.3522839763,0.42041279121428443,1,1,1,1.29587716430401e+22,0.00014741780300919725,1.4730879590612452e+21,4802194427201943.0
21121.121121121123,2256.041220081824,0.050000150844572766,280.0,1.2909866976426299e+20,7.106084202105906e-22,427938.15277595876,0.4196580785985913,1,1,1,1.2958732302865438e+22,0.00014741784776229545,1.4691719550418975e+21,4800699263789852.0
21221.22122122122,2253.4632163855294,0.0500001547839107,280.0,1.2845414454737143e+20,7.104053290581506e-22,427815.8484939541,0.41890452615019375,1,1,1,1.295869304137126e+22,0.0001474178924260363,1.4652593546792067e+21,4799197066221837.0
21321.321321321324,2250.885212689235,0.050000158826125254,280.0,1.2781283712316485e+20,7.102020635758475e-22,427693.439228111,0.4181521304892567,1,1,1,1.2958653858400214e+22,0.00014741793700059796,1.4613501693673873e+21,4797687803763584.0
21421.421421421423,2248.30720899294,0.05000016297390307,280.0,1.2717473142681058e+20,7.099986234141174e-22,427570.9247679173,0.41740088823087523,1,1,1,1.2958614753795253e+22,0.00014741798148615814,1.4574444104684937e+21,4796171445570262.0
21521.521521521525,2245.7292052966454,0.05000016723000097,280.0,1.2653981147367966e+20,7.097950082222939e-22,427448.30490219686,0.41665079598500054,1,1,1,1.295857572739965e+22,0.00014741802588289423,1.4535420893125817e+21,4794647960686375.0
21621.621621621623,2243.1512016003508,0.05000017159724773,280.0,1.2590806135894634e+20,7.095912176486019e-22,427325.5794191058,0.4159018503563655,1,1,1,1.2958536779056992e+22,0.0001474180701909833,1.4496432171978738e+21,4793117318045618.0
21721.721721721722,2240.573197904056,0.05000017607854605,280.0,1.252794652571898e+20,7.093872513401555e-22,427202.74810613145,0.4151540479444103,1,1,1,1.2958497908611176e+22,0.00014741811441060208,1.445747805390924e+21,4791579486470737.0
21821.821821821824,2237.9951942077614,0.05000018067687439,280.0,1.246540074219976e+20,7.091831089429508e-22,427079.8107500878,0.4144073853432065,1,1,1,1.2958459115906414e+22,0.00014741815854192692,1.441855865126786e+21,4790034434673388.0
21921.921921921923,2235.4171905114667,0.05000018539528902,280.0,1.2403167218557126e+20,7.089787901018628e-22,426956.7671371137,0.41366185914138187,1,1,1,1.2958420400787228e+22,0.0001474182025851338,1.4379674076091827e+21,4788482131254006.0
22022.022022022025,2232.839186815172,0.05000019023692601,280.0,1.2341244395833387e+20,7.087742944606383e-22,426833.6170526686,0.4129174659220451,1,1,1,1.2958381763098451e+22,0.00014741824654039836,1.4340824440106776e+21,4786922544701670.0
22122.122122122124,2230.2611831188774,0.050000195205003345,280.0,1.2279630722853947e+20,7.085696216618941e-22,426710.3602815314,0.412174202262708,1,1,1,1.2958343202685229e+22,0.00014741829040789596,1.4302009854728473e+21,4785355643393974.0
22222.222222222223,2227.6831794225827,0.05000020030282304,280.0,1.2218324656188444e+20,7.083647713471096e-22,426586.99660779606,0.4114320647352105,1,1,1,1.2958304719393014e+22,0.0001474183341878015,1.4263230431064566e+21,4783781395596902.0
22322.322322322325,2225.105175726288,0.05000020553377332,280.0,1.2157324660112099e+20,7.081597431566231e-22,426463.5258148693,0.4106910499056425,1,1,1,1.295826631306757e+22,0.0001474183778802896,1.422448627991635e+21,4782199769464705.0
22422.422422422424,2222.5271720299934,0.05000021090133095,280.0,1.2096629206567238e+20,7.079545367296258e-22,426339.94768546725,0.40995115433426704,1,1,1,1.2958227983554966e+22,0.00014741842148553453,1.418577751178055e+21,4780610733039782.0
22522.522522522526,2219.9491683336987,0.05000021640906343,280.0,1.203623677512502e+20,7.077491517041583e-22,426216.2620016129,0.40921237457544235,1,1,1,1.2958189730701584e+22,0.00014741846500371022,1.4147104236851115e+21,4779014254252565.0
22622.622622622624,2217.371164637404,0.05000022206063146,280.0,1.1976145852947348e+20,7.07543587717104e-22,426092.4685446325,0.40847470717754397,1,1,1,1.295815155435411e+22,0.0001474185084349902,1.4108466565021049e+21,4777410300921404.0
22722.722722722723,2214.7931609411094,0.05000022785979134,280.0,1.191635493474896e+20,7.073378444041859e-22,425968.5670951534,0.4077381486828855,1,1,1,1.2958113454359539e+22,0.00014741855177954772,1.406986460588423e+21,4775798840752460.0
22822.822822822825,2212.2151572448147,0.05000023381039745,280.0,1.1856862522759738e+20,7.0713192139995925e-22,425844.55743309966,0.407002695627641,1,1,1,1.295807543056517e+22,0.00014741859503755565,1.403129846873727e+21,4774179841339598.0
22922.922922922924,2209.63715354852,0.050000239916404836,280.0,1.1797667126687185e+20,7.069258183378082e-22,425720.4393376903,0.4062683445417649,1,1,1,1.2958037482818608e+22,0.00014741863820918655,1.3992768262581387e+21,4772553270164284.0
23023.023023023026,2207.0591498522253,0.05000024618187184,280.0,1.1738767263679087e+20,7.0671953484994e-22,425596.21258743544,0.40553509194891263,1,1,1,1.2957999610967762e+22,0.00014741868129461257,1.3954274096124288e+21,4770919094595488.0
23123.123123123125,2204.4811461559307,0.050000252610962775,280.0,1.1680161458286377e+20,7.065130705673804e-22,425471.8769601337,0.4048029343663607,1,1,1,1.295796181486085e+22,0.00014741872429400554,1.3915816077782071e+21,4769277281889588.0
23223.223223223224,2201.903142459636,0.05000025920795071,280.0,1.1621848242426159e+20,7.063064251199674e-22,425347.43223286845,0.4040718683049265,1,1,1,1.2957924094346388e+22,0.00014741876720753705,1.387739431568115e+21,4767627799190279.0
23323.323323323326,2199.3251387633413,0.05000026597722031,280.0,1.1563826155344947e+20,7.060995981363468e-22,425222.87818200514,0.4033418902688876,1,1,1,1.2957886449273199e+22,0.00014741881003537823,1.3839008917660188e+21,4765970613528484.0
23423.423423423425,2196.7471350670467,0.05000027292327073,280.0,1.150609374358207e+20,7.058925892439671e-22,425098.21458318806,0.4026129967559009,1,1,1,1.2957848879490404e+22,0.00014741885277769985,1.380065999127206e+21,4764305691822273.0
23523.523523523527,2194.169131370752,0.050000280050718646,280.0,1.1448649560933258e+20,7.056853980690737e-22,424973.4412113371,0.40188518425692105,1,1,1,1.2957811384847432e+22,0.00014741889543467247,1.376234764378581e+21,4762633000876778.0
23623.623623623625,2191.5911276744573,0.05000028736430129,280.0,1.1391492168414421e+20,7.054780242367041e-22,424848.5578406447,0.40115844925611893,1,1,1,1.295777396519401e+22,0.0001474189380064662,1.372407198218866e+21,4760952507384121.0
23723.723723723724,2189.0131239781626,0.05000029486887959,280.0,1.1334620134225587e+20,7.052704673706818e-22,424723.56424457213,0.4004327882307994,1,1,1,1.2957736620380163e+22,0.00014741898049325087,1.3685833113188004e+21,4759264177923340.0
23823.823823823826,2186.435120281868,0.05000030256944144,280.0,1.1278032033715062e+20,7.050627270936119e-22,424598.4601958471,0.39970819765131926,1,1,1,1.2957699350256222e+22,0.00014741902289519597,1.3647631143213424e+21,4757567978960320.0
23923.923923923925,2183.8571165855733,0.05000031047110499,280.0,1.1221726449343717e+20,7.048548030268751e-22,424473.2454664598,0.3989846739810042,1,1,1,1.2957662154672812e+22,0.0001474190652124706,1.3609466178418746e+21,4755863876847730.0
24024.024024024027,2181.2791128892786,0.05000031857912204,280.0,1.1165701970649486e+20,7.046466947906225e-22,424347.91982766,0.3982622136760657,1,1,1,1.295762503348086e+22,0.00014741910744524357,1.3571338324684086e+21,4754151837824962.0
24124.124124124126,2178.701109192984,0.05000032689888154,280.0,1.110995719421205e+20,7.044384020037702e-22,424222.48304995376,0.39754081318551804,1,1,1,1.2957587986531593e+22,0.00014741914959368337,1.3533247687617924e+21,4752431828018074.0
24224.224224224225,2176.1231054966893,0.0500003354359132,280.0,1.1054490723617651e+20,7.042299242839934e-22,424096.93490309984,0.396820468951094,1,1,1,1.2957551013676532e+22,0.00014741919165795804,1.3495194372559193e+21,4750703813439740.0
24324.324324324327,2173.5451018003946,0.05000034419589112,280.0,1.0999301169424135e+20,7.04021261247721e-22,423971.27515610645,0.39610117740716116,1,1,1,1.2957514114767497e+22,0.00014741923363823547,1.3457178484579385e+21,4748967759989200.0
24424.424424424426,2170.9670981041,0.05000035318463756,280.0,1.0944387149126145e+20,7.038124125101309e-22,423845.50357722846,0.39538293498063715,1,1,1,1.2957477289656603e+22,0.00014741927553468305,1.3419200128484678e+21,4747223633452219.0
24524.524524524528,2168.3890944078053,0.05000036240812687,280.0,1.0889747287120465e+20,7.036033776851436e-22,423719.6199339634,0.39466573809090505,1,1,1,1.2957440538196264e+22,0.000147419317347468,1.3381259408818069e+21,4745471399501046.0
24624.624624624626,2165.8110907115106,0.05000037187248939,280.0,1.0835380214671604e+20,7.033941563854163e-22,423593.62399304827,0.39394958314972855,1,1,1,1.2957403860239185e+22,0.00014741935907675702,1.3343356429861535e+21,4743711023694380.0
24724.724724724725,2163.233087015216,0.05000038158401557,280.0,1.0781284569877461e+20,7.031847482223378e-22,423467.5155204559,0.3932344665611658,1,1,1,1.2957367255638372e+22,0.0001474194007227166,1.33054912956382e+21,4741942471477341.0
24824.824824824827,2160.6550833189212,0.050000391549160125,280.0,1.0727458997635246e+20,7.029751528060232e-22,423341.29428139236,0.39252038472148454,1,1,1,1.295733072424712e+22,0.0001474194422855129,1.3267664109914523e+21,4740165708181443.0
24924.924924924926,2158.0770796226266,0.05000040177454635,280.0,1.0673902149607522e+20,7.0276536974530745e-22,423214.9600402926,0.3918073340190758,1,1,1,1.2957294265919018e+22,0.00014741948376531167,1.322987497620251e+21,4738380699024573.0
25025.02502502503,2155.499075926332,0.050000412266970495,280.0,1.0620612684188413e+20,7.025553986477403e-22,423088.5125608177,0.39109531083436705,1,1,1,1.295725788050795e+22,0.00014741952516227844,1.3192123997761925e+21,4736587409110976.0
25125.125125125127,2152.921072230037,0.0500004230334063,280.0,1.0567589266470035e+20,7.023452391195791e-22,422961.9516058506,0.3903843115397362,1,1,1,1.2957221567868088e+22,0.00014741956647657832,1.3154411277602534e+21,4734785803431242.0
25225.225225225226,2150.3430685337426,0.050000434081009626,280.0,1.0514830568209012e+20,7.021348907657851e-22,422835.2769374933,0.3896743324994238,1,1,1,1.2957185327853906e+22,0.00014741960770837614,1.3116736918486353e+21,4732975846862301.0
25325.325325325328,2147.765064837448,0.05000044541712321,280.0,1.0462335267793224e+20,7.019243531900159e-22,422708.4883170631,0.3889653700694467,1,1,1,1.295714916032016e+22,0.00014741964885783634,1.3079101022929918e+21,4731157504167418.0
25425.425425425427,2145.187061141153,0.050000457049281535,280.0,1.0410102050208724e+20,7.01713625994621e-22,422581.5855050893,0.38825742059750995,1,1,1,1.2957113065121897e+22,0.00014741968992512314,1.3041503693206575e+21,4729330739996200.0
25525.52552552553,2142.6090574448585,0.050000468985215867,280.0,1.0358129607006744e+20,7.015027087806343e-22,422454.5682613091,0.38755048042291873,1,1,1,1.295707704211446e+22,0.00014741973091040035,1.300394503134877e+21,4727495518884600.0
25625.625625625627,2140.031053748564,0.05000048123285936,280.0,1.0306416636270969e+20,7.012916011477688e-22,422327.4363446643,0.38684454587649075,1,1,1,1.2957041091153477e+22,0.00014741977181383144,1.296642513915038e+21,4725651805254932.0
25725.725725725726,2137.453050052269,0.050000493800352354,280.0,1.025496184258489e+20,7.010803026944123e-22,422200.1895132983,0.38613961328046714,1,1,1,1.2957005212094868e+22,0.00014741981263557966,1.2928944118169029e+21,4723799563415890.0
25825.82582582583,2134.8750463559745,0.05000050669604776,280.0,1.0203763936999368e+20,7.008688130176183e-22,422072.82752455125,0.38543567894842395,1,1,1,1.295696940479484e+22,0.0001474198533758078,1.2891502069728448e+21,4721938757562569.0
25925.925925925927,2132.29704265968,0.050000519928516646,280.0,1.0152821637000357e+20,7.006571317131029e-22,421945.3501349579,0.3847327391851836,1,1,1,1.2956933669109883e+22,0.00014741989403467846,1.2854099094920844e+21,4720069351776495.0
26026.02602602603,2129.719038963385,0.050000533506553896,280.0,1.010213366647674e+20,7.004452583752358e-22,421817.75710024196,0.3840307902867249,1,1,1,1.2956898004896783e+22,0.00014741993461235374,1.2816735294609257e+21,4718191310025657.0
26126.126126126128,2127.1410352670905,0.05000054743918408,280.0,1.0051698755688404e+20,7.002331925970377e-22,421690.0481753151,0.38332982854009356,1,1,1,1.2956862412012606e+22,0.00014741997510899564,1.2779410769429977e+21,4716304596164549.0
26226.226226226227,2124.563031570796,0.05000056173566744,280.0,1.0001515641234407e+20,7.000209339701708e-22,421562.2231142706,0.3826298502233129,1,1,1,1.2956826890314709e+22,0.00014742001552476569,1.2742125619794946e+21,4714409173934212.0
26326.32632632633,2121.985027874501,0.05000057640550607,280.0,9.951583066021339e+19,6.998084820849349e-22,421434.28167038126,0.38193085160529344,1,1,1,1.2956791439660732e+22,0.00014742005585982512,1.270487994589418e+21,4712505006962285.0
26426.426426426427,2119.4070241782065,0.05000059145845019,280.0,9.901899779231832e+19,6.995958365302601e-22,421306.2235960953,0.3812328289457424,1,1,1,1.2956756059908599e+22,0.00014742009611433483,1.2667673847698222e+21,4710592058763061.0
26526.52652652653,2116.829020481912,0.05000060690450465,280.0,9.852464536293219e+19,6.9938299689370055e-22,421178.04864303215,0.3805357784950731,1,1,1,1.2956720750916522e+22,0.00014742013628845545,1.2630507424960581e+21,4708670292737547.0
26626.62662662663,2114.251016785617,0.05000062275393559,280.0,9.80327609884637e+19,6.991699627614293e-22,421049.7565619794,0.3798396964943145,1,1,1,1.2956685512542993e+22,0.00014742017638234723,1.2593380777220222e+21,4706739672173532.0
26726.726726726727,2111.6730130893225,0.05000063901727724,280.0,9.754333234714662e+19,6.989567337182299e-22,420921.34710288816,0.3791445791750202,1,1,1,1.295665034464679e+22,0.00014742021639617018,1.255629400380404e+21,4704800160245659.0
26826.82682682683,2109.095009393028,0.050000655705338945,280.0,9.705634717873108e+19,6.987433093474924e-22,420792.8200148701,0.3784504227591764,1,1,1,1.295661524708697e+22,0.00014742025633008392,1.2519247203829364e+21,4702851720015504.0
26926.926926926928,2106.517005696733,0.05000067282921231,280.0,9.657179328417661e+19,6.985296892312048e-22,420664.1750461927,0.37775722345911134,1,1,1,1.295658021972288e+22,0.00014742029618424778,1.248224047620648e+21,4700894314431660.0
27027.02702702703,2103.9390020004384,0.05000069040027863,280.0,9.608965852534641e+19,6.983158729499486e-22,420535.4119442763,0.377064977477403,1,1,1,1.295654526241414e+22,0.00014742033595882076,1.2445273919641158e+21,4698927906329828.0
27127.12712712713,2101.360998304144,0.050000708430216395,280.0,9.560993082470338e+19,6.981018600828908e-22,420406.53045568964,0.3763736810067872,1,1,1,1.2956510375020656e+22,0.00014742037565396155,1.2408347632637195e+21,4696952458432913.0
27227.227227227228,2098.782994607849,0.05000072693100911,280.0,9.513259816500748e+19,6.978876502077781e-22,420277.53032614576,0.37568333023006584,1,1,1,1.2956475557402615e+22,0.00014742041526982856,1.2371461713498986e+21,4694967933351127.0
27327.32732732733,2096.2049909115544,0.0500007459149532,280.0,9.465764858901476e+19,6.976732429009297e-22,420148.41130049847,0.3749939213200143,1,1,1,1.2956440809420481e+22,0.0001474204548065798,1.2334616260334088e+21,4692974293582097.0
27427.42742742743,2093.6269872152598,0.050000765394666226,280.0,9.418507019917789e+19,6.974586377372323e-22,420019.1731227386,0.374305450439289,1,1,1,1.2956406130935e+22,0.00014742049426437305,1.2297811371055823e+21,4690971501510980.0
27527.52752752753,2091.048983518965,0.050000785383095256,280.0,9.371485115734791e+19,6.972438342901316e-22,419889.81553598924,0.37361791374033454,1,1,1,1.2956371521807193e+22,0.00014742053364336577,1.226104714338587e+21,4688959519410586.0
27627.62762762763,2088.4709798226704,0.05000080589352547,280.0,9.324697968447801e+19,6.97028832131626e-22,419760.3382825021,0.37293130736529134,1,1,1,1.2956336981898366e+22,0.00014742057294371498,1.2224323674856898e+21,4686938309441504.0
27727.727727727728,2085.8929761263757,0.050000826939588995,280.0,9.278144406032818e+19,6.968136308322619e-22,419630.7411036542,0.37224562744590206,1,1,1,1.2956302511070096e+22,0.00014742061216557758,1.2187641062815186e+21,4684907833652238.0
27827.82782782783,2083.314972430081,0.05000084853527395,280.0,9.231823262317167e+19,6.9659822996112425e-22,419501.0237399426,0.37156087010341904,1,1,1,1.2956268109184243e+22,0.00014742065130911005,1.2150999404423285e+21,4682868053979346.0
27927.92792792793,2080.7369687337864,0.05000087069493377,280.0,9.185733376950305e+19,6.963826290858306e-22,419371.18593098066,0.37087703144851025,1,1,1,1.2956233776102937e+22,0.00014742069037446855,1.211439879666267e+21,4680818932247588.0
28028.02802802803,2078.1589650374917,0.05000089343329671,280.0,9.139873595374723e+19,6.961668277725254e-22,419241.2274154946,0.3701941075811666,1,1,1,1.2956199511688592e+22,0.00014742072936180893,1.2077839336336418e+21,4678760430170082.0
28128.12812812813,2075.580961341197,0.050000916765475675,280.0,9.094242768797057e+19,6.959508255858722e-22,419111.1479313189,0.36951209459060813,1,1,1,1.2956165315803893e+22,0.0001474207682712868,1.2041321120071905e+21,4676692509348463.0
28228.22822822823,2073.0029576449024,0.05000094070697823,280.0,9.048839754159289e+19,6.957346220890468e-22,418980.94721539185,0.3688309885551898,1,1,1,1.29561311883118e+22,0.0001474208071030574,1.20048442443235e+21,4674615131273051.0
28328.32832832833,2070.4249539486077,0.05000096527371691,280.0,9.003663414110113e+19,6.955182168437299e-22,418850.6250037518,0.36815078554230857,1,1,1,1.295609712907555e+22,0.00014742084585727563,1.196840880537529e+21,4672528257323028.0
28428.42842842843,2067.846950252313,0.050000990482019836,280.0,8.958712616976458e+19,6.953016094101014e-22,418720.18103153276,0.3674714816083089,1,1,1,1.2956063137958652e+22,0.00014742088453409616,1.1932014899343815e+21,4670431848766617.0
28528.52852852853,2065.2689465560184,0.050001016348641514,280.0,8.913986236735131e+19,6.950847993468323e-22,418589.61503296054,0.36679307279838913,1,1,1,1.295602921482489e+22,0.00014742092313367334,1.18956626221808e+21,4668325866761274.0
28628.62862862863,2062.6909428597237,0.050001042890774,280.0,8.869483152984608e+19,6.948677862110775e-22,418458.9267413477,0.3661155551465074,1,1,1,1.2955995359538315e+22,0.0001474209616561611,1.1859352069675934e+21,4666210272353882.0
28728.72872872873,2060.112939163429,0.05000107012605832,280.0,8.825202250916972e+19,6.946505695584698e-22,418328.1158890902,0.36543892467528716,1,1,1,1.2955961571963262e+22,0.00014742100010171327,1.182308333745962e+21,4664085026480955.0
28828.82882882883,2057.5349354671343,0.05000109807259619,280.0,8.781142421289984e+19,6.944331489431119e-22,418197.18220766255,0.3647631773959235,1,1,1,1.2955927851964329e+22,0.00014742103847048313,1.1786856521005775e+21,4661950089968850.0
28928.92892892893,2054.9569317708397,0.05000112674896206,280.0,8.7373025603993e+19,6.9421552391756885e-22,418066.1254276132,0.3640883093080885,1,1,1,1.2955894199406385e+22,0.00014742107676262388,1.1750671715634631e+21,4659805423533984.0
29029.029029029032,2052.378928074545,0.050001156174215446,280.0,8.693681570050818e+19,6.939976940328621e-22,417934.9452785612,0.36341431639983773,1,1,1,1.2955860614154576e+22,0.00014742111497828827,1.1714529016515535e+21,4657650987783060.0
29129.12912912913,2049.8009243782503,0.050001186367913605,280.0,8.650278357533177e+19,6.9377965883846075e-22,417803.64148919075,0.362741194647515,1,1,1,1.2955827096074314e+22,0.00014742115311762878,1.1678428518669783e+21,4655486743213301.0
29229.22922922923,2047.2229206819557,0.05000121735012453,280.0,8.607091835590373e+19,6.935614178822755e-22,417672.21378724725,0.362068940015659,1,1,1,1.295579364503128e+22,0.0001474211911807976,1.1642370316973457e+21,4653312650212692.0
29329.32932932933,2044.6449169856608,0.050001249141440274,280.0,8.564120922394524e+19,6.933429707106505e-22,417540.661899533,0.36139754845690825,1,1,1,1.2955760260891428e+22,0.00014742122916794662,1.160635450616027e+21,4651128669060228.0
29429.42942942943,2042.066913289366,0.050001281762990665,280.0,8.521364541518786e+19,6.931243168683562e-22,417408.98555190256,0.36072701591190764,1,1,1,1.2955726943520977e+22,0.0001474212670792274,1.157038118082444e+21,4648934759926170.0
29529.529529529533,2039.4889095930712,0.050001315236457344,280.0,8.478821621910369e+19,6.929054558985818e-22,417277.18446925806,0.3600573383092136,1,1,1,1.2955693692786416e+22,0.00014742130491479126,1.1534450435423553e+21,4646730882872311.0
29629.62962962963,2036.9109058967765,0.050001349584088146,280.0,8.436491097863719e+19,6.926863873429277e-22,417145.25837554515,0.3593885115652005,1,1,1,1.2955660508554502e+22,0.0001474213426747891,1.1498562364281465e+21,4644516997852248.0
29729.72972972973,2034.3329022004818,0.050001384828711914,280.0,8.394371908993817e+19,6.924671107413989e-22,417013.2069937484,0.3587205315839661,1,1,1,1.2955627390692258e+22,0.0001474213803593717,1.1462717061591188e+21,4642293064711664.0
29829.829829829832,2031.754898504187,0.05000142099375366,280.0,8.35246300020961e+19,6.922476256323951e-22,416881.0300458857,0.3580533942572376,1,1,1,1.2955594339066975e+22,0.00014742141796868935,1.1426914621417816e+21,4640059043188617.0
29929.92992992993,2029.1768948078923,0.05000145810325014,280.0,8.3107633216876e+19,6.920279315527057e-22,416748.7272530055,0.3573870954642779,1,1,1,1.295556135354621e+22,0.00014742145550289217,1.1391155137701444e+21,4637814892913836.0
30030.030030030033,2026.5988911115974,0.050001496181865834,280.0,8.269271828845527e+19,6.918080280375008e-22,416616.2983351806,0.3567216310717914,1,1,1,1.2955528433997783e+22,0.00014742149296212987,1.1355438704260104e+21,4635560573411029.0
30130.130130130132,2024.0208874153027,0.05000153525490932,280.0,8.227987482316207e+19,6.915879146203235e-22,416483.7430115044,0.35605699693383114,1,1,1,1.295549558028978e+22,0.000147421530346552,1.1319765414792715e+21,4633296044097197.0
30230.230230230234,2021.4428837190078,0.05000157534835011,280.0,8.186909247921503e+19,6.913675908330819e-22,416351.0610000855,0.355393188891704,1,1,1,1.2955462792290557e+22,0.00014742156765630768,1.1284135362882045e+21,4631021264282954.0
30330.330330330333,2018.8648800227131,0.0500016164888359,280.0,8.14603609664641e+19,6.911470562060424e-22,416218.2520180438,0.3547302027738783,1,1,1,1.2955430069868727e+22,0.00014742160489154585,1.1248548641997683e+21,4628736193172863.0
30430.43043043043,2016.2868763264185,0.05000165870371031,280.0,8.105367004613278e+19,6.909263102678203e-22,416085.315781505,0.3540680343958898,1,1,1,1.295539741289317e+22,0.00014742164205241507,1.1213005345499019e+21,4626440789865774.0
30530.530530530534,2013.7088726301236,0.05000170202103099,280.0,8.064900953056174e+19,6.907053525453732e-22,415952.25200559647,0.353406679560249,1,1,1,1.2955364821233029e+22,0.00014742167913906357,1.1177505566638237e+21,4624135013355173.0
30630.630630630632,2011.1308689338289,0.050001746469588354,280.0,8.024636928295353e+19,6.904841825639923e-22,415819.06040444213,0.35274613405634864,1,1,1,1.2955332294757709e+22,0.0001474217161516394,1.1142049398563334e+21,4621818822529542.0
30730.730730730735,2008.552865237534,0.050001792078924655,280.0,7.984573921711861e+19,6.902627998472949e-22,415685.74069115764,0.35208639366036987,1,1,1,1.2955299833336876e+22,0.00014742175309029028,1.1106636934321116e+21,4619492176172723.0
30830.830830830833,2005.9748615412393,0.05000183887935362,280.0,7.944710929722283e+19,6.9004120391721565e-22,415552.29257784557,0.3514274541351908,1,1,1,1.295526743684046e+22,0.00014742178995516352,1.1071268266860246e+21,4617155032964299.0
30930.930930930932,2003.3968578449446,0.05000188690198064,280.0,7.905046953753589e+19,6.89819394293998e-22,415418.71577558987,0.3507693112302945,1,1,1,1.2955235105138647e+22,0.0001474218267464063,1.103594348903427e+21,4614807351479975.0
31031.031031031034,2000.8188541486497,0.05000193617872339,280.0,7.86558100021813e+19,6.895973704961889e-22,415285.00999445294,0.35011196068167566,1,1,1,1.2955202838101892e+22,0.00014742186346416544,1.1000662693604664e+21,4612449090191977.0
31131.131131131133,1998.240850452355,0.05000198674233309,280.0,7.826312080488741e+19,6.893751320406268e-22,415151.1749434683,0.3494553982117508,1,1,1,1.2955170635600902e+22,0.00014742190010858737,1.0965425973243907e+21,4610080207469453.0
31231.231231231235,1995.6628467560602,0.05000203862641624,280.0,7.787239210873979e+19,6.891526784424356e-22,415017.21033063676,0.3487996195292658,1,1,1,1.2955138497506649e+22,0.00014742193667981844,1.0930233420538532e+21,4607700661578888.0
31331.331331331334,1993.0848430597655,0.05000209186545695,280.0,7.748361412593485e+19,6.889300092150165e-22,414883.115862922,0.34814462032920507,1,1,1,1.295510642369036e+22,0.0001474219731780045,1.0895085127992224e+21,4605310410684529.0
31431.431431431432,1990.5068393634708,0.0500021464948399,280.0,7.70967771175346e+19,6.887071238700379e-22,414748.89124624396,0.3474903962927011,1,1,1,1.2955074414023522e+22,0.0001474220096032912,1.0859981188028894e+21,4602909412848817.0
31531.531531531535,1987.928835667176,0.05000220255087382,280.0,7.671187139322267e+19,6.884840219174286e-22,414614.536185475,0.3468369430869442,1,1,1,1.2955042468377882e+22,0.00014742204595582392,1.0824921692995783e+21,4600497626032830.0
31631.631631631633,1985.3508319708812,0.05000226007081562,280.0,7.632888731106166e+19,6.882607028653694e-22,414480.0503844349,0.3461842563650926,1,1,1,1.2955010586625442e+22,0.00014742208223574772,1.0789906735166579e+21,4598075008096737.0
31731.731731731736,1982.7728282745863,0.05000231909289517,280.0,7.59478152772515e+19,6.880371662202829e-22,414345.4335458844,0.34553233176618287,1,1,1,1.2954978768638462e+22,0.00014742211844320734,1.075493640674452e+21,4595641516800259.0
31831.831831831834,1980.1948245782917,0.050002379656340704,280.0,7.556864574588921e+19,6.878134114868268e-22,414210.6853715218,0.344881164915041,1,1,1,1.295494701428946e+22,0.00014742215457834733,1.0720010799865536e+21,4593197109803144.0
31931.931931931933,1977.616820881997,0.05000244180140488,280.0,7.519136921872972e+19,6.87589438167884e-22,414075.8055619762,0.34423075142219384,1,1,1,1.2954915323451206e+22,0.00014742219064131182,1.068513000660137e+21,4590741744665650.0
32032.032032032035,1975.038817185702,0.05000250556939156,280.0,7.481597624494796e+19,6.873652457645552e-22,413940.7938168037,0.34358108688378086,1,1,1,1.2954883695996731e+22,0.00014742222663224474,1.0650294118962735e+21,4588275378849039.0
32132.132132132134,1972.4608134894074,0.050002571002683203,280.0,7.444245742090212e+19,6.871408337761485e-22,413805.64983448066,0.3429321668814668,1,1,1,1.2954852131799319e+22,0.0001474222625512897,1.0615503228902466e+21,4585797969716080.0
32232.232232232236,1969.8828097931125,0.0500026381447691,280.0,7.407080338989808e+19,6.869162017001723e-22,413670.3733123997,0.3422839869823547,1,1,1,1.2954820630732507e+22,0.00014742229839859004,1.0580757428318673e+21,4583309474531565.0
32332.332332332335,1967.3048060968179,0.050002707040274236,280.0,7.370100484195501e+19,6.866913490323249e-22,413534.9639468636,0.34163654273889865,1,1,1,1.2954789192670086e+22,0.00014742233417428883,1.0546056809057924e+21,4580809850462834.0
32432.432432432433,1964.7268024005232,0.05000277773498896,280.0,7.333305251357217e+19,6.864662752664869e-22,413399.42143308016,0.34098982968881897,1,1,1,1.2954757817486105e+22,0.00014742236987852876,1.0511401462918412e+21,4578299054580311.0
32532.532532532536,1962.1487987042283,0.05000285027589941,280.0,7.296693718749688e+19,6.862409798947114e-22,413263.7454651568,0.34034384335501594,1,1,1,1.2954726505054862e+22,0.00014742240551145238,1.0476791481653145e+21,4575777043858050.0
32632.632632632634,1959.5707950079336,0.05000292471121876,280.0,7.260264969249355e+19,6.860154624072161e-22,413127.93573609553,0.33969857924548563,1,1,1,1.295469525525091e+22,0.00014742244107320183,1.0442226956973146e+21,4573243775174295.0
32732.732732732737,1956.9927913116387,0.050003001090419226,280.0,7.224018090311405e+19,6.857897222923719e-22,412991.99193778646,0.33905403285323565,1,1,1,1.2954664067949052e+22,0.00014742247656391902,1.0407707980550642e+21,4570699205312048.0
32832.832832832835,1954.414787615344,0.05000307946426499,280.0,7.187952173946901e+19,6.855637590366966e-22,412855.9137610034,0.33841019965620206,1,1,1,1.2954632943024344e+22,0.00014742251198374563,1.0373234644022282e+21,4568143290959648.0
32932.932932932934,1951.8367839190494,0.050003159884845896,280.0,7.152066316700045e+19,6.853375721248444e-22,412719.7008953981,0.33776707511716614,1,1,1,1.2954601880352094e+22,0.00014742254733282292,1.0338807038992349e+21,4565575988711364.0
33033.03303303303,1949.2587802227547,0.05000324240561209,280.0,7.116359619625541e+19,6.851111610395963e-22,412583.35302949423,0.33712465468367314,1,1,1,1.295457087980786e+22,0.00014742258261129195,1.0304425257035979e+21,4562997255067997.0
33133.13313313314,1946.6807765264598,0.05000332708140954,280.0,7.080831188266078e+19,6.848845252618514e-22,412446.869850682,0.33648293378795074,1,1,1,1.2954539941267453e+22,0.00014742261781929353,1.027008938970239e+21,4560407046437496.0
33233.23323323324,1944.1027728301651,0.05000341396851649,280.0,7.045480132629925e+19,6.846576642706172e-22,412310.2510452125,0.3358419078468288,1,1,1,1.2954509064606929e+22,0.00014742265295696812,1.0235799528518127e+21,4557805319135582.0
33333.333333333336,1941.5247691338704,0.05000350312468086,280.0,7.0103055671686365e+19,6.844305775430004e-22,412173.4962981924,0.3352015722616599,1,1,1,1.2954478249702597e+22,0.00014742268802445598,1.0201555764990288e+21,4555192029386387.0
33433.433433433434,1938.9467654375758,0.0500035946091586,280.0,6.975306610754864e+19,6.842032645541976e-22,412036.60529357777,0.33456192241824045,1,1,1,1.2954447496431016e+22,0.00014742272302189696,1.0167358190609773e+21,4552567133323104.0
33533.53353353353,1936.368761741281,0.05000368848275311,280.0,6.9404823866602906e+19,6.839757247774856e-22,411899.57771416864,0.33392295368673314,1,1,1,1.295441680466899e+22,0.00014742275794943076,1.0133206896854547e+21,4549930586988646.0
33633.63363363364,1933.7907580449862,0.050003784807855625,280.0,6.905832022533667e+19,6.837479576842113e-22,411762.4132416029,0.33328466142158997,1,1,1,1.2954386174293574e+22,0.00014742279280719674,1.0099101975192881e+21,4547282346336322.0
33733.73373373374,1931.2127543486915,0.05000388364848669,280.0,6.871354650378959e+19,6.835199627437832e-22,411625.11155635107,0.3326470409614765,1,1,1,1.2954355605182068e+22,0.00014742282759533398,1.0065043517086634e+21,4544622367230524.0
33833.833833833836,1928.6347506523969,0.05000398507033868,280.0,6.8370494065336025e+19,6.832917394236606e-22,411487.6723377098,0.33201008762919676,1,1,1,1.2954325097212023e+22,0.0001474228623139813,1.0031031613994499e+21,4541950605447421.0
33933.933933933935,1926.0567469561022,0.0500040891408195,280.0,6.802915431646866e+19,6.830632871893439e-22,411350.09526379604,0.3313737967316191,1,1,1,1.2954294650261232e+22,0.00014742289696327722,9.997066357375287e+20,4539267016675674.0
34034.03403403403,1923.4787432598075,0.05000419592909737,280.0,6.768951870658332e+19,6.828346055043661e-22,411212.3800115421,0.33073816355960384,1,1,1,1.2954264264207738e+22,0.00014742293154336,9.963147838691199e+20,4536571556517156.0
34134.13413413414,1920.9007395635126,0.05000430550614675,280.0,6.73515787277647e+19,6.8260569383028085e-22,411074.5262566881,0.33010318338793115,1,1,1,1.295423393892983e+22,0.0001474229660543676,9.929276149411103e+20,4533864180487688.0
34234.23423423424,1918.322735867218,0.05000441794479556,280.0,6.701532591457329e+19,6.823765516266544e-22,410936.5336737775,0.32946885147523064,1,1,1,1.2954203674306037e+22,0.00014742300049643773,9.895451381013831e+20,4531144844017791.0
34334.33433433434,1915.7447321709233,0.05000453331977356,280.0,6.66807518438333e+19,6.821471783510539e-22,410798.40193614963,0.3288351630639114,1,1,1,1.2954173470215141e+22,0.00014742303486970783,9.861673624991442e+20,4528413502453442.0
34434.434434434435,1913.1667284746286,0.05000465170776202,280.0,6.6347848134421594e+19,6.819175734590388e-22,410660.130715935,0.32820211338009436,1,1,1,1.2954143326536162e+22,0.000147423069174315,9.827942972852529e+20,4525670111056853.0
34534.534534534534,1910.588724778334,0.05000477318744465,280.0,6.601660644705787e+19,6.8168773640415e-22,410521.7196840486,0.32756969763354443,1,1,1,1.2954113243148368e+22,0.00014742310341039617,9.794259516125505e+20,4522914625007256.0
34634.63463463464,1908.010721082039,0.050004897839559935,280.0,6.568701848409564e+19,6.814576666378988e-22,410383.1685101827,0.32693791101760533,1,1,1,1.295408321993127e+22,0.00014742313757808793,9.760623346361898e+20,4520146999401705.0
34734.73473473474,1905.4327173857444,0.050005025746954763,280.0,6.535907598931448e+19,6.8122736360975865e-22,410244.47686280287,0.326306748709135,1,1,1,1.295405325676462e+22,0.00014742317167752657,9.727034555139654e+20,4517367189255890.0
34834.83483483484,1902.8547136894497,0.050005156994639484,280.0,6.50327707477131e+19,6.80996826767153e-22,410105.6444091398,0.3256762058684423,1,1,1,1.2954023353528416e+22,0.00014742320570884816,9.693493234066422e+20,4514575149504963.0
34934.934934934936,1900.276709993155,0.050005291669844396,280.0,6.470809458530363e+19,6.807660555554455e-22,409966.6708151839,0.3250462776392249,1,1,1,1.2953993510102894e+22,0.00014742323967218847,9.659999474782867e+20,4511770835004382.0
35035.035035035035,1897.6987062968603,0.05000542986207774,280.0,6.4385039368906826e+19,6.805350494179297e-22,409827.55574567895,0.32441695914850965,1,1,1,1.2953963726368535e+22,0.00014742327356768298,9.626553368965964e+20,4508954200530765.0
35135.13513513514,1895.1207026005654,0.05000557166318517,280.0,6.406359700594837e+19,6.803038077958182e-22,409688.2988641154,0.3237882455065933,1,1,1,1.2953934002206062e+22,0.00014742330739546695,9.593155008332299e+20,4506125200782758.0
35235.23523523524,1892.5426989042708,0.05000571716741078,280.0,6.3743759444256145e+19,6.80072330128232e-22,409548.8998327243,0.3231601318069851,1,1,1,1.2953904337496438e+22,0.00014742334115567537,9.559804484641381e+20,4503283790381918.5
35335.33533533534,1889.964695207976,0.050005866471459735,280.0,6.342551867185847e+19,6.798406158521903e-22,409409.35831247084,0.32253261312635123,1,1,1,1.2953874732120866e+22,0.00014742337484844283,9.526501889698933e+20,4500429923873613.0
35435.43543543544,1887.3866915116814,0.05000601967456255,280.0,6.310886671678344e+19,6.796086644025992e-22,409269.6739630477,0.32190568452446033,1,1,1,1.2953845185960791e+22,0.00014742340847390386,9.493247315360198e+20,4497563555727927.5
35535.535535535535,1884.8086878153867,0.05000617687854102,280.0,6.279379564685925e+19,6.793764752122411e-22,409129.8464428687,0.321279341044131,1,1,1,1.2953815698897895e+22,0.0001474234420321925,9.460040853533243e+20,4494684640340594.0
35635.63563563564,1882.2306841190918,0.050006338187875886,280.0,6.2480297569515454e+19,6.791440477117637e-22,408989.87540906196,0.3206535777111812,1,1,1,1.2953786270814103e+22,0.0001474234755234427,9.426882596182257e+20,4491793132033929.0
35735.73573573574,1879.6526804227972,0.05000650370977627,280.0,6.21683646315853e+19,6.789113813296697e-22,408849.760517464,0.32002838953437873,1,1,1,1.2953756901591575e+22,0.00014742350894778804,9.393772635330853e+20,4488888985057790.5
35835.83583583584,1877.0746767265025,0.05000667355425092,280.0,6.185798901910895e+19,6.786784754923038e-22,408709.5014226118,0.3194037715053941,1,1,1,1.2953727591112713e+22,0.00014742354230536185,9.360711063065361e+20,4485972153590545.0
35935.93593593594,1874.4966730302078,0.05000684783418131,280.0,6.154916295713776e+19,6.784453296238445e-22,408569.09777773765,0.31877971859875476,1,1,1,1.2953698339260155e+22,0.00014742357559629723,9.327697971538125e+20,4483042591740054.0
36036.036036036036,1871.9186693339132,0.050007026665396644,280.0,6.124187870953953e+19,6.782119431462902e-22,408428.5492347611,0.31815622577180175,1,1,1,1.2953669145916778e+22,0.0001474236088207269,9.294733452970799e+20,4480100253544672.5
36136.13613613614,1869.3406656376183,0.050007210166750846,280.0,6.093612857880471e+19,6.7797831547945e-22,408287.8554442832,0.31753328796464764,1,1,1,1.2953640010965697e+22,0.0001474236419787835,9.261817599657627e+20,4477145092974262.5
36236.23623623624,1866.7626619413236,0.05000739846020154,280.0,6.063190490585361e+19,6.777444460409307e-22,408147.0160555787,0.3169109001001372,1,1,1,1.295361093429026e+22,0.0001474236750705992,9.228950503968748e+20,4474177063931225.0
36336.33633633634,1864.184658245029,0.050007591670891055,280.0,6.032920006984444e+19,6.775103342461268e-22,408006.0307165903,0.3162890570838092,1,1,1,1.295358191577406e+22,0.00014742370809630608,9.196132258353459e+20,4471196120251542.5
36436.43643643644,1861.6066545487342,0.05000778992722964,280.0,6.002800648798249e+19,6.77275979508208e-22,407864.89907392056,0.315667753803861,1,1,1,1.2953552955300913e+22,0.0001474237410560358,9.1633629553435e+20,4468202215705842.0
36536.536536536536,1859.0286508524396,0.05000799336098075,280.0,5.972831661533018e+19,6.770413812381077e-22,407723.6207728255,0.3150469851311147,1,1,1,1.2953524052754885e+22,0.00014742377394991985,9.130642687556333e+20,4465195304000470.5
36636.63663663664,1856.4506471561447,0.05000820210734864,280.0,5.9430122944618e+19,6.768065388445127e-22,407582.1954572083,0.3144267459189865,1,1,1,1.2953495208020268e+22,0.00014742380677808945,9.097971547698401e+20,4462175338778586.0
36736.73673673674,1853.87264345985,0.05000841630506816,280.0,5.9133418006056526e+19,6.765714517338495e-22,407440.62276961084,0.31380703100345714,1,1,1,1.295346642098159e+22,0.0001474238395406755,9.065349628568404e+20,4459142273621268.5
36836.83683683684,1851.2946397635553,0.05000863609649699,280.0,5.883819436714927e+19,6.763361193102741e-22,407298.9023512075,0.3131878352030447,1,1,1,1.2953437691523619e+22,0.0001474238722378087,9.032777023060541e+20,4456096062048641.0
36936.93693693694,1848.7166360672607,0.05000886162771022,280.0,5.854444463250644e+19,6.761005409756593e-22,407157.033841798,0.31256915331878077,1,1,1,1.2953409019531349e+22,0.00014742390486961943,9.000253824167772e+20,4453036657521012.0
37037.03703703704,1846.138632370966,0.0500090930485974,280.0,5.825216144365977e+19,6.758647161295831e-22,407015.0168798,0.31195098013418837,1,1,1,1.2953380404890016e+22,0.00014742393743623784,8.967780124985056e+20,4449964013440030.5
37137.13713713714,1843.560628674671,0.05000933051296217,280.0,5.796133747887813e+19,6.75628644169316e-22,406872.85110224143,0.31133331041526174,1,1,1,1.2953351847485085e+22,0.0001474239699377938,8.935356018712585e+20,4446878083149861.0
37237.23723723724,1840.9826249783764,0.050009574178624415,280.0,5.767196545298417e+19,6.753923244898108e-22,406730.5361447546,0.3107161389104499,1,1,1,1.2953323347202254e+22,0.00014742400237441696,8.902981598659023e+20,4443778819938372.0
37337.33733733734,1838.4046212820817,0.05000982420752519,280.0,5.738403811717179e+19,6.751557564836873e-22,406588.07164156676,0.31009946035064195,1,1,1,1.2953294903927458e+22,0.00014742403474623665,8.87065695824471e+20,4440666177038343.0
37437.43743743744,1835.826617585787,0.05001008076583429,280.0,5.709754825882454e+19,6.749189395412233e-22,406445.4572254949,0.30948326944915505,1,1,1,1.2953266517546858e+22,0.00014742406705338192,8.838382191004886e+20,4437540107628688.0
37537.53753753754,1833.2486138894924,0.05001034402406064,280.0,5.6812488701334946e+19,6.746818730503396e-22,406302.6925279365,0.30886756090172546,1,1,1,1.295323818794685e+22,0.00014742409929598168,8.806157390592884e+20,4434400564835695.5
37637.63763763764,1830.6706101931975,0.050010614157165664,280.0,5.652885230392479e+19,6.744445563965896e-22,406159.7771788633,0.3082523293865021,1,1,1,1.2953209915014063e+22,0.00014742413147416438,8.773982650783323e+20,4431247501734286.5
37737.73773773774,1828.0926064969028,0.05001089134467947,280.0,5.62466319614662e+19,6.742069889631456e-22,406016.7108068132,0.30763756956404303,1,1,1,1.2953181698635355e+22,0.00014742416358805844,8.741858065475296e+20,4428080871349289.5
37837.83783783784,1825.5146028006081,0.05001117577082016,280.0,5.596582060430364e+19,6.739691701307866e-22,405873.4930388829,0.3070232760773147,1,1,1,1.2953153538697816e+22,0.00014742419563779186,8.709783728695529e+20,4424900626656732.0
37937.93793793794,1822.9365991043135,0.05001146762461628,280.0,5.568641119807685e+19,6.737310992778851e-22,405730.1235007197,0.3064094435516943,1,1,1,1.295312543508877e+22,0.0001474242276234924,8.677759734601541e+20,4421706720585151.5
38038.03803803804,1820.3585954080188,0.050011767100032335,280.0,5.540839674354457e+19,6.734927757803955e-22,405586.60181651486,0.3057960665949749,1,1,1,1.2953097387695764e+22,0.0001474242595452876,8.645786177484797e+20,4418499106016922.5
38138.13813813814,1817.780591711724,0.050012074396097735,280.0,5.513177027640933e+19,6.732541990118402e-22,405442.9276089948,0.30518313979737416,1,1,1,1.295306939640658e+22,0.00014742429140330476,8.613863151773829e+20,4415277735789602.0
38238.23823823824,1815.2025880154292,0.050012389717039,280.0,5.485652486714287e+19,6.730153683432964e-22,405299.1004994137,0.3045706577315459,1,1,1,1.2953041461109227e+22,0.00014742432319767083,8.581990752037373e+20,4412042562697294.0
38338.33833833834,1812.6245843191346,0.05001271327241548,280.0,5.458265362081265e+19,6.727762831433845e-22,405155.12010754604,0.30395861495259435,1,1,1,1.2953013581691945e+22,0.00014742435492851258,8.550169072987456e+20,4408793539492029.5
38438.43843843844,1810.0465806228399,0.050013045277258555,280.0,5.431014967690905e+19,6.725369427782538e-22,405010.9860516783,0.30334700599809267,1,1,1,1.2952985758043203e+22,0.00014742438659595653,8.518398209482495e+20,4405530618885167.5
38538.53853853854,1807.4685769265452,0.050013385952214544,280.0,5.403900620917355e+19,6.722973466115698e-22,404866.697948601,0.30273582538810473,1,1,1,1.29529579900517e+22,0.00014742441820012885,8.486678256530377e+20,4402253753548813.0
38638.638638638644,1804.8905732302503,0.050013735523691275,280.0,5.376921642542772e+19,6.720574940044999e-22,404722.25541360036,0.302125067625209,1,1,1,1.2952930277606356e+22,0.00014742444974115556,8.455009309291508e+20,4398962896117254.5
38738.73873873874,1802.3125695339556,0.050014094224008536,280.0,5.3500773567403155e+19,6.7181738431570255e-22,404577.65806045174,0.3015147271945281,1,1,1,1.2952902620596329e+22,0.00014742448121916234,8.423391463081873e+20,4395657999188419.5
38838.83883883884,1799.734565837661,0.0500144622915524,280.0,5.3233670910572044e+19,6.715770169013103e-22,404432.9055014094,0.3009047985637599,1,1,1,1.2952875018910997e+22,0.00014742451263427471,8.391824813376046e+20,4392339015325348.0
38938.93893893894,1797.1565621413663,0.05001483997093363,280.0,5.296790176397881e+19,6.7133639111491905e-22,404287.99734719977,0.30029527618321383,1,1,1,1.2952847472439968e+22,0.00014742454398661777,8.360309455810206e+20,4389005897057688.0
39039.03903903904,1794.5785584450716,0.05001522751315018,280.0,5.270345947007248e+19,6.710955063075732e-22,404142.9332070129,0.2996861544858495,1,1,1,1.2952819981073078e+22,0.00014742457527631658,8.328845486185128e+20,4385658596883206.0
39139.139139139144,1792.0005547487767,0.050015625175753954,280.0,5.2440337404539855e+19,6.708543618277514e-22,403997.7126884938,0.29907742788732056,1,1,1,1.2952792544700388e+22,0.00014742460650349576,8.297433000469148e+20,4382297067269321.0
39239.23923923924,1789.422551052482,0.05001603322302193,280.0,5.217852897613974e+19,6.706129570213547e-22,403852.3353977349,0.29846909078602174,1,1,1,1.2952765163212187e+22,0.00014742463766827973,8.26607209480113e+20,4378921260654655.0
39339.33933933934,1786.8445473561874,0.05001645192613171,280.0,5.191802762653761e+19,6.703712912316899e-22,403706.80093926674,0.2978611375631395,1,1,1,1.2952737836498988e+22,0.0001474246687707927,8.234762865493374e+20,4375531129450604.0
39439.43943943944,1784.2665436598927,0.050016881563341706,280.0,5.1658826830141506e+19,6.7012936379945795e-22,403561.1089160502,0.29725356258270763,1,1,1,1.295271056445153e+22,0.00014742469981115862,8.203505409034545e+20,4372126626042929.0
39539.53953953954,1781.688539963598,0.05001732242017597,280.0,5.1400920093938426e+19,6.698871740627378e-22,403415.2589294674,0.29664636019166574,1,1,1,1.2952683346960782e+22,0.00014742473078950113,8.17229982209255e+20,4368707702793366.5
39639.639639639645,1779.1105362673031,0.05001777478961391,280.0,5.114430095733177e+19,6.696447213569737e-22,403269.2505793138,0.2960395247199238,1,1,1,1.2952656183917931e+22,0.0001474247617059436,8.141146201517406e+20,4365274312041259.0
39739.73973973974,1776.5325325710085,0.050018238972284905,280.0,5.088896299197949e+19,6.694020050149603e-22,403123.0834637891,0.2954330504804287,1,1,1,1.2952629075214395e+22,0.00014742479256060927,8.11004464434409e+20,4361826406105207.5
39839.83983983984,1773.9545288747138,0.05001871527666802,280.0,5.063489980163303e+19,6.691590243668279e-22,402976.75717948854,0.29482693176923763,1,1,1,1.295260202074181e+22,0.000147424823353621,8.078995247795338e+20,4358363937284740.5
39939.93993993994,1771.3765251784191,0.05001920401929695,280.0,5.038210502197712e+19,6.68915778740029e-22,402830.2713213949,0.2942211628655934,1,1,1,1.2952575020392044e+22,0.00014742485408510145,8.047998109284455e+20,4354886857862007.5
40040.04004004004,1768.7985214821244,0.050019705524970266,280.0,5.013057232047027e+19,6.686722674593217e-22,402683.62548286805,0.2936157380320064,1,1,1,1.2952548074057185e+22,0.00014742488475517305,8.017053326418072e+20,4351395120103489.5
40140.140140140145,1766.2205177858295,0.050020220126967226,280.0,4.9880295396186325e+19,6.684284898467569e-22,402536.8192556379,0.29301065151434025,1,1,1,1.2952521181629545e+22,0.0001474249153639579,7.986160996998891e+20,4347888676261734.5
40240.240240240244,1763.6425140895349,0.0500207481672691,280.0,4.963126797965641e+19,6.681844452216632e-22,402389.85222979466,0.29240589754190205,1,1,1,1.2952494343001662e+22,0.0001474249459115779,7.955321219028402e+20,4344367478577110.0
40340.34034034034,1761.0645103932402,0.05002128999678639,280.0,4.9383483832712045e+19,6.679401329006307e-22,402242.72399377957,0.291801470327538,1,1,1,1.2952467558066293e+22,0.00014742497639815474,7.924534090709555e+20,4340831479279578.0
40440.44044044044,1758.4865066969455,0.05002184597559195,280.0,4.9136936748328755e+19,6.676955521974969e-22,402095.4341343761,0.29119736406773333,1,1,1,1.295244082671642e+22,0.0001474250068238098,7.893799710449428e+20,4337280630590492.5
40540.54054054054,1755.9085030006509,0.05002241647316009,280.0,4.889162055047069e+19,6.67450702423332e-22,401947.9822367013,0.29059357294271776,1,1,1,1.2952414148845252e+22,0.00014742503718866414,7.86311817686185e+20,4333714884724416.0
40640.640640640646,1753.330499304356,0.05002300186861206,280.0,4.864752909393582e+19,6.672055828864227e-22,401800.36788419593,0.28999009111657553,1,1,1,1.2952387524346214e+22,0.00014742506749283873,7.832489588769994e+20,4330134193890959.5
40740.740740740745,1750.7524956080613,0.05002360255096787,280.0,4.8404656264202084e+19,6.6696019289225725e-22,401652.59065861546,0.28938691273736145,1,1,1,1.2952360953112957e+22,0.00014742509773645418,7.801914045208946e+20,4326538510296644.0
40840.84084084084,1748.1744919117666,0.050024218919404666,280.0,4.8162995977274155e+19,6.667145317435102e-22,401504.6501400209,0.28878403193722096,1,1,1,1.2952334435039356e+22,0.0001474251279196309,7.771391645428234e+20,4322927786146782.0
40940.94094094094,1745.596488215472,0.05002485138352188,280.0,4.792254217953105e+19,6.6646859874002595e-22,401356.5459067689,0.2881814428325166,1,1,1,1.2952307970019504e+22,0.000147425158042489,7.740922488894326e+20,4319301973647383.5
41041.04104104104,1743.0184845191773,0.05002550036361331,280.0,4.76832888475745e+19,6.662223931788048e-22,401208.2775355034,0.28757913952395975,1,1,1,1.2952281557947717e+22,0.00014742518810514837,7.710506675293095e+20,4315661025007081.5
41141.14114114115,1740.4404808228824,0.05002616629094622,280.0,4.744522998807807e+19,6.65975914353985e-22,401059.84460114484,0.2869771160967474,1,1,1,1.2952255198718534e+22,0.00014742521810772862,7.680144304532247e+20,4312004892439083.0
41241.241241241245,1737.8624771265877,0.05002684960804787,280.0,4.7208359637637005e+19,6.657291615568292e-22,400911.24667688174,0.2863753666207057,1,1,1,1.2952228892226714e+22,0.00014742524805034916,7.649835476743722e+20,4308333528163139.5
41341.341341341344,1735.284473430293,0.05002755076899932,280.0,4.697267186261885e+19,6.65482134075706e-22,400762.48333416,0.2857738851504374,1,1,1,1.2952202638367237e+22,0.00014742527793312917,7.619580292286039e+20,4304646884407541.5
41441.44144144144,1732.7064697339983,0.050028270239737105,280.0,4.673816075901482e+19,6.652348311960755e-22,400613.5541426738,0.2851726657254776,1,1,1,1.2952176437035306e+22,0.00014742530775618742,7.58937885174662e+20,4300944913411135.0
41541.54154154154,1730.1284660377037,0.05002900849836263,280.0,4.650482045229187e+19,6.649872522004724e-22,400464.4586703557,0.28457170237045315,1,1,1,1.2952150288126343e+22,0.0001474253375196426,7.559231255944073e+20,4297227567425362.0
41641.64164164165,1727.5504623414088,0.050029766035459715,280.0,4.627264509724561e+19,6.647393963684901e-22,400315.19648336695,0.28397098909524976,1,1,1,1.295212419153599e+22,0.00014742536722361314,7.529137605930422e+20,4293494798716323.0
41741.741741741745,1724.972458645114,0.050030543354420386,280.0,4.6041628877853835e+19,6.6449126297676345e-22,400165.7671460871,0.28337051989518425,1,1,1,1.295209814716011e+22,0.00014742539686821713,7.499098002993321e+20,4289746559566864.0
41841.841841841844,1722.3944549488194,0.0500313409717792,280.0,4.581176600713079e+19,6.642428512989537e-22,400016.170221105,0.2827702887511838,1,1,1,1.295207215489479e+22,0.00014742542645357245,7.469112548658195e+20,4285982802278684.5
41941.94194194194,1719.8164512525248,0.050032159417556246,280.0,4.5583050726982296e+19,6.639941606057293e-22,399866.4052692072,0.28217028962997115,1,1,1,1.2952046214636332e+22,0.00014742545597979677,7.439181344690362e+20,4282203479174471.5
42042.04204204204,1717.23844755623,0.050032999235609145,280.0,4.535547730806144e+19,6.63745190164752e-22,399716.47184936947,0.2815705164842563,1,1,1,1.295202032628126e+22,0.00014742548544700745,7.409304493097104e+20,4278408542600056.0
42142.14214214215,1714.6604438599352,0.05003386098399417,280.0,4.51290400496251e+19,6.634959392406569e-22,399566.3695187451,0.28097096325293486,1,1,1,1.2951994489726319e+22,0.00014742551485532167,7.37948209612969e+20,4274597944926592.5
42242.242242242246,1712.0824401636405,0.05003474523533686,280.0,4.490373327939109e+19,6.632464070950381e-22,399416.0978326557,0.2803716238612934,1,1,1,1.295196870486847e+22,0.0001474255442048563,7.349714256285359e+20,4270771638552764.5
42342.342342342345,1709.5044364673458,0.05003565257721222,280.0,4.4679551353396126e+19,6.6299659298643e-22,399265.6563445807,0.27977249222122114,1,1,1,1.29519429716049e+22,0.00014742557349572798,7.320001076309247e+20,4266929575907012.5
42442.44244244244,1706.9264327710512,0.05003658361253493,280.0,4.4456488655854395e+19,6.6274649617029e-22,399115.0446061462,0.27917356223142886,1,1,1,1.295191728983301e+22,0.00014742560272805306,7.29034265919627e+20,4263071709449787.0
42542.54254254254,1704.3484290747565,0.05003753895995961,280.0,4.423453959901691e+19,6.624961158989819e-22,398964.26216711546,0.2785748277776746,1,1,1,1.2951891659450422e+22,0.00014742563190194778,7.260739108192964e+20,4259197991675825.0
42642.64264264265,1701.7704253784616,0.05003851925429166,280.0,4.4013698623031525e+19,6.622454514217572e-22,398813.30857537745,0.2779762827329968,1,1,1,1.2951866080354978e+22,0.000147425661017528,7.231190526799265e+20,4255308375116451.5
42742.74274274275,1699.192421682167,0.05003952514690871,280.0,4.379396019580365e+19,6.619945019847386e-22,398662.1833769368,0.27737792095795455,1,1,1,1.2951840552444737e+22,0.00014742569007490937,7.201697018770251e+20,4251402812341908.0
42842.842842842845,1696.6144179858723,0.05004055730619309,280.0,4.3575318812857704e+19,6.617432668309013e-22,398510.88611590286,0.276779736300875,1,1,1,1.2951815075617982e+22,0.0001474257190742073,7.172258688117804e+20,4247481255963701.0
42942.942942942944,1694.0364142895776,0.050041616417975644,280.0,4.3357768997199176e+19,6.614917452000557e-22,398359.41633447894,0.2761817225981088,1,1,1,1.295178964977321e+22,0.00014742574801553695,7.14287563911225e+20,4243543658636979.5
43043.04304304305,1691.4584105932827,0.050042703185990974,280.0,4.314130529917748e+19,6.612399363288284e-22,398207.77357295126,0.27558387367429243,1,1,1,1.2951764274809141e+22,0.0001474257768990132,7.113547976283925e+20,4239589973062936.5
43143.14314314315,1688.880406896988,0.05004381833234471,280.0,4.29259222963494e+19,6.609878394506451e-22,398055.957369678,0.27498618334261876,1,1,1,1.295173895062471e+22,0.00014742580572475077,7.084275804424696e+20,4235620151991237.0
43243.24324324325,1686.3024032006933,0.05004496259799286,280.0,4.271161459334328e+19,6.607354537957121e-22,397903.967261079,0.27438864540511515,1,1,1,1.2951713677119075e+22,0.00014742583449286404,7.055059228589406e+20,4231634148222467.5
43343.343343343346,1683.7243995043987,0.0500461367432337,280.0,4.249837682172386e+19,6.604827785909958e-22,397751.80278162274,0.27379125365293,1,1,1,1.295168845419161e+22,0.00014742586320346717,7.025898354097285e+20,4227631914610616.0
43443.443443443444,1681.146395808104,0.05004734154821249,280.0,4.228620363985778e+19,6.602298130602082e-22,397599.46346381796,0.27319400186662657,1,1,1,1.2951663281741907e+22,0.0001474258918566741,6.996793286533279e+20,4223613404065574.0
43543.54354354355,1678.568392111809,0.050048577813439306,280.0,4.207508973277983e+19,6.599765564237841e-22,397446.9488381997,0.2725968838164855,1,1,1,1.2951638159669783e+22,0.0001474259204525985,6.967744131749333e+20,4219578569555667.5
43643.64364364365,1675.9903884155144,0.05004984636032045,280.0,4.1865029812059726e+19,6.597230078988643e-22,397294.25843331945,0.2719998932628156,1,1,1,1.2951613087875265e+22,0.00014742594899135375,6.938750995865609e+20,4215527364110213.0
43743.74374374375,1673.4123847192197,0.05005114803170363,280.0,4.1656018615669694e+19,6.59469166699276e-22,397141.3917757332,0.2714030239562731,1,1,1,1.2951588066258607e+22,0.00014742597747305312,6.90981398527163e+20,4211459740822096.5
43843.843843843846,1670.834381022925,0.050052483692437415,280.0,4.144805090785265e+19,6.592150320355143e-22,396988.34838999016,0.2708062696381887,1,1,1,1.2951563094720275e+22,0.00014742600589780946,6.880933206627368e+20,4207375652850384.5
43943.943943943945,1668.2563773266304,0.05005385422994523,280.0,4.124112147899101e+19,6.5896060311472195e-22,396835.1277986209,0.2702096240409051,1,1,1,1.295153817316096e+22,0.00014742603426573552,6.85210876686427e+20,4203275053422957.0
44044.04404404405,1665.6783736303355,0.05005526055481435,280.0,4.10352251454762e+19,6.587058791406702e-22,396681.7295221255,0.26961308088812075,1,1,1,1.2951513301481568e+22,0.00014742606257694366,6.8233407731862e+20,4199157895839169.0
44144.14414414415,1663.1003699340408,0.050056703601400195,280.0,4.08303567495789e+19,6.584508593137407e-22,396528.1530789627,0.26901663389524494,1,1,1,1.2951488479583223e+22,0.0001474260908315461,6.794629333070339e+20,4195024133472540.5
44244.24424424425,1660.5223662377462,0.050058184328446435,280.0,4.062651115931964e+19,6.581955428309024e-22,396374.39798553626,0.2684202767697602,1,1,1,1.2951463707367273e+22,0.00014742611902965482,6.765974554267982e+20,4190873719773469.0
44344.34434434435,1657.9443625414515,0.05005970371972121,280.0,4.042368326834042e+19,6.579399288856951e-22,396220.46375618485,0.2678240032115948,1,1,1,1.2951438984735281e+22,0.00014742614717138145,6.737376544805286e+20,4186706608271972.0
44444.444444444445,1655.3663588451568,0.05006126278466993,280.0,4.022186799577674e+19,6.576840166682083e-22,396066.34990316903,0.26722780691350423,1,1,1,1.295141431158903e+22,0.0001474261752568375,6.708835412983939e+20,4182522752580458.0
44544.54454454455,1652.788355148862,0.05006286255908513,280.0,4.00210602861303e+19,6.5742780536506e-22,395912.05593665916,0.2666316815614618,1,1,1,1.2951389687830526e+22,0.0001474262032861341,6.680351267381754e+20,4178322106396522.0
44644.64464464465,1650.2103514525672,0.050064504105793745,280.0,3.982125510914244e+19,6.571712941593778e-22,395757.5813647234,0.26603562083505955,1,1,1,1.2951365113361988e+22,0.00014742623125938226,6.651924216853192e+20,4174104623505770.0
44744.74474474475,1647.6323477562726,0.050066188515362264,280.0,3.962244745966796e+19,6.569144822307772e-22,395602.925693315,0.26543961840791763,1,1,1,1.2951340588085857e+22,0.00014742625917669262,6.62355437052979e+20,4169870257784670.5
44844.84484484485,1645.054344059978,0.050067916906820324,280.0,3.942463235754995e+19,6.566573687553428e-22,395448.0884262606,0.2648436679481046,1,1,1,1.2951316111904798e+22,0.00014742628703817568,6.595241837820539e+20,4165618963203435.0
44944.944944944946,1642.4763403636832,0.0500696904284031,280.0,3.922780484749489e+19,6.563999529056048e-22,395293.06906524673,0.26424776311856707,1,1,1,1.2951291684721688e+22,0.00014742631484394162,6.566986728412154e+20,4161350693828925.0
45045.04504504505,1639.8983366673883,0.05007151025831306,280.0,3.903195999894857e+19,6.561422338505209e-22,395137.8671098082,0.2636518975775689,1,1,1,1.2951267306439633e+22,0.00014742634259410042,6.538789152269282e+20,4157065403827588.0
45145.14514514515,1637.3203329710936,0.050073377605501554,280.0,3.883709290597263e+19,6.558842107554539e-22,394982.48205731506,0.2630560649791419,1,1,1,1.2951242976961952e+22,0.0001474263702887617,6.510649219634619e+20,4152763047468423.0
45245.24524524525,1634.742329274799,0.05007529371047077,280.0,3.8643198687121514e+19,6.556258827821497e-22,394826.9134029591,0.26246025897354525,1,1,1,1.2951218696192187e+22,0.00014742639792803504,6.482567041028939e+20,4148443579125969.5
45345.34534534535,1632.1643255785043,0.05007725984609657,280.0,3.845027248532036e+19,6.553672490887173e-22,394671.16063974204,0.26186447320773637,1,1,1,1.29511944640341e+22,0.00014742642551202956,6.454542727251045e+20,4144106953283331.5
45445.445445445446,1629.5863218822096,0.05007927731847272,280.0,3.825830946774323e+19,6.551083088296063e-22,394515.22325846186,0.2612687013258519,1,1,1,1.2951170280391675e+22,0.00014742645304085427,6.426576389377626e+20,4139753124535225.0
45545.54554554555,1627.0083181859147,0.05008134746777719,280.0,3.806730482569207e+19,6.548490611555864e-22,394359.1007477004,0.2606729369696991,1,1,1,1.2951146145169118e+22,0.00014742648051461785,6.398668138763026e+20,4135382047591057.5
45645.64564564565,1624.43031448962,0.050083471669160946,280.0,3.787725377447631e+19,6.545895052137235e-22,394202.7925938089,0.26007717377925904,1,1,1,1.2951122058270852e+22,0.00014742650793342875,6.370818087038935e+20,4130993677278035.5
45745.74574574575,1621.8523107933254,0.050085651333659886,280.0,3.768815155329286e+19,6.5432964014736e-22,394046.29828089656,0.25948140539319897,1,1,1,1.2951098019601524e+22,0.00014742653529739518,6.343026346113959e+20,4126587968544298.5
45845.84584584585,1619.2743070970307,0.05008788790913054,280.0,3.749999342510699e+19,6.540694650960902e-22,393889.61729081516,0.25888562544939714,1,1,1,1.2951074029066007e+22,0.00014742656260662506,6.315293028173126e+20,4122164876462086.5
45945.94594594595,1616.696303400736,0.050090182881210116,280.0,3.731277467653365e+19,6.538089791957404e-22,393732.7491031474,0.2582898275854786,1,1,1,1.2951050086569388e+22,0.0001474265898612262,6.28761824567728e+20,4117724356230934.0
46046.04604604605,1614.1182997044411,0.05009253777430155,280.0,3.712649061771929e+19,6.535481815783438e-22,393575.69319519185,0.2576940054393612,1,1,1,1.2951026192016984e+22,0.00014742661706130595,6.260002111362382e+20,4113266363180894.5
46146.14614614615,1611.5402960081465,0.05009495415258421,280.0,3.694113658222458e+19,6.532870713721199e-22,393418.44904195017,0.25709815264981467,1,1,1,1.295100234531433e+22,0.00014742664420697152,6.23244473823872e+20,4108790852775794.5
46246.24624624625,1608.9622923118518,0.050097433621050826,280.0,3.6756707926907245e+19,6.530256477014503e-22,393261.01611611305,0.2565022628570292,1,1,1,1.2950978546367185e+22,0.0001474266712983299,6.204946239590002e+20,4104297780616515.0
46346.34634634635,1606.3842886155571,0.05009997782657151,280.0,3.6573200031806005e+19,6.527639096868565e-22,393103.3938880464,0.2559063297031976,1,1,1,1.2950954795081535e+22,0.00014742669833548778,6.17750672897236e+20,4099787102444307.5
46446.44644644645,1603.8062849192625,0.05010258845898541,280.0,3.6390608300024713e+19,6.525018564449756e-22,392945.5818257769,0.25531034683310777,1,1,1,1.2950931091363585e+22,0.00014742672531855157,6.150126320213254e+20,4095258774144134.5
46546.54654654655,1601.2282812229676,0.05010526725222076,280.0,3.6208928157617197e+19,6.522394870885384e-22,392787.579394979,0.25471430789474797,1,1,1,1.2950907435119769e+22,0.00014742675224762748,6.122805127410255e+20,4090712751748045.0
46646.64664664665,1598.6502775266729,0.0501080159854441,280.0,3.6028155053472813e+19,6.5197680072634365e-22,392629.38605895895,0.25411820653992334,1,1,1,1.2950883826256742e+22,0.00014742677912282142,6.095543264929742e+20,4086148991438577.5
46746.74674674675,1596.0722738303782,0.050110836484239356,280.0,3.5848284459202208e+19,6.517137964632368e-22,392471.0012786424,0.2535220364248853,1,1,1,1.2950860264681387e+22,0.00014742680594423906,6.068340847405466e+20,4081567449552192.5
46846.84684684685,1593.4942701340835,0.050113730621817655,280.0,3.56693118690241e+19,6.514504734000844e-22,392312.42451255885,0.2529257912109722,1,1,1,1.295083675030081e+22,0.00014742683271198585,6.041197989737029e+20,4076968082582738.0
46946.94694694695,1590.9162664377889,0.050116700320258493,280.0,3.5491232799652315e+19,6.511868306337494e-22,392153.6552168267,0.2523294645652634,1,1,1,1.2950813283022348e+22,0.00014742685942616693,6.014114807088234e+20,4072350847184943.5
47047.047047047054,1588.338262741494,0.05011974755178334,280.0,3.5314042790183453e+19,6.509228672570685e-22,391994.6928451398,0.25173305016124503,1,1,1,1.2950789862753558e+22,0.0001474268860868873,5.987091414885327e+20,4067715700177946.0
47147.14714714715,1585.7602590451993,0.050122874340062185,280.0,3.5137737401985257e+19,6.50658582358827e-22,391835.53684875224,0.25113654167948873,1,1,1,1.295076648940223e+22,0.00014742691269425148,5.960127928815132e+20,4063062598548846.5
47247.24724724725,1583.1822553489046,0.0501260827615542,280.0,3.496231221858525e+19,6.503939750237338e-22,391676.18667646294,0.2505399328083427,1,1,1,1.295074316287638e+22,0.0001474269392483639,5.933224464823048e+20,4058391499456296.5
47347.34734734735,1580.60425165261,0.05012937494688317,280.0,3.4787762845560242e+19,6.501290443323956e-22,391516.6417746008,0.2499432172446357,1,1,1,1.2950719883084252e+22,0.00014742696574932877,5.90638113911095e+20,4053702360234116.0
47447.44744744745,1578.0262479563153,0.050132753082248745,280.0,3.4614084910426214e+19,6.498637893612942e-22,391356.9015870104,0.24934638869439466,1,1,1,1.295069664993432e+22,0.0001474269921972499,5.8795980681349595e+20,4048995138394944.0
47547.547547547554,1575.4482442600204,0.05013621941087427,280.0,3.444127406252875e+19,6.495982091827592e-22,391196.9655550358,0.2487494408735737,1,1,1,1.2950673463335287e+22,0.0001474270185922309,5.852875368603087e+20,4044269791633917.0
47647.64764764765,1572.8702405637257,0.05013977623449234,280.0,3.426932597293413e+19,6.49332302864943e-22,391036.83311750577,0.24815236750879813,1,1,1,1.2950650323196086e+22,0.00014742704493437515,5.8262131574727705e+20,4039526277832384.0
47747.74774774775,1570.292236867431,0.05014342591486893,280.0,3.409823633432077e+19,6.4906606947179535e-22,390876.50371071784,0.24755516233811992,1,1,1,1.2950627229425883e+22,0.00014742707122378574,5.79961155194826e+20,4034764555061646.0
47847.84784784785,1567.7142331711364,0.050147170875367096,280.0,3.3928000860871442e+19,6.487995080630376e-22,390715.97676842334,0.24695781911178835,1,1,1,1.2950604181934073e+22,0.00014742709746056547,5.7730706694778985e+20,4029984581586734.0
47947.94794794795,1565.1362294748417,0.050151013602551316,280.0,3.3758615288165847e+19,6.48532617694136e-22,390555.251721811,0.2463603315930322,1,1,1,1.2950581180630288e+22,0.00014742712364481693,5.746590627751265e+20,4025186315870214.0
48048.048048048055,1562.5582257785468,0.05015495664783352,280.0,3.3590075373073793e+19,6.482653974162755e-22,390394.3279994914,0.2457626935588568,1,1,1,1.2950558225424387e+22,0.00014742714977664247,5.7201715446961825e+20,4020369716576025.0
48148.14814814815,1559.980222082252,0.050159002629161814,280.0,3.3422376893648966e+19,6.479978462763348e-22,390233.2050274819,0.24516489880085424,1,1,1,1.2950535316226466e+22,0.00014742717585614407,5.6938135384756067e+20,4015534742573351.0
48248.24824824825,1557.4022183859574,0.05016315423275314,280.0,3.32555156490231e+19,6.477299633168563e-22,390071.8822291883,0.2445669411260274,1,1,1,1.295051245294686e+22,0.0001474272018834235,5.6675167274843596e+20,4010681352940520.5
48348.34834834835,1554.8242146896628,0.05016741421487082,280.0,3.3089487459300725e+19,6.4746174757602325e-22,389910.3590253913,0.24396881435762743,1,1,1,1.2950489635496133e+22,0.00014742722785858229,5.6412812303457465e+20,4005809506968943.0
48448.44844844845,1552.246210993368,0.05017178540364834,280.0,3.2924288165454553e+19,6.471931980876288e-22,389748.6348342279,0.2433705123360056,1,1,1,1.2950466863785088e+22,0.00014742725378172168,5.6151071659080234e+20,4000919164167073.0
48548.548548548555,1549.6682072970732,0.05017627070096039,280.0,3.2759913629221212e+19,6.469243138810517e-22,389586.70907117665,0.24277202891947916,1,1,1,1.2950444137724768e+22,0.00014742727965294262,5.588994653240727e+20,3996010284264410.0
48648.648648648654,1547.0902036007785,0.05018087308434251,280.0,3.259635973299766e+19,6.466550939812274e-22,389424.5811490403,0.24217335798521095,1,1,1,1.2950421457226453e+22,0.00014742730547234585,5.562943811630874e+20,3991082827215529.0
48748.74874874875,1544.5121999044839,0.050185595608960534,280.0,3.2433622379737965e+19,6.463855374086193e-22,389262.25047792844,0.2415744934301031,1,1,1,1.2950398822201663e+22,0.00014742733124003174,5.536954760578992e+20,3986136753204143.5
48848.84884884885,1541.9341962081892,0.05019044140963108,280.0,3.227169749285066e+19,6.461156431791927e-22,389099.71646524186,0.24097542917170522,1,1,1,1.2950376232562157e+22,0.00014742735695610047,5.5110276197950305e+20,3981172022647200.5
48948.94894894895,1539.3561925118945,0.050195413702894535,280.0,3.211058101609672e+19,6.458454103043854e-22,388936.9785156548,0.24037615914913704,1,1,1,1.2950353688219936e+22,0.0001474273826206519,5.485162509194111e+20,3976188596199009.0
49049.049049049056,1536.7781888155996,0.05020051578914169,280.0,3.1950268913487856e+19,6.4557483779108e-22,388774.0360310983,0.2397766773240252,1,1,1,1.2950331189087244e+22,0.00014742740823378567,5.459359548892133e+20,3971186434755401.0
49149.149149149154,1534.200185119305,0.05020575105479562,280.0,3.1790757169185513e+19,6.453039246415735e-22,388610.888410742,0.23917697768145418,1,1,1,1.2950308735076568e+22,0.0001474274337956011,5.433618859201231e+20,3966165499457925.5
49249.24924924925,1531.6221814230103,0.05021112297455005,280.0,3.163204178740018e+19,6.450326698535511e-22,388447.53505097807,0.23857705423093253,1,1,1,1.2950286326100641e+22,0.00014742745930619724,5.40794056062507e+20,3961125751698073.0
49349.34934934935,1529.0441777267156,0.05021663511366574,280.0,3.147411879229128e+19,6.447610724200543e-22,388283.97534540226,0.23797690100737276,1,1,1,1.2950263962072443e+22,0.00014742748476567283,5.3823247738539986e+20,3956067153121535.5
49449.44944944945,1526.466174030421,0.05022229113032643,280.0,3.131698422786769e+19,6.444891313294535e-22,388120.2086847974,0.23737651207208688,1,1,1,1.29502416429052e+22,0.0001474275101741264,5.3567716197600376e+20,3950989665632499.0
49549.549549549556,1523.888170334126,0.050228094778055773,280.0,3.1160634157888532e+19,6.442168455654178e-22,387956.23445711506,0.2367758815137954,1,1,1,1.2950219368512386e+22,0.00014742753553165618,5.3312812193917134e+20,3945893251397967.0
49649.649649649655,1521.3101666378313,0.05023404990819686,280.0,3.100506466576468e+19,6.439442141068846e-22,387792.05204745725,0.23617500344965234,1,1,1,1.2950197138807725e+22,0.00014742756083836007,5.305853693968741e+20,3940777872852120.5
49749.74974974975,1518.7321629415367,0.05024016047245601,280.0,3.0850271854460522e+19,6.436712359280302e-22,387627.66083805886,0.23557387202628408,1,1,1,1.2950174953705193e+22,0.0001474275860943357,5.280489164876523e+20,3935643492700707.0
49849.84984984985,1516.154159245242,0.05024643052551237,280.0,3.069625184639639e+19,6.433979099982399e-22,387463.06020826957,0.23497248142084326,1,1,1,1.2950152813119017e+22,0.00014742761129968047,5.2551877536605084e+20,3930490073925464.5
49949.94994994995,1513.5761555489473,0.050252864227695086,280.0,3.054300078335149e+19,6.431242352820759e-22,387298.24953453447,0.2343708258420782,1,1,1,1.2950130716963682e+22,0.0001474276364544914,5.229949582020376e+20,3925317579788581.0
50050.05005005006,1510.9981518526524,0.05025946584772976,280.0,3.0390514826367136e+19,6.428502107392469e-22,387133.228190376,0.2337688995314159,1,1,1,1.2950108665153925e+22,0.0001474276615588653,5.204774771804049e+20,3920125973837182.0
50150.150150150155,1508.4201481563578,0.05026623976555592,280.0,3.023879015565071e+19,6.425758353245793e-22,386967.9955463761,0.23316669676406138,1,1,1,1.2950086657604739e+22,0.00014742768661289867,5.179663445001556e+20,3914915219907858.0
50250.250250250254,1505.842144460063,0.05027319047521747,280.0,3.00878229704799e+19,6.423011079879823e-22,386802.5509701557,0.23256421185011103,1,1,1,1.295006469423138e+22,0.0001474277116166877,5.154615723738695e+20,3909685282131217.5
50350.35035035035,1503.2641407637684,0.05028032258782775,280.0,2.9937609489107436e+19,6.42026027674419e-22,386636.8938263571,0.2319614391356808,1,1,1,1.2950042774949358e+22,0.00014742773657032825,5.129631730270552e+20,3904436124936480.5
50450.45045045045,1500.6861370674737,0.05028764083461134,280.0,2.97881459486665e+19,6.417505933238734e-22,386471.0234766241,0.23135837300405065,1,1,1,1.2950020899674452e+22,0.000147427761473916,5.1047115869748324e+20,3899167713056100.5
50550.55055055056,1498.1081333711788,0.05029515007002449,280.0,2.9639428605076345e+19,6.414748038713188e-22,386304.93927958305,0.23075500787682202,1,1,1,1.29499990683227e+22,0.00014742778632754618,5.079855416345019e+20,3893880011530423.0
50650.650650650656,1495.5301296748842,0.050302855274956114,280.0,2.9491453732948603e+19,6.4119865824668485e-22,386138.6405908228,0.23015133821509232,1,1,1,1.2949977280810408e+22,0.0001474278111313138,5.0550633409833606e+20,3888572985712376.0
50750.750750750754,1492.9521259785895,0.0503107615600115,280.0,2.9344217625493864e+19,6.409221553748254e-22,385972.1267628756,0.2295473585206426,1,1,1,1.2949955537054143e+22,0.00014742783588531363,5.030335483593664e+20,3883246601272193.5
50850.85085085085,1490.3741222822948,0.05031887416888086,280.0,2.9197716594428867e+19,6.4064529417548555e-22,385805.3971451971,0.22894306333714126,1,1,1,1.294993383697075e+22,0.00014742786058964002,5.005671966973928e+20,3877900824202173.5
50950.95095095095,1487.7961185860001,0.05032719848179478,280.0,2.905194696988412e+19,6.403680735632683e-22,385638.45108414633,0.22833844725136263,1,1,1,1.2949912180477336e+22,0.00014742788524438701,4.981072914008777e+20,3872535620821469.0
51051.05105105106,1485.2181148897052,0.05033574001906888,280.0,2.890690510031195e+19,6.400904924476017e-22,385471.2879229659,0.22773350489441996,1,1,1,1.294989056749129e+22,0.0001474279098496485,4.956538447661724e+20,3867150957780912.5
51151.151151151156,1482.6401111934106,0.05034450444473994,280.0,2.876258735239508e+19,6.398125497327039e-22,385303.90700176085,0.2271282309430139,1,1,1,1.2949868997930266e+22,0.00014742793440551788,4.932068690967244e+20,3861746802067875.5
51251.251251251255,1480.062107497116,0.050353497570295766,280.0,2.8618990110955532e+19,6.395342443175508e-22,385136.30765747937,0.2265226201206953,1,1,1,1.2949847471712203e+22,0.0001474279589120883,4.907663767022656e+20,3856323121011158.0
51351.35135135135,1477.4841038008212,0.050362725358501295,280.0,2.847610977886409e+19,6.3925557509584005e-22,384968.48922389105,0.22591666719914297,1,1,1,1.2949825988755315e+22,0.00014742798336945262,4.88332379897982e+20,3850879882285915.5
51451.45145145145,1474.9061001045266,0.05037219392732326,280.0,2.833394277695025e+19,6.389765409559587e-22,384800.4510315673,0.22531036699945656,1,1,1,1.29498045489781e+22,0.00014742800777770335,4.8590489100366506e+20,3845417053918616.5
51551.55155155156,1472.3280964082317,0.05038190955395599,280.0,2.819248554391249e+19,6.386971407809452e-22,384632.1924078584,0.22470371439346382,1,1,1,1.2949783152299335e+22,0.0001474280321369327,4.834839223428426e+20,3839934604292036.0
51651.65165165166,1469.750092711937,0.0503918786789509,280.0,2.805173453622912e+19,6.384173734484575e-22,384463.7126768747,0.22409670430504272,1,1,1,1.294976179863809e+22,0.00014742805644723253,4.8106948624189234e+20,3834432502150281.5
51751.751751751755,1467.1720890156423,0.05040210791045235,280.0,2.7911686228069466e+19,6.381372378307358e-22,384295.01115946367,0.22348933171145746,1,1,1,1.2949740487913712e+22,0.0001474280807086944,4.786615950291335e+20,3828910716603849.5
51851.851851851854,1464.5940853193476,0.050412604028542446,280.0,2.7772337111205556e+19,6.378567327945673e-22,384126.08717318904,0.22288159164470997,1,1,1,1.2949719220045851e+22,0.0001474281049214095,4.762602610339011e+20,3823369217134721.5
51951.95195195195,1462.016081623053,0.05042337398969772,280.0,2.7633683694924263e+19,6.375758572012504e-22,383956.940032309,0.22227347919290522,1,1,1,1.2949697994954444e+22,0.00014742812908546873,4.738654965855991e+20,3817807973601488.5
52052.05205205206,1459.438077926758,0.05043442493136032,280.0,2.7495722505939837e+19,6.372946099065573e-22,383787.56904775393,0.22166498950163097,1,1,1,1.2949676812559725e+22,0.00014742815320096267,4.714773140127347e+20,3812226956244510.5
52152.15215215216,1456.8600742304634,0.05044576417662678,280.0,2.735845008830694e+19,6.370129897606992e-22,383617.9735271052,0.22105611777535178,1,1,1,1.2949655672782223e+22,0.00014742817726798145,4.690957256419321e+20,3806626135691110.5
52252.252252252256,1454.2820705341687,0.050457399239057274,280.0,2.722186300333403e+19,6.3673099560828745e-22,383448.1527745718,0.2204468592788169,1,1,1,1.2949634575542776e+22,0.00014742820128661502,4.667207437969257e+20,3801005482960800.0
52352.352352352355,1451.704066837874,0.05046933782760839,280.0,2.7085957829497192e+19,6.364486262882984e-22,383278.1060909694,0.21983720933848236,1,1,1,1.2949613520762517e+22,0.0001474282252569529,4.643523807975344e+20,3795364969470539.0
52452.45245245245,1449.1260631415794,0.0504815878516925,280.0,2.6950731162354532e+19,6.361658806340329e-22,383107.8327736959,0.21922716334394682,1,1,1,1.2949592508362893e+22,0.00014742824917908417,4.6199064895861404e+20,3789704567040028.0
52552.55255255256,1446.5480594452845,0.050494157426367065,280.0,2.681617961446079e+19,6.358827574730821e-22,382937.33211671025,0.21861671674940136,1,1,1,1.2949571538265655e+22,0.00014742827305309775,4.596355605889903e+20,3784024247897034.5
52652.65265265266,1443.9700557489898,0.05050705487765694,280.0,2.668229981528258e+19,6.355992556272863e-22,382766.6034105088,0.21800586507509243,1,1,1,1.2949550610392872e+22,0.00014742829687908212,4.572871279903713e+20,3778323984682753.5
52752.752752752756,1441.3920520526951,0.05052028874801323,280.0,2.6549088411113865e+19,6.353153739126974e-22,382595.64594210166,0.21739460390879836,1,1,1,1.2949529724666927e+22,0.0001474283206571253,4.5494536345623796e+20,3772603750457197.5
52852.852852852855,1438.8140483564005,0.05053386780191196,280.0,2.6416542064992014e+19,6.350311111395408e-22,382424.4589949901,0.2167829289073193,1,1,1,1.294950888101052e+22,0.00014742834438731506,4.5261027927071516e+20,3766863518704623.0
52952.95295295295,1436.2360446601058,0.05054780103159617,280.0,2.628465745661414e+19,6.347464661121743e-22,382253.04184914206,0.2161708357979801,1,1,1,1.294948807934668e+22,0.00014742836806973887,4.502818877074213e+20,3761103263338989.0
53053.05305305306,1433.658040963811,0.050562097662965044,280.0,2.615343128225401e+19,6.344614376290513e-22,382081.3937809696,0.21555832038014575,1,1,1,1.2949467319598752e+22,0.0001474283917044836,4.479602010282964e+20,3755322958709446.0
53153.15315315316,1431.0800372675162,0.050576767161613634,280.0,2.6022860254679257e+19,6.341760244826785e-22,381909.5140633038,0.21494537852675044,1,1,1,1.2949446601690417e+22,0.00014742841529163603,4.456452314824106e+20,3749522579605863.5
53253.25325325326,1428.5020335712215,0.05059181923902712,280.0,2.5892941103069e+19,6.33890225459577e-22,381737.4019653709,0.21433200618583792,1,1,1,1.2949425925545689e+22,0.00014742843883128236,4.433369913047495e+20,3743702101264382.0
53353.353353353355,1425.9240298749269,0.05060726385893331,280.0,2.5763670572931944e+19,6.336040393402414e-22,381565.05675276805,0.21371819938211503,1,1,1,1.2949405291088915e+22,0.0001474284623235084,4.410354927149791e+20,3737861499373005.5
53453.453453453454,1423.3460261786322,0.05062311124381747,280.0,2.5635045426024825e+19,6.333174648990989e-22,381392.47768743837,0.21310395421851666,1,1,1,1.2949384698244786e+22,0.00014742848576839977,4.387407479161903e+20,3732000750077221.5
53553.55355355356,1420.7680224823373,0.05063937188160336,280.0,2.5507062440271327e+19,6.330305009044684e-22,381219.66402764665,0.2124892668777831,1,1,1,1.2949364146938334e+22,0.00014742850916604148,4.3645276909361994e+20,3726119829985654.0
53653.65365365366,1418.1900187860426,0.05065605653250487,280.0,2.5379718409681375e+19,6.327431461185182e-22,381046.6150279537,0.21187413362404875,1,1,1,1.2949343637094938e+22,0.00014742853251651825,4.341715684133527e+20,3720218716175752.5
53753.75375375376,1415.612015089748,0.05067317623605219,280.0,2.525301014427077e+19,6.324553992972245e-22,380873.3299391912,0.21125855080444167,1,1,1,1.2949323168640334e+22,0.00014742855581991444,4.3189715802099915e+20,3714297386199507.5
53853.853853853856,1413.0340113934533,0.05069074231829713,280.0,2.5126934469981323e+19,6.321672591903298e-22,380699.80800843687,0.21064251485069485,1,1,1,1.294930274150061e+22,0.00014742857907631388,4.296295500403536e+20,3708355818089201.0
53953.953953953955,1410.4560076971586,0.05070876639920182,280.0,2.5001488228601324e+19,6.318787245412981e-22,380526.04847898765,0.21002602228076783,1,1,1,1.2949282355602218e+22,0.0001474286022858001,4.273687565720301e+20,3702393990363190.5
54054.05405405406,1407.8780040008637,0.05072726040021549,280.0,2.4876668277686436e+19,6.315897940872749e-22,380352.05059033504,0.209409069700479,1,1,1,1.294926201087197e+22,0.00014742862544845617,4.25114789692076e+20,3696411882031720.5
54154.15415415416,1405.300000304569,0.05074623655204388,280.0,2.475247149048101e+19,6.313004665590402e-22,380177.8135781373,0.208791653805148,1,1,1,1.294924170723705e+22,0.00014742864856436477,4.2286766145056506e+20,3690409472602771.0
54254.25425425426,1402.7219966082744,0.05076570740261609,280.0,2.46288947558397e+19,6.310107406809686e-22,380003.3366741955,0.20817377138124782,1,1,1,1.2949221444625019e+22,0.0001474286716336081,4.2062738387016706e+20,3684386742087930.5
54354.35435435436,1400.1439929119797,0.05078568582525369,280.0,2.450593497814957e+19,6.307206151709813e-22,379828.619106424,0.20755541930806667,1,1,1,1.294920122296381e+22,0.00014742869465626796,4.18393968944697e+20,3678343671008307.5
54454.454454454455,1397.565989215685,0.0508061850270471,280.0,2.4383589077252493e+19,6.304300887405044e-22,379653.66009882593,0.2069365945593788,1,1,1,1.2949181042181741e+22,0.0001474287176324258,4.161674286376419e+20,3672280240400468.5
54554.55455455456,1394.9879855193901,0.050827218557444404,280.0,2.4261853988368077e+19,6.301391600944225e-22,379478.45887146506,0.2063172942051244,1,1,1,1.2949160902207522e+22,0.00014742874056216241,4.139477748806656e+20,3666196431822407.0
54654.65465465466,1392.4099818230954,0.050848800317057644,280.0,2.414072666201686e+19,6.298478279310337e-22,379303.0146404385,0.20569751541309803,1,1,1,1.2949140802970254e+22,0.00014742876344555844,4.117350195720925e+20,3660092227359548.0
54754.75475475476,1389.8319781268008,0.050870944566692056,280.0,2.402020406394386e+19,6.29556090942004e-22,379127.32661784964,0.20507725545064454,1,1,1,1.2949120744399437e+22,0.00014742878628269378,4.0952917457536804e+20,3653967609630776.0
54854.85485485486,1387.253974430506,0.05089366593660367,280.0,2.3900283175042675e+19,6.292639478123205e-22,378951.3940117796,0.20445651168636358,1,1,1,1.2949100726424974e+22,0.00014742880907364804,4.0733025171749877e+20,3647822561794499.5
54954.954954954956,1384.6759707342114,0.0509169794359908,280.0,2.378096099127972e+19,6.289713972202458e-22,378775.21602626,0.20383528159182066,1,1,1,1.2949080748977176e+22,0.00014742883181850038,4.051382627874697e+20,3641657067554741.0
55055.05505505506,1382.0979670379165,0.0509409004627252,280.0,2.3662234523619103e+19,6.286784378372697e-22,378598.7918612438,0.20321356274326563,1,1,1,1.2949060811986773e+22,0.00014742885451732936,4.029532195346402e+20,3635471111167261.5
55155.15515515516,1379.5199633416219,0.05096544481332863,280.0,2.35441007979477e+19,6.283850683280638e-22,378422.1207125777,0.20259135282335766,1,1,1,1.294904091538491e+22,0.00014742887717021316,4.007751336671186e+20,3629264677445711.5
55255.25525525526,1376.9419596453272,0.05099062869320081,280.0,2.3426556855000617e+19,6.280912873504317e-22,378245.2017719728,0.20196864962289543,1,1,1,1.2949021059103165e+22,0.00014742889977722946,3.9860401685011386e+20,3623037751767812.5
55355.35535535536,1374.3639559490325,0.05101646872710491,280.0,2.3309599750287135e+19,6.277970935552614e-22,378068.03422697517,0.20134545104255408,1,1,1,1.2949001243073544e+22,0.00014742892233845546,3.964398807042666e+20,3616790320081567.5
55455.455455455456,1371.7859522527378,0.051042981969916704,280.0,2.319322655401685e+19,6.275024855864772e-22,377890.6172609375,0.2007217550946265,1,1,1,1.2948981467228494e+22,0.0001474289448539678,3.942827368039583e+20,3610522368911502.0
55555.55555555556,1369.207948556443,0.0510701859176438,280.0,2.3077434351026373e+19,6.2720746208098975e-22,377712.95005298866,0.20009755990476943,1,1,1,1.2948961731500906e+22,0.00014742896732384265,3.921325966755987e+20,3604233885364932.0
55655.65565565566,1366.6299448601483,0.051098098518721394,280.0,2.2962220240706286e+19,6.269120216686473e-22,377535.0317780043,0.19947286371375395,1,1,1,1.2948942035824121e+22,0.00014742898974815573,3.899894717958926e+20,3597924857138262.5
55755.75575575576,1364.0519411638536,0.05112673818559131,280.0,2.284758133692844e+19,6.266161629721847e-22,377356.8616065766,0.1988476648792193,1,1,1,1.294892238013194e+22,0.00014742901212698214,3.8785337359008367e+20,3591595272523312.5
55855.85585585586,1361.473937467559,0.05115612380657084,280.0,2.2733514767973704e+19,6.263198846071741e-22,377178.438704984,0.19822196187742974,1,1,1,1.294890276435863e+22,0.00014742903446039653,3.857243134301786e+20,3585245120413669.0
55955.95595595596,1358.8959337712643,0.051186274758018666,280.0,2.2620017676459966e+19,6.260231851819731e-22,376999.76223516033,0.19759575330503457,1,1,1,1.2948883188438928e+22,0.00014742905674847292,3.8360230263314933e+20,3578874390311068.5
56056.05605605606,1356.3179300749694,0.051217210916804555,280.0,2.250708721927064e+19,6.257260632976739e-22,376820.8313546641,0.19696903788082973,1,1,1,1.294886365230805e+22,0.00014742907899128487,3.8148735245911425e+20,3572483072331806.0
56156.15615615616,1353.7399263786747,0.05124895267309036,280.0,2.2394720567483388e+19,6.2542851754805125e-22,376641.6452166471,0.19634181444752088,1,1,1,1.29488441559017e+22,0.00014742910118890537,3.7937947410949905e+20,3566071157213174.5
56256.25625625626,1351.16192268238,0.05128152094342953,280.0,2.2282914906299273e+19,6.251305465195105e-22,376462.2029698234,0.19571408197348752,1,1,1,1.2948824699156075e+22,0.0001474291233414068,3.772786787251756e+20,3559638636319923.5
56356.35635635636,1348.5839189860853,0.05131493718419264,280.0,2.217166743497224e+19,6.248321487910346e-22,376282.50375843677,0.19508583955454778,1,1,1,1.2948805282007873e+22,0.00014742914544886107,3.7518497738458156e+20,3553185501650752.5
56456.45645645646,1346.0059152897907,0.051349223405326674,280.0,2.2060975366738952e+19,6.245333229341302e-22,376102.54672222905,0.19445708641572187,1,1,1,1.2948785904394302e+22,0.0001474291675113394,3.7309838110181845e+20,3546711745844826.0
56556.55655655656,1343.4279115934958,0.05138440218445598,280.0,2.1950835928748986e+19,6.242340675127754e-22,375922.330996408,0.19382782191299608,1,1,1,1.2948766566253087e+22,0.00014742918952891253,3.710189008247301e+20,3540217362188316.0
56656.65665665666,1340.849907897201,0.05142049668133261,280.0,2.184124636199541e+19,6.239343810833641e-22,375741.85571161436,0.19319804553508438,1,1,1,1.294874726752248e+22,0.00014742921150165048,3.689465474329611e+20,3533702344620972.0
56756.75675675676,1338.2719042009064,0.05145753065264456,280.0,2.173220392124562e+19,6.236342621946522e-22,375561.11999388883,0.1925677569051877,1,1,1,1.2948728008141265e+22,0.00014742923342962272,3.66881331735994e+20,3527166687742711.0
56856.85685685686,1335.6939005046117,0.05149552846718992,280.0,2.162370587497256e+19,6.2333370938770175e-22,375380.1229646391,0.19193695578275113,1,1,1,1.2948708788048771e+22,0.00014742925531289818,3.648232644711684e+20,3520610386820237.0
56956.95695695696,1333.115896808317,0.051534515121425574,280.0,2.1515749505286386e+19,6.230327211958258e-22,375198.86374060594,0.19130564206521714,1,1,1,1.2948689607184878e+22,0.00014742927715154504,3.627723563016797e+20,3514033437793685.0
57057.05705705706,1330.5378931120222,0.05157451625539909,280.0,2.1408332107866235e+19,6.227312961445321e-22,375017.34143383,0.19067381578977435,1,1,1,1.2948670465490026e+22,0.00014742929894563086,3.6072861781455844e+20,3507435837283287.0
57157.15715715716,1327.9598894157275,0.051615558169072505,280.0,2.130145099189265e+19,6.224294327514651e-22,374835.5551516164,0.19004147713510283,1,1,1,1.294865136290523e+22,0.00014742932069522266,3.586920595186315e+20,3500817582596064.0
57257.25725725726,1325.3818857194328,0.051657667839047114,280.0,2.1195103479980065e+19,6.2212712952635115e-22,374653.50399650185,0.1894086264231118,1,1,1,1.2948632299372074e+22,0.00014742934240038672,3.5666269184246265e+20,3494178671732538.5
57357.35735735736,1322.8038820231382,0.05170087293569833,280.0,2.108928690810974e+19,6.218243849709383e-22,374471.1870662184,0.18877526412067266,1,1,1,1.2948613274832743e+22,0.00014742936406118859,3.546405251322766e+20,3487519103393474.0
57457.45745745746,1320.2258783268435,0.05174520184072993,280.0,2.0983998625563087e+19,6.215211975789387e-22,374288.60345365887,0.18814139084134435,1,1,1,1.2948594289230014e+22,0.00014742938567769326,3.526255696498636e+20,3480838876986634.0
57557.557557557564,1317.6478746305486,0.05179068366515725,280.0,2.0879235994855186e+19,6.212175658359708e-22,374105.7522468419,0.18750700734709083,1,1,1,1.2948575342507277e+22,0.00014742940724996498,3.506178355704659e+20,3474137992633564.5
57657.65765765766,1315.069870934254,0.051837348267728914,280.0,2.0774996391668826e+19,6.209134882194986e-22,373922.6325288753,0.1868721145499907,1,1,1,1.294855643460854e+22,0.00014742942877806725,3.486173329806478e+20,3467416451176399.5
57757.75775775776,1312.4918672379592,0.05188522627379695,280.0,2.0671277204788646e+19,6.206089631987715e-22,373739.2433779201,0.18623671351393653,1,1,1,1.2948537565478444e+22,0.00014742945026206288,3.466240718761462e+20,3460674254184684.5
57857.85785785786,1309.9138635416646,0.05193434909464534,280.0,2.0568075836035813e+19,6.203039892347656e-22,373555.583867155,0.18560080545632482,1,1,1,1.294851873506227e+22,0.000147429471702014,3.44638062159706e+20,3453911403962224.0
57957.95795795796,1307.33585984537,0.05198474894728712,280.0,2.0465389700202897e+19,6.1999856478012e-22,373371.65306473797,0.18496439174973486,1,1,1,1.2948499943305953e+22,0.00014742949309798196,3.4265931363889794e+20,3447127903553949.0
58058.058058058064,1304.757856149075,0.052036458874740496,280.0,2.0363216224989086e+19,6.1969268827907745e-22,373187.45003377064,0.18432747392359583,1,1,1,1.294848119015609e+22,0.0001474295144500273,3.406878360239198e+20,3440323756752802.5
58158.15815815816,1302.1798524527803,0.0520895127667943,280.0,2.0261552850935837e+19,6.193863581674206e-22,373002.9738322597,0.1836900536658415,1,1,1,1.2948462475559957e+22,0.0001474295357582099,3.387236389253825e+20,3433498968106648.5
58258.25825825826,1299.6018487564857,0.05214394538127375,280.0,2.0160397031362675e+19,6.1907957287240995e-22,372818.22351308004,0.18305213282455146,1,1,1,1.2948443799465518e+22,0.00014742955702258875,3.367667318520791e+20,3426653542925195.0
58358.35835835836,1297.023845060191,0.05219979236581721,280.0,2.0059746232303423e+19,6.187723308127193e-22,372633.1981239352,0.18241371340957804,1,1,1,1.2948425161821435e+22,0.00014742957824322216,3.3481712420873975e+20,3419787487286939.0
58458.45845845846,1294.4458413638963,0.05225709028017501,280.0,1.9959597932442763e+19,6.184646303983736e-22,372447.8967073203,0.18177479759415852,1,1,1,1.2948406562577088e+22,0.00014742959942016745,3.328748252937714e+20,3412900808046129.0
58558.558558558565,1291.8678376676014,0.0523158766190416,280.0,1.9859949623052993e+19,6.181564700306829e-22,372262.3183004823,0.18113538771651072,1,1,1,1.2948388001682578e+22,0.00014742962055348132,3.3093984429698266e+20,3405993512839744.0
58658.65865865866,1289.2898339713067,0.05237618983543239,280.0,1.976079880793129e+19,6.1784784810217625e-22,372076.46193538024,0.1804954862814129,1,1,1,1.2948369479088749e+22,0.00014742964164321951,3.290121902972956e+20,3399065610094492.0
58758.75875875876,1286.711830275012,0.05243806936461687,280.0,1.9662143003337105e+19,6.175387629965386e-22,371890.32663864683,0.17985509596176472,1,1,1,1.2948350994747195e+22,0.00014742966268943688,3.270918722604425e+20,3392117109033820.0
58858.85885885886,1284.1338265787174,0.05250155564861962,280.0,1.9563979737929957e+19,6.172292130885411e-22,371703.911431547,0.17921421960013006,1,1,1,1.2948332548610278e+22,0.00014742968369218758,3.251788990366506e+20,3385148019684944.5
58958.95895895896,1281.5558228824227,0.052566690161301215,280.0,1.946630655270756e+19,6.169191967439772e-22,371517.2153299392,0.17857286021026092,1,1,1,1.2948314140631143e+22,0.00014742970465152463,3.232732793583138e+20,3378158352885896.5
59059.059059059065,1278.9778191861278,0.052633515434030984,280.0,1.9369121000944144e+19,6.166087123195915e-22,371330.23734423233,0.1779310209785994,1,1,1,1.2948295770763726e+22,0.00014742972556750034,3.213750218376522e+20,3371148120292578.5
59159.159159159164,1276.3998154898331,0.05270207508196377,280.0,1.9272420648129294e+19,6.162977581630138e-22,371142.9764793464,0.17728870526576043,1,1,1,1.2948277438962775e+22,0.00014742974644016603,3.194841349643601e+20,3364117334385841.0
59259.25925925926,1273.8218117935385,0.05277241383093327,280.0,1.9176203071906832e+19,6.15986332612689e-22,370955.43173467,0.17664591660798984,1,1,1,1.2948259145183866e+22,0.00014742976726957207,3.1760062710324206e+20,3357066008478564.5
59359.35935935936,1271.2438080972438,0.05284457754497407,280.0,1.9080465862014226e+19,6.156744339978075e-22,370767.6021040189,0.17600265871860074,1,1,1,1.294824088938341e+22,0.00014742978805576786,3.157245064918392e+20,3349994156722763.5
59459.45945945946,1268.6658044009491,0.052918613254485374,280.0,1.8985206620222177e+19,6.153620606382351e-22,370579.48657559295,0.17535893548938541,1,1,1,1.2948222671518679e+22,0.0001474298087988019,3.1385578123804495e+20,3342901794116696.0
59559.559559559566,1266.0878007046542,0.05299456918504893,280.0,1.8890422960274522e+19,6.150492108444408e-22,370391.0841319335,0.17471475099200126,1,1,1,1.2948204491547815e+22,0.00014742982949872164,3.1199445931771114e+20,3335788936511987.5
59659.659659659665,1263.5097970083596,0.05307249478691423,280.0,1.879611250782852e+19,6.147358829174265e-22,370202.39374988043,0.1740701094793317,1,1,1,1.2948186349429852e+22,0.0001474298501555735,3.101405485722457e+20,3328655600620768.0
59759.75975975976,1260.9317933120649,0.05315244076516392,280.0,1.8702272900395323e+19,6.144220751486533e-22,370013.4144005283,0.17342501538681898,1,1,1,1.294816824512473e+22,0.00014742987076940287,3.082940567062006e+20,3321501804022813.0
59859.85985985986,1258.3537896157702,0.053234459110572556,280.0,1.860890178728081e+19,6.141077858199691e-22,369824.14504918223,0.1727794733337693,1,1,1,1.294815017859331e+22,0.00014742989134025418,3.06454991284853e+20,3314327565172701.5
59959.95995995997,1255.7757859194753,0.05331860313117206,280.0,1.8515996829526696e+19,6.137930132035341e-22,369634.5846553134,0.17213348812462864,1,1,1,1.2948132149797396e+22,0.0001474299118681707,3.046233597317792e+20,3307132903406978.5
60060.06006006007,1253.1977822231806,0.05340492748453701,280.0,1.8423555699851958e+19,6.134777555617462e-22,369444.73217251385,0.17148706475022893,1,1,1,1.2948114158699753e+22,0.0001474299323531946,3.027991693264214e+20,3299917838951329.0
60160.160160160165,1250.619778526886,0.053493488210803554,280.0,1.8331576082594523e+19,6.131620111471668e-22,369254.5865484522,0.17084020838900213,1,1,1,1.2948096205264123e+22,0.00014742995279536702,3.009824272016485e+20,3292682392927755.5
60260.260260260264,1248.0417748305913,0.053584342766435034,280.0,1.824005567365326e+19,6.128457782024425e-22,369064.14672482596,0.17019292440816336,1,1,1,1.2948078289455243e+22,0.00014742997319472785,2.991731403413121e+20,3285426587361765.5
60360.36036036036,1245.4637711342966,0.05367755005874833,280.0,1.8148992180430264e+19,6.125290549602305e-22,368873.4116373171,0.16954521836486003,1,1,1,1.294806041123887e+22,0.00014742999355131593,2.973713155777971e+20,3278150445189565.5
60460.46046046047,1242.8857674380017,0.05377317048121426,280.0,1.8058383321773433e+19,6.12211839643119e-22,368682.38021554373,0.1688970960072869,1,1,1,1.2948042570581796e+22,0.00014743001386516888,2.9557695958956874e+20,3270853990265257.5
60560.56056056057,1240.307763741707,0.05387126594954587,280.0,1.796822682791931e+19,6.118941304635508e-22,368491.0513830145,0.1682485632757667,1,1,1,1.2948024767451868e+22,0.00014743003413632307,2.9379007889871664e+20,3263537247368045.0
60660.660660660666,1237.7297600454124,0.05397189993858839,280.0,1.7878520440436242e+19,6.115759256237427e-22,368299.4240570794,0.16759962630379352,1,1,1,1.2948007001818013e+22,0.00014743005436481375,2.9201067986849494e+20,3256200242209437.0
60760.760760760764,1235.1517563491177,0.054075137520024394,280.0,1.7789261912167797e+19,6.112572233156058e-22,368107.49714888283,0.16695029141903983,1,1,1,1.2947989273650252e+22,0.00014743007455067484,2.902387687008619e+20,3248843001440459.5
60860.86086086086,1232.573752652823,0.054181045400908075,280.0,1.7700449007176466e+19,6.109380217206657e-22,367915.26956331416,0.16630056514432473,1,1,1,1.2947971582919732e+22,0.00014743009469393896,2.884743514340177e+20,3241465552658868.0
60960.96096096097,1229.9957489565281,0.05428969196304231,280.0,1.7612079500687665e+19,6.106183190099795e-22,367722.74019895913,0.16565045419854338,1,1,1,1.2947953929598737e+22,0.00014743011479463752,2.867174339399415e+20,3234067924416360.5
61061.06106106107,1227.4177452602335,0.05440114730321209,280.0,1.7524151179034001e+19,6.102981133440544e-22,367529.9079480497,0.16499996549755594,1,1,1,1.2947936313660718e+22,0.00014743013485280055,2.8496802192192985e+20,3226650146225795.0
61161.161161161166,1224.8397415639388,0.05451548327428808,280.0,1.7436661839599817e+19,6.099774028727652e-22,367336.77169641515,0.164349106155035,1,1,1,1.2947918735080314e+22,0.0001474301548684567,2.8322612091213467e+20,3219212248568400.0
61261.261261261265,1222.2617378676441,0.054632773527213754,280.0,1.7349609290766008e+19,6.096561857352679e-22,367143.3303234297,0.1636978834832713,1,1,1,1.2947901193833375e+22,0.00014743017484163338,2.8149173626910425e+20,3211754262900991.0
61361.36136136136,1219.6837341713494,0.05475309355388948,280.0,1.7262991351855145e+19,6.093344600599182e-22,366949.5827019634,0.1630463049939356,1,1,1,1.2947883689896986e+22,0.00014743019477235635,2.7976487317532652e+20,3204276221663181.0
61461.46146146147,1217.1057304750545,0.05487652073096705,280.0,1.7176805853076816e+19,6.090122239641831e-22,366755.5276983289,0.16239437839879642,1,1,1,1.2947866223249493e+22,0.0001474302146606502,2.7804553663477547e+20,3196778158284589.5
61561.56156156157,1214.5277267787599,0.05500313436456754,280.0,1.7091050635473302e+19,6.086894755545552e-22,366561.1641722303,0.1617421116103926,1,1,1,1.2947848793870526e+22,0.00014743023450653785,2.7633373147046268e+20,3189260107192050.0
61661.66166166167,1211.9497230824652,0.05513301573593577,280.0,1.7005723550865476e+19,6.083662129264657e-22,366366.4909767098,0.1610895127426592,1,1,1,1.2947831401741025e+22,0.00014743025431004087,2.7462946232199253e+20,3181722103816807.0
61761.761761761765,1209.3717193861705,0.05526624814804384,280.0,1.6920822461798996e+19,6.080424341641959e-22,366171.5069580955,0.16043659011150638,1,1,1,1.2947814046843271e+22,0.00014743027407117918,2.7293273364312464e+20,3174164184601714.0
61861.861861861864,1206.7937156898759,0.05540291697315639,280.0,1.683634524149077e+19,6.077181373407878e-22,365976.21095594676,0.15978335223534973,1,1,1,1.2947796729160905e+22,0.00014743029378997132,2.7124354969934237e+20,3166586387008422.5
61961.96196196197,1204.215711993581,0.055543109701369886,280.0,1.6752289773775663e+19,6.073933205179536e-22,365780.601803,0.1591298078355915,1,1,1,1.2947779448678962e+22,0.00014743031346643406,2.695619145654291e+20,3158988749524562.5
62062.06206206207,1201.6377082972863,0.05568691599013761,280.0,1.6668653953053503e+19,6.070679817459859e-22,365584.67832511466,0.15847596583705148,1,1,1,1.2947762205383897e+22,0.00014743033310058267,2.678878321230534e+20,3151371311670918.5
62162.16216216217,1199.0597046009916,0.05583442771479228,280.0,1.6585435684236329e+19,6.067421190636646e-22,365388.4393412171,0.15782183536834657,1,1,1,1.2947744999263609e+22,0.00014743035269243072,2.6622130605836252e+20,3143734114008590.0
62262.262262262266,1196.481700904697,0.05598573902007713,280.0,1.6502632882695901e+19,6.064157304981644e-22,365191.8836632447,0.1571674257622181,1,1,1,1.2947727830307475e+22,0.00014743037224199018,2.6456233985958724e+20,3136077198146148.0
62362.362362362364,1193.9036972084023,0.05614094637269643,280.0,1.6420243474211492e+19,6.060888140649604e-22,364995.0100960895,0.15651274655580633,1,1,1,1.294771069850638e+22,0.00014743039174927117,2.6291093681465734e+20,3128400606746778.0
62462.46246246247,1191.3256935121074,0.05630014861489564,280.0,1.6338265394917929e+19,6.057613677677352e-22,364797.81743754155,0.15585780749087055,1,1,1,1.2947693603852745e+22,0.00014743041121428218,2.612671000088291e+20,3120704383535408.0
62562.56256256257,1188.7476898158127,0.05646344701908086,280.0,1.6256696591253877e+19,6.054333895982806e-22,364600.3044782303,0.15520261851395456,1,1,1,1.294767654634056e+22,0.00014743043063702985,2.5963083232232643e+20,3112988573305830.0
62662.66266266267,1186.169686119518,0.056630945343487,280.0,1.6175535019910414e+19,6.051048775364018e-22,364402.47000156686,0.15454718977649545,1,1,1,1.2947659525965413e+22,0.000147430450017519,2.5800213642799468e+20,3105253221927797.5
62762.762762762766,1183.5916824232233,0.056802749888902854,280.0,1.6094778647779842e+19,6.047758295498217e-22,364204.31278368586,0.1538915316348768,1,1,1,1.2947642542724523e+22,0.00014743046935575269,2.563810147889704e+20,3097498376354117.0
62862.862862862865,1181.0136787269287,0.056978969556461256,280.0,1.6014425451904745e+19,6.044462435940776e-22,364005.83159338386,0.15323565465042302,1,1,1,1.2947625596616773e+22,0.00014743048865173194,2.5476746965636658e+20,3089724084627717.0
62962.96296296297,1178.4356750306338,0.05715971590650125,280.0,1.5934473419427338e+19,6.041161176124261e-22,363807.0251920617,0.15257956958933597,1,1,1,1.2947608687642749e+22,0.00014743050790545594,2.5316150306697416e+20,3081930395888702.0
63063.06306306307,1175.857671334339,0.05734510321850857,280.0,1.5854920547539014e+19,6.037854495357388e-22,363607.8923336618,0.1519232874225719,1,1,1,1.2947591815804762e+22,0.0001474305271169218,2.5156311684098235e+20,3074117360381389.0
63163.16316316317,1173.2796676380444,0.05753524855214008,280.0,1.5775764843430203e+19,6.034542372824025e-22,363408.4317646082,0.1512668193256581,1,1,1,1.2947574981106896e+22,0.00014743054628612478,2.4997231257971602e+20,3066285029461318.0
63263.26326326327,1170.7016639417498,0.05773027180933639,280.0,1.5697004324240433e+19,6.031224787582156e-22,363208.64222374384,0.1506101766784486,1,1,1,1.2947558183555033e+22,0.00014743056541305797,2.4838909166339408e+20,3058433455602250.5
63363.363363363365,1168.123660245455,0.05793029579752629,280.0,1.561863701700866e+19,6.027901718562836e-22,363008.522442268,0.14995337106481818,1,1,1,1.2947541423156896e+22,0.00014743058449771235,2.4681345524890786e+20,3050562692403139.0
63463.46346346347,1165.5456565491602,0.05813544629392539,280.0,1.5540660958623863e+19,6.024573144569145e-22,362808.07114367286,0.14929641427229373,1,1,1,1.2947524699922085e+22,0.00014743060354007687,2.45245404267621e+20,3042672794595075.5
63563.56356356357,1162.9676528528655,0.058345852110930185,280.0,1.5463074195775838e+19,6.021239044275122e-22,362607.2870436799,0.14863931829162216,1,1,1,1.2947508013862113e+22,0.00014743062254013822,2.436849394231926e+20,3034763818048219.0
63663.66366366367,1160.3896491565708,0.058561645162607465,280.0,1.5385874784906295e+19,6.0178993962246975e-22,362406.1688501751,0.14798209531627438,1,1,1,1.2947491364990444e+22,0.0001474306414978809,2.421320611894227e+20,3026835819778690.0
63763.76376376377,1157.8116454602762,0.058782960532277814,280.0,1.5309060792160158e+19,6.0145541788306e-22,362204.7152631433,0.14732475774188447,1,1,1,1.294747475332253e+22,0.0001474306604132871,2.4058676980812343e+20,3018888857955444.0
63863.863863863866,1155.2336417639815,0.05900993654119019,280.0,1.5232630293337119e+19,6.011203370373267e-22,362002.92497460265,0.14666731816562353,1,1,1,1.294745817887586e+22,0.00014743067928633675,2.3904906528701514e+20,3010922991907116.5
63963.96396396397,1152.6556380676866,0.05924271481828358,280.0,1.515658137384345e+19,6.007846948999735e-22,361800.79666853766,0.14600978938550732,1,1,1,1.2947441641669991e+22,0.0001474306981170074,2.3751894739764924e+20,3002938282128835.0
64064.06406406407,1150.077634371392,0.05948144037102933,280.0,1.508091212864403e+19,6.004484892722519e-22,361598.32902083173,0.14535218439963712,1,1,1,1.2947425141726594e+22,0.0001474307169052742,2.3599641567335884e+20,2994934790289006.5
64164.16416416417,1147.4996306750973,0.059726261657346943,280.0,1.5005620662214625e+19,6.001117179418475e-22,361395.52069919877,0.14469451640537342,1,1,1,1.2947408679069494e+22,0.00014743073565110982,2.3448146940723714e+20,2986912579236066.0
64264.26426426427,1144.9216269788026,0.05997733065858327,280.0,1.493070508849441e+19,5.997743786827668e-22,361192.37036311487,0.14403679879844172,1,1,1,1.2947392253724713e+22,0.0001474307543544845,2.329741076501462e+20,2978871713005197.0
64364.364364364366,1142.343623282508,0.060234802953543935,280.0,1.4856163530838716e+19,5.994364692552205e-22,360988.8766637483,0.14337904517196967,1,1,1,1.2947375865720516e+22,0.00014743077301536582,2.314743292087559e+20,2970812256825016.0
64464.46446446447,1139.765619586213,0.06049883779356331,280.0,1.4781994121972036e+19,5.990979874055076e-22,360785.0382438891,0.14272126931545548,1,1,1,1.2947359515087454e+22,0.00014743079163371883,2.2998213264361446e+20,2962734277124222.0
64564.56456456457,1137.1876158899183,0.06076959817859684,280.0,1.470819500394122e+19,5.987589308658963e-22,360580.85373787826,0.1420634852136669,1,1,1,1.2947343201858409e+22,0.00014743081020950595,2.2849751626725176e+20,2954637841538208.5
64664.66466466467,1134.6096121936237,0.06104725093431825,280.0,1.4634764328068966e+19,5.98419297354506e-22,360376.3217715358,0.1414057070454701,1,1,1,1.2947326926068637e+22,0.0001474308287426868,2.2702047814231566e+20,2946523018915635.0
64764.76476476477,1132.031608497329,0.06133196679020015,280.0,1.456170025490749e+19,5.980790845751848e-22,360171.44096208754,0.1407479491825883,1,1,1,1.2947310687755824e+22,0.00014743084723321833,2.2555101607974345e+20,2938389879324962.5
64864.86486486487,1129.4536048010343,0.061623920458555206,280.0,1.4489000954192445e+19,5.977382902173886e-22,359966.2099180921,0.14009022618828987,1,1,1,1.2947294486960122e+22,0.0001474308656810546,2.2408912763696864e+20,2930238494060945.0
64964.96496496497,1126.8756011047394,0.061923290714511726,280.0,1.4416664604797094e+19,5.973969119560581e-22,359760.6272393668,0.13943255281600525,1,1,1,1.2947278323724208e+22,0.00014743088408614692,2.226348101161641e+20,2922068935651080.0
65065.06506506507,1124.2975974084447,0.062230260476894284,280.0,1.4344689394686665e+19,5.970549474514943e-22,359554.6915169127,0.13877494400787238,1,1,1,1.2947262198093321e+22,0.0001474309024484435,2.2118806056252342e+20,2913881277862015.5
65165.16516516517,1121.71959371215,0.06254501688997777,280.0,1.4273073520872976e+19,5.96712394349231e-22,359348.4013328381,0.13811741489321053,1,1,1,1.2947246110115325e+22,0.0001474309207678897,2.197488757625796e+20,2905675595705908.5
65265.26526526527,1119.1415900158554,0.06286775140607888,280.0,1.4201815189369266e+19,5.963692502799083e-22,359141.7552602818,0.13745998078692226,1,1,1,1.2947230059840752e+22,0.00014743093904442785,2.1831725224256432e+20,2897451965446740.0
65365.36536536537,1116.5635863195607,0.06319865986894643,280.0,1.413091261514525e+19,5.960255128591451e-22,358934.75186333666,0.1368026571878233,1,1,1,1.2947214047322856e+22,0.00014743095727799707,2.168931862668072e+20,2889210464606580.0
65465.46546546547,1113.9855826232658,0.063537942597908,280.0,1.4060364022082417e+19,5.956811796874063e-22,358727.3896969698,0.13614545977689982,1,1,1,1.2947198072617664e+22,0.0001474309754685334,2.1547667383617647e+20,2880951171971804.0
65565.56556556557,1111.4075789269712,0.06388580447272627,280.0,1.3990167642929519e+19,5.9533624834987385e-22,358519.66730694467,0.13548840441549384,1,1,1,1.294718213578403e+22,0.00014743099361596968,2.1406771068656252e+20,2872674167599258.5
65665.66566566567,1108.8295752306765,0.0642424550191151,280.0,1.3920321719258317e+19,5.949907164163118e-22,358311.5832297396,0.1348315071434153,1,1,1,1.2947166236883689e+22,0.0001474310117202354,2.1266629228740375e+20,2864379532822370.5
65765.76576576577,1106.2515715343818,0.06460810849486037,280.0,1.3850824501419522e+19,5.946445814409328e-22,358103.135992468,0.1341747841769822,1,1,1,1.2947150375981314e+22,0.00014743102978125676,2.1127241384025774e+20,2856067350257206.0
65865.86586586587,1103.6735678380871,0.06498298397648651,280.0,1.378167424849898e+19,5.942978409622615e-22,357894.3241127955,0.13351825190698777,1,1,1,1.294713455314457e+22,0.00014743104779895653,2.0988607027741717e+20,2847737703808473.0
65965.96596596597,1101.0955641417925,0.06536730544640537,280.0,1.3712869228274043e+19,5.939504925029972e-22,357685.1460988577,0.13286192689659515,1,1,1,1.2947118768444165e+22,0.000147431065773254,2.0850725626057182e+20,2839390678675464.0
66066.06606606607,1098.5175604454978,0.06576130188047843,280.0,1.3644407717170186e+19,5.936025335698749e-22,357475.6004491761,0.13220582587915958,1,1,1,1.2947103021953916e+22,0.000147431083704065,2.0713596617951783e+20,2831026361357943.5
66166.16616616616,1095.9395567492031,0.06616520733591881,280.0,1.3576288000217846e+19,5.932539616535244e-22,357265.68565257353,0.13154996575597797,1,1,1,1.2947087313750804e+22,0.00014743110159130162,2.0577219415091465e+20,2822644839661972.5
66266.26626626628,1093.361553052908,0.06657926103945415,280.0,1.350850837100941e+19,5.929047742283291e-22,357055.4001880889,0.13089436359396636,1,1,1,1.294707164391503e+22,0.00014743111943487237,2.0441593401709088e+20,2814246202705669.5
66366.36636636638,1090.7835493566133,0.067003707475665,280.0,1.3441067131656559e+19,5.925549687522798e-22,356844.7425248894,0.13023903662326555,1,1,1,1.2947056012530077e+22,0.00014743113723468207,2.030671793449005e+20,2805830540924916.0
66466.46646646647,1088.2055456603186,0.06743879647540958,280.0,1.3373962592747645e+19,5.922045426668326e-22,356633.71112218476,0.129584002234774,1,1,1,1.2947040419682768e+22,0.00014743115499063164,2.0172592342462792e+20,2797397946078983.0
66566.56656656657,1085.627541964024,0.06788478330423657,280.0,1.3307193073305424e+19,5.918534933967594e-22,356422.3044291372,0.12892927797761017,1,1,1,1.2947024865463332e+22,0.0001474311727026181,2.0039215926894625e+20,2788948511256102.0
66666.66666666667,1083.0495382677293,0.06834192875068394,280.0,1.3240756900744921e+19,5.915018183500001e-22,356210.5208847725,0.12827488155650285,1,1,1,1.294700934996546e+22,0.00014743119037053474,1.990658796119269e+20,2780482330878964.5
66766.76676676677,1080.4715345714346,0.06881049921435403,280.0,1.317465241083155e+19,5.911495149175118e-22,355998.3589178893,0.1276208308291113,1,1,1,1.2946993873286372e+22,0.00014743120799427052,1.977470769081024e+20,2771999500710148.5
66866.86686686687,1077.89353087514,0.06929076679364785,280.0,1.3108877947639423e+19,5.907965804731171e-22,355785.81694696733,0.12696714380327423,1,1,1,1.2946978435526874e+22,0.00014743122557371054,1.964357433315829e+20,2763500117857475.5
66966.96696696697,1075.3155271788453,0.06978300937303498,280.0,1.3043431863509854e+19,5.904430123733509e-22,355572.8933800757,0.12631383863418916,1,1,1,1.2946963036791428e+22,0.00014743124310873568,1.9513187077522758e+20,2754984280779294.0
67067.06706706707,1072.7375234825506,0.0702875107097278,280.0,1.2978312519010101e+19,5.90088807957303e-22,355359.58661477774,0.12566093362152225,1,1,1,1.2946947677188212e+22,0.0001474312605992226,1.938354508498711e+20,2746452089289686.0
67167.16716716716,1070.159519786256,0.07080456051962042,280.0,1.291351828289229e+19,5.897339645464631e-22,355145.8950380377,0.1250084472064491,1,1,1,1.294693235682919e+22,0.00014743127804504356,1.9254647488360638e+20,2737903644563598.0
67267.26726726728,1067.5815160899608,0.07133445456234559,280.0,1.2849047532052533e+19,5.893784794445589e-22,354931.81702612335,0.12435639796862698,1,1,1,1.2946917075830172e+22,0.00014743129544606654,1.91264933921124e+20,2729339049141891.5
67367.36736736738,1065.0035123936661,0.07187749472529285,280.0,1.2784898651490337e+19,5.890223499373982e-22,354717.35094451095,0.12370480462310025,1,1,1,1.2946901834310883e+22,0.0001474313128021551,1.899908187231099e+20,2720758406936319.0
67467.46746746748,1062.4255086973715,0.07243398910642497,280.0,1.272107003426806e+19,5.886655732927034e-22,354502.4951477853,0.12305368601713718,1,1,1,1.2946886632395032e+22,0.00014743133011316806,1.887241197656997e+20,2712161823234405.0
67567.56756756757,1059.8475050010768,0.0730042520957175,280.0,1.265756008147071e+19,5.883081467599486e-22,354287.24797954195,0.122403061127002,1,1,1,1.2946871470210373e+22,0.00014743134737895989,1.874648272399935e+20,2703549404704255.5
67667.66766766767,1057.2695013047821,0.0735886044550394,280.0,1.2594367202165875e+19,5.879500675701918e-22,354071.607772286,0.12175294905466058,1,1,1,1.2946856347888777e+22,0.00014743136459938018,1.862129310516294e+20,2694921259399276.5
67767.76776776777,1054.6914976084875,0.07418737339628217,280.0,1.253148981336388e+19,5.875913329359074e-22,353855.57284733123,0.12110336902442162,1,1,1,1.29468412655663e+22,0.00014743138177427382,1.8496842082041725e+20,2686277496762803.5
67867.86786786787,1052.1134939121928,0.07480089265753442,280.0,1.2468926339978125e+19,5.872319400508145e-22,353639.1415146967,0.12045434037951436,1,1,1,1.2946826223383252e+22,0.0001474313989034809,1.837312858800332e+20,2677618227632645.5
67967.96796796797,1049.535490215898,0.07542950257708936,280.0,1.2406675214785632e+19,5.868718860897054e-22,353422.31207300356,0.1198058825786027,1,1,1,1.294681122148426e+22,0.0001474314159868365,1.8250151527777547e+20,2668943564245532.0
68068.06806806807,1046.9574865196034,0.07607355016506137,280.0,1.2344734878387786e+19,5.86511168208271e-22,353205.08280936984,0.1191580151922382,1,1,1,1.2946796260018344e+22,0.00014743143302417078,1.812790977743819e+20,2660253620241473.0
68168.16816816817,1044.3794828233088,0.07673338917237722,280.0,1.2283103779171277e+19,5.861497835429235e-22,352987.45199930354,0.11851075789925168,1,1,1,1.2946781339138986e+22,0.0001474314500153088,1.8006402184390984e+20,2651548510668019.0
68268.26826826828,1041.8014791270136,0.07740938015689619,280.0,1.2221780373269189e+19,5.857877292106186e-22,352769.41790659586,0.11786413048308474,1,1,1,1.2946766459004193e+22,0.00014743146696007042,1.7885627567367884e+20,2642828351984425.0
68368.36836836838,1039.223475430719,0.07810189054640097,280.0,1.2160763124522424e+19,5.854250023086742e-22,352550.9787832116,0.11721815282806367,1,1,1,1.2946751619776576e+22,0.0001474314838582703,1.7765584716427726e+20,2634093262065722.0
68468.46846846848,1036.6454717344243,0.0788112946981919,280.0,1.2100050504441117e+19,5.8506159991458895e-22,352332.13286918047,0.1165728449156142,1,1,1,1.2946736821623409e+22,0.0001474315007097178,1.7646272392963097e+20,2625343360206675.0
68568.56856856857,1034.0674680381296,0.07953797395500053,280.0,1.2039640992166406e+19,5.846975190858541e-22,352112.8783924833,0.11592822682042096,1,1,1,1.2946722064716706e+22,0.00014743151751421684,1.7527689329713798e+20,2616578767125651.0
68668.66866866867,1031.489464341835,0.08028231669693078,280.0,1.1979533074432301e+19,5.8433275685977e-22,351893.21356894146,0.11528431870653144,1,1,1,1.2946707349233291e+22,0.00014743153427156588,1.740983423078666e+20,2607799604968374.5
68768.76876876877,1028.9114606455403,0.08104471838911972,280.0,1.1919725245527814e+19,5.83967310253254e-22,351673.13660210173,0.114641140823406,1,1,1,1.2946692675354864e+22,0.00014743155098155786,1.7292705771681864e+20,2599005997311580.5
68868.86886886887,1026.3334569492456,0.08182558162479914,280.0,1.1860216007259208e+19,5.836011762626505e-22,351452.64568312146,0.11399871350191544,1,1,1,1.294667804326807e+22,0.00014743156764398003,1.7176302599325784e+20,2590198069166557.0
68968.96896896897,1023.7554532529509,0.08262531616342444,280.0,1.1801003868912482e+19,5.832343518635354e-22,351231.7389906509,0.11335705715028735,1,1,1,1.2946663453164575e+22,0.00014743158425861396,1.7060623332110375e+20,2581375946982579.0
69069.06906906907,1021.1774495566563,0.08344433896352507,280.0,1.1742087347216032e+19,5.828668340105214e-22,351010.41469071596,0.11271619225000248,1,1,1,1.294664890524112e+22,0.00014743160082523543,1.694566655993913e+20,2572539758650227.5
69169.16916916918,1018.5994458603611,0.08428307420991643,280.0,1.1683464966303478e+19,5.824986196370579e-22,350788.6709365977,0.1120761393516431,1,1,1,1.2946634399699603e+22,0.00014743161734361438,1.683143084427962e+20,2563689633504594.5
69269.26926926928,1016.0214421640665,0.08514195333489849,280.0,1.1625135257676718e+19,5.821297056552308e-22,350566.5058687119,0.1114369190706944,1,1,1,1.2946619936747146e+22,0.0001474316338135147,1.6717914718222732e+20,2554825702328378.5
69369.36936936938,1013.4434384677718,0.08602141503305608,280.0,1.1567096760169116e+19,5.817600889555593e-22,350343.9176144865,0.1107985520833003,1,1,1,1.294660551659615e+22,0.00014743165023469438,1.6605116686548383e+20,2545948097354848.0
69469.46946946948,1010.8654347714771,0.0869219052692555,280.0,1.1509348019908915e+19,5.813897664067889e-22,350120.90428823687,0.11016105912197591,1,1,1,1.2946591139464372e+22,0.0001474316666069053,1.6493035225798017e+20,2537056952270696.5
69569.56956956958,1008.2874310751824,0.08784387727942405,280.0,1.1451887590282824e+19,5.810187348556835e-22,349897.4639910412,0.10952446097127762,1,1,1,1.2946576805574987e+22,0.00014743168292989306,1.6381668784353716e+20,2528152402218771.5
69669.66966966967,1005.7094273788878,0.08878779156368136,280.0,1.1394714031899744e+19,5.806469911268149e-22,349673.59481061273,0.10888877846343276,1,1,1,1.2946562515156651e+22,0.00014743169920339714,1.627101578252396e+20,2519234583800677.0
69769.76976976977,1003.1314236825931,0.08975411587137791,280.0,1.1337825912554766e+19,5.80274532022349e-22,349449.2948211721,0.10825403247393052,1,1,1,1.2946548268443567e+22,0.00014743171542715063,1.6161074612636077e+20,2510303635079252.0
69869.86986986987,1000.5534199862984,0.09074332517758252,280.0,1.1281221807193246e+19,5.799013543218293e-22,349224.56208331586,0.10762024391707556,1,1,1,1.2946534065675543e+22,0.00014743173160088028,1.6051843639135335e+20,2501359695580920.0
69969.96996996997,997.9754162900037,0.09175590165054581,280.0,1.122490029787514e+19,5.795274547819579e-22,348999.39464388567,0.10698743374150654,1,1,1,1.2946519907098056e+22,0.00014743174772430639,1.594332119869073e+20,2492402906297906.0
70070.07007007007,995.3974125937091,0.09279233460965283,280.0,1.1168859973739463e+19,5.791528301363756e-22,348773.7905358351,0.1063556229256808,1,1,1,1.294650579296231e+22,0.00014743176379714267,1.5835505600307416e+20,2483433409690324.0
70170.17017017018,992.819408897414,0.09385312047336462,280.0,1.1113099430968949e+19,5.787774770954349e-22,348547.7477780932,0.10572483247332758,1,1,1,1.294649172352529e+22,0.0001474317798190963,1.5728395125445768e+20,2474451349688126.0
70270.27027027028,990.2414052011193,0.09493876269663389,280.0,1.105761727275491e+19,5.784013923459768e-22,348321.2643754302,0.10509508340887129,1,1,1,1.2946477699049823e+22,0.0001474317957898678,1.5621988028147165e+20,2465456871692921.5
70370.37037037038,987.6634015048246,0.09604977169726953,280.0,1.1002412109262211e+19,5.780245725510969e-22,348094.33831831627,0.10446639677282629,1,1,1,1.2946463719804627e+22,0.00014743181170915096,1.5516282535166247e+20,2456450122579645.0
70470.47047047048,985.0853978085299,0.09718666477070709,280.0,1.094748255759447e+19,5.776470143499156e-22,347866.9675827837,0.10383879361716633,1,1,1,1.2946449786064366e+22,0.00014743182757663288,1.541127684610991e+20,2447431250698096.5
70570.57057057058,982.5073941122353,0.09834996599263512,280.0,1.0892827241759422e+19,5.7726871435734215e-22,347639.15013028425,0.10321229500066909,1,1,1,1.2946435898109699e+22,0.0001474318433919937,1.5306969133582818e+20,2438400405874330.5
70670.67067067068,979.9293904159406,0.0995402061089121,280.0,1.083844479263445e+19,5.76889669163835e-22,347410.8839075452,0.10258692198423913,1,1,1,1.2946422056227321e+22,0.00014743185915490673,1.5203357543339472e+20,2429357739411901.5
70770.77077077077,977.3513867196459,0.100757922412199,280.0,1.0784333847932262e+19,5.7650987533516165e-22,347182.16684642446,0.1019626956262099,1,1,1,1.2946408260710015e+22,0.00014743187486503844,1.510044019444281e+20,2420303404092964.0
70870.87087087087,974.7733830233512,0.1020036586047215,280.0,1.0730493052166808e+19,5.761293294121536e-22,346952.9968637634,0.10133963697762817,1,1,1,1.294639451185669e+22,0.0001474318905220482,1.4998215179429282e+20,2411237554179221.5
70970.97097097097,972.1953793270566,0.10327796464656692,280.0,1.0676921056619293e+19,5.757480279104583e-22,346723.37186123687,0.1007177670775218,1,1,1,1.294638080997242e+22,0.00014743190612558847,1.48966805644804e+20,2402160345412722.5
71071.07107107107,969.6173756307619,0.1045813965889113,280.0,1.0623616519304403e+19,5.753659673202896e-22,346493.28972520365,0.1000971069481535,1,1,1,1.2946367155368473e+22,0.0001474319216753045,1.479583438960067e+20,2393071935016506.5
71171.17117117118,967.0393719344668,0.10591451639156575,280.0,1.0570578104936686e+19,5.74983144106173e-22,346262.7483265522,0.09947767759026252,1,1,1,1.2946353548362355e+22,0.00014743193717083462,1.4695674668801897e+20,2383972481695088.5
71271.27127127128,964.4613682381721,0.10727789172422242,280.0,1.0517804484897112e+19,5.745995547066891e-22,346031.74552054703,0.09885949997829654,1,1,1,1.2946339989277827e+22,0.00014743195261180992,1.4596199390293887e+20,2374862145634796.0
71371.37137137138,961.8833645418774,0.10867209575078038,280.0,1.0465294337199776e+19,5.742151955342131e-22,345800.279146671,0.09824259505563486,1,1,1,1.2946326478444938e+22,0.00014743196799785427,1.4497406516681255e+20,2365741088503928.5
71471.47147147148,959.3053608455828,0.11009770689611982,280.0,1.0413046346458782e+19,5.738300629746504e-22,345568.3470284669,0.09762698372980691,1,1,1,1.2946313016200034e+22,0.00014743198332858458,1.4399293985166615e+20,2356609473452773.0
71571.57157157158,956.7273571492881,0.11155530859469862,280.0,1.0361059203855309e+19,5.734441533871715e-22,345335.9469733771,0.09701268686770627,1,1,1,1.2946299602885786e+22,0.00014743199860361032,1.4301859707759844e+20,2347467465113443.0
71671.67167167168,954.1493534529934,0.11304548902034058,280.0,1.030933160710482e+19,5.730574631039397e-22,345103.0767725798,0.09639972529080343,1,1,1,1.2946286238851196e+22,0.00014743201382253399,1.4205101571493469e+20,2338315229599555.5
71771.77177177178,951.5713497566987,0.11456884079658666,280.0,1.0257862260424411e+19,5.726699884298377e-22,344869.73420082487,0.0957881197703593,1,1,1,1.2946272924451601e+22,0.00014743202898495056,1.4109017438644081e+20,2329152934505739.0
71871.87187187187,948.9933460604041,0.11612596068698408,280.0,1.02066498745004e+19,5.722817256421905e-22,344635.9170162661,0.09517789102264138,1,1,1,1.294625966004868e+22,0.0001474320440904481,1.4013605146959733e+20,2319980748906969.0
71971.97197197197,946.4153423641094,0.11771744926469353,280.0,1.0155693166455994e+19,5.718926709904847e-22,344401.62296029285,0.09456905970414481,1,1,1,1.2946246446010448e+22,0.00014743205913860728,1.3918862509893213e+20,2310798843357731.5
72072.07207207207,943.8373386678147,0.11934391056080211,280.0,1.0104990859819166e+19,5.715028206960823e-22,344166.84975735744,0.09396164640682067,1,1,1,1.2946233282711245e+22,0.00014743207412900162,1.3824787316841169e+20,2301607389891011.5
72172.17217217218,941.2593349715196,0.12100595169074034,280.0,1.0054541684490672e+19,5.711121709519344e-22,343931.59511480265,0.0933556716533134,1,1,1,1.2946220170531725e+22,0.00014743208906119738,1.3731377333388952e+20,2292406562017100.5
72272.27227227228,938.6813312752249,0.12270418245821176,280.0,1.000434437671225e+19,5.707207179222875e-22,343695.8567226851,0.09275115589221028,1,1,1,1.2946207109858833e+22,0.00014743210393475378,1.3638630301561202e+20,2283196534722234.5
72372.37237237238,936.1033275789302,0.1244392149360656,280.0,9.954397679034941e+18,5.703284577423881e-22,343459.6322535971,0.09214811949330333,1,1,1,1.2946194101085778e+22,0.0001474321187492228,1.3546543940077887e+20,2273977484467034.0
72472.47247247248,933.5253238826356,0.12621166302355152,280.0,9.904700340287607e+18,5.699353865181837e-22,343222.9193624867,0.09154658274286841,1,1,1,1.2946181144612e+22,0.00014743213350414935,1.3455115944615979e+20,2264749589184775.0
72572.57257257258,930.9473201863409,0.12802214197942574,280.0,9.855251115545577e+18,5.695415003260167e-22,342985.71568647353,0.09094656583896125,1,1,1,1.2946168240843128e+22,0.00014743214819907134,1.3364343988076467e+20,2255513028279465.5
72672.67267267268,928.3693164900462,0.1298712679303989,280.0,9.806048766099483e+18,5.6914679521231995e-22,342748.01884466497,0.09034808888673436,1,1,1,1.2946155390190932e+22,0.00014743216283351958,1.3274225720856722e+20,2246267982623737.8
72772.77277277278,925.7913127937516,0.13175965735444328,280.0,9.75709205942419e+18,5.687512671933022e-22,342509.8264379673,0.08975117189377564,1,1,1,1.2946142593073273e+22,0.00014743217740701808,1.318475877112807e+20,2237014634556547.2
72872.87287287287,923.2133090974569,0.1336879265385122,280.0,9.708379769147965e+18,5.683549122546338e-22,342271.13604889606,0.08915583476547191,1,1,1,1.2946129849914032e+22,0.0001474321919190839,1.3095940745118509e+20,2227753167880680.8
72972.97297297297,920.6353054011622,0.13565669101025613,280.0,9.65991067502173e+18,5.679577263511254e-22,342031.9452413826,0.08856209730039877,1,1,1,1.2946117161143044e+22,0.00014743220636922726,1.3007769227400454e+20,2218483767860069.8
73073.07307307307,918.0573017048675,0.13766656494336346,280.0,9.611683562888503e+18,5.675597054064045e-22,341792.2515605794,0.0879699791857392,1,1,1,1.294610452719602e+22,0.00014743222075695188,1.2920241781183404e+20,2209206621216905.8
73173.17317317319,915.4792980085724,0.13971816053619474,280.0,9.563697224652976e+18,5.671608453125865e-22,341552.05253266194,0.087379499992733,1,1,1,1.2946091948514453e+22,0.00014743223508175473,1.2833355948611427e+20,2199921916128557.0
73273.27327327328,912.9012943122777,0.14181208736342746,280.0,9.515950458251276e+18,5.667611419299408e-22,341311.3456646277,0.08679067917215952,1,1,1,1.2946079425545533e+22,0.00014743224934312633,1.2747109251065412e+20,2190629842224289.0
73373.37337337338,910.3232906159831,0.14394895170048588,280.0,9.468442067620813e+18,5.663605910865548e-22,341070.12844409334,0.08620353604985442,1,1,1,1.2946066958742026e+22,0.00014743226354055084,1.266149918946982e+20,2181330590581769.8
73473.47347347348,907.7452869196884,0.14612935582057687,280.0,9.42117086267035e+18,5.659591885779897e-22,340828.3983390883,0.08561808982226463,1,1,1,1.2946054548562173e+22,0.00014743227767350628,1.2576523244604033e+20,2172024353723382.5
73573.57357357358,905.1672832233937,0.14835389726422563,280.0,9.374135659250182e+18,5.65556930166936e-22,340586.15279784653,0.08503435955204171,1,1,1,1.2946042195469555e+22,0.00014743229174146442,1.249217887741803e+20,2162711325612323.8
73673.67367367368,902.589279527099,0.15062316808126452,280.0,9.327335279122477e+18,5.651538115828597e-22,340343.3892485937,0.08445236416367653,1,1,1,1.2946029899932966e+22,0.00014743230574389124,1.240846352935234e+20,2153391701648494.5
73773.77377377378,900.0112758308044,0.15293775404530155,280.0,9.280768549931741e+18,5.647498285216486e-22,340100.1050993343,0.08387212243917716,1,1,1,1.294601766242626e+22,0.00014743231968024687,1.232537462266212e+20,2144065678664178.5
73873.87387387388,897.4332721345097,0.15529823384077113,280.0,9.234434305175478e+18,5.643449766452482e-22,339856.29773763247,0.08329365301379162,1,1,1,1.2946005483428203e+22,0.0001474323335499859,1.2242909560745283e+20,2134733454919507.5
73973.97397397397,894.855268438215,0.15770517822275176,280.0,9.188331384174959e+18,5.639392515812987e-22,339611.96453039296,0.08271697437177797,1,1,1,1.2945993363422303e+22,0.00014743234735255746,1.216106572847449e+20,2125395230097710.0
74074.07407407407,892.2772647419204,0.16015914914981863,280.0,9.142458632046134e+18,5.635326489227623e-22,339367.1028236371,0.08214210484222305,1,1,1,1.294598130289663e+22,0.00014743236108740558,1.2079840492532949e+20,2116051205300143.5
74174.17417417419,889.6992610456252,0.1626606988902945,280.0,9.096814899670718e+18,5.631251642275468e-22,339121.7099422759,0.08156906259491213,1,1,1,1.2945969302343634e+22,0.00014743237475396912,1.199923120175382e+20,2106701583041103.8
74274.27427427428,887.1212573493306,0.16521036910235212,280.0,9.051399043667408e+18,5.627167930181255e-22,338875.7831898813,0.08099786563625185,1,1,1,1.2945957362259934e+22,0.00014743238835168243,1.191923518746322e+20,2097346567242420.5
74374.37437437438,884.5432536530359,0.16780868988853354,280.0,9.00620992636322e+18,5.623075307811495e-22,338629.31984845264,0.08042853180524626,1,1,1,1.294594548314612e+22,0.00014743240187997515,1.1839849763826482e+20,2087986363227814.5
74474.47447447448,881.9652499567412,0.1704561788253418,280.0,8.96124641576501e+18,5.618973729670568e-22,338382.3171781811,0.07986107876953086,1,1,1,1.2945933665506521e+22,0.0001474324153382727,1.1761072228197794e+20,2078621177717043.0
74574.57457457458,879.3872462604465,0.17315333996868612,280.0,8.91650738553111e+18,5.614863149896739e-22,338134.77241721004,0.07929552402146339,1,1,1,1.294592190984897e+22,0.00014743242872599657,1.1682899861472908e+20,2069251218819810.0
74674.67467467468,876.8092425641519,0.17590066283606853,280.0,8.871991714943111e+18,5.610743522258134e-22,337886.6827813924,0.07873188487427529,1,1,1,1.294591021668455e+22,0.0001474324420425645,1.160532992844484e+20,2059876696029448.0
74774.77477477478,874.2312388678572,0.17869862136652204,280.0,8.827698288877801e+18,5.606614800148656e-22,337638.0454640452,0.07817017845828393,1,1,1,1.294589858652735e+22,0.00014743245528739082,1.1528359678162426e+20,2050497820216368.5
74874.87487487488,871.6532351715625,0.18154767285943457,280.0,8.783625997779204e+18,5.602476936583839e-22,337388.85763569915,0.07761042171716846,1,1,1,1.2945887019894175e+22,0.00014743246845988676,1.1451986344291602e+20,2041114803621278.0
74974.97497497498,869.0752314752679,0.18444825689351946,280.0,8.739773737630818e+18,5.598329884196644e-22,337139.1164438462,0.07705263140431012,1,1,1,1.2945875517304266e+22,0.0001474324815594608,1.1376207145479248e+20,2031727859848158.8
75075.07507507507,866.4972277789732,0.18740079422732647,280.0,8.69614040992794e+18,5.594173595233204e-22,336888.8190126829,0.07649682407919883,1,1,1,1.2945864079279005e+22,0.00014743249458551888,1.1301019285719492e+20,2022337203857011.2
75175.17517517519,863.919224082678,0.1904056856828204,280.0,8.652724921650148e+18,5.590008021548506e-22,336637.9624428503,0.0759430161039075,1,1,1,1.2945852706341597e+22,0.00014743250753746504,1.1226419954722282e+20,2012943051956356.8
75275.27527527529,861.3412203863834,0.19346331101368947,280.0,8.60952618523394e+18,5.585833114601999e-22,336386.54381116986,0.07539122363963607,1,1,1,1.2945841399016752e+22,0.00014743252041470143,1.1152406328284186e+20,2003545621795505.2
75375.37537537538,858.7632166900887,0.1965740277601961,280.0,8.566543118545459e+18,5.58164882545316e-22,336134.5601703759,0.07484146264332535,1,1,1,1.2945830157830345e+22,0.000147432533216629,1.1078975568661098e+20,1994145132356565.5
75475.47547547548,856.185212993794,0.19973817009250533,280.0,8.523774644853409e+18,5.577455104756974e-22,335882.00854884397,0.0742937488643437,1,1,1,1.2945818983309062e+22,0.00014743254594264764,1.1006124824942928e+20,1984741803946224.8
75575.57557557558,853.6072092974994,0.20295604764458758,280.0,8.481219692802078e+18,5.573251902759376e-22,335628.8859503159,0.07374809784124678,1,1,1,1.2945807875980044e+22,0.00014743255859215687,1.0933851233429977e+20,1975335858187275.0
75675.67567567568,851.0292056012047,0.20622794434092545,280.0,8.438877196384493e+18,5.569039169292601e-22,335375.18935361993,0.07320452489861214,1,1,1,1.2945796836370506e+22,0.00014743257116455607,1.0862151918010912e+20,1965927518009891.2
75775.77577577578,848.45120190491,0.20955411721840023,280.0,8.396746094915729e+18,5.564816853770487e-22,335120.915712388,0.07266304514394954,1,1,1,1.294578586500735e+22,0.0001474325836592449,1.0791023990542187e+20,1956517007642659.8
75875.87587587588,845.8731982086153,0.21293479524587644,280.0,8.354825333006321e+18,5.560584905183699e-22,334866.0619547677,0.07212367346468854,1,1,1,1.2945774962416768e+22,0.00014743259607562394,1.072046455122878e+20,1947104552603355.0
75975.97597597598,843.2951945123207,0.21637017814414505,280.0,8.313113860535846e+18,5.5563432720948865e-22,334610.6249831312,0.0715864245252444,1,1,1,1.294576412912382e+22,0.00014743260841309502,1.0650470689006089e+20,1937690379689461.5
76076.07607607607,840.717190816026,0.21986043520902138,280.0,8.271610632626604e+18,5.552091902633771e-22,334354.6016737791,0.07105131276416318,1,1,1,1.294575336565202e+22,0.00014743262067106166,1.0581039481922848e+20,1928274716968442.0
76176.17617617619,838.1391871197309,0.22340570414053557,280.0,8.230314609617445e+18,5.535936170935211e-22,333381.68131663266,0.07051835239134732,1,1,1,1.2945742672522887e+22,0.00014743263284892972,1.0512315664481788e+20,1918877985866335.0
76276.27627627629,835.5611834234362,0.22700608988127413,280.0,8.189224757037742e+18,5.504057606874029e-22,331461.910395054,0.06998755738536289,1,1,1,1.2945732050255505e+22,0.00014743264494610788,1.0444487424550358e+20,1909527051775166.2
76376.37637637639,832.9831797271415,0.2306616634670764,280.0,8.148340045581446e+18,5.472349592519384e-22,329552.410211099,0.06945894149082833,1,1,1,1.2945721499366059e+22,0.000147432656962008,1.0377543815682482e+20,1900221691500382.2
76476.47647647648,830.4051760308469,0.23437246089338537,280.0,8.107659451081328e+18,5.440811215569849e-22,327653.12582472264,0.06893251821588743,1,1,1,1.2945711020367363e+22,0.00014743266889604591,1.0311474008430997e+20,1890961682935219.5
76576.57657657658,827.8271723345522,0.2381384820006882,280.0,8.067181954483314e+18,5.409441568416794e-22,325764.00257848616,0.06840830082976561,1,1,1,1.2945700613768383e+22,0.00014743268074764165,1.0246267289553741e+20,1881746805055401.8
76676.67667667668,825.2491686382575,0.2419596893825745,280.0,8.026906541820957e+18,5.37823974811903e-22,323884.9860960308,0.0678863023604113,1,1,1,1.2945690280073743e+22,0.00014743269251622041,1.018191306121365e+20,1872576837913864.5
76776.77677677678,822.6711649419628,0.2458360073200424,280.0,7.986832204190041e+18,5.347204856377594e-22,322016.022280559,0.06736653559222289,1,1,1,1.2945680019783223e+22,0.00014743270420121274,1.011840084017311e+20,1863451562635505.2
76876.87687687688,820.0931612456682,0.2497673207457649,280.0,7.9469579377233e+18,5.316335999510623e-22,320157.05731332116,0.06684901306386155,1,1,1,1.294566983339125e+22,0.00014743271580205535,1.0055720256982852e+20,1854370761411959.5
76976.97697697698,817.5151575493735,0.25375347424210837,280.0,7.90728274356528e+18,5.285632288428362e-22,318308.0376521109,0.06633374706615136,1,1,1,1.294565972138638e+22,0.00014743272731819164,9.993861055165614e+19,1845334217496402.2
77077.07707707708,814.9371538530788,0.25779427107675335,280.0,7.867805627847313e+18,5.255092838608273e-22,316468.9100297658,0.0658207496400663,1,1,1,1.2945649684250775e+22,0.00014743273874907227,9.932813090394846e+19,1836341715198374.2
77177.17717717719,812.3591501567837,0.2618894722798236,280.0,7.82852560166262e+18,5.224716770070264e-22,314639.6214526759,0.06531003257480548,1,1,1,1.2945639722459664e+22,0.00014743275009415578,9.872566329668713e+19,1827393039878632.8
77277.27727727729,809.781146460489,0.2660387957664526,280.0,7.789441681041545e+18,5.194503207352036e-22,312820.1191992988,0.06480160740595656,1,1,1,1.2945629836480812e+22,0.00014743276135290926,9.8131108504797e+19,1818487977944034.0
77377.37737737739,807.2031427641944,0.27024191550875826,280.0,7.750552886926896e+18,5.164451279484518e-22,311010.35081868054,0.06429548541374762,1,1,1,1.2945620026773966e+22,0.0001474327725248089,9.754436839979965e+19,1809626316842427.0
77477.47747747749,804.6251390678997,0.27449846076117085,280.0,7.711858245149426e+18,5.134560119967435e-22,309210.2641289843,0.06379167762138861,1,1,1,1.2945610293790315e+22,0.00014743278360934058,9.696534594142849e+19,1800807845057585.8
77577.57757757758,802.047135371605,0.2788080153430722,280.0,7.673356786403428e+18,5.104828866744984e-22,307419.8072160252,0.06329019479350156,1,1,1,1.294560063797193e+22,0.00014743279460600073,9.639394516920705e+19,1792032352104159.2
77677.67767767768,799.4691316753103,0.28317011698265726,280.0,7.635047546222457e+18,5.075256662181597e-22,305638.92843181116,0.06279104743464085,1,1,1,1.294559105975121e+22,0.00014743280551429662,9.583007119399328e+19,1783299628522647.8
77777.77777777778,796.8911279790157,0.28758425672588317,280.0,7.596929564955168e+18,5.045842653037841e-22,303867.57639309147,0.06229424578790273,1,1,1,1.2945581559550327e+22,0.00014743281633374726,9.527363018949257e+19,1774609465874403.8
77877.87787787788,794.313124282721,0.29204987841430136,280.0,7.559001887741269e+18,5.0165859904464025e-22,302105.69997991034,0.061799799833625095,1,1,1,1.2945572137780665e+22,0.00014743282706388393,9.472452938374198e+19,1765961656736656.0
77977.97797797798,791.7351205864263,0.29656637823547677,280.0,7.521263564487619e+18,4.987485829888183e-22,300353.2483341674,0.06130771928817695,1,1,1,1.2945562794842256e+22,0.00014743283770425077,9.418267705056825e+19,1757355994697560.0
78078.07807807808,789.1571168901316,0.3011331043495889,280.0,7.483713649844407e+18,4.958541331168513e-22,298610.17085818545,0.060818013602837825,1,1,1,1.294555353112323e+22,0.00014743284825440565,9.36479825010221e+19,1748792274351270.8
78178.17817817819,786.5791131938365,0.3057493565956771,280.0,7.446351203181491e+18,4.9297516583934475e-22,296876.4172132829,0.06033069196276704,1,1,1,1.2945544346999252e+22,0.00014743285871392044,9.312035607479145e+19,1740270291293038.5
78278.27827827829,784.0011094975418,0.31041438628083634,280.0,7.409175288564826e+18,4.901115979946187e-22,295151.9373183535,0.059845763286063114,1,1,1,1.2945535242832978e+22,0.0001474328690823819,9.259970913159619e+19,1731789842114335.5
78378.37837837839,781.4231058012472,0.3151273960555096,280.0,7.372184974733011e+18,4.87263346846358e-22,293436.6813484517,0.059363236222912105,1,1,1,1.2945526218973495e+22,0.00014743287935939232,9.208595404256623e+19,1723350724397994.0
78478.47847847849,778.8451021049525,0.31988753987780233,280.0,7.335379335073973e+18,4.844303300812738e-22,291730.5997333842,0.05888311915482606,1,1,1,1.294551727575579e+22,0.00014743288954456994,9.157900418160655e+19,1714952736713379.0
78578.57857857858,776.2670984086578,0.3246939230695538,280.0,7.298757447601752e+18,4.816124658067754e-22,290033.6431563078,0.05840542019397036,1,1,1,1.29455084135002e+22,0.0001474328996375497,9.107877391675066e+19,1706595678611580.0
78678.67867867868,773.6890947123632,0.32954560246664827,280.0,7.262318394933399e+18,4.788096725486513e-22,288345.7625523332,0.057930147182580036,1,1,1,1.2945499632511903e+22,0.00014743290963798388,9.05851786015053e+19,1698279350620626.5
78778.77877877878,771.1110910160685,0.33444158666579443,280.0,7.226061264266e+18,4.760218692487603e-22,286666.909107134,0.05745730769246451,1,1,1,1.294549093308038e+22,0.0001474329195455426,9.009813456618866e+19,1690003554240727.2
78878.87887887888,768.5330873197738,0.3393808363697269,280.0,7.18998514735382e+18,4.732489752627335e-22,284997.0342555636,0.05698690902460072,1,1,1,1.2945482315478912e+22,0.00014743292935991438,8.961755910926469e+19,1681768091939531.8
78978.97897897898,765.9550836234791,0.34436226483248483,280.0,7.15408914048553e+18,4.70490910357683e-22,283336.0896802745,0.056518958208813704,1,1,1,1.2945473779964091e+22,0.0001474329390808068,8.914337048867537e+19,1673572767147416.8
79079.07907907908,763.3770799271845,0.34938473840611134,280.0,7.118372344461582e+18,4.677475947099242e-22,281684.02731034736,0.05605346200354452,1,1,1,1.2945465326775323e+22,0.00014743294870794702,8.867548791317376e+19,1665417384252793.8
79179.17917917919,760.7990762308893,0.35444707718978685,280.0,7.082833864571684e+18,4.650189489027033e-22,280040.799319922,0.055590426895704696,1,1,1,1.294545695613436e+22,0.00014743295824108226,8.821383153365965e+19,1657301748597439.0
79279.27927927929,758.2210725345947,0.3595480557820591,280.0,7.047472810572403e+18,4.623048939239401e-22,278406.3581268383,0.055129859100617254,1,1,1,1.2945448668244853e+22,0.0001474329676799804,8.775832243452056e+19,1649225666471852.5
79379.37937937939,755.6430688383,0.3646864041364911,280.0,7.012288296664816e+18,4.596053511639714e-22,276780.65639127715,0.05467176456204211,1,1,1,1.29454404632919e+22,0.00014743297702443048,8.730888262497926e+19,1641188945110627.8
79479.47947947949,753.0650651420053,0.3698608085206469,280.0,6.977279441472373e+18,4.569202424133123e-22,275163.64701441233,0.05421614895228751,1,1,1,1.2945432341441633e+22,0.00014743298627424304,8.686543503045126e+19,1633191392687854.8
79579.57957957959,750.4870614457107,0.3750699125779848,280.0,6.942445368018791e+18,4.542494898604223e-22,273555.28313706524,0.0537630176724045,1,1,1,1.294542430284081e+22,0.00014743299542925077,8.642790348391354e+19,1625232818312541.2
79679.67967967968,747.909057749416,0.3803123184918183,280.0,6.907785203706094e+18,4.515930160894798e-22,271955.51813836454,0.05331237585246534,1,1,1,1.294541634761643e+22,0.00014743300448930878,8.599621271728665e+19,1617313032024056.2
79779.77977977978,745.3310540531213,0.3855865882501167,280.0,6.873298080292747e+18,4.48950744078168e-22,270364.3056344129,0.05286422835192405,1,1,1,1.2945408475875378e+22,0.00014743301345429525,8.557028835283255e+19,1609431844787596.0
79879.87987987988,742.7530503568266,0.3908912450095164,280.0,6.83898313387192e+18,4.463225971954677e-22,268781.5994769579,0.05241857976005857,1,1,1,1.2945400687704075e+22,0.00014743302232411148,8.515005689456978e+19,1601589068489672.5
79979.97997997998,740.175046660532,0.3962247745565085,280.0,6.804839504849829e+18,4.437084991994597e-22,267207.3537520684,0.051975434396493984,1,1,1,1.2945392983168162e+22,0.0001474330310986826,8.473544571970822e+19,1593784515933623.5
80080.08008008008,737.5970429642373,0.4015856268633739,280.0,6.770866337924215e+18,4.411083742351354e-22,265641.5227788162,0.051534796311805124,1,1,1,1.2945385362312206e+22,0.00014743303977795758,8.43263830701052e+19,1586018000835144.2
80180.18018018019,735.0190392679422,0.4069722177360333,280.0,6.737062782062925e+18,4.385221468322173e-22,264084.06110796327,0.051096669288198435,1,1,1,1.2945377825159436e+22,0.00014743304836190986,8.392279804374471e+19,1578289337817840.8
80280.28028028029,732.4410355716475,0.4123829305505819,280.0,6.703427990482576e+18,4.359497419029845e-22,262534.92352065264,0.05066105684027166,1,1,1,1.2945370371711488e+22,0.00014743305685053734,8.352462058624198e+19,1570598342408809.8
80380.38038038039,729.8630318753528,0.417816118074916,280.0,6.669961120627356e+18,4.333910847401113e-22,260994.0650271064,0.050227962215849985,1,1,1,1.2945363001948196e+22,0.00014743306524386284,8.313178148237427e+19,1562944831034229.0
80480.48048048049,727.2850281790581,0.4232701043714469,280.0,6.636661334147908e+18,4.30846101014509e-22,259461.44086532635,0.04979738839689843,1,1,1,1.2945355715827395e+22,0.00014743307354193416,8.274421234764077e+19,1555328621014979.8
80580.58058058059,724.7070244827635,0.428743186776572,280.0,6.603527796880341e+18,4.283147167731806e-22,257937.00649980165,0.04936933810050878,1,1,1,1.2945348513284764e+22,0.0001474330817448244,8.236184561985241e+19,1547749530562286.5
80680.68068068069,722.1290207864688,0.434233637952204,280.0,6.570559678825325e+18,4.257968584370794e-22,256420.7176202196,0.04894381377995994,1,1,1,1.2945341394233686e+22,0.00014743308985263204,8.198461455075354e+19,1540207378773377.5
80780.78078078078,719.5510170901741,0.43973970800433954,280.0,6.537756154127302e+18,4.2329245279897833e-22,254912.53014018232,0.04852081762585091,1,1,1,1.2945334358565146e+22,0.0001474330978654811,8.161245319767708e+19,1532701985627167.2
80880.88088088088,716.9730133938795,0.44525962666333524,280.0,6.5051164010538e+18,4.20801427021346e-22,253412.40019592785,0.048100351567304814,1,1,1,1.294532740614765e+22,0.00014743310578352109,8.124529641523462e+19,1525233171979960.0
80980.98098098098,714.3950096975848,0.45079160552027653,280.0,6.472639601974847e+18,4.183237086342299e-22,251920.28414505516,0.047682417273243016,1,1,1,1.2945320536827182e+22,0.0001474331136069273,8.088307984704289e+19,1517800759561174.0
81081.08108108108,711.8170060012901,0.4563338403135548,280.0,6.44032494334249e+18,4.158592255331481e-22,250436.13856525475,0.04726701615372802,1,1,1,1.2945313750427185e+22,0.0001474331213359006,8.052573991748832e+19,1510404570969086.5
81181.1811811812,709.239002304995,0.4618845132595411,280.0,6.408171615670408e+18,4.134079059769881e-22,248959.92025304303,0.046854149361373734,1,1,1,1.2945307046748573e+22,0.0001474331289706676,8.01732138235307e+19,1503044429666599.0
81281.28128128129,706.6609986087003,0.46744179542101916,280.0,6.376178813513653e+18,4.109696785859138e-22,247491.5862225022,0.046443817792822334,1,1,1,1.2945300425569779e+22,0.00014743313651148051,7.982543952654777e+19,1495720159977027.5
81381.38138138139,704.0829949124056,0.4730038491068877,280.0,6.344345735448453e+18,4.085444723392769e-22,246031.09370402215,0.04603602209028545,1,1,1,1.294529388664682e+22,0.00014743314395861698,7.948235574422143e+19,1488431587079903.8
81481.48148148149,701.504991216111,0.4785688302964543,280.0,6.312671584052148e+18,4.0613221657353974e-22,244578.40014304972,0.045630762643149386,1,1,1,1.2945287429713415e+22,0.00014743315131238014,7.91439019424675e+19,1481178537006806.5
81581.58158158159,698.9269875198163,0.48413489108155844,280.0,6.281155565883208e+18,4.0373284098020154e-22,243133.46319883986,0.04522803958964249,1,1,1,1.2945281054481098e+22,0.00014743315857309837,7.88100183274098e+19,1473960836637209.0
81681.68168168169,696.3489838235216,0.4897001821196569,280.0,6.249796891461365e+18,4.0134627560373305e-22,241696.24074321188,0.044827852818563226,1,1,1,1.29452747606394e+22,0.00014743316574112513,7.848064583739992e+19,1466778313694346.2
81781.78178178178,693.770980127227,0.4952628550909577,280.0,6.21859477524783e+18,3.9897245083951907e-22,240266.69085931027,0.04443020197106785,1,1,1,1.2945268547856036e+22,0.00014743317281683868,7.815572613508368e+19,1459630796741103.8
81881.88188188188,691.1929764309323,0.5008210651526677,280.0,6.187548435625615e+18,3.966112974318038e-22,238844.77184036747,0.044035086442516067,1,1,1,1.2945262415777123e+22,0.00014743317980064194,7.783520159951548e+19,1452518115175926.0
81981.98198198198,688.6149727346376,0.5063729733834317,280.0,6.15665709487996e+18,3.9426274647164836e-22,237430.44218847385,0.043642505384373455,1,1,1,1.2945256364027433e+22,0.00014743318669296207,7.751901531832151e+19,1445440099228744.5
82082.08208208208,686.0369690383429,0.511916749211092,280.0,6.125919979178843e+18,3.919267293948897e-22,236023.6606133485,0.04325245770616891,1,1,1,1.294525039221068e+22,0.0001474331934942503,7.720711107991288e+19,1438396579956926.0
82182.1821821822,683.4589653420478,0.5174505728169767,280.0,6.095336318553599e+18,3.896031779801082e-22,234624.38603111528,0.04286494207750598,1,1,1,1.2945244499909812e+22,0.00014743320020498145,7.689943336574942e+19,1431387389241238.8
82282.2822822823,680.8809616457531,0.5229726375100285,280.0,6.064905346879634e+18,3.87292024346602e-22,233232.5775630831,0.042479956930126704,1,1,1,1.2945238686687356e+22,0.00014743320682565365,7.65959273426555e+19,1424412359781845.0
82382.38238238239,678.3029579494585,0.5284811520642575,280.0,6.034626301857232e+18,3.8499320095236543e-22,231848.1945345282,0.04209750046002571,1,1,1,1.2945232952085772e+22,0.00014743321335678784,7.629653885518805e+19,1417471325094301.2
82482.48248248249,675.7249542531638,0.533974343013137,280.0,6.004498424992457e+18,3.8270664059207426e-22,230471.19647348108,0.04171757062961437,1,1,1,1.2945227295627835e+22,0.00014743321979892736,7.600121441805828e+19,1410564119505589.5
82582.58258258259,673.1469505568691,0.5394504568948016,280.0,5.974520961578154e+18,3.8043227639507805e-22,229101.54310951743,0.04134016516993234,1,1,1,1.2945221716817048e+22,0.0001474332261526376,7.570990120860749e+19,1403690578150161.5
82682.68268268269,670.5689468605744,0.5449077624421234,280.0,5.944693160675046e+18,3.7817004182339573e-22,227739.19437255093,0.040965281582905744,1,1,1,1.2945216215138072e+22,0.00014743323241850535,7.542254705933776e+19,1396850536966004.2
82782.78278278279,667.9909431642798,0.5503445527119984,280.0,5.915014275092923e+18,3.759198706697186e-22,226384.1103916308,0.04059291714365022,1,1,1,1.294521079005718e+22,0.00014743323859713829,7.513910045049835e+19,1390043832690724.8
82882.88288288288,665.4129394679851,0.5557591471484699,280.0,5.885483561371919e+18,3.7368169705541815e-22,225036.25149374187,0.04022306890281723,1,1,1,1.2945205441022728e+22,0.00014743324468916464,7.485951050272824e+19,1383270302857652.8
82982.98298298298,662.8349357716904,0.561149893574608,280.0,5.856100279763892e+18,3.7145545542855825e-22,223695.57820260775,0.03985573368898244,1,1,1,1.2945200167465655e+22,0.00014743325069523235,7.458372696975568e+19,1376529785791963.8
83083.08308308308,660.2569320753958,0.5665151701084015,280.0,5.826863694213896e+18,3.6924108056191416e-22,222362.05123749754,0.0394909081110744,1,1,1,1.2945194968799995e+22,0.00014743325661600867,7.43117002311551e+19,1369822120606820.2
83183.1831831832,657.6789283791006,0.5718533869982562,280.0,5.797773072341737e+18,3.6703850755099506e-22,221035.6315120353,0.03912858856084201,1,1,1,1.2945189844423407e+22,0.00014743326245217952,7.404338128516201e+19,1363147147199530.8
83283.2832832833,655.100924682806,0.5771629883740483,280.0,5.768827685423633e+18,3.6484767181207203e-22,219716.2801330122,0.03876877121535977,1,1,1,1.294518479371772e+22,0.00014743326820444879,7.377872174154659e+19,1356504706247733.2
83383.38338338339,652.5229209865113,0.5824424539100765,280.0,5.740026808373955e+18,3.6266850908021068e-22,218403.9583992019,0.0384114520395682,1,1,1,1.2945179816049506e+22,0.00014743327387353776,7.351767381454581e+19,1349894639205586.2
83483.48348348349,649.9449172902166,0.5876903003966015,280.0,5.71136971972706e+18,3.6050095540730755e-22,217098.627800178,0.038056626788849315,1,1,1,1.2945174910770642e+22,0.00014743327946018458,7.32601903158554e+19,1343316788299988.8
83583.58358358359,647.3669135939219,0.5929050832170921,280.0,5.68285570161923e+18,3.583449471601329e-22,215800.2500151354,0.03770429101163459,1,1,1,1.2945170077218905e+22,0.00014743328496514326,7.300622464768127e+19,1336770996526814.5
83683.68368368369,644.7889098976273,0.5980853977286722,280.0,5.654484039770677e+18,3.5620042101837466e-22,214508.78691171226,0.03735444005204443,1,1,1,1.2945165314718576e+22,0.0001474332903891833,7.275573079585118e+19,1330257107647164.2
83783.78378378379,642.2109062013326,0.6032298805436702,280.0,5.626254023467659e+18,3.5406731397268923e-22,213224.2005448163,0.037007069052557476,1,1,1,1.2945160622581043e+22,0.0001474332957330889,7.250866332298679e+19,1323774966183637.2
83883.88388388389,639.6329025050379,0.6083372107105728,280.0,5.598164945544671e+18,3.5194556332275466e-22,211946.45315545224,0.03666217295670837,1,1,1,1.2945156000105424e+22,0.00014743330099765818,7.22649773617365e+19,1317324417416620.2
83983.98398398398,637.0548988087432,0.61340611079309,280.0,5.570216102366731e+18,3.4983510667532783e-22,210675.50716955197,0.03631974651181237,1,1,1,1.2945151446579189e+22,0.00014743330618370256,7.202462860806917e+19,1310905307380595.2
84084.08408408408,634.4768951124486,0.6184353478464284,280.0,5.54240679381176e+18,3.4773588194230565e-22,209411.32519680687,0.03597978427171551,1,1,1,1.2945146961278787e+22,0.00014743331129204597,7.178757331462914e+19,1304517482860465.2
84184.1841841842,631.8988914161534,0.6234237342902658,280.0,5.514736323253033e+18,3.456478273387882e-22,208153.87002950136,0.03564228059956866,1,1,1,1.2945142543470293e+22,0.00014743331632352427,7.155376828415251e+19,1298160791387896.2
84284.2842842843,629.3208877198588,0.6283701286782977,280.0,5.48720399754174e+18,3.43570881381148e-22,206903.10464135042,0.035307229670624364,1,1,1,1.2945138192410034e+22,0.00014743332127898427,7.132317086294521e+19,1291835081237682.2
84384.3843843844,626.7428840235641,0.6332734363646146,280.0,5.459809126989612e+18,3.415049828850988e-22,205658.99218633625,0.034974625475054394,1,1,1,1.2945133907345236e+22,0.00014743332615928327,7.109573893442232e+19,1285540201424118.8
84484.48448448449,624.1648803272694,0.6381326100674992,280.0,5.432551025351653e+18,3.3945007096376923e-22,204421.49599754854,0.03464446182078732,1,1,1,1.2945129687514664e+22,0.00014743333096528814,7.087143091270961e+19,1279276001697403.2
84584.58458458459,621.5868766309748,0.6429466503316167,280.0,5.405429009808945e+18,3.374060850257793e-22,203190.57958602582,0.03431673233636429,1,1,1,1.2945125532149261e+22,0.00014743333569787475,7.065020573630662e+19,1273042332540048.0
84684.68468468469,619.0088729346801,0.6477146058898768,280.0,5.378442400951544e+18,3.353729647733183e-22,201966.20663959815,0.03399143047381156,1,1,1,1.294512144047279e+22,0.00014743334035792702,7.043202286181182e+19,1266839045163312.0
84784.78478478479,616.4308692383854,0.6524355739265788,280.0,5.351590522761458e+18,3.3335065020022527e-22,200748.34102173106,0.03366854951152863,1,1,1,1.294511741170246e+22,0.00014743334494633642,7.02168422577095e+19,1260665991503650.2
84884.88488488489,613.8528655420907,0.6571087002437368,280.0,5.324872702595719e+18,3.313390815900731e-22,199536.94677037175,0.0333480825571904,1,1,1,1.294511344504957e+22,0.00014743334946400112,7.000462439821869e+19,1254523024219180.2
84984.98498498499,611.2748618457961,0.6617331793327768,280.0,5.298288271169528e+18,3.2933819951425134e-22,198331.98809679464,0.03303002255066208,1,1,1,1.2945109539720127e+22,0.0001474333539118254,6.9795330257203905e+19,1248409996686165.0
85085.08508508508,608.6968581495014,0.6663082543540436,280.0,5.271836562539492e+18,3.273479448300537e-22,197133.42938444947,0.03271436226692559,1,1,1,1.294510569491547e+22,0.00014743335829071872,6.9588921302147645e+19,1242326762995514.2
85185.1851851852,606.1188544532063,0.6708332170268088,280.0,5.245516914086939e+18,3.2536825867876553e-22,195941.2351878097,0.03240109431901585,1,1,1,1.2945101909832879e+22,0.0001474333626015953,6.938535948818465e+19,1236273177949301.8
85285.2852852853,603.5408507569116,0.6753074074326777,280.0,5.219328666501323e+18,3.233990824837532e-22,194755.3702312219,0.03209021116096619,1,1,1,1.2945098183666183e+22,0.00014743336684537315,6.918460725219787e+19,1230249097057303.0
85385.3853853854,600.9628470606169,0.6797302137355129,280.0,5.193271163763705e+18,3.214403579485531e-22,193575.79940775476,0.031781705090760656,1,1,1,1.2945094515606359e+22,0.00014743337102297375,6.898662750697568e+19,1224254376533541.8
85485.4854854855,598.3848433643223,0.6841010718211389,280.0,5.167343753130321e+18,3.194920270549638e-22,192402.4877780504,0.031475568253293104,1,1,1,1.2945090904842104e+22,0.0001474333751353209,6.879138363543068e+19,1218288873292863.0
85585.58558558559,595.8068396680276,0.6884194648602809,280.0,5.141545785116235e+18,3.17554032061137e-22,191235.4005691745,0.031171792643330885,1,1,1,1.294508735056043e+22,0.00014743337918334052,6.859883948487954e+19,1212352444947516.2
85685.68568568569,593.2288359717329,0.6926849227983042,280.0,5.115876613479059e+18,3.1562631549966877e-22,190074.50317346695,0.03087037010848233,1,1,1,1.294508385194721e+22,0.00014743338316795983,6.840895936138383e+19,1206444949803758.0
85785.78578578579,590.6508322754382,0.6968970217754424,280.0,5.090335595202775e+18,3.1370882017569183e-22,188919.7611473929,0.03057129235216674,1,1,1,1.2945080408187741e+22,0.00014743338709010656,6.822170802415172e+19,1200566246858470.8
85885.88588588589,588.0728285791436,0.701055383481298,280.0,5.064922090481619e+18,3.118014891649674e-22,187771.14021039385,0.030274550936585626,1,1,1,1.2945077018467278e+22,0.0001474333909507086,6.803705068000006e+19,1194716195795797.0
85985.98598598599,585.4948248828489,0.7051596744474674,280.0,5.039635462704063e+18,3.0990426581197643e-22,186628.60624373783,0.02998013728569411,1,1,1,1.2945073681971559e+22,0.00014743339475069332,6.7854952977876935e+19,1188894656983791.5
86086.0860860861,582.9168211865538,0.7092096052822007,280.0,5.014475078436859e+18,3.080170937280097e-22,185492.12528936955,0.02968804268817113,1,1,1,1.2945070397887321e+22,0.00014743339849098688,6.76753810034441e+19,1183101491471088.0
86186.1861861862,580.3388174902591,0.7132049298510332,280.0,4.989440307409176e+18,3.0613991678925803e-22,184361.66354876006,0.029398258300387833,1,1,1,1.2945067165402794e+22,0.00014743340217251375,6.749830127371941e+19,1177336560983586.5
86286.2862862863,577.7608137939644,0.7171454444073629,280.0,4.964530522496809e+18,3.0427267913490063e-22,183237.1873817557,0.029110775149372135,1,1,1,1.2945063983708184e+22,0.0001474334057961962,6.732368073177836e+19,1171599727921148.8
86386.3863863864,575.1828100976697,0.7210309866769127,280.0,4.939745099706474e+18,3.024153251651918e-22,182118.6633054258,0.028825584135769314,1,1,1,1.294506085199614e+22,0.00014743340936295365,6.715148674151516e+19,1165890855354317.8
86486.4864864865,572.6048064013751,0.7248614349000347,280.0,4.915083418160173e+18,3.0056779953954617e-22,181006.05799290963,0.028542676036797013,1,1,1,1.294505776946221e+22,0.00014743341287370225,6.698168708246241e+19,1160209807021049.0
86586.58658658659,570.0268027050804,0.7286367068357597,280.0,4.890544860079641e+18,2.987300471746222e-22,179899.33827226216,0.028262041509193682,1,1,1,1.2945054735305271e+22,0.00014743341632935444,6.681424994466938e+19,1154556447323459.0
86686.68668668669,567.4487990087857,0.7323567587314519,280.0,4.866128810770872e+18,2.969020132424024e-22,178798.47112529806,0.0279836710921596,1,1,1,1.294505174872796e+22,0.00014743341973081825,6.664914392363838e+19,1148930641324590.0
86786.78678678679,564.870795312491,0.7360215842618747,280.0,4.84183465860872e+18,2.950836431682713e-22,177703.42368643414,0.02770755521028923,1,1,1,1.2945048808937065e+22,0.00014743342307899703,6.6486338015318974e+19,1143332254745189.0
86886.88688688689,562.2927916161964,0.7396312134413916,280.0,4.817661795021579e+18,2.932748826290911e-22,176614.16324153054,0.027433684176494184,1,1,1,1.2945045915143923e+22,0.00014743342637478903,6.63258016111596e+19,1137761153960503.8
86986.98698698699,559.7147879199017,0.7431857115129471,280.0,4.793609614476136e+18,2.9147567755127234e-22,175530.65722672886,0.027162048194915595,1,1,1,1.294504306656479e+22,0.0001474334296190868,6.616750449321618e+19,1132217205997094.2
87087.0870870871,557.1367842236066,0.7466851778173762,280.0,4.769677514462206e+18,2.8968597410884283e-22,174452.8732272892,0.026892637363825144,1,1,1,1.2945040262421193e+22,0.00014743343281277687,6.60114168293174e+19,1126700278529658.8
87187.1871871872,554.5587805273119,0.7501297446464857,280.0,4.745864895477633e+18,2.879057187215109e-22,173380.7789764239,0.026625441678513936,1,1,1,1.2945037501940275e+22,0.00014743343595673947,6.58575091682863e+19,1121210239877879.1
87287.2872872873,551.9807768310172,0.7535195760832444,280.0,4.72217116101328e+18,2.8613485805272553e-22,172314.3423541291,0.02636045103416774,1,1,1,1.2945034784355113e+22,0.00014743343905184803,6.5705752435217465e+19,1115746959003274.0
87387.3873873874,549.4027731347226,0.7568548668322869,280.0,4.698595717538078e+18,2.8437333900773046e-22,171253.53138601326,0.02609765522872858,1,1,1,1.2945032108905027e+22,0.00014743344209896888,6.5556117926809846e+19,1110310305506075.1
87487.4874874875,546.8247694384279,0.7601358410438255,280.0,4.675137974484165e+18,2.826211087316143e-22,170198.3142421226,0.025837043965741237,1,1,1,1.294502947483587e+22,0.00014743344509896084,6.540857730675439e+19,1104900149622114.5
87587.5875875876,544.2467657421332,0.7633627511339224,280.0,4.65179734423209e+18,2.8087811460735504e-22,169148.65923576368,0.025578606857184088,1,1,1,1.2945026881400303e+22,0.0001474334480526751,6.5263102601176285e+19,1099516362219728.6
87687.68768768769,541.6687620458385,0.7665358766039453,280.0,4.628573242096091e+18,2.791443042538573e-22,168104.53482232123,0.025322333426283285,1,1,1,1.294502432785805e+22,0.00014743345096095476,6.51196661941312e+19,1094158814796676.4
87787.78778778779,539.0907583495439,0.769655522861889,280.0,4.605465086309452e+18,2.77419625523985e-22,167065.90959807354,0.02506821311030987,1,1,1,1.2945021813476148e+22,0.0001474334538246345,6.49782408231552e+19,1088827379477073.5
87887.88788788789,536.5127546532492,0.7727220200481041,280.0,4.5824722980099256e+18,2.7570402650258645e-22,166032.752299003,0.02481623526335867,1,1,1,1.2945019337529167e+22,0.00014743345664454055,6.483879957486781e+19,1083521929008340.6
87987.98798798799,533.9347509569545,0.7757357218678348,280.0,4.5595943012252365e+18,2.7399745550451175e-22,165005.03179960238,0.02456638915910852,1,1,1,1.2945016899299428e+22,0.00014743345942149025,6.47013158806278e+19,1078242336758167.2
88088.0880880881,531.3567472606594,0.7786970044328204,280.0,4.536830522858647e+18,2.7229986107262346e-22,163982.7171116766,0.024318663993562972,1,1,1,1.2945014498077197e+22,0.00014743346215629192,6.456576351224108e+19,1072988476711489.2
88188.1881881882,528.7787435643647,0.7816062651140706,280.0,4.5141803926746204e+18,2.706111919757995e-22,162965.7773831401,0.024073048887771106,1,1,1,1.2945012133160867e+22,0.00014743346484974456,6.443211657772057e+19,1067760223467485.1
88288.2882882883,526.2007398680701,0.7844639214077948,280.0,4.4916433432844984e+18,2.6893139720692483e-22,161954.18189680757,0.02382953289052706,1,1,1,1.2945009803857131e+22,0.00014743346750263782,6.43003495170971e+19,1062557452236579.2
88388.3883883884,523.6227361717754,0.7872704098162987,280.0,4.469218810132326e+18,2.672604259808778e-22,160947.900069181,0.023588104981048703,1,1,1,1.294500750948113e+22,0.00014743347011575168,6.4170437098281206e+19,1057380038837467.4
88488.4884884885,521.0447324754807,0.7900261847455494,280.0,4.446906231480692e+18,2.6559822773250418e-22,159946.9014492299,0.02334875407163396,1,1,1,1.29450052493566e+22,0.00014743347268985626,6.404235441297527e+19,1052227859694152.8
88588.5885885886,518.466728779186,0.7927317174209517,280.0,4.424705048396659e+18,2.6394475211458246e-22,158951.1557171658,0.02311146901029463,1,1,1,1.2945003022815995e+22,0.0001474334752257119,6.391607687263539e+19,1047100791832997.8
88688.6886886887,515.8887250828914,0.7953874948227527,280.0,4.4026147047377623e+18,2.622999489957774e-22,157960.63268320993,0.02287623858336705,1,1,1,1.29450008292006e+22,0.00014743347772406876,6.37915802044826e+19,1041998712879789.8
88788.78878878879,513.3107213865967,0.7979940186423611,280.0,4.3806346471380777e+18,2.6066376845858354e-22,156975.30228635477,0.022643051518099016,1,1,1,1.2944998667860641e+22,0.00014743348018566687,6.366884044756288e+19,1036921501056821.2
88888.88888888889,510.73271769030197,0.8005518042607312,280.0,4.358764324994364e+18,2.59036160797256e-22,155995.13459311792,0.02241189648521256,1,1,1,1.2944996538155362e+22,0.00014743348261123598,6.354783394885555e+19,1031869035179984.2
88988.98898898899,508.15471399400724,0.8030613797498454,280.0,4.3370031904522644e+18,2.5741707651572916e-22,155020.09979628865,0.022182762101441964,1,1,1,1.2944994439453112e+22,0.0001474334850014955,6.34285373594294e+19,1026841194655879.1
89089.0890890891,505.57671029771217,0.8055232848982039,280.0,4.3153506983925827e+18,2.5580646632552247e-22,154050.16821366694,0.02195563693204659,1,1,1,1.294499237113141e+22,0.00014743348735715432,6.3310927630646215e+19,1021837859478936.6
89189.1891891892,502.99870660141744,0.8079380702611153,280.0,4.293806306417646e+18,2.5420428114363365e-22,153085.31028679444,0.02173050949329822,1,1,1,1.2944990332576994e+22,0.00014743348967891087,6.319498201041113e+19,1016858910228557.5
89289.2892892893,500.4207029051227,0.8103062962364739,280.0,4.27236947483768e+18,2.5261047209041396e-22,152125.49657967527,0.021507368254942063,1,1,1,1.2944988323185877e+22,0.0001474334919674531,6.308067803946919e+19,1011904228066259.1
89389.3893893894,497.842699208828,0.8126285321665911,280.0,4.2510396666573256e+18,2.510249904874337e-22,151170.69777749028,0.021286201642631557,1,1,1,1.2944986342363369e+22,0.00014743349422345828,6.296799354774784e+19,1006973694732843.0
89489.4894894895,495.26469551253325,0.8149053554665653,280.0,4.2298163475621704e+18,2.4944778785532775e-22,150220.88468529982,0.021066998040336262,1,1,1,1.2944984389524105e+22,0.00014743349644759303,6.285690665074471e+19,1002067192545572.9
89589.5895895896,492.6866918162385,0.8171373507795588,280.0,4.2086989859053686e+18,2.478788159116271e-22,149276.02822673775,0.02084974579272247,1,1,1,1.2944982464092067e+22,0.00014743349864051338,6.274739574596019e+19,997184604395367.0
89689.6896896897,490.1086881199438,0.8193251091592701,280.0,4.1876870526943196e+18,2.463180265685721e-22,148336.0994426946,0.020634433207506336,1,1,1,1.294498056550058e+22,0.00014743350080286482,6.263943950937429e+19,992325813744004.2
89789.7897897898,487.53068442364906,0.8214692272797999,280.0,4.1667800215774203e+18,2.44765371930908e-22,147401.06948999,0.020421048557779084,1,1,1,1.2944978693192315e+22,0.00014743350293528194,6.2533016891967365e+19,987490704621344.0
89889.88988988989,484.95268072735433,0.8235703066730234,280.0,4.1459773688308767e+18,2.4322080429366235e-22,146470.90964003417,0.02020958008430405,1,1,1,1.2944976846619274e+22,0.00014743350503838894,6.242810711628413e+19,982679161622559.5
89989.98998998999,482.3746770310596,0.8256289529935125,280.0,4.1252785733455887e+18,2.4168427613990216e-22,145545.5912774773,0.020000015997785302,1,1,1,1.2944975025242777e+22,0.0001474335071127993,6.232468967304047e+19,977891069905384.9
90090.0900900901,479.79667333476453,0.8276457753109694,280.0,4.1046831166140877e+18,2.401557401384703e-22,144625.08589884633,0.01979234448110739,1,1,1,1.2944973228533428e+22,0.00014743350915911597,6.2222744317772554e+19,973126315187374.5
90190.1901901902,477.2186696384698,0.8296213854300755,280.0,4.084190482717571e+18,2.3863514914170287e-22,143709.3651111704,0.019586553691546427,1,1,1,1.2944971455971086e+22,0.0001474335111779313,6.212225106752787e+19,968384783743179.9
90290.2902902903,474.6406659421751,0.8315563972375918,280.0,4.0638001583129375e+18,2.371224561831197e-22,142798.4006305899,0.019382631762951495,1,1,1,1.2944969707044823e+22,0.00014743351316982725,6.202319019759741e+19,963666362401832.6
90390.3903903904,472.06266224588035,0.8334514260764896,280.0,4.0435116326199665e+18,2.356176144750972e-22,141892.16428095513,0.0191805668078971,1,1,1,1.2944967981252877e+22,0.00014743351513537518,6.1925542238288855e+19,958970938544047.2
90490.4904904905,469.4846585495856,0.8353070881468353,280.0,4.0233243974085053e+18,2.341205774065131e-22,140990.62799240797,0.01898034691980578,1,1,1,1.2944966278102603e+22,0.00014743351707513627,6.182928797174001e+19,954298400099534.5
90590.5905905906,466.9066548532909,0.8371239999331153,280.0,4.00323794698574e+18,2.326312985403672e-22,140093.7637999489,0.01878196017504098,1,1,1,1.2944964597110404e+22,0.00014743351898966123,6.173440842877215e+19,949648635544327.9
90690.6906906907,464.32865115699616,0.8389027776576229,280.0,3.983251778183528e+18,2.311497316113762e-22,139201.54384198887,0.018585394634970064,1,1,1,1.2944962937801681e+22,0.00014743352087949056,6.164088488578273e+19,945021533898123.4
90790.7907907908,461.75064746070143,0.8406440367595108,280.0,3.9633653903457956e+18,2.2967583052354055e-22,138313.94035888358,0.018390638347997174,1,1,1,1.2944961299710753e+22,0.00014743352274515468,6.1548698861677e+19,940416984721632.6
90890.89089089089,459.1726437644067,0.8423483913990578,280.0,3.943578285315994e+18,2.2820954934768326e-22,137430.92569145173,0.01819767935156599,1,1,1,1.2944959682380787e+22,0.0001474335245871739,6.1457832114837996e+19,935834878113948.5
90990.99099099099,456.59464006811197,0.8440164539866777,280.0,3.923889967424621e+18,2.26750842318958e-22,136552.47227947414,0.01800650567413212,1,1,1,1.294495808536372e+22,0.00014743352640605843,6.136826664013455e+19,931275104709923.9
91091.0910910911,454.0166363718169,0.8456488347361654,280.0,3.9042999434768026e+18,2.252996638343274e-22,135678.55266017525,0.017817105337105153,1,1,1,1.2944956508220175e+22,0.00014743352820230875,6.127998466596672e+19,926737555677562.5
91191.1911911912,451.4386326755222,0.8472461412416489,280.0,3.884807722739953e+18,2.2385596845000937e-22,134809.13946668516,0.017629466356760385,1,1,1,1.2944954950519378e+22,0.00014743352997641546,6.11929686513483e+19,922222122715426.0
91291.2912912913,448.86062897922744,0.8488089780776956,280.0,3.8654128169314493e+18,2.2241971087888706e-22,133944.20542647998,0.017443576746119707,1,1,1,1.294495341183907e+22,0.0001474335317288594,6.1107201283025764e+19,917728698050046.8
91391.3913913914,446.2826252829327,0.8503379464220027,280.0,3.8461147402064343e+18,2.209908459878878e-22,133083.72335980332,0.017259424516802315,1,1,1,1.2944951891765404e+22,0.00014743353346011203,6.102266547263337e+19,913257174433360.6
91491.4914914915,443.704621586638,0.8518336437000815,280.0,3.8269130091456266e+18,2.195693287953226e-22,132227.66617806413,0.017076997680844634,1,1,1,1.2944950389892861e+22,0.00014743353517063508,6.093934435388395e+19,908807445140148.1
91591.5915915916,441.12661789034325,0.8532966632513396,280.0,3.807807142743217e+18,2.1815511446818936e-22,131376.00688221265,0.01689628425248971,1,1,1,1.2944948905824146e+22,0.00014743353686088115,6.085722127979471e+19,904379403965489.8
91691.6916916917,438.5486141940485,0.854727594015948,280.0,3.7887966623948196e+18,2.167481583194358e-22,130528.71856109207,0.016717272249946,1,1,1,1.2944947439170084e+22,0.00014743353853129338,6.077627981994796e+19,899972945222232.9
91791.7917917918,435.9706104977538,0.8561270202418733,280.0,3.7698810918854784e+18,2.1534841580518147e-22,129685.77438976566,0.016539949697115617,1,1,1,1.2944945989549524e+22,0.00014743354018230588,6.069650375778596e+19,895587963738471.5
91891.8918918919,433.39260680145907,0.8574955212114531,280.0,3.751059957377743e+18,2.139558425218974e-22,128847.1476278183,0.016364304625292012,1,1,1,1.294494455658923e+22,0.00014743354181434378,6.061787708793972e+19,891224354855038.8
91991.99199199199,430.81460310516434,0.858833670986885,280.0,3.732332787399796e+18,2.1257039420354077e-22,128012.81161763088,0.01619032507482715,1,1,1,1.294494313992377e+22,0.00014743354342782323,6.054038401359119e+19,886882014423010.8
92092.0920920921,428.23659940886927,0.8601420381739993,280.0,3.7136991128336415e+18,2.1119202671864355e-22,127182.73978262708,0.01601799909676822,1,1,1,1.2944941739195413e+22,0.00014743354502315162,6.0464008943868355e+19,882560838801223.0
92192.1921921922,425.65859571257454,0.8614211857036862,280.0,3.6951584669033636e+18,2.0982069606735292e-22,126356.90562549105,0.01584731475446407,1,1,1,1.2944940354054016e+22,0.00014743354660072782,6.038873649127301e+19,878260724853801.5
92292.2922922923,423.0805920162798,0.8626716706303516,280.0,3.6767103851634196e+18,2.0845635837842118e-22,125535.2827263548,0.015678260125141133,1,1,1,1.2944938984156917e+22,0.00014743354816094202,6.031455146914055e+19,873981569947700.1
92392.3923923924,420.5025883199851,0.8638940439467747,280.0,3.658354405487005e+18,2.07098969906143e-22,124717.84474095354,0.015510823301449329,1,1,1,1.2944937629168817e+22,0.00014743354970417615,6.024143888913153e+19,869723271950256.0
92492.4924924925,417.92458462369035,0.865088850414751,280.0,3.6400900680544947e+18,2.0574848702724043e-22,123904.56539875007,0.015344992392977765,1,1,1,1.2944936288761667e+22,0.0001474335512308038,6.016938395875453e+19,865485729226754.1
92592.5925925926,415.3465809273956,0.8662566284109054,280.0,3.621916915341909e+18,2.0440486623768826e-22,123095.41850102272,0.015180755527740435,1,1,1,1.2944934962614564e+22,0.00014743355274119042,6.009837207891988e+19,861268840638004.1
92692.6926926927,412.7685772311009,0.8673979097870731,280.0,3.603834492109457e+18,2.0306806414948287e-22,122290.37791891968,0.015018100853632064,1,1,1,1.294493365041362e+22,0.00014743355423569356,6.002838884152386e+19,857072505537929.4
92792.7927927928,410.19057353480616,0.8685132197446493,280.0,3.5858423453901327e+18,2.017380374873483e-22,121489.41759147526,0.014857016539854148,1,1,1,1.2944932351851866e+22,0.0001474335557146628,5.995942002706308e+19,852896623771167.9
92892.8928928929,407.61256983851143,0.8696030767223197,280.0,3.56794002447837e+18,2.0041474308537898e-22,120692.5115235881,0.014697490778311463,1,1,1,1.294493106662912e+22,0.00014743355717844,5.989145160227841e+19,848741095670684.6
92992.992992993,405.0345661422167,0.8706679922965976,280.0,3.5501270809187487e+18,1.9909813788361592e-22,119899.63378395939,0.014539511784979052,1,1,1,1.2944929794451885e+22,0.00014743355862735944,5.9824469717828305e+19,844605822055396.1
93093.0930930931,402.45656244592163,0.8717084710945985,280.0,3.53240306849476e+18,1.9778817892455344e-22,119110.75850298905,0.014383067801239923,1,1,1,1.294492853503323e+22,0.00014743356006174794,5.975846070599103e+19,840490704227805.9
93193.1931931932,399.8785587496269,0.8727250107184991,280.0,3.5147675432176415e+18,1.9648482334957431e-22,118325.85987062902,0.014228147095193721,1,1,1,1.2944927288092667e+22,0.00014743356148192493,5.9693411078395445e+19,836395643971654.1
93293.2932932933,397.3005550533322,0.8737181016811386,280.0,3.4972200633152384e+18,1.9518802839530894e-22,117544.91213419066,0.01407473796293624,1,1,1,1.2944926053356053e+22,0.00014743356288820264,5.962930752377983e+19,832320543549573.8
93393.3933933934,394.72255135703745,0.8746882273522331,280.0,3.4797601892209377e+18,1.9389775138991582e-22,116767.88959610477,0.013922828729810379,1,1,1,1.2944924830555462e+22,0.00014743356428088621,5.956613690577866e+19,828265305700763.5
93493.4934934935,392.1445476607427,0.8756358639146857,280.0,3.462387483562671e+18,1.9261394974928288e-22,115994.7666116341,0.01377240775162843,1,1,1,1.2944923619429076e+22,0.00014743356566027379,5.950388626073669e+19,824229833638669.6
93593.5935935936,389.566543964448,0.8765614803304907,280.0,3.4451015111519503e+18,1.9133658097314109e-22,115225.51758653275,0.013623463415866028,1,1,1,1.2944922419721077e+22,0.0001474335670266568,5.944254279555015e+19,820214031048679.6
93693.6936936937,386.98854026815326,0.8774655383157426,280.0,3.427901838972963e+18,1.9006560264109102e-22,114460.11697465344,0.013475984142827895,1,1,1,1.2944921231181526e+22,0.00014743356838031987,5.938209388553459e+19,816217802085827.2
93793.7937937938,384.41053657185853,0.8783484923242734,280.0,3.4107880361717304e+18,1.8880097240853672e-22,113698.53927549877,0.013329958386785721,1,1,1,1.2944920053566256e+22,0.0001474335697215411,5.932252707231916e+19,812241051372509.0
93893.8938938939,381.8325328755638,0.8792107895394599,280.0,3.393759674045312e+18,1.875426480025233e-22,112940.75903171457,0.013185374637088241,1,1,1,1.2944918886636761e+22,0.0001474335710505921,5.926383006176677e+19,808283683996211.8
93993.993993994,379.25452917926907,0.8800528698737522,280.0,3.3768163260310676e+18,1.862905872174748e-22,112186.75082652319,0.013042221419243867,1,1,1,1.2944917730160087e+22,0.0001474335723677382,5.9205990721920025e+19,804345605507251.8
94094.09409409411,376.676525482974,0.8808751659754899,280.0,3.3599575676959677e+18,1.8504474791082633e-22,111436.4892810931,0.012900487295976064,1,1,1,1.294491658390872e+22,0.0001474335736732385,5.914899708097239e+19,800426721916524.2
94194.1941941942,374.09852178667927,0.8816781032425908,280.0,3.3431829767259756e+18,1.838050879985494e-22,110689.94905184422,0.012760160868251717,1,1,1,1.2944915447660484e+22,0.00014743357496734612,5.909283732526441e+19,796526939693267.0
94294.2942942943,371.52051809038454,0.8824620998427053,280.0,3.3264921329154483e+18,1.8257156545056036e-22,109947.10482768278,0.012621230776282655,1,1,1,1.2944914321198425e+22,0.000147433576250308,5.9037499797304525e+19,792646165762829.0
94394.3943943944,368.9425143940898,0.8832275667394465,280.0,3.309884618156617e+18,1.8134413828601243e-22,109207.93132716612,0.012483685700500726,1,1,1,1.2944913204310715e+22,0.00014743357752236555,5.8982972993814225e+19,788784307504456.4
94494.4944944945,366.3645106977951,0.8839749077243217,280.0,3.293360016429125e+18,1.8012276456846423e-22,108472.40329559315,0.012347514362506608,1,1,1,1.294491209679054e+22,0.00014743357878375422,5.892924556379726e+19,784941272749086.1
94594.5945945946,363.78650700150035,0.8847045194540014,280.0,3.276917913789594e+18,1.7890740240091747e-22,107740.4955020159,0.012212705525992584,1,1,1,1.2944910998436e+22,0.000147433580034704,5.887630630663249e+19,781116969777151.4
94694.6946946947,361.2085033052056,0.8854167914925777,280.0,3.2605578983612575e+18,1.7769800992072078e-22,107012.18273617064,0.0120792479976396,1,1,1,1.294490990905001e+22,0.00014743358127543933,5.882414417019016e+19,777311307316397.5
94794.7947947948,358.6304996089109,0.8861121063584768,280.0,3.244279560323645e+18,1.7649454529433272e-22,106287.439805324,0.011947130627988843,1,1,1,1.2944908828440191e+22,0.00014743358250617931,5.877274824897118e+19,773524194539709.5
94894.8948948949,356.05249591261617,0.8867908395757056,280.0,3.2280824919023145e+18,1.7529696671193737e-22,105566.2415310305,0.011816342312288121,1,1,1,1.2944907756418779e+22,0.00014743358372713782,5.872210778226929e+19,769755541062949.6
94994.994994995,353.47449221632144,0.8874533597291191,280.0,3.2119662873586396e+18,1.7410523238190682e-22,104848.56274579764,0.011686871991313331,1,1,1,1.294490669280252e+22,0.00014743358493852352,5.867221215235556e+19,766005256942806.1
95095.09509509511,350.89648852002637,0.8881000285234196,280.0,3.1959305429796403e+18,1.729193005251026e-22,104134.37828965434,0.011558708652165288,1,1,1,1.2944905637412582e+22,0.00014743358614054017,5.862305088268521e+19,762273252674651.8
95195.1951951952,348.31848482373164,0.8887312008455958,280.0,3.1799748570678825e+18,1.7173912936901065e-22,103423.66300661872,0.011431841329042246,1,1,1,1.294490459007445e+22,0.00014743358733338644,5.85746136361262e+19,758559439190416.5
95295.2952952953,345.7404811274369,0.8893472248305375,280.0,3.164098829931401e+18,1.7056467714169912e-22,102716.3917410596,0.011306259103988211,1,1,1,1.2944903550617835e+22,0.00014743358851725626,5.852689021320952e+19,754863727856464.8
95395.3953953954,343.1624774311422,0.8899484419295639,280.0,3.1483020638736896e+18,1.6939590206559428e-22,102012.53933394817,0.011181951107617638,1,1,1,1.2944902518876586e+22,0.000147433589692339,5.847987055040071e+19,751186030471488.4
95495.4954954955,340.58447373484745,0.8905351869816162,280.0,3.132584163183747e+18,1.6823276235106505e-22,101312.08061899446,0.011058906519816518,1,1,1,1.2944901494688595e+22,0.00014743359085881913,5.8433544718392525e+19,747526259264408.6
95595.5955955956,338.0064700385527,0.8911077882868801,280.0,3.11694473412616e+18,1.6707521618980634e-22,100614.99041866281,0.010937114570420367,1,1,1,1.2944900477895706e+22,0.00014743359201687688,5.838790292041827e+19,743884326892288.0
95695.6956956957,335.428466342258,0.891666567682613,280.0,3.1013833849312374e+18,1.659232217480125e-22,99921.24354006076,0.010816564539869237,1,1,1,1.294489946834363e+22,0.0001474335931666879,5.8342935490585756e+19,740260146438253.2
95795.7957957958,332.85046264596326,0.8922118406209598,280.0,3.0858997257851996e+18,1.6477673715933196e-22,99230.81477069625,0.01069724575984017,1,1,1,1.2944898465881857e+22,0.0001474335943084237,5.829863289223138e+19,736653631409428.5
95895.8958958959,330.27245894966853,0.8927439162485535,280.0,3.0704933688204134e+18,1.6363572051759178e-22,98543.67887409625,0.010579147613857318,1,1,1,1.2944897470363572e+22,0.00014743359544225137,5.825498571629423e+19,733064695734878.9
95995.995995996,327.6944552533738,0.8932630974877072,280.0,3.0551639281056727e+18,1.6250012986928134e-22,97859.8105852803,0.010462259537880093,1,1,1,1.2944896481645566e+22,0.00014743359656833413,5.821198467970996e+19,729493253763564.4
96096.09609609611,325.11645155707873,0.8937696811190116,280.0,3.039911019636533e+18,1.6136992320578394e-22,97179.18460608233,0.010346571020869604,1,1,1,1.2944895499588162e+22,0.000147433597686831,5.816962062382403e+19,725939220262304.0
96196.19619619621,322.538447860784,0.8942639578651631,280.0,3.0247342613257006e+18,1.6024505845534522e-22,96501.7756003139,0.010232071605333713,1,1,1,1.2944894524055127e+22,0.00014743359879789713,5.812788451282426e+19,722402510413751.9
96296.2962962963,319.9604441644893,0.894746212475859,280.0,3.0096332729934413e+18,1.5912549347476237e-22,95827.5581887593,0.010118750887850938,1,1,1,1.2944893554913595e+22,0.0001474335999016839,5.80867674321923e+19,718883039814379.5
96396.3963963964,317.38244046819455,0.8952167238135978,280.0,2.9946076763580774e+18,1.580111860407857e-22,95156.50694399756,0.010006598519573655,1,1,1,1.294489259203399e+22,0.0001474336009983388,5.804626058717383e+19,715380724472472.5
96496.4964964965,314.8044367718998,0.8956757649402418,280.0,2.9796570950264945e+18,1.5690209384121368e-22,94488.59638503962,0.009895604206710738,1,1,1,1.2944891635289953e+22,0.00014743360208800582,5.800635530126727e+19,711895480806135.4
96596.5965965966,312.2264330756051,0.8961236032041942,280.0,2.964781154484727e+18,1.5579817446566997e-22,93823.80097177422,0.009785757710990089,1,1,1,1.2944890684558256e+22,0.00014743360317082525,5.796704301473074e+19,708427225641307.0
96696.6966966967,309.64842937931036,0.8965605003280667,280.0,2.94997948208857e+18,1.5469938539604383e-22,93162.095099211,0.009677048850101245,1,1,1,1.2944889739718737e+22,0.000147433604246934,5.792831528310707e+19,704975876209786.0
96796.7967967968,307.0704256830156,0.8969867124967048,280.0,2.935251707054244e+18,1.536056839965793e-22,92503.45309151197,0.009569467498118446,1,1,1,1.2944888800654228e+22,0.00014743360531646547,5.789016377576653e+19,701541350147266.4
96896.8968968969,304.4924219867209,0.8974024904454564,280.0,2.9205974604491085e+18,1.525170275035945e-22,91847.84919580046,0.009463003585904427,1,1,1,1.2944887867250479e+22,0.0001474336063795498,5.7852580274467226e+19,698123565491383.1
96996.996996997,301.91441829042617,0.8978080795485744,280.0,2.9060163751824184e+18,1.514333730148119e-22,91195.25757573555,0.009357647101495252,1,1,1,1.2944886939396094e+22,0.0001474336074363139,5.7815556671932785e+19,694722440679768.0
97097.09709709711,300.0,0.8981028186691027,280.0,2.8915080859961293e+18,1.5043793506808383e-22,90595.79116918823,0.009275936797455798,1,1,1,1.2944886016068158e+22,0.0001474336084879227,5.777899609332437e+19,691337893845472.4
97197.19719719721,300.0,0.8981028186691027,280.0,2.8770722294557527e+18,1.4968689026443431e-22,90143.50167080246,0.009259701882843356,1,1,1,1.2944885094586878e+22,0.0001474336095374284,5.774263851924161e+19,687969842177648.1
97297.29729729731,300.0,0.8981028186691027,280.0,2.862708443941241e+18,1.489395950525959e-22,89693.4702281161,0.009243495382876058,1,1,1,1.2944884174948558e+22,0.00014743361058483517,5.770648292886372e+19,684618205285043.4
97397.3973973974,300.0,0.8981028186691027,280.0,2.848416369637939e+18,1.4819603071272843e-22,89245.68556778424,0.009227317247822074,1,1,1,1.2944883257149516e+22,0.00014743361163014723,5.7670528305986675e+19,681282903168203.5
97497.4974974975,300.0,0.8981028186691027,280.0,2.834195648527561e+18,1.474561786184502e-22,88800.13647274394,0.009211167428036605,1,1,1,1.2944882341186072e+22,0.00014743361267336867,5.7634773639001326e+19,677963856217561.9
97597.5975975976,300.0,0.8981028186691027,280.0,2.820045924379234e+18,1.4672002023637213e-22,88356.81178193366,0.009195045873961754,1,1,1,1.2944881427054552e+22,0.00014743361371450381,5.7599217920871694e+19,674660985211539.1
97697.6976976977,300.0,0.8981028186691027,280.0,2.8059668427405645e+18,1.4598753712563296e-22,87915.70039001347,0.00917895253612636,1,1,1,1.2944880514751296e+22,0.00014743361475355674,5.75638601491134e+19,671374211314652.5
97797.7977977978,300.0,0.8981028186691027,280.0,2.791958050928764e+18,1.4525871093743744e-22,87476.79124708676,0.009162887365145833,1,1,1,1.2944879604272646e+22,0.0001474336157905317,5.752869932577224e+19,668103456075634.2
97897.8978978979,300.0,0.8981028186691027,280.0,2.778019198021814e+18,1.4453352341459673e-22,87040.0733584236,0.009146850311722037,1,1,1,1.2944878695614951e+22,0.00014743361682543273,5.7493734457403e+19,664848641425558.9
97997.997997998,300.0,0.8981028186691027,280.0,2.764149934849672e+18,1.43811956391071e-22,86605.53578418527,0.009130841326643104,1,1,1,1.2944877788774573e+22,0.00014743361785826405,5.745896455504829e+19,661609689675979.8
98098.09809809811,300.0,0.8981028186691027,280.0,2.750349913985528e+18,1.4309399179151427e-22,86173.16763915008,0.009114860360783301,1,1,1,1.2944876883747875e+22,0.0001474336188890298,5.742438863421768e+19,658386523517074.6
98198.19819819821,300.0,0.8981028186691027,280.0,2.736618789737105e+18,1.423796116308221e-22,85742.95809244107,0.009098907365102884,1,1,1,1.2944875980531228e+22,0.00014743361991773407,5.739000571486689e+19,655179066015802.0
98298.29829829831,300.0,0.8981028186691027,280.0,2.7229562181379896e+18,1.4166879801368038e-22,85314.89636725426,0.009082982290647927,1,1,1,1.2944875079121014e+22,0.00014743362094438105,5.735581482137717e+19,651987240614061.9
98398.3983983984,300.0,0.8981028186691027,280.0,2.7093618569390244e+18,1.4096153313411746e-22,84888.97174058888,0.009067085088550192,1,1,1,1.294487417951362e+22,0.0001474336219689748,5.732181498253483e+19,648810971126870.8
98498.4984984985,300.0,0.8981028186691027,280.0,2.695835365599725e+18,1.4025779927505784e-22,84465.1735429787,0.009051215710026967,1,1,1,1.294487328170544e+22,0.00014743362299151944,5.72880052315109e+19,645650181740542.2
98598.5985985986,300.0,0.8981028186691027,280.0,2.6823764052797624e+18,1.3955757880787875e-22,84043.49115822489,0.009035374106380918,1,1,1,1.2944872385692876e+22,0.00014743362401201907,5.725438460584096e+19,642504797010877.9
98698.6986986987,300.0,0.8981028186691027,280.0,2.668984638830467e+18,1.3886085419196843e-22,83623.91402313008,0.009019560228999952,1,1,1,1.2944871491472336e+22,0.00014743362503047777,5.722095214740512e+19,639374741861366.0
98798.7987987988,300.0,0.8981028186691027,280.0,2.6556597307863823e+18,1.3816760797428634e-22,83206.43162723351,0.00900377402935705,1,1,1,1.2944870599040237e+22,0.00014743362604689963,5.718770690240811e+19,636259941581390.2
98898.8988988989,300.0,0.8981028186691027,280.0,2.6424013473568645e+18,1.3747782278892651e-22,82791.03351254803,0.008988015459010125,1,1,1,1.2944869708393e+22,0.00014743362706128873,5.715464792135954e+19,633160321824446.0
98998.998998999,300.0,0.8981028186691027,280.0,2.6292091564177203e+18,1.3679148135668218e-22,82377.70927329795,0.00897228446960188,1,1,1,1.2944868819527059e+22,0.00014743362807364912,5.712177425905429e+19,630075808606365.9
99099.09909909911,300.0,0.8981028186691027,280.0,2.6160828275028823e+18,1.3610856648461282e-22,81966.4485556583,0.008956581012859644,1,1,1,1.2944867932438849e+22,0.00014743362908398487,5.708908497455307e+19,627006328303553.4
99199.19919919921,300.0,0.8981028186691027,280.0,2.603022031796145e+18,1.354290610656142e-22,81557.24105749588,0.008940905040595252,1,1,1,1.2944867047124815e+22,0.00014743363009230004,5.705657913116309e+19,623951807651227.5
99299.29929929931,300.0,0.8981028186691027,280.0,2.590026442122909e+18,1.3475294807798889e-22,81150.07652811067,0.008925256504704857,1,1,1,1.2944866163581409e+22,0.00014743363109859866,5.702425579641882e+19,620912173741671.2
99399.39939939941,300.0,0.8981028186691027,280.0,2.5770957329420006e+18,1.3408021058502051e-22,80744.94476797941,0.008909635357168821,1,1,1,1.2944865281805088e+22,0.00014743363210288472,5.6992114042062995e+19,617887354022493.2
99499.4994994995,300.0,0.8981028186691027,280.0,2.5642295803375017e+18,1.3341083173454893e-22,80341.83562849973,0.00889404155005154,1,1,1,1.2944864401792319e+22,0.00014743363310516233,5.696015294402768e+19,614877276294895.4
99599.5995995996,300.0,0.8981028186691027,280.0,2.551427662010654e+18,1.3274479475854881e-22,79940.73901173643,0.008878475035501312,1,1,1,1.2944863523539576e+22,0.00014743363410543543,5.692837158241546e+19,611881868711949.9
99699.6996996997,300.0,0.8981028186691027,280.0,2.5386896572717716e+18,1.3208208297270902e-22,79541.64487016815,0.008862935765750186,1,1,1,1.2944862647043337e+22,0.00014743363510370808,5.689676904148083e+19,608901059776884.2
99799.7997997998,300.0,0.8981028186691027,280.0,2.526015247032214e+18,1.3142267977601496e-22,79144.54320643583,0.008847423693113816,1,1,1,1.294486177230009e+22,0.00014743363609998425,5.686534440961161e+19,605934778341374.5
99899.8998998999,300.0,0.8981028186691027,280.0,2.5134041137963894e+18,1.3076656865033246e-22,78749.42407309217,0.008831938769991313,1,1,1,1.294486089930633e+22,0.00014743363709426792,5.6834096779310604e+19,602982953603847.4
100000.0,300.0,0.8981028186691027,280.0,2.500855941653804e+18,1.3011373315999434e-22,78356.27757235257,0.008816480948865101,1,1,1,1.2944860028058554e+22,0.00014743363808656312,5.680302524717729e+19,600045515107790.1
