time_s,temperature_K,pressure_Pa,quench_active,NH3_mol,N2_mol,H2_mol,CO2_mol,CO_mol,H2O_mol,Fe_mol,FeO_mol,CN_mol,HCN_mol,H2S_mol,HS_mol,cumulative_H2_from_NH3_mol,cumulative_H2_from_Fe_H2O_mol,cumulative_N2_from_NH3_mol
0.0,2800.0,298875739.68200165,0,7.897586215805506e+22,0.0,0.0,9.997841375157636e+19,0.0,5.550843506179199e+22,1.0027755394395202e+20,0.0,0.0,0.0,9.976262363963394e+16,0.0,0.0,0.0,0.0
3158918918.918919,2797.937597042964,298782973.3993104,0,1.1846379323708259e+22,3.3564741417173403e+22,1.0073509820337922e+23,9.993480205959312e+19,4.361169198324377e+16,5.546756110993297e+22,5.935999039295501e+19,4.0917563550997004e+19,0.0,0.0,9.976262363963394e+16,0.0,1.0069422425152021e+23,4.087395185901376e+19,3.3564741417173403e+22
6317837837.837838,2795.8751940859283,298690207.9757309,0,1.1846379323708259e+22,3.3564741417173403e+22,1.0075123373710287e+23,9.991363323509522e+19,6.478051648114812e+16,5.545142557620933e+22,4.3203287844818e+19,5.707426609913401e+19,0.0,0.0,9.976262363963394e+16,0.0,1.0069422425152021e+23,5.700948558265287e+19,3.3564741417173403e+22
9476756756.756758,2793.8127911288925,298597443.8313923,0,1.1846379323708259e+22,3.3564741417173403e+22,1.007629740577191e+23,9.989822776793155e+19,8.018598364481482e+16,5.54396852555931e+22,3.1447561761423004e+19,6.882999218252901e+19,0.0,0.0,9.976262363963394e+16,0.0,1.0069422425152021e+23,6.87498061988842e+19,3.3564741417173403e+22
12635675675.675676,2791.7503881718567,298504681.38617384,0,1.1846379323708259e+22,3.3564741417173403e+22,1.0077151799747831e+23,9.988701501134917e+19,9.139874022719104e+16,5.543114131583389e+22,2.2892409245628965e+19,7.738514469832306e+19,0.0,0.0,9.976262363963394e+16,0.0,1.0069422425152021e+23,7.729374595809586e+19,3.3564741417173403e+22
15794594594.594597,2789.687985214821,298411921.05969733,0,1.1846379323708259e+22,3.3564741417173403e+22,1.0077773664247146e+23,9.987885307629547e+19,9.956067528089526e+16,5.542492267084074e+22,1.6665602317427798e+19,8.361195162652421e+19,0.0,0.0,9.976262363963394e+16,0.0,1.0069422425152021e+23,8.351239095124332e+19,3.3564741417173403e+22
18953513513.513515,2787.625582257785,298319163.27132136,0,1.1846379323708259e+22,3.3564741417173403e+22,1.007822632886858e+23,9.987291145003427e+19,1.0550230154209062e+17,5.542039602462641e+22,1.2133014476835164e+19,8.814453946711684e+19,0.0,0.0,9.976262363963394e+16,0.0,1.0069422425152021e+23,8.803903716557475e+19,3.3564741417173403e+22
22112432432.432434,2785.563179300749,298226408.4401346,0,1.1846379323708259e+22,3.3564741417173403e+22,1.0078555854183316e+23,9.98685859091404e+19,1.0982784243596534e+17,5.541710077147903e+22,8.833435788565345e+18,9.144411815538665e+19,0.0,0.0,9.976262363963394e+16,0.0,1.0069422425152021e+23,9.13342903129507e+19,3.3564741417173403e+22
25271351351.351353,2783.5007763437134,298133656.9849497,0,1.1846379323708259e+22,3.3564741417173403e+22,1.007879575067711e+23,9.986543676759694e+19,1.1297698397942656e+17,5.541470180654109e+22,6.431321709083356e+18,9.384623223486865e+19,0.0,0.0,9.976262363963394e+16,0.0,1.0069422425152021e+23,9.373325525088923e+19,3.3564741417173403e+22
28430270270.27027,2781.4383733866775,298040909.3242971,0,1.1846379323708259e+22,3.3564741417173403e+22,1.0078970403527541e+23,9.986314402091434e+19,1.1526973066202248e+17,5.5412955278036775e+22,4.682500458084068e+18,9.559505348586794e+19,0.0,0.0,9.976262363963394e+16,0.0,1.0069422425152021e+23,9.547978375520592e+19,3.3564741417173403e+22
31589189189.189194,2779.3759704296417,297948165.8764181,0,1.1846379323708259e+22,3.3564741417173403e+22,1.0079097560325757e+23,9.986147474241403e+19,1.1693900916232379e+17,5.541168371005461e+22,3.409263197422405e+18,9.686829074652961e+19,0.0,0.0,9.976262363963394e+16,0.0,1.0069422425152021e+23,9.675135173736728e+19,3.3564741417173403e+22
34748108108.10811,2777.313567472606,297855427.0592595,0,1.1846379323708259e+22,3.3564741417173403e+22,1.007919013929046e+23,9.986025937396672e+19,1.1815437760963474e+17,5.541075792040758e+22,2.4822581819474657e+18,9.779529576200456e+19,0.0,0.0,9.976262363963394e+16,0.0,1.0069422425152021e+23,9.767714138439492e+19,3.3564741417173403e+22
37907027027.02703,2775.25116451557,297762693.29046655,0,1.1846379323708259e+22,3.3564741417173403e+22,1.007925754419288e+23,9.985937447885293e+19,1.1903927272342758e+17,5.541008387138338e+22,1.8073242626264835e+18,9.847022968132554e+19,0.0,0.0,9.976262363963394e+16,0.0,1.0069422425152021e+23,9.83511904086021e+19,3.3564741417173403e+22
41065945945.94595,2773.188761558534,297669964.98737764,0,1.1846379323708259e+22,3.3564741417173403e+22,1.0079306620890272e+23,9.985873019233152e+19,1.1968355924483453e+17,5.540959310440946e+22,1.3159130021850373e+18,9.896164094176698e+19,0.0,0.0,9.976262363963394e+16,0.0,1.0069422425152021e+23,9.884195738252214e+19,3.3564741417173403e+22
44224864864.86487,2771.1263586014984,297577242.56701756,0,1.1846379323708259e+22,3.3564741417173403e+22,1.0079342353322768e+23,9.98582610887195e+19,1.2015266285685098e+17,5.54092357800845e+22,9.58119573618699e+17,9.931943437033333e+19,0.0,0.0,9.976262363963394e+16,0.0,1.0069422425152021e+23,9.919928170747647e+19,3.3564741417173403e+22
47383783783.78379,2769.0639556444626,297484526.4460915,0,1.1846379323708259e+22,3.3564741417173403e+22,1.0079368370029153e+23,9.98579195339807e+19,1.2049421759565419e+17,5.5408975613020644e+22,6.976109550243052e+17,9.957994298892773e+19,0.0,0.0,9.976262363963394e+16,0.0,1.0069422425152021e+23,9.945944877133206e+19,3.3564741417173403e+22
50542702702.702705,2767.0015526874267,297391817.0409793,0,1.1846379323708259e+22,3.3564741417173403e+22,1.0079387312815283e+23,9.985767084693147e+19,1.2074290464488694e+17,5.540878618515935e+22,5.079344066821427e+17,9.976961953726988e+19,0.0,0.0,9.976262363963394e+16,0.0,1.0069422425152021e+23,9.964887663262499e+19,3.3564741417173403e+22
53701621621.62162,2764.939149730391,297299114.76772916,0,1.1846379323708259e+22,3.3564741417173403e+22,1.0079401105115806e+23,9.98574897767314e+19,1.2092397484494955e+17,5.540864826215412e+22,3.698303312554079e+17,9.990772361269663e+19,0.0,0.0,9.976262363963394e+16,0.0,1.0069422425152021e+23,9.978679963785167e+19,3.3564741417173403e+22
56860540540.54054,2762.876746773355,297206420.0420517,0,1.1846379323708259e+22,3.3564741417173403e+22,1.0079411147354147e+23,9.985735793846274e+19,1.2105581311362283e+17,5.54085478397707e+22,2.6927610956321043e+17,1.0000827783438882e+20,0.0,0.0,9.976262363963394e+16,0.0,1.0069422425152021e+23,9.988722202127519e+19,3.3564741417173403e+22
60019459459.459465,2760.8143438163193,297113733.2793139,0,1.1846379323708259e+22,3.3564741417173403e+22,1.0079418459166464e+23,9.985726194613817e+19,1.2115180543819037e+17,5.540847472164753e+22,1.9606199407135027e+17,1.0008149194988067e+20,0.0,0.0,9.976262363963394e+16,0.0,1.0069422425152021e+23,9.996034014444247e+19,3.3564741417173403e+22
63178378378.37839,2758.7519408592834,297021054.8945338,0,1.1846379323708259e+22,3.3564741417173403e+22,1.0079423782945887e+23,9.985719205342557e+19,1.2122169815079067e+17,5.5408421483853296e+22,1.4275430712383579e+17,1.0013479963682818e+20,0.0,0.0,9.976262363963394e+16,0.0,1.0069422425152021e+23,1.0001357793867738e+20,3.3564741417173403e+22
66337297297.29731,2756.6895379022476,296928385.30237377,0,1.1846379323708259e+22,3.3564741417173403e+22,1.0079427659228571e+23,9.985714116399951e+19,1.2127258757684914e+17,5.540838272102645e+22,1.0394059085510672e+17,1.001736133530969e+20,0.0,0.0,9.976262363963394e+16,0.0,1.0069422425152021e+23,1.0005234076552005e+20,3.3564741417173403e+22
69496216216.21622,2754.6271349452118,296835724.91713524,0,1.1846379323708259e+22,3.3564741417173403e+22,1.0079430481580056e+23,9.985710411099703e+19,1.2130964057933338e+17,5.54083544975116e+22,7.56800230055229e+16,1.0020187392094649e+20,0.0,0.0,9.976262363963394e+16,0.0,1.0069422425152021e+23,1.0008056428036715e+20,3.3564741417173403e+22
72655135135.13515,2752.564731988176,296743074.1527527,0,1.1846379323708259e+22,3.3564741417173403e+22,1.0079432536556987e+23,9.985707713239753e+19,1.2133661917883208e+17,5.540833394774228e+22,5.510327508726944e+16,1.0022245066886475e+20,0.0,0.0,9.976262363963394e+16,0.0,1.0069422425152021e+23,1.0010111404968591e+20,3.3564741417173403e+22
75814054054.05406,2750.50232903114,296650433.4227881,0,1.1846379323708259e+22,3.3564741417173403e+22,1.0079434032802795e+23,9.985705748905e+19,1.213562625263693e+17,5.54083189852842e+22,4.0121173658809464e+16,1.002374327702932e+20,0.0,0.0,9.976262363963394e+16,0.0,1.0069422425152021e+23,1.0011607650776683e+20,3.3564741417173403e+22
78972972972.97298,2748.4399260741043,296557803.1404251,0,1.1846379323708259e+22,3.3564741417173403e+22,1.0079435122232083e+23,9.985704318655924e+19,1.2137056501711651e+17,5.540830809099133e+22,2.9212578297654344e+16,1.0024834136565437e+20,0.0,0.0,9.976262363963394e+16,0.0,1.0069422425152021e+23,1.0012697080063725e+20,3.3564741417173403e+22
82131891891.8919,2746.3775231170684,296465183.7184632,0,1.1846379323708259e+22,3.3564741417173403e+22,1.0079435915454943e+23,9.985703277279106e+19,1.2138097878529626e+17,5.540830015876274e+22,2.1269935935991732e+16,1.0025628400801604e+20,0.0,0.0,9.976262363963394e+16,0.0,1.0069422425152021e+23,1.0013490302923073e+20,3.3564741417173403e+22
85290810810.81082,2744.3151201600326,296372575.56931233,0,1.1846379323708259e+22,3.3564741417173403e+22,1.0079436493007421e+23,9.985702519043498e+19,1.2138856114137928e+17,5.540829438323796e+22,1.54868287994419e+16,1.0026206711515259e+20,0.0,0.0,9.976262363963394e+16,0.0,1.0069422425152021e+23,1.001406785540112e+20,3.3564741417173403e+22
88449729729.72974,2742.252717202997,296279979.10498714,0,1.1846379323708259e+22,3.3564741417173403e+22,1.0079436913528454e+23,9.985701966965454e+19,1.2139408192181574e+17,5.540829017802763e+22,1.1276097695482496e+16,1.0026627784625655e+20,0.0,0.0,9.976262363963394e+16,0.0,1.0069422425152021e+23,1.0014488376433472e+20,3.3564741417173403e+22
91608648648.64865,2740.190314245961,296187394.7371016,0,1.1846379323708259e+22,3.3564741417173403e+22,1.0079437219713532e+23,9.985701564992533e+19,1.2139810165101158e+17,5.5408287116176856e+22,8210227186287690.0,1.0026934371676575e+20,0.0,0.0,9.976262363963394e+16,0.0,1.0069422425152021e+23,1.0014794561511472e+20,3.3564741417173403e+22
94767567567.56758,2738.127911288925,296094822.8768632,0,1.1846379323708259e+22,3.3564741417173403e+22,1.0079437442649603e+23,9.985701272312475e+19,1.214010284515917e+17,5.540828488681615e+22,5977939679190561.0,1.0027157600427285e+20,0.0,0.0,9.976262363963394e+16,0.0,1.0069422425152021e+23,1.0015017497582123e+20,3.3564741417173403e+22
97926486486.4865,2736.0655083318893,296002263.93506765,0,1.1846379323708259e+22,3.3564741417173403e+22,1.0079437604971339e+23,9.985701059209516e+19,1.214031594811812e+17,5.540828326359879e+22,4352591290553887.0,1.0027320135266148e+20,0.0,0.0,9.976262363963394e+16,0.0,1.0069422425152021e+23,1.0015179819318028e+20,3.3564741417173403e+22
101085405405.40541,2734.0031053748535,295909718.3220935,0,1.1846379323708259e+22,3.3564741417173403e+22,1.0079437723159242e+23,9.985700904047349e+19,1.2140471110284891e+17,5.5408282081719765e+22,3169160641688940.0,1.0027438478331036e+20,0.0,0.0,9.976262363963394e+16,0.0,1.0069422425152021e+23,1.0015298007220748e+20,3.3564741417173403e+22
104244324324.32433,2731.9407024178176,295817186.44789666,0,1.1846379323708259e+22,3.3564741417173403e+22,1.007943780921291e+23,9.985700791072388e+19,1.2140584085245197e+17,5.54082812211831e+22,2307494221788910.0,1.0027524644973026e+20,0.0,0.0,9.976262363963394e+16,0.0,1.0069422425152021e+23,1.0015384060887777e+20,3.3564741417173403e+22
107403243243.24324,2729.878299460782,295724668.722005,0,1.1846379323708259e+22,3.3564741417173403e+22,1.0079437871869354e+23,9.985700708814309e+19,1.2140666343324274e+17,5.540828059461865e+22,1680107200752475.2,1.0027587383675129e+20,0.0,0.0,9.976262363963394e+16,0.0,1.0069422425152021e+23,1.0015446717331802e+20,3.3564741417173403e+22
110562162162.16217,2727.815896503746,295632165.5535131,0,1.1846379323708259e+22,3.3564741417173403e+22,1.007943791749007e+23,9.985700648921465e+19,1.2140726236167826e+17,5.540828013841148e+22,1223301099207748.2,1.0027633064285284e+20,0.0,0.0,9.976262363963394e+16,0.0,1.0069422425152021e+23,1.0015492338049112e+20,3.3564741417173403e+22
113721081081.08109,2725.75349354671,295539677.35107696,0,1.1846379323708259e+22,3.3564741417173403e+22,1.0079437950706923e+23,9.985700605312949e+19,1.2140769844683464e+17,5.5408279806242955e+22,890696488444175.8,1.0027666324746361e+20,0.0,0.0,9.976262363963394e+16,0.0,1.0069422425152021e+23,1.0015525554901674e+20,3.3564741417173403e+22
116880000000.0,2723.6910905896743,295447204.5229086,0,1.1846379323708259e+22,3.3564741417173403e+22,1.0079437974892411e+23,9.985700573561197e+19,1.2140801596434269e+17,5.540827956438808e+22,648524093385573.8,1.0027690541985867e+20,0.0,0.0,9.976262363963394e+16,0.0,1.0069422425152021e+23,1.0015549740389428e+20,3.3564741417173403e+22
120038918918.91893,2721.6286876326385,295354747.4767715,0,1.1846379323708259e+22,3.3564741417173403e+22,1.007943799250208e+23,9.985700550442462e+19,1.2140824715168472e+17,5.540827938829137e+22,472196203581303.75,1.0027708174774849e+20,0.0,0.0,9.976262363963394e+16,0.0,1.0069422425152021e+23,1.0015567350059675e+20,3.3564741417173403e+22
123197837837.83786,2719.5662846756027,295262306.6199743,0,1.1846379323708259e+22,3.3564741417173403e+22,1.007943800532384e+23,9.985700533609505e+19,1.2140841548125986e+17,5.540827926007379e+22,343810287412755.7,1.0027721013366466e+20,0.0,0.0,9.976262363963394e+16,0.0,1.0069422425152021e+23,1.0015580171818335e+20,3.3564741417173403e+22
126356756756.75677,2717.503881718567,295169882.3593668,0,1.1846379323708259e+22,3.3564741417173403e+22,1.0079438014659476e+23,9.985700521353278e+19,1.2140853804353189e+17,5.540827916671742e+22,250331351536471.3,1.0027730361260053e+20,0.0,0.0,9.976262363963394e+16,0.0,1.0069422425152021e+23,1.0015589507455695e+20,3.3564741417173403e+22
129515675675.67569,2715.441478761531,295077475.1013342,0,1.1846379323708259e+22,3.3564741417173403e+22,1.0079438021456837e+23,9.98570051242941e+19,1.2140862728222053e+17,5.5408279098743805e+22,182268500669493.12,1.002773716754514e+20,0.0,0.0,9.976262363963394e+16,0.0,1.0069422425152021e+23,1.0015596304816913e+20,3.3564741417173403e+22
132674594594.59462,2713.379075804495,294985085.25179255,0,1.1846379323708259e+22,3.3564741417173403e+22,1.0079438026406057e+23,9.985700505931861e+19,1.214086922577095e+17,5.5408279049251605e+22,132711328994966.31,1.0027742123262306e+20,0.0,0.0,9.976262363963394e+16,0.0,1.0069422425152021e+23,1.001560125403653e+20,3.3564741417173403e+22
135833513513.51352,2711.3166728474594,294892713.21618336,0,1.1846379323708259e+22,3.3564741417173403e+22,1.0079438030009629e+23,9.985700501200937e+19,1.2140873956694538e+17,5.540827901321589e+22,96628308154112.27,1.002774573156439e+20,0.0,0.0,9.976262363963394e+16,0.0,1.0069422425152021e+23,1.001560485760769e+20,3.3564741417173403e+22
138992432432.43243,2709.2542698904235,294800359.3994688,0,1.1846379323708259e+22,3.3564741417173403e+22,1.0079438032633421e+23,9.985700497756309e+19,1.2140877401322405e+17,5.540827898697797e+22,70355937279069.14,1.0027748358801477e+20,0.0,0.0,9.976262363963394e+16,0.0,1.0069422425152021e+23,1.001560748140015e+20,3.3564741417173403e+22
142151351351.35135,2707.1918669333877,294708024.2061268,0,1.1846379323708259e+22,3.3564741417173403e+22,1.0079438034543828e+23,9.985700495248245e+19,1.214087990938683e+17,5.54082789678739e+22,51226788565895.11,1.0027750271716349e+20,0.0,0.0,9.976262363963394e+16,0.0,1.0069422425152021e+23,1.0015609391806957e+20,3.3564741417173403e+22
145310270270.2703,2705.129463976352,294615708.04014623,0,1.1846379323708259e+22,3.3564741417173403e+22,1.0079438035934811e+23,9.9857004934221e+19,1.2140881735531019e+17,5.540827895396406e+22,37298683929169.91,1.0027751664526813e+20,0.0,0.0,9.976262363963394e+16,0.0,1.0069422425152021e+23,1.0015610782791277e+20,3.3564741417173403e+22
148469189189.1892,2703.067061019316,294523411.30502206,0,1.1846379323708259e+22,3.3564741417173403e+22,1.00794380369476e+23,9.985700492092468e+19,1.2140883065162971e+17,5.540827894383617e+22,27157506100326.336,1.0027752678644595e+20,0.0,0.0,9.976262363963394e+16,0.0,1.0069422425152021e+23,1.0015611795579427e+20,3.3564741417173403e+22
151628108108.10812,2701.00465806228,294431134.40375036,0,1.1846379323708259e+22,3.3564741417173403e+22,1.007943803768502e+23,9.985700491124351e+19,1.2140884033279914e+17,5.540827893646197e+22,19773623622756.457,1.0027753417032843e+20,0.0,0.0,9.976262363963394e+16,0.0,1.0069422425152021e+23,1.0015612532999558e+20,3.3564741417173403e+22
154787027027.02704,2698.9422551052444,294338877.738824,0,1.1846379323708259e+22,3.3564741417173403e+22,1.0079438038221944e+23,9.985700490419456e+19,1.2140884738174538e+17,5.540827893109275e+22,14397352604816.287,1.0027753954659946e+20,0.0,0.0,9.976262363963394e+16,0.0,1.0069422425152021e+23,1.0015613069921765e+20,3.3564741417173403e+22
157945945945.94595,2696.8798521482086,294246641.7122277,0,1.1846379323708259e+22,3.3564741417173403e+22,1.0079438038612881e+23,9.985700489906215e+19,1.2140885251414632e+17,5.5408278927183375e+22,10482841485682.59,1.0027754346111058e+20,0.0,0.0,9.976262363963394e+16,0.0,1.0069422425152021e+23,1.0015613460859637e+20,3.3564741417173403e+22
161104864864.86487,2694.8174491911727,294154426.7254332,0,1.1846379323708259e+22,3.3564741417173403e+22,1.0079438038897527e+23,9.985700489532521e+19,1.2140885625109346e+17,5.540827892433692e+22,7632650851384.9795,1.0027754631130122e+20,0.0,0.0,9.976262363963394e+16,0.0,1.0069422425152021e+23,1.0015613745505006e+20,3.3564741417173403e+22
164263783783.7838,2692.755046234137,294062233.17939496,0,1.1846379323708259e+22,3.3564741417173403e+22,1.0079438039104779e+23,9.98570048926043e+19,1.2140885897199816e+17,5.540827892226439e+22,5557401502238.882,1.0027754838655056e+20,0.0,0.0,9.976262363963394e+16,0.0,1.0069422425152021e+23,1.001561395275785e+20,3.3564741417173403e+22
167422702702.7027,2690.692643277101,293970061.4745455,0,1.1846379323708259e+22,3.3564741417173403e+22,1.0079438039255682e+23,9.985700489062318e+19,1.2140886095311326e+17,5.540827892075536e+22,4046393849119.1206,1.0027754989755823e+20,0.0,0.0,9.976262363963394e+16,0.0,1.0069422425152021e+23,1.0015614103660505e+20,3.3564741417173403e+22
170581621621.62164,2688.6302403200652,293877912.01079077,0,1.1846379323708259e+22,3.3564741417173403e+22,1.0079438039365556e+23,9.985700488918072e+19,1.2140886239558093e+17,5.540827891965662e+22,2946215632568.423,1.0027755099773644e+20,0.0,0.0,9.976262363963394e+16,0.0,1.0069422425152021e+23,1.001561421353408e+20,3.3564741417173403e+22
173740540540.54056,2686.5678373630294,293785785.1875058,0,1.1846379323708259e+22,3.3564741417173403e+22,1.0079438039445556e+23,9.985700488813044e+19,1.2140886344585456e+17,5.5408278918856624e+22,2145166011347.2163,1.0027755179878606e+20,0.0,0.0,9.976262363963394e+16,0.0,1.0069422425152021e+23,1.0015614293534014e+20,3.3564741417173403e+22
176899459459.45947,2684.5054344059936,293693681.40353024,0,1.1846379323708259e+22,3.3564741417173403e+22,1.0079438039503805e+23,9.985700488736573e+19,1.2140886421056821e+17,5.540827891827414e+22,1561914601699.5562,1.0027755238203748e+20,0.0,0.0,9.976262363963394e+16,0.0,1.0069422425152021e+23,1.0015614351782684e+20,3.3564741417173403e+22
180058378378.3784,2682.4430314489578,293601601.0571638,0,1.1846379323708259e+22,3.3564741417173403e+22,1.0079438039546216e+23,9.985700488680894e+19,1.2140886476736307e+17,5.5408278917850025e+22,1137244022190.9626,1.0027755280670805e+20,0.0,0.0,9.976262363963394e+16,0.0,1.0069422425152021e+23,1.0015614394194063e+20,3.3564741417173403e+22
183217297297.2973,2680.380628491922,293509544.54616225,0,1.1846379323708259e+22,3.3564741417173403e+22,1.0079438039577096e+23,9.985700488640353e+19,1.214088651727704e+17,5.540827891754122e+22,828037566590.053,1.002775531159145e+20,0.0,0.0,9.976262363963394e+16,0.0,1.0069422425152021e+23,1.0015614425074167e+20,3.3564741417173403e+22
186376216216.21622,2678.318225534886,293417512.26773274,0,1.1846379323708259e+22,3.3564741417173403e+22,1.0079438039599581e+23,9.985700488610836e+19,1.214088654679511e+17,5.540827891731638e+22,602901574602.1396,1.0027755334105049e+20,0.0,0.0,9.976262363963394e+16,0.0,1.0069422425152021e+23,1.0015614447558248e+20,3.3564741417173403e+22
189535135135.13516,2676.2558225778503,293325504.6185296,0,1.1846379323708259e+22,3.3564741417173403e+22,1.0079438039615952e+23,9.985700488589343e+19,1.2140886568287483e+17,5.540827891715267e+22,438978040761.09924,1.0027755350497403e+20,0.0,0.0,9.976262363963394e+16,0.0,1.0069422425152021e+23,1.001561446392911e+20,3.3564741417173403e+22
192694054054.05408,2674.1934196208144,293233521.99465066,0,1.1846379323708259e+22,3.3564741417173403e+22,1.0079438039627873e+23,9.985700488573695e+19,1.2140886583936272e+17,5.540827891703348e+22,319623846392.8899,1.0027755362432822e+20,0.0,0.0,9.976262363963394e+16,0.0,1.0069422425152021e+23,1.0015614475848881e+20,3.3564741417173403e+22
195852972972.973,2672.1310166637786,293141564.79163206,0,1.1846379323708259e+22,3.3564741417173403e+22,1.0079438039636551e+23,9.985700488562301e+19,1.2140886595330296e+17,5.540827891694669e+22,232720987605.53925,1.0027755371123107e+20,0.0,0.0,9.976262363963394e+16,0.0,1.0069422425152021e+23,1.0015614484527772e+20,3.3564741417173403e+22
199011891891.8919,2670.068613706743,293049633.4044452,0,1.1846379323708259e+22,3.3564741417173403e+22,1.0079438039642871e+23,9.985700488554004e+19,1.2140886603626387e+17,5.54082789168835e+22,169446237142.0044,1.0027755377450584e+20,0.0,0.0,9.976262363963394e+16,0.0,1.0069422425152021e+23,1.0015614490846952e+20,3.3564741417173403e+22
202170810810.81082,2668.006210749707,292957728.2274917,0,1.1846379323708259e+22,3.3564741417173403e+22,1.0079438039647472e+23,9.985700488547964e+19,1.2140886609666845e+17,5.540827891683749e+22,123375324146.79906,1.0027755382057676e+20,0.0,0.0,9.976262363963394e+16,0.0,1.0069422425152021e+23,1.0015614495448003e+20,3.3564741417173403e+22
205329729729.72977,2665.943807792671,292865849.6546001,0,1.1846379323708259e+22,3.3564741417173403e+22,1.0079438039650822e+23,9.985700488543566e+19,1.2140886614064957e+17,5.540827891680398e+22,89830679424.15327,1.002775538541214e+20,0.0,0.0,9.976262363963394e+16,0.0,1.0069422425152021e+23,1.001561449879807e+20,3.3564741417173403e+22
208488648648.64865,2663.8814048356353,292773998.07902145,0,1.1846379323708259e+22,3.3564741417173403e+22,1.0079438039653262e+23,9.985700488540363e+19,1.214088661726726e+17,5.540827891677959e+22,65406522913.81378,1.0027755387854556e+20,0.0,0.0,9.976262363963394e+16,0.0,1.0069422425152021e+23,1.0015614501237283e+20,3.3564741417173403e+22
211647567567.5676,2661.8190018785995,292682173.8934256,0,1.1846379323708259e+22,3.3564741417173403e+22,1.0079438039655038e+23,9.985700488538032e+19,1.2140886619598888e+17,5.540827891676183e+22,47623075625.15994,1.00277553896329e+20,0.0,0.0,9.976262363963394e+16,0.0,1.0069422425152021e+23,1.0015614503013296e+20,3.3564741417173403e+22
214806486486.48648,2659.7565989215636,292590377.4898969,0,1.1846379323708259e+22,3.3564741417173403e+22,1.0079438039656332e+23,9.985700488536334e+19,1.2140886621296566e+17,5.5408278916748894e+22,34674788246.8613,1.002775539092773e+20,0.0,0.0,9.976262363963394e+16,0.0,1.0069422425152021e+23,1.0015614504306427e+20,3.3564741417173403e+22
217965405405.40543,2657.694195964528,292498609.25993085,0,1.1846379323708259e+22,3.3564741417173403e+22,1.0079438039657273e+23,9.985700488535099e+19,1.2140886622532661e+17,5.540827891673948e+22,25247024140.74158,1.0027755391870506e+20,0.0,0.0,9.976262363963394e+16,0.0,1.0069422425152021e+23,1.0015614505247968e+20,3.3564741417173403e+22
221124324324.32434,2655.631793007492,292406869.5944298,0,1.1846379323708259e+22,3.3564741417173403e+22,1.007943803965796e+23,9.9857004885342e+19,1.2140886623432672e+17,5.540827891673263e+22,18382584586.39401,1.002775539255695e+20,0.0,0.0,9.976262363963394e+16,0.0,1.0069422425152021e+23,1.0015614505933513e+20,3.3564741417173403e+22
224283243243.24326,2653.569390050456,292315158.8836996,0,1.1846379323708259e+22,3.3564741417173403e+22,1.0079438039658459e+23,9.985700488533544e+19,1.2140886624087979e+17,5.540827891672764e+22,13384524615.344246,1.0027755393056755e+20,0.0,0.0,9.976262363963394e+16,0.0,1.0069422425152021e+23,1.0015614506432663e+20,3.3564741417173403e+22
227442162162.16217,2651.5069870934203,292223477.5174456,0,1.1846379323708259e+22,3.3564741417173403e+22,1.0079438039658823e+23,9.985700488533067e+19,1.2140886624565114e+17,5.5408278916724005e+22,9745392348.764591,1.0027755393420668e+20,0.0,0.0,9.976262363963394e+16,0.0,1.0069422425152021e+23,1.0015614506796099e+20,3.3564741417173403e+22
230601081081.0811,2649.4445841363845,292131825.8847689,0,1.1846379323708259e+22,3.3564741417173403e+22,1.0079438039659088e+23,9.98570048853272e+19,1.214088662491252e+17,5.540827891672136e+22,7095707524.978772,1.0027755393685637e+20,0.0,0.0,9.976262363963394e+16,0.0,1.0069422425152021e+23,1.001561450706072e+20,3.3564741417173403e+22
233760000000.0,2647.3821811793487,292040204.374163,0,1.1846379323708259e+22,3.3564741417173403e+22,1.0079438039659281e+23,9.985700488532468e+19,1.2140886625165469e+17,5.540827891671943e+22,5166448253.509665,1.0027755393878562e+20,0.0,0.0,9.976262363963394e+16,0.0,1.0069422425152021e+23,1.0015614507253393e+20,3.3564741417173403e+22
236918918918.91895,2645.319778222313,291948613.37350994,0,1.1846379323708259e+22,3.3564741417173403e+22,1.0079438039659422e+23,9.985700488532284e+19,1.2140886625349643e+17,5.540827891671803e+22,3761737284.4398994,1.0027755394019031e+20,0.0,0.0,9.976262363963394e+16,0.0,1.0069422425152021e+23,1.001561450739368e+20,3.3564741417173403e+22
240077837837.83786,2643.257375265277,291857053.270077,0,1.1846379323708259e+22,3.3564741417173403e+22,1.0079438039659524e+23,9.98570048853215e+19,1.2140886625483742e+17,5.540827891671701e+22,2738954636.298271,1.002775539412131e+20,0.0,0.0,9.976262363963394e+16,0.0,1.0069422425152021e+23,1.0015614507495824e+20,3.3564741417173403e+22
243236756756.75677,2641.194972308241,291765524.45051277,0,1.1846379323708259e+22,3.3564741417173403e+22,1.0079438039659598e+23,9.985700488532052e+19,1.2140886625581381e+17,5.540827891671626e+22,1994257422.1572287,1.002775539419578e+20,0.0,0.0,9.976262363963394e+16,0.0,1.0069422425152021e+23,1.0015614507570196e+20,3.3564741417173403e+22
246395675675.67572,2639.1325693512053,291674027.3008442,0,1.1846379323708259e+22,3.3564741417173403e+22,1.0079438039659652e+23,9.985700488531981e+19,1.2140886625652472e+17,5.540827891671572e+22,1452036705.2169442,1.0027755394250002e+20,0.0,0.0,9.976262363963394e+16,0.0,1.0069422425152021e+23,1.0015614507624346e+20,3.3564741417173403e+22
249554594594.5946,2637.0701663941695,291582562.2064729,0,1.1846379323708259e+22,3.3564741417173403e+22,1.0079438039659692e+23,9.985700488531929e+19,1.2140886625704235e+17,5.540827891671532e+22,1057240940.8493391,1.0027755394289482e+20,0.0,0.0,9.976262363963394e+16,0.0,1.0069422425152021e+23,1.0015614507663775e+20,3.3564741417173403e+22
252713513513.51355,2635.0077634371337,291491129.55217165,0,1.1846379323708259e+22,3.3564741417173403e+22,1.007943803965972e+23,9.985700488531891e+19,1.2140886625741923e+17,5.540827891671504e+22,769786605.9391372,1.0027755394318228e+20,0.0,0.0,9.976262363963394e+16,0.0,1.0069422425152021e+23,1.0015614507692483e+20,3.3564741417173403e+22
255872432432.43243,2632.945360480098,291399729.72208154,0,1.1846379323708259e+22,3.3564741417173403e+22,1.0079438039659741e+23,9.985700488531863e+19,1.2140886625769365e+17,5.540827891671483e+22,560488528.0050286,1.0027755394339158e+20,0.0,0.0,9.976262363963394e+16,0.0,1.0069422425152021e+23,1.0015614507713385e+20,3.3564741417173403e+22
259031351351.35138,2630.882957523062,291308363.0997082,0,1.1846379323708259e+22,3.3564741417173403e+22,1.0079438039659756e+23,9.985700488531843e+19,1.2140886625789346e+17,5.540827891671468e+22,408096721.353037,1.0027755394354397e+20,0.0,0.0,9.976262363963394e+16,0.0,1.0069422425152021e+23,1.0015614507728604e+20,3.3564741417173403e+22
262190270270.2703,2628.820554566026,291217030.0679187,0,1.1846379323708259e+22,3.3564741417173403e+22,1.0079438039659768e+23,9.985700488531829e+19,1.2140886625803893e+17,5.540827891671457e+22,297138880.9185481,1.0027755394365492e+20,0.0,0.0,9.976262363963394e+16,0.0,1.0069422425152021e+23,1.0015614507739685e+20,3.3564741417173403e+22
265349189189.18924,2626.7581516089904,291125731.00893855,0,1.1846379323708259e+22,3.3564741417173403e+22,1.0079438039659776e+23,9.985700488531819e+19,1.2140886625814485e+17,5.5408278916714484e+22,216349482.69321623,1.0027755394373571e+20,0.0,0.0,9.976262363963394e+16,0.0,1.0069422425152021e+23,1.0015614507747754e+20,3.3564741417173403e+22
268508108108.1081,2624.6957486519545,291034466.30434847,0,1.1846379323708259e+22,3.3564741417173403e+22,1.0079438039659783e+23,9.98570048853181e+19,1.2140886625822197e+17,5.5408278916714425e+22,157525997.6645503,1.0027755394379455e+20,0.0,0.0,9.976262363963394e+16,0.0,1.0069422425152021e+23,1.001561450775363e+20,3.3564741417173403e+22
271667027027.02704,2622.6333456949187,290943236.33508104,0,1.1846379323708259e+22,3.3564741417173403e+22,1.0079438039659788e+23,9.985700488531806e+19,1.2140886625827813e+17,5.540827891671438e+22,114696090.93264538,1.0027755394383738e+20,0.0,0.0,9.976262363963394e+16,0.0,1.0069422425152021e+23,1.0015614507757907e+20,3.3564741417173403e+22
274825945945.94595,2620.570942737883,290852041.4814181,0,1.1846379323708259e+22,3.3564741417173403e+22,1.0079438039659791e+23,9.985700488531803e+19,1.21408866258319e+17,5.540827891671435e+22,83511251.92200646,1.0027755394386856e+20,0.0,0.0,9.976262363963394e+16,0.0,1.0069422425152021e+23,1.0015614507761022e+20,3.3564741417173403e+22
277984864864.86487,2618.508539780847,290760882.1229873,0,1.1846379323708259e+22,3.3564741417173403e+22,1.0079438039659793e+23,9.9857004885318e+19,1.2140886625834878e+17,5.5408278916714325e+22,60805291.1033938,1.0027755394389126e+20,0.0,0.0,9.976262363963394e+16,0.0,1.0069422425152021e+23,1.001561450776329e+20,3.3564741417173403e+22
281143783783.7838,2616.4461368238112,290669758.6387594,0,1.1846379323708259e+22,3.3564741417173403e+22,1.0079438039659795e+23,9.985700488531798e+19,1.2140886625837046e+17,5.540827891671431e+22,44272877.499447145,1.002775539439078e+20,0.0,0.0,9.976262363963394e+16,0.0,1.0069422425152021e+23,1.001561450776494e+20,3.3564741417173403e+22
284302702702.7027,2614.3837338667754,290578671.40704554,0,1.1846379323708259e+22,3.3564741417173403e+22,1.0079438039659796e+23,9.985700488531796e+19,1.2140886625838624e+17,5.54082789167143e+22,32235478.96100201,1.0027755394391984e+20,0.0,0.0,9.976262363963394e+16,0.0,1.0069422425152021e+23,1.0015614507766143e+20,3.3564741417173403e+22
287461621621.62164,2612.3213309097396,290487620.8054937,0,1.1846379323708259e+22,3.3564741417173403e+22,1.0079438039659798e+23,9.985700488531794e+19,1.2140886625839773e+17,5.540827891671429e+22,23470941.184208762,1.002775539439286e+20,0.0,0.0,9.976262363963394e+16,0.0,1.0069422425152021e+23,1.0015614507767018e+20,3.3564741417173403e+22
290620540540.5406,2610.2589279527037,290396607.21108675,0,1.1846379323708259e+22,3.3564741417173403e+22,1.0079438039659798e+23,9.985700488531793e+19,1.214088662584061e+17,5.540827891671428e+22,17089402.665275715,1.00277553943935e+20,0.0,0.0,9.976262363963394e+16,0.0,1.0069422425152021e+23,1.0015614507767656e+20,3.3564741417173403e+22
293779459459.4595,2608.196524995668,290305631.00013894,0,1.1846379323708259e+22,3.3564741417173403e+22,1.0079438039659798e+23,9.985700488531793e+19,1.214088662584122e+17,5.5408278916714274e+22,12442947.266742855,1.0027755394393963e+20,0.0,0.0,9.976262363963394e+16,0.0,1.0069422425152021e+23,1.001561450776812e+20,3.3564741417173403e+22
296938378378.3784,2606.134122038632,290214692.5482936,0,1.1846379323708259e+22,3.3564741417173403e+22,1.0079438039659798e+23,9.985700488531793e+19,1.2140886625841662e+17,5.5408278916714274e+22,9059821.441128504,1.00277553943943e+20,0.0,0.0,9.976262363963394e+16,0.0,1.0069422425152021e+23,1.0015614507768457e+20,3.3564741417173403e+22
300097297297.2973,2604.0717190815963,290123792.23052025,0,1.1846379323708259e+22,3.3564741417173403e+22,1.0079438039659798e+23,9.985700488531793e+19,1.2140886625841986e+17,5.5408278916714274e+22,6596537.20180216,1.0027755394394546e+20,0.0,0.0,9.976262363963394e+16,0.0,1.0069422425152021e+23,1.0015614507768703e+20,3.3564741417173403e+22
303256216216.21625,2602.0093161245604,290032930.4211122,0,1.1846379323708259e+22,3.3564741417173403e+22,1.0079438039659798e+23,9.985700488531793e+19,1.214088662584222e+17,5.5408278916714274e+22,4802997.866737169,1.0027755394394725e+20,0.0,0.0,9.976262363963394e+16,0.0,1.0069422425152021e+23,1.0015614507768881e+20,3.3564741417173403e+22
306415135135.13513,2599.9469131675246,289942107.4936836,0,1.1846379323708259e+22,3.3564741417173403e+22,1.0079438039659798e+23,9.985700488531793e+19,1.2140886625842392e+17,5.5408278916714274e+22,3497105.7999308263,1.0027755394394856e+20,0.0,0.0,9.976262363963394e+16,0.0,1.0069422425152021e+23,1.0015614507769012e+20,3.3564741417173403e+22
309574054054.0541,2597.8845102104888,289851323.8211672,0,1.1846379323708259e+22,3.3564741417173403e+22,1.0079438039659798e+23,9.985700488531793e+19,1.2140886625842517e+17,5.5408278916714274e+22,2546274.0803209823,1.0027755394394951e+20,0.0,0.0,9.976262363963394e+16,0.0,1.0069422425152021e+23,1.0015614507769107e+20,3.3564741417173403e+22
312732972972.973,2595.822107253453,289760579.7758116,0,1.1846379323708259e+22,3.3564741417173403e+22,1.0079438039659798e+23,9.985700488531793e+19,1.2140886625842608e+17,5.5408278916714274e+22,1853964.9821983394,1.002775539439502e+20,0.0,0.0,9.976262363963394e+16,0.0,1.0069422425152021e+23,1.0015614507769176e+20,3.3564741417173403e+22
315891891891.8919,2593.759704296417,289669875.7291793,0,1.1846379323708259e+22,3.3564741417173403e+22,1.0079438039659798e+23,9.985700488531793e+19,1.2140886625842674e+17,5.5408278916714274e+22,1349888.5221281438,1.002775539439507e+20,0.0,0.0,9.976262363963394e+16,0.0,1.0069422425152021e+23,1.0015614507769227e+20,3.3564741417173403e+22
319050810810.8108,2591.6973013393813,289579212.05214363,0,1.1846379323708259e+22,3.3564741417173403e+22,1.0079438039659798e+23,9.985700488531793e+19,1.2140886625842722e+17,5.5408278916714274e+22,982865.9331055062,1.0027755394395107e+20,0.0,0.0,9.976262363963394e+16,0.0,1.0069422425152021e+23,1.0015614507769263e+20,3.3564741417173403e+22
322209729729.72974,2589.6348983823455,289488589.1148867,0,1.1846379323708259e+22,3.3564741417173403e+22,1.0079438039659798e+23,9.985700488531793e+19,1.2140886625842757e+17,5.5408278916714274e+22,715633.4961174324,1.0027755394395133e+20,0.0,0.0,9.976262363963394e+16,0.0,1.0069422425152021e+23,1.0015614507769289e+20,3.3564741417173403e+22
325368648648.6487,2587.5724954253096,289398007.28689724,0,1.1846379323708259e+22,3.3564741417173403e+22,1.0079438039659798e+23,9.985700488531793e+19,1.2140886625842782e+17,5.5408278916714274e+22,521059.16332567,1.0027755394395152e+20,0.0,0.0,9.976262363963394e+16,0.0,1.0069422425152021e+23,1.0015614507769309e+20,3.3564741417173403e+22
328527567567.5676,2585.510092468274,289307466.936968,0,1.1846379323708259e+22,3.3564741417173403e+22,1.0079438039659798e+23,9.985700488531793e+19,1.2140886625842802e+17,5.5408278916714274e+22,379387.8474926708,1.0027755394395167e+20,0.0,0.0,9.976262363963394e+16,0.0,1.0069422425152021e+23,1.0015614507769324e+20,3.3564741417173403e+22
331686486486.4865,2583.447689511238,289216968.4331939,0,1.1846379323708259e+22,3.3564741417173403e+22,1.0079438039659798e+23,9.985700488531793e+19,1.2140886625842814e+17,5.5408278916714274e+22,276235.69251993054,1.0027755394395177e+20,0.0,0.0,9.976262363963394e+16,0.0,1.0069422425152021e+23,1.0015614507769333e+20,3.3564741417173403e+22
334845405405.4054,2581.385286554202,289126512.1429696,0,1.1846379323708259e+22,3.3564741417173403e+22,1.0079438039659798e+23,9.985700488531793e+19,1.2140886625842824e+17,5.5408278916714274e+22,201129.68384797755,1.0027755394395185e+20,0.0,0.0,9.976262363963394e+16,0.0,1.0069422425152021e+23,1.0015614507769342e+20,3.3564741417173403e+22
338004324324.32434,2579.3228835971663,289036098.43298733,0,1.1846379323708259e+22,3.3564741417173403e+22,1.0079438039659798e+23,9.985700488531793e+19,1.214088662584283e+17,5.5408278916714274e+22,146444.32569794974,1.002775539439519e+20,0.0,0.0,9.976262363963394e+16,0.0,1.0069422425152021e+23,1.0015614507769346e+20,3.3564741417173403e+22
341163243243.2433,2577.2604806401305,288945727.669235,0,1.1846379323708259e+22,3.3564741417173403e+22,1.0079438039659798e+23,9.985700488531793e+19,1.2140886625842835e+17,5.5408278916714274e+22,106627.4262397635,1.0027755394395193e+20,0.0,0.0,9.976262363963394e+16,0.0,1.0069422425152021e+23,1.001561450776935e+20,3.3564741417173403e+22
344322162162.16223,2575.1980776830947,288855400.2169941,0,1.1846379323708259e+22,3.3564741417173403e+22,1.0079438039659798e+23,9.985700488531793e+19,1.2140886625842838e+17,5.5408278916714274e+22,77636.38483314333,1.0027755394395197e+20,0.0,0.0,9.976262363963394e+16,0.0,1.0069422425152021e+23,1.0015614507769353e+20,3.3564741417173403e+22
347481081081.0811,2573.135674726059,288765116.44083774,0,1.1846379323708259e+22,3.3564741417173403e+22,1.0079438039659798e+23,9.985700488531793e+19,1.2140886625842842e+17,5.5408278916714274e+22,56527.747714801226,1.0027755394395198e+20,0.0,0.0,9.976262363963394e+16,0.0,1.0069422425152021e+23,1.0015614507769355e+20,3.3564741417173403e+22
350640000000.0,2571.073271769023,288674876.7046285,0,1.1846379323708259e+22,3.3564741417173403e+22,1.0079438039659798e+23,9.985700488531793e+19,1.2140886625842843e+17,5.5408278916714274e+22,41158.35981512743,1.00277553943952e+20,0.0,0.0,9.976262363963394e+16,0.0,1.0069422425152021e+23,1.0015614507769356e+20,3.3564741417173403e+22
353798918918.91895,2569.010868811987,288584681.3715168,0,1.1846379323708259e+22,3.3564741417173403e+22,1.0079438039659798e+23,9.985700488531793e+19,1.2140886625842845e+17,5.5408278916714274e+22,29967.770717104595,1.0027755394395202e+20,0.0,0.0,9.976262363963394e+16,0.0,1.0069422425152021e+23,1.0015614507769358e+20,3.3564741417173403e+22
356957837837.8379,2566.9484658549513,288494530.80393904,0,1.1846379323708259e+22,3.3564741417173403e+22,1.0079438039659798e+23,9.985700488531793e+19,1.2140886625842846e+17,5.5408278916714274e+22,21819.80248452161,1.0027755394395202e+20,0.0,0.0,9.976262363963394e+16,0.0,1.0069422425152021e+23,1.0015614507769358e+20,3.3564741417173403e+22
360116756756.7568,2564.8860628979155,288404425.36361545,0,1.1846379323708259e+22,3.3564741417173403e+22,1.0079438039659798e+23,9.985700488531793e+19,1.2140886625842846e+17,5.5408278916714274e+22,15887.193777540195,1.0027755394395202e+20,0.0,0.0,9.976262363963394e+16,0.0,1.0069422425152021e+23,1.0015614507769358e+20,3.3564741417173403e+22
363275675675.6757,2562.8236599408797,288314365.4115488,0,1.1846379323708259e+22,3.3564741417173403e+22,1.0079438039659798e+23,9.985700488531793e+19,1.2140886625842846e+17,5.5408278916714274e+22,11567.608199210777,1.0027755394395202e+20,0.0,0.0,9.976262363963394e+16,0.0,1.0069422425152021e+23,1.0015614507769358e+20,3.3564741417173403e+22
366434594594.5946,2560.761256983844,288224351.3080225,0,1.1846379323708259e+22,3.3564741417173403e+22,1.0079438039659798e+23,9.985700488531793e+19,1.2140886625842846e+17,5.5408278916714274e+22,8422.47921968546,1.0027755394395202e+20,0.0,0.0,9.976262363963394e+16,0.0,1.0069422425152021e+23,1.0015614507769358e+20,3.3564741417173403e+22
369593513513.51355,2558.698854026808,288134383.4125987,0,1.1846379323708259e+22,3.3564741417173403e+22,1.0079438039659798e+23,9.985700488531793e+19,1.2140886625842846e+17,5.5408278916714274e+22,6132.482617355009,1.0027755394395202e+20,0.0,0.0,9.976262363963394e+16,0.0,1.0069422425152021e+23,1.0015614507769358e+20,3.3564741417173403e+22
372752432432.43243,2556.636451069772,288044462.0841172,0,1.1846379323708259e+22,3.3564741417173403e+22,1.0079438039659798e+23,9.985700488531793e+19,1.2140886625842846e+17,5.5408278916714274e+22,4465.115564104153,1.0027755394395202e+20,0.0,0.0,9.976262363963394e+16,0.0,1.0069422425152021e+23,1.0015614507769358e+20,3.3564741417173403e+22
375911351351.3514,2554.5740481127364,287954587.6806933,0,1.1846379323708259e+22,3.3564741417173403e+22,1.0079438039659798e+23,9.985700488531793e+19,1.2140886625842846e+17,5.5408278916714274e+22,3251.0906666710216,1.0027755394395202e+20,0.0,0.0,9.976262363963394e+16,0.0,1.0069422425152021e+23,1.0015614507769358e+20,3.3564741417173403e+22
379070270270.2703,2552.5116451557005,287864760.55971676,0,1.1846379323708259e+22,3.3564741417173403e+22,1.0079438039659798e+23,9.985700488531793e+19,1.2140886625842846e+17,5.5408278916714274e+22,2367.1482565616484,1.0027755394395202e+20,0.0,0.0,9.976262363963394e+16,0.0,1.0069422425152021e+23,1.0015614507769358e+20,3.3564741417173403e+22
382229189189.1892,2550.4492421986647,287774981.07784986,0,1.1846379323708259e+22,3.3564741417173403e+22,1.0079438039659798e+23,9.985700488531793e+19,1.2140886625842846e+17,5.5408278916714274e+22,1723.5418642693487,1.0027755394395202e+20,0.0,0.0,9.976262363963394e+16,0.0,1.0069422425152021e+23,1.0015614507769358e+20,3.3564741417173403e+22
385388108108.10815,2548.386839241629,287685249.5910266,0,1.1846379323708259e+22,3.3564741417173403e+22,1.0079438039659798e+23,9.985700488531793e+19,1.2140886625842846e+17,5.5408278916714274e+22,1254.9262808760188,1.0027755394395202e+20,0.0,0.0,9.976262363963394e+16,0.0,1.0069422425152021e+23,1.0015614507769358e+20,3.3564741417173403e+22
388547027027.02704,2546.324436284593,287595566.4544506,0,1.1846379323708259e+22,3.3564741417173403e+22,1.0079438039659798e+23,9.985700488531793e+19,1.2140886625842846e+17,5.5408278916714274e+22,913.7230740263624,1.0027755394395202e+20,0.0,0.0,9.976262363963394e+16,0.0,1.0069422425152021e+23,1.0015614507769358e+20,3.3564741417173403e+22
391705945945.946,2544.262033327557,287505932.0225943,0,1.1846379323708259e+22,3.3564741417173403e+22,1.0079438039659798e+23,9.985700488531793e+19,1.2140886625842846e+17,5.5408278916714274e+22,665.2899606384677,1.0027755394395202e+20,0.0,0.0,9.976262363963394e+16,0.0,1.0069422425152021e+23,1.0015614507769358e+20,3.3564741417173403e+22
394864864864.8649,2542.1996303705214,287416346.6491973,0,1.1846379323708259e+22,3.3564741417173403e+22,1.0079438039659798e+23,9.985700488531793e+19,1.2140886625842846e+17,5.5408278916714274e+22,484.4035838735576,1.0027755394395202e+20,0.0,0.0,9.976262363963394e+16,0.0,1.0069422425152021e+23,1.0015614507769358e+20,3.3564741417173403e+22
398023783783.7838,2540.1372274134856,287326810.68726546,0,1.1846379323708259e+22,3.3564741417173403e+22,1.0079438039659798e+23,9.985700488531793e+19,1.2140886625842846e+17,5.5408278916714274e+22,352.6985915199443,1.0027755394395202e+20,0.0,0.0,9.976262363963394e+16,0.0,1.0069422425152021e+23,1.0015614507769358e+20,3.3564741417173403e+22
401182702702.7027,2538.0748244564497,287237324.4890695,0,1.1846379323708259e+22,3.3564741417173403e+22,1.0079438039659798e+23,9.985700488531793e+19,1.2140886625842846e+17,5.5408278916714274e+22,256.80300600877325,1.0027755394395202e+20,0.0,0.0,9.976262363963394e+16,0.0,1.0069422425152021e+23,1.0015614507769358e+20,3.3564741417173403e+22
404341621621.62164,2536.012421499414,287147888.4061439,0,1.1846379323708259e+22,3.3564741417173403e+22,1.0079438039659798e+23,9.985700488531793e+19,1.2140886625842846e+17,5.5408278916714274e+22,186.98057060829757,1.0027755394395202e+20,0.0,0.0,9.976262363963394e+16,0.0,1.0069422425152021e+23,1.0015614507769358e+20,3.3564741417173403e+22
407500540540.5406,2533.950018542378,287058502.7892857,0,1.1846379323708259e+22,3.3564741417173403e+22,1.0079438039659798e+23,9.985700488531793e+19,1.2140886625842846e+17,5.5408278916714274e+22,136.14222951817837,1.0027755394395202e+20,0.0,0.0,9.976262363963394e+16,0.0,1.0069422425152021e+23,1.0015614507769358e+20,3.3564741417173403e+22
410659459459.45953,2531.8876155853422,286969167.98855364,0,1.1846379323708259e+22,3.3564741417173403e+22,1.0079438039659798e+23,9.985700488531793e+19,1.2140886625842846e+17,5.5408278916714274e+22,99.12637766524097,1.0027755394395202e+20,0.0,0.0,9.976262363963394e+16,0.0,1.0069422425152021e+23,1.0015614507769358e+20,3.3564741417173403e+22
413818378378.37836,2529.8252126283064,286879884.3532669,0,1.1846379323708259e+22,3.3564741417173403e+22,1.0079438039659798e+23,9.985700488531793e+19,1.2140886625842846e+17,5.5408278916714274e+22,72.17480412806053,1.0027755394395202e+20,0.0,0.0,9.976262363963394e+16,0.0,1.0069422425152021e+23,1.0015614507769358e+20,3.3564741417173403e+22
416977297297.2973,2527.7628096712706,286790652.2320043,0,1.1846379323708259e+22,3.3564741417173403e+22,1.0079438039659798e+23,9.985700488531793e+19,1.2140886625842846e+17,5.5408278916714274e+22,52.55112184685963,1.0027755394395202e+20,0.0,0.0,9.976262363963394e+16,0.0,1.0069422425152021e+23,1.0015614507769358e+20,3.3564741417173403e+22
420136216216.21625,2525.7004067142348,286701471.97260344,0,1.1846379323708259e+22,3.3564741417173403e+22,1.0079438039659798e+23,9.985700488531793e+19,1.2140886625842846e+17,5.5408278916714274e+22,38.26294287496111,1.0027755394395202e+20,0.0,0.0,9.976262363963394e+16,0.0,1.0069422425152021e+23,1.0015614507769358e+20,3.3564741417173403e+22
423295135135.1352,2523.638003757199,286612343.92215973,0,1.1846379323708259e+22,3.3564741417173403e+22,1.0079438039659798e+23,9.985700488531793e+19,1.2140886625842846e+17,5.5408278916714274e+22,27.859591689002674,1.0027755394395202e+20,0.0,0.0,9.976262363963394e+16,0.0,1.0069422425152021e+23,1.0015614507769358e+20,3.3564741417173403e+22
426454054054.0541,2521.575600800163,286523268.42702556,0,1.1846379323708259e+22,3.3564741417173403e+22,1.0079438039659798e+23,9.985700488531793e+19,1.2140886625842846e+17,5.5408278916714274e+22,20.284818436844702,1.0027755394395202e+20,0.0,0.0,9.976262363963394e+16,0.0,1.0069422425152021e+23,1.0015614507769358e+20,3.3564741417173403e+22
429612972972.97296,2519.5131978431273,286434245.8328094,0,1.1846379323708259e+22,3.3564741417173403e+22,1.0079438039659798e+23,9.985700488531793e+19,1.2140886625842846e+17,5.5408278916714274e+22,14.76955813312154,1.0027755394395202e+20,0.0,0.0,9.976262363963394e+16,0.0,1.0069422425152021e+23,1.0015614507769358e+20,3.3564741417173403e+22
432771891891.8919,2517.4507948860914,286345276.4843754,0,1.1846379323708259e+22,3.3564741417173403e+22,1.0079438039659798e+23,9.985700488531793e+19,1.2140886625842846e+17,5.5408278916714274e+22,10.75384766823618,1.0027755394395202e+20,0.0,0.0,9.976262363963394e+16,0.0,1.0069422425152021e+23,1.0015614507769358e+20,3.3564741417173403e+22
435930810810.81085,2515.3883919290556,286256360.7258424,0,1.1846379323708259e+22,3.3564741417173403e+22,1.0079438039659798e+23,9.985700488531793e+19,1.2140886625842846e+17,5.5408278916714274e+22,7.829972882688207,1.0027755394395202e+20,0.0,0.0,9.976262363963394e+16,0.0,1.0069422425152021e+23,1.0015614507769358e+20,3.3564741417173403e+22
439089729729.7298,2513.32598897202,286167498.9005835,0,1.1846379323708259e+22,3.3564741417173403e+22,1.0079438039659798e+23,9.985700488531793e+19,1.2140886625842846e+17,5.5408278916714274e+22,5.701073442273182,1.0027755394395202e+20,0.0,0.0,9.976262363963394e+16,0.0,1.0069422425152021e+23,1.0015614507769358e+20,3.3564741417173403e+22
442248648648.6487,2511.263586014984,286078691.35122526,0,1.1846379323708259e+22,3.3564741417173403e+22,1.0079438039659798e+23,9.985700488531793e+19,1.2140886625842846e+17,5.5408278916714274e+22,4.15100267665727,1.0027755394395202e+20,0.0,0.0,9.976262363963394e+16,0.0,1.0069422425152021e+23,1.0015614507769358e+20,3.3564741417173403e+22
445407567567.56757,2509.201183057948,285989938.4196473,0,1.1846379323708259e+22,3.3564741417173403e+22,1.0079438039659798e+23,9.985700488531793e+19,1.2140886625842846e+17,5.5408278916714274e+22,3.0223822576727573,1.0027755394395202e+20,0.0,0.0,9.976262363963394e+16,0.0,1.0069422425152021e+23,1.0015614507769358e+20,3.3564741417173403e+22
448566486486.4865,2507.1387801009123,285901240.4469818,0,1.1846379323708259e+22,3.3564741417173403e+22,1.0079438039659798e+23,9.985700488531793e+19,1.2140886625842846e+17,5.5408278916714274e+22,2.2006236138713273,1.0027755394395202e+20,0.0,0.0,9.976262363963394e+16,0.0,1.0069422425152021e+23,1.0015614507769358e+20,3.3564741417173403e+22
451725405405.40546,2505.0763771438765,285812597.7736129,0,1.1846379323708259e+22,3.3564741417173403e+22,1.0079438039659798e+23,9.985700488531793e+19,1.2140886625842846e+17,5.5408278916714274e+22,1.6022937792312966,1.0027755394395202e+20,0.0,0.0,9.976262363963394e+16,0.0,1.0069422425152021e+23,1.0015614507769358e+20,3.3564741417173403e+22
454884324324.32434,2503.0139741868406,285724010.7391767,0,1.1846379323708259e+22,3.3564741417173403e+22,1.0079438039659798e+23,9.985700488531793e+19,1.2140886625842846e+17,5.5408278916714274e+22,1.1666444633150366,1.0027755394395202e+20,0.0,0.0,9.976262363963394e+16,0.0,1.0069422425152021e+23,1.0015614507769358e+20,3.3564741417173403e+22
458043243243.2433,2500.951571229805,285635479.68256015,0,1.1846379323708259e+22,3.3564741417173403e+22,1.0079438039659798e+23,9.985700488531793e+19,1.2140886625842846e+17,5.5408278916714274e+22,0.8494442913187871,1.0027755394395202e+20,0.0,0.0,9.976262363963394e+16,0.0,1.0069422425152021e+23,1.0015614507769358e+20,3.3564741417173403e+22
461202162162.1622,2498.889168272769,285547004.94190156,0,1.1846379323708259e+22,3.3564741417173403e+22,1.0079438039659798e+23,9.985700488531793e+19,1.2140886625842846e+17,5.5408278916714274e+22,0.6184880027662979,1.0027755394395202e+20,0.0,0.0,9.976262363963394e+16,0.0,1.0069422425152021e+23,1.0015614507769358e+20,3.3564741417173403e+22
464361081081.0811,2496.826765315733,285458586.8545898,0,1.1846379323708259e+22,3.3564741417173403e+22,1.0079438039659798e+23,9.985700488531793e+19,1.2140886625842846e+17,5.5408278916714274e+22,0.45032665882298073,1.0027755394395202e+20,0.0,0.0,9.976262363963394e+16,0.0,1.0069422425152021e+23,1.0015614507769358e+20,3.3564741417173403e+22
467520000000.0,2494.7643623586973,285370225.7572643,0,1.1846379323708259e+22,3.3564741417173403e+22,1.0079438039659798e+23,9.985700488531793e+19,1.2140886625842846e+17,5.5408278916714274e+22,0.32788687693154356,1.0027755394395202e+20,0.0,0.0,9.976262363963394e+16,0.0,1.0069422425152021e+23,1.0015614507769358e+20,3.3564741417173403e+22
470678918918.91895,2492.7019594016615,285281921.9858148,0,1.1846379323708259e+22,3.3564741417173403e+22,1.0079438039659798e+23,9.985700488531793e+19,1.2140886625842846e+17,5.5408278916714274e+22,0.23873737420946758,1.0027755394395202e+20,0.0,0.0,9.976262363963394e+16,0.0,1.0069422425152021e+23,1.0015614507769358e+20,3.3564741417173403e+22
473837837837.8379,2490.6395564446257,285193675.8753812,0,1.1846379323708259e+22,3.3564741417173403e+22,1.0079438039659798e+23,9.985700488531793e+19,1.2140886625842846e+17,5.5408278916714274e+22,0.17382682215833517,1.0027755394395202e+20,0.0,0.0,9.976262363963394e+16,0.0,1.0069422425152021e+23,1.0015614507769358e+20,3.3564741417173403e+22
476996756756.75684,2488.57715348759,285105487.7603534,0,1.1846379323708259e+22,3.3564741417173403e+22,1.0079438039659798e+23,9.985700488531793e+19,1.2140886625842846e+17,5.5408278916714274e+22,0.12656486736406108,1.0027755394395202e+20,0.0,0.0,9.976262363963394e+16,0.0,1.0069422425152021e+23,1.0015614507769358e+20,3.3564741417173403e+22
480155675675.6757,2486.514750530554,285017357.9743717,0,1.1846379323708259e+22,3.3564741417173403e+22,1.0079438039659798e+23,9.985700488531793e+19,1.2140886625842846e+17,5.5408278916714274e+22,0.09215301443117514,1.0027755394395202e+20,0.0,0.0,9.976262363963394e+16,0.0,1.0069422425152021e+23,1.0015614507769358e+20,3.3564741417173403e+22
483314594594.5946,2484.452347573518,284929286.8503261,0,1.1846379323708259e+22,3.3564741417173403e+22,1.0079438039659798e+23,9.985700488531793e+19,1.2140886625842846e+17,5.5408278916714274e+22,0.06709743584943528,1.0027755394395202e+20,0.0,0.0,9.976262363963394e+16,0.0,1.0069422425152021e+23,1.0015614507769358e+20,3.3564741417173403e+22
486473513513.51355,2482.3899446164824,284841274.72035706,0,1.1846379323708259e+22,3.3564741417173403e+22,1.0079438039659798e+23,9.985700488531793e+19,1.2140886625842846e+17,5.5408278916714274e+22,0.0488542444906289,1.0027755394395202e+20,0.0,0.0,9.976262363963394e+16,0.0,1.0069422425152021e+23,1.0015614507769358e+20,3.3564741417173403e+22
489632432432.4325,2480.3275416594465,284753321.9158551,0,1.1846379323708259e+22,3.3564741417173403e+22,1.0079438039659798e+23,9.985700488531793e+19,1.2140886625842846e+17,5.5408278916714274e+22,0.03557121333378392,1.0027755394395202e+20,0.0,0.0,9.976262363963394e+16,0.0,1.0069422425152021e+23,1.0015614507769358e+20,3.3564741417173403e+22
492791351351.35144,2478.2651387024107,284665428.76746124,0,1.1846379323708259e+22,3.3564741417173403e+22,1.0079438039659798e+23,9.985700488531793e+19,1.2140886625842846e+17,5.5408278916714274e+22,0.025899719281919836,1.0027755394395202e+20,0.0,0.0,9.976262363963394e+16,0.0,1.0069422425152021e+23,1.0015614507769358e+20,3.3564741417173403e+22
495950270270.27026,2476.202735745375,284577595.6050669,0,1.1846379323708259e+22,3.3564741417173403e+22,1.0079438039659798e+23,9.985700488531793e+19,1.2140886625842846e+17,5.5408278916714274e+22,0.018857817769324138,1.0027755394395202e+20,0.0,0.0,9.976262363963394e+16,0.0,1.0069422425152021e+23,1.0015614507769358e+20,3.3564741417173403e+22
499109189189.1892,2474.140332788339,284489822.75781447,0,1.1846379323708259e+22,3.3564741417173403e+22,1.0079438039659798e+23,9.985700488531793e+19,1.2140886625842846e+17,5.5408278916714274e+22,0.013730546155737206,1.0027755394395202e+20,0.0,0.0,9.976262363963394e+16,0.0,1.0069422425152021e+23,1.0015614507769358e+20,3.3564741417173403e+22
502268108108.10815,2472.077929831303,284402110.5540975,0,1.1846379323708259e+22,3.3564741417173403e+22,1.0079438039659798e+23,9.985700488531793e+19,1.2140886625842846e+17,5.5408278916714274e+22,0.009997333733996869,1.0027755394395202e+20,0.0,0.0,9.976262363963394e+16,0.0,1.0069422425152021e+23,1.0015614507769358e+20,3.3564741417173403e+22
505427027027.0271,2470.0155268742674,284314459.3215608,0,1.1846379323708259e+22,3.3564741417173403e+22,1.0079438039659798e+23,9.985700488531793e+19,1.2140886625842846e+17,5.5408278916714274e+22,0.007279148305921523,1.0027755394395202e+20,0.0,0.0,9.976262363963394e+16,0.0,1.0069422425152021e+23,1.0015614507769358e+20,3.3564741417173403e+22
508585945945.946,2467.9531239172316,284226869.3871012,0,1.1846379323708259e+22,3.3564741417173403e+22,1.0079438039659798e+23,9.985700488531793e+19,1.2140886625842846e+17,5.5408278916714274e+22,0.005300013130442604,1.0027755394395202e+20,0.0,0.0,9.976262363963394e+16,0.0,1.0069422425152021e+23,1.0015614507769358e+20,3.3564741417173403e+22
511744864864.86487,2465.8907209601957,284139341.0768675,0,1.1846379323708259e+22,3.3564741417173403e+22,1.0079438039659798e+23,9.985700488531793e+19,1.2140886625842846e+17,5.5408278916714274e+22,0.0038589870685850603,1.0027755394395202e+20,0.0,0.0,9.976262363963394e+16,0.0,1.0069422425152021e+23,1.0015614507769358e+20,3.3564741417173403e+22
514903783783.7838,2463.82831800316,284051874.71626157,0,1.1846379323708259e+22,3.3564741417173403e+22,1.0079438039659798e+23,9.985700488531793e+19,1.2140886625842846e+17,5.5408278916714274e+22,0.0028097630758630037,1.0027755394395202e+20,0.0,0.0,9.976262363963394e+16,0.0,1.0069422425152021e+23,1.0015614507769358e+20,3.3564741417173403e+22
518062702702.70276,2461.765915046124,283964470.6299382,0,1.1846379323708259e+22,3.3564741417173403e+22,1.0079438039659798e+23,9.985700488531793e+19,1.2140886625842846e+17,5.5408278916714274e+22,0.0020458136817177335,1.0027755394395202e+20,0.0,0.0,9.976262363963394e+16,0.0,1.0069422425152021e+23,1.0015614507769358e+20,3.3564741417173403e+22
521221621621.62164,2459.7035120890882,283877129.1418061,0,1.1846379323708259e+22,3.3564741417173403e+22,1.0079438039659798e+23,9.985700488531793e+19,1.2140886625842846e+17,5.5408278916714274e+22,0.0014895752799434733,1.0027755394395202e+20,0.0,0.0,9.976262363963394e+16,0.0,1.0069422425152021e+23,1.0015614507769358e+20,3.3564741417173403e+22
524380540540.5406,2457.6411091320524,283789850.57502836,0,1.1846379323708259e+22,3.3564741417173403e+22,1.0079438039659798e+23,9.985700488531793e+19,1.2140886625842846e+17,5.5408278916714274e+22,0.0010845731135963805,1.0027755394395202e+20,0.0,0.0,9.976262363963394e+16,0.0,1.0069422425152021e+23,1.0015614507769358e+20,3.3564741417173403e+22
527539459459.4595,2455.5787061750166,283702635.2520232,0,1.1846379323708259e+22,3.3564741417173403e+22,1.0079438039659798e+23,9.985700488531793e+19,1.2140886625842846e+17,5.5408278916714274e+22,0.0007896874059166622,1.0027755394395202e+20,0.0,0.0,9.976262363963394e+16,0.0,1.0069422425152021e+23,1.0015614507769358e+20,3.3564741417173403e+22
530698378378.3785,2453.5163032179807,283615483.49446446,0,1.1846379323708259e+22,3.3564741417173403e+22,1.0079438039659798e+23,9.985700488531793e+19,1.2140886625842846e+17,5.5408278916714274e+22,0.0005749784788556539,1.0027755394395202e+20,0.0,0.0,9.976262363963394e+16,0.0,1.0069422425152021e+23,1.0015614507769358e+20,3.3564741417173403e+22
533857297297.29736,2451.453900260945,283528395.62328255,0,1.1846379323708259e+22,3.3564741417173403e+22,1.0079438039659798e+23,9.985700488531793e+19,1.2140886625842846e+17,5.5408278916714274e+22,0.00041864698445254265,1.0027755394395202e+20,0.0,0.0,9.976262363963394e+16,0.0,1.0069422425152021e+23,1.0015614507769358e+20,3.3564741417173403e+22
537016216216.2162,2449.391497303909,283441371.9586652,0,1.1846379323708259e+22,3.3564741417173403e+22,1.0079438039659798e+23,9.985700488531793e+19,1.2140886625842846e+17,5.5408278916714274e+22,0.0003048206220518511,1.0027755394395202e+20,0.0,0.0,9.976262363963394e+16,0.0,1.0069422425152021e+23,1.0015614507769358e+20,3.3564741417173403e+22
540175135135.1352,2447.3290943468733,283354412.82005817,0,1.1846379323708259e+22,3.3564741417173403e+22,1.0079438039659798e+23,9.985700488531793e+19,1.2140886625842846e+17,5.5408278916714274e+22,0.00022194262727004126,1.0027755394395202e+20,0.0,0.0,9.976262363963394e+16,0.0,1.0069422425152021e+23,1.0015614507769358e+20,3.3564741417173403e+22
543334054054.0541,2445.2666913898374,283267518.5261662,0,1.1846379323708259e+22,3.3564741417173403e+22,1.0079438039659798e+23,9.985700488531793e+19,1.2140886625842846e+17,5.5408278916714274e+22,0.00016159841636682117,1.0027755394395202e+20,0.0,0.0,9.976262363963394e+16,0.0,1.0069422425152021e+23,1.0015614507769358e+20,3.3564741417173403e+22
546492972972.9731,2443.2042884328016,283180689.39495414,0,1.1846379323708259e+22,3.3564741417173403e+22,1.0079438039659798e+23,9.985700488531793e+19,1.2140886625842846e+17,5.5408278916714274e+22,0.00011766125549415571,1.0027755394395202e+20,0.0,0.0,9.976262363963394e+16,0.0,1.0069422425152021e+23,1.0015614507769358e+20,3.3564741417173403e+22
549651891891.8919,2441.141885475766,283093925.7436477,0,1.1846379323708259e+22,3.3564741417173403e+22,1.0079438039659798e+23,9.985700488531793e+19,1.2140886625842846e+17,5.5408278916714274e+22,8.567021481841342e-05,1.0027755394395202e+20,0.0,0.0,9.976262363963394e+16,0.0,1.0069422425152021e+23,1.0015614507769358e+20,3.3564741417173403e+22
552810810810.8108,2439.07948251873,283007227.8887344,0,1.1846379323708259e+22,3.3564741417173403e+22,1.0079438039659798e+23,9.985700488531793e+19,1.2140886625842846e+17,5.5408278916714274e+22,6.237725134080059e-05,1.0027755394395202e+20,0.0,0.0,9.976262363963394e+16,0.0,1.0069422425152021e+23,1.0015614507769358e+20,3.3564741417173403e+22
555969729729.7297,2437.017079561694,282920596.14596474,0,1.1846379323708259e+22,3.3564741417173403e+22,1.0079438039659798e+23,9.985700488531793e+19,1.2140886625842846e+17,5.5408278916714274e+22,4.541743583905568e-05,1.0027755394395202e+20,0.0,0.0,9.976262363963394e+16,0.0,1.0069422425152021e+23,1.0015614507769358e+20,3.3564741417173403e+22
559128648648.6487,2434.9546766046583,282834030.8303536,0,1.1846379323708259e+22,3.3564741417173403e+22,1.0079438039659798e+23,9.985700488531793e+19,1.2140886625842846e+17,5.5408278916714274e+22,3.3068842147674285e-05,1.0027755394395202e+20,0.0,0.0,9.976262363963394e+16,0.0,1.0069422425152021e+23,1.0015614507769358e+20,3.3564741417173403e+22
562287567567.5676,2432.8922736476225,282747532.2561809,0,1.1846379323708259e+22,3.3564741417173403e+22,1.0079438039659798e+23,9.985700488531793e+19,1.2140886625842846e+17,5.5408278916714274e+22,2.4077720390533972e-05,1.0027755394395202e+20,0.0,0.0,9.976262363963394e+16,0.0,1.0069422425152021e+23,1.0015614507769358e+20,3.3564741417173403e+22
565446486486.4866,2430.8298706905866,282661100.7369929,0,1.1846379323708259e+22,3.3564741417173403e+22,1.0079438039659798e+23,9.985700488531793e+19,1.2140886625842846e+17,5.5408278916714274e+22,1.753120404445452e-05,1.0027755394395202e+20,0.0,0.0,9.976262363963394e+16,0.0,1.0069422425152021e+23,1.0015614507769358e+20,3.3564741417173403e+22
568605405405.4054,2428.767467733551,282574736.58560395,0,1.1846379323708259e+22,3.3564741417173403e+22,1.0079438039659798e+23,9.985700488531793e+19,1.2140886625842846e+17,5.5408278916714274e+22,1.2764626811146488e-05,1.0027755394395202e+20,0.0,0.0,9.976262363963394e+16,0.0,1.0069422425152021e+23,1.0015614507769358e+20,3.3564741417173403e+22
571764324324.3243,2426.705064776515,282488440.1140971,0,1.1846379323708259e+22,3.3564741417173403e+22,1.0079438039659798e+23,9.985700488531793e+19,1.2140886625842846e+17,5.5408278916714274e+22,9.29403920088305e-06,1.0027755394395202e+20,0.0,0.0,9.976262363963394e+16,0.0,1.0069422425152021e+23,1.0015614507769358e+20,3.3564741417173403e+22
574923243243.2433,2424.642661819479,282402211.6338259,0,1.1846379323708259e+22,3.3564741417173403e+22,1.0079438039659798e+23,9.985700488531793e+19,1.2140886625842846e+17,5.5408278916714274e+22,6.767073252162901e-06,1.0027755394395202e+20,0.0,0.0,9.976262363963394e+16,0.0,1.0069422425152021e+23,1.0015614507769358e+20,3.3564741417173403e+22
578082162162.1622,2422.5802588624433,282316051.45541555,0,1.1846379323708259e+22,3.3564741417173403e+22,1.0079438039659798e+23,9.985700488531793e+19,1.2140886625842846e+17,5.5408278916714274e+22,4.927166693657549e-06,1.0027755394395202e+20,0.0,0.0,9.976262363963394e+16,0.0,1.0069422425152021e+23,1.0015614507769358e+20,3.3564741417173403e+22
581241081081.0812,2420.5178559054075,282229959.88876444,0,1.1846379323708259e+22,3.3564741417173403e+22,1.0079438039659798e+23,9.985700488531793e+19,1.2140886625842846e+17,5.5408278916714274e+22,3.587514235837307e-06,1.0027755394395202e+20,0.0,0.0,9.976262363963394e+16,0.0,1.0069422425152021e+23,1.0015614507769358e+20,3.3564741417173403e+22
584400000000.0,2418.4554529483717,282143937.2430456,0,1.1846379323708259e+22,3.3564741417173403e+22,1.0079438039659798e+23,9.985700488531793e+19,1.2140886625842846e+17,5.5408278916714274e+22,2.6121012729085177e-06,1.0027755394395202e+20,0.0,0.0,9.976262363963394e+16,0.0,1.0069422425152021e+23,1.0015614507769358e+20,3.3564741417173403e+22
587558918918.919,2416.393049991336,282057983.8267084,0,1.1846379323708259e+22,3.3564741417173403e+22,1.0079438039659798e+23,9.985700488531793e+19,1.2140886625842846e+17,5.5408278916714274e+22,1.9018943511837599e-06,1.0027755394395202e+20,0.0,0.0,9.976262363963394e+16,0.0,1.0069422425152021e+23,1.0015614507769358e+20,3.3564741417173403e+22
590717837837.8379,2414.3306470343,281972099.94747955,0,1.1846379323708259e+22,3.3564741417173403e+22,1.0079438039659798e+23,9.985700488531793e+19,1.2140886625842846e+17,5.5408278916714274e+22,1.3847863253161772e-06,1.0027755394395202e+20,0.0,0.0,9.976262363963394e+16,0.0,1.0069422425152021e+23,1.0015614507769358e+20,3.3564741417173403e+22
593876756756.7568,2412.268244077264,281886285.91236544,0,1.1846379323708259e+22,3.3564741417173403e+22,1.0079438039659798e+23,9.985700488531793e+19,1.2140886625842846e+17,5.5408278916714274e+22,1.0082753364239845e-06,1.0027755394395202e+20,0.0,0.0,9.976262363963394e+16,0.0,1.0069422425152021e+23,1.0015614507769358e+20,3.3564741417173403e+22
597035675675.6757,2410.2058411202283,281800542.0276534,0,1.1846379323708259e+22,3.3564741417173403e+22,1.0079438039659798e+23,9.985700488531793e+19,1.2140886625842846e+17,5.5408278916714274e+22,7.341343104386755e-07,1.0027755394395202e+20,0.0,0.0,9.976262363963394e+16,0.0,1.0069422425152021e+23,1.0015614507769358e+20,3.3564741417173403e+22
600194594594.5946,2408.1434381631925,281714868.5989134,0,1.1846379323708259e+22,3.3564741417173403e+22,1.0079438039659798e+23,9.985700488531793e+19,1.2140886625842846e+17,5.5408278916714274e+22,5.345297720707485e-07,1.0027755394395202e+20,0.0,0.0,9.976262363963394e+16,0.0,1.0069422425152021e+23,1.0015614507769358e+20,3.3564741417173403e+22
603353513513.5135,2406.0810352061567,281629265.9309997,0,1.1846379323708259e+22,3.3564741417173403e+22,1.0079438039659798e+23,9.985700488531793e+19,1.2140886625842846e+17,5.5408278916714274e+22,3.891959184679375e-07,1.0027755394395202e+20,0.0,0.0,9.976262363963394e+16,0.0,1.0069422425152021e+23,1.0015614507769358e+20,3.3564741417173403e+22
606512432432.4325,2404.018632249121,281543734.32805324,0,1.1846379323708259e+22,3.3564741417173403e+22,1.0079438039659798e+23,9.985700488531793e+19,1.2140886625842846e+17,5.5408278916714274e+22,2.833770369147052e-07,1.0027755394395202e+20,0.0,0.0,9.976262363963394e+16,0.0,1.0069422425152021e+23,1.0015614507769358e+20,3.3564741417173403e+22
609671351351.3514,2401.956229292085,281458274.09350264,0,1.1846379323708259e+22,3.3564741417173403e+22,1.0079438039659798e+23,9.985700488531793e+19,1.2140886625842846e+17,5.5408278916714274e+22,2.0632936071546608e-07,1.0027755394395202e+20,0.0,0.0,9.976262363963394e+16,0.0,1.0069422425152021e+23,1.0015614507769358e+20,3.3564741417173403e+22
612830270270.2703,2399.893826335049,281372885.5300667,0,1.1846379323708259e+22,3.3564741417173403e+22,1.0079438039659798e+23,9.985700488531793e+19,1.2140886625842846e+17,5.5408278916714274e+22,1.5023025703408275e-07,1.0027755394395202e+20,0.0,0.0,9.976262363963394e+16,0.0,1.0069422425152021e+23,1.0015614507769358e+20,3.3564741417173403e+22
615989189189.1892,2397.8314233780134,281287568.93975616,0,1.1846379323708259e+22,3.3564741417173403e+22,1.0079438039659798e+23,9.985700488531793e+19,1.2140886625842846e+17,5.5408278916714274e+22,1.0938399678197049e-07,1.0027755394395202e+20,0.0,0.0,9.976262363963394e+16,0.0,1.0069422425152021e+23,1.0015614507769358e+20,3.3564741417173403e+22
619148108108.1082,2395.7690204209775,281202324.6238755,0,1.1846379323708259e+22,3.3564741417173403e+22,1.0079438039659798e+23,9.985700488531793e+19,1.2140886625842846e+17,5.5408278916714274e+22,7.964346855429836e-08,1.0027755394395202e+20,0.0,0.0,9.976262363963394e+16,0.0,1.0069422425152021e+23,1.0015614507769358e+20,3.3564741417173403e+22
622307027027.0271,2393.7066174639417,281117152.88302517,0,1.1846379323708259e+22,3.3564741417173403e+22,1.0079438039659798e+23,9.985700488531793e+19,1.2140886625842846e+17,5.5408278916714274e+22,5.7989123363291e-08,1.0027755394395202e+20,0.0,0.0,9.976262363963394e+16,0.0,1.0069422425152021e+23,1.0015614507769358e+20,3.3564741417173403e+22
625465945945.946,2391.644214506906,281032054.01710343,0,1.1846379323708259e+22,3.3564741417173403e+22,1.0079438039659798e+23,9.985700488531793e+19,1.2140886625842846e+17,5.5408278916714274e+22,4.2222400524286244e-08,1.0027755394395202e+20,0.0,0.0,9.976262363963394e+16,0.0,1.0069422425152021e+23,1.0015614507769358e+20,3.3564741417173403e+22
628624864864.8649,2389.58181154987,280947028.3253091,0,1.1846379323708259e+22,3.3564741417173403e+22,1.0079438039659798e+23,9.985700488531793e+19,1.2140886625842846e+17,5.5408278916714274e+22,3.07425082953017e-08,1.0027755394395202e+20,0.0,0.0,9.976262363963394e+16,0.0,1.0069422425152021e+23,1.0015614507769358e+20,3.3564741417173403e+22
631783783783.7838,2387.519408592834,280862076.10614264,0,1.1846379323708259e+22,3.3564741417173403e+22,1.0079438039659798e+23,9.985700488531793e+19,1.2140886625842846e+17,5.5408278916714274e+22,2.238389585980724e-08,1.0027755394395202e+20,0.0,0.0,9.976262363963394e+16,0.0,1.0069422425152021e+23,1.0015614507769358e+20,3.3564741417173403e+22
634942702702.7028,2385.4570056357984,280777197.6574094,0,1.1846379323708259e+22,3.3564741417173403e+22,1.0079438039659798e+23,9.985700488531793e+19,1.2140886625842846e+17,5.5408278916714274e+22,1.6297915220511407e-08,1.0027755394395202e+20,0.0,0.0,9.976262363963394e+16,0.0,1.0069422425152021e+23,1.0015614507769358e+20,3.3564741417173403e+22
638101621621.6216,2383.3946026787626,280692393.2762213,0,1.1846379323708259e+22,3.3564741417173403e+22,1.0079438039659798e+23,9.985700488531793e+19,1.2140886625842846e+17,5.5408278916714274e+22,1.1866658163467024e-08,1.0027755394395202e+20,0.0,0.0,9.976262363963394e+16,0.0,1.0069422425152021e+23,1.0015614507769358e+20,3.3564741417173403e+22
641260540540.5406,2381.3321997217267,280607663.25899905,0,1.1846379323708259e+22,3.3564741417173403e+22,1.0079438039659798e+23,9.985700488531793e+19,1.2140886625842846e+17,5.5408278916714274e+22,8.640220179287441e-09,1.0027755394395202e+20,0.0,0.0,9.976262363963394e+16,0.0,1.0069422425152021e+23,1.0015614507769358e+20,3.3564741417173403e+22
644419459459.4595,2379.269796764691,280523007.90147495,0,1.1846379323708259e+22,3.3564741417173403e+22,1.0079438039659798e+23,9.985700488531793e+19,1.2140886625842846e+17,5.5408278916714274e+22,6.2910217618297666e-09,1.0027755394395202e+20,0.0,0.0,9.976262363963394e+16,0.0,1.0069422425152021e+23,1.0015614507769358e+20,3.3564741417173403e+22
647578378378.3784,2377.207393807655,280438427.49869496,0,1.1846379323708259e+22,3.3564741417173403e+22,1.0079438039659798e+23,9.985700488531793e+19,1.2140886625842846e+17,5.5408278916714274e+22,4.580549336310966e-09,1.0027755394395202e+20,0.0,0.0,9.976262363963394e+16,0.0,1.0069422425152021e+23,1.0015614507769358e+20,3.3564741417173403e+22
650737297297.2974,2375.1449908506193,280353922.34502107,0,1.1846379323708259e+22,3.3564741417173403e+22,1.0079438039659798e+23,9.985700488531793e+19,1.2140886625842846e+17,5.5408278916714274e+22,3.335139030941184e-09,1.0027755394395202e+20,0.0,0.0,9.976262363963394e+16,0.0,1.0069422425152021e+23,1.0015614507769358e+20,3.3564741417173403e+22
653896216216.2162,2373.0825878935834,280269492.7341341,0,1.1846379323708259e+22,3.3564741417173403e+22,1.0079438039659798e+23,9.985700488531793e+19,1.2140886625842846e+17,5.5408278916714274e+22,2.4283446239803077e-09,1.0027755394395202e+20,0.0,0.0,9.976262363963394e+16,0.0,1.0069422425152021e+23,1.0015614507769358e+20,3.3564741417173403e+22
657055135135.1353,2371.0201849365476,280185138.95903563,0,1.1846379323708259e+22,3.3564741417173403e+22,1.0079438039659798e+23,9.985700488531793e+19,1.2140886625842846e+17,5.5408278916714274e+22,1.7680994879394742e-09,1.0027755394395202e+20,0.0,0.0,9.976262363963394e+16,0.0,1.0069422425152021e+23,1.0015614507769358e+20,3.3564741417173403e+22
660214054054.0541,2368.9577819795118,280100861.3120515,0,1.1846379323708259e+22,3.3564741417173403e+22,1.0079438039659798e+23,9.985700488531793e+19,1.2140886625842846e+17,5.5408278916714274e+22,1.2873690860763024e-09,1.0027755394395202e+20,0.0,0.0,9.976262363963394e+16,0.0,1.0069422425152021e+23,1.0015614507769358e+20,3.3564741417173403e+22
663372972972.973,2366.895379022476,280016660.08483326,0,1.1846379323708259e+22,3.3564741417173403e+22,1.0079438039659798e+23,9.985700488531793e+19,1.2140886625842846e+17,5.5408278916714274e+22,9.373449713038248e-10,1.0027755394395202e+20,0.0,0.0,9.976262363963394e+16,0.0,1.0069422425152021e+23,1.0015614507769358e+20,3.3564741417173403e+22
666531891891.892,2364.83297606544,279932535.568362,0,1.1846379323708259e+22,3.3564741417173403e+22,1.0079438039659798e+23,9.985700488531793e+19,1.2140886625842846e+17,5.5408278916714274e+22,6.824892757883831e-10,1.0027755394395202e+20,0.0,0.0,9.976262363963394e+16,0.0,1.0069422425152021e+23,1.0015614507769358e+20,3.3564741417173403e+22
669690810810.8108,2362.7705731084043,279848488.0529501,0,1.1846379323708259e+22,3.3564741417173403e+22,1.0079438039659798e+23,9.985700488531793e+19,1.2140886625842846e+17,5.5408278916714274e+22,4.969265594056013e-10,1.0027755394395202e+20,0.0,0.0,9.976262363963394e+16,0.0,1.0069422425152021e+23,1.0015614507769358e+20,3.3564741417173403e+22
672849729729.7299,2360.7081701513684,279764517.82824457,0,1.1846379323708259e+22,3.3564741417173403e+22,1.0079438039659798e+23,9.985700488531793e+19,1.2140886625842846e+17,5.5408278916714274e+22,3.618166822583965e-10,1.0027755394395202e+20,0.0,0.0,9.976262363963394e+16,0.0,1.0069422425152021e+23,1.0015614507769358e+20,3.3564741417173403e+22
676008648648.6487,2358.6457671943326,279680625.18322957,0,1.1846379323708259e+22,3.3564741417173403e+22,1.0079438039659798e+23,9.985700488531793e+19,1.2140886625842846e+17,5.5408278916714274e+22,2.634419696082718e-10,1.0027755394395202e+20,0.0,0.0,9.976262363963394e+16,0.0,1.0069422425152021e+23,1.0015614507769358e+20,3.3564741417173403e+22
679167567567.5676,2356.583364237297,279596810.4062293,0,1.1846379323708259e+22,3.3564741417173403e+22,1.0079438039659798e+23,9.985700488531793e+19,1.2140886625842846e+17,5.5408278916714274e+22,1.9181445951549963e-10,1.0027755394395202e+20,0.0,0.0,9.976262363963394e+16,0.0,1.0069422425152021e+23,1.0015614507769358e+20,3.3564741417173403e+22
682326486486.4866,2354.520961280261,279513073.78491104,0,1.1846379323708259e+22,3.3564741417173403e+22,1.0079438039659798e+23,9.985700488531793e+19,1.2140886625842846e+17,5.5408278916714274e+22,1.3966182736157312e-10,1.0027755394395202e+20,0.0,0.0,9.976262363963394e+16,0.0,1.0069422425152021e+23,1.0015614507769358e+20,3.3564741417173403e+22
685485405405.4054,2352.458558323225,279429415.60628784,0,1.1846379323708259e+22,3.3564741417173403e+22,1.0079438039659798e+23,9.985700488531793e+19,1.2140886625842846e+17,5.5408278916714274e+22,1.0168902840402243e-10,1.0027755394395202e+20,0.0,0.0,9.976262363963394e+16,0.0,1.0069422425152021e+23,1.0015614507769358e+20,3.3564741417173403e+22
688644324324.3245,2350.3961553661893,279345836.1567216,0,1.1846379323708259e+22,3.3564741417173403e+22,1.0079438039659798e+23,9.985700488531793e+19,1.2140886625842846e+17,5.5408278916714274e+22,7.404069310208119e-11,1.0027755394395202e+20,0.0,0.0,9.976262363963394e+16,0.0,1.0069422425152021e+23,1.0015614507769358e+20,3.3564741417173403e+22
691803243243.2433,2348.3337524091535,279262335.7219261,0,1.1846379323708259e+22,3.3564741417173403e+22,1.0079438039659798e+23,9.985700488531793e+19,1.2140886625842846e+17,5.5408278916714274e+22,5.3909692334317996e-11,1.0027755394395202e+20,0.0,0.0,9.976262363963394e+16,0.0,1.0069422425152021e+23,1.0015614507769358e+20,3.3564741417173403e+22
694962162162.1622,2346.2713494521176,279178914.58697027,0,1.1846379323708259e+22,3.3564741417173403e+22,1.0079438039659798e+23,9.985700488531793e+19,1.2140886625842846e+17,5.5408278916714274e+22,3.925213022484704e-11,1.0027755394395202e+20,0.0,0.0,9.976262363963394e+16,0.0,1.0069422425152021e+23,1.0015614507769358e+20,3.3564741417173403e+22
698121081081.0812,2344.208946495082,279095573.0362807,0,1.1846379323708259e+22,3.3564741417173403e+22,1.0079438039659798e+23,9.985700488531793e+19,1.2140886625842846e+17,5.5408278916714274e+22,2.8579827865341905e-11,1.0027755394395202e+20,0.0,0.0,9.976262363963394e+16,0.0,1.0069422425152021e+23,1.0015614507769358e+20,3.3564741417173403e+22
701280000000.0,2342.146543538046,279012311.3536455,0,1.1846379323708259e+22,3.3564741417173403e+22,1.0079438039659798e+23,9.985700488531793e+19,1.2140886625842846e+17,5.5408278916714274e+22,2.0809228852897416e-11,1.0027755394395202e+20,0.0,0.0,9.976262363963394e+16,0.0,1.0069422425152021e+23,1.0015614507769358e+20,3.3564741417173403e+22
704438918918.919,2340.08414058101,278929129.82221717,0,1.1846379323708259e+22,3.3564741417173403e+22,1.0079438039659798e+23,9.985700488531793e+19,1.2140886625842846e+17,5.5408278916714274e+22,1.5151386057764765e-11,1.0027755394395202e+20,0.0,0.0,9.976262363963394e+16,0.0,1.0069422425152021e+23,1.0015614507769358e+20,3.3564741417173403e+22
707597837837.8379,2338.0217376239743,278846028.7245159,0,1.1846379323708259e+22,3.3564741417173403e+22,1.0079438039659798e+23,9.985700488531793e+19,1.2140886625842846e+17,5.5408278916714274e+22,1.1031860002801815e-11,1.0027755394395202e+20,0.0,0.0,9.976262363963394e+16,0.0,1.0069422425152021e+23,1.0015614507769358e+20,3.3564741417173403e+22
710756756756.7568,2335.9593346669385,278763008.3424326,0,1.1846379323708259e+22,3.3564741417173403e+22,1.0079438039659798e+23,9.985700488531793e+19,1.2140886625842846e+17,5.5408278916714274e+22,8.032396155535143e-12,1.0027755394395202e+20,0.0,0.0,9.976262363963394e+16,0.0,1.0069422425152021e+23,1.0015614507769358e+20,3.3564741417173403e+22
713915675675.6758,2333.8969317099027,278680068.95723283,0,1.1846379323708259e+22,3.3564741417173403e+22,1.0079438039659798e+23,9.985700488531793e+19,1.2140886625842846e+17,5.5408278916714274e+22,5.8484596417167584e-12,1.0027755394395202e+20,0.0,0.0,9.976262363963394e+16,0.0,1.0069422425152021e+23,1.0015614507769358e+20,3.3564741417173403e+22
717074594594.5946,2331.834528752867,278597210.84955966,0,1.1846379323708259e+22,3.3564741417173403e+22,1.0079438039659798e+23,9.985700488531793e+19,1.2140886625842846e+17,5.5408278916714274e+22,4.2583158896140014e-12,1.0027755394395202e+20,0.0,0.0,9.976262363963394e+16,0.0,1.0069422425152021e+23,1.0015614507769358e+20,3.3564741417173403e+22
720233513513.5135,2329.772125795831,278514434.29943734,0,1.1846379323708259e+22,3.3564741417173403e+22,1.0079438039659798e+23,9.985700488531793e+19,1.2140886625842846e+17,5.5408278916714274e+22,3.1005179699617873e-12,1.0027755394395202e+20,0.0,0.0,9.976262363963394e+16,0.0,1.0069422425152021e+23,1.0015614507769358e+20,3.3564741417173403e+22
723392432432.4325,2327.709722838795,278431739.5862747,0,1.1846379323708259e+22,3.3564741417173403e+22,1.0079438039659798e+23,9.985700488531793e+19,1.2140886625842846e+17,5.5408278916714274e+22,2.257514926382636e-12,1.0027755394395202e+20,0.0,0.0,9.976262363963394e+16,0.0,1.0069422425152021e+23,1.0015614507769358e+20,3.3564741417173403e+22
726551351351.3514,2325.6473198817594,278349126.9888687,0,1.1846379323708259e+22,3.3564741417173403e+22,1.0079438039659798e+23,9.985700488531793e+19,1.2140886625842846e+17,5.5408278916714274e+22,1.6437168538336869e-12,1.0027755394395202e+20,0.0,0.0,9.976262363963394e+16,0.0,1.0069422425152021e+23,1.0015614507769358e+20,3.3564741417173403e+22
729710270270.2704,2323.5849169247235,278266596.7854081,0,1.1846379323708259e+22,3.3564741417173403e+22,1.0079438039659798e+23,9.985700488531793e+19,1.2140886625842846e+17,5.5408278916714274e+22,1.1968049752416003e-12,1.0027755394395202e+20,0.0,0.0,9.976262363963394e+16,0.0,1.0069422425152021e+23,1.0015614507769358e+20,3.3564741417173403e+22
732869189189.1892,2321.5225139676877,278184149.25347686,0,1.1846379323708259e+22,3.3564741417173403e+22,1.0079438039659798e+23,9.985700488531793e+19,1.2140886625842846e+17,5.5408278916714274e+22,8.714044304056113e-13,1.0027755394395202e+20,0.0,0.0,9.976262363963394e+16,0.0,1.0069422425152021e+23,1.0015614507769358e+20,3.3564741417173403e+22
736028108108.1082,2319.460111010652,278101784.670058,0,1.1846379323708259e+22,3.3564741417173403e+22,1.0079438039659798e+23,9.985700488531793e+19,1.2140886625842846e+17,5.5408278916714274e+22,6.344773768819252e-13,1.0027755394395202e+20,0.0,0.0,9.976262363963394e+16,0.0,1.0069422425152021e+23,1.0015614507769358e+20,3.3564741417173403e+22
739187027027.0271,2317.397708053616,278019503.3115372,0,1.1846379323708259e+22,3.3564741417173403e+22,1.0079438039659798e+23,9.985700488531793e+19,1.2140886625842846e+17,5.5408278916714274e+22,4.619686654422778e-13,1.0027755394395202e+20,0.0,0.0,9.976262363963394e+16,0.0,1.0069422425152021e+23,1.0015614507769358e+20,3.3564741417173403e+22
742345945945.946,2315.33530509658,277937305.4537066,0,1.1846379323708259e+22,3.3564741417173403e+22,1.0079438039659798e+23,9.985700488531793e+19,1.2140886625842846e+17,5.5408278916714274e+22,3.3636352630778715e-13,1.0027755394395202e+20,0.0,0.0,9.976262363963394e+16,0.0,1.0069422425152021e+23,1.0015614507769358e+20,3.3564741417173403e+22
745504864864.8649,2313.2729021395444,277855191.3717686,0,1.1846379323708259e+22,3.3564741417173403e+22,1.0079438039659798e+23,9.985700488531793e+19,1.2140886625842846e+17,5.5408278916714274e+22,2.4490929860338355e-13,1.0027755394395202e+20,0.0,0.0,9.976262363963394e+16,0.0,1.0069422425152021e+23,1.0015614507769358e+20,3.3564741417173403e+22
748663783783.7838,2311.2104991825086,277773161.3403397,0,1.1846379323708259e+22,3.3564741417173403e+22,1.0079438039659798e+23,9.985700488531793e+19,1.2140886625842846e+17,5.5408278916714274e+22,1.7832065563350196e-13,1.0027755394395202e+20,0.0,0.0,9.976262363963394e+16,0.0,1.0069422425152021e+23,1.0015614507769358e+20,3.3564741417173403e+22
751822702702.7028,2309.1480962254727,277691215.63345444,0,1.1846379323708259e+22,3.3564741417173403e+22,1.0079438039659798e+23,9.985700488531793e+19,1.2140886625842846e+17,5.5408278916714274e+22,1.2983686779919871e-13,1.0027755394395202e+20,0.0,0.0,9.976262363963394e+16,0.0,1.0069422425152021e+23,1.0015614507769358e+20,3.3564741417173403e+22
754981621621.6217,2307.085693268437,277609354.52456915,0,1.1846379323708259e+22,3.3564741417173403e+22,1.0079438039659798e+23,9.985700488531793e+19,1.2140886625842846e+17,5.5408278916714274e+22,9.453538727758853e-14,1.0027755394395202e+20,0.0,0.0,9.976262363963394e+16,0.0,1.0069422425152021e+23,1.0015614507769358e+20,3.3564741417173403e+22
758140540540.5406,2305.023290311401,277527578.28656614,0,1.1846379323708259e+22,3.3564741417173403e+22,1.0079438039659798e+23,9.985700488531793e+19,1.2140886625842846e+17,5.5408278916714274e+22,6.883206287404601e-14,1.0027755394395202e+20,0.0,0.0,9.976262363963394e+16,0.0,1.0069422425152021e+23,1.0015614507769358e+20,3.3564741417173403e+22
761299459459.4595,2302.9608873543652,277445887.19175786,0,1.1846379323708259e+22,3.3564741417173403e+22,1.0079438039659798e+23,9.985700488531793e+19,1.2140886625842846e+17,5.5408278916714274e+22,5.0117241976114746e-14,1.0027755394395202e+20,0.0,0.0,9.976262363963394e+16,0.0,1.0069422425152021e+23,1.0015614507769358e+20,3.3564741417173403e+22
764458378378.3784,2300.8984843973294,277364281.5118906,0,1.1846379323708259e+22,3.3564741417173403e+22,1.0079438039659798e+23,9.985700488531793e+19,1.2140886625842846e+17,5.5408278916714274e+22,3.6490813124235454e-14,1.0027755394395202e+20,0.0,0.0,9.976262363963394e+16,0.0,1.0069422425152021e+23,1.0015614507769358e+20,3.3564741417173403e+22
767617297297.2974,2298.8360814402936,277282761.5181487,0,1.1846379323708259e+22,3.3564741417173403e+22,1.0079438039659798e+23,9.985700488531793e+19,1.2140886625842846e+17,5.5408278916714274e+22,2.6569288132465242e-14,1.0027755394395202e+20,0.0,0.0,9.976262363963394e+16,0.0,1.0069422425152021e+23,1.0015614507769358e+20,3.3564741417173403e+22
770776216216.2163,2296.7736784832578,277201327.48115915,0,1.1846379323708259e+22,3.3564741417173403e+22,1.0079438039659798e+23,9.985700488531793e+19,1.2140886625842846e+17,5.5408278916714274e+22,1.9345336851294094e-14,1.0027755394395202e+20,0.0,0.0,9.976262363963394e+16,0.0,1.0069422425152021e+23,1.0015614507769358e+20,3.3564741417173403e+22
773935135135.1353,2294.711275526222,277119979.67099524,0,1.1846379323708259e+22,3.3564741417173403e+22,1.0079438039659798e+23,9.985700488531793e+19,1.2140886625842846e+17,5.5408278916714274e+22,1.4085513169347872e-14,1.0027755394395202e+20,0.0,0.0,9.976262363963394e+16,0.0,1.0069422425152021e+23,1.0015614507769358e+20,3.3564741417173403e+22
777094054054.0541,2292.648872569186,277038718.35718125,0,1.1846379323708259e+22,3.3564741417173403e+22,1.0079438039659798e+23,9.985700488531793e+19,1.2140886625842846e+17,5.5408278916714274e+22,1.02557883984636e-14,1.0027755394395202e+20,0.0,0.0,9.976262363963394e+16,0.0,1.0069422425152021e+23,1.0015614507769358e+20,3.3564741417173403e+22
780252972972.973,2290.5864696121503,276957543.8086964,0,1.1846379323708259e+22,3.3564741417173403e+22,1.0079438039659798e+23,9.985700488531793e+19,1.2140886625842846e+17,5.5408278916714274e+22,7.467331463858213e-15,1.0027755394395202e+20,0.0,0.0,9.976262363963394e+16,0.0,1.0069422425152021e+23,1.0015614507769358e+20,3.3564741417173403e+22
783411891891.892,2288.5240666551144,276876456.2939796,0,1.1846379323708259e+22,3.3564741417173403e+22,1.0079438039659798e+23,9.985700488531793e+19,1.2140886625842846e+17,5.5408278916714274e+22,5.437030974574348e-15,1.0027755394395202e+20,0.0,0.0,9.976262363963394e+16,0.0,1.0069422425152021e+23,1.0015614507769358e+20,3.3564741417173403e+22
786570810810.8108,2286.4616636980786,276795456.0809335,0,1.1846379323708259e+22,3.3564741417173403e+22,1.0079438039659798e+23,9.985700488531793e+19,1.2140886625842846e+17,5.5408278916714274e+22,3.958750989099281e-15,1.0027755394395202e+20,0.0,0.0,9.976262363963394e+16,0.0,1.0069422425152021e+23,1.0015614507769358e+20,3.3564741417173403e+22
789729729729.7299,2284.399260741043,276714543.43692917,0,1.1846379323708259e+22,3.3564741417173403e+22,1.0079438039659798e+23,9.985700488531793e+19,1.2140886625842846e+17,5.5408278916714274e+22,2.8824020806542186e-15,1.0027755394395202e+20,0.0,0.0,9.976262363963394e+16,0.0,1.0069422425152021e+23,1.0015614507769358e+20,3.3564741417173403e+22
792888648648.6487,2282.336857784007,276633718.6288106,0,1.1846379323708259e+22,3.3564741417173403e+22,1.0079438039659798e+23,9.985700488531793e+19,1.2140886625842846e+17,5.5408278916714274e+22,2.0987027922284424e-15,1.0027755394395202e+20,0.0,0.0,9.976262363963394e+16,0.0,1.0069422425152021e+23,1.0015614507769358e+20,3.3564741417173403e+22
796047567567.5676,2280.274454826971,276552981.92289907,0,1.1846379323708259e+22,3.3564741417173403e+22,1.0079438039659798e+23,9.985700488531793e+19,1.2140886625842846e+17,5.5408278916714274e+22,1.5280843153942492e-15,1.0027755394395202e+20,0.0,0.0,9.976262363963394e+16,0.0,1.0069422425152021e+23,1.0015614507769358e+20,3.3564741417173403e+22
799206486486.4866,2278.2120518699353,276472333.584998,0,1.1846379323708259e+22,3.3564741417173403e+22,1.0079438039659798e+23,9.985700488531793e+19,1.2140886625842846e+17,5.5408278916714274e+22,1.1126118874957609e-15,1.0027755394395202e+20,0.0,0.0,9.976262363963394e+16,0.0,1.0069422425152021e+23,1.0015614507769358e+20,3.3564741417173403e+22
802365405405.4054,2276.1496489128995,276391773.8803973,0,1.1846379323708259e+22,3.3564741417173403e+22,1.0079438039659798e+23,9.985700488531793e+19,1.2140886625842846e+17,5.5408278916714274e+22,8.101026885270382e-16,1.0027755394395202e+20,0.0,0.0,9.976262363963394e+16,0.0,1.0069422425152021e+23,1.0015614507769358e+20,3.3564741417173403e+22
805524324324.3245,2274.0872459558636,276311303.0738783,0,1.1846379323708259e+22,3.3564741417173403e+22,1.0079438039659798e+23,9.985700488531793e+19,1.2140886625842846e+17,5.5408278916714274e+22,5.898430291229796e-16,1.0027755394395202e+20,0.0,0.0,9.976262363963394e+16,0.0,1.0069422425152021e+23,1.0015614507769358e+20,3.3564741417173403e+22
808683243243.2433,2272.024842998828,276230921.42971843,0,1.1846379323708259e+22,3.3564741417173403e+22,1.0079438039659798e+23,9.985700488531793e+19,1.2140886625842846e+17,5.5408278916714274e+22,4.2946999674518436e-16,1.0027755394395202e+20,0.0,0.0,9.976262363963394e+16,0.0,1.0069422425152021e+23,1.0015614507769358e+20,3.3564741417173403e+22
811842162162.1622,2269.962440041792,276150629.21169585,0,1.1846379323708259e+22,3.3564741417173403e+22,1.0079438039659798e+23,9.985700488531793e+19,1.2140886625842846e+17,5.5408278916714274e+22,3.1270095431754747e-16,1.0027755394395202e+20,0.0,0.0,9.976262363963394e+16,0.0,1.0069422425152021e+23,1.0015614507769358e+20,3.3564741417173403e+22
815001081081.0812,2267.900037084756,276070426.6830947,0,1.1846379323708259e+22,3.3564741417173403e+22,1.0079438039659798e+23,9.985700488531793e+19,1.2140886625842846e+17,5.5408278916714274e+22,2.276803678304946e-16,1.0027755394395202e+20,0.0,0.0,9.976262363963394e+16,0.0,1.0069422425152021e+23,1.0015614507769358e+20,3.3564741417173403e+22
818160000000.0,2265.8376341277203,275990314.10670936,0,1.1846379323708259e+22,3.3564741417173403e+22,1.0079438039659798e+23,9.985700488531793e+19,1.2140886625842846e+17,5.5408278916714274e+22,1.657761167009025e-16,1.0027755394395202e+20,0.0,0.0,9.976262363963394e+16,0.0,1.0069422425152021e+23,1.0015614507769358e+20,3.3564741417173403e+22
821318918918.9191,2263.7752311706845,275910291.74485,0,1.1846379323708259e+22,3.3564741417173403e+22,1.0079438039659798e+23,9.985700488531793e+19,1.2140886625842846e+17,5.5408278916714274e+22,1.2070307655551166e-16,1.0027755394395202e+20,0.0,0.0,9.976262363963394e+16,0.0,1.0069422425152021e+23,1.0015614507769358e+20,3.3564741417173403e+22
824477837837.8379,2261.7128282136487,275830359.8593471,0,1.1846379323708259e+22,3.3564741417173403e+22,1.0079438039659798e+23,9.985700488531793e+19,1.2140886625842846e+17,5.5408278916714274e+22,8.788499199949223e-17,1.0027755394395202e+20,0.0,0.0,9.976262363963394e+16,0.0,1.0069422425152021e+23,1.0015614507769358e+20,3.3564741417173403e+22
827636756756.7567,2259.650425256613,275750518.7115568,0,1.1846379323708259e+22,3.3564741417173403e+22,1.0079438039659798e+23,9.985700488531793e+19,1.2140886625842846e+17,5.5408278916714274e+22,6.398985045918554e-17,1.0027755394395202e+20,0.0,0.0,9.976262363963394e+16,0.0,1.0069422425152021e+23,1.0015614507769358e+20,3.3564741417173403e+22
830795675675.6758,2257.588022299577,275670768.56236565,0,1.1846379323708259e+22,3.3564741417173403e+22,1.0079438039659798e+23,9.985700488531793e+19,1.2140886625842846e+17,5.5408278916714274e+22,4.6591583712183587e-17,1.0027755394395202e+20,0.0,0.0,9.976262363963394e+16,0.0,1.0069422425152021e+23,1.0015614507769358e+20,3.3564741417173403e+22
833954594594.5946,2255.525619342541,275591109.6721961,0,1.1846379323708259e+22,3.3564741417173403e+22,1.0079438039659798e+23,9.985700488531793e+19,1.2140886625842846e+17,5.5408278916714274e+22,3.392374973893697e-17,1.0027755394395202e+20,0.0,0.0,9.976262363963394e+16,0.0,1.0069422425152021e+23,1.0015614507769358e+20,3.3564741417173403e+22
837113513513.5137,2253.4632163855053,275511542.30101144,0,1.1846379323708259e+22,3.3564741417173403e+22,1.0079438039659798e+23,9.985700488531793e+19,1.2140886625842846e+17,5.5408278916714274e+22,2.4700186270961402e-17,1.0027755394395202e+20,0.0,0.0,9.976262363963394e+16,0.0,1.0069422425152021e+23,1.0015614507769358e+20,3.3564741417173403e+22
840272432432.4325,2251.4008134284695,275432066.70832103,0,1.1846379323708259e+22,3.3564741417173403e+22,1.0079438039659798e+23,9.985700488531793e+19,1.2140886625842846e+17,5.5408278916714274e+22,1.7984427031659508e-17,1.0027755394395202e+20,0.0,0.0,9.976262363963394e+16,0.0,1.0069422425152021e+23,1.0015614507769358e+20,3.3564741417173403e+22
843431351351.3513,2249.3384104714337,275352683.15318567,0,1.1846379323708259e+22,3.3564741417173403e+22,1.0079438039659798e+23,9.985700488531793e+19,1.2140886625842846e+17,5.5408278916714274e+22,1.3094622530735109e-17,1.0027755394395202e+20,0.0,0.0,9.976262363963394e+16,0.0,1.0069422425152021e+23,1.0015614507769358e+20,3.3564741417173403e+22
846590270270.2704,2247.276007514398,275273391.8942228,0,1.1846379323708259e+22,3.3564741417173403e+22,1.0079438039659798e+23,9.985700488531793e+19,1.2140886625842846e+17,5.5408278916714274e+22,9.5343120423344e-18,1.0027755394395202e+20,0.0,0.0,9.976262363963394e+16,0.0,1.0069422425152021e+23,1.0015614507769358e+20,3.3564741417173403e+22
849749189189.1892,2245.213604557362,275194193.189612,0,1.1846379323708259e+22,3.3564741417173403e+22,1.0079438039659798e+23,9.985700488531793e+19,1.2140886625842846e+17,5.5408278916714274e+22,6.942018061783689e-18,1.0027755394395202e+20,0.0,0.0,9.976262363963394e+16,0.0,1.0069422425152021e+23,1.0015614507769358e+20,3.3564741417173403e+22
852908108108.1082,2243.151201600326,275115087.2971002,0,1.1846379323708259e+22,3.3564741417173403e+22,1.0079438039659798e+23,9.985700488531793e+19,1.2140886625842846e+17,5.5408278916714274e+22,5.054545577714449e-18,1.0027755394395202e+20,0.0,0.0,9.976262363963394e+16,0.0,1.0069422425152021e+23,1.0015614507769358e+20,3.3564741417173403e+22
856067027027.0271,2241.0887986432904,275036074.4740075,0,1.1846379323708259e+22,3.3564741417173403e+22,1.0079438039659798e+23,9.985700488531793e+19,1.2140886625842846e+17,5.5408278916714274e+22,3.680259943119228e-18,1.0027755394395202e+20,0.0,0.0,9.976262363963394e+16,0.0,1.0069422425152021e+23,1.0015614507769358e+20,3.3564741417173403e+22
859225945945.9459,2239.0263956862545,274957154.9772324,0,1.1846379323708259e+22,3.3564741417173403e+22,1.0079438039659798e+23,9.985700488531793e+19,1.2140886625842846e+17,5.5408278916714274e+22,2.679630253735367e-18,1.0027755394395202e+20,0.0,0.0,9.976262363963394e+16,0.0,1.0069422425152021e+23,1.0015614507769358e+20,3.3564741417173403e+22
862384864864.865,2236.9639927292187,274878329.0632574,0,1.1846379323708259e+22,3.3564741417173403e+22,1.0079438039659798e+23,9.985700488531793e+19,1.2140886625842846e+17,5.5408278916714274e+22,1.9510628074407312e-18,1.0027755394395202e+20,0.0,0.0,9.976262363963394e+16,0.0,1.0069422425152021e+23,1.0015614507769358e+20,3.3564741417173403e+22
865543783783.7838,2234.901589772183,274799596.98815453,0,1.1846379323708259e+22,3.3564741417173403e+22,1.0079438039659798e+23,9.985700488531793e+19,1.2140886625842846e+17,5.5408278916714274e+22,1.4205863190535694e-18,1.0027755394395202e+20,0.0,0.0,9.976262363963394e+16,0.0,1.0069422425152021e+23,1.0015614507769358e+20,3.3564741417173403e+22
868702702702.7028,2232.839186815147,274720959.0075916,0,1.1846379323708259e+22,3.3564741417173403e+22,1.0079438039659798e+23,9.985700488531793e+19,1.2140886625842846e+17,5.5408278916714274e+22,1.0343416327685156e-18,1.0027755394395202e+20,0.0,0.0,9.976262363963394e+16,0.0,1.0069422425152021e+23,1.0015614507769358e+20,3.3564741417173403e+22
871861621621.6217,2230.7767838581112,274642415.37683684,0,1.1846379323708259e+22,3.3564741417173403e+22,1.0079438039659798e+23,9.985700488531793e+19,1.2140886625842846e+17,5.5408278916714274e+22,7.531134144604521e-19,1.0027755394395202e+20,0.0,0.0,9.976262363963394e+16,0.0,1.0069422425152021e+23,1.0015614507769358e+20,3.3564741417173403e+22
875020540540.5405,2228.7143809010754,274563966.3507658,0,1.1846379323708259e+22,3.3564741417173403e+22,1.0079438039659798e+23,9.985700488531793e+19,1.2140886625842846e+17,5.5408278916714274e+22,5.483486278340832e-19,1.0027755394395202e+20,0.0,0.0,9.976262363963394e+16,0.0,1.0069422425152021e+23,1.0015614507769358e+20,3.3564741417173403e+22
878179459459.4596,2226.6519779440396,274485612.1838664,0,1.1846379323708259e+22,3.3564741417173403e+22,1.0079438039659798e+23,9.985700488531793e+19,1.2140886625842846e+17,5.5408278916714274e+22,3.992575512188167e-19,1.0027755394395202e+20,0.0,0.0,9.976262363963394e+16,0.0,1.0069422425152021e+23,1.0015614507769358e+20,3.3564741417173403e+22
881338378378.3784,2224.5895749870037,274407353.13024515,0,1.1846379323708259e+22,3.3564741417173403e+22,1.0079438039659798e+23,9.985700488531793e+19,1.2140886625842846e+17,5.5408278916714274e+22,2.907030019111829e-19,1.0027755394395202e+20,0.0,0.0,9.976262363963394e+16,0.0,1.0069422425152021e+23,1.0015614507769358e+20,3.3564741417173403e+22
884497297297.2974,2222.527172029968,274329189.44363296,0,1.1846379323708259e+22,3.3564741417173403e+22,1.0079438039659798e+23,9.985700488531793e+19,1.2140886625842846e+17,5.5408278916714274e+22,2.1166346149795858e-19,1.0027755394395202e+20,0.0,0.0,9.976262363963394e+16,0.0,1.0069422425152021e+23,1.0015614507769358e+20,3.3564741417173403e+22
887656216216.2163,2220.464769072932,274251121.3773911,0,1.1846379323708259e+22,3.3564741417173403e+22,1.0079438039659798e+23,9.985700488531793e+19,1.2140886625842846e+17,5.5408278916714274e+22,1.5411406362768055e-19,1.0027755394395202e+20,0.0,0.0,9.976262363963394e+16,0.0,1.0069422425152021e+23,1.0015614507769358e+20,3.3564741417173403e+22
890815135135.1351,2218.4023661158963,274173149.1845173,0,1.1846379323708259e+22,3.3564741417173403e+22,1.0079438039659798e+23,9.985700488531793e+19,1.2140886625842846e+17,5.5408278916714274e+22,1.1221183117647277e-19,1.0027755394395202e+20,0.0,0.0,9.976262363963394e+16,0.0,1.0069422425152021e+23,1.0015614507769358e+20,3.3564741417173403e+22
893974054054.0541,2216.3399631588604,274095273.1176518,0,1.1846379323708259e+22,3.3564741417173403e+22,1.0079438039659798e+23,9.985700488531793e+19,1.2140886625842846e+17,5.5408278916714274e+22,8.170244012510522e-20,1.0027755394395202e+20,0.0,0.0,9.976262363963394e+16,0.0,1.0069422425152021e+23,1.0015614507769358e+20,3.3564741417173403e+22
897132972972.973,2214.2775602018246,274017493.42908335,0,1.1846379323708259e+22,3.3564741417173403e+22,1.0079438039659798e+23,9.985700488531793e+19,1.2140886625842846e+17,5.5408278916714274e+22,5.948827902022507e-20,1.0027755394395202e+20,0.0,0.0,9.976262363963394e+16,0.0,1.0069422425152021e+23,1.0015614507769358e+20,3.3564741417173403e+22
900291891891.892,2212.2151572447888,273939810.3707554,0,1.1846379323708259e+22,3.3564741417173403e+22,1.0079438039659798e+23,9.985700488531793e+19,1.2140886625842846e+17,5.5408278916714274e+22,4.331394919624615e-20,1.0027755394395202e+20,0.0,0.0,9.976262363963394e+16,0.0,1.0069422425152021e+23,1.0015614507769358e+20,3.3564741417173403e+22
903450810810.8109,2210.152754287753,273862224.19427264,0,1.1846379323708259e+22,3.3564741417173403e+22,1.0079438039659798e+23,9.985700488531793e+19,1.2140886625842846e+17,5.5408278916714274e+22,3.1537274667790424e-20,1.0027755394395202e+20,0.0,0.0,9.976262363963394e+16,0.0,1.0069422425152021e+23,1.0015614507769358e+20,3.3564741417173403e+22
906609729729.7297,2208.090351330717,273784735.15090704,0,1.1846379323708259e+22,3.3564741417173403e+22,1.0079438039659798e+23,9.985700488531793e+19,1.2140886625842846e+17,5.5408278916714274e+22,2.29625723797509e-20,1.0027755394395202e+20,0.0,0.0,9.976262363963394e+16,0.0,1.0069422425152021e+23,1.0015614507769358e+20,3.3564741417173403e+22
909768648648.6487,2206.0279483736813,273707343.4916039,0,1.1846379323708259e+22,3.3564741417173403e+22,1.0079438039659798e+23,9.985700488531793e+19,1.2140886625842846e+17,5.5408278916714274e+22,1.6719254781828663e-20,1.0027755394395202e+20,0.0,0.0,9.976262363963394e+16,0.0,1.0069422425152021e+23,1.0015614507769358e+20,3.3564741417173403e+22
912927567567.5676,2203.9655454166455,273630049.466989,0,1.1846379323708259e+22,3.3564741417173403e+22,1.0079438039659798e+23,9.985700488531793e+19,1.2140886625842846e+17,5.5408278916714274e+22,1.2173439274869821e-20,1.0027755394395202e+20,0.0,0.0,9.976262363963394e+16,0.0,1.0069422425152021e+23,1.0015614507769358e+20,3.3564741417173403e+22
916086486486.4866,2201.9031424596096,273552853.32737404,0,1.1846379323708259e+22,3.3564741417173403e+22,1.0079438039659798e+23,9.985700488531793e+19,1.2140886625842846e+17,5.5408278916714274e+22,8.86359025642736e-21,1.0027755394395202e+20,0.0,0.0,9.976262363963394e+16,0.0,1.0069422425152021e+23,1.0015614507769358e+20,3.3564741417173403e+22
919245405405.4055,2199.840739502574,273475755.32276404,0,1.1846379323708259e+22,3.3564741417173403e+22,1.0079438039659798e+23,9.985700488531793e+19,1.2140886625842846e+17,5.5408278916714274e+22,6.4536595172422344e-21,1.0027755394395202e+20,0.0,0.0,9.976262363963394e+16,0.0,1.0069422425152021e+23,1.0015614507769358e+20,3.3564741417173403e+22
922404324324.3243,2197.778336545538,273398755.7028634,0,1.1846379323708259e+22,3.3564741417173403e+22,1.0079438039659798e+23,9.985700488531793e+19,1.2140886625842846e+17,5.5408278916714274e+22,4.698967343880694e-21,1.0027755394395202e+20,0.0,0.0,9.976262363963394e+16,0.0,1.0069422425152021e+23,1.0015614507769358e+20,3.3564741417173403e+22
925563243243.2433,2195.715933588502,273321854.7170825,0,1.1846379323708259e+22,3.3564741417173403e+22,1.0079438039659798e+23,9.985700488531793e+19,1.2140886625842846e+17,5.5408278916714274e+22,3.421360243729203e-21,1.0027755394395202e+20,0.0,0.0,9.976262363963394e+16,0.0,1.0069422425152021e+23,1.0015614507769358e+20,3.3564741417173403e+22
928722162162.1622,2193.6535306314663,273245052.6145446,0,1.1846379323708259e+22,3.3564741417173403e+22,1.0079438039659798e+23,9.985700488531793e+19,1.2140886625842846e+17,5.5408278916714274e+22,2.4911230618818192e-21,1.0027755394395202e+20,0.0,0.0,9.976262363963394e+16,0.0,1.0069422425152021e+23,1.0015614507769358e+20,3.3564741417173403e+22
931881081081.0812,2191.5911276744305,273168349.6440922,0,1.1846379323708259e+22,3.3564741417173403e+22,1.0079438039659798e+23,9.985700488531793e+19,1.2140886625842846e+17,5.5408278916714274e+22,1.8138090313095433e-21,1.0027755394395202e+20,0.0,0.0,9.976262363963394e+16,0.0,1.0069422425152021e+23,1.0015614507769358e+20,3.3564741417173403e+22
935040000000.0,2189.5287247173947,273091746.0542942,0,1.1846379323708259e+22,3.3564741417173403e+22,1.0079438039659798e+23,9.985700488531793e+19,1.2140886625842846e+17,5.5408278916714274e+22,1.3206506143357038e-21,1.0027755394395202e+20,0.0,0.0,9.976262363963394e+16,0.0,1.0069422425152021e+23,1.0015614507769358e+20,3.3564741417173403e+22
938198918918.919,2187.466321760359,273015242.09345233,0,1.1846379323708259e+22,3.3564741417173403e+22,1.0079438039659798e+23,9.985700488531793e+19,1.2140886625842846e+17,5.5408278916714274e+22,9.615775503587853e-22,1.0027755394395202e+20,0.0,0.0,9.976262363963394e+16,0.0,1.0069422425152021e+23,1.0015614507769358e+20,3.3564741417173403e+22
941357837837.8379,2185.403918803323,272938838.0096084,0,1.1846379323708259e+22,3.3564741417173403e+22,1.0079438039659798e+23,9.985700488531793e+19,1.2140886625842846e+17,5.5408278916714274e+22,7.001332338145303e-22,1.0027755394395202e+20,0.0,0.0,9.976262363963394e+16,0.0,1.0069422425152021e+23,1.0015614507769358e+20,3.3564741417173403e+22
944516756756.7568,2183.341515846287,272862534.0505508,0,1.1846379323708259e+22,3.3564741417173403e+22,1.0079438039659798e+23,9.985700488531793e+19,1.2140886625842846e+17,5.5408278916714274e+22,5.097732834015235e-22,1.0027755394395202e+20,0.0,0.0,9.976262363963394e+16,0.0,1.0069422425152021e+23,1.0015614507769358e+20,3.3564741417173403e+22
947675675675.6758,2181.2791128892513,272786330.4638217,0,1.1846379323708259e+22,3.3564741417173403e+22,1.0079438039659798e+23,9.985700488531793e+19,1.2140886625842846e+17,5.5408278916714274e+22,3.7117049715541836e-22,1.0027755394395202e+20,0.0,0.0,9.976262363963394e+16,0.0,1.0069422425152021e+23,1.0015614507769358e+20,3.3564741417173403e+22
950834594594.5946,2179.2167099322155,272710227.4967242,0,1.1846379323708259e+22,3.3564741417173403e+22,1.0079438039659798e+23,9.985700488531793e+19,1.2140886625842846e+17,5.5408278916714274e+22,2.702525660806113e-22,1.0027755394395202e+20,0.0,0.0,9.976262363963394e+16,0.0,1.0069422425152021e+23,1.0015614507769358e+20,3.3564741417173403e+22
953993513513.5137,2177.1543069751797,272634225.39632916,0,1.1846379323708259e+22,3.3564741417173403e+22,1.0079438039659798e+23,9.985700488531793e+19,1.2140886625842846e+17,5.5408278916714274e+22,1.9677331585590164e-22,1.0027755394395202e+20,0.0,0.0,9.976262363963394e+16,0.0,1.0069422425152021e+23,1.0015614507769358e+20,3.3564741417173403e+22
957152432432.4325,2175.091904018144,272558324.40948266,0,1.1846379323708259e+22,3.3564741417173403e+22,1.0079438039659798e+23,9.985700488531793e+19,1.2140886625842846e+17,5.5408278916714274e+22,1.4327241511326502e-22,1.0027755394395202e+20,0.0,0.0,9.976262363963394e+16,0.0,1.0069422425152021e+23,1.0015614507769358e+20,3.3564741417173403e+22
960311351351.3514,2173.029501061108,272482524.7828127,0,1.1846379323708259e+22,3.3564741417173403e+22,1.0079438039659798e+23,9.985700488531793e+19,1.2140886625842846e+17,5.5408278916714274e+22,1.043179297106513e-22,1.0027755394395202e+20,0.0,0.0,9.976262363963394e+16,0.0,1.0069422425152021e+23,1.0015614507769358e+20,3.3564741417173403e+22
963470270270.2704,2170.967098104072,272406826.7627371,0,1.1846379323708259e+22,3.3564741417173403e+22,1.0079438039659798e+23,9.985700488531793e+19,1.2140886625842846e+17,5.5408278916714274e+22,7.595481970840905e-23,1.0027755394395202e+20,0.0,0.0,9.976262363963394e+16,0.0,1.0069422425152021e+23,1.0015614507769358e+20,3.3564741417173403e+22
966629189189.1892,2168.9046951470364,272331230.59547013,0,1.1846379323708259e+22,3.3564741417173403e+22,1.0079438039659798e+23,9.985700488531793e+19,1.2140886625842846e+17,5.5408278916714274e+22,5.53033850742522e-23,1.0027755394395202e+20,0.0,0.0,9.976262363963394e+16,0.0,1.0069422425152021e+23,1.0015614507769358e+20,3.3564741417173403e+22
969788108108.1083,2166.8422921900005,272255736.5270304,0,1.1846379323708259e+22,3.3564741417173403e+22,1.0079438039659798e+23,9.985700488531793e+19,1.2140886625842846e+17,5.5408278916714274e+22,4.026689040158982e-23,1.0027755394395202e+20,0.0,0.0,9.976262363963394e+16,0.0,1.0069422425152021e+23,1.0015614507769358e+20,3.3564741417173403e+22
972947027027.0271,2164.7798892329647,272180344.8032483,0,1.1846379323708259e+22,3.3564741417173403e+22,1.0079438039659798e+23,9.985700488531793e+19,1.2140886625842846e+17,5.5408278916714274e+22,2.9318683846145575e-23,1.0027755394395202e+20,0.0,0.0,9.976262363963394e+16,0.0,1.0069422425152021e+23,1.0015614507769358e+20,3.3564741417173403e+22
976105945945.9459,2162.717486275929,272105055.6697728,0,1.1846379323708259e+22,3.3564741417173403e+22,1.0079438039659798e+23,9.985700488531793e+19,1.2140886625842846e+17,5.5408278916714274e+22,2.1347196515485068e-23,1.0027755394395202e+20,0.0,0.0,9.976262363963394e+16,0.0,1.0069422425152021e+23,1.0015614507769358e+20,3.3564741417173403e+22
979264864864.865,2160.655083318893,272029869.37207997,0,1.1846379323708259e+22,3.3564741417173403e+22,1.0079438039659798e+23,9.985700488531793e+19,1.2140886625842846e+17,5.5408278916714274e+22,1.5543085135134658e-23,1.0027755394395202e+20,0.0,0.0,9.976262363963394e+16,0.0,1.0069422425152021e+23,1.0015614507769358e+20,3.3564741417173403e+22
982423783783.7838,2158.592680361857,271954786.1554798,0,1.1846379323708259e+22,3.3564741417173403e+22,1.0079438039659798e+23,9.985700488531793e+19,1.2140886625842846e+17,5.5408278916714274e+22,1.1317059612150876e-23,1.0027755394395202e+20,0.0,0.0,9.976262363963394e+16,0.0,1.0069422425152021e+23,1.0015614507769358e+20,3.3564741417173403e+22
985582702702.7029,2156.5302774048214,271879806.26512396,0,1.1846379323708259e+22,3.3564741417173403e+22,1.0079438039659798e+23,9.985700488531793e+19,1.2140886625842846e+17,5.5408278916714274e+22,8.240052547577257e-24,1.0027755394395202e+20,0.0,0.0,9.976262363963394e+16,0.0,1.0069422425152021e+23,1.0015614507769358e+20,3.3564741417173403e+22
988741621621.6217,2154.4678744477856,271804929.94601417,0,1.1846379323708259e+22,3.3564741417173403e+22,1.0079438039659798e+23,9.985700488531793e+19,1.2140886625842846e+17,5.5408278916714274e+22,5.99965612215503e-24,1.0027755394395202e+20,0.0,0.0,9.976262363963394e+16,0.0,1.0069422425152021e+23,1.0015614507769358e+20,3.3564741417173403e+22
991900540540.5405,2152.4054714907497,271730157.4430092,0,1.1846379323708259e+22,3.3564741417173403e+22,1.0079438039659798e+23,9.985700488531793e+19,1.2140886625842846e+17,5.5408278916714274e+22,4.368403402317604e-24,1.0027755394395202e+20,0.0,0.0,9.976262363963394e+16,0.0,1.0069422425152021e+23,1.0015614507769358e+20,3.3564741417173403e+22
995059459459.4596,2150.343068533714,271655489.0008329,0,1.1846379323708259e+22,3.3564741417173403e+22,1.0079438039659798e+23,9.985700488531793e+19,1.2140886625842846e+17,5.5408278916714274e+22,3.180673674764809e-24,1.0027755394395202e+20,0.0,0.0,9.976262363963394e+16,0.0,1.0069422425152021e+23,1.0015614507769358e+20,3.3564741417173403e+22
998218378378.3784,2148.280665576678,271580924.8640824,0,1.1846379323708259e+22,3.3564741417173403e+22,1.0079438039659798e+23,9.985700488531793e+19,1.2140886625842846e+17,5.5408278916714274e+22,2.3158770135502108e-24,1.0027755394395202e+20,0.0,0.0,9.976262363963394e+16,0.0,1.0069422425152021e+23,1.0015614507769358e+20,3.3564741417173403e+22
1001377297297.2974,2146.2182626196422,271506465.27723557,0,1.1846379323708259e+22,3.3564741417173403e+22,1.0079438039659798e+23,9.985700488531793e+19,1.2140886625842846e+17,5.5408278916714274e+22,1.6862108126470484e-24,1.0027755394395202e+20,0.0,0.0,9.976262363963394e+16,0.0,1.0069422425152021e+23,1.0015614507769358e+20,3.3564741417173403e+22
1004536216216.2163,2144.1558596626064,271432110.4846597,0,1.1846379323708259e+22,3.3564741417173403e+22,1.0079438039659798e+23,9.985700488531793e+19,1.2140886625842846e+17,5.5408278916714274e+22,1.2277452075613746e-24,1.0027755394395202e+20,0.0,0.0,9.976262363963394e+16,0.0,1.0069422425152021e+23,1.0015614507769358e+20,3.3564741417173403e+22
1007695135135.1351,2142.0934567055706,271357860.73061866,0,1.1846379323708259e+22,3.3564741417173403e+22,1.0079438039659798e+23,9.985700488531793e+19,1.2140886625842846e+17,5.5408278916714274e+22,8.939322908999977e-25,1.0027755394395202e+20,0.0,0.0,9.976262363963394e+16,0.0,1.0069422425152021e+23,1.0015614507769358e+20,3.3564741417173403e+22
1010854054054.0542,2140.0310537485348,271283716.25928193,0,1.1846379323708259e+22,3.3564741417173403e+22,1.0079438039659798e+23,9.985700488531793e+19,1.2140886625842846e+17,5.5408278916714274e+22,6.508801140433452e-25,1.0027755394395202e+20,0.0,0.0,9.976262363963394e+16,0.0,1.0069422425152021e+23,1.0015614507769358e+20,3.3564741417173403e+22
1014012972972.973,2137.968650791499,271209677.31473213,0,1.1846379323708259e+22,3.3564741417173403e+22,1.0079438039659798e+23,9.985700488531793e+19,1.2140886625842846e+17,5.5408278916714274e+22,4.739116454005244e-25,1.0027755394395202e+20,0.0,0.0,9.976262363963394e+16,0.0,1.0069422425152021e+23,1.0015614507769358e+20,3.3564741417173403e+22
1017171891891.892,2135.906247834463,271135744.1409738,0,1.1846379323708259e+22,3.3564741417173403e+22,1.0079438039659798e+23,9.985700488531793e+19,1.2140886625842846e+17,5.5408278916714274e+22,3.4505931706998766e-25,1.0027755394395202e+20,0.0,0.0,9.976262363963394e+16,0.0,1.0069422425152021e+23,1.0015614507769358e+20,3.3564741417173403e+22
1020330810810.8109,2133.8438448774273,271061916.98194116,0,1.1846379323708259e+22,3.3564741417173403e+22,1.0079438039659798e+23,9.985700488531793e+19,1.2140886625842846e+17,5.5408278916714274e+22,2.5124078180475646e-25,1.0027755394395202e+20,0.0,0.0,9.976262363963394e+16,0.0,1.0069422425152021e+23,1.0015614507769358e+20,3.3564741417173403e+22
1023489729729.7297,2131.7814419203914,270988196.081507,0,1.1846379323708259e+22,3.3564741417173403e+22,1.0079438039659798e+23,9.985700488531793e+19,1.2140886625842846e+17,5.5408278916714274e+22,1.8293066530663295e-25,1.0027755394395202e+20,0.0,0.0,9.976262363963394e+16,0.0,1.0069422425152021e+23,1.0015614507769358e+20,3.3564741417173403e+22
1026648648648.6488,2129.7190389633556,270914581.68349075,0,1.1846379323708259e+22,3.3564741417173403e+22,1.0079438039659798e+23,9.985700488531793e+19,1.2140886625842846e+17,5.5408278916714274e+22,1.3319345716545543e-25,1.0027755394395202e+20,0.0,0.0,9.976262363963394e+16,0.0,1.0069422425152021e+23,1.0015614507769358e+20,3.3564741417173403e+22
1029807567567.5676,2127.65663600632,270841074.03166705,0,1.1846379323708259e+22,3.3564741417173403e+22,1.0079438039659798e+23,9.985700488531793e+19,1.2140886625842846e+17,5.5408278916714274e+22,9.697935008298879e-26,1.0027755394395202e+20,0.0,0.0,9.976262363963394e+16,0.0,1.0069422425152021e+23,1.0015614507769358e+20,3.3564741417173403e+22
1032966486486.4866,2125.594233049284,270767673.36977464,0,1.1846379323708259e+22,3.3564741417173403e+22,1.0079438039659798e+23,9.985700488531793e+19,1.2140886625842846e+17,5.5408278916714274e+22,7.061153409987576e-26,1.0027755394395202e+20,0.0,0.0,9.976262363963394e+16,0.0,1.0069422425152021e+23,1.0015614507769358e+20,3.3564741417173403e+22
1036125405405.4055,2123.531830092248,270694379.9415244,0,1.1846379323708259e+22,3.3564741417173403e+22,1.0079438039659798e+23,9.985700488531793e+19,1.2140886625842846e+17,5.5408278916714274e+22,5.141289092648305e-26,1.0027755394395202e+20,0.0,0.0,9.976262363963394e+16,0.0,1.0069422425152021e+23,1.0015614507769358e+20,3.3564741417173403e+22
1039284324324.3243,2121.4694271352123,270621193.9906085,0,1.1846379323708259e+22,3.3564741417173403e+22,1.0079438039659798e+23,9.985700488531793e+19,1.2140886625842846e+17,5.5408278916714274e+22,3.743418673894941e-26,1.0027755394395202e+20,0.0,0.0,9.976262363963394e+16,0.0,1.0069422425152021e+23,1.0015614507769358e+20,3.3564741417173403e+22
1042443243243.2433,2119.4070241781765,270548115.7607091,0,1.1846379323708259e+22,3.3564741417173403e+22,1.0079438039659798e+23,9.985700488531793e+19,1.2140886625842846e+17,5.5408278916714274e+22,2.725616691756015e-26,1.0027755394395202e+20,0.0,0.0,9.976262363963394e+16,0.0,1.0069422425152021e+23,1.0015614507769358e+20,3.3564741417173403e+22
1045602162162.1624,2117.3446212211406,270475145.4955069,0,1.1846379323708259e+22,3.3564741417173403e+22,1.0079438039659798e+23,9.985700488531793e+19,1.2140886625842846e+17,5.5408278916714274e+22,1.98454594517725e-26,1.0027755394395202e+20,0.0,0.0,9.976262363963394e+16,0.0,1.0069422425152021e+23,1.0015614507769358e+20,3.3564741417173403e+22
1048761081081.0812,2115.282218264105,270402283.4386902,0,1.1846379323708259e+22,3.3564741417173403e+22,1.0079438039659798e+23,9.985700488531793e+19,1.2140886625842846e+17,5.5408278916714274e+22,1.444965691776008e-26,1.0027755394395202e+20,0.0,0.0,9.976262363963394e+16,0.0,1.0069422425152021e+23,1.0015614507769358e+20,3.3564741417173403e+22
1051920000000.0001,2113.219815307069,270329529.833964,0,1.1846379323708259e+22,3.3564741417173403e+22,1.0079438039659798e+23,9.985700488531793e+19,1.2140886625842846e+17,5.5408278916714274e+22,1.052092472579784e-26,1.0027755394395202e+20,0.0,0.0,9.976262363963394e+16,0.0,1.0069422425152021e+23,1.0015614507769358e+20,3.3564741417173403e+22
1055078918918.919,2111.157412350033,270256884.92505866,0,1.1846379323708259e+22,3.3564741417173403e+22,1.0079438039659798e+23,9.985700488531793e+19,1.2140886625842846e+17,5.5408278916714274e+22,7.660379600421892e-27,1.0027755394395202e+20,0.0,0.0,9.976262363963394e+16,0.0,1.0069422425152021e+23,1.0015614507769358e+20,3.3564741417173403e+22
1058237837837.8378,2109.0950093929973,270184348.95573926,0,1.1846379323708259e+22,3.3564741417173403e+22,1.0079438039659798e+23,9.985700488531793e+19,1.2140886625842846e+17,5.5408278916714274e+22,5.577591053253146e-27,1.0027755394395202e+20,0.0,0.0,9.976262363963394e+16,0.0,1.0069422425152021e+23,1.0015614507769358e+20,3.3564741417173403e+22
1061396756756.757,2107.0326064359615,270111922.1698146,0,1.1846379323708259e+22,3.3564741417173403e+22,1.0079438039659798e+23,9.985700488531793e+19,1.2140886625842846e+17,5.5408278916714274e+22,4.061094042339129e-27,1.0027755394395202e+20,0.0,0.0,9.976262363963394e+16,0.0,1.0069422425152021e+23,1.0015614507769358e+20,3.3564741417173403e+22
1064555675675.6758,2104.9702034789257,270039604.81114644,0,1.1846379323708259e+22,3.3564741417173403e+22,1.0079438039659798e+23,9.985700488531793e+19,1.2140886625842846e+17,5.5408278916714274e+22,2.956918975101819e-27,1.0027755394395202e+20,0.0,0.0,9.976262363963394e+16,0.0,1.0069422425152021e+23,1.0015614507769358e+20,3.3564741417173403e+22
1067714594594.5947,2102.90780052189,269967397.1236588,0,1.1846379323708259e+22,3.3564741417173403e+22,1.0079438039659798e+23,9.985700488531793e+19,1.2140886625842846e+17,5.5408278916714274e+22,2.1529592110310117e-27,1.0027755394395202e+20,0.0,0.0,9.976262363963394e+16,0.0,1.0069422425152021e+23,1.0015614507769358e+20,3.3564741417173403e+22
1070873513513.5135,2100.845397564854,269895299.35134715,0,1.1846379323708259e+22,3.3564741417173403e+22,1.0079438039659798e+23,9.985700488531793e+19,1.2140886625842846e+17,5.5408278916714274e+22,1.5675889002686202e-27,1.0027755394395202e+20,0.0,0.0,9.976262363963394e+16,0.0,1.0069422425152021e+23,1.0015614507769358e+20,3.3564741417173403e+22
1074032432432.4324,2098.782994607818,269823311.7382882,0,1.1846379323708259e+22,3.3564741417173403e+22,1.0079438039659798e+23,9.985700488531793e+19,1.2140886625842846e+17,5.5408278916714274e+22,1.1413755298543768e-27,1.0027755394395202e+20,0.0,0.0,9.976262363963394e+16,0.0,1.0069422425152021e+23,1.0015614507769358e+20,3.3564741417173403e+22
1077191351351.3516,2096.7205916507824,269751434.5286489,0,1.1846379323708259e+22,3.3564741417173403e+22,1.0079438039659798e+23,9.985700488531793e+19,1.2140886625842846e+17,5.5408278916714274e+22,8.310457543601666e-28,1.0027755394395202e+20,0.0,0.0,9.976262363963394e+16,0.0,1.0069422425152021e+23,1.0015614507769358e+20,3.3564741417173403e+22
1080350270270.2704,2094.6581886937465,269679667.9666964,0,1.1846379323708259e+22,3.3564741417173403e+22,1.0079438039659798e+23,9.985700488531793e+19,1.2140886625842846e+17,5.5408278916714274e+22,6.050918630857398e-28,1.0027755394395202e+20,0.0,0.0,9.976262363963394e+16,0.0,1.0069422425152021e+23,1.0015614507769358e+20,3.3564741417173403e+22
1083509189189.1892,2092.5957857367107,269608012.2968071,0,1.1846379323708259e+22,3.3564741417173403e+22,1.0079438039659798e+23,9.985700488531793e+19,1.2140886625842846e+17,5.5408278916714274e+22,4.4057280944111785e-28,1.0027755394395202e+20,0.0,0.0,9.976262363963394e+16,0.0,1.0069422425152021e+23,1.0015614507769358e+20,3.3564741417173403e+22
1086668108108.1082,2090.533382779675,269536467.76347727,0,1.1846379323708259e+22,3.3564741417173403e+22,1.0079438039659798e+23,9.985700488531793e+19,1.2140886625842846e+17,5.5408278916714274e+22,3.2078501176495824e-28,1.0027755394395202e+20,0.0,0.0,9.976262363963394e+16,0.0,1.0069422425152021e+23,1.0015614507769358e+20,3.3564741417173403e+22
1089827027027.027,2088.470979822639,269465034.6113316,0,1.1846379323708259e+22,3.3564741417173403e+22,1.0079438039659798e+23,9.985700488531793e+19,1.2140886625842846e+17,5.5408278916714274e+22,2.33566442521908e-28,1.0027755394395202e+20,0.0,0.0,9.976262363963394e+16,0.0,1.0069422425152021e+23,1.0015614507769358e+20,3.3564741417173403e+22
1092985945945.9462,2086.408576865603,269393713.0851342,0,1.1846379323708259e+22,3.3564741417173403e+22,1.0079438039659798e+23,9.985700488531793e+19,1.2140886625842846e+17,5.5408278916714274e+22,1.7006182044537478e-28,1.0027755394395202e+20,0.0,0.0,9.976262363963394e+16,0.0,1.0069422425152021e+23,1.0015614507769358e+20,3.3564741417173403e+22
1096144864864.865,2084.3461739085674,269322503.42979765,0,1.1846379323708259e+22,3.3564741417173403e+22,1.0079438039659798e+23,9.985700488531793e+19,1.2140886625842846e+17,5.5408278916714274e+22,1.2382353586809527e-28,1.0027755394395202e+20,0.0,0.0,9.976262363963394e+16,0.0,1.0069422425152021e+23,1.0015614507769358e+20,3.3564741417173403e+22
1099303783783.7838,2082.2837709515316,269251405.8903932,0,1.1846379323708259e+22,3.3564741417173403e+22,1.0079438039659798e+23,9.985700488531793e+19,1.2140886625842846e+17,5.5408278916714274e+22,9.015702639618823e-29,1.0027755394395202e+20,0.0,0.0,9.976262363963394e+16,0.0,1.0069422425152021e+23,1.0015614507769358e+20,3.3564741417173403e+22
1102462702702.7026,2080.2213679944957,269180420.71216106,0,1.1846379323708259e+22,3.3564741417173403e+22,1.0079438039659798e+23,9.985700488531793e+19,1.2140886625842846e+17,5.5408278916714274e+22,6.564413906950414e-29,1.0027755394395202e+20,0.0,0.0,9.976262363963394e+16,0.0,1.0069422425152021e+23,1.0015614507769358e+20,3.3564741417173403e+22
1105621621621.6216,2078.15896503746,269109548.14052016,0,1.1846379323708259e+22,3.3564741417173403e+22,1.0079438039659798e+23,9.985700488531793e+19,1.2140886625842846e+17,5.5408278916714274e+22,4.779608607808507e-29,1.0027755394395202e+20,0.0,0.0,9.976262363963394e+16,0.0,1.0069422425152021e+23,1.0015614507769358e+20,3.3564741417173403e+22
1108780540540.5408,2076.096562080424,269038788.4210785,0,1.1846379323708259e+22,3.3564741417173403e+22,1.0079438039659798e+23,9.985700488531793e+19,1.2140886625842846e+17,5.5408278916714274e+22,3.480075870847999e-29,1.0027755394395202e+20,0.0,0.0,9.976262363963394e+16,0.0,1.0069422425152021e+23,1.0015614507769358e+20,3.3564741417173403e+22
1111939459459.4595,2074.0341591233882,268968141.79964346,0,1.1846379323708259e+22,3.3564741417173403e+22,1.0079438039659798e+23,9.985700488531793e+19,1.2140886625842846e+17,5.5408278916714274e+22,2.5338744363027296e-29,1.0027755394395202e+20,0.0,0.0,9.976262363963394e+16,0.0,1.0069422425152021e+23,1.0015614507769358e+20,3.3564741417173403e+22
1115098378378.3784,2071.9717561663524,268897608.5222318,0,1.1846379323708259e+22,3.3564741417173403e+22,1.0079438039659798e+23,9.985700488531793e+19,1.2140886625842846e+17,5.5408278916714274e+22,1.8449366902405988e-29,1.0027755394395202e+20,0.0,0.0,9.976262363963394e+16,0.0,1.0069422425152021e+23,1.0015614507769358e+20,3.3564741417173403e+22
1118257297297.2974,2069.9093532093166,268827188.8350805,0,1.1846379323708259e+22,3.3564741417173403e+22,1.0079438039659798e+23,9.985700488531793e+19,1.2140886625842846e+17,5.5408278916714274e+22,1.3433149418258206e-29,1.0027755394395202e+20,0.0,0.0,9.976262363963394e+16,0.0,1.0069422425152021e+23,1.0015614507769358e+20,3.3564741417173403e+22
1121416216216.2163,2067.8469502522807,268756882.9846569,0,1.1846379323708259e+22,3.3564741417173403e+22,1.0079438039659798e+23,9.985700488531793e+19,1.2140886625842846e+17,5.5408278916714274e+22,9.780796503630609e-30,1.0027755394395202e+20,0.0,0.0,9.976262363963394e+16,0.0,1.0069422425152021e+23,1.0015614507769358e+20,3.3564741417173403e+22
1124575135135.1353,2065.784547295245,268686691.21766925,0,1.1846379323708259e+22,3.3564741417173403e+22,1.0079438039659798e+23,9.985700488531793e+19,1.2140886625842846e+17,5.5408278916714274e+22,7.121485607493295e-30,1.0027755394395202e+20,0.0,0.0,9.976262363963394e+16,0.0,1.0069422425152021e+23,1.0015614507769358e+20,3.3564741417173403e+22
1127734054054.0542,2063.722144338209,268616613.7810778,0,1.1846379323708259e+22,3.3564741417173403e+22,1.0079438039659798e+23,9.985700488531793e+19,1.2140886625842846e+17,5.5408278916714274e+22,5.185217506458564e-30,1.0027755394395202e+20,0.0,0.0,9.976262363963394e+16,0.0,1.0069422425152021e+23,1.0015614507769358e+20,3.3564741417173403e+22
1130892972972.9731,2061.6597413811733,268546650.92210454,0,1.1846379323708259e+22,3.3564741417173403e+22,1.0079438039659798e+23,9.985700488531793e+19,1.2140886625842846e+17,5.5408278916714274e+22,3.775403345756138e-30,1.0027755394395202e+20,0.0,0.0,9.976262363963394e+16,0.0,1.0069422425152021e+23,1.0015614507769358e+20,3.3564741417173403e+22
1134051891891.8918,2059.5973384241374,268476802.8882451,0,1.1846379323708259e+22,3.3564741417173403e+22,1.0079438039659798e+23,9.985700488531793e+19,1.2140886625842846e+17,5.5408278916714274e+22,2.7489050180426684e-30,1.0027755394395202e+20,0.0,0.0,9.976262363963394e+16,0.0,1.0069422425152021e+23,1.0015614507769358e+20,3.3564741417173403e+22
1137210810810.8108,2057.5349354671016,268407069.92727867,0,1.1846379323708259e+22,3.3564741417173403e+22,1.0079438039659798e+23,9.985700488531793e+19,1.2140886625842846e+17,5.5408278916714274e+22,2.0015023842986905e-30,1.0027755394395202e+20,0.0,0.0,9.976262363963394e+16,0.0,1.0069422425152021e+23,1.0015614507769358e+20,3.3564741417173403e+22
1140369729729.73,2055.472532510066,268337452.2872794,0,1.1846379323708259e+22,3.3564741417173403e+22,1.0079438039659798e+23,9.985700488531793e+19,1.2140886625842846e+17,5.5408278916714274e+22,1.4573118270946246e-30,1.0027755394395202e+20,0.0,0.0,9.976262363963394e+16,0.0,1.0069422425152021e+23,1.0015614507769358e+20,3.3564741417173403e+22
1143528648648.6487,2053.41012955303,268267950.21662727,0,1.1846379323708259e+22,3.3564741417173403e+22,1.0079438039659798e+23,9.985700488531793e+19,1.2140886625842846e+17,5.5408278916714274e+22,1.061081804373678e-30,1.0027755394395202e+20,0.0,0.0,9.976262363963394e+16,0.0,1.0069422425152021e+23,1.0015614507769358e+20,3.3564741417173403e+22
1146687567567.5676,2051.347726595994,268198563.96401912,0,1.1846379323708259e+22,3.3564741417173403e+22,1.0079438039659798e+23,9.985700488531793e+19,1.2140886625842846e+17,5.5408278916714274e+22,7.725831730999839e-31,1.0027755394395202e+20,0.0,0.0,9.976262363963394e+16,0.0,1.0069422425152021e+23,1.0015614507769358e+20,3.3564741417173403e+22
1149846486486.4866,2049.2853236389583,268129293.77848,0,1.1846379323708259e+22,3.3564741417173403e+22,1.0079438039659798e+23,9.985700488531793e+19,1.2140886625842846e+17,5.5408278916714274e+22,5.625247336227402e-31,1.0027755394395202e+20,0.0,0.0,9.976262363963394e+16,0.0,1.0069422425152021e+23,1.0015614507769358e+20,3.3564741417173403e+22
1153005405405.4053,2047.2229206819225,268060139.90937394,0,1.1846379323708259e+22,3.3564741417173403e+22,1.0079438039659798e+23,9.985700488531793e+19,1.2140886625842846e+17,5.5408278916714274e+22,4.0957930091545425e-31,1.0027755394395202e+20,0.0,0.0,9.976262363963394e+16,0.0,1.0069422425152021e+23,1.0015614507769358e+20,3.3564741417173403e+22
1156164324324.3245,2045.1605177248866,267991102.606416,0,1.1846379323708259e+22,3.3564741417173403e+22,1.0079438039659798e+23,9.985700488531793e+19,1.2140886625842846e+17,5.5408278916714274e+22,2.9821836038750614e-31,1.0027755394395202e+20,0.0,0.0,9.976262363963394e+16,0.0,1.0069422425152021e+23,1.0015614507769358e+20,3.3564741417173403e+22
1159323243243.2434,2043.0981147678508,267922182.11968273,0,1.1846379323708259e+22,3.3564741417173403e+22,1.0079438039659798e+23,9.985700488531793e+19,1.2140886625842846e+17,5.5408278916714274e+22,2.1713546137081366e-31,1.0027755394395202e+20,0.0,0.0,9.976262363963394e+16,0.0,1.0069422425152021e+23,1.0015614507769358e+20,3.3564741417173403e+22
1162482162162.1624,2041.035711810815,267853378.6996245,0,1.1846379323708259e+22,3.3564741417173403e+22,1.0079438039659798e+23,9.985700488531793e+19,1.2140886625842846e+17,5.5408278916714274e+22,1.580982757850726e-31,1.0027755394395202e+20,0.0,0.0,9.976262363963394e+16,0.0,1.0069422425152021e+23,1.0015614507769358e+20,3.3564741417173403e+22
1165641081081.081,2038.9733088537791,267784692.59707642,0,1.1846379323708259e+22,3.3564741417173403e+22,1.0079438039659798e+23,9.985700488531793e+19,1.2140886625842846e+17,5.5408278916714274e+22,1.1511277176199002e-31,1.0027755394395202e+20,0.0,0.0,9.976262363963394e+16,0.0,1.0069422425152021e+23,1.0015614507769358e+20,3.3564741417173403e+22
1168800000000.0,2036.9109058967433,267716124.0632703,0,1.1846379323708259e+22,3.3564741417173403e+22,1.0079438039659798e+23,9.985700488531793e+19,1.2140886625842846e+17,5.5408278916714274e+22,8.381464096890007e-32,1.0027755394395202e+20,0.0,0.0,9.976262363963394e+16,0.0,1.0069422425152021e+23,1.0015614507769358e+20,3.3564741417173403e+22
1171958918918.9192,2034.8485029397075,267647673.34984633,0,1.1846379323708259e+22,3.3564741417173403e+22,1.0079438039659798e+23,9.985700488531793e+19,1.2140886625842846e+17,5.5408278916714274e+22,6.102619138795879e-32,1.0027755394395202e+20,0.0,0.0,9.976262363963394e+16,0.0,1.0069422425152021e+23,1.0015614507769358e+20,3.3564741417173403e+22
1175117837837.838,2032.7860999826717,267579340.70886457,0,1.1846379323708259e+22,3.3564741417173403e+22,1.0079438039659798e+23,9.985700488531793e+19,1.2140886625842846e+17,5.5408278916714274e+22,4.443371697674707e-32,1.0027755394395202e+20,0.0,0.0,9.976262363963394e+16,0.0,1.0069422425152021e+23,1.0015614507769358e+20,3.3564741417173403e+22
1178276756756.7568,2030.7236970256358,267511126.39281738,0,1.1846379323708259e+22,3.3564741417173403e+22,1.0079438039659798e+23,9.985700488531793e+19,1.2140886625842846e+17,5.5408278916714274e+22,3.2352587626158584e-32,1.0027755394395202e+20,0.0,0.0,9.976262363963394e+16,0.0,1.0069422425152021e+23,1.0015614507769358e+20,3.3564741417173403e+22
1181435675675.6758,2028.6612940686,267443030.65464061,0,1.1846379323708259e+22,3.3564741417173403e+22,1.0079438039659798e+23,9.985700488531793e+19,1.2140886625842846e+17,5.5408278916714274e+22,2.355620905304907e-32,1.0027755394395202e+20,0.0,0.0,9.976262363963394e+16,0.0,1.0069422425152021e+23,1.0015614507769358e+20,3.3564741417173403e+22
1184594594594.5945,2026.5988911115642,267375053.7477265,0,1.1846379323708259e+22,3.3564741417173403e+22,1.0079438039659798e+23,9.985700488531793e+19,1.2140886625842846e+17,5.5408278916714274e+22,1.7151486964903308e-32,1.0027755394395202e+20,0.0,0.0,9.976262363963394e+16,0.0,1.0069422425152021e+23,1.0015614507769358e+20,3.3564741417173403e+22
1187753513513.5137,2024.5364881545283,267307195.925935,0,1.1846379323708259e+22,3.3564741417173403e+22,1.0079438039659798e+23,9.985700488531793e+19,1.2140886625842846e+17,5.5408278916714274e+22,1.2488151401813562e-32,1.0027755394395202e+20,0.0,0.0,9.976262363963394e+16,0.0,1.0069422425152021e+23,1.0015614507769358e+20,3.3564741417173403e+22
1190912432432.4326,2022.4740851974925,267239457.44360647,0,1.1846379323708259e+22,3.3564741417173403e+22,1.0079438039659798e+23,9.985700488531793e+19,1.2140886625842846e+17,5.5408278916714274e+22,9.092734977074755e-33,1.0027755394395202e+20,0.0,0.0,9.976262363963394e+16,0.0,1.0069422425152021e+23,1.0015614507769358e+20,3.3564741417173403e+22
1194071351351.3513,2020.4116822404567,267171838.55557382,0,1.1846379323708259e+22,3.3564741417173403e+22,1.0079438039659798e+23,9.985700488531793e+19,1.2140886625842846e+17,5.5408278916714274e+22,6.620501842355303e-33,1.0027755394395202e+20,0.0,0.0,9.976262363963394e+16,0.0,1.0069422425152021e+23,1.0015614507769358e+20,3.3564741417173403e+22
1197230270270.2703,2018.3492792834209,267104339.51717472,0,1.1846379323708259e+22,3.3564741417173403e+22,1.0079438039659798e+23,9.985700488531793e+19,1.2140886625842846e+17,5.5408278916714274e+22,4.8204467363383926e-33,1.0027755394395202e+20,0.0,0.0,9.976262363963394e+16,0.0,1.0069422425152021e+23,1.0015614507769358e+20,3.3564741417173403e+22
1200389189189.1892,2016.286876326385,267036960.58426443,0,1.1846379323708259e+22,3.3564741417173403e+22,1.0079438039659798e+23,9.985700488531793e+19,1.2140886625842846e+17,5.5408278916714274e+22,3.5098104782958265e-33,1.0027755394395202e+20,0.0,0.0,9.976262363963394e+16,0.0,1.0069422425152021e+23,1.0015614507769358e+20,3.3564741417173403e+22
1203548108108.1082,2014.2244733693492,266969702.01322782,0,1.1846379323708259e+22,3.3564741417173403e+22,1.0079438039659798e+23,9.985700488531793e+19,1.2140886625842846e+17,5.5408278916714274e+22,2.55552447052086e-33,1.0027755394395202e+20,0.0,0.0,9.976262363963394e+16,0.0,1.0069422425152021e+23,1.0015614507769358e+20,3.3564741417173403e+22
1206707027027.027,2012.1620704123134,266902564.06099254,0,1.1846379323708259e+22,3.3564741417173403e+22,1.0079438039659798e+23,9.985700488531793e+19,1.2140886625842846e+17,5.5408278916714274e+22,1.860700274221609e-33,1.0027755394395202e+20,0.0,0.0,9.976262363963394e+16,0.0,1.0069422425152021e+23,1.0015614507769358e+20,3.3564741417173403e+22
1209865945945.946,2010.0996674552775,266835546.98504132,0,1.1846379323708259e+22,3.3564741417173403e+22,1.0079438039659798e+23,9.985700488531793e+19,1.2140886625842846e+17,5.5408278916714274e+22,1.354792548624163e-33,1.0027755394395202e+20,0.0,0.0,9.976262363963394e+16,0.0,1.0069422425152021e+23,1.0015614507769358e+20,3.3564741417173403e+22
1213024864864.865,2008.0372644982417,266768651.04342484,0,1.1846379323708259e+22,3.3564741417173403e+22,1.0079438039659798e+23,9.985700488531793e+19,1.2140886625842846e+17,5.5408278916714274e+22,9.864365987560187e-34,1.0027755394395202e+20,0.0,0.0,9.976262363963394e+16,0.0,1.0069422425152021e+23,1.0015614507769358e+20,3.3564741417173403e+22
1216183783783.7837,2005.9748615412059,266701876.49477488,0,1.1846379323708259e+22,3.3564741417173403e+22,1.0079438039659798e+23,9.985700488531793e+19,1.2140886625842846e+17,5.5408278916714274e+22,7.182333297843383e-34,1.0027755394395202e+20,0.0,0.0,9.976262363963394e+16,0.0,1.0069422425152021e+23,1.0015614507769358e+20,3.3564741417173403e+22
1219342702702.703,2003.91245858417,266635223.59831682,0,1.1846379323708259e+22,3.3564741417173403e+22,1.0079438039659798e+23,9.985700488531793e+19,1.2140886625842846e+17,5.5408278916714274e+22,5.229521255229588e-34,1.0027755394395202e+20,0.0,0.0,9.976262363963394e+16,0.0,1.0069422425152021e+23,1.0015614507769358e+20,3.3564741417173403e+22
1222501621621.6218,2001.8500556271342,266568692.6138832,0,1.1846379323708259e+22,3.3564741417173403e+22,1.0079438039659798e+23,9.985700488531793e+19,1.2140886625842846e+17,5.5408278916714274e+22,3.8076613023666994e-34,1.0027755394395202e+20,0.0,0.0,9.976262363963394e+16,0.0,1.0069422425152021e+23,1.0015614507769358e+20,3.3564741417173403e+22
1225660540540.5405,1999.7876526700984,266502283.8019265,0,1.1846379323708259e+22,3.3564741417173403e+22,1.0079438039659798e+23,9.985700488531793e+19,1.2140886625842846e+17,5.5408278916714274e+22,2.7723923254050073e-34,1.0027755394395202e+20,0.0,0.0,9.976262363963394e+16,0.0,1.0069422425152021e+23,1.0015614507769358e+20,3.3564741417173403e+22
1228819459459.4595,1997.7252497130626,266435997.42353237,0,1.1846379323708259e+22,3.3564741417173403e+22,1.0079438039659798e+23,9.985700488531793e+19,1.2140886625842846e+17,5.5408278916714274e+22,2.0186037033249663e-34,1.0027755394395202e+20,0.0,0.0,9.976262363963394e+16,0.0,1.0069422425152021e+23,1.0015614507769358e+20,3.3564741417173403e+22
1231978378378.3784,1995.6628467560267,266369833.7404333,0,1.1846379323708259e+22,3.3564741417173403e+22,1.0079438039659798e+23,9.985700488531793e+19,1.2140886625842846e+17,5.5408278916714274e+22,1.4697634507706277e-34,1.0027755394395202e+20,0.0,0.0,9.976262363963394e+16,0.0,1.0069422425152021e+23,1.0015614507769358e+20,3.3564741417173403e+22
1235137297297.2974,1993.600443798991,266303793.0150218,0,1.1846379323708259e+22,3.3564741417173403e+22,1.0079438039659798e+23,9.985700488531793e+19,1.2140886625842846e+17,5.5408278916714274e+22,1.0701479431861626e-34,1.0027755394395202e+20,0.0,0.0,9.976262363963394e+16,0.0,1.0069422425152021e+23,1.0015614507769358e+20,3.3564741417173403e+22
1238296216216.2163,1991.538040841955,266237875.51036364,0,1.1846379323708259e+22,3.3564741417173403e+22,1.0079438039659798e+23,9.985700488531793e+19,1.2140886625842846e+17,5.5408278916714274e+22,7.791843100364981e-35,1.0027755394395202e+20,0.0,0.0,9.976262363963394e+16,0.0,1.0069422425152021e+23,1.0015614507769358e+20,3.3564741417173403e+22
1241455135135.1353,1989.4756378849193,266172081.49021196,0,1.1846379323708259e+22,3.3564741417173403e+22,1.0079438039659798e+23,9.985700488531793e+19,1.2140886625842846e+17,5.5408278916714274e+22,5.673310805975523e-35,1.0027755394395202e+20,0.0,0.0,9.976262363963394e+16,0.0,1.0069422425152021e+23,1.0015614507769358e+20,3.3564741417173403e+22
1244614054054.0542,1987.4132349278834,266106411.2190206,0,1.1846379323708259e+22,3.3564741417173403e+22,1.0079438039659798e+23,9.985700488531793e+19,1.2140886625842846e+17,5.5408278916714274e+22,4.130788452309952e-35,1.0027755394395202e+20,0.0,0.0,9.976262363963394e+16,0.0,1.0069422425152021e+23,1.0015614507769358e+20,3.3564741417173403e+22
1247772972972.973,1985.3508319708476,266040864.96195808,0,1.1846379323708259e+22,3.3564741417173403e+22,1.0079438039659798e+23,9.985700488531793e+19,1.2140886625842846e+17,5.5408278916714274e+22,3.0076640997290127e-35,1.0027755394395202e+20,0.0,0.0,9.976262363963394e+16,0.0,1.0069422425152021e+23,1.0015614507769358e+20,3.3564741417173403e+22
1250931891891.892,1983.2884290138118,265975442.98492098,0,1.1846379323708259e+22,3.3564741417173403e+22,1.0079438039659798e+23,9.985700488531793e+19,1.2140886625842846e+17,5.5408278916714274e+22,2.189907191141718e-35,1.0027755394395202e+20,0.0,0.0,9.976262363963394e+16,0.0,1.0069422425152021e+23,1.0015614507769358e+20,3.3564741417173403e+22
1254090810810.811,1981.226026056776,265910145.55454877,0,1.1846379323708259e+22,3.3564741417173403e+22,1.0079438039659798e+23,9.985700488531793e+19,1.2140886625842846e+17,5.5408278916714274e+22,1.5944910557818928e-35,1.0027755394395202e+20,0.0,0.0,9.976262363963394e+16,0.0,1.0069422425152021e+23,1.0015614507769358e+20,3.3564741417173403e+22
1257249729729.7297,1979.16362309974,265844972.938237,0,1.1846379323708259e+22,3.3564741417173403e+22,1.0079438039659798e+23,9.985700488531793e+19,1.2140886625842846e+17,5.5408278916714274e+22,1.1609632304293966e-35,1.0027755394395202e+20,0.0,0.0,9.976262363963394e+16,0.0,1.0069422425152021e+23,1.0015614507769358e+20,3.3564741417173403e+22
1260408648648.6487,1977.1012201427043,265779925.40415186,0,1.1846379323708259e+22,3.3564741417173403e+22,1.0079438039659798e+23,9.985700488531793e+19,1.2140886625842846e+17,5.5408278916714274e+22,8.453077347292613e-36,1.0027755394395202e+20,0.0,0.0,9.976262363963394e+16,0.0,1.0069422425152021e+23,1.0015614507769358e+20,3.3564741417173403e+22
1263567567567.5676,1975.0388171856684,265715003.2212444,0,1.1846379323708259e+22,3.3564741417173403e+22,1.0079438039659798e+23,9.985700488531793e+19,1.2140886625842846e+17,5.5408278916714274e+22,6.154761388341576e-36,1.0027755394395202e+20,0.0,0.0,9.976262363963394e+16,0.0,1.0069422425152021e+23,1.0015614507769358e+20,3.3564741417173403e+22
1266726486486.4866,1972.9764142286326,265650206.65926465,0,1.1846379323708259e+22,3.3564741417173403e+22,1.0079438039659798e+23,9.985700488531793e+19,1.2140886625842846e+17,5.5408278916714274e+22,4.481336936962139e-36,1.0027755394395202e+20,0.0,0.0,9.976262363963394e+16,0.0,1.0069422425152021e+23,1.0015614507769358e+20,3.3564741417173403e+22
1269885405405.4055,1970.9140112715968,265585535.9887764,0,1.1846379323708259e+22,3.3564741417173403e+22,1.0079438039659798e+23,9.985700488531793e+19,1.2140886625842846e+17,5.5408278916714274e+22,3.2629015936542226e-36,1.0027755394395202e+20,0.0,0.0,9.976262363963394e+16,0.0,1.0069422425152021e+23,1.0015614507769358e+20,3.3564741417173403e+22
1273044324324.3245,1968.851608314561,265520991.48117113,0,1.1846379323708259e+22,3.3564741417173403e+22,1.0079438039659798e+23,9.985700488531793e+19,1.2140886625842846e+17,5.5408278916714274e+22,2.3757478983690204e-36,1.0027755394395202e+20,0.0,0.0,9.976262363963394e+16,0.0,1.0069422425152021e+23,1.0015614507769358e+20,3.3564741417173403e+22
1276203243243.2432,1966.7892053575251,265456573.40868333,0,1.1846379323708259e+22,3.3564741417173403e+22,1.0079438039659798e+23,9.985700488531793e+19,1.2140886625842846e+17,5.5408278916714274e+22,1.72980334055485e-36,1.0027755394395202e+20,0.0,0.0,9.976262363963394e+16,0.0,1.0069422425152021e+23,1.0015614507769358e+20,3.3564741417173403e+22
1279362162162.162,1964.7268024004893,265392282.04440463,0,1.1846379323708259e+22,3.3564741417173403e+22,1.0079438039659798e+23,9.985700488531793e+19,1.2140886625842846e+17,5.5408278916714274e+22,1.2594853178861751e-36,1.0027755394395202e+20,0.0,0.0,9.976262363963394e+16,0.0,1.0069422425152021e+23,1.0015614507769358e+20,3.3564741417173403e+22
1282521081081.0813,1962.6643994434535,265328117.6622988,0,1.1846379323708259e+22,3.3564741417173403e+22,1.0079438039659798e+23,9.985700488531793e+19,1.2140886625842846e+17,5.5408278916714274e+22,9.170425497397979e-37,1.0027755394395202e+20,0.0,0.0,9.976262363963394e+16,0.0,1.0069422425152021e+23,1.0015614507769358e+20,3.3564741417173403e+22
1285680000000.0,1960.6019964864176,265264080.53721666,0,1.1846379323708259e+22,3.3564741417173403e+22,1.0079438039659798e+23,9.985700488531793e+19,1.2140886625842846e+17,5.5408278916714274e+22,6.6770690066056905e-37,1.0027755394395202e+20,0.0,0.0,9.976262363963394e+16,0.0,1.0069422425152021e+23,1.0015614507769358e+20,3.3564741417173403e+22
1288838918918.919,1958.5395935293818,265200170.9449109,0,1.1846379323708259e+22,3.3564741417173403e+22,1.0079438039659798e+23,9.985700488531793e+19,1.2140886625842846e+17,5.5408278916714274e+22,4.861633795686403e-37,1.0027755394395202e+20,0.0,0.0,9.976262363963394e+16,0.0,1.0069422425152021e+23,1.0015614507769358e+20,3.3564741417173403e+22
1291997837837.838,1956.477190572346,265136389.16205156,0,1.1846379323708259e+22,3.3564741417173403e+22,1.0079438039659798e+23,9.985700488531793e+19,1.2140886625842846e+17,5.5408278916714274e+22,3.53979914540008e-37,1.0027755394395202e+20,0.0,0.0,9.976262363963394e+16,0.0,1.0069422425152021e+23,1.0015614507769358e+20,3.3564741417173403e+22
1295156756756.7568,1954.4147876153102,265072735.46624058,0,1.1846379323708259e+22,3.3564741417173403e+22,1.0079438039659798e+23,9.985700488531793e+19,1.2140886625842846e+17,5.5408278916714274e+22,2.5773594878521757e-37,1.0027755394395202e+20,0.0,0.0,9.976262363963394e+16,0.0,1.0069422425152021e+23,1.0015614507769358e+20,3.3564741417173403e+22
1298315675675.6758,1952.3523846582743,265009210.13602757,0,1.1846379323708259e+22,3.3564741417173403e+22,1.0079438039659798e+23,9.985700488531793e+19,1.2140886625842846e+17,5.5408278916714274e+22,1.876598546065483e-37,1.0027755394395202e+20,0.0,0.0,9.976262363963394e+16,0.0,1.0069422425152021e+23,1.0015614507769358e+20,3.3564741417173403e+22
1301474594594.5947,1950.2899817012385,264945813.45092496,0,1.1846379323708259e+22,3.3564741417173403e+22,1.0079438039659798e+23,9.985700488531793e+19,1.2140886625842846e+17,5.5408278916714274e+22,1.3663682228627732e-37,1.0027755394395202e+20,0.0,0.0,9.976262363963394e+16,0.0,1.0069422425152021e+23,1.0015614507769358e+20,3.3564741417173403e+22
1304633513513.5137,1948.2275787442027,264882545.69142354,0,1.1846379323708259e+22,3.3564741417173403e+22,1.0079438039659798e+23,9.985700488531793e+19,1.2140886625842846e+17,5.5408278916714274e+22,9.948649509312933e-38,1.0027755394395202e+20,0.0,0.0,9.976262363963394e+16,0.0,1.0069422425152021e+23,1.0015614507769358e+20,3.3564741417173403e+22
1307792432432.4324,1946.1651757871668,264819407.13900775,0,1.1846379323708259e+22,3.3564741417173403e+22,1.0079438039659798e+23,9.985700488531793e+19,1.2140886625842846e+17,5.5408278916714274e+22,7.243700885533018e-38,1.0027755394395202e+20,0.0,0.0,9.976262363963394e+16,0.0,1.0069422425152021e+23,1.0015614507769358e+20,3.3564741417173403e+22
1310951351351.3513,1944.102772830131,264756398.07617164,0,1.1846379323708259e+22,3.3564741417173403e+22,1.0079438039659798e+23,9.985700488531793e+19,1.2140886625842846e+17,5.5408278916714274e+22,5.274203545913797e-38,1.0027755394395202e+20,0.0,0.0,9.976262363963394e+16,0.0,1.0069422425152021e+23,1.0015614507769358e+20,3.3564741417173403e+22
1314110270270.2705,1942.0403698730952,264693518.78643468,0,1.1846379323708259e+22,3.3564741417173403e+22,1.0079438039659798e+23,9.985700488531793e+19,1.2140886625842846e+17,5.5408278916714274e+22,3.840194878737428e-38,1.0027755394395202e+20,0.0,0.0,9.976262363963394e+16,0.0,1.0069422425152021e+23,1.0015614507769358e+20,3.3564741417173403e+22
1317269189189.1892,1939.9779669160594,264630769.55435705,0,1.1846379323708259e+22,3.3564741417173403e+22,1.0079438039659798e+23,9.985700488531793e+19,1.2140886625842846e+17,5.5408278916714274e+22,2.7960803139853264e-38,1.0027755394395202e+20,0.0,0.0,9.976262363963394e+16,0.0,1.0069422425152021e+23,1.0015614507769358e+20,3.3564741417173403e+22
1320428108108.1082,1937.9155639590235,264568150.66555613,0,1.1846379323708259e+22,3.3564741417173403e+22,1.0079438039659798e+23,9.985700488531793e+19,1.2140886625842846e+17,5.5408278916714274e+22,2.0358511401449215e-38,1.0027755394395202e+20,0.0,0.0,9.976262363963394e+16,0.0,1.0069422425152021e+23,1.0015614507769358e+20,3.3564741417173403e+22
1323587027027.027,1935.8531610019877,264505662.4067223,0,1.1846379323708259e+22,3.3564741417173403e+22,1.0079438039659798e+23,9.985700488531793e+19,1.2140886625842846e+17,5.5408278916714274e+22,1.4823214641219808e-38,1.0027755394395202e+20,0.0,0.0,9.976262363963394e+16,0.0,1.0069422425152021e+23,1.0015614507769358e+20,3.3564741417173403e+22
1326745945945.946,1933.7907580449519,264443305.06563506,0,1.1846379323708259e+22,3.3564741417173403e+22,1.0079438039659798e+23,9.985700488531793e+19,1.2140886625842846e+17,5.5408278916714274e+22,1.0792915452749262e-38,1.0027755394395202e+20,0.0,0.0,9.976262363963394e+16,0.0,1.0069422425152021e+23,1.0015614507769358e+20,3.3564741417173403e+22
1329904864864.865,1931.728355087916,264381078.93117917,0,1.1846379323708259e+22,3.3564741417173403e+22,1.0079438039659798e+23,9.985700488531793e+19,1.2140886625842846e+17,5.5408278916714274e+22,7.858418486788372e-39,1.0027755394395202e+20,0.0,0.0,9.976262363963394e+16,0.0,1.0069422425152021e+23,1.0015614507769358e+20,3.3564741417173403e+22
1333063783783.784,1929.6659521308802,264318984.2933611,0,1.1846379323708259e+22,3.3564741417173403e+22,1.0079438039659798e+23,9.985700488531793e+19,1.2140886625842846e+17,5.5408278916714274e+22,5.7217849415994974e-39,1.0027755394395202e+20,0.0,0.0,9.976262363963394e+16,0.0,1.0069422425152021e+23,1.0015614507769358e+20,3.3564741417173403e+22
1336222702702.703,1927.6035491738444,264257021.44332537,0,1.1846379323708259e+22,3.3564741417173403e+22,1.0079438039659798e+23,9.985700488531793e+19,1.2140886625842846e+17,5.5408278916714274e+22,4.166082904970702e-39,1.0027755394395202e+20,0.0,0.0,9.976262363963394e+16,0.0,1.0069422425152021e+23,1.0015614507769358e+20,3.3564741417173403e+22
1339381621621.6216,1925.5411462168086,264195190.67337105,0,1.1846379323708259e+22,3.3564741417173403e+22,1.0079438039659798e+23,9.985700488531793e+19,1.2140886625842846e+17,5.5408278916714274e+22,3.033362307084066e-39,1.0027755394395202e+20,0.0,0.0,9.976262363963394e+16,0.0,1.0069422425152021e+23,1.0015614507769358e+20,3.3564741417173403e+22
1342540540540.5405,1923.4787432597727,264133492.27696836,0,1.1846379323708259e+22,3.3564741417173403e+22,1.0079438039659798e+23,9.985700488531793e+19,1.2140886625842846e+17,5.5408278916714274e+22,2.208618286270776e-39,1.0027755394395202e+20,0.0,0.0,9.976262363963394e+16,0.0,1.0069422425152021e+23,1.0015614507769358e+20,3.3564741417173403e+22
1345699459459.4597,1921.416340302737,264071926.5487752,0,1.1846379323708259e+22,3.3564741417173403e+22,1.0079438039659798e+23,9.985700488531793e+19,1.2140886625842846e+17,5.5408278916714274e+22,1.6081147718680583e-39,1.0027755394395202e+20,0.0,0.0,9.976262363963394e+16,0.0,1.0069422425152021e+23,1.0015614507769358e+20,3.3564741417173403e+22
1348858378378.3784,1919.353937345701,264010493.78465423,0,1.1846379323708259e+22,3.3564741417173403e+22,1.0079438039659798e+23,9.985700488531793e+19,1.2140886625842846e+17,5.5408278916714274e+22,1.170882780232134e-39,1.0027755394395202e+20,0.0,0.0,9.976262363963394e+16,0.0,1.0069422425152021e+23,1.0015614507769358e+20,3.3564741417173403e+22
1352017297297.2974,1917.2915343886652,263949194.2816895,0,1.1846379323708259e+22,3.3564741417173403e+22,1.0079438039659798e+23,9.985700488531793e+19,1.2140886625842846e+17,5.5408278916714274e+22,8.525302478575925e-40,1.0027755394395202e+20,0.0,0.0,9.976262363963394e+16,0.0,1.0069422425152021e+23,1.0015614507769358e+20,3.3564741417173403e+22
1355176216216.2163,1915.2291314316294,263888028.3382035,0,1.1846379323708259e+22,3.3564741417173403e+22,1.0079438039659798e+23,9.985700488531793e+19,1.2140886625842846e+17,5.5408278916714274e+22,6.207349153841296e-40,1.0027755394395202e+20,0.0,0.0,9.976262363963394e+16,0.0,1.0069422425152021e+23,1.0015614507769358e+20,3.3564741417173403e+22
1358335135135.1353,1913.1667284745936,263826996.25377414,0,1.1846379323708259e+22,3.3564741417173403e+22,1.0079438039659798e+23,9.985700488531793e+19,1.2140886625842846e+17,5.5408278916714274e+22,4.519626560409215e-40,1.0027755394395202e+20,0.0,0.0,9.976262363963394e+16,0.0,1.0069422425152021e+23,1.0015614507769358e+20,3.3564741417173403e+22
1361494054054.0542,1911.1043255175578,263766098.329252,0,1.1846379323708259e+22,3.3564741417173403e+22,1.0079438039659798e+23,9.985700488531793e+19,1.2140886625842846e+17,5.5408278916714274e+22,3.2907806117069416e-40,1.0027755394395202e+20,0.0,0.0,9.976262363963394e+16,0.0,1.0069422425152021e+23,1.0015614507769358e+20,3.3564741417173403e+22
1364652972972.9731,1909.041922560522,263705334.86677757,0,1.1846379323708259e+22,3.3564741417173403e+22,1.0079438039659798e+23,9.985700488531793e+19,1.2140886625842846e+17,5.5408278916714274e+22,2.3960468613154212e-40,1.0027755394395202e+20,0.0,0.0,9.976262363963394e+16,0.0,1.0069422425152021e+23,1.0015614507769358e+20,3.3564741417173403e+22
1367811891891.8918,1906.979519603486,263644706.16979837,0,1.1846379323708259e+22,3.3564741417173403e+22,1.0079438039659798e+23,9.985700488531793e+19,1.2140886625842846e+17,5.5408278916714274e+22,1.744583197432168e-40,1.0027755394395202e+20,0.0,0.0,9.976262363963394e+16,0.0,1.0069422425152021e+23,1.0015614507769358e+20,3.3564741417173403e+22
1370970810810.8108,1904.9171166464503,263584212.54308665,0,1.1846379323708259e+22,3.3564741417173403e+22,1.0079438039659798e+23,9.985700488531793e+19,1.2140886625842846e+17,5.5408278916714274e+22,1.2702466641623769e-40,1.0027755394395202e+20,0.0,0.0,9.976262363963394e+16,0.0,1.0069422425152021e+23,1.0015614507769358e+20,3.3564741417173403e+22
1374129729729.73,1902.8547136894144,263523854.29275668,0,1.1846379323708259e+22,3.3564741417173403e+22,1.0079438039659798e+23,9.985700488531793e+19,1.2140886625842846e+17,5.5408278916714274e+22,9.24877982426162e-41,1.0027755394395202e+20,0.0,0.0,9.976262363963394e+16,0.0,1.0069422425152021e+23,1.0015614507769358e+20,3.3564741417173403e+22
1377288648648.649,1900.7923107323786,263463631.72628242,0,1.1846379323708259e+22,3.3564741417173403e+22,1.0079438039659798e+23,9.985700488531793e+19,1.2140886625842846e+17,5.5408278916714274e+22,6.734119494348394e-41,1.0027755394395202e+20,0.0,0.0,9.976262363963394e+16,0.0,1.0069422425152021e+23,1.0015614507769358e+20,3.3564741417173403e+22
1380447567567.5676,1898.7299077753428,263403545.15251526,0,1.1846379323708259e+22,3.3564741417173403e+22,1.0079438039659798e+23,9.985700488531793e+19,1.2140886625842846e+17,5.5408278916714274e+22,4.90317276720159e-41,1.0027755394395202e+20,0.0,0.0,9.976262363963394e+16,0.0,1.0069422425152021e+23,1.0015614507769358e+20,3.3564741417173403e+22
1383606486486.4866,1896.667504818307,263343594.88170168,0,1.1846379323708259e+22,3.3564741417173403e+22,1.0079438039659798e+23,9.985700488531793e+19,1.2140886625842846e+17,5.5408278916714274e+22,3.5700440429077287e-41,1.0027755394395202e+20,0.0,0.0,9.976262363963394e+16,0.0,1.0069422425152021e+23,1.0015614507769358e+20,3.3564741417173403e+22
1386765405405.4055,1894.6051018612711,263283781.2255011,0,1.1846379323708259e+22,3.3564741417173403e+22,1.0079438039659798e+23,9.985700488531793e+19,1.2140886625842846e+17,5.5408278916714274e+22,2.5993810688370043e-41,1.0027755394395202e+20,0.0,0.0,9.976262363963394e+16,0.0,1.0069422425152021e+23,1.0015614507769358e+20,3.3564741417173403e+22
1389924324324.3245,1892.5426989042353,263224104.4970039,0,1.1846379323708259e+22,3.3564741417173403e+22,1.0079438039659798e+23,9.985700488531793e+19,1.2140886625842846e+17,5.5408278916714274e+22,1.8926326565778006e-41,1.0027755394395202e+20,0.0,0.0,9.976262363963394e+16,0.0,1.0069422425152021e+23,1.0015614507769358e+20,3.3564741417173403e+22
1393083243243.2434,1890.4802959471995,263164565.01074946,0,1.1846379323708259e+22,3.3564741417173403e+22,1.0079438039659798e+23,9.985700488531793e+19,1.2140886625842846e+17,5.5408278916714274e+22,1.378042802453509e-41,1.0027755394395202e+20,0.0,0.0,9.976262363963394e+16,0.0,1.0069422425152021e+23,1.0015614507769358e+20,3.3564741417173403e+22
1396242162162.1624,1888.4178929901636,263105163.08274403,0,1.1846379323708259e+22,3.3564741417173403e+22,1.0079438039659798e+23,9.985700488531793e+19,1.2140886625842846e+17,5.5408278916714274e+22,1.0033653169800195e-41,1.0027755394395202e+20,0.0,0.0,9.976262363963394e+16,0.0,1.0069422425152021e+23,1.0015614507769358e+20,3.3564741417173403e+22
1399401081081.081,1886.3554900331278,263045899.0304792,0,1.1846379323708259e+22,3.3564741417173403e+22,1.0079438039659798e+23,9.985700488531793e+19,1.2140886625842846e+17,5.5408278916714274e+22,7.30559281269044e-42,1.0027755394395202e+20,0.0,0.0,9.976262363963394e+16,0.0,1.0069422425152021e+23,1.0015614507769358e+20,3.3564741417173403e+22
1402560000000.0,1884.293087076092,262986773.17294994,0,1.1846379323708259e+22,3.3564741417173403e+22,1.0079438039659798e+23,9.985700488531793e+19,1.2140886625842846e+17,5.5408278916714274e+22,5.3192676128645816e-42,1.0027755394395202e+20,0.0,0.0,9.976262363963394e+16,0.0,1.0069422425152021e+23,1.0015614507769358e+20,3.3564741417173403e+22
1405718918918.9192,1882.2306841190561,262927785.83067316,0,1.1846379323708259e+22,3.3564741417173403e+22,1.0079438039659798e+23,9.985700488531793e+19,1.2140886625842846e+17,5.5408278916714274e+22,3.873006429830021e-42,1.0027755394395202e+20,0.0,0.0,9.976262363963394e+16,0.0,1.0069422425152021e+23,1.0015614507769358e+20,3.3564741417173403e+22
1408877837837.838,1880.1682811620203,262868937.32570583,0,1.1846379323708259e+22,3.3564741417173403e+22,1.0079438039659798e+23,9.985700488531793e+19,1.2140886625842846e+17,5.5408278916714274e+22,2.8199706984523474e-42,1.0027755394395202e+20,0.0,0.0,9.976262363963394e+16,0.0,1.0069422425152021e+23,1.0015614507769358e+20,3.3564741417173403e+22
1412036756756.7568,1878.1058782049845,262810227.9816636,0,1.1846379323708259e+22,3.3564741417173403e+22,1.0079438039659798e+23,9.985700488531793e+19,1.2140886625842846e+17,5.5408278916714274e+22,2.0532459432242223e-42,1.0027755394395202e+20,0.0,0.0,9.976262363963394e+16,0.0,1.0069422425152021e+23,1.0015614507769358e+20,3.3564741417173403e+22
1415195675675.6758,1876.0434752479487,262751658.1237396,0,1.1846379323708259e+22,3.3564741417173403e+22,1.0079438039659798e+23,9.985700488531793e+19,1.2140886625842846e+17,5.5408278916714274e+22,1.4949867761677266e-42,1.0027755394395202e+20,0.0,0.0,9.976262363963394e+16,0.0,1.0069422425152021e+23,1.0015614507769358e+20,3.3564741417173403e+22
1418354594594.5947,1873.9810722909128,262693228.07872254,0,1.1846379323708259e+22,3.3564741417173403e+22,1.0079438039659798e+23,9.985700488531793e+19,1.2140886625842846e+17,5.5408278916714274e+22,1.0885132725048825e-42,1.0027755394395202e+20,0.0,0.0,9.976262363963394e+16,0.0,1.0069422425152021e+23,1.0015614507769358e+20,3.3564741417173403e+22
1421513513513.5137,1871.918669333877,262634938.17501596,0,1.1846379323708259e+22,3.3564741417173403e+22,1.0079438039659798e+23,9.985700488531793e+19,1.2140886625842846e+17,5.5408278916714274e+22,7.925562709367776e-43,1.0027755394395202e+20,0.0,0.0,9.976262363963394e+16,0.0,1.0069422425152021e+23,1.0015614507769358e+20,3.3564741417173403e+22
1424672432432.4326,1869.8562663768412,262576788.74265668,0,1.1846379323708259e+22,3.3564741417173403e+22,1.0079438039659798e+23,9.985700488531793e+19,1.2140886625842846e+17,5.5408278916714274e+22,5.7706732519276034e-43,1.0027755394395202e+20,0.0,0.0,9.976262363963394e+16,0.0,1.0069422425152021e+23,1.0015614507769358e+20,3.3564741417173403e+22
1427831351351.3516,1867.7938634198053,262518780.11333364,0,1.1846379323708259e+22,3.3564741417173403e+22,1.0079438039659798e+23,9.985700488531793e+19,1.2140886625842846e+17,5.5408278916714274e+22,4.201678921946112e-43,1.0027755394395202e+20,0.0,0.0,9.976262363963394e+16,0.0,1.0069422425152021e+23,1.0015614507769358e+20,3.3564741417173403e+22
1430990270270.2703,1865.7314604627695,262460912.62040693,0,1.1846379323708259e+22,3.3564741417173403e+22,1.0079438039659798e+23,9.985700488531793e+19,1.2140886625842846e+17,5.5408278916714274e+22,3.059280086119789e-43,1.0027755394395202e+20,0.0,0.0,9.976262363963394e+16,0.0,1.0069422425152021e+23,1.0015614507769358e+20,3.3564741417173403e+22
1434149189189.1892,1863.6690575057337,262403186.59892657,0,1.1846379323708259e+22,3.3564741417173403e+22,1.0079438039659798e+23,9.985700488531793e+19,1.2140886625842846e+17,5.5408278916714274e+22,2.2274892535087286e-43,1.0027755394395202e+20,0.0,0.0,9.976262363963394e+16,0.0,1.0069422425152021e+23,1.0015614507769358e+20,3.3564741417173403e+22
1437308108108.1084,1861.6066545486979,262345602.38565177,0,1.1846379323708259e+22,3.3564741417173403e+22,1.0079438039659798e+23,9.985700488531793e+19,1.2140886625842846e+17,5.5408278916714274e+22,1.6218548922697734e-43,1.0027755394395202e+20,0.0,0.0,9.976262363963394e+16,0.0,1.0069422425152021e+23,1.0015614507769358e+20,3.3564741417173403e+22
1440467027027.027,1859.544251591662,262288160.31906974,0,1.1846379323708259e+22,3.3564741417173403e+22,1.0079438039659798e+23,9.985700488531793e+19,1.2140886625842846e+17,5.5408278916714274e+22,1.1808870850604489e-43,1.0027755394395202e+20,0.0,0.0,9.976262363963394e+16,0.0,1.0069422425152021e+23,1.0015614507769358e+20,3.3564741417173403e+22
1443625945945.946,1857.4818486346262,262230860.73941502,0,1.1846379323708259e+22,3.3564741417173403e+22,1.0079438039659798e+23,9.985700488531793e+19,1.2140886625842846e+17,5.5408278916714274e+22,8.598144718797745e-44,1.0027755394395202e+20,0.0,0.0,9.976262363963394e+16,0.0,1.0069422425152021e+23,1.0015614507769358e+20,3.3564741417173403e+22
1446784864864.865,1855.4194456775904,262173703.98868835,0,1.1846379323708259e+22,3.3564741417173403e+22,1.0079438039659798e+23,9.985700488531793e+19,1.2140886625842846e+17,5.5408278916714274e+22,6.260386241890792e-44,1.0027755394395202e+20,0.0,0.0,9.976262363963394e+16,0.0,1.0069422425152021e+23,1.0015614507769358e+20,3.3564741417173403e+22
1449943783783.7837,1853.3570427205545,262116690.41067633,0,1.1846379323708259e+22,3.3564741417173403e+22,1.0079438039659798e+23,9.985700488531793e+19,1.2140886625842846e+17,5.5408278916714274e+22,4.558243339632423e-44,1.0027755394395202e+20,0.0,0.0,9.976262363963394e+16,0.0,1.0069422425152021e+23,1.0015614507769358e+20,3.3564741417173403e+22
1453102702702.703,1851.2946397635187,262059820.3509703,0,1.1846379323708259e+22,3.3564741417173403e+22,1.0079438039659798e+23,9.985700488531793e+19,1.2140886625842846e+17,5.5408278916714274e+22,3.318897834812825e-44,1.0027755394395202e+20,0.0,0.0,9.976262363963394e+16,0.0,1.0069422425152021e+23,1.0015614507769358e+20,3.3564741417173403e+22
1456261621621.6218,1849.232236806483,262003094.15698573,0,1.1846379323708259e+22,3.3564741417173403e+22,1.0079438039659798e+23,9.985700488531793e+19,1.2140886625842846e+17,5.5408278916714274e+22,2.4165192634962557e-44,1.0027755394395202e+20,0.0,0.0,9.976262363963394e+16,0.0,1.0069422425152021e+23,1.0015614507769358e+20,3.3564741417173403e+22
1459420540540.5408,1847.169833849447,261946512.17798176,0,1.1846379323708259e+22,3.3564741417173403e+22,1.0079438039659798e+23,9.985700488531793e+19,1.2140886625842846e+17,5.5408278916714274e+22,1.7594893369707537e-44,1.0027755394395202e+20,0.0,0.0,9.976262363963394e+16,0.0,1.0069422425152021e+23,1.0015614507769358e+20,3.3564741417173403e+22
1462579459459.4595,1845.1074308924112,261890074.76508027,0,1.1846379323708259e+22,3.3564741417173403e+22,1.0079438039659798e+23,9.985700488531793e+19,1.2140886625842846e+17,5.5408278916714274e+22,1.281099957976221e-44,1.0027755394395202e+20,0.0,0.0,9.976262363963394e+16,0.0,1.0069422425152021e+23,1.0015614507769358e+20,3.3564741417173403e+22
1465738378378.3784,1843.0450279353754,261833782.27128556,0,1.1846379323708259e+22,3.3564741417173403e+22,1.0079438039659798e+23,9.985700488531793e+19,1.2140886625842846e+17,5.5408278916714274e+22,9.327803629388836e-45,1.0027755394395202e+20,0.0,0.0,9.976262363963394e+16,0.0,1.0069422425152021e+23,1.0015614507769358e+20,3.3564741417173403e+22
1468897297297.2976,1840.9826249783396,261777635.05150357,0,1.1846379323708259e+22,3.3564741417173403e+22,1.0079438039659798e+23,9.985700488531793e+19,1.2140886625842846e+17,5.5408278916714274e+22,6.791657435215882e-45,1.0027755394395202e+20,0.0,0.0,9.976262363963394e+16,0.0,1.0069422425152021e+23,1.0015614507769358e+20,3.3564741417173403e+22
1472056216216.2163,1838.9202220213037,261721633.46256137,0,1.1846379323708259e+22,3.3564741417173403e+22,1.0079438039659798e+23,9.985700488531793e+19,1.2140886625842846e+17,5.5408278916714274e+22,4.945066657706367e-45,1.0027755394395202e+20,0.0,0.0,9.976262363963394e+16,0.0,1.0069422425152021e+23,1.0015614507769358e+20,3.3564741417173403e+22
1475215135135.1353,1836.857819064268,261665777.86322677,0,1.1846379323708259e+22,3.3564741417173403e+22,1.0079438039659798e+23,9.985700488531793e+19,1.2140886625842846e+17,5.5408278916714274e+22,3.600547360113125e-45,1.0027755394395202e+20,0.0,0.0,9.976262363963394e+16,0.0,1.0069422425152021e+23,1.0015614507769358e+20,3.3564741417173403e+22
1478374054054.0542,1834.795416107232,261610068.6142277,0,1.1846379323708259e+22,3.3564741417173403e+22,1.0079438039659798e+23,9.985700488531793e+19,1.2140886625842846e+17,5.5408278916714274e+22,2.621590807520188e-45,1.0027755394395202e+20,0.0,0.0,9.976262363963394e+16,0.0,1.0069422425152021e+23,1.0015614507769358e+20,3.3564741417173403e+22
1481532972972.973,1832.7330131501963,261554506.07827157,0,1.1846379323708259e+22,3.3564741417173403e+22,1.0079438039659798e+23,9.985700488531793e+19,1.2140886625842846e+17,5.5408278916714274e+22,1.9088037663969006e-45,1.0027755394395202e+20,0.0,0.0,9.976262363963394e+16,0.0,1.0069422425152021e+23,1.0015614507769358e+20,3.3564741417173403e+22
1484691891891.892,1830.6706101931604,261499090.620065,0,1.1846379323708259e+22,3.3564741417173403e+22,1.0079438039659798e+23,9.985700488531793e+19,1.2140886625842846e+17,5.5408278916714274e+22,1.389817132467549e-45,1.0027755394395202e+20,0.0,0.0,9.976262363963394e+16,0.0,1.0069422425152021e+23,1.0015614507769358e+20,3.3564741417173403e+22
1487850810810.811,1828.6082072361246,261443822.60633323,0,1.1846379323708259e+22,3.3564741417173403e+22,1.0079438039659798e+23,9.985700488531793e+19,1.2140886625842846e+17,5.5408278916714274e+22,1.0119383122060971e-45,1.0027755394395202e+20,0.0,0.0,9.976262363963394e+16,0.0,1.0069422425152021e+23,1.0015614507769358e+20,3.3564741417173403e+22
1491009729729.7297,1826.5458042790888,261388702.40583947,0,1.1846379323708259e+22,3.3564741417173403e+22,1.0079438039659798e+23,9.985700488531793e+19,1.2140886625842846e+17,5.5408278916714274e+22,7.3680135593985e-46,1.0027755394395202e+20,0.0,0.0,9.976262363963394e+16,0.0,1.0069422425152021e+23,1.0015614507769358e+20,3.3564741417173403e+22
1494168648648.6487,1824.483401322053,261333730.38940465,0,1.1846379323708259e+22,3.3564741417173403e+22,1.0079438039659798e+23,9.985700488531793e+19,1.2140886625842846e+17,5.5408278916714274e+22,5.3647167180704226e-46,1.0027755394395202e+20,0.0,0.0,9.976262363963394e+16,0.0,1.0069422425152021e+23,1.0015614507769358e+20,3.3564741417173403e+22
1497327567567.5676,1822.420998365017,261278906.92992657,0,1.1846379323708259e+22,3.3564741417173403e+22,1.0079438039659798e+23,9.985700488531793e+19,1.2140886625842846e+17,5.5408278916714274e+22,3.906098330727529e-46,1.0027755394395202e+20,0.0,0.0,9.976262363963394e+16,0.0,1.0069422425152021e+23,1.0015614507769358e+20,3.3564741417173403e+22
1500486486486.4866,1820.3585954079813,261224232.4023995,0,1.1846379323708259e+22,3.3564741417173403e+22,1.0079438039659798e+23,9.985700488531793e+19,1.2140886625842846e+17,5.5408278916714274e+22,2.84406520812533e-46,1.0027755394395202e+20,0.0,0.0,9.976262363963394e+16,0.0,1.0069422425152021e+23,1.0015614507769358e+20,3.3564741417173403e+22
1503645405405.4055,1818.2961924509455,261169707.18393376,0,1.1846379323708259e+22,3.3564741417173403e+22,1.0079438039659798e+23,9.985700488531793e+19,1.2140886625842846e+17,5.5408278916714274e+22,2.070789371695724e-46,1.0027755394395202e+20,0.0,0.0,9.976262363963394e+16,0.0,1.0069422425152021e+23,1.0015614507769358e+20,3.3564741417173403e+22
1506804324324.3245,1816.2337894939096,261115331.65377465,0,1.1846379323708259e+22,3.3564741417173403e+22,1.0079438039659798e+23,9.985700488531793e+19,1.2140886625842846e+17,5.5408278916714274e+22,1.5077603036937837e-46,1.0027755394395202e+20,0.0,0.0,9.976262363963394e+16,0.0,1.0069422425152021e+23,1.0015614507769358e+20,3.3564741417173403e+22
1509963243243.2434,1814.1713865368738,261061106.19332212,0,1.1846379323708259e+22,3.3564741417173403e+22,1.0079438039659798e+23,9.985700488531793e+19,1.2140886625842846e+17,5.5408278916714274e+22,1.097813792396076e-46,1.0027755394395202e+20,0.0,0.0,9.976262363963394e+16,0.0,1.0069422425152021e+23,1.0015614507769358e+20,3.3564741417173403e+22
1513122162162.162,1812.108983579838,261007031.1861501,0,1.1846379323708259e+22,3.3564741417173403e+22,1.0079438039659798e+23,9.985700488531793e+19,1.2140886625842846e+17,5.5408278916714274e+22,7.993280628376473e-47,1.0027755394395202e+20,0.0,0.0,9.976262363963394e+16,0.0,1.0069422425152021e+23,1.0015614507769358e+20,3.3564741417173403e+22
1516281081081.0813,1810.0465806228021,260953107.01802534,0,1.1846379323708259e+22,3.3564741417173403e+22,1.0079438039659798e+23,9.985700488531793e+19,1.2140886625842846e+17,5.5408278916714274e+22,5.819979275768384e-47,1.0027755394395202e+20,0.0,0.0,9.976262363963394e+16,0.0,1.0069422425152021e+23,1.0015614507769358e+20,3.3564741417173403e+22
1519440000000.0002,1807.9841776657663,260899334.07692704,0,1.1846379323708259e+22,3.3564741417173403e+22,1.0079438039659798e+23,9.985700488531793e+19,1.2140886625842846e+17,5.5408278916714274e+22,4.2375790798744057e-47,1.0027755394395202e+20,0.0,0.0,9.976262363963394e+16,0.0,1.0069422425152021e+23,1.0015614507769358e+20,3.3564741417173403e+22
1522598918918.919,1805.9217747087305,260845712.75306547,0,1.1846379323708259e+22,3.3564741417173403e+22,1.0079438039659798e+23,9.985700488531793e+19,1.2140886625842846e+17,5.5408278916714274e+22,3.0854193129095685e-47,1.0027755394395202e+20,0.0,0.0,9.976262363963394e+16,0.0,1.0069422425152021e+23,1.0015614507769358e+20,3.3564741417173403e+22
1525757837837.838,1803.8593717516947,260792243.43890145,0,1.1846379323708259e+22,3.3564741417173403e+22,1.0079438039659798e+23,9.985700488531793e+19,1.2140886625842846e+17,5.5408278916714274e+22,2.246521458841425e-47,1.0027755394395202e+20,0.0,0.0,9.976262363963394e+16,0.0,1.0069422425152021e+23,1.0015614507769358e+20,3.3564741417173403e+22
1528916756756.7568,1801.7969687946588,260738926.52916494,0,1.1846379323708259e+22,3.3564741417173403e+22,1.0079438039659798e+23,9.985700488531793e+19,1.2140886625842846e+17,5.5408278916714274e+22,1.6357124115735785e-47,1.0027755394395202e+20,0.0,0.0,9.976262363963394e+16,0.0,1.0069422425152021e+23,1.0015614507769358e+20,3.3564741417173403e+22
1532075675675.6758,1799.734565837623,260685762.42087388,0,1.1846379323708259e+22,3.3564741417173403e+22,1.0079438039659798e+23,9.985700488531793e+19,1.2140886625842846e+17,5.5408278916714274e+22,1.1909768690817173e-47,1.0027755394395202e+20,0.0,0.0,9.976262363963394e+16,0.0,1.0069422425152021e+23,1.0015614507769358e+20,3.3564741417173403e+22
1535234594594.5947,1797.6721628805872,260632751.51335308,0,1.1846379323708259e+22,3.3564741417173403e+22,1.0079438039659798e+23,9.985700488531793e+19,1.2140886625842846e+17,5.5408278916714274e+22,8.671609340685652e-48,1.0027755394395202e+20,0.0,0.0,9.976262363963394e+16,0.0,1.0069422425152021e+23,1.0015614507769358e+20,3.3564741417173403e+22
1538393513513.5137,1795.6097599235513,260579894.20825282,0,1.1846379323708259e+22,3.3564741417173403e+22,1.0079438039659798e+23,9.985700488531793e+19,1.2140886625842846e+17,5.5408278916714274e+22,6.313876491610278e-48,1.0027755394395202e+20,0.0,0.0,9.976262363963394e+16,0.0,1.0069422425152021e+23,1.0015614507769358e+20,3.3564741417173403e+22
1541552432432.4326,1793.5473569665155,260527190.90956712,0,1.1846379323708259e+22,3.3564741417173403e+22,1.0079438039659798e+23,9.985700488531793e+19,1.2140886625842846e+17,5.5408278916714274e+22,4.5971900699296075e-48,1.0027755394395202e+20,0.0,0.0,9.976262363963394e+16,0.0,1.0069422425152021e+23,1.0015614507769358e+20,3.3564741417173403e+22
1544711351351.3513,1791.4849540094797,260474642.02365223,0,1.1846379323708259e+22,3.3564741417173403e+22,1.0079438039659798e+23,9.985700488531793e+19,1.2140886625842846e+17,5.5408278916714274e+22,3.3472552982532885e-48,1.0027755394395202e+20,0.0,0.0,9.976262363963394e+16,0.0,1.0069422425152021e+23,1.0015614507769358e+20,3.3564741417173403e+22
1547870270270.2705,1789.4225510524439,260422247.9592447,0,1.1846379323708259e+22,3.3564741417173403e+22,1.0079438039659798e+23,9.985700488531793e+19,1.2140886625842846e+17,5.5408278916714274e+22,2.437166586818167e-48,1.0027755394395202e+20,0.0,0.0,9.976262363963394e+16,0.0,1.0069422425152021e+23,1.0015614507769358e+20,3.3564741417173403e+22
1551029189189.1895,1787.360148095408,260370009.1274799,0,1.1846379323708259e+22,3.3564741417173403e+22,1.0079438039659798e+23,9.985700488531793e+19,1.2140886625842846e+17,5.5408278916714274e+22,1.774522838160117e-48,1.0027755394395202e+20,0.0,0.0,9.976262363963394e+16,0.0,1.0069422425152021e+23,1.0015614507769358e+20,3.3564741417173403e+22
1554188108108.1082,1785.2977451383722,260317925.9419091,0,1.1846379323708259e+22,3.3564741417173403e+22,1.0079438039659798e+23,9.985700488531793e+19,1.2140886625842846e+17,5.5408278916714274e+22,1.2920459849496424e-48,1.0027755394395202e+20,0.0,0.0,9.976262363963394e+16,0.0,1.0069422425152021e+23,1.0015614507769358e+20,3.3564741417173403e+22
1557347027027.027,1783.2353421813364,260265998.8185179,0,1.1846379323708259e+22,3.3564741417173403e+22,1.0079438039659798e+23,9.985700488531793e+19,1.2140886625842846e+17,5.5408278916714274e+22,9.407502632963359e-49,1.0027755394395202e+20,0.0,0.0,9.976262363963394e+16,0.0,1.0069422425152021e+23,1.0015614507769358e+20,3.3564741417173403e+22
1560505945945.946,1781.1729392243005,260214228.17574328,0,1.1846379323708259e+22,3.3564741417173403e+22,1.0079438039659798e+23,9.985700488531793e+19,1.2140886625842846e+17,5.5408278916714274e+22,6.849686994125203e-49,1.0027755394395202e+20,0.0,0.0,9.976262363963394e+16,0.0,1.0069422425152021e+23,1.0015614507769358e+20,3.3564741417173403e+22
1563664864864.865,1779.1105362672647,260162614.4344912,0,1.1846379323708259e+22,3.3564741417173403e+22,1.0079438039659798e+23,9.985700488531793e+19,1.2140886625842846e+17,5.5408278916714274e+22,4.987318499714174e-49,1.0027755394395202e+20,0.0,0.0,9.976262363963394e+16,0.0,1.0069422425152021e+23,1.0015614507769358e+20,3.3564741417173403e+22
1566823783783.784,1777.0481333102289,260111158.0181534,0,1.1846379323708259e+22,3.3564741417173403e+22,1.0079438039659798e+23,9.985700488531793e+19,1.2140886625842846e+17,5.5408278916714274e+22,3.631311305016485e-49,1.0027755394395202e+20,0.0,0.0,9.976262363963394e+16,0.0,1.0069422425152021e+23,1.0015614507769358e+20,3.3564741417173403e+22
1569982702702.703,1774.985730353193,260059859.3526246,0,1.1846379323708259e+22,3.3564741417173403e+22,1.0079438039659798e+23,9.985700488531793e+19,1.2140886625842846e+17,5.5408278916714274e+22,2.6439903115664765e-49,1.0027755394395202e+20,0.0,0.0,9.976262363963394e+16,0.0,1.0069422425152021e+23,1.0015614507769358e+20,3.3564741417173403e+22
1573141621621.6216,1772.9233273961572,260008718.8663187,0,1.1846379323708259e+22,3.3564741417173403e+22,1.0079438039659798e+23,9.985700488531793e+19,1.2140886625842846e+17,5.5408278916714274e+22,1.9251130460778983e-49,1.0027755394395202e+20,0.0,0.0,9.976262363963394e+16,0.0,1.0069422425152021e+23,1.0015614507769358e+20,3.3564741417173403e+22
1576300540540.5405,1770.8609244391214,259957736.99018562,0,1.1846379323708259e+22,3.3564741417173403e+22,1.0079438039659798e+23,9.985700488531793e+19,1.2140886625842846e+17,5.5408278916714274e+22,1.401692065196565e-49,1.0027755394395202e+20,0.0,0.0,9.976262363963394e+16,0.0,1.0069422425152021e+23,1.0015614507769358e+20,3.3564741417173403e+22
1579459459459.4597,1768.7985214820856,259906914.15772706,0,1.1846379323708259e+22,3.3564741417173403e+22,1.0079438039659798e+23,9.985700488531793e+19,1.2140886625842846e+17,5.5408278916714274e+22,1.0205845571707321e-49,1.0027755394395202e+20,0.0,0.0,9.976262363963394e+16,0.0,1.0069422425152021e+23,1.0015614507769358e+20,3.3564741417173403e+22
1582618378378.3784,1766.7361185250497,259856250.80501223,0,1.1846379323708259e+22,3.3564741417173403e+22,1.0079438039659798e+23,9.985700488531793e+19,1.2140886625842846e+17,5.5408278916714274e+22,7.430967644018965e-50,1.0027755394395202e+20,0.0,0.0,9.976262363963394e+16,0.0,1.0069422425152021e+23,1.0015614507769358e+20,3.3564741417173403e+22
1585777297297.2974,1764.673715568014,259805747.3706937,0,1.1846379323708259e+22,3.3564741417173403e+22,1.0079438039659798e+23,9.985700488531793e+19,1.2140886625842846e+17,5.5408278916714274e+22,5.4105541513910265e-50,1.0027755394395202e+20,0.0,0.0,9.976262363963394e+16,0.0,1.0069422425152021e+23,1.0015614507769358e+20,3.3564741417173403e+22
1588936216216.2163,1762.611312610978,259755404.29602236,0,1.1846379323708259e+22,3.3564741417173403e+22,1.0079438039659798e+23,9.985700488531793e+19,1.2140886625842846e+17,5.5408278916714274e+22,3.939472976806297e-50,1.0027755394395202e+20,0.0,0.0,9.976262363963394e+16,0.0,1.0069422425152021e+23,1.0015614507769358e+20,3.3564741417173403e+22
1592095135135.1353,1760.5489096539422,259705222.02486217,0,1.1846379323708259e+22,3.3564741417173403e+22,1.0079438039659798e+23,9.985700488531793e+19,1.2140886625842846e+17,5.5408278916714274e+22,2.868365587099261e-50,1.0027755394395202e+20,0.0,0.0,9.976262363963394e+16,0.0,1.0069422425152021e+23,1.0015614507769358e+20,3.3564741417173403e+22
1595254054054.0542,1758.4865066969064,259655201.00370476,0,1.1846379323708259e+22,3.3564741417173403e+22,1.0079438039659798e+23,9.985700488531793e+19,1.2140886625842846e+17,5.5408278916714274e+22,2.0884826954506187e-50,1.0027755394395202e+20,0.0,0.0,9.976262363963394e+16,0.0,1.0069422425152021e+23,1.0015614507769358e+20,3.3564741417173403e+22
1598412972972.9731,1756.4241037398706,259605341.68168357,0,1.1846379323708259e+22,3.3564741417173403e+22,1.0079438039659798e+23,9.985700488531793e+19,1.2140886625842846e+17,5.5408278916714274e+22,1.5206429713193118e-50,1.0027755394395202e+20,0.0,0.0,9.976262363963394e+16,0.0,1.0069422425152021e+23,1.0015614507769358e+20,3.3564741417173403e+22
1601571891891.892,1754.3617007828348,259555644.51058754,0,1.1846379323708259e+22,3.3564741417173403e+22,1.0079438039659798e+23,9.985700488531793e+19,1.2140886625842846e+17,5.5408278916714274e+22,1.107193778172006e-50,1.0027755394395202e+20,0.0,0.0,9.976262363963394e+16,0.0,1.0069422425152021e+23,1.0015614507769358e+20,3.3564741417173403e+22
1604730810810.8108,1752.299297825799,259506109.94487435,0,1.1846379323708259e+22,3.3564741417173403e+22,1.0079438039659798e+23,9.985700488531793e+19,1.2140886625842846e+17,5.5408278916714274e+22,8.061577145615106e-51,1.0027755394395202e+20,0.0,0.0,9.976262363963394e+16,0.0,1.0069422425152021e+23,1.0015614507769358e+20,3.3564741417173403e+22
1607889729729.7297,1750.236894868763,259456738.4416834,0,1.1846379323708259e+22,3.3564741417173403e+22,1.0079438039659798e+23,9.985700488531793e+19,1.2140886625842846e+17,5.5408278916714274e+22,5.869706582166825e-51,1.0027755394395202e+20,0.0,0.0,9.976262363963394e+16,0.0,1.0069422425152021e+23,1.0015614507769358e+20,3.3564741417173403e+22
1611048648648.649,1748.1744919117273,259407530.46084824,0,1.1846379323708259e+22,3.3564741417173403e+22,1.0079438039659798e+23,9.985700488531793e+19,1.2140886625842846e+17,5.5408278916714274e+22,4.2737859774092286e-51,1.0027755394395202e+20,0.0,0.0,9.976262363963394e+16,0.0,1.0069422425152021e+23,1.0015614507769358e+20,3.3564741417173403e+22
1614207567567.5676,1746.1120889546914,259358486.4649083,0,1.1846379323708259e+22,3.3564741417173403e+22,1.0079438039659798e+23,9.985700488531793e+19,1.2140886625842846e+17,5.5408278916714274e+22,3.1117818795564166e-51,1.0027755394395202e+20,0.0,0.0,9.976262363963394e+16,0.0,1.0069422425152021e+23,1.0015614507769358e+20,3.3564741417173403e+22
1617366486486.4866,1744.0496859976556,259309606.91912064,0,1.1846379323708259e+22,3.3564741417173403e+22,1.0079438039659798e+23,9.985700488531793e+19,1.2140886625842846e+17,5.5408278916714274e+22,2.2657162799260292e-51,1.0027755394395202e+20,0.0,0.0,9.976262363963394e+16,0.0,1.0069422425152021e+23,1.0015614507769358e+20,3.3564741417173403e+22
1620525405405.4055,1741.9872830406198,259260892.29147074,0,1.1846379323708259e+22,3.3564741417173403e+22,1.0079438039659798e+23,9.985700488531793e+19,1.2140886625842846e+17,5.5408278916714274e+22,1.649688332864005e-51,1.0027755394395202e+20,0.0,0.0,9.976262363963394e+16,0.0,1.0069422425152021e+23,1.0015614507769358e+20,3.3564741417173403e+22
1623684324324.3245,1739.924880083584,259212343.05268288,0,1.1846379323708259e+22,3.3564741417173403e+22,1.0079438039659798e+23,9.985700488531793e+19,1.2140886625842846e+17,5.5408278916714274e+22,1.2011528626507774e-51,1.0027755394395202e+20,0.0,0.0,9.976262363963394e+16,0.0,1.0069422425152021e+23,1.0015614507769358e+20,3.3564741417173403e+22
1626843243243.2434,1737.8624771265481,259163959.6762299,0,1.1846379323708259e+22,3.3564741417173403e+22,1.0079438039659798e+23,9.985700488531793e+19,1.2140886625842846e+17,5.5408278916714274e+22,8.74570166201869e-52,1.0027755394395202e+20,0.0,0.0,9.976262363963394e+16,0.0,1.0069422425152021e+23,1.0015614507769358e+20,3.3564741417173403e+22
1630002162162.1624,1735.8000741695123,259115742.63834277,0,1.1846379323708259e+22,3.3564741417173403e+22,1.0079438039659798e+23,9.985700488531793e+19,1.2140886625842846e+17,5.5408278916714274e+22,6.3678237749223405e-52,1.0027755394395202e+20,0.0,0.0,9.976262363963394e+16,0.0,1.0069422425152021e+23,1.0015614507769358e+20,3.3564741417173403e+22
1633161081081.0813,1733.7376712124765,259067692.41801867,0,1.1846379323708259e+22,3.3564741417173403e+22,1.0079438039659798e+23,9.985700488531793e+19,1.2140886625842846e+17,5.5408278916714274e+22,4.636469570482309e-52,1.0027755394395202e+20,0.0,0.0,9.976262363963394e+16,0.0,1.0069422425152021e+23,1.0015614507769358e+20,3.3564741417173403e+22
1636320000000.0,1731.6752682554406,259019809.49702945,0,1.1846379323708259e+22,3.3564741417173403e+22,1.0079438039659798e+23,9.985700488531793e+19,1.2140886625842846e+17,5.5408278916714274e+22,3.375855054699684e-52,1.0027755394395202e+20,0.0,0.0,9.976262363963394e+16,0.0,1.0069422425152021e+23,1.0015614507769358e+20,3.3564741417173403e+22
1639478918918.919,1729.6128652984048,258972094.35992858,0,1.1846379323708259e+22,3.3564741417173403e+22,1.0079438039659798e+23,9.985700488531793e+19,1.2140886625842846e+17,5.5408278916714274e+22,2.457990325849565e-52,1.0027755394395202e+20,0.0,0.0,9.976262363963394e+16,0.0,1.0069422425152021e+23,1.0015614507769358e+20,3.3564741417173403e+22
1642637837837.8381,1727.550462341369,258924547.49405792,0,1.1846379323708259e+22,3.3564741417173403e+22,1.0079438039659798e+23,9.985700488531793e+19,1.2140886625842846e+17,5.5408278916714274e+22,1.7896847892089145e-52,1.0027755394395202e+20,0.0,0.0,9.976262363963394e+16,0.0,1.0069422425152021e+23,1.0015614507769358e+20,3.3564741417173403e+22
1645796756756.7568,1725.4880593843332,258877169.3895536,0,1.1846379323708259e+22,3.3564741417173403e+22,1.0079438039659798e+23,9.985700488531793e+19,1.2140886625842846e+17,5.5408278916714274e+22,1.3030855374171176e-52,1.0027755394395202e+20,0.0,0.0,9.976262363963394e+16,0.0,1.0069422425152021e+23,1.0015614507769358e+20,3.3564741417173403e+22
1648955675675.6758,1723.4256564272973,258829960.53935102,0,1.1846379323708259e+22,3.3564741417173403e+22,1.0079438039659798e+23,9.985700488531793e+19,1.2140886625842846e+17,5.5408278916714274e+22,9.487882604043536e-53,1.0027755394395202e+20,0.0,0.0,9.976262363963394e+16,0.0,1.0069422425152021e+23,1.0015614507769358e+20,3.3564741417173403e+22
1652114594594.5947,1721.3632534702615,258782921.43918905,0,1.1846379323708259e+22,3.3564741417173403e+22,1.0079438039659798e+23,9.985700488531793e+19,1.2140886625842846e+17,5.5408278916714274e+22,6.908212371579455e-53,1.0027755394395202e+20,0.0,0.0,9.976262363963394e+16,0.0,1.0069422425152021e+23,1.0015614507769358e+20,3.3564741417173403e+22
1655273513513.5134,1719.3008505132257,258736052.58761385,0,1.1846379323708259e+22,3.3564741417173403e+22,1.0079438039659798e+23,9.985700488531793e+19,1.2140886625842846e+17,5.5408278916714274e+22,5.029931351648968e-53,1.0027755394395202e+20,0.0,0.0,9.976262363963394e+16,0.0,1.0069422425152021e+23,1.0015614507769358e+20,3.3564741417173403e+22
1658432432432.4326,1717.2384475561898,258689354.48598117,0,1.1846379323708259e+22,3.3564741417173403e+22,1.0079438039659798e+23,9.985700488531793e+19,1.2140886625842846e+17,5.5408278916714274e+22,3.66233810448371e-53,1.0027755394395202e+20,0.0,0.0,9.976262363963394e+16,0.0,1.0069422425152021e+23,1.0015614507769358e+20,3.3564741417173403e+22
1661591351351.3516,1715.176044599154,258642827.6384582,0,1.1846379323708259e+22,3.3564741417173403e+22,1.0079438039659798e+23,9.985700488531793e+19,1.2140886625842846e+17,5.5408278916714274e+22,2.6665812023768925e-53,1.0027755394395202e+20,0.0,0.0,9.976262363963394e+16,0.0,1.0069422425152021e+23,1.0015614507769358e+20,3.3564741417173403e+22
1664750270270.2703,1713.1136416421182,258596472.55202422,0,1.1846379323708259e+22,3.3564741417173403e+22,1.0079438039659798e+23,9.985700488531793e+19,1.2140886625842846e+17,5.5408278916714274e+22,1.941561676177411e-53,1.0027755394395202e+20,0.0,0.0,9.976262363963394e+16,0.0,1.0069422425152021e+23,1.0015614507769358e+20,3.3564741417173403e+22
1667909189189.1892,1711.0512386850824,258550289.73647085,0,1.1846379323708259e+22,3.3564741417173403e+22,1.0079438039659798e+23,9.985700488531793e+19,1.2140886625842846e+17,5.5408278916714274e+22,1.4136684602144122e-53,1.0027755394395202e+20,0.0,0.0,9.976262363963394e+16,0.0,1.0069422425152021e+23,1.0015614507769358e+20,3.3564741417173403e+22
1671068108108.1082,1708.9888357280465,258504279.70440024,0,1.1846379323708259e+22,3.3564741417173403e+22,1.0079438039659798e+23,9.985700488531793e+19,1.2140886625842846e+17,5.5408278916714274e+22,1.0293046777373542e-53,1.0027755394395202e+20,0.0,0.0,9.976262363963394e+16,0.0,1.0069422425152021e+23,1.0015614507769358e+20,3.3564741417173403e+22
1674227027027.0273,1706.9264327710107,258458442.97122338,0,1.1846379323708259e+22,3.3564741417173403e+22,1.0079438039659798e+23,9.985700488531793e+19,1.2140886625842846e+17,5.5408278916714274e+22,7.494459623519565e-54,1.0027755394395202e+20,0.0,0.0,9.976262363963394e+16,0.0,1.0069422425152021e+23,1.0015614507769358e+20,3.3564741417173403e+22
1677385945945.946,1704.8640298139749,258412780.05515653,0,1.1846379323708259e+22,3.3564741417173403e+22,1.0079438039659798e+23,9.985700488531793e+19,1.2140886625842846e+17,5.5408278916714274e+22,5.456783230795443e-54,1.0027755394395202e+20,0.0,0.0,9.976262363963394e+16,0.0,1.0069422425152021e+23,1.0015614507769358e+20,3.3564741417173403e+22
1680544864864.865,1702.801626856939,258367291.47721675,0,1.1846379323708259e+22,3.3564741417173403e+22,1.0079438039659798e+23,9.985700488531793e+19,1.2140886625842846e+17,5.5408278916714274e+22,3.973132783909329e-54,1.0027755394395202e+20,0.0,0.0,9.976262363963394e+16,0.0,1.0069422425152021e+23,1.0015614507769358e+20,3.3564741417173403e+22
1683703783783.784,1700.7392238999032,258321977.76121667,0,1.1846379323708259e+22,3.3564741417173403e+22,1.0079438039659798e+23,9.985700488531793e+19,1.2140886625842846e+17,5.5408278916714274e+22,2.8928735943710886e-54,1.0027755394395202e+20,0.0,0.0,9.976262363963394e+16,0.0,1.0069422425152021e+23,1.0015614507769358e+20,3.3564741417173403e+22
1686862702702.7026,1698.6768209428674,258276839.4337571,0,1.1846379323708259e+22,3.3564741417173403e+22,1.0079438039659798e+23,9.985700488531793e+19,1.2140886625842846e+17,5.5408278916714274e+22,2.106327195230353e-54,1.0027755394395202e+20,0.0,0.0,9.976262363963394e+16,0.0,1.0069422425152021e+23,1.0015614507769358e+20,3.3564741417173403e+22
1690021621621.6218,1696.6144179858316,258231877.02421942,0,1.1846379323708259e+22,3.3564741417173403e+22,1.0079438039659798e+23,9.985700488531793e+19,1.2140886625842846e+17,5.5408278916714274e+22,1.5336357115636387e-54,1.0027755394395202e+20,0.0,0.0,9.976262363963394e+16,0.0,1.0069422425152021e+23,1.0015614507769358e+20,3.3564741417173403e+22
1693180540540.5408,1694.5520150287957,258187091.0647561,0,1.1846379323708259e+22,3.3564741417173403e+22,1.0079438039659798e+23,9.985700488531793e+19,1.2140886625842846e+17,5.5408278916714274e+22,1.116653908808353e-54,1.0027755394395202e+20,0.0,0.0,9.976262363963394e+16,0.0,1.0069422425152021e+23,1.0015614507769358e+20,3.3564741417173403e+22
1696339459459.4595,1692.48961207176,258142482.09027985,0,1.1846379323708259e+22,3.3564741417173403e+22,1.0079438039659798e+23,9.985700488531793e+19,1.2140886625842846e+17,5.5408278916714274e+22,8.130457204766468e-55,1.0027755394395202e+20,0.0,0.0,9.976262363963394e+16,0.0,1.0069422425152021e+23,1.0015614507769358e+20,3.3564741417173403e+22
1699498378378.3784,1690.427209114724,258098050.6384517,0,1.1846379323708259e+22,3.3564741417173403e+22,1.0079438039659798e+23,9.985700488531793e+19,1.2140886625842846e+17,5.5408278916714274e+22,5.9198587706626844e-55,1.0027755394395202e+20,0.0,0.0,9.976262363963394e+16,0.0,1.0069422425152021e+23,1.0015614507769358e+20,3.3564741417173403e+22
1702657297297.2974,1688.3648061576882,258053797.2496673,0,1.1846379323708259e+22,3.3564741417173403e+22,1.0079438039659798e+23,9.985700488531793e+19,1.2140886625842846e+17,5.5408278916714274e+22,4.3103022354077436e-55,1.0027755394395202e+20,0.0,0.0,9.976262363963394e+16,0.0,1.0069422425152021e+23,1.0015614507769358e+20,3.3564741417173403e+22
1705816216216.2163,1686.3024032006524,258009722.46704182,0,1.1846379323708259e+22,3.3564741417173403e+22,1.0079438039659798e+23,9.985700488531793e+19,1.2140886625842846e+17,5.5408278916714274e+22,3.138369694329928e-55,1.0027755394395202e+20,0.0,0.0,9.976262363963394e+16,0.0,1.0069422425152021e+23,1.0015614507769358e+20,3.3564741417173403e+22
1708975135135.1353,1684.2400002436166,257965826.83639365,0,1.1846379323708259e+22,3.3564741417173403e+22,1.0079438039659798e+23,9.985700488531793e+19,1.2140886625842846e+17,5.5408278916714274e+22,2.2850751061907383e-55,1.0027755394395202e+20,0.0,0.0,9.976262363963394e+16,0.0,1.0069422425152021e+23,1.0015614507769358e+20,3.3564741417173403e+22
1712134054054.0542,1682.1775972865807,257922110.9062257,0,1.1846379323708259e+22,3.3564741417173403e+22,1.0079438039659798e+23,9.985700488531793e+19,1.2140886625842846e+17,5.5408278916714274e+22,1.6637836677961767e-55,1.0027755394395202e+20,0.0,0.0,9.976262363963394e+16,0.0,1.0069422425152021e+23,1.0015614507769358e+20,3.3564741417173403e+22
1715292972972.9731,1680.115194329545,257878575.22770575,0,1.1846379323708259e+22,3.3564741417173403e+22,1.0079438039659798e+23,9.985700488531793e+19,1.2140886625842846e+17,5.5408278916714274e+22,1.2114158023627934e-55,1.0027755394395202e+20,0.0,0.0,9.976262363963394e+16,0.0,1.0069422425152021e+23,1.0015614507769358e+20,3.3564741417173403e+22
1718451891891.8918,1678.052791372509,257835220.35464492,0,1.1846379323708259e+22,3.3564741417173403e+22,1.0079438039659798e+23,9.985700488531793e+19,1.2140886625842846e+17,5.5408278916714274e+22,8.82042704601228e-56,1.0027755394395202e+20,0.0,0.0,9.976262363963394e+16,0.0,1.0069422425152021e+23,1.0015614507769358e+20,3.3564741417173403e+22
1721610810810.811,1675.9903884154733,257792046.84347424,0,1.1846379323708259e+22,3.3564741417173403e+22,1.0079438039659798e+23,9.985700488531793e+19,1.2140886625842846e+17,5.5408278916714274e+22,6.422231996832206e-56,1.0027755394395202e+20,0.0,0.0,9.976262363963394e+16,0.0,1.0069422425152021e+23,1.0015614507769358e+20,3.3564741417173403e+22
1724769729729.73,1673.9279854584374,257749055.25321925,0,1.1846379323708259e+22,3.3564741417173403e+22,1.0079438039659798e+23,9.985700488531793e+19,1.2140886625842846e+17,5.5408278916714274e+22,4.676084684559836e-56,1.0027755394395202e+20,0.0,0.0,9.976262363963394e+16,0.0,1.0069422425152021e+23,1.0015614507769358e+20,3.3564741417173403e+22
1727928648648.6487,1671.8655825014016,257706246.14547294,0,1.1846379323708259e+22,3.3564741417173403e+22,1.0079438039659798e+23,9.985700488531793e+19,1.2140886625842846e+17,5.5408278916714274e+22,3.4046991743618808e-56,1.0027755394395202e+20,0.0,0.0,9.976262363963394e+16,0.0,1.0069422425152021e+23,1.0015614507769358e+20,3.3564741417173403e+22
1731087567567.5676,1669.8031795443658,257663620.08436674,0,1.1846379323708259e+22,3.3564741417173403e+22,1.0079438039659798e+23,9.985700488531793e+19,1.2140886625842846e+17,5.5408278916714274e+22,2.4789919879288144e-56,1.0027755394395202e+20,0.0,0.0,9.976262363963394e+16,0.0,1.0069422425152021e+23,1.0015614507769358e+20,3.3564741417173403e+22
1734246486486.4866,1667.74077658733,257621177.63653937,0,1.1846379323708259e+22,3.3564741417173403e+22,1.0079438039659798e+23,9.985700488531793e+19,1.2140886625842846e+17,5.5408278916714274e+22,1.8049762876237206e-56,1.0027755394395202e+20,0.0,0.0,9.976262363963394e+16,0.0,1.0069422425152021e+23,1.0015614507769358e+20,3.3564741417173403e+22
1737405405405.4055,1665.6783736302941,257578919.37110347,0,1.1846379323708259e+22,3.3564741417173403e+22,1.0079438039659798e+23,9.985700488531793e+19,1.2140886625842846e+17,5.5408278916714274e+22,1.3142194144830218e-56,1.0027755394395202e+20,0.0,0.0,9.976262363963394e+16,0.0,1.0069422425152021e+23,1.0015614507769358e+20,3.3564741417173403e+22
1740564324324.3245,1663.6159706732583,257536845.85961035,0,1.1846379323708259e+22,3.3564741417173403e+22,1.0079438039659798e+23,9.985700488531793e+19,1.2140886625842846e+17,5.5408278916714274e+22,9.568949360979952e-57,1.0027755394395202e+20,0.0,0.0,9.976262363963394e+16,0.0,1.0069422425152021e+23,1.0015614507769358e+20,3.3564741417173403e+22
1743723243243.2434,1661.5535677162225,257494957.6760122,0,1.1846379323708259e+22,3.3564741417173403e+22,1.0079438039659798e+23,9.985700488531793e+19,1.2140886625842846e+17,5.5408278916714274e+22,6.967237803971853e-57,1.0027755394395202e+20,0.0,0.0,9.976262363963394e+16,0.0,1.0069422425152021e+23,1.0015614507769358e+20,3.3564741417173403e+22
1746882162162.162,1659.4911647591866,257453255.3966222,0,1.1846379323708259e+22,3.3564741417173403e+22,1.0079438039659798e+23,9.985700488531793e+19,1.2140886625842846e+17,5.5408278916714274e+22,5.072908298066624e-57,1.0027755394395202e+20,0.0,0.0,9.976262363963394e+16,0.0,1.0069422425152021e+23,1.0015614507769358e+20,3.3564741417173403e+22
1750041081081.081,1657.4287618021508,257411739.60007226,0,1.1846379323708259e+22,3.3564741417173403e+22,1.0079438039659798e+23,9.985700488531793e+19,1.2140886625842846e+17,5.5408278916714274e+22,3.693630004407581e-57,1.0027755394395202e+20,0.0,0.0,9.976262363963394e+16,0.0,1.0069422425152021e+23,1.0015614507769358e+20,3.3564741417173403e+22
1753200000000.0002,1655.366358845115,257370410.86726803,0,1.1846379323708259e+22,3.3564741417173403e+22,1.0079438039659798e+23,9.985700488531793e+19,1.2140886625842846e+17,5.5408278916714274e+22,2.689365115206103e-57,1.0027755394395202e+20,0.0,0.0,9.976262363963394e+16,0.0,1.0069422425152021e+23,1.0015614507769358e+20,3.3564741417173403e+22
1756358918918.9192,1653.3039558880791,257329269.78134185,0,1.1846379323708259e+22,3.3564741417173403e+22,1.0079438039659798e+23,9.985700488531793e+19,1.2140886625842846e+17,5.5408278916714274e+22,1.9581508473390213e-57,1.0027755394395202e+20,0.0,0.0,9.976262363963394e+16,0.0,1.0069422425152021e+23,1.0015614507769358e+20,3.3564741417173403e+22
1759517837837.838,1651.2415529310433,257288316.92760244,0,1.1846379323708259e+22,3.3564741417173403e+22,1.0079438039659798e+23,9.985700488531793e+19,1.2140886625842846e+17,5.5408278916714274e+22,1.4257471844393566e-57,1.0027755394395202e+20,0.0,0.0,9.976262363963394e+16,0.0,1.0069422425152021e+23,1.0015614507769358e+20,3.3564741417173403e+22
1762676756756.7568,1649.1791499740075,257247552.89348254,0,1.1846379323708259e+22,3.3564741417173403e+22,1.0079438039659798e+23,9.985700488531793e+19,1.2140886625842846e+17,5.5408278916714274e+22,1.0380993051169232e-57,1.0027755394395202e+20,0.0,0.0,9.976262363963394e+16,0.0,1.0069422425152021e+23,1.0015614507769358e+20,3.3564741417173403e+22
1765835675675.6758,1647.1167470169717,257206978.2684834,0,1.1846379323708259e+22,3.3564741417173403e+22,1.0079438039659798e+23,9.985700488531793e+19,1.2140886625842846e+17,5.5408278916714274e+22,7.55849409380388e-58,1.0027755394395202e+20,0.0,0.0,9.976262363963394e+16,0.0,1.0069422425152021e+23,1.0015614507769358e+20,3.3564741417173403e+22
1768994594594.5947,1645.0543440599358,257166593.64411628,0,1.1846379323708259e+22,3.3564741417173403e+22,1.0079438039659798e+23,9.985700488531793e+19,1.2140886625842846e+17,5.5408278916714274e+22,5.5034073026022664e-58,1.0027755394395202e+20,0.0,0.0,9.976262363963394e+16,0.0,1.0069422425152021e+23,1.0015614507769358e+20,3.3564741417173403e+22
1772153513513.5137,1642.9919411029,257126399.6138416,0,1.1846379323708259e+22,3.3564741417173403e+22,1.0079438039659798e+23,9.985700488531793e+19,1.2140886625842846e+17,5.5408278916714274e+22,4.00708018852119e-58,1.0027755394395202e+20,0.0,0.0,9.976262363963394e+16,0.0,1.0069422425152021e+23,1.0015614507769358e+20,3.3564741417173403e+22
1775312432432.4326,1640.9295381458642,257086396.77300435,0,1.1846379323708259e+22,3.3564741417173403e+22,1.0079438039659798e+23,9.985700488531793e+19,1.2140886625842846e+17,5.5408278916714274e+22,2.9175910039670642e-58,1.0027755394395202e+20,0.0,0.0,9.976262363963394e+16,0.0,1.0069422425152021e+23,1.0015614507769358e+20,3.3564741417173403e+22
1778471351351.3513,1638.8671351888283,257046585.7187667,0,1.1846379323708259e+22,3.3564741417173403e+22,1.0079438039659798e+23,9.985700488531793e+19,1.2140886625842846e+17,5.5408278916714274e+22,2.124324162719342e-58,1.0027755394395202e+20,0.0,0.0,9.976262363963394e+16,0.0,1.0069422425152021e+23,1.0015614507769358e+20,3.3564741417173403e+22
1781630270270.2703,1636.8047322317925,257006967.0500376,0,1.1846379323708259e+22,3.3564741417173403e+22,1.0079438039659798e+23,9.985700488531793e+19,1.2140886625842846e+17,5.5408278916714274e+22,1.5467394649137657e-58,1.0027755394395202e+20,0.0,0.0,9.976262363963394e+16,0.0,1.0069422425152021e+23,1.0015614507769358e+20,3.3564741417173403e+22
1784789189189.1895,1634.7423292747567,256967541.36739856,0,1.1846379323708259e+22,3.3564741417173403e+22,1.0079438039659798e+23,9.985700488531793e+19,1.2140886625842846e+17,5.5408278916714274e+22,1.1261948690821335e-58,1.0027755394395202e+20,0.0,0.0,9.976262363963394e+16,0.0,1.0069422425152021e+23,1.0015614507769358e+20,3.3564741417173403e+22
1787948108108.1082,1632.6799263177209,256928309.27302656,0,1.1846379323708259e+22,3.3564741417173403e+22,1.0079438039659798e+23,9.985700488531793e+19,1.2140886625842846e+17,5.5408278916714274e+22,8.199925791753397e-59,1.0027755394395202e+20,0.0,0.0,9.976262363963394e+16,0.0,1.0069422425152021e+23,1.0015614507769358e+20,3.3564741417173403e+22
1791107027027.027,1630.617523360685,256889271.37061292,0,1.1846379323708259e+22,3.3564741417173403e+22,1.0079438039659798e+23,9.985700488531793e+19,1.2140886625842846e+17,5.5408278916714274e+22,5.97043947155107e-59,1.0027755394395202e+20,0.0,0.0,9.976262363963394e+16,0.0,1.0069422425152021e+23,1.0015614507769358e+20,3.3564741417173403e+22
1794265945945.946,1628.5551204036492,256850428.2652792,0,1.1846379323708259e+22,3.3564741417173403e+22,1.0079438039659798e+23,9.985700488531793e+19,1.2140886625842846e+17,5.5408278916714274e+22,4.347130497120361e-59,1.0027755394395202e+20,0.0,0.0,9.976262363963394e+16,0.0,1.0069422425152021e+23,1.0015614507769358e+20,3.3564741417173403e+22
1797424864864.865,1626.4927174466134,256811780.56348872,0,1.1846379323708259e+22,3.3564741417173403e+22,1.0079438039659798e+23,9.985700488531793e+19,1.2140886625842846e+17,5.5408278916714274e+22,3.165184681804419e-59,1.0027755394395202e+20,0.0,0.0,9.976262363963394e+16,0.0,1.0069422425152021e+23,1.0015614507769358e+20,3.3564741417173403e+22
1800583783783.784,1624.4303144895775,256773328.87295488,0,1.1846379323708259e+22,3.3564741417173403e+22,1.0079438039659798e+23,9.985700488531793e+19,1.2140886625842846e+17,5.5408278916714274e+22,2.3045993389353638e-59,1.0027755394395202e+20,0.0,0.0,9.976262363963394e+16,0.0,1.0069422425152021e+23,1.0015614507769358e+20,3.3564741417173403e+22
1803742702702.703,1622.3679115325417,256735073.802545,0,1.1846379323708259e+22,3.3564741417173403e+22,1.0079438039659798e+23,9.985700488531793e+19,1.2140886625842846e+17,5.5408278916714274e+22,1.677999436669048e-59,1.0027755394395202e+20,0.0,0.0,9.976262363963394e+16,0.0,1.0069422425152021e+23,1.0015614507769358e+20,3.3564741417173403e+22
1806901621621.6218,1620.3055085755059,256697015.96218085,0,1.1846379323708259e+22,3.3564741417173403e+22,1.0079438039659798e+23,9.985700488531793e+19,1.2140886625842846e+17,5.5408278916714274e+22,1.2217664311065798e-59,1.0027755394395202e+20,0.0,0.0,9.976262363963394e+16,0.0,1.0069422425152021e+23,1.0015614507769358e+20,3.3564741417173403e+22
1810060540540.5405,1618.24310561847,256659155.9627342,0,1.1846379323708259e+22,3.3564741417173403e+22,1.0079438039659798e+23,9.985700488531793e+19,1.2140886625842846e+17,5.5408278916714274e+22,8.895790901706465e-60,1.0027755394395202e+20,0.0,0.0,9.976262363963394e+16,0.0,1.0069422425152021e+23,1.0015614507769358e+20,3.3564741417173403e+22
1813219459459.4595,1616.1807026614342,256621494.41591907,0,1.1846379323708259e+22,3.3564741417173403e+22,1.0079438039659798e+23,9.985700488531793e+19,1.2140886625842846e+17,5.5408278916714274e+22,6.47710509571041e-60,1.0027755394395202e+20,0.0,0.0,9.976262363963394e+16,0.0,1.0069422425152021e+23,1.0015614507769358e+20,3.3564741417173403e+22
1816378378378.3787,1614.1182997043984,256584031.93417886,0,1.1846379323708259e+22,3.3564741417173403e+22,1.0079438039659798e+23,9.985700488531793e+19,1.2140886625842846e+17,5.5408278916714274e+22,4.7160382797250795e-60,1.0027755394395202e+20,0.0,0.0,9.976262363963394e+16,0.0,1.0069422425152021e+23,1.0015614507769358e+20,3.3564741417173403e+22
1819537297297.2974,1612.0558967473626,256546769.13056964,0,1.1846379323708259e+22,3.3564741417173403e+22,1.0079438039659798e+23,9.985700488531793e+19,1.2140886625842846e+17,5.5408278916714274e+22,3.4337897451381236e-60,1.0027755394395202e+20,0.0,0.0,9.976262363963394e+16,0.0,1.0069422425152021e+23,1.0015614507769358e+20,3.3564741417173403e+22
1822696216216.2163,1609.9934937903267,256509706.6186382,0,1.1846379323708259e+22,3.3564741417173403e+22,1.0079438039659798e+23,9.985700488531793e+19,1.2140886625842846e+17,5.5408278916714274e+22,2.500173093273341e-60,1.0027755394395202e+20,0.0,0.0,9.976262363963394e+16,0.0,1.0069422425152021e+23,1.0015614507769358e+20,3.3564741417173403e+22
1825855135135.1353,1607.931090833291,256472845.01229635,0,1.1846379323708259e+22,3.3564741417173403e+22,1.0079438039659798e+23,9.985700488531793e+19,1.2140886625842846e+17,5.5408278916714274e+22,1.8203984402884713e-60,1.0027755394395202e+20,0.0,0.0,9.976262363963394e+16,0.0,1.0069422425152021e+23,1.0015614507769358e+20,3.3564741417173403e+22
1829014054054.054,1605.868687876255,256436184.92568958,0,1.1846379323708259e+22,3.3564741417173403e+22,1.0079438039659798e+23,9.985700488531793e+19,1.2140886625842846e+17,5.5408278916714274e+22,1.3254484220794704e-60,1.0027755394395202e+20,0.0,0.0,9.976262363963394e+16,0.0,1.0069422425152021e+23,1.0015614507769358e+20,3.3564741417173403e+22
1832172972972.9731,1603.8062849192193,256399726.97306135,0,1.1846379323708259e+22,3.3564741417173403e+22,1.0079438039659798e+23,9.985700488531793e+19,1.2140886625842846e+17,5.5408278916714274e+22,9.65070877183658e-61,1.0027755394395202e+20,0.0,0.0,9.976262363963394e+16,0.0,1.0069422425152021e+23,1.0015614507769358e+20,3.3564741417173403e+22
1835331891891.892,1601.7438819621834,256363471.76861206,0,1.1846379323708259e+22,3.3564741417173403e+22,1.0079438039659798e+23,9.985700488531793e+19,1.2140886625842846e+17,5.5408278916714274e+22,7.026767563892373e-61,1.0027755394395202e+20,0.0,0.0,9.976262363963394e+16,0.0,1.0069422425152021e+23,1.0015614507769358e+20,3.3564741417173403e+22
1838490810810.811,1599.6814790051476,256327419.9263531,0,1.1846379323708259e+22,3.3564741417173403e+22,1.0079438039659798e+23,9.985700488531793e+19,1.2140886625842846e+17,5.5408278916714274e+22,5.116252449878203e-61,1.0027755394395202e+20,0.0,0.0,9.976262363963394e+16,0.0,1.0069422425152021e+23,1.0015614507769358e+20,3.3564741417173403e+22
1841649729729.7297,1597.6190760481118,256291572.05995572,0,1.1846379323708259e+22,3.3564741417173403e+22,1.0079438039659798e+23,9.985700488531793e+19,1.2140886625842846e+17,5.5408278916714274e+22,3.725189269870325e-61,1.0027755394395202e+20,0.0,0.0,9.976262363963394e+16,0.0,1.0069422425152021e+23,1.0015614507769358e+20,3.3564741417173403e+22
1844808648648.6487,1595.556673091076,256255928.782594,0,1.1846379323708259e+22,3.3564741417173403e+22,1.0079438039659798e+23,9.985700488531793e+19,1.2140886625842846e+17,5.5408278916714274e+22,2.7123436992807814e-61,1.0027755394395202e+20,0.0,0.0,9.976262363963394e+16,0.0,1.0069422425152021e+23,1.0015614507769358e+20,3.3564741417173403e+22
1847967567567.5679,1593.49427013404,256220490.70678324,0,1.1846379323708259e+22,3.3564741417173403e+22,1.0079438039659798e+23,9.985700488531793e+19,1.2140886625842846e+17,5.5408278916714274e+22,1.9748817603794523e-61,1.0027755394395202e+20,0.0,0.0,9.976262363963394e+16,0.0,1.0069422425152021e+23,1.0015614507769358e+20,3.3564741417173403e+22
1851126486486.4866,1591.4318671770043,256185258.4442119,0,1.1846379323708259e+22,3.3564741417173403e+22,1.0079438039659798e+23,9.985700488531793e+19,1.2140886625842846e+17,5.5408278916714274e+22,1.437929112196817e-61,1.0027755394395202e+20,0.0,0.0,9.976262363963394e+16,0.0,1.0069422425152021e+23,1.0015614507769358e+20,3.3564741417173403e+22
1854285405405.4055,1589.3694642199684,256150232.6055683,0,1.1846379323708259e+22,3.3564741417173403e+22,1.0079438039659798e+23,9.985700488531793e+19,1.2140886625842846e+17,5.5408278916714274e+22,1.0469690759136138e-61,1.0027755394395202e+20,0.0,0.0,9.976262363963394e+16,0.0,1.0069422425152021e+23,1.0015614507769358e+20,3.3564741417173403e+22
1857444324324.3245,1587.3070612629326,256115413.8003613,0,1.1846379323708259e+22,3.3564741417173403e+22,1.0079438039659798e+23,9.985700488531793e+19,1.2140886625842846e+17,5.5408278916714274e+22,7.62307569004397e-62,1.0027755394395202e+20,0.0,0.0,9.976262363963394e+16,0.0,1.0069422425152021e+23,1.0015614507769358e+20,3.3564741417173403e+22
1860603243243.2432,1585.2446583058968,256080802.6367352,0,1.1846379323708259e+22,3.3564741417173403e+22,1.0079438039659798e+23,9.985700488531793e+19,1.2140886625842846e+17,5.5408278916714274e+22,5.550429741721824e-62,1.0027755394395202e+20,0.0,0.0,9.976262363963394e+16,0.0,1.0069422425152021e+23,1.0015614507769358e+20,3.3564741417173403e+22
1863762162162.1624,1583.182255348861,256046399.7212782,0,1.1846379323708259e+22,3.3564741417173403e+22,1.0079438039659798e+23,9.985700488531793e+19,1.2140886625842846e+17,5.5408278916714274e+22,4.041317647944342e-62,1.0027755394395202e+20,0.0,0.0,9.976262363963394e+16,0.0,1.0069422425152021e+23,1.0015614507769358e+20,3.3564741417173403e+22
1866921081081.0813,1581.1198523918251,256012205.65882525,0,1.1846379323708259e+22,3.3564741417173403e+22,1.0079438039659798e+23,9.985700488531793e+19,1.2140886625842846e+17,5.5408278916714274e+22,2.942519605071136e-62,1.0027755394395202e+20,0.0,0.0,9.976262363963394e+16,0.0,1.0069422425152021e+23,1.0015614507769358e+20,3.3564741417173403e+22
1870080000000.0,1579.0574494347893,255978221.05225405,0,1.1846379323708259e+22,3.3564741417173403e+22,1.0079438039659798e+23,9.985700488531793e+19,1.2140886625842846e+17,5.5408278916714274e+22,2.1424749006384565e-62,1.0027755394395202e+20,0.0,0.0,9.976262363963394e+16,0.0,1.0069422425152021e+23,1.0015614507769358e+20,3.3564741417173403e+22
1873238918918.919,1576.9950464777535,255944446.50227484,0,1.1846379323708259e+22,3.3564741417173403e+22,1.0079438039659798e+23,9.985700488531793e+19,1.2140886625842846e+17,5.5408278916714274e+22,1.559955179892436e-62,1.0027755394395202e+20,0.0,0.0,9.976262363963394e+16,0.0,1.0069422425152021e+23,1.0015614507769358e+20,3.3564741417173403e+22
1876397837837.838,1574.9326435207176,255910882.60721382,0,1.1846379323708259e+22,3.3564741417173403e+22,1.0079438039659798e+23,9.985700488531793e+19,1.2140886625842846e+17,5.5408278916714274e+22,1.1358173496212595e-62,1.0027755394395202e+20,0.0,0.0,9.976262363963394e+16,0.0,1.0069422425152021e+23,1.0015614507769358e+20,3.3564741417173403e+22
1879556756756.757,1572.8702405636818,255877529.9627898,0,1.1846379323708259e+22,3.3564741417173403e+22,1.0079438039659798e+23,9.985700488531793e+19,1.2140886625842846e+17,5.5408278916714274e+22,8.269987935099632e-63,1.0027755394395202e+20,0.0,0.0,9.976262363963394e+16,0.0,1.0069422425152021e+23,1.0015614507769358e+20,3.3564741417173403e+22
1882715675675.6758,1570.807837606646,255844389.16188383,0,1.1846379323708259e+22,3.3564741417173403e+22,1.0079438039659798e+23,9.985700488531793e+19,1.2140886625842846e+17,5.5408278916714274e+22,6.021452346145193e-63,1.0027755394395202e+20,0.0,0.0,9.976262363963394e+16,0.0,1.0069422425152021e+23,1.0015614507769358e+20,3.3564741417173403e+22
1885874594594.5947,1568.7454346496102,255811460.7943024,0,1.1846379323708259e+22,3.3564741417173403e+22,1.0079438039659798e+23,9.985700488531793e+19,1.2140886625842846e+17,5.5408278916714274e+22,4.384273428382049e-63,1.0027755394395202e+20,0.0,0.0,9.976262363963394e+16,0.0,1.0069422425152021e+23,1.0015614507769358e+20,3.3564741417173403e+22
1889033513513.5137,1566.6830316925743,255778745.44653362,0,1.1846379323708259e+22,3.3564741417173403e+22,1.0079438039659798e+23,9.985700488531793e+19,1.2140886625842846e+17,5.5408278916714274e+22,3.1922287829982267e-63,1.0027755394395202e+20,0.0,0.0,9.976262363963394e+16,0.0,1.0069422425152021e+23,1.0015614507769358e+20,3.3564741417173403e+22
1892192432432.4326,1564.6206287355385,255746243.70149598,0,1.1846379323708259e+22,3.3564741417173403e+22,1.0079438039659798e+23,9.985700488531793e+19,1.2140886625842846e+17,5.5408278916714274e+22,2.3242903914327547e-63,1.0027755394395202e+20,0.0,0.0,9.976262363963394e+16,0.0,1.0069422425152021e+23,1.0015614507769358e+20,3.3564741417173403e+22
1895351351351.3516,1562.5582257785027,255713956.1382804,0,1.1846379323708259e+22,3.3564741417173403e+22,1.0079438039659798e+23,9.985700488531793e+19,1.2140886625842846e+17,5.5408278916714274e+22,1.6923366684992482e-63,1.0027755394395202e+20,0.0,0.0,9.976262363963394e+16,0.0,1.0069422425152021e+23,1.0015614507769358e+20,3.3564741417173403e+22
1898510270270.2705,1560.4958228214668,255681883.3318847,0,1.1846379323708259e+22,3.3564741417173403e+22,1.0079438039659798e+23,9.985700488531793e+19,1.2140886625842846e+17,5.5408278916714274e+22,1.2322054981183683e-63,1.0027755394395202e+20,0.0,0.0,9.976262363963394e+16,0.0,1.0069422425152021e+23,1.0015614507769358e+20,3.3564741417173403e+22
1901669189189.1892,1558.433419864431,255650025.85294095,0,1.1846379323708259e+22,3.3564741417173403e+22,1.0079438039659798e+23,9.985700488531793e+19,1.2140886625842846e+17,5.5408278916714274e+22,8.971798684357411e-64,1.0027755394395202e+20,0.0,0.0,9.976262363963394e+16,0.0,1.0069422425152021e+23,1.0015614507769358e+20,3.3564741417173403e+22
1904828108108.1082,1556.3710169073952,255618384.26743516,0,1.1846379323708259e+22,3.3564741417173403e+22,1.0079438039659798e+23,9.985700488531793e+19,1.2140886625842846e+17,5.5408278916714274e+22,6.532447043577874e-64,1.0027755394395202e+20,0.0,0.0,9.976262363963394e+16,0.0,1.0069422425152021e+23,1.0015614507769358e+20,3.3564741417173403e+22
1907987027027.0273,1554.3086139503594,255586959.13641977,0,1.1846379323708259e+22,3.3564741417173403e+22,1.0079438039659798e+23,9.985700488531793e+19,1.2140886625842846e+17,5.5408278916714274e+22,4.7563332480420765e-64,1.0027755394395202e+20,0.0,0.0,9.976262363963394e+16,0.0,1.0069422425152021e+23,1.0015614507769358e+20,3.3564741417173403e+22
1911145945945.946,1552.2462109933235,255555751.01571816,0,1.1846379323708259e+22,3.3564741417173403e+22,1.0079438039659798e+23,9.985700488531793e+19,1.2140886625842846e+17,5.5408278916714274e+22,3.4631288727661616e-64,1.0027755394395202e+20,0.0,0.0,9.976262363963394e+16,0.0,1.0069422425152021e+23,1.0015614507769358e+20,3.3564741417173403e+22
1914304864864.865,1550.1838080362877,255524760.4556219,0,1.1846379323708259e+22,3.3564741417173403e+22,1.0079438039659798e+23,9.985700488531793e+19,1.2140886625842846e+17,5.5408278916714274e+22,2.5215351750896762e-64,1.0027755394395202e+20,0.0,0.0,9.976262363963394e+16,0.0,1.0069422425152021e+23,1.0015614507769358e+20,3.3564741417173403e+22
1917463783783.784,1548.1214050792519,255493988.00057998,0,1.1846379323708259e+22,3.3564741417173403e+22,1.0079438039659798e+23,9.985700488531793e+19,1.2140886625842846e+17,5.5408278916714274e+22,1.8359523635445833e-64,1.0027755394395202e+20,0.0,0.0,9.976262363963394e+16,0.0,1.0069422425152021e+23,1.0015614507769358e+20,3.3564741417173403e+22
1920622702702.703,1546.059002122216,255463434.1888806,0,1.1846379323708259e+22,3.3564741417173403e+22,1.0079438039659798e+23,9.985700488531793e+19,1.2140886625842846e+17,5.5408278916714274e+22,1.3367733730246557e-64,1.0027755394395202e+20,0.0,0.0,9.976262363963394e+16,0.0,1.0069422425152021e+23,1.0015614507769358e+20,3.3564741417173403e+22
1923781621621.6218,1543.9965991651802,255433099.55232474,0,1.1846379323708259e+22,3.3564741417173403e+22,1.0079438039659798e+23,9.985700488531793e+19,1.2140886625842846e+17,5.5408278916714274e+22,9.733166754815542e-65,1.0027755394395202e+20,0.0,0.0,9.976262363963394e+16,0.0,1.0069422425152021e+23,1.0015614507769358e+20,3.3564741417173403e+22
1926940540540.5408,1541.9341962081444,255402984.61589217,0,1.1846379323708259e+22,3.3564741417173403e+22,1.0079438039659798e+23,9.985700488531793e+19,1.2140886625842846e+17,5.5408278916714274e+22,7.086805960437035e-65,1.0027755394395202e+20,0.0,0.0,9.976262363963394e+16,0.0,1.0069422425152021e+23,1.0015614507769358e+20,3.3564741417173403e+22
1930099459459.4597,1539.8717932511086,255373089.89739937,0,1.1846379323708259e+22,3.3564741417173403e+22,1.0079438039659798e+23,9.985700488531793e+19,1.2140886625842846e+17,5.5408278916714274e+22,5.15996694457514e-65,1.0027755394395202e+20,0.0,0.0,9.976262363963394e+16,0.0,1.0069422425152021e+23,1.0015614507769358e+20,3.3564741417173403e+22
1933258378378.3784,1537.8093902940727,255343415.90714967,0,1.1846379323708259e+22,3.3564741417173403e+22,1.0079438039659798e+23,9.985700488531793e+19,1.2140886625842846e+17,5.5408278916714274e+22,3.7570181853075823e-65,1.0027755394395202e+20,0.0,0.0,9.976262363963394e+16,0.0,1.0069422425152021e+23,1.0015614507769358e+20,3.3564741417173403e+22
1936417297297.2974,1535.746987337037,255313963.14757547,0,1.1846379323708259e+22,3.3564741417173403e+22,1.0079438039659798e+23,9.985700488531793e+19,1.2140886625842846e+17,5.5408278916714274e+22,2.735518617918993e-65,1.0027755394395202e+20,0.0,0.0,9.976262363963394e+16,0.0,1.0069422425152021e+23,1.0015614507769358e+20,3.3564741417173403e+22
1939576216216.2166,1533.684584380001,255284732.11287242,0,1.1846379323708259e+22,3.3564741417173403e+22,1.0079438039659798e+23,9.985700488531793e+19,1.2140886625842846e+17,5.5408278916714274e+22,1.9917556263754977e-65,1.0027755394395202e+20,0.0,0.0,9.976262363963394e+16,0.0,1.0069422425152021e+23,1.0015614507769358e+20,3.3564741417173403e+22
1942735135135.1353,1531.6221814229652,255255723.28862563,0,1.1846379323708259e+22,3.3564741417173403e+22,1.0079438039659798e+23,9.985700488531793e+19,1.2140886625842846e+17,5.5408278916714274e+22,1.4502151252826636e-65,1.0027755394395202e+20,0.0,0.0,9.976262363963394e+16,0.0,1.0069422425152021e+23,1.0015614507769358e+20,3.3564741417173403e+22
1945894054054.0542,1529.5597784659294,255226937.1514283,0,1.1846379323708259e+22,3.3564741417173403e+22,1.0079438039659798e+23,9.985700488531793e+19,1.2140886625842846e+17,5.5408278916714274e+22,1.0559146321709037e-65,1.0027755394395202e+20,0.0,0.0,9.976262363963394e+16,0.0,1.0069422425152021e+23,1.0015614507769358e+20,3.3564741417173403e+22
1949052972972.9731,1527.4973755088936,255198374.1684918,0,1.1846379323708259e+22,3.3564741417173403e+22,1.0079438039659798e+23,9.985700488531793e+19,1.2140886625842846e+17,5.5408278916714274e+22,7.68820908701595e-66,1.0027755394395202e+20,0.0,0.0,9.976262363963394e+16,0.0,1.0069422425152021e+23,1.0015614507769358e+20,3.3564741417173403e+22
1952211891891.8918,1525.4349725518578,255170034.7972488,0,1.1846379323708259e+22,3.3564741417173403e+22,1.0079438039659798e+23,9.985700488531793e+19,1.2140886625842846e+17,5.5408278916714274e+22,5.597853951900506e-66,1.0027755394395202e+20,0.0,0.0,9.976262363963394e+16,0.0,1.0069422425152021e+23,1.0015614507769358e+20,3.3564741417173403e+22
1955370810810.811,1523.372569594822,255141919.48494786,0,1.1846379323708259e+22,3.3564741417173403e+22,1.0079438039659798e+23,9.985700488531793e+19,1.2140886625842846e+17,5.5408278916714274e+22,4.0758476404770417e-66,1.0027755394395202e+20,0.0,0.0,9.976262363963394e+16,0.0,1.0069422425152021e+23,1.0015614507769358e+20,3.3564741417173403e+22
1958529729729.73,1521.310166637786,255114028.66824073,0,1.1846379323708259e+22,3.3564741417173403e+22,1.0079438039659798e+23,9.985700488531793e+19,1.2140886625842846e+17,5.5408278916714274e+22,2.967661202154481e-66,1.0027755394395202e+20,0.0,0.0,9.976262363963394e+16,0.0,1.0069422425152021e+23,1.0015614507769358e+20,3.3564741417173403e+22
1961688648648.649,1519.2477636807503,255086362.77276173,0,1.1846379323708259e+22,3.3564741417173403e+22,1.0079438039659798e+23,9.985700488531793e+19,1.2140886625842846e+17,5.5408278916714274e+22,2.1607807228393354e-66,1.0027755394395202e+20,0.0,0.0,9.976262363963394e+16,0.0,1.0069422425152021e+23,1.0015614507769358e+20,3.3564741417173403e+22
1964847567567.5676,1517.1853607237144,255058922.21269995,0,1.1846379323708259e+22,3.3564741417173403e+22,1.0079438039659798e+23,9.985700488531793e+19,1.2140886625842846e+17,5.5408278916714274e+22,1.573283813126805e-66,1.0027755394395202e+20,0.0,0.0,9.976262363963394e+16,0.0,1.0069422425152021e+23,1.0015614507769358e+20,3.3564741417173403e+22
1968006486486.4866,1515.1229577666786,255031707.39036387,0,1.1846379323708259e+22,3.3564741417173403e+22,1.0079438039659798e+23,9.985700488531793e+19,1.2140886625842846e+17,5.5408278916714274e+22,1.145522046954537e-66,1.0027755394395202e+20,0.0,0.0,9.976262363963394e+16,0.0,1.0069422425152021e+23,1.0015614507769358e+20,3.3564741417173403e+22
1971165405405.4058,1513.0605548096428,255004718.69573838,0,1.1846379323708259e+22,3.3564741417173403e+22,1.0079438039659798e+23,9.985700488531793e+19,1.2140886625842846e+17,5.5408278916714274e+22,8.34064870629384e-67,1.0027755394395202e+20,0.0,0.0,9.976262363963394e+16,0.0,1.0069422425152021e+23,1.0015614507769358e+20,3.3564741417173403e+22
1974324324324.3245,1510.998151852607,254977956.50603524,0,1.1846379323708259e+22,3.3564741417173403e+22,1.0079438039659798e+23,9.985700488531793e+19,1.2140886625842846e+17,5.5408278916714274e+22,6.07290108704141e-67,1.0027755394395202e+20,0.0,0.0,9.976262363963394e+16,0.0,1.0069422425152021e+23,1.0015614507769358e+20,3.3564741417173403e+22
1977483243243.2434,1508.9357488955711,254951421.1852365,0,1.1846379323708259e+22,3.3564741417173403e+22,1.0079438039659798e+23,9.985700488531793e+19,1.2140886625842846e+17,5.5408278916714274e+22,4.421733717805314e-67,1.0027755394395202e+20,0.0,0.0,9.976262363963394e+16,0.0,1.0069422425152021e+23,1.0015614507769358e+20,3.3564741417173403e+22
1980642162162.1624,1506.8733459385353,254925113.0836304,0,1.1846379323708259e+22,3.3564741417173403e+22,1.0079438039659798e+23,9.985700488531793e+19,1.2140886625842846e+17,5.5408278916714274e+22,3.219503955514217e-67,1.0027755394395202e+20,0.0,0.0,9.976262363963394e+16,0.0,1.0069422425152021e+23,1.0015614507769358e+20,3.3564741417173403e+22
1983801081081.081,1504.8109429814995,254899032.5373419,0,1.1846379323708259e+22,3.3564741417173403e+22,1.0079438039659798e+23,9.985700488531793e+19,1.2140886625842846e+17,5.5408278916714274e+22,2.344149689031107e-67,1.0027755394395202e+20,0.0,0.0,9.976262363963394e+16,0.0,1.0069422425152021e+23,1.0015614507769358e+20,3.3564741417173403e+22
1986960000000.0002,1502.7485400244636,254873179.86785567,0,1.1846379323708259e+22,3.3564741417173403e+22,1.0079438039659798e+23,9.985700488531793e+19,1.2140886625842846e+17,5.5408278916714274e+22,1.7067964010955754e-67,1.0027755394395202e+20,0.0,0.0,9.976262363963394e+16,0.0,1.0069422425152021e+23,1.0015614507769358e+20,3.3564741417173403e+22
1990118918918.9192,1500.6861370674278,254847555.38153398,0,1.1846379323708259e+22,3.3564741417173403e+22,1.0079438039659798e+23,9.985700488531793e+19,1.2140886625842846e+17,5.5408278916714274e+22,1.2427337590360474e-67,1.0027755394395202e+20,0.0,0.0,9.976262363963394e+16,0.0,1.0069422425152021e+23,1.0015614507769358e+20,3.3564741417173403e+22
1993277837837.838,1498.623734110392,254822159.36912817,1,1.1846263782927457e+22,3.3564741417173403e+22,1.007942692187746e+23,9.985700488531793e+19,5868085457196320.0,5.540839445749507e+22,9.04845589583232e-68,1.0027755394395202e+20,4362957430619808.0,1.1117782337061234e+17,9.972870477003579e+16,33918869598149.06,1.0069422425152021e+23,1.0015614507769358e+20,3.3564741417173403e+22
1996436756756.7568,1496.5613311533562,254796992.10528484,1,1.1846258198486488e+22,3.3564741417173403e+22,1.0079425964703752e+23,9.985700488531793e+19,283644488345461.0,5.540840004193604e+22,6.588255370834812e-68,1.0027755394395202e+20,375661306436424.0,1.2074956046364658e+17,9.969409111093125e+16,68532528702687.805,1.0069422425152021e+23,1.0015614507769358e+20,3.3564741417173403e+22
1999595675675.6758,1494.4989281963203,254772053.8480468,1,1.1846257928553464e+22,3.3564741417173403e+22,1.0079425902582622e+23,9.985700488531793e+19,13711465471516.844,5.540840031186906e+22,4.796962811334768e-68,1.0027755394395202e+20,24383023809638.0,1.2137077176914731e+17,9.965876868581526e+16,103854953818667.53,1.0069422425152021e+23,1.0015614507769358e+20,3.3564741417173403e+22
2002754594594.5947,1492.4365252392845,254747344.83834884,1,1.1846257915504863e+22,3.3564741417173403e+22,1.0079425898980845e+23,9.985700488531793e+19,662864436320.0078,5.540840032491766e+22,3.492707985633261e-68,1.0027755394395202e+20,1413862143459.461,1.2140678953184869e+17,9.962272324778078e+16,139900391853153.1,1.0069422425152021e+23,1.0015614507769358e+20,3.3564741417173403e+22
2005913513513.5137,1490.3741222822487,254722865.29950956,1,1.1846257914874046e+22,3.3564741417173403e+22,1.00794258987841e+23,9.985700488531793e+19,32047680026.67383,5.540840032554847e+22,2.543069344252116e-68,1.0027755394395202e+20,77238469651.62695,1.2140875697227878e+17,9.958594027474392e+16,176683364890024.94,1.0069422425152021e+23,1.0015614507769358e+20,3.3564741417173403e+22
2009072432432.4326,1488.3117193252128,254698615.4367187,1,1.1846257914843547e+22,3.3564741417173403e+22,1.0079425898773734e+23,9.985700488531793e+19,1549527245.747181,5.540840032557897e+22,1.8516296570528628e-68,1.0027755394395202e+20,4070161918.104553,1.214088606387393e+17,9.954840496460475e+16,214218675029194.12,1.0069422425152021e+23,1.0015614507769358e+20,3.3564741417173403e+22
2012231351351.3516,1486.249316368177,254674595.43652076,1,1.1846257914842072e+22,3.3564741417173403e+22,1.00794258987732e+23,9.985700488531793e+19,74925956.25260615,5.540840032558045e+22,1.3481867470997448e-68,1.0027755394395202e+20,209493593.38603306,1.2140886597400891e+17,9.951010223034378e+16,252521409290165.72,1.0069422425152021e+23,1.0015614507769358e+20,3.3564741417173403e+22
2015390270270.2703,1484.1869134111412,254650805.4662953,1,1.1846257914842001e+22,3.3564741417173403e+22,1.0079425898773174e+23,9.985700488531793e+19,3623226.965151593,5.540840032558052e+22,9.816258332934358e-69,1.0027755394395202e+20,10610068.697079718,1.2140886624419517e+17,9.947101669505411e+16,291606944579830.4,1.0069422425152021e+23,1.0015614507769358e+20,3.3564741417173403e+22
2018549189189.1895,1482.1245104541053,254627245.67373478,1,1.1846257914841997e+22,3.3564741417173403e+22,1.0079425898773172e+23,9.985700488531793e+19,175222.01273933193,5.540840032558052e+22,7.14729824085521e-69,1.0027755394395202e+20,531240.5989678223,1.21408866257722e+17,9.943113268690963e+16,331490952724303.7,1.0069422425152021e+23,1.0015614507769358e+20,3.3564741417173403e+22
2021708108108.1084,1480.0621074970695,254603916.18631962,1,1.1846257914841997e+22,3.3564741417173403e+22,1.0079425898773172e+23,9.985700488531793e+19,8474.447236828593,5.540840032558052e+22,5.204006497296568e-69,1.0027755394395202e+20,26378.60295230255,1.2140886625839362e+17,9.939043423406936e+16,372189405564570.7,1.0069422425152021e+23,1.0015614507769358e+20,3.3564741417173403e+22
2024867027027.027,1477.9997045400337,254580817.11079177,1,1.1846257914841997e+22,3.3564741417173403e+22,1.0079425898773172e+23,9.985700488531793e+19,409.88629445280094,5.540840032558052e+22,3.7890798328662487e-69,1.0027755394395202e+20,1301.8012519122058,1.2140886625842675e+17,9.93489050595183e+16,413718580115626.9,1.0069422425152021e+23,1.0015614507769358e+20,3.3564741417173403e+22
2028025945945.946,1475.9373015829979,254557948.53262678,1,1.1846257914841997e+22,3.3564741417173403e+22,1.0079425898773172e+23,9.985700488531793e+19,19.82642565398362,5.540840032558052e+22,2.7588601181209346e-69,1.0027755394395202e+20,63.95049289181998,1.2140886625842838e+17,9.93065285758452e+16,456095063788737.0,1.0069422425152021e+23,1.0015614507769358e+20,3.3564741417173403e+22
2031184864864.865,1473.874898625962,254535310.5155053,1,1.1846257914841997e+22,3.3564741417173403e+22,1.0079425898773172e+23,9.985700488531793e+19,0.9590785487641149,5.540840032558052e+22,2.0087486902065833e-69,1.0027755394395202e+20,3.1306913181325626,1.2140886625842846e+17,9.926328787995758e+16,499335759676358.94,1.0069422425152021e+23,1.0015614507769358e+20,3.3564741417173403e+22
2034343783783.784,1471.8124956689262,254512903.10078463,1,1.1846257914841997e+22,3.3564741417173403e+22,1.0079425898773172e+23,9.985700488531793e+19,0.04639726301058589,5.540840032558052e+22,1.4625864044005829e-69,1.0027755394395202e+20,0.15286107242736202,1.2140886625842846e+17,9.921916574773474e+16,543457891899203.75,1.0069422425152021e+23,1.0015614507769358e+20,3.3564741417173403e+22
2037502702702.703,1469.7500927118904,254490726.30697027,1,1.1846257914841997e+22,3.3564741417173403e+22,1.0079425898773172e+23,9.985700488531793e+19,0.0022447019826733125,5.540840032558052e+22,1.0649211624961557e-69,1.0027755394395202e+20,0.007448791729151916,1.2140886625842846e+17,9.917414462861912e+16,588479011014819.8,1.0069422425152021e+23,1.0015614507769358e+20,3.3564741417173403e+22
2040661621621.6218,1467.6876897548545,254468780.12918937,1,1.1846257914841997e+22,3.3564741417173403e+22,1.0079425898773172e+23,9.985700488531793e+19,0.00010860576316633775,5.540840032558052e+22,7.753778367691982e-70,1.0027755394395202e+20,0.00036242039396774256,1.2140886625842846e+17,9.912820664014693e+16,634416999487003.8,1.0069422425152021e+23,1.0015614507769358e+20,3.3564741417173403e+22
2043820540540.5405,1465.6252867978187,254447064.5386653,1,1.1846257914841997e+22,3.3564741417173403e+22,1.0079425898773172e+23,9.985700488531793e+19,5.255022948409682e-06,5.540840032558052e+22,5.645589654201766e-70,1.0027755394395202e+20,1.7613019641500647e-05,1.2140886625842846e+17,9.908133356241867e+16,681290077215252.0,1.0069422425152021e+23,1.0015614507769358e+20,3.3564741417173403e+22
2046979459459.4595,1463.562883840783,254425579.48219523,1,1.1846257914841997e+22,3.3564741417173403e+22,1.0079425898773172e+23,9.985700488531793e+19,2.5428669419977236e-07,5.540840032558052e+22,4.1106001528797055e-70,1.0027755394395202e+20,8.552030382232085e-07,1.2140886625842846e+17,9.903350683251056e+16,729116807123368.5,1.0069422425152021e+23,1.0015614507769358e+20,3.3564741417173403e+22
2050138378378.3787,1461.500480883747,254404324.88163093,1,1.1846257914841997e+22,3.3564741417173403e+22,1.0079425898773172e+23,9.985700488531793e+19,1.2305510597410591e-08,5.540840032558052e+22,2.9929617014015417e-70,1.0027755394395202e+20,4.149645518532117e-08,1.2140886625842846e+17,9.898470753882768e+16,777916100806248.1,1.0069422425152021e+23,1.0015614507769358e+20,3.3564741417173403e+22
2053297297297.2976,1459.4380779267112,254383300.63336334,1,1.1846257914841997e+22,3.3564741417173403e+22,1.0079425898773172e+23,9.985700488531793e+19,5.955282058985267e-10,5.540840032558052e+22,2.1791999739456427e-70,1.0027755394395202e+20,2.0124734599110643e-09,1.2140886625842846e+17,9.893491641540018e+16,827707224233749.0,1.0069422425152021e+23,1.0015614507769358e+20,3.3564741417173403e+22
2056456216216.2163,1457.3756749696754,254362506.6078122,1,1.1846257914841997e+22,3.3564741417173403e+22,1.0079425898773172e+23,9.985700488531793e+19,2.882248600647058e-11,5.540840032558052e+22,1.5866933827522332e-70,1.0027755394395202e+20,9.756221534203367e-11,1.2140886625842846e+17,9.888411383612347e+16,878509803510456.5,1.0069422425152021e+23,1.0015614507769358e+20,3.3564741417173403e+22
2059615135135.1353,1455.3132720126396,254341942.64892128,1,1.1846257914841997e+22,3.3564741417173403e+22,1.0079425898773172e+23,9.985700488531793e+19,1.3950399764295685e-12,5.540840032558052e+22,1.155284471810719e-70,1.0027755394395202e+20,4.728332557428342e-12,1.2140886625842846e+17,9.88322798089439e+16,930343830690027.5,1.0069422425152021e+23,1.0015614507769358e+20,3.3564741417173403e+22
2062774054054.0542,1453.2508690556037,254321608.57365984,1,1.1846257914841997e+22,3.3564741417173403e+22,1.0079425898773172e+23,9.985700488531793e+19,6.75254822001765e-14,5.540840032558052e+22,8.411721037695829e-71,1.0027755394395202e+20,2.291090419862555e-13,1.2140886625842846e+17,9.877939396999125e+16,983229669642683.4,1.0069422425152021e+23,1.0015614507769358e+20,3.3564741417173403e+22
2065932972972.9731,1451.188466098568,254301504.17153156,1,1.1846257914841997e+22,3.3564741417173403e+22,1.0079425898773172e+23,9.985700488531793e+19,3.2686940408739032e-15,5.540840032558052e+22,6.124643111069823e-71,1.0027755394395202e+20,1.1099665552987659e-14,1.2140886625842846e+17,9.872543557765963e+16,1037188061974291.6,1.0069422425152021e+23,1.0015614507769358e+20,3.3564741417173403e+22
2069091891891.892,1449.126063141532,254281629.20409158,1,1.1846257914841997e+22,3.3564741417173403e+22,1.0079425898773172e+23,9.985700488531793e+19,1.5823629119788712e-16,5.540840032558052e+22,4.459402905763773e-71,1.0027755394395202e+20,5.376886522706396e-16,1.2140886625842846e+17,9.867038350663858e+16,1092240132995345.4,1.0069422425152021e+23,1.0015614507769358e+20,3.3564741417173403e+22
2072250810810.811,1447.0636601844963,254261983.40447247,1,1.1846257914841997e+22,3.3564741417173403e+22,1.0079425898773172e+23,9.985700488531793e+19,7.66060160560304e-18,5.540840032558052e+22,3.2469278479249615e-71,1.0027755394395202e+20,2.6044773182886666e-17,1.2140886625842846e+17,9.86142162418959e+16,1148407397738010.8,1.0069422425152021e+23,1.0015614507769358e+20,3.3564741417173403e+22
2075409729729.7297,1445.0012572274604,254242566.47692037,1,1.1846257914841997e+22,3.3564741417173403e+22,1.0079425898773172e+23,9.985700488531793e+19,3.708893207728575e-19,5.540840032558052e+22,2.364114809183176e-71,1.0027755394395202e+20,1.2615108122872518e-18,1.2140886625842846e+17,9.855691187261466e+16,1205711767019266.2,1.0069422425152021e+23,1.0015614507769358e+20,3.3564741417173403e+22
2078568648648.6487,1442.9388542704246,254223378.09634185,1,1.1846257914841997e+22,3.3564741417173403e+22,1.0079425898773172e+23,9.985700488531793e+19,1.7957677232615527e-20,5.540840032558052e+22,1.7213313916325653e-71,1.0027755394395202e+20,6.110142363098671e-20,1.2140886625842846e+17,9.849844808608592e+16,1264175553548007.0,1.0069422425152021e+23,1.0015614507769358e+20,3.3564741417173403e+22
2081727567567.5676,1440.8764513133888,254204417.9078625,1,1.1846257914841997e+22,3.3564741417173403e+22,1.0079425898773172e+23,9.985700488531793e+19,8.695210248708335e-22,5.540840032558052e+22,1.2533155108670218e-71,1.0027755394395202e+20,2.9594349881764238e-21,1.2140886625842846e+17,9.84388021615601e+16,1323821478073829.0,1.0069422425152021e+23,1.0015614507769358e+20,3.3564741417173403e+22
2084886486486.4866,1438.814048356353,254185685.52639872,1,1.1846257914841997e+22,3.3564741417173403e+22,1.0079425898773172e+23,9.985700488531793e+19,4.210501437672106e-23,5.540840032558052e+22,9.125493077135294e-72,1.0027755394395202e+20,1.4334050655034975e-22,1.2140886625842846e+17,9.837795096405888e+16,1384672675575038.5,1.0069422425152021e+23,1.0015614507769358e+20,3.3564741417173403e+22
2088045405405.4053,1436.751645399317,254167180.53624254,1,1.1846257914841997e+22,3.3564741417173403e+22,1.0079425898773172e+23,9.985700488531793e+19,2.038971105922001e-24,5.540840032558052e+22,6.644346389939453e-72,1.0027755394395202e+20,6.942821188038786e-24,1.2140886625842846e+17,9.831587093815066e+16,1446752701483265.2,1.0069422425152021e+23,1.0015614507769358e+20,3.3564741417173403e+22
2091204324324.3247,1434.689242442281,254148902.4906619,1,1.1846257914841997e+22,3.3564741417173403e+22,1.0079425898773172e+23,9.985700488531793e+19,9.874419091434179e-26,5.540840032558052e+22,4.837803127604841e-72,1.0027755394395202e+20,3.3628941931191533e-25,1.2140886625842846e+17,9.825253810169205e+16,1510085537941868.8,1.0069422425152021e+23,1.0015614507769358e+20,3.3564741417173403e+22
2094363243243.2437,1432.6268394852452,254130850.91151622,1,1.1846257914841997e+22,3.3564741417173403e+22,1.0079425898773172e+23,9.985700488531793e+19,4.782279850033055e-27,5.540840032558052e+22,3.522444154462039e-72,1.0027755394395202e+20,1.6289325116374188e-26,1.2140886625842846e+17,9.818792803953877e+16,1574695600095144.5,1.0069422425152021e+23,1.0015614507769358e+20,3.3564741417173403e+22
2097522162162.1624,1430.5644365282094,254113025.28888884,1,1.1846257914841997e+22,3.3564741417173403e+22,1.0079425898773172e+23,9.985700488531793e+19,2.31622678231057e-28,5.540840032558052e+22,2.564720492759428e-72,1.0027755394395202e+20,7.890554532621518e-28,1.2140886625842846e+17,9.812201589722877e+16,1640607742405136.8,1.0069422425152021e+23,1.0015614507769358e+20,3.3564741417173403e+22
2100681081081.0813,1428.5020335711736,254095425.0807369,1,1.1846257914841997e+22,3.3564741417173403e+22,1.0079425898773172e+23,9.985700488531793e+19,1.1218881172482288e-29,5.540840032558052e+22,1.8673940359417132e-72,1.0027755394395202e+20,3.822327668160562e-29,1.2140886625842846e+17,9.805477637464125e+16,1707847264992658.8,1.0069422425152021e+23,1.0015614507769358e+20,3.3564741417173403e+22
2103840000000.0002,1426.4396306141377,254078049.71256045,1,1.1846257914841997e+22,3.3564741417173403e+22,1.0079425898773172e+23,9.985700488531793e+19,5.43425620392211e-31,5.540840032558052e+22,1.3596649207254484e-72,1.0027755394395202e+20,1.851677270675099e-30,1.2140886625842846e+17,9.7986183719635e+16,1776439919998905.5,1.0069422425152021e+23,1.0015614507769358e+20,3.3564741417173403e+22
2106998918918.919,1424.377227657102,254060898.57709044,1,1.1846257914841997e+22,3.3564741417173403e+22,1.0079425898773172e+23,9.985700488531793e+19,2.632403629181585e-32,5.540840032558052e+22,9.899831856960279e-73,1.0027755394395202e+20,8.970577876314956e-32,1.2140886625842846e+17,9.79162117216701e+16,1846411917963825.2,1.0069422425152021e+23,1.0015614507769358e+20,3.3564741417173403e+22
2110157837837.838,1422.314824700066,254043971.03399837,1,1.1846257914841997e+22,3.3564741417173403e+22,1.0079425898773172e+23,9.985700488531793e+19,1.2752237090432878e-33,5.540840032558052e+22,7.208148809472425e-73,1.0027755394395202e+20,4.346040960395428e-33,1.2140886625842846e+17,9.784483370541675e+16,1917789934217174.8,1.0069422425152021e+23,1.0015614507769358e+20,3.3564741417173403e+22
2113316756756.7568,1420.2524217430303,254027266.4096268,1,1.1846257914841997e+22,3.3564741417173403e+22,1.0079425898773172e+23,9.985700488531793e+19,6.177909201862999e-35,5.540840032558052e+22,5.2483122956243973e-73,1.0027755394395202e+20,2.1056482737638116e-34,1.2140886625842846e+17,9.777202252435598e+16,1990601115277948.5,1.0069422425152021e+23,1.0015614507769358e+20,3.3564741417173403e+22
2116475675675.6755,1418.1900187859944,254010783.99674296,1,1.1846257914841997e+22,3.3564741417173403e+22,1.0079425898773172e+23,9.985700488531793e+19,2.993075193025129e-36,5.540840032558052e+22,3.821339248186009e-73,1.0027755394395202e+20,1.0202266745486745e-35,1.2140886625842846e+17,9.769775055437632e+16,2064873085257614.5,1.0069422425152021e+23,1.0015614507769358e+20,3.3564741417173403e+22
2119634594594.5945,1416.1276158289586,253994523.0543157,1,1.1846257914841997e+22,3.3564741417173403e+22,1.0079425898773172e+23,9.985700488531793e+19,1.4501549774520913e-37,5.540840032558052e+22,2.7823484631242812e-73,1.0027755394395202e+20,4.943408025961822e-37,1.2140886625842846e+17,9.762198968737162e+16,2140633952262325.5,1.0069422425152021e+23,1.0015614507769358e+20,3.3564741417173403e+22
2122793513513.514,1414.0652128719225,253978482.80731705,1,1.1846257914841997e+22,3.3564741417173403e+22,1.0079425898773172e+23,9.985700488531793e+19,7.026379655133514e-39,5.540840032558052e+22,2.0258507469403366e-73,1.0027755394395202e+20,2.395384328153019e-38,1.2140886625842846e+17,9.754471132484494e+16,2217912314789005.2,1.0069422425152021e+23,1.0015614507769358e+20,3.3564741417173403e+22
2125952432432.4326,1412.0028099148867,253962662.4465495,1,1.1846257914841997e+22,3.3564741417173403e+22,1.0079425898773172e+23,9.985700488531793e+19,3.4046222515518417e-40,5.540840032558052e+22,1.475038552241686e-73,1.0027755394395202e+20,1.1607611632464456e-39,1.2140886625842846e+17,9.746588637152403e+16,2296737268109918.0,1.0069422425152021e+23,1.0015614507769358e+20,3.3564741417173403e+22
2129111351351.3516,1409.9404069578509,253947061.12849915,1,1.1846257914841997e+22,3.3564741417173403e+22,1.0079425898773172e+23,9.985700488531793e+19,1.6497802617649208e-41,5.540840032558052e+22,1.0739876735170592e-73,1.0027755394395202e+20,5.625088528874201e-41,1.2140886625842846e+17,9.73854852289939e+16,2377138410640039.5,1.0069422425152021e+23,1.0015614507769358e+20,3.3564741417173403e+22
2132270270270.2705,1407.878004000815,253931677.97521657,1,1.1846257914841997e+22,3.3564741417173403e+22,1.0079425898773172e+23,9.985700488531793e+19,7.994712422671945e-43,5.540840032558052e+22,7.8197923784001e-74,1.0027755394395202e+20,2.7260546068623218e-42,1.2140886625842846e+17,9.73034777893527e+16,2459145850281236.5,1.0069422425152021e+23,1.0015614507769358e+20,3.3564741417173403e+22
2135429189189.1895,1405.8156010437792,253916512.0742254,1,1.1846257914841997e+22,3.3564741417173403e+22,1.0079425898773172e+23,9.985700488531793e+19,3.874350321160258e-44,5.540840032558052e+22,5.6936549970853084e-74,1.0027755394395202e+20,1.3211686978256454e-43,1.2140886625842846e+17,9.721983342889701e+16,2542790210736939.5,1.0069422425152021e+23,1.0015614507769358e+20,3.3564741417173403e+22
2138588108108.1082,1403.7531980867434,253901562.47846007,1,1.1846257914841997e+22,3.3564741417173403e+22,1.0079425898773172e+23,9.985700488531793e+19,1.8776470198352785e-45,5.540840032558052e+22,4.145596923439935e-74,1.0027755394395202e+20,6.40324840775145e-45,1.2140886625842846e+17,9.713452100184328e+16,2628102637790669.5,1.0069422425152021e+23,1.0015614507769358e+20,3.3564741417173403e+22
2141747027027.027,1401.6907951297076,253886828.20623305,1,1.1846257914841997e+22,3.3564741417173403e+22,1.0079425898773172e+23,9.985700488531793e+19,9.100133604602278e-47,5.540840032558052e+22,3.018443137217216e-74,1.0027755394395202e+20,3.103563049058329e-46,1.2140886625842846e+17,9.704750883409253e+16,2715114805541423.0,1.0069422425152021e+23,1.0015614507769358e+20,3.3564741417173403e+22
2144905945945.946,1399.6283921726717,253872308.24123242,1,1.1846257914841997e+22,3.3564741417173403e+22,1.0079425898773172e+23,9.985700488531793e+19,4.4106242866618964e-48,5.540840032558052e+22,2.19775321645443e-74,1.0027755394395202e+20,1.5043147926773131e-47,1.2140886625842846e+17,9.695876471704538e+16,2803858922588573.5,1.0069422425152021e+23,1.0015614507769358e+20,3.3564741417173403e+22
2148064864864.8647,1397.565989215636,253858001.5325507,1,1.1846257914841997e+22,3.3564741417173403e+22,1.0079425898773172e+23,9.985700488531793e+19,2.137817216106239e-49,5.540840032558052e+22,1.6002021508640412e-74,1.0027755394395202e+20,7.291797247032085e-49,1.2140886625842846e+17,9.686825590147538e+16,2894367738158566.0,1.0069422425152021e+23,1.0015614507769358e+20,3.3564741417173403e+22
2151223783783.7837,1395.5035862586,253843906.99474537,1,1.1846257914841997e+22,3.3564741417173403e+22,1.0079425898773172e+23,9.985700488531793e+19,1.036236812352135e-50,5.540840032558052e+22,1.1651203167209643e-74,1.0027755394395202e+20,3.534662175120397e-50,1.2140886625842846e+17,9.677594909146864e+16,2986674548165304.5,1.0069422425152021e+23,1.0015614507769358e+20,3.3564741417173403e+22
2154382702702.7031,1393.441183301564,253830023.50793156,1,1.1846257914841997e+22,3.3564741417173403e+22,1.0079425898773172e+23,9.985700488531793e+19,5.023022646247254e-52,5.540840032558052e+22,8.483336631580985e-75,1.0027755394395202e+20,1.7134777539350666e-51,1.2140886625842846e+17,9.668181043843822e+16,3080813201195725.0,1.0069422425152021e+23,1.0015614507769358e+20,3.3564741417173403e+22
2157541621621.6218,1391.3787803445282,253816349.91790748,1,1.1846257914841997e+22,3.3564741417173403e+22,1.0079425898773172e+23,9.985700488531793e+19,2.4349422362214423e-53,5.540840032558052e+22,6.176787012629121e-75,1.0027755394395202e+20,8.306651945110656e-53,1.2140886625842846e+17,9.65858055352223e+16,3176818104411640.0,1.0069422425152021e+23,1.0015614507769358e+20,3.3564741417173403e+22
2160700540540.5408,1389.3163773874924,253802885.03631377,1,1.1846257914841997e+22,3.3564741417173403e+22,1.0079425898773172e+23,9.985700488531793e+19,1.1804003573770705e-54,5.540840032558052e+22,4.497369308362989e-75,1.0027755394395202e+20,4.027080349834687e-54,1.2140886625842846e+17,9.648789941027544e+16,3274724229358509.0,1.0069422425152021e+23,1.0015614507769358e+20,3.3564741417173403e+22
2163859459459.4597,1387.2539744304565,253789627.6408257,1,1.1846257914841997e+22,3.3564741417173403e+22,1.0079425898773172e+23,9.985700488531793e+19,5.722514227522639e-56,5.540840032558052e+22,3.274571497195942e-75,1.0027755394395202e+20,1.952410187996129e-55,1.2140886625842846e+17,9.638805652196261e+16,3374567117671342.0,1.0069422425152021e+23,1.0015614507769358e+20,3.3564741417173403e+22
2167018378378.3784,1385.1915714734207,253776576.47538024,1,1.1846257914841997e+22,3.3564741417173403e+22,1.0079425898773172e+23,9.985700488531793e+19,2.774348715205876e-57,5.540840032558052e+22,2.3842423770511086e-75,1.0027755394395202e+20,9.46603431191848e-57,1.2140886625842846e+17,9.628624075296646e+16,3476382886667493.5,1.0069422425152021e+23,1.0015614507769358e+20,3.3564741417173403e+22
2170177297297.2974,1383.1291685163849,253763730.25043714,1,1.1846257914841997e+22,3.3564741417173403e+22,1.0079425898773172e+23,9.985700488531793e+19,1.345090707485174e-58,5.540840032558052e+22,1.7359864389567085e-75,1.0027755394395202e+20,4.5896658895753504e-58,1.2140886625842846e+17,9.618241540481834e+16,3580208234815616.5,1.0069422425152021e+23,1.0015614507769358e+20,3.3564741417173403e+22
2173336216216.2163,1381.066765559349,253751087.64327455,1,1.1846257914841997e+22,3.3564741417173403e+22,1.0079425898773172e+23,9.985700488531793e+19,6.521660646168474e-60,5.540840032558052e+22,1.2639859710777188e-75,1.0027755394395202e+20,2.2254088288490523e-59,1.2140886625842846e+17,9.607654319256438e+16,3686080447069568.0,1.0069422425152021e+23,1.0015614507769358e+20,3.3564741417173403e+22
2176495135135.1353,1379.0043626023132,253738647.2983198,1,1.1846257914841997e+22,3.3564741417173403e+22,1.0079425898773172e+23,9.985700488531793e+19,3.162136868114195e-61,5.540840032558052e+22,9.203185573508537e-76,1.0027755394395202e+20,1.0790809591002605e-60,1.2140886625842846e+17,9.596858623957842e+16,3794037400055535.5,1.0069422425152021e+23,1.0015614507769358e+20,3.3564741417173403e+22
2179654054054.054,1376.9419596452774,253726407.8275144,1,1.1846257914841997e+22,3.3564741417173403e+22,1.0079425898773172e+23,9.985700488531793e+19,1.5332702845818744e-62,5.540840032558052e+22,6.70091493406518e-76,1.0027755394395202e+20,5.232551242909291e-62,1.2140886625842846e+17,9.585850607253381e+16,3904117567100145.0,1.0069422425152021e+23,1.0015614507769358e+20,3.3564741417173403e+22
2182812972972.9734,1374.8795566882413,253714367.81071457,1,1.1846257914841997e+22,3.3564741417173403e+22,1.0079425898773172e+23,9.985700488531793e+19,7.434848255080233e-64,5.540840032558052e+22,4.878991148763682e-76,1.0027755394395202e+20,2.5373941892097764e-63,1.2140886625842846e+17,9.57462636165472e+16,4016360023086752.5,1.0069422425152021e+23,1.0015614507769358e+20,3.3564741417173403e+22
2185971891891.8923,1372.8171537312055,253702525.7961261,1,1.1846257914841997e+22,3.3564741417173403e+22,1.0079425898773172e+23,9.985700488531793e+19,3.605293143387039e-65,5.540840032558052e+22,3.5524334906417126e-76,1.0027755394395202e+20,1.2304872975667173e-64,1.2140886625842846e+17,9.563181919050738e+16,4130804449126576.0,1.0069422425152021e+23,1.0015614507769358e+20,3.3564741417173403e+22
2189130810810.811,1370.7547507741697,253690880.30077383,1,1.1846257914841997e+22,3.3564741417173403e+22,1.0079425898773172e+23,9.985700488531793e+19,1.7483319341112128e-66,5.540840032558052e+22,2.586555974513434e-76,1.0027755394395202e+20,5.967340587469292e-66,1.2140886625842846e+17,9.551513250260322e+16,4247491137030735.5,1.0069422425152021e+23,1.0015614507769358e+20,3.3564741417173403e+22
2192289729729.73,1368.6923478171339,253679429.81100574,1,1.1846257914841997e+22,3.3564741417173403e+22,1.0079425898773172e+23,9.985700488531793e+19,8.478553877597789e-68,5.540840032558052e+22,1.883292629380827e-76,1.0027755394395202e+20,2.8940016247282192e-67,1.2140886625842846e+17,9.539616264606526e+16,4366460993568683.5,1.0069422425152021e+23,1.0015614507769358e+20,3.3564741417173403e+22
2195448648648.649,1366.629944860098,253668172.78303108,1,1.1846257914841997e+22,3.3564741417173403e+22,1.0079425898773172e+23,9.985700488531793e+19,4.1118192842270534e-69,5.540840032558052e+22,1.3712408170665426e-76,1.0027755394395202e+20,1.4035591708263145e-68,1.2140886625842846e+17,9.527486809513606e+16,4487755544497886.0,1.0069422425152021e+23,1.0015614507769358e+20,3.3564741417173403e+22
2198607567567.5676,1364.5675419030622,253657107.64349192,1,1.1846257914841997e+22,3.3564741417173403e+22,1.0079425898773172e+23,9.985700488531793e+19,1.9941616075985015e-70,5.540840032558052e+22,9.984116908095737e-77,1.0027755394395202e+20,6.807324479963552e-70,1.2140886625842846e+17,9.515120670128496e+16,4611416938348986.0,1.0069422425152021e+23,1.0015614507769358e+20,3.3564741417173403e+22
2201766486486.487,1362.5051389460264,253646232.79006845,1,1.1846257914841997e+22,3.3564741417173403e+22,1.0079425898773172e+23,9.985700488531793e+19,9.671649245585685e-72,5.540840032558052e+22,7.269517446816628e-77,1.0027755394395202e+20,3.301685559221851e-71,1.2140886625842846e+17,9.502513568968392e+16,4737487949950030.0,1.0069422425152021e+23,1.0015614507769358e+20,3.3564741417173403e+22
2204925405405.4053,1360.4427359889905,253635546.59211642,1,1.1846257914841997e+22,3.3564741417173403e+22,1.0079425898773172e+23,9.985700488531793e+19,4.6908802004593044e-73,5.540840032558052e+22,5.29299530404343e-77,1.0027755394395202e+20,1.6014311191879056e-72,1.2140886625842846e+17,9.489661165596128e+16,4866011983672668.0,1.0069422425152021e+23,1.0015614507769358e+20,3.3564741417173403e+22
2208084324324.324,1358.3803330319547,253625047.39133674,1,1.1846257914841997e+22,3.3564741417173403e+22,1.0079425898773172e+23,9.985700488531793e+19,2.2752102723289868e-74,5.540840032558052e+22,3.853873313268422e-77,1.0027755394395202e+20,7.767725698458874e-74,1.2140886625842846e+17,9.476559056325141e+16,4997033076382539.0,1.0069422425152021e+23,1.0015614507769358e+20,3.3564741417173403e+22
2211243243243.243,1356.3179300749189,253614733.50247693,1,1.1846257914841997e+22,3.3564741417173403e+22,1.0079425898773172e+23,9.985700488531793e+19,1.1035756904112396e-75,5.540840032558052e+22,2.8060367828734917e-77,1.0027755394395202e+20,3.7678393933510216e-75,1.2140886625842846e+17,9.463202773955858e+16,5130595900075366.0,1.0069422425152021e+23,1.0015614507769358e+20,3.3564741417173403e+22
2214402162162.1626,1354.2555271178828,253604603.21406224,1,1.1846257914841997e+22,3.3564741417173403e+22,1.0079425898773172e+23,9.985700488531793e+19,5.353025277069585e-77,5.540840032558052e+22,2.043098406927473e-77,1.0027755394395202e+20,1.8276975345906118e-76,1.2140886625842846e+17,9.449587787545442e+16,5266745764179528.0,1.0069422425152021e+23,1.0015614507769358e+20,3.3564741417173403e+22
2217561081081.0815,1352.193124160847,253594654.78915727,1,1.1846257914841997e+22,3.3564741417173403e+22,1.0079425898773172e+23,9.985700488531793e+19,2.5969541986324306e-78,5.540840032558052e+22,1.487596715006345e-77,1.0027755394395202e+20,8.86627748572697e-78,1.2140886625842846e+17,9.43570950221288e+16,5405528617505149.0,1.0069422425152021e+23,1.0015614507769358e+20,3.3564741417173403e+22
2220720000000.0005,1350.1307212038112,253584886.46615568,1,1.1846257914841997e+22,3.3564741417173403e+22,1.0079425898773172e+23,9.985700488531793e+19,1.2623174352191059e-79,5.540840032558052e+22,1.0831313748737238e-77,1.0027755394395202e+20,4.303093060119133e-79,1.2140886625842846e+17,9.421563258981498e+16,5546991049818971.0,1.0069422425152021e+23,1.0015614507769358e+20,3.3564741417173403e+22
2223878918918.919,1348.0683182467753,253575296.45959803,1,1.1846257914841997e+22,3.3564741417173403e+22,1.0079425898773172e+23,9.985700488531793e+19,6.310797149280324e-81,5.540840032558052e+22,7.886368418276852e-78,1.0027755394395202e+20,2.1022130277182412e-80,1.2140886625842846e+17,9.407144334661046e+16,5691180293023488.0,1.0069422425152021e+23,1.0015614507769358e+20,3.3564741417173403e+22
2227037837837.838,1346.0059152897395,253565882.96101618,1,1.1846257914841997e+22,3.3564741417173403e+22,1.0079425898773172e+23,9.985700488531793e+19,4.425268426739419e-82,5.540840032558052e+22,5.742129558018342e-78,1.0027755394395202e+20,1.126919369532076e-81,1.2140886625842846e+17,9.392447941771595e+16,5838144221918005.0,1.0069422425152021e+23,1.0015614507769358e+20,3.3564741417173403e+22
2230196756756.757,1343.9435123327037,253556644.13980293,1,1.1846257914841997e+22,3.3564741417173403e+22,1.0079425898773172e+23,9.985700488531793e+19,1.2077173948654613e-82,5.540840032558052e+22,4.180891649019893e-78,1.0027755394395202e+20,1.3263338380894226e-82,1.2140886625842846e+17,9.377469228511549e+16,5987931354518474.0,1.0069422425152021e+23,1.0015614507769358e+20,3.3564741417173403e+22
2233355675675.676,1341.8811093756678,253547578.1441061,1,1.1846257914841997e+22,3.3564741417173403e+22,1.0079425898773172e+23,9.985700488531793e+19,7.81648099102686e-83,5.540840032558052e+22,3.044141516527664e-78,1.0027755394395202e+20,6.3201241180895716e-83,1.2140886625842846e+17,9.362203278772187e+16,6140590851912097.0,1.0069422425152021e+23,1.0015614507769358e+20,3.3564741417173403e+22
2236514594594.5947,1339.818706418632,253538683.10174558,1,1.1846257914841997e+22,3.3564741417173403e+22,1.0079425898773172e+23,9.985700488531793e+19,5.643992840120558e-83,5.540840032558052e+22,2.216464417301922e-78,1.0027755394395202e+20,4.4399862313668125e-83,1.2140886625842846e+17,9.346645112201213e+16,6296172517621837.0,1.0069422425152021e+23,1.0015614507769358e+20,3.3564741417173403e+22
2239673513513.5137,1337.7563034615962,253529957.121152,1,1.1846257914841997e+22,3.3564741417173403e+22,1.0079425898773172e+23,9.985700488531793e+19,4.1072503028238965e-83,5.540840032558052e+22,1.613825929738409e-78,1.0027755394395202e+20,3.225049694646084e-83,1.2140886625842846e+17,9.33078968431789e+16,6454726796455071.0,1.0069422425152021e+23,1.0015614507769358e+20,3.3564741417173403e+22
2242832432432.4326,1335.6939005045604,253521398.29232547,1,1.1846257914841997e+22,3.3564741417173403e+22,1.0079425898773172e+23,9.985700488531793e+19,2.990491663300698e-83,5.540840032558052e+22,1.175039901911166e-78,1.0027755394395202e+20,2.3478858478415616e-83,1.2140886625842846e+17,9.314631886682422e+16,6616304772809736.0,1.0069422425152021e+23,1.0015614507769358e+20,3.3564741417173403e+22
2245991351351.3516,1333.6314975475243,253513004.68781328,1,1.1846257914841997e+22,3.3564741417173403e+22,1.0079425898773172e+23,9.985700488531793e+19,2.1774536658509954e-83,5.540840032558052e+22,8.555561945315927e-79,1.0027755394395202e+20,1.7095548916418358e-83,1.2140886625842846e+17,9.298166547122357e+16,6780958168410394.0,1.0069422425152021e+23,1.0015614507769358e+20,3.3564741417173403e+22
2249150270270.2705,1331.5690945904885,253504774.3637047,1,1.1846257914841997e+22,3.3564741417173403e+22,1.0079425898773172e+23,9.985700488531793e+19,1.5854627173549623e-83,5.540840032558052e+22,6.229374856214188e-79,1.0027755394395202e+20,1.2447817678781372e-83,1.2140886625842846e+17,9.281388430018827e+16,6948739339445688.0,1.0069422425152021e+23,1.0015614507769358e+20,3.3564741417173403e+22
2252309189189.1895,1329.5066916334526,253496705.3606416,1,1.1846257914841997e+22,3.3564741417173403e+22,1.0079425898773172e+23,9.985700488531793e+19,1.1544177413796124e-83,5.540840032558052e+22,4.5356589487939947e-79,1.0027755394395202e+20,9.063655600048592e-84,1.2140886625842846e+17,9.264292236655624e+16,7119701273077720.0,1.0069422425152021e+23,1.0015614507769358e+20,3.3564741417173403e+22
2255468108108.1084,1327.4442886764168,253488795.70484328,1,1.1846257914841997e+22,3.3564741417173403e+22,1.0079425898773172e+23,9.985700488531793e+19,8.40561971928258e-84,5.540840032558052e+22,3.302450498584621e-79,1.0027755394395202e+20,6.599534589842201e-84,1.2140886625842846e+17,9.246872605634106e+16,7293897583292908.0,1.0069422425152021e+23,1.0015614507769358e+20,3.3564741417173403e+22
2258627027027.0273,1325.381885719381,253481043.40914375,1,1.1846257914841997e+22,3.3564741417173403e+22,1.0079425898773172e+23,9.985700488531793e+19,6.120350150923927e-84,5.540840032558052e+22,2.4045413067271517e-79,1.0027755394395202e+20,4.805327012460852e-84,1.2140886625842846e+17,9.229124113357109e+16,7471382506062874.0,1.0069422425152021e+23,1.0015614507769358e+20,3.3564741417173403e+22
2261785945945.9463,1323.3194827623452,253473446.4740399,1,1.1846257914841997e+22,3.3564741417173403e+22,1.0079425898773172e+23,9.985700488531793e+19,4.456383816257739e-84,5.540840032558052e+22,1.7507662562194696e-79,1.0027755394395202e+20,3.498906295548487e-84,1.2140886625842846e+17,9.211041274585102e+16,7652210893782931.0,1.0069422425152021e+23,1.0015614507769358e+20,3.3564741417173403e+22
2264944864864.8647,1321.2570798053093,253466002.888749,1,1.1846257914841997e+22,3.3564741417173403e+22,1.0079425898773172e+23,9.985700488531793e+19,3.2448057147735087e-84,5.540840032558052e+22,1.2747472773045401e-79,1.0027755394395202e+20,2.5476596294600784e-84,1.2140886625842846e+17,9.192618543067925e+16,7836438208954709.0,1.0069422425152021e+23,1.0015614507769358e+20,3.3564741417173403e+22
2268103783783.7837,1319.1946768482735,253458710.63227358,1,1.1846257914841997e+22,3.3564741417173403e+22,1.0079425898773172e+23,9.985700488531793e+19,2.362623946342044e-84,5.540840032558052e+22,9.281539527179672e-80,1.0027755394395202e+20,1.8550269848499599e-84,1.2140886625842846e+17,9.173850312255554e+16,8024120517078419.0,1.0069422425152021e+23,1.0015614507769358e+20,3.3564741417173403e+22
2271262702702.7026,1317.1322738912377,253451567.67447242,1,1.1846257914841997e+22,3.3564741417173403e+22,1.0079425898773172e+23,9.985700488531793e+19,1.7202845971852016e-84,5.540840032558052e+22,6.75796509067718e-80,1.0027755394395202e+20,1.3506996721743264e-84,1.2140886625842846e+17,9.154730916091472e+16,8215314478719233.0,1.0069422425152021e+23,1.0015614507769358e+20,3.3564741417173403e+22
2274421621621.6216,1315.0698709342018,253444571.97713548,1,1.1846257914841997e+22,3.3564741417173403e+22,1.0079425898773172e+23,9.985700488531793e+19,1.2525809406822216e-84,5.540840032558052e+22,4.920529835925715e-80,1.0027755394395202e+20,9.834835434830711e-85,1.2140886625842846e+17,9.135254629892277e+16,8410077340711181.0,1.0069422425152021e+23,1.0015614507769358e+20,3.3564741417173403e+22
2277580540540.541,1313.0074679771658,253437721.4950616,1,1.1846257914841997e+22,3.3564741417173403e+22,1.0079425898773172e+23,9.985700488531793e+19,9.120341478114122e-85,5.540840032558052e+22,3.582678149615748e-80,1.0027755394395202e+20,7.161024239644743e-85,1.2140886625842846e+17,9.115415671317302e+16,8608466926460923.0,1.0069422425152021e+23,1.0015614507769358e+20,3.3564741417173403e+22
2280739459459.46,1310.94506502013,253431014.17713654,1,1.1846257914841997e+22,3.3564741417173403e+22,1.0079425898773172e+23,9.985700488531793e+19,6.640735822262901e-85,5.540840032558052e+22,2.6085773588891008e-80,1.0027755394395202e+20,5.214142997321703e-85,1.2140886625842846e+17,9.095208201432128e+16,8810541625312664.0,1.0069422425152021e+23,1.0015614507769358e+20,3.3564741417173403e+22
2283898378378.379,1308.8826620630941,253424447.96741053,1,1.1846257914841997e+22,3.3564741417173403e+22,1.0079425898773172e+23,9.985700488531793e+19,4.8352742928872943e-85,5.540840032558052e+22,1.899326580044221e-80,1.0027755394395202e+20,3.7965618726836397e-85,1.2140886625842846e+17,9.074626325869952e+16,9016360380934422.0,1.0069422425152021e+23,1.0015614507769358e+20,3.3564741417173403e+22
2287057297297.2974,1306.8202591060583,253418020.80617288,1,1.1846257914841997e+22,3.3564741417173403e+22,1.0079425898773172e+23,9.985700488531793e+19,3.5206741976531677e-85,5.540840032558052e+22,1.3829152681133274e-80,1.0027755394395202e+20,2.764380246270897e-85,1.2140886625842846e+17,9.053664096094918e+16,9225982678684766.0,1.0069422425152021e+23,1.0015614507769358e+20,3.3564741417173403e+22
2290216216216.2163,1304.7578561490225,253411730.63102254,1,1.1846257914841997e+22,3.3564741417173403e+22,1.0079425898773172e+23,9.985700488531793e+19,2.5634825894943732e-85,5.540840032558052e+22,1.006911954413037e-80,1.0027755394395202e+20,2.0128195312044246e-85,1.2140886625842846e+17,9.032315510771589e+16,9439468531918068.0,1.0069422425152021e+23,1.0015614507769358e+20,3.3564741417173403e+22
2293375135135.1353,1302.6954531919866,253405575.3779328,1,1.1846257914841997e+22,3.3564741417173403e+22,1.0079425898773172e+23,9.985700488531793e+19,1.866528917092152e-85,5.540840032558052e+22,7.331408563614161e-81,1.0027755394395202e+20,1.465587177249204e-85,1.2140886625842846e+17,9.010574517244874e+16,9656878467185228.0,1.0069422425152021e+23,1.0015614507769358e+20,3.3564741417173403e+22
2296534054054.054,1300.6330502349508,253399552.98230824,1,1.1846257914841997e+22,3.3564741417173403e+22,1.0079425898773172e+23,9.985700488531793e+19,1.359060816900248e-85,5.540840032558052e+22,5.338058734039708e-81,1.0027755394395202e+20,1.0671322391673524e-85,1.2140886625842846e+17,8.988435013134821e+16,9878273508285748.0,1.0069422425152021e+23,1.0015614507769358e+20,3.3564741417173403e+22
2299692972972.973,1298.570647277915,253393661.3800331,1,1.1846257914841997e+22,3.3564741417173403e+22,1.0079425898773172e+23,9.985700488531793e+19,9.895617083951238e-86,5.540840032558052e+22,3.8866843664228295e-81,1.0027755394395202e+20,7.770063955730183e-86,1.2140886625842846e+17,8.965890848050798e+16,1.0103715159125978e+16,1.0069422425152021e+23,1.0015614507769358e+20,3.3564741417173403e+22
2302851891891.892,1296.5082443208792,253387898.50850832,1,1.1846257914841997e+22,3.3564741417173403e+22,1.0079425898773172e+23,9.985700488531793e+19,7.205210877310325e-86,5.540840032558052e+22,2.8299267799107844e-81,1.0027755394395202e+20,5.657580198830373e-86,1.2140886625842846e+17,8.942935825429669e+16,1.0333265385337268e+16,1.0069422425152021e+23,1.0015614507769358e+20,3.3564741417173403e+22
2306010810810.8105,1294.4458413638433,253382262.30767736,1,1.1846257914841997e+22,3.3564741417173403e+22,1.0079425898773172e+23,9.985700488531793e+19,5.246266367504771e-86,5.540840032558052e+22,2.0604929098029527e-81,1.0027755394395202e+20,4.1194251930052354e-86,1.2140886625842846e+17,8.919563704502723e+16,1.0566986594606726e+16,1.0069422425152021e+23,1.0015614507769358e+20,3.3564741417173403e+22
2309169729729.73,1292.3834384068073,253376750.72103775,1,1.1846257914841997e+22,3.3564741417173403e+22,1.0079425898773172e+23,9.985700488531793e+19,3.819915957211353e-86,5.540840032558052e+22,1.5002617952829458e-81,1.0027755394395202e+20,2.999454664402521e-86,1.2140886625842846e+17,8.89576820239617e+16,1.0804941615672256e+16,1.0069422425152021e+23,1.0015614507769358e+20,3.3564741417173403e+22
2312328648648.649,1290.3210354497714,253371361.6966381,1,1.1846257914841997e+22,3.3564741417173403e+22,1.0079425898773172e+23,9.985700488531793e+19,2.7813594029543398e-86,5.540840032558052e+22,1.0923529237481592e-81,1.0027755394395202e+20,2.183975524601059e-86,1.2140886625842846e+17,8.871542996370146e+16,1.1047193675932502e+16,1.0069422425152021e+23,1.0015614507769358e+20,3.3564741417173403e+22
2315487567567.568,1288.2586324927356,253366093.1880589,1,1.1846257914841997e+22,3.3564741417173403e+22,1.0079425898773172e+23,9.985700488531793e+19,2.0251642393852157e-86,5.540840032558052e+22,7.953511272318379e-82,1.0027755394395202e+20,1.5902046493417635e-86,1.2140886625842846e+17,8.846881726201259e+16,1.1293806377621358e+16,1.0069422425152021e+23,1.0015614507769358e+20,3.3564741417173403e+22
2318646486486.487,1286.1962295356998,253360943.15537542,1,1.1846257914841997e+22,3.3564741417173403e+22,1.0079425898773172e+23,9.985700488531793e+19,1.4745626410765163e-86,5.540840032558052e+22,5.791016820995817e-82,1.0027755394395202e+20,1.1578653602231829e-86,1.2140886625842846e+17,8.821777996713822e+16,1.1544843672495732e+16,1.0069422425152021e+23,1.0015614507769358e+20,3.3564741417173403e+22
2321805405405.406,1284.133826578664,253355909.5661018,1,1.1846257914841997e+22,3.3564741417173403e+22,1.0079425898773172e+23,9.985700488531793e+19,1.0736581967805536e-86,5.540840032558052e+22,4.216486866344893e-82,1.0027755394395202e+20,8.430685683039513e-87,1.2140886625842846e+17,8.796225380464965e+16,1.1800369834984316e+16,1.0069422425152021e+23,1.0015614507769358e+20,3.3564741417173403e+22
2324964324324.3247,1282.0714236216281,253350990.39611584,1,1.1846257914841997e+22,3.3564741417173403e+22,1.0079425898773172e+23,9.985700488531793e+19,7.817514672982161e-87,5.540840032558052e+22,3.0700586863434044e-82,1.0027755394395202e+20,6.138574520484127e-87,1.2140886625842846e+17,8.770217420588976e+16,1.2060449433744202e+16,1.0069422425152021e+23,1.0015614507769358e+20,3.3564741417173403e+22
2328123243243.243,1280.0090206645923,253346183.63056195,1,1.1846257914841997e+22,3.3564741417173403e+22,1.0079425898773172e+23,9.985700488531793e+19,5.692082845169371e-87,5.540840032558052e+22,2.2353349213116315e-82,1.0027755394395202e+20,4.469634062824854e-87,1.2140886625842846e+17,8.74374763380626e+16,1.2325147301571362e+16,1.0069422425152021e+23,1.0015614507769358e+20,3.3564741417173403e+22
2331282162162.162,1277.9466177075565,253341487.2647324,1,1.1846257914841997e+22,3.3564741417173403e+22,1.0079425898773172e+23,9.985700488531793e+19,4.144513596620778e-87,5.540840032558052e+22,1.627565698552371e-82,1.0027755394395202e+20,3.254439546253802e-87,1.2140886625842846e+17,8.716809513602378e+16,1.2594528503610172e+16,1.0069422425152021e+23,1.0015614507769358e+20,3.3564741417173403e+22
2334441081081.081,1275.8842147505206,253336899.30492544,1,1.1846257914841997e+22,3.3564741417173403e+22,1.0079425898773172e+23,9.985700488531793e+19,3.017698012562198e-87,5.540840032558052e+22,1.1850439403281575e-82,1.0027755394395202e+20,2.369628461065536e-87,1.2140886625842846e+17,8.689396533582754e+16,1.2868658303806406e+16,1.0069422425152021e+23,1.0015614507769358e+20,3.3564741417173403e+22
2337600000000.0,1273.8218117934848,253332417.76927924,1,1.1846257914841997e+22,3.3564741417173403e+22,1.0079425898773172e+23,9.985700488531793e+19,2.1972417343664786e-87,5.540840032558052e+22,8.628402169925047e-83,1.0027755394395202e+20,1.7253774515215737e-87,1.2140886625842846e+17,8.66150215100865e+16,1.3147602129547452e+16,1.0069422425152021e+23,1.0015614507769358e+20,3.3564741417173403e+22
2340758918918.9194,1271.7594088364488,253328040.68858147,1,1.1846257914841997e+22,3.3564741417173403e+22,1.0079425898773172e+23,9.985700488531793e+19,1.599851817844787e-87,5.540840032558052e+22,6.28241042145248e-83,1.0027755394395202e+20,1.2562838997802525e-87,1.2140886625842846e+17,8.633119810520109e+16,1.3431425534432854e+16,1.0069422425152021e+23,1.0015614507769358e+20,3.3564741417173403e+22
2343917837837.8384,1269.697005879413,253323766.10705274,1,1.1846257914841997e+22,3.3564741417173403e+22,1.0079425898773172e+23,9.985700488531793e+19,1.1648809381233102e-87,5.540840032558052e+22,4.574274579034555e-83,1.0027755394395202e+20,9.147265583732513e-88,1.2140886625842846e+17,8.604242948051622e+16,1.3720194159117716e+16,1.0069422425152021e+23,1.0015614507769358e+20,3.3564741417173403e+22
2347076756756.757,1267.634602922377,253319592.08310467,1,1.1846257914841997e+22,3.3564741417173403e+22,1.0079425898773172e+23,9.985700488531793e+19,8.481705337318549e-88,5.540840032558052e+22,3.33056685582859e-83,1.0027755394395202e+20,6.660312482752916e-88,1.2140886625842846e+17,8.574864994946288e+16,1.4013973690171066e+16,1.0069422425152021e+23,1.0015614507769358e+20,3.3564741417173403e+22
2350235675675.676,1265.5721999653413,253315516.69006985,1,1.1846257914841997e+22,3.3564741417173403e+22,1.0079425898773172e+23,9.985700488531793e+19,6.175678623061993e-88,5.540840032558052e+22,2.425013057149087e-83,1.0027755394395202e+20,4.849508756871642e-88,1.2140886625842846e+17,8.54497938227431e+16,1.4312829816890842e+16,1.0069422425152021e+23,1.0015614507769358e+20,3.3564741417173403e+22
2353394594594.5947,1263.5097970083054,253311538.01690573,1,1.1846257914841997e+22,3.3564741417173403e+22,1.0079425898773172e+23,9.985700488531793e+19,4.496618700938253e-88,5.540840032558052e+22,1.765671905685419e-83,1.0027755394395202e+20,3.5310244046163226e-88,1.2140886625842846e+17,8.514579545361704e+16,1.4616828186016902e+16,1.0069422425152021e+23,1.0015614507769358e+20,3.3564741417173403e+22
2356553513513.5137,1261.4473940512696,253307654.1688695,1,1.1846257914841997e+22,3.3564741417173403e+22,1.0079425898773172e+23,9.985700488531793e+19,3.274065076217242e-88,5.540840032558052e+22,1.2856002029910362e-83,1.0027755394395202e+20,2.571008560993092e-88,1.2140886625842846e+17,8.483658928535069e+16,1.4926034354283256e+16,1.0069422425152021e+23,1.0015614507769358e+20,3.3564741417173403e+22
2359712432432.4326,1259.3849910942338,253303863.26816565,1,1.1846257914841997e+22,3.3564741417173403e+22,1.0079425898773172e+23,9.985700488531793e+19,2.383902149010118e-88,5.540840032558052e+22,9.360560569654659e-84,1.0027755394395202e+20,1.872001368641119e-88,1.2140886625842846e+17,8.45221099008833e+16,1.5240513738750648e+16,1.0069422425152021e+23,1.0015614507769358e+20,3.3564741417173403e+22
2362871351351.3516,1257.322588137198,253300163.45456424,1,1.1846257914841997e+22,3.3564741417173403e+22,1.0079425898773172e+23,9.985700488531793e+19,1.7357589702385223e-88,5.540840032558052e+22,6.815500960121153e-84,1.0027755394395202e+20,1.3630401224997387e-88,1.2140886625842846e+17,8.420229207477326e+16,1.5560331564860676e+16,1.0069422425152021e+23,1.0015614507769358e+20,3.3564741417173403e+22
2366030270270.2705,1255.2601851801621,253296552.88599065,1,1.1846257914841997e+22,3.3564741417173403e+22,1.0079425898773172e+23,9.985700488531793e+19,1.2638347412217498e-88,5.540840032558052e+22,4.9624221745862905e-84,1.0027755394395202e+20,9.924553107816325e-89,1.2140886625842846e+17,8.387707082748115e+16,1.5885552812152784e+16,1.0069422425152021e+23,1.0015614507769358e+20,3.3564741417173403e+22
2369189189189.189,1253.1977822231263,253293029.73908612,1,1.1846257914841997e+22,3.3564741417173403e+22,1.0079425898773172e+23,9.985700488531793e+19,9.202186712140125e-89,5.540840032558052e+22,3.6131803051478083e-84,1.0027755394395202e+20,7.226252381305285e-89,1.2140886625842846e+17,8.354638148204808e+16,1.621624215758585e+16,1.0069422425152021e+23,1.0015614507769358e+20,3.3564741417173403e+22
2372348108108.1084,1251.1353792660902,253289592.20973942,1,1.1846257914841997e+22,3.3564741417173403e+22,1.0079425898773172e+23,9.985700488531793e+19,6.700260301263681e-89,5.540840032558052e+22,2.630786228621588e-84,1.0027755394395202e+20,5.2615674173092316e-89,1.2140886625842846e+17,8.321015972322742e+16,1.6552463916406506e+16,1.0069422425152021e+23,1.0015614507769358e+20,3.3564741417173403e+22
2375507027027.0273,1249.0729763090544,253286238.5135887,1,1.1846257914841997e+22,3.3564741417173403e+22,1.0079425898773172e+23,9.985700488531793e+19,4.87856611143301e-89,5.540840032558052e+22,1.9154970403343526e-84,1.0027755394395202e+20,3.831042810312522e-89,1.2140886625842846e+17,8.286834165912691e+16,1.6894281980507018e+16,1.0069422425152021e+23,1.0015614507769358e+20,3.3564741417173403e+22
2378665945945.9463,1247.0105733520186,253282966.88649482,1,1.1846257914841997e+22,3.3564741417173403e+22,1.0079425898773172e+23,9.985700488531793e+19,3.552160674063393e-89,5.540840032558052e+22,1.3946891129394882e-84,1.0027755394395202e+20,2.7894509264007902e-89,1.2140886625842846e+17,8.252086388541754e+16,1.7241759754216388e+16,1.0069422425152021e+23,1.0015614507769358e+20,3.3564741417173403e+22
2381824864864.865,1244.9481703949828,253279775.58498493,1,1.1846257914841997e+22,3.3564741417173403e+22,1.0079425898773172e+23,9.985700488531793e+19,2.5863833700266613e-89,5.540840032558052e+22,1.0154845874428532e-84,1.0027755394395202e+20,2.031048544547335e-89,1.2140886625842846e+17,8.21676635521646e+16,1.759496008746931e+16,1.0069422425152021e+23,1.0015614507769358e+20,3.3564741417173403e+22
2384983783783.784,1242.885767437947,253276662.88666728,1,1.1846257914841997e+22,3.3564741417173403e+22,1.0079425898773172e+23,9.985700488531793e+19,1.8831854449674378e-89,5.540840032558052e+22,7.393826608143339e-85,1.0027755394395202e+20,1.4788418860295423e-89,1.2140886625842846e+17,8.180867843333504e+16,1.7953945206298884e+16,1.0069422425152021e+23,1.0015614507769358e+20,3.3564741417173403e+22
2388142702702.7026,1240.823364480911,253273627.0906172,1,1.1846257914841997e+22,3.3564741417173403e+22,1.0079425898773172e+23,9.985700488531793e+19,1.3711759059602747e-89,5.540840032558052e+22,5.383505824441174e-85,1.0027755394395202e+20,1.0767702447907045e-89,1.2140886625842846e+17,8.144384699903352e+16,1.8318776640600412e+16,1.0069422425152021e+23,1.0015614507769358e+20,3.3564741417173403e+22
2391301621621.6216,1238.7609615238753,253270666.5177342,1,1.1846257914841997e+22,3.3564741417173403e+22,1.0079425898773172e+23,9.985700488531793e+19,9.983737524798166e-90,5.540840032558052e+22,3.919774765866432e-85,1.0027755394395202e+20,7.840147182587845e-90,1.2140886625842846e+17,8.107310849051867e+16,1.868951514911526e+16,1.0069422425152021e+23,1.0015614507769358e+20,3.3564741417173403e+22
2394460540540.5405,1236.6985585668394,253267779.51107088,1,1.1846257914841997e+22,3.3564741417173403e+22,1.0079425898773172e+23,9.985700488531793e+19,7.26930741834854e-90,5.540840032558052e+22,2.8540201712734543e-85,1.0027755394395202e+20,5.708542719517074e-90,1.2140886625842846e+17,8.069640299804821e+16,1.906622064158572e+16,1.0069422425152021e+23,1.0015614507769358e+20,3.3564741417173403e+22
2397619459459.4595,1234.6361556098036,253264964.436134,1,1.1846257914841997e+22,3.3564741417173403e+22,1.0079425898773172e+23,9.985700488531793e+19,5.29288938428964e-90,5.540840032558052e+22,2.0780355057557194e-85,1.0027755394395202e+20,4.156484523526617e-90,1.2140886625842846e+17,8.03136715416e+16,1.944895209803392e+16,1.0069422425152021e+23,1.0015614507769358e+20,3.3564741417173403e+22
2400778378378.3784,1232.5737526527678,253262219.68115744,1,1.1846257914841997e+22,3.3564741417173403e+22,1.0079425898773172e+23,9.985700488531793e+19,3.8538295620093972e-90,5.540840032558052e+22,1.5130347033443173e-85,1.0027755394395202e+20,3.0264043717232745e-90,1.2140886625842846e+17,7.992485615451352e+16,1.98377674851204e+16,1.0069422425152021e+23,1.0015614507769358e+20,3.3564741417173403e+22
2403937297297.298,1230.5113496957317,253259548.85740823,1,1.1846257914841997e+22,3.3564741417173403e+22,1.0079425898773172e+23,9.985700488531793e+19,2.806028573362486e-90,5.540840032558052e+22,1.1016529829174819e-85,1.0027755394395202e+20,2.2035738685374145e-90,1.2140886625842846e+17,7.952989997009334e+16,2.0232723669540572e+16,1.0069422425152021e+23,1.0015614507769358e+20,3.3564741417173403e+22
2407096216216.2163,1228.448946738696,253256956.65853018,1,1.1846257914841997e+22,3.3564741417173403e+22,1.0079425898773172e+23,9.985700488531793e+19,2.043109143088413e-90,5.540840032558052e+22,8.021225766259249e-86,1.0027755394395202e+20,1.6044571892153406e-90,1.2140886625842846e+17,7.912874731121346e+16,2.0633876328420468e+16,1.0069422425152021e+23,1.0015614507769358e+20,3.3564741417173403e+22
2410255135135.1353,1226.38654378166,253254440.51312593,1,1.1846257914841997e+22,3.3564741417173403e+22,1.0079425898773172e+23,9.985700488531793e+19,1.4876163446548728e-90,5.540840032558052e+22,5.840320299674674e-86,1.0027755394395202e+20,1.1682304416501251e-90,1.2140886625842846e+17,7.872134378295744e+16,2.104127985667648e+16,1.0069422425152021e+23,1.0015614507769358e+20,3.3564741417173403e+22
2413414054054.054,1224.3241408246242,253251997.9314051,1,1.1846257914841997e+22,3.3564741417173403e+22,1.0079425898773172e+23,9.985700488531793e+19,1.0831540168548722e-90,5.540840032558052e+22,4.2523851337373834e-86,1.0027755394395202e+20,8.506066501662268e-91,1.2140886625842846e+17,7.830763636832635e+16,2.1454987271307572e+16,1.0069422425152021e+23,1.0015614507769358e+20,3.3564741417173403e+22
2416572972972.973,1222.2617378675884,253249626.5029507,1,1.1846257914841997e+22,3.3564741417173403e+22,1.0079425898773172e+23,9.985700488531793e+19,7.886592299341829e-91,5.540840032558052e+22,3.0961965094000023e-86,1.0027755394395202e+20,6.193396759611357e-91,1.2140886625842846e+17,7.788757352704144e+16,2.187505011259249e+16,1.0069422425152021e+23,1.0015614507769358e+20,3.3564741417173403e+22
2419731891891.892,1220.1993349105526,253247323.8945189,1,1.1846257914841997e+22,3.3564741417173403e+22,1.0079425898773172e+23,9.985700488531793e+19,5.742334296026893e-91,5.540840032558052e+22,2.2543660847566103e-86,1.0027755394395202e+20,4.5095053794297875e-91,1.2140886625842846e+17,7.746110529746496e+16,2.2301518342168972e+16,1.0069422425152021e+23,1.0015614507769358e+20,3.3564741417173403e+22
2422890810810.811,1218.1369319535168,253245087.8478735,1,1.1846257914841997e+22,3.3564741417173403e+22,1.0079425898773172e+23,9.985700488531793e+19,4.181070225218166e-91,5.540840032558052e+22,1.6414224448194657e-86,1.0027755394395202e+20,3.2834378340981565e-91,1.2140886625842846e+17,7.702818340165706e+16,2.273444023797687e+16,1.0069422425152021e+23,1.0015614507769358e+20,3.3564741417173403e+22
2426049729729.73,1216.074528996481,253242916.1776571,1,1.1846257914841997e+22,3.3564741417173403e+22,1.0079425898773172e+23,9.985700488531793e+19,3.044292403684383e-91,5.540840032558052e+22,1.1951331509886494e-86,1.0027755394395202e+20,2.3907192186937758e-91,1.2140886625842846e+17,7.658876135358168e+16,2.3173862286052252e+16,1.0069422425152021e+23,1.0015614507769358e+20,3.3564741417173403e+22
2429208648648.6484,1214.012126039445,253240806.76929986,1,1.1846257914841997e+22,3.3564741417173403e+22,1.0079425898773172e+23,9.985700488531793e+19,2.2165890355702257e-91,5.540840032558052e+22,8.701862540628023e-87,1.0027755394395202e+20,1.740717266115151e-91,1.2140886625842846e+17,7.614279457046854e+16,2.361982906916538e+16,1.0069422425152021e+23,1.0015614507769358e+20,3.3564741417173403e+22
2432367567567.5674,1211.9497230824093,253238757.5769667,1,1.1846257914841997e+22,3.3564741417173403e+22,1.0079425898773172e+23,9.985700488531793e+19,1.613927102726834e-91,5.540840032558052e+22,6.3358975201504015e-87,1.0027755394395202e+20,1.2674411248513802e-91,1.2140886625842846e+17,7.569024048733232e+16,2.4072383152301604e+16,1.0069422425152021e+23,1.0015614507769358e+20,3.3564741417173403e+22
2435526486486.487,1209.8873201253732,253236766.62154487,1,1.1846257914841997e+22,3.3564741417173403e+22,1.0079425898773172e+23,9.985700488531793e+19,1.1751209504280107e-91,5.540840032558052e+22,4.61321897449219e-87,1.0027755394395202e+20,9.228417815730142e-92,1.2140886625842846e+17,7.52310586746432e+16,2.4531564964990716e+16,1.0069422425152021e+23,1.0015614507769358e+20,3.3564741417173403e+22
2438685405405.406,1207.8249171683374,253234831.98867127,1,1.1846257914841997e+22,3.3564741417173403e+22,1.0079425898773172e+23,9.985700488531793e+19,8.556204306519647e-92,5.540840032558052e+22,3.3589225897248386e-87,1.0027755394395202e+20,6.719339788748716e-92,1.2140886625842846e+17,7.47652109591363e+16,2.4997412680497612e+16,1.0069422425152021e+23,1.0015614507769358e+20,3.3564741417173403e+22
2441844324324.3247,1205.7625142113015,253232951.82680115,1,1.1846257914841997e+22,3.3564741417173403e+22,1.0079425898773172e+23,9.985700488531793e+19,6.229879530516077e-92,5.540840032558052e+22,2.4456590996757846e-87,1.0027755394395202e+20,4.892443976708759e-92,1.2140886625842846e+17,7.429266154773931e+16,2.54699620918946e+16,1.0069422425152021e+23,1.0015614507769358e+20,3.3564741417173403e+22
2445003243243.2437,1203.7001112542657,253231124.34531844,1,1.1846257914841997e+22,3.3564741417173403e+22,1.0079425898773172e+23,9.985700488531793e+19,4.5360525674075494e-92,5.540840032558052e+22,1.7807044586630237e-87,1.0027755394395202e+20,3.5622551724123943e-92,1.2140886625842846e+17,7.381337715459003e+16,2.594924648504388e+16,1.0069422425152021e+23,1.0015614507769358e+20,3.3564741417173403e+22
2448162162162.1626,1201.63770829723,253229347.812688,1,1.1846257914841997e+22,3.3564741417173403e+22,1.0079425898773172e+23,9.985700488531793e+19,3.3027556126731673e-92,5.540840032558052e+22,1.2965455281656925e-87,1.0027755394395202e+20,2.593726026189142e-92,1.2140886625842846e+17,7.332732713110645e+16,2.6435296508527464e+16,1.0069422425152021e+23,1.0015614507769358e+20,3.3564741417173403e+22
2451321081081.081,1199.575305340194,253227620.5546494,1,1.1846257914841997e+22,3.3564741417173403e+22,1.0079425898773172e+23,9.985700488531793e+19,2.404776571372444e-92,5.540840032558052e+22,9.440254380384908e-88,1.0027755394395202e+20,1.8885265148221427e-92,1.2140886625842846e+17,7.283448359906293e+16,2.692814004057098e+16,1.0069422425152021e+23,1.0015614507769358e+20,3.3564741417173403e+22
2454480000000.0,1197.5129023831582,253225940.95245424,1,1.1846257914841997e+22,3.3564741417173403e+22,1.0079425898773172e+23,9.985700488531793e+19,1.750946835487096e-92,5.540840032558052e+22,6.873526677652273e-88,1.0027755394395202e+20,1.3750610771151986e-92,1.2140886625842846e+17,7.233482158661622e+16,2.742780205301769e+16,1.0069422425152021e+23,1.0015614507769358e+20,3.3564741417173403e+22
2457638918918.919,1195.4504994261224,253224307.44114438,1,1.1846257914841997e+22,3.3564741417173403e+22,1.0079425898773172e+23,9.985700488531793e+19,1.2748853308041445e-92,5.540840032558052e+22,5.0046711756586327e-88,1.0027755394395202e+20,1.0011999276565087e-92,1.2140886625842846e+17,7.1828319167214456e+16,2.7934304472419456e+16,1.0069422425152021e+23,1.0015614507769358e+20,3.3564741417173403e+22
2460797837837.838,1193.3880964690866,253222718.50787306,1,1.1846257914841997e+22,3.3564741417173403e+22,1.0079425898773172e+23,9.985700488531793e+19,9.28259125332443e-93,5.540840032558052e+22,3.643942149508517e-88,1.0027755394395202e+20,7.289866096822866e-93,1.2140886625842846e+17,7.131495760131146e+16,2.8447666038322456e+16,1.0069422425152021e+23,1.0015614507769358e+20,3.3564741417173403e+22
2463956756756.757,1191.3256935120507,253221172.69026846,1,1.1846257914841997e+22,3.3564741417173403e+22,1.0079425898773172e+23,9.985700488531793e+19,6.75876383296054e-93,5.540840032558052e+22,2.653184179921127e-88,1.0027755394395202e+20,5.3078448057650305e-93,1.2140886625842846e+17,7.079472148079688e+16,2.896790215883703e+16,1.0069422425152021e+23,1.0015614507769358e+20,3.3564741417173403e+22
2467115675675.6763,1189.2632905550147,253219668.5748382,1,1.1846257914841997e+22,3.3564741417173403e+22,1.0079425898773172e+23,9.985700488531793e+19,4.921134766168684e-93,5.540840032558052e+22,1.931805172464989e-88,1.0027755394395202e+20,3.864709078511698e-93,1.2140886625842846e+17,7.026759887604049e+16,2.949502476359342e+16,1.0069422425152021e+23,1.0015614507769358e+20,3.3564741417173403e+22
2470274594594.5947,1187.2008875979789,253218204.79541594,1,1.1846257914841997e+22,3.3564741417173403e+22,1.0079425898773172e+23,9.985700488531793e+19,3.58313515637067e-93,5.540840032558052e+22,1.4065631977624058e-88,1.0027755394395202e+20,2.813943200770622e-93,1.2140886625842846e+17,6.9733581485435864e+16,3.002904215419804e+16,1.0069422425152021e+23,1.0015614507769358e+20,3.3564741417173403e+22
2473433513513.5137,1185.138484640943,253216780.03164926,1,1.1846257914841997e+22,3.3564741417173403e+22,1.0079425898773172e+23,9.985700488531793e+19,2.608921839728633e-93,5.540840032558052e+22,1.024130206036841e-88,1.0027755394395202e+20,2.0488670466583376e-93,1.2140886625842846e+17,6.919266478731536e+16,3.0569958852318548e+16,1.0069422425152021e+23,1.0015614507769358e+20,3.3564741417173403e+22
2476592432432.4326,1183.0760816839072,253215393.00752774,1,1.1846257914841997e+22,3.3564741417173403e+22,1.0079425898773172e+23,9.985700488531793e+19,1.8995857141742033e-93,5.540840032558052e+22,7.456776066554181e-89,1.0027755394395202e+20,1.4918053523371472e-93,1.2140886625842846e+17,6.8644848194093704e+16,3.1117775445540204e+16,1.0069422425152021e+23,1.0015614507769358e+20,3.3564741417173403e+22
2479751351351.3516,1181.0136787268714,253214042.48995185,1,1.1846257914841997e+22,3.3564741417173403e+22,1.0079425898773172e+23,9.985700488531793e+19,1.383109840523232e-93,5.540840032558052e+22,5.42933984165047e-89,1.0027755394395202e+20,1.086201704104571e-93,1.2140886625842846e+17,6.8090135208482936e+16,3.1672488431150976e+16,1.0069422425152021e+23,1.0015614507769358e+20,3.3564741417173403e+22
2482910270270.2705,1178.9512757698355,253212727.2873411,1,1.1846257914841997e+22,3.3564741417173403e+22,1.0079425898773172e+23,9.985700488531793e+19,1.0070578039364846e-93,5.540840032558052e+22,3.953146889893795e-89,1.0027755394395202e+20,7.908766180797762e-94,1.2140886625842846e+17,6.7528533581605496e+16,3.2234090058028416e+16,1.0069422425152021e+23,1.0015614507769358e+20,3.3564741417173403e+22
2486069189189.1895,1176.8888728127997,253211446.24828166,1,1.1846257914841997e+22,3.3564741417173403e+22,1.0079425898773172e+23,9.985700488531793e+19,7.332500148497349e-94,5.540840032558052e+22,2.8783186886172903e-89,1.0027755394395202e+20,5.758467653091208e-94,1.2140886625842846e+17,6.696005547281628e+16,3.2802568166817628e+16,1.0069422425152021e+23,1.0015614507769358e+20,3.3564741417173403e+22
2489228108108.1084,1174.826469855764,253210198.26021233,1,1.1846257914841997e+22,3.3564741417173403e+22,1.0079425898773172e+23,9.985700488531793e+19,5.338874552014966e-94,5.540840032558052e+22,2.0957274556185622e-89,1.0027755394395202e+20,4.19280890078982e-94,1.2140886625842846e+17,6.638471761102732e+16,3.337790602860659e+16,1.0069422425152021e+23,1.0015614507769358e+20,3.3564741417173403e+22
2492387027027.027,1172.764066898728,253208982.24814874,1,1.1846257914841997e+22,3.3564741417173403e+22,1.0079425898773172e+23,9.985700488531793e+19,3.887293287128512e-94,5.540840032558052e+22,1.5259163572131591e-89,1.0027755394395202e+20,3.052833712465945e-94,1.2140886625842846e+17,6.580254145731121e+16,3.39600821823227e+16,1.0069422425152021e+23,1.0015614507769358e+20,3.3564741417173403e+22
2495545945945.946,1170.7016639416922,253207797.17344427,1,1.1846257914841997e+22,3.3564741417173403e+22,1.0079425898773172e+23,9.985700488531793e+19,2.830380724855019e-94,5.540840032558052e+22,1.1110322208015522e-89,1.0027755394395202e+20,2.2228040245338845e-94,1.2140886625842846e+17,6.521355336854123e+16,3.454907027109267e+16,1.0069422425152021e+23,1.0015614507769358e+20,3.3564741417173403e+22
2498704864864.865,1168.6392609846562,253206642.03258803,1,1.1846257914841997e+22,3.3564741417173403e+22,1.0079425898773172e+23,9.985700488531793e+19,2.0608309430076412e-94,5.540840032558052e+22,8.089516766919314e-90,1.0027755394395202e+20,1.6184494777641507e-94,1.2140886625842846e+17,6.461778476180699e+16,3.514483887782691e+16,1.0069422425152021e+23,1.0015614507769358e+20,3.3564741417173403e+22
2501863783783.784,1166.5768580276203,253205515.85603842,1,1.1846257914841997e+22,3.3564741417173403e+22,1.0079425898773172e+23,9.985700488531793e+19,1.500513252529514e-94,5.540840032558052e+22,5.890043537626382e-90,1.0027755394395202e+20,1.1784117598343362e-94,1.2140886625842846e+17,6.401527227932502e+16,3.5747351360308884e+16,1.0069422425152021e+23,1.0015614507769358e+20,3.3564741417173403e+22
2505022702702.703,1164.5144550705845,253204417.70709184,1,1.1846257914841997e+22,3.3564741417173403e+22,1.0079425898773172e+23,9.985700488531793e+19,1.0925397978191508e-94,5.540840032558052e+22,4.288589031300827e-90,1.0027755394395202e+20,8.580151162506405e-95,1.2140886625842846e+17,6.340605795354356e+16,3.6356565686090344e+16,1.0069422425152021e+23,1.0015614507769358e+20,3.3564741417173403e+22
2508181621621.622,1162.4520521135487,253203346.68078575,1,1.1846257914841997e+22,3.3564741417173403e+22,1.0079425898773172e+23,9.985700488531793e+19,7.95489880285272e-95,5.540840032558052e+22,3.1225568642919614e-90,1.0027755394395202e+20,6.247305765978433e-95,1.2140886625842846e+17,6.279018937212003e+16,3.697243426751387e+16,1.0069422425152021e+23,1.0015614507769358e+20,3.3564741417173403e+22
2511340540540.5405,1160.3896491565129,253202301.90283573,1,1.1846257914841997e+22,3.3564741417173403e+22,1.0079425898773172e+23,9.985700488531793e+19,5.792046188762194e-95,5.540840032558052e+22,2.2735592754569306e-90,1.0027755394395202e+20,4.548733980532097e-95,1.2140886625842846e+17,6.216771984242839e+16,3.759490379720551e+16,1.0069422425152021e+23,1.0015614507769358e+20,3.3564741417173403e+22
2514499459459.4595,1158.327246199477,253201282.52860457,1,1.1846257914841997e+22,3.3564741417173403e+22,1.0079425898773172e+23,9.985700488531793e+19,4.217249922831611e-95,5.540840032558052e+22,1.6553971644607114e-90,1.0027755394395202e+20,3.311984310464198e-95,1.2140886625842846e+17,6.153870855523173e+16,3.822391508440218e+16,1.0069422425152021e+23,1.0015614507769358e+20,3.3564741417173403e+22
2517658378378.3784,1156.2648432424412,253200287.74210453,1,1.1846257914841997e+22,3.3564741417173403e+22,1.0079425898773172e+23,9.985700488531793e+19,3.070623912788001e-95,5.540840032558052e+22,1.205308259030907e-90,1.0027755394395202e+20,2.4114927402943217e-95,1.2140886625842846e+17,6.09032207471333e+16,3.885940289250061e+16,1.0069422425152021e+23,1.0015614507769358e+20,3.3564741417173403e+22
2520817297297.2974,1154.2024402854054,253199316.75503004,1,1.1846257914841997e+22,3.3564741417173403e+22,1.0079425898773172e+23,9.985700488531793e+19,2.2357533174328824e-95,5.540840032558052e+22,8.775948337216061e-91,1.0027755394395202e+20,1.755834607383511e-95,1.2140886625842846e+17,6.02613278613963e+16,3.95012957782376e+16,1.0069422425152021e+23,1.0015614507769358e+20,3.3564741417173403e+22
2523976216216.2163,1152.1400373283695,253198368.80582154,1,1.1846257914841997e+22,3.3564741417173403e+22,1.0079425898773172e+23,9.985700488531793e+19,1.627875205449733e-95,5.540840032558052e+22,6.389839996567254e-91,1.0027755394395202e+20,1.278442529388269e-95,1.2140886625842846e+17,5.96131077066999e+16,4.0149515932934e+16,1.0069422425152021e+23,1.0015614507769358e+20,3.3564741417173403e+22
2527135135135.1353,1150.0776343713337,253197443.1587587,1,1.1846257914841997e+22,3.3564741417173403e+22,1.0079425898773172e+23,9.985700488531793e+19,1.1852727567434507e-95,5.540840032558052e+22,4.6524949342036423e-91,1.0027755394395202e+20,9.308480111125323e-96,1.2140886625842846e+17,5.895864461337521e+16,4.0803979026258696e+16,1.0069422425152021e+23,1.0015614507769358e+20,3.3564741417173403e+22
2530294054054.054,1148.0152314142977,253196539.10308322,1,1.1846257914841997e+22,3.3564741417173403e+22,1.0079425898773172e+23,9.985700488531793e+19,8.63009281927728e-96,5.540840032558052e+22,3.3875197382749883e-91,1.0027755394395202e+20,6.777605746762553e-96,1.2140886625842846e+17,5.82980295866418e+16,4.1464594052992104e+16,1.0069422425152021e+23,1.0015614507769358e+20,3.3564741417173403e+22
2533452972972.973,1145.9528284572618,253195655.95214927,1,1.1846257914841997e+22,3.3564741417173403e+22,1.0079425898773172e+23,9.985700488531793e+19,6.283658907254112e-96,5.540840032558052e+22,2.466480918192949e-91,1.0027755394395202e+20,4.934848137345536e-96,1.2140886625842846e+17,5.763136045634124e+16,4.2131263183292664e+16,1.0069422425152021e+23,1.0015614507769358e+20,3.3564741417173403e+22
2536611891891.892,1143.890425500226,253194793.042602,1,1.1846257914841997e+22,3.3564741417173403e+22,1.0079425898773172e+23,9.985700488531793e+19,4.5751960687546834e-96,5.540840032558052e+22,1.795864995581641e-91,1.0027755394395202e+20,3.5931160701910508e-96,1.2140886625842846e+17,5.695874202264027e+16,4.280388161699363e+16,1.0069422425152021e+23,1.0015614507769358e+20,3.3564741417173403e+22
2539770810810.811,1141.8280225431902,253193949.73358256,1,1.1846257914841997e+22,3.3564741417173403e+22,1.0079425898773172e+23,9.985700488531793e+19,3.3312466639764904e-96,5.540840032558052e+22,1.30758403949799e-91,1.0027755394395202e+20,2.616186294163966e-96,1.2140886625842846e+17,5.628028619715266e+16,4.348233744248125e+16,1.0069422425152021e+23,1.0015614507769358e+20,3.3564741417173403e+22
2542929729729.73,1139.7656195861543,253193125.40595913,1,1.1846257914841997e+22,3.3564741417173403e+22,1.0079425898773172e+23,9.985700488531793e+19,2.425514339612762e-96,5.540840032558052e+22,9.520626687175458e-92,1.0027755394395202e+20,1.904873113376737e-96,1.2140886625842846e+17,5.559611213890474e+16,4.416651150072917e+16,1.0069422425152021e+23,1.0015614507769358e+20,3.3564741417173403e+22
2546088648648.649,1137.7032166291185,253192319.4615835,1,1.1846257914841997e+22,3.3564741417173403e+22,1.0079425898773172e+23,9.985700488531793e+19,1.766041384408748e-96,5.540840032558052e+22,6.932046413732391e-92,1.0027755394395202e+20,1.3869583040860865e-96,1.2140886625842846e+17,5.490634638454656e+16,4.485627725508734e+16,1.0069422425152021e+23,1.0015614507769358e+20,3.3564741417173403e+22
2549247567567.568,1135.6408136720827,253191531.32257196,1,1.1846257914841997e+22,3.3564741417173403e+22,1.0079425898773172e+23,9.985700488531793e+19,1.2858724210366229e-96,5.540840032558052e+22,5.0472798756902375e-92,1.0027755394395202e+20,1.0098589685186234e-96,1.2140886625842846e+17,5.4211122972187064e+16,4.555150066744684e+16,1.0069422425152021e+23,1.0015614507769358e+20,3.3564741417173403e+22
2552406486486.4863,1133.5784107150469,253190760.4306102,1,1.1846257914841997e+22,3.3564741417173403e+22,1.0079425898773172e+23,9.985700488531793e+19,9.362565383551998e-97,5.540840032558052e+22,3.6749658936330244e-92,1.0027755394395202e+20,7.352889135041558e-97,1.2140886625842846e+17,5.351058355820932e+16,4.6252040081424584e+16,1.0069422425152021e+23,1.0015614507769358e+20,3.3564741417173403e+22
2555565405405.4053,1131.516007758011,253190006.24628162,1,1.1846257914841997e+22,3.3564741417173403e+22,1.0079425898773172e+23,9.985700488531793e+19,6.816976902523268e-97,5.540840032558052e+22,2.675772822587742e-92,1.0027755394395202e+20,5.3537153830113e-97,1.2140886625842846e+17,5.2804877526399896e+16,4.695774611323401e+16,1.0069422425152021e+23,1.0015614507769358e+20,3.3564741417173403e+22
2558724324324.324,1129.4536048009752,253189268.24841768,1,1.1846257914841997e+22,3.3564741417173403e+22,1.0079425898773172e+23,9.985700488531793e+19,4.963508377374419e-97,5.540840032558052e+22,1.9482521485447377e-92,1.0027755394395202e+20,3.898095834406879e-97,1.2140886625842846e+17,5.209416208870508e+16,4.7668461550928824e+16,1.0069422425152021e+23,1.0015614507769358e+20,3.3564741417173403e+22
2561883243243.2437,1127.3912018439391,253188545.93347037,1,1.1846257914841997e+22,3.3564741417173403e+22,1.0079425898773172e+23,9.985700488531793e+19,3.6139794141669283e-97,5.540840032558052e+22,1.4185383760039745e-92,1.0027755394395202e+20,2.8382439248673374e-97,1.2140886625842846e+17,5.1378602376906536e+16,4.838402126272737e+16,1.0069422425152021e+23,1.0015614507769358e+20,3.3564741417173403e+22
2565042162162.1626,1125.3287988869033,253187838.8149059,1,1.1846257914841997e+22,3.3564741417173403e+22,1.0079425898773172e+23,9.985700488531793e+19,2.6313739368317077e-97,5.540840032558052e+22,1.0328494315784845e-92,1.0027755394395202e+20,2.0665546511603616e-97,1.2140886625842846e+17,5.065837152448986e+16,4.910425211514405e+16,1.0069422425152021e+23,1.0015614507769358e+20,3.3564741417173403e+22
2568201081081.0815,1123.2663959298675,253187146.42261875,1,1.1846257914841997e+22,3.3564741417173403e+22,1.0079425898773172e+23,9.985700488531793e+19,1.9159291407158765e-97,5.540840032558052e+22,7.520261463190824e-93,1.0027755394395202e+20,1.5046796478820621e-97,1.2140886625842846e+17,4.993365073796152e+16,4.982897290167238e+16,1.0069422425152021e+23,1.0015614507769358e+20,3.3564741417173403e+22
2571360000000.0,1121.2039929728317,253186468.30236587,1,1.1846257914841997e+22,3.3564741417173403e+22,1.0079425898773172e+23,9.985700488531793e+19,1.3950067132159185e-97,5.540840032558052e+22,5.4755640798796845e-93,1.0027755394395202e+20,1.0955726283643248e-97,1.2140886625842846e+17,4.9204629356853656e+16,5.055799428278025e+16,1.0069422425152021e+23,1.0015614507769358e+20,3.3564741417173403e+22
2574518918918.919,1119.1415900157958,253185804.01521954,1,1.1846257914841997e+22,3.3564741417173403e+22,1.0079425898773172e+23,9.985700488531793e+19,1.0157179634578605e-97,5.540840032558052e+22,3.986803137047774e-93,1.0027755394395202e+20,7.976975816248476e-98,1.2140886625842846e+17,4.847150490164115e+16,5.129111873799275e+16,1.0069422425152021e+23,1.0015614507769358e+20,3.3564741417173403e+22
2577677837837.838,1117.07918705876,253185153.13703987,1,1.1846257914841997e+22,3.3564741417173403e+22,1.0079425898773172e+23,9.985700488531793e+19,7.39554102390276e-98,5.540840032558052e+22,2.9028240783410255e-93,1.0027755394395202e+20,5.808116964788942e-98,1.2140886625842846e+17,4.7734483108783144e+16,5.202814053085076e+16,1.0069422425152021e+23,1.0015614507769358e+20,3.3564741417173403e+22
2580836756756.757,1115.0167841017242,253184515.2579643,1,1.1846257914841997e+22,3.3564741417173403e+22,1.0079425898773172e+23,9.985700488531793e+19,5.38476494061948e-98,5.540840032558052e+22,2.1135700309587294e-93,1.0027755394395202e+20,4.2289486220717756e-98,1.2140886625842846e+17,4.699377795209024e+16,5.276884568754366e+16,1.0069422425152021e+23,1.0015614507769358e+20,3.3564741417173403e+22
2583995675675.676,1112.9543811446883,253183889.9819157,1,1.1846257914841997e+22,3.3564741417173403e+22,1.0079425898773172e+23,9.985700488531793e+19,3.9206992724974164e-98,5.540840032558052e+22,1.5389076827280186e-93,1.0027755394395202e+20,3.07914004424833e-98,1.2140886625842846e+17,4.624961164961068e+16,5.3513011990023224e+16,1.0069422425152021e+23,1.0015614507769358e+20,3.3564741417173403e+22
2587154594594.5947,1110.8919781876525,253183276.9261264,1,1.1846257914841997e+22,3.3564741417173403e+22,1.0079425898773172e+23,9.985700488531793e+19,2.8546988330754586e-98,5.540840032558052e+22,1.1204913115110138e-93,1.0027755394395202e+20,2.2419527372855495e-98,1.2140886625842846e+17,4.550221465522309e+16,5.426040898441082e+16,1.0069422425152021e+23,1.0015614507769358e+20,3.3564741417173403e+22
2590313513513.5137,1108.8295752306167,253182675.72067922,1,1.1846257914841997e+22,3.3564741417173403e+22,1.0079425898773172e+23,9.985700488531793e+19,2.0785335870758872e-98,5.540840032558052e+22,8.158389182553483e-94,1.0027755394395202e+20,1.6323881865800824e-98,1.2140886625842846e+17,4.47518256341207e+16,5.50107980055132e+16,1.0069422425152021e+23,1.0015614507769358e+20,3.3564741417173403e+22
2593472432432.4326,1106.7671722735806,253182086.0080644,1,1.1846257914841997e+22,3.3564741417173403e+22,1.0079425898773172e+23,9.985700488531793e+19,1.5134001758108043e-98,5.540840032558052e+22,5.940190108591614e-94,1.0027755394395202e+20,1.1885580915010391e-98,1.2140886625842846e+17,4.399869142137245e+16,5.576393221826146e+16,1.0069422425152021e+23,1.0015614507769358e+20,3.3564741417173403e+22
2596631351351.3516,1104.7047693165448,253181507.4427515,1,1.1846257914841997e+22,3.3564741417173403e+22,1.0079425898773172e+23,9.985700488531793e+19,1.1019210975419088e-98,5.540840032558052e+22,4.325101161105136e-94,1.0027755394395202e+20,8.654009409033234e-99,1.2140886625842846e+17,4.324306696274994e+16,5.651955667688397e+16,1.0069422425152021e+23,1.0015614507769358e+20,3.3564741417173403e+22
2599790270270.2705,1102.642366359509,253180939.69077623,1,1.1846257914841997e+22,3.3564741417173403e+22,1.0079425898773172e+23,9.985700488531793e+19,8.023192300148602e-99,5.540840032558052e+22,3.149141645607737e-94,1.0027755394395202e+20,6.30106984935556e-99,1.2140886625842846e+17,4.248521523701702e+16,5.727740840261688e+16,1.0069422425152021e+23,1.0015614507769358e+20,3.3564741417173403e+22
2602949189189.1895,1100.5799634024731,253180382.42934203,1,1.1846257914841997e+22,3.3564741417173403e+22,1.0079425898773172e+23,9.985700488531793e+19,5.8417624181142786e-99,5.540840032558052e+22,2.2929158728779936e-94,1.0027755394395202e+20,4.587871086054122e-99,1.2140886625842846e+17,4.172540715888981e+16,5.80372164807441e+16,1.0069422425152021e+23,1.0015614507769358e+20,3.3564741417173403e+22
2606108108108.1084,1098.5175604454373,253179835.34643498,1,1.1846257914841997e+22,3.3564741417173403e+22,1.0079425898773172e+23,9.985700488531793e+19,4.253442492282896e-99,5.540840032558052e+22,1.6694908618761857e-94,1.0027755394395202e+20,3.340474035502337e-99,1.2140886625842846e+17,4.096392146189056e+16,5.879870217774334e+16,1.0069422425152021e+23,1.0015614507769358e+20,3.3564741417173403e+22
2609267027027.0273,1096.4551574884015,253179298.1404524,1,1.1846257914841997e+22,3.3564741417173403e+22,1.0079425898773172e+23,9.985700488531793e+19,3.096971628800236e-99,5.540840032558052e+22,1.215569995766869e-94,1.0027755394395202e+20,2.43223188329512e-99,1.2140886625842846e+17,4.0201044560339176e+16,5.956157907929473e+16,1.0069422425152021e+23,1.0015614507769358e+20,3.3564741417173403e+22
2612425945945.9463,1094.3927545313657,253178770.51984474,1,1.1846257914841997e+22,3.3564741417173403e+22,1.0079425898773172e+23,9.985700488531793e+19,2.2549342084176797e-99,5.540840032558052e+22,8.850664884431393e-95,1.0027755394395202e+20,1.7709318018244197e-99,1.2140886625842846e+17,3.94370703897503e+16,6.03255532498836e+16,1.0069422425152021e+23,1.0015614507769358e+20,3.3564741417173403e+22
2615584864864.8647,1092.3303515743298,253178252.20276892,1,1.1846257914841997e+22,3.3564741417173403e+22,1.0079425898773172e+23,9.985700488531793e+19,1.6418387845984424e-99,5.540840032558052e+22,6.44424172769155e-95,1.0027755394395202e+20,1.2894327013580011e-99,1.2140886625842846e+17,3.867230022493427e+16,6.109032341469963e+16,1.0069422425152021e+23,1.0015614507769358e+20,3.3564741417173403e+22
2618743783783.7837,1090.267948617294,253177742.91675493,1,1.1846257914841997e+22,3.3564741417173403e+22,1.0079425898773172e+23,9.985700488531793e+19,1.1954382117682485e-99,5.540840032558052e+22,4.692105281036062e-95,1.0027755394395202e+20,9.388484798368582e-100,1.2140886625842846e+17,3.790704247513478e+16,6.185558116449912e+16,1.0069422425152021e+23,1.0015614507769358e+20,3.3564741417173403e+22
2621902702702.7026,1088.2055456602582,253177242.3983838,1,1.1846257914841997e+22,3.3564741417173403e+22,1.0079425898773172e+23,9.985700488531793e+19,8.704097454698649e-100,5.540840032558052e+22,3.416360356831773e-95,1.0027755394395202e+20,6.835846769027213e-100,1.2140886625842846e+17,3.714161245557702e+16,6.262101118405688e+16,1.0069422425152021e+23,1.0015614507769358e+20,3.3564741417173403e+22
2625061621621.622,1086.143142703222,253176750.3929763,1,1.1846257914841997e+22,3.3564741417173403e+22,1.0079425898773172e+23,9.985700488531793e+19,6.337534614439725e-100,5.540840032558052e+22,2.4874800092197708e-95,1.0027755394395202e+20,4.977246108331253e-100,1.2140886625842846e+17,3.637633213484595e+16,6.338629150478795e+16,1.0069422425152021e+23,1.0015614507769358e+20,3.3564741417173403e+22
2628220540540.541,1084.0807397461863,253176266.65429336,1,1.1846257914841997e+22,3.3564741417173403e+22,1.0079425898773172e+23,9.985700488531793e+19,4.614417996834184e-100,5.540840032558052e+22,1.8111546060691734e-95,1.0027755394395202e+20,3.623980879618251e-100,1.2140886625842846e+17,3.5611529857566976e+16,6.415109378206693e+16,1.0069422425152021e+23,1.0015614507769358e+20,3.3564741417173403e+22
2631379459459.46,1082.0183367891505,253175790.94424614,1,1.1846257914841997e+22,3.3564741417173403e+22,1.0079425898773172e+23,9.985700488531793e+19,3.3598006488794287e-100,5.540840032558052e+22,1.3187165303549451e-95,1.0027755394395202e+20,2.6386553326053e-100,1.2140886625842846e+17,3.484754004191948e+16,6.4915083597714424e+16,1.0069422425152021e+23,1.0015614507769358e+20,3.3564741417173403e+22
2634538378378.3784,1079.9559338321146,253175323.03261733,1,1.1846257914841997e+22,3.3564741417173403e+22,1.0079425898773172e+23,9.985700488531793e+19,2.4463020320408607e-100,5.540840032558052e+22,9.601683266596661e-96,1.0027755394395202e+20,1.921230264159331e-100,1.2140886625842846e+17,3.408470285157865e+16,6.5677920788055256e+16,1.0069422425152021e+23,1.0015614507769358e+20,3.3564741417173403e+22
2637697297297.2974,1077.8935308750788,253174862.69679123,1,1.1846257914841997e+22,3.3564741417173403e+22,1.0079425898773172e+23,9.985700488531793e+19,1.7811751690859554e-100,5.540840032558052e+22,6.991064374329779e-96,1.0027755394395202e+20,1.3988661452564789e-100,1.2140886625842846e+17,3.332336384175225e+16,6.6439259797881656e+16,1.0069422425152021e+23,1.0015614507769358e+20,3.3564741417173403e+22
2640856216216.2163,1075.831127918043,253174409.72149405,1,1.1846257914841997e+22,3.3564741417173403e+22,1.0079425898773172e+23,9.985700488531793e+19,1.2968901091138645e-100,5.540840032558052e+22,5.090251337081116e-96,1.0027755394395202e+20,1.0185277996392296e-100,1.2140886625842846e+17,3.256387357905711e+16,6.719875006057679e+16,1.0069422425152021e+23,1.0015614507769358e+20,3.3564741417173403e+22
2644015135135.1353,1073.7687249610071,253173963.89854282,1,1.1846257914841997e+22,3.3564741417173403e+22,1.0079425898773172e+23,9.985700488531793e+19,9.442776579966807e-101,5.540840032558052e+22,3.7062537672799064e-96,1.0027755394395202e+20,7.415997962853032e-101,1.2140886625842846e+17,3.1806587235064788e+16,6.795603640456912e+16,1.0069422425152021e+23,1.0015614507769358e+20,3.3564741417173403e+22
2647174054054.054,1071.7063220039713,253173525.02660334,1,1.1846257914841997e+22,3.3564741417173403e+22,1.0079425898773172e+23,9.985700488531793e+19,6.875372628430775e-101,5.540840032558052e+22,2.6985537801269485e-96,1.0027755394395202e+20,5.399658629266704e-101,1.2140886625842846e+17,3.1051864153437456e+16,6.8710759486196456e+16,1.0069422425152021e+23,1.0015614507769358e+20,3.3564741417173403e+22
2650332972972.973,1069.6439190469355,253173092.91095716,1,1.1846257914841997e+22,3.3564741417173403e+22,1.0079425898773172e+23,9.985700488531793e+19,5.006022049911573e-101,5.540840032558052e+22,1.964839150661286e-96,1.0027755394395202e+20,3.9315426803834993e-101,1.2140886625842846e+17,3.030006739067362e+16,6.946255624896029e+16,1.0069422425152021e+23,1.0015614507769358e+20,3.3564741417173403e+22
2653491891891.892,1067.5815160898997,253172667.36327565,1,1.1846257914841997e+22,3.3564741417173403e+22,1.0079425898773172e+23,9.985700488531793e+19,3.644930623985473e-101,5.540840032558052e+22,1.43061550835194e-96,1.0027755394395202e+20,2.8625934516562647e-101,1.2140886625842846e+17,2.9551563230588364e+16,7.0211060409045544e+16,1.0069422425152021e+23,1.0015614507769358e+20,3.3564741417173403e+22
2656650810810.811,1065.5191131328636,253172248.20140305,1,1.1846257914841997e+22,3.3564741417173403e+22,1.0079425898773172e+23,9.985700488531793e+19,2.653907404607147e-101,5.540840032558052e+22,1.0416428907415937e-96,1.0027755394395202e+20,2.0842813424809958e-101,1.2140886625842846e+17,2.8806720672764956e+16,7.095590296686895e+16,1.0069422425152021e+23,1.0015614507769358e+20,3.3564741417173403e+22
2659809729729.73,1063.4567101758278,253171835.2491467,1,1.1846257914841997e+22,3.3564741417173403e+22,1.0079425898773172e+23,9.985700488531793e+19,1.9323342748520473e-101,5.540840032558052e+22,7.584287360916699e-97,1.0027755394395202e+20,1.5175849025999565e-101,1.2140886625842846e+17,2.806591089533328e+16,7.169671274430063e+16,1.0069422425152021e+23,1.0015614507769358e+20,3.3564741417173403e+22
2662968648648.649,1061.394307218792,253171428.3360747,1,1.1846257914841997e+22,3.3564741417173403e+22,1.0079425898773172e+23,9.985700488531793e+19,1.4069502470629932e-101,5.540840032558052e+22,5.522181861387124e-97,1.0027755394395202e+20,1.1049678528966371e-101,1.2140886625842846e+17,2.7329506692555548e+16,7.243311694707837e+16,1.0069422425152021e+23,1.0015614507769358e+20,3.3564741417173403e+22
2666127567567.568,1059.331904261756,253171027.29732072,1,1.1846257914841997e+22,3.3564741417173403e+22,1.0079425898773172e+23,9.985700488531793e+19,1.0244133154240924e-101,5.540840032558052e+22,4.0207459262919005e-97,1.0027755394395202e+20,8.045374756768724e-102,1.2140886625842846e+17,2.6597881887831124e+16,7.31647417518028e+16,1.0069422425152021e+23,1.0015614507769358e+20,3.3564741417173403e+22
2669286486486.487,1057.2695013047203,253170631.97339568,1,1.1846257914841997e+22,3.3564741417173403e+22,1.0079425898773172e+23,9.985700488531793e+19,7.45884670819089e-102,5.540840032558052e+22,2.9275381017118573e-97,1.0027755394395202e+20,5.857912815969757e-102,1.2140886625842846e+17,2.5871410722869324e+16,7.38912129167646e+16,1.0069422425152021e+23,1.0015614507769358e+20,3.3564741417173403e+22
2672445405405.406,1055.2070983476845,253170242.21000615,1,1.1846257914841997e+22,3.3564741417173403e+22,1.0079425898773172e+23,9.985700488531793e+19,5.430854168160175e-102,5.540840032558052e+22,2.131564514169319e-97,1.0027755394395202e+20,4.26520116442182e-102,1.2140886625842846e+17,2.515046722392175e+16,7.461215641571218e+16,1.0069422425152021e+23,1.0015614507769358e+20,3.3564741417173403e+22
2675604324324.324,1053.1446953906486,253169857.85787898,1,1.1846257914841997e+22,3.3564741417173403e+22,1.0079425898773172e+23,9.985700488531793e+19,3.9542542762953945e-102,5.540840032558052e+22,1.5520096136098338e-97,1.0027755394395202e+20,3.105532831018781e-102,1.2140886625842846e+17,2.4435424546113308e+16,7.532719909352062e+16,1.0069422425152021e+23,1.0015614507769358e+20,3.3564741417173403e+22
2678763243243.243,1051.0822924336128,253169478.7725923,1,1.1846257914841997e+22,3.3564741417173403e+22,1.0079425898773172e+23,9.985700488531793e+19,2.8791284275968734e-102,5.540840032558052e+22,1.130030934895743e-97,1.0027755394395202e+20,2.261167430434194e-102,1.2140886625842846e+17,2.372665429706318e+16,7.603596934257075e+16,1.0069422425152021e+23,1.0015614507769358e+20,3.3564741417173403e+22
2681922162162.162,1049.019889476577,253169104.81441212,1,1.1846257914841997e+22,3.3564741417173403e+22,1.0079425898773172e+23,9.985700488531793e+19,2.096319505336979e-102,5.540840032558052e+22,8.227847963204496e-98,1.0027755394395202e+20,1.6463770694707367e-102,1.2140886625842846e+17,2.3024525841143076e+16,7.673809779849085e+16,1.0069422425152021e+23,1.0015614507769358e+20,3.3564741417173403e+22
2685081081081.081,1046.9574865195411,253168735.8481352,1,1.1846257914841997e+22,3.3564741417173403e+22,1.0079425898773172e+23,9.985700488531793e+19,1.5263492093990454e-102,5.540840032558052e+22,5.99076361673711e-98,1.0027755394395202e+20,1.1987424562988328e-102,1.2140886625842846e+17,2.2329405585879104e+16,7.743321805375482e+16,1.0069422425152021e+23,1.0015614507769358e+20,3.3564741417173403e+22
2688240000000.0005,1044.895083562505,253168371.74293697,1,1.1846257914841997e+22,3.3564741417173403e+22,1.0079425898773172e+23,9.985700488531793e+19,1.1113486600489518e-102,5.540840032558052e+22,4.3619241473736864e-98,1.0027755394395202e+20,8.728155139392421e-103,1.2140886625842846e+17,2.1641656252165184e+16,7.812096738746874e+16,1.0069422425152021e+23,1.0015614507769358e+20,3.3564741417173403e+22
2691398918918.9194,1042.8326806054692,253168012.3722251,1,1.1846257914841997e+22,3.3564741417173403e+22,1.0079425898773172e+23,9.985700488531793e+19,8.091829956946653e-103,5.540840032558052e+22,3.1759527640659015e-98,1.0027755394395202e+20,6.355050683755368e-103,1.2140886625842846e+17,2.0961636130118904e+16,7.8800987509515e+16,1.0069422425152021e+23,1.0015614507769358e+20,3.3564741417173403e+22
2694557837837.838,1040.7702776484334,253167657.61349794,1,1.1846257914841997e+22,3.3564741417173403e+22,1.0079425898773172e+23,9.985700488531793e+19,5.891734381198327e-103,5.540840032558052e+22,2.31243726822967e-98,1.0027755394395202e+20,4.627171239286643e-103,1.2140886625842846e+17,2.028969832257416e+16,7.947292531705974e+16,1.0069422425152021e+23,1.0015614507769358e+20,3.3564741417173403e+22
2697716756756.757,1038.7078746913976,253167307.34820816,1,1.1846257914841997e+22,3.3564741417173403e+22,1.0079425898773172e+23,9.985700488531793e+19,4.2898248864628606e-103,5.540840032558052e+22,1.6837045500172113e-98,1.0027755394395202e+20,3.3690861569097067e-103,1.2140886625842846e+17,1.962618997836792e+16,8.013643366126598e+16,1.0069422425152021e+23,1.0015614507769358e+20,3.3564741417173403e+22
2700875675675.676,1036.6454717343618,253166961.46163136,1,1.1846257914841997e+22,3.3564741417173403e+22,1.0079425898773172e+23,9.985700488531793e+19,3.1234601072547865e-103,5.540840032558052e+22,1.2259190987347051e-98,1.0027755394395202e+20,2.4530627337715486e-103,1.2140886625842846e+17,1.8971451517739732e+16,8.079117212189418e+16,1.0069422425152021e+23,1.0015614507769358e+20,3.3564741417173403e+22
2704034594594.5947,1034.583068777326,253166619.8427384,1,1.1846257914841997e+22,3.3564741417173403e+22,1.0079425898773172e+23,9.985700488531793e+19,2.2742193838732854e-103,5.540840032558052e+22,8.926017552349958e-99,1.0027755394395202e+20,1.7860975916833868e-103,1.2140886625842846e+17,1.8325815852320936e+16,8.143680778731298e+16,1.0069422425152021e+23,1.0015614507769358e+20,3.3564741417173403e+22
2707193513513.5137,1032.52066582029,253166282.3840736,1,1.1846257914841997e+22,3.3564741417173403e+22,1.0079425898773172e+23,9.985700488531793e+19,1.6558795567991915e-103,5.540840032558052e+22,6.499106623519644e-99,1.0027755394395202e+20,1.300474100782307e-103,1.2140886625842846e+17,1.768960760234479e+16,8.207301603728912e+16,1.0069422425152021e+23,1.0015614507769358e+20,3.3564741417173403e+22
2710352432432.4326,1030.4582628632543,253165948.98163575,1,1.1846257914841997e+22,3.3564741417173403e+22,1.0079425898773172e+23,9.985700488531793e+19,1.2056607603340132e-103,5.540840032558052e+22,4.732052861889878e-99,1.0027755394395202e+20,9.468871503381515e-104,1.2140886625842846e+17,1.7063142313857192e+16,8.269948132577672e+16,1.0069422425152021e+23,1.0015614507769358e+20,3.3564741417173403e+22
2713511351351.3516,1028.3958599062184,253165619.53476456,1,1.1846257914841997e+22,3.3564741417173403e+22,1.0079425898773172e+23,9.985700488531793e+19,8.778524047206809e-104,5.540840032558052e+22,3.445446518246756e-99,1.0027755394395202e+20,6.894372294424447e-104,1.2140886625842846e+17,1.6446725678849346e+16,8.331589796078456e+16,1.0069422425152021e+23,1.0015614507769358e+20,3.3564741417173403e+22
2716670270270.2705,1026.3334569491824,253165293.94603005,1,1.1846257914841997e+22,3.3564741417173403e+22,1.0079425898773172e+23,9.985700488531793e+19,6.391721954008874e-104,5.540840032558052e+22,2.5086578820164817e-99,1.0027755394395202e+20,5.019855699691365e-104,1.2140886625842846e+17,1.5840652761366672e+16,8.392197087826723e+16,1.0069422425152021e+23,1.0015614507769358e+20,3.3564741417173403e+22
2719829189189.1895,1024.2710539921466,253164972.12112638,1,1.1846257914841997e+22,3.3564741417173403e+22,1.0079425898773172e+23,9.985700488531793e+19,4.6538699253340406e-104,5.540840032558052e+22,1.8265743890303805e-99,1.0027755394395202e+20,3.655002918704613e-104,1.2140886625842846e+17,1.5245207232771172e+16,8.451741640686274e+16,1.0069422425152021e+23,1.0015614507769358e+20,3.3564741417173403e+22
2722988108108.1084,1022.2086510351108,253164653.9687694,1,1.1846257914841997e+22,3.3564741417173403e+22,1.0079425898773172e+23,9.985700488531793e+19,3.388524279805308e-104,5.540840032558052e+22,1.3299438008581306e-99,1.0027755394395202e+20,2.6612410664300076e-104,1.2140886625842846e+17,1.4660660619445666e+16,8.510196302018824e+16,1.0069422425152021e+23,1.0015614507769358e+20,3.3564741417173403e+22
2726147027027.0273,1020.1462480780751,253164339.40059745,1,1.1846257914841997e+22,3.3564741417173403e+22,1.0079425898773172e+23,9.985700488531793e+19,2.4672147802113147e-104,5.540840032558052e+22,9.683429944399336e-100,1.0027755394395202e+20,1.9376739410652556e-104,1.2140886625842846e+17,1.4087271566326158e+16,8.567535207330774e+16,1.0069422425152021e+23,1.0015614507769358e+20,3.3564741417173403e+22
2729305945945.9463,1018.0838451210394,253164028.33107585,1,1.1846257914841997e+22,3.3564741417173403e+22,1.0079425898773172e+23,9.985700488531793e+19,1.796401088452521e-104,5.540840032558052e+22,7.050584801221413e-100,1.0027755394395202e+20,1.4108380844012285e-104,1.2140886625842846e+17,1.3525285119731422e+16,8.623733851990248e+16,1.0069422425152021e+23,1.0015614507769358e+20,3.3564741417173403e+22
2732464864864.865,1016.0214421640037,253163720.6774047,1,1.1846257914841997e+22,3.3564741417173403e+22,1.0079425898773172e+23,9.985700488531793e+19,1.3079756418828766e-104,5.540840032558052e+22,5.133588648303889e-100,1.0027755394395202e+20,1.0272440736672944e-104,1.2140886625842846e+17,1.2974932033025114e+16,8.678769160660878e+16,1.0069422425152021e+23,1.0015614507769358e+20,3.3564741417173403e+22
2735623783783.7837,1013.959039206968,253163416.3594297,1,1.1846257914841997e+22,3.3564741417173403e+22,1.0079425898773172e+23,9.985700488531793e+19,9.52348711403503e-105,5.540840032558052e+22,3.737808019191422e-100,1.0027755394395202e+20,7.47945766556662e-105,1.2140886625842846e+17,1.2436428098693584e+16,8.732619554094032e+16,1.0069422425152021e+23,1.0015614507769358e+20,3.3564741417173403e+22
2738782702702.7026,1011.8966362499323,253163115.2995564,1,1.1846257914841997e+22,3.3564741417173403e+22,1.0079425898773172e+23,9.985700488531793e+19,6.934135695998599e-105,5.540840032558052e+22,2.721528689866438e-100,1.0027755394395202e+20,5.445861179587022e-105,1.2140886625842846e+17,1.19099735104506e+16,8.785265012918331e+16,1.0069422425152021e+23,1.0015614507769358e+20,3.3564741417173403e+22
2741941621621.6216,1009.8342332928966,253162817.42266706,1,1.1846257914841997e+22,3.3564741417173403e+22,1.0079425898773172e+23,9.985700488531793e+19,5.0488058409558455e-105,5.540840032558052e+22,1.9815673709663617e-100,1.0027755394395202e+20,3.9651810235892034e-105,1.2140886625842846e+17,1.13957522589867e+16,8.836687138064722e+16,1.0069422425152021e+23,1.0015614507769358e+20,3.3564741417173403e+22
2745100540540.5405,1007.7718303358608,253162522.65604076,1,1.1846257914841997e+22,3.3564741417173403e+22,1.0079425898773172e+23,9.985700488531793e+19,3.676080377864372e-105,5.540840032558052e+22,1.4427954628217575e-100,1.0027755394395202e+20,2.8870843071215804e-105,1.2140886625842846e+17,1.0893931564964582e+16,8.886869207466933e+16,1.0069422425152021e+23,1.0015614507769358e+20,3.3564741417173403e+22
2748259459459.46,1005.7094273788248,253162230.9292758,1,1.1846257914841997e+22,3.3564741417173403e+22,1.0079425898773172e+23,9.985700488531793e+19,2.676586749539983e-105,5.540840032558052e+22,1.0505112155353444e-100,1.0027755394395202e+20,2.1021122726760855e-105,1.2140886625842846e+17,1.0404661352821192e+16,8.935796228681272e+16,1.0069422425152021e+23,1.0015614507769358e+20,3.3564741417173403e+22
2751418378378.379,1003.6470244217891,253161942.17421535,1,1.1846257914841997e+22,3.3564741417173403e+22,1.0079425898773172e+23,9.985700488531793e+19,1.94884654965059e-105,5.540840032558052e+22,7.648858361442477e-101,1.0027755394395202e+20,1.5305669953836763e-105,1.2140886625842846e+17,9928073768870998.0,8.983454987076291e+16,1.0069422425152021e+23,1.0015614507769358e+20,3.3564741417173403e+22
2754577297297.298,1001.5846214647534,253161656.3248752,1,1.1846257914841997e+22,3.3564741417173403e+22,1.0079425898773172e+23,9.985700488531793e+19,1.4189724431376378e-105,5.540840032558052e+22,5.569196536716089e-101,1.0027755394395202e+20,1.1144196863517929e-105,1.2140886625842846e+17,9464282747111950.0,9.029834089252197e+16,1.0069422425152021e+23,1.0015614507769358e+20,3.3564741417173403e+22
2757736216216.2163,999.5222185077176,253161373.3173742,1,1.1846257914841997e+22,3.3564741417173403e+22,1.0079425898773172e+23,9.985700488531793e+19,1.0331664012701845e-105,5.540840032558052e+22,4.0549776971842466e-101,1.0027755394395202e+20,8.114190536437004e-106,1.2140886625842846e+17,9013383626015122.0,9.07492400136188e+16,1.0069422425152021e+23,1.0015614507769358e+20,3.3564741417173403e+22
2760895135135.1353,997.4598155506819,253161093.08986712,1,1.1846257914841997e+22,3.3564741417173403e+22,1.0079425898773172e+23,9.985700488531793e+19,7.522575991614636e-106,5.540840032558052e+22,2.9524625349920365e-101,1.0027755394395202e+20,5.9080154560602685e-106,1.2140886625842846e+17,8575452819430083.0,9.118717082020384e+16,1.0069422425152021e+23,1.0015614507769358e+20,3.3564741417173403e+22
2764054054054.054,995.3974125936462,253160815.58247963,1,1.1846257914841997e+22,3.3564741417173403e+22,1.0079425898773172e+23,9.985700488531793e+19,5.4772540990873e-106,5.540840032558052e+22,2.1497121985614525e-101,1.0027755394395202e+20,4.3016793955054675e-106,1.2140886625842846e+17,8150547544560169.0,9.161207609507376e+16,1.0069422425152021e+23,1.0015614507769358e+20,3.3564741417173403e+22
2767212972972.973,993.3350096366105,253160540.7372459,1,1.1846257914841997e+22,3.3564741417173403e+22,1.0079425898773172e+23,9.985700488531793e+19,3.988037109553317e-106,5.540840032558052e+22,1.5652230915290436e-101,1.0027755394395202e+20,3.1320915726137617e-106,1.2140886625842846e+17,7738705609754799.0,9.202391802987914e+16,1.0069422425152021e+23,1.0015614507769358e+20,3.3564741417173403e+22
2770371891891.892,991.2726066795748,253160268.49804777,1,1.1846257914841997e+22,3.3564741417173403e+22,1.0079425898773172e+23,9.985700488531793e+19,2.9037250360650966e-106,5.540840032558052e+22,1.1396517765937135e-101,1.0027755394395202e+20,2.280504103867141e-106,1.2140886625842846e+17,7339945264629633.0,9.24226783750043e+16,1.0069422425152021e+23,1.0015614507769358e+20,3.3564741417173403e+22
2773530810810.811,989.2102037225391,253159998.8105566,1,1.1846257914841997e+22,3.3564741417173403e+22,1.0079425898773172e+23,9.985700488531793e+19,2.114227823255684e-106,5.540840032558052e+22,8.297898101058697e-102,1.0027755394395202e+20,1.6604555751516903e-106,1.2140886625842846e+17,6954265114760108.0,9.280835852487382e+16,1.0069422425152021e+23,1.0015614507769358e+20,3.3564741417173403e+22
2776689729729.7295,987.1478007655033,253159731.62217674,1,1.1846257914841997e+22,3.3564741417173403e+22,1.0079425898773172e+23,9.985700488531793e+19,1.5393879233976573e-106,5.540840032558052e+22,6.041767696914706e-102,1.0027755394395202e+20,1.2089926452122377e-106,1.2140886625842846e+17,6581644102900168.0,9.318097953673376e+16,1.0069422425152021e+23,1.0015614507769358e+20,3.3564741417173403e+22
2779848648648.649,985.0853978084673,253159466.88199073,1,1.1846257914841997e+22,3.3564741417173403e+22,1.0079425898773172e+23,9.985700488531793e+19,1.1208419141655737e-106,5.540840032558052e+22,4.3990606366719255e-102,1.0027755394395202e+20,8.802784148261953e-107,1.2140886625842846e+17,6222041558356780.0,9.354058208127715e+16,1.0069422425152021e+23,1.0015614507769358e+20,3.3564741417173403e+22
2783007567567.568,983.0229948514316,253159204.54070708,1,1.1846257914841997e+22,3.3564741417173403e+22,1.0079425898773172e+23,9.985700488531793e+19,8.160948698818602e-107,5.540840032558052e+22,3.2029921466524737e-102,1.0027755394395202e+20,6.409386219981988e-107,1.2140886625842846e+17,5875397315803322.0,9.388722632383061e+16,1.0069422425152021e+23,1.0015614507769358e+20,3.3564741417173403e+22
2786166486486.487,980.9605918943959,253158944.55060914,1,1.1846257914841997e+22,3.3564741417173403e+22,1.0079425898773172e+23,9.985700488531793e+19,5.942058583733074e-107,5.540840032558052e+22,2.3321248645662924e-102,1.0027755394395202e+20,4.666731642071326e-107,1.2140886625842846e+17,5541631904442696.0,9.422099173519123e+16,1.0069422425152021e+23,1.0015614507769358e+20,3.3564741417173403e+22
2789325405405.406,978.8981889373601,253158686.8655058,1,1.1846257914841997e+22,3.3564741417173403e+22,1.0079425898773172e+23,9.985700488531793e+19,4.3264651278703315e-107,5.540840032558052e+22,1.6980392504591616e-102,1.0027755394395202e+20,3.3978891686242706e-107,1.2140886625842846e+17,5220646808036070.0,9.454197683159786e+16,1.0069422425152021e+23,1.0015614507769358e+20,3.3564741417173403e+22
2792484324324.3247,976.8357859803244,253158431.44068438,1,1.1846257914841997e+22,3.3564741417173403e+22,1.0079425898773172e+23,9.985700488531793e+19,3.150137297611938e-107,5.540840032558052e+22,1.2363563117518275e-102,1.0027755394395202e+20,2.474033559537566e-107,1.2140886625842846e+17,4912324795897727.0,9.48502988437362e+16,1.0069422425152021e+23,1.0015614507769358e+20,3.3564741417173403e+22
2795643243243.2437,974.7733830232887,253158178.23286432,1,1.1846257914841997e+22,3.3564741417173403e+22,1.0079425898773172e+23,9.985700488531793e+19,2.293642646159731e-107,5.540840032558052e+22,9.002011756767365e-103,1.0027755394395202e+20,1.8013659936011413e-107,1.2140886625842846e+17,4616530324523331.0,9.51460933151106e+16,1.0069422425152021e+23,1.0015614507769358e+20,3.3564741417173403e+22
2798802162162.162,972.710980066253,253157927.20015317,1,1.1846257914841997e+22,3.3564741417173403e+22,1.0079425898773172e+23,9.985700488531793e+19,1.6700213530930548e-107,5.540840032558052e+22,6.554438627336759e-103,1.0027755394395202e+20,1.3115907024034087e-107,1.2140886625842846e+17,4333110009071016.0,9.542951363056291e+16,1.0069422425152021e+23,1.0015614507769358e+20,3.3564741417173403e+22
2801961081081.081,970.6485771092173,253157678.30200353,1,1.1846257914841997e+22,3.3564741417173403e+22,1.0079425898773172e+23,9.985700488531793e+19,1.2159572048756179e-107,5.540840032558052e+22,4.772340547903419e-103,1.0027755394395202e+20,9.54980921017524e-108,1.2140886625842846e+17,4061893163455452.0,9.570073047617848e+16,1.0069422425152021e+23,1.0015614507769358e+20,3.3564741417173403e+22
2805120000000.0,968.5861741521816,253157431.49917156,1,1.1846257914841997e+22,3.3564741417173403e+22,1.0079425898773172e+23,9.985700488531793e+19,8.853491074100578e-108,5.540840032558052e+22,3.474780313019314e-103,1.0027755394395202e+20,6.953301438055828e-108,1.2140886625842846e+17,3802692407348143.0,9.59599312322858e+16,1.0069422425152021e+23,1.0015614507769358e+20,3.3564741417173403e+22
2808278918918.919,966.5237711951459,253157186.75367722,1,1.1846257914841997e+22,3.3564741417173403e+22,1.0079425898773172e+23,9.985700488531793e+19,6.44630447323411e-108,5.540840032558052e+22,2.5300160586928324e-103,1.0027755394395202e+20,5.062760880228417e-108,1.2140886625842846e+17,3555304337906694.0,9.620731930172725e+16,1.0069422425152021e+23,1.0015614507769358e+20,3.3564741417173403e+22
2811437837837.8384,964.4613682381098,253156944.02876532,1,1.1846257914841997e+22,3.3564741417173403e+22,1.0079425898773172e+23,9.985700488531793e+19,4.6936107744385006e-108,5.540840032558052e+22,1.842125452725861e-103,1.0027755394395202e+20,3.686241384407223e-108,1.2140886625842846e+17,3319510263585919.0,9.644311337604802e+16,1.0069422425152021e+23,1.0015614507769358e+20,3.3564741417173403e+22
2814596756756.7573,962.3989652810741,253156703.28886804,1,1.1846257914841997e+22,3.3564741417173403e+22,1.0079425898773172e+23,9.985700488531793e+19,3.417459112498538e-108,5.540840032558052e+22,1.3412666579411828e-103,1.0027755394395202e+20,2.6839852316976714e-108,1.2140886625842846e+17,3095076996918986.0,9.666754664271494e+16,1.0069422425152021e+23,1.0015614507769358e+20,3.3564741417173403e+22
2817755675675.676,960.3365623240384,253156464.49956903,1,1.1846257914841997e+22,3.3564741417173403e+22,1.0079425898773172e+23,9.985700488531793e+19,2.488281895326628e-108,5.540840032558052e+22,9.765872595933511e-104,1.0027755394395202e+20,1.9542335716693714e-108,1.2140886625842846e+17,2881757702701993.5,9.688086593693194e+16,1.0069422425152021e+23,1.0015614507769358e+20,3.3564741417173403e+22
2820914594594.5947,958.2741593670027,253156227.62756804,1,1.1846257914841997e+22,3.3564741417173403e+22,1.0079425898773172e+23,9.985700488531793e+19,1.811739818780662e-108,5.540840032558052e+22,7.11061197229786e-104,1.0027755394395202e+20,1.4228948720309614e-108,1.2140886625842846e+17,2679292797575379.5,9.708333084205854e+16,1.0069422425152021e+23,1.0015614507769358e+20,3.3564741417173403e+22
2824073513513.5137,956.2117564099669,253155992.6406474,1,1.1846257914841997e+22,3.3564741417173403e+22,1.0079425898773172e+23,9.985700488531793e+19,1.3191436057163145e-108,5.540840032558052e+22,5.1772949241257845e-104,1.0027755394395202e+20,1.0360224236471498e-108,1.2140886625842846e+17,2487410896575232.5,9.727521274305869e+16,1.0069422425152021e+23,1.0015614507769358e+20,3.3564741417173403e+22
2827232432432.4326,954.1493534529312,253155759.50763917,1,1.1846257914841997e+22,3.3564741417173403e+22,1.0079425898773172e+23,9.985700488531793e+19,9.60479989614955e-109,5.540840032558052e+22,3.7696309172551473e-104,1.0027755394395202e+20,7.543371441462096e-109,1.2140886625842846e+17,2305829801831948.5,9.745679383780197e+16,1.0069422425152021e+23,1.0015614507769358e+20,3.3564741417173403e+22
2830391351351.3516,952.0869504958955,253155528.19839337,1,1.1846257914841997e+22,3.3564741417173403e+22,1.0079425898773172e+23,9.985700488531793e+19,6.993338717231888e-109,5.540840032558052e+22,2.744699203073764e-104,1.0027755394395202e+20,5.492395819052468e-109,1.2140886625842846e+17,2134257528227693.5,9.762836611140622e+16,1.0069422425152021e+23,1.0015614507769358e+20,3.3564741417173403e+22
2833550270270.2705,950.0245475388598,253155298.6837474,1,1.1846257914841997e+22,3.3564741417173403e+22,1.0079425898773172e+23,9.985700488531793e+19,5.09191098887307e-109,5.540840032558052e+22,1.9984380117614202e-104,1.0027755394395202e+20,3.9990622026996157e-109,1.2140886625842846e+17,1972393360492567.0,9.779023027914134e+16,1.0069422425152021e+23,1.0015614507769358e+20,3.3564741417173403e+22
2836709189189.1895,947.9621445818241,253155070.93549663,1,1.1846257914841997e+22,3.3564741417173403e+22,1.0079425898773172e+23,9.985700488531793e+19,3.707464835112798e-109,5.540840032558052e+22,1.455079114818982e-104,1.0027755394395202e+20,2.911752705520634e-109,1.2140886625842846e+17,1819928935926931.0,9.794269470370698e+16,1.0069422425152021e+23,1.0015614507769358e+20,3.3564741417173403e+22
2839868108108.108,945.8997416247884,253154844.92636526,1,1.1846257914841997e+22,3.3564741417173403e+22,1.0079425898773172e+23,9.985700488531793e+19,2.6994374917877125e-109,5.540840032558052e+22,1.0594550433497043e-104,1.0027755394395202e+20,2.1200729891834897e-109,1.2140886625842846e+17,1676549346688410.8,9.80860742929455e+16,1.0069422425152021e+23,1.0015614507769358e+20,3.3564741417173403e+22
2843027027027.0273,943.8373386677523,253154620.62997892,1,1.1846257914841997e+22,3.3564741417173403e+22,1.0079425898773172e+23,9.985700488531793e+19,1.9654839780801269e-109,5.540840032558052e+22,7.713979105656814e-105,1.0027755394395202e+20,1.5436439501084158e-109,1.2140886625842846e+17,1541934255380664.5,9.822068938425325e+16,1.0069422425152021e+23,1.0015614507769358e+20,3.3564741417173403e+22
2846185945945.9463,941.7749357107166,253154398.02083775,1,1.1846257914841997e+22,3.3564741417173403e+22,1.0079425898773172e+23,9.985700488531793e+19,1.431086016730173e-109,5.540840032558052e+22,5.616611484935691e-105,1.0027755394395202e+20,1.1239408456583661e-109,1.2140886625842846e+17,1415759017530799.8,9.834686462210312e+16,1.0069422425152021e+23,1.0015614507769358e+20,3.3564741417173403e+22
2849344864864.865,939.7125327536809,253154177.07429007,1,1.1846257914841997e+22,3.3564741417173403e+22,1.0079425898773172e+23,9.985700488531793e+19,1.041986197487819e-109,5.540840032558052e+22,4.089500910052758e-105,1.0027755394395202e+20,8.183512887740793e-110,1.2140886625842846e+17,1297695804446437.5,9.846492783518749e+16,1.0069422425152021e+23,1.0015614507769358e+20,3.3564741417173403e+22
2852503783783.784,937.6501297966452,253153957.7665076,1,1.1846257914841997e+22,3.3564741417173403e+22,1.0079425898773172e+23,9.985700488531793e+19,7.586792250441094e-110,5.540840032558052e+22,2.9775991695665283e-105,1.0027755394395202e+20,5.958488206496478e-110,1.2140886625842846e+17,1187414719904500.5,9.857520891972942e+16,1.0069422425152021e+23,1.0015614507769358e+20,3.3564741417173403e+22
2855662702702.703,935.5877268396094,253153740.07446074,1,1.1846257914841997e+22,3.3564741417173403e+22,1.0079425898773172e+23,9.985700488531793e+19,5.52400948274161e-110,5.540840032558052e+22,2.168014388457221e-105,1.0027755394395202e+20,4.33842800276714e-110,1.2140886625842846e+17,1084584904143798.6,9.867803873549013e+16,1.0069422425152021e+23,1.0015614507769358e+20,3.3564741417173403e+22
2858821621621.6216,933.5253238825737,253153523.9758951,1,1.1846257914841997e+22,3.3564741417173403e+22,1.0079425898773172e+23,9.985700488531793e+19,4.022079372255911e-110,5.540840032558052e+22,1.578549066173267e-105,1.0027755394395202e+20,3.158847808484094e-110,1.2140886625842846e+17,988875618713700.5,9.877374802092022e+16,1.0069422425152021e+23,1.0015614507769358e+20,3.3564741417173403e+22
2861980540540.5405,931.462920925538,253153309.4493086,1,1.1846257914841997e+22,3.3564741417173403e+22,1.0079425898773172e+23,9.985700488531793e+19,2.928510975058996e-110,5.540840032558052e+22,1.149354528080274e-105,1.0027755394395202e+20,2.2999850192005926e-110,1.2140886625842846e+17,899957305872183.2,9.886266633376174e+16,1.0069422425152021e+23,1.0015614507769358e+20,3.3564741417173403e+22
2865139459459.4595,929.4005179685023,253153096.47392908,1,1.1846257914841997e+22,3.3564741417173403e+22,1.0079425898773172e+23,9.985700488531793e+19,2.1322743027526048e-110,5.540840032558052e+22,8.368544630804843e-106,1.0027755394395202e+20,1.6746394178603466e-110,1.2140886625842846e+17,817502616428113.6,9.894512102320581e+16,1.0069422425152021e+23,1.0015614507769358e+20,3.3564741417173403e+22
2868298378378.3784,927.3381150114666,253152885.02969295,1,1.1846257914841997e+22,3.3564741417173403e+22,1.0079425898773172e+23,9.985700488531793e+19,1.5525274513055184e-110,5.540840032558052e+22,6.093206014922604e-106,1.0027755394395202e+20,1.2193197516257427e-110,1.2140886625842846e+17,741187400183721.8,9.902143623945019e+16,1.0069422425152021e+23,1.0015614507769358e+20,3.3564741417173403e+22
2871457297297.2974,925.2757120544309,253152675.09722427,1,1.1846257914841997e+22,3.3564741417173403e+22,1.0079425898773172e+23,9.985700488531793e+19,1.1304087248325458e-110,5.540840032558052e+22,4.436513298097606e-106,1.0027755394395202e+20,8.87797475498333e-111,1.2140886625842846e+17,670691653452026.9,9.909193198618189e+16,1.0069422425152021e+23,1.0015614507769358e+20,3.3564741417173403e+22
2874616216216.217,923.2133090973948,253152466.65781468,1,1.1846257914841997e+22,3.3564741417173403e+22,1.0079425898773172e+23,9.985700488531793e+19,8.230604090687615e-111,5.540840032558052e+22,3.2302617367594305e-106,1.0027755394395202e+20,6.46413175588567e-111,1.2140886625842846e+17,605700418497785.0,9.915692322113613e+16,1.0069422425152021e+23,1.0015614507769358e+20,3.3564741417173403e+22
2877775135135.1357,921.1509061403591,253152259.69340342,1,1.1846257914841997e+22,3.3564741417173403e+22,1.0079425898773172e+23,9.985700488531793e+19,5.992774285481008e-111,5.540840032558052e+22,2.351980076887506e-106,1.0027755394395202e+20,4.706591340877251e-111,1.2140886625842846e+17,545904630175855.8,9.921671900945806e+16,1.0069422425152021e+23,1.0015614507769358e+20,3.3564741417173403e+22
2880934054054.054,919.0885031833234,253152054.1865587,1,1.1846257914841997e+22,3.3564741417173403e+22,1.0079425898773172e+23,9.985700488531793e+19,4.363390958424776e-111,5.540840032558052e+22,1.7124959934748882e-106,1.0027755394395202e+20,3.426910644001035e-111,1.2140886625842846e+17,491001905513422.94,9.92716217341205e+16,1.0069422425152021e+23,1.0015614507769358e+20,3.3564741417173403e+22
2884092972972.973,917.0261002262877,253151850.12045908,1,1.1846257914841997e+22,3.3564741417173403e+22,1.0079425898773172e+23,9.985700488531793e+19,3.177022804897897e-111,5.540840032558052e+22,1.2468823849683532e-106,1.0027755394395202e+20,2.4951638335451594e-111,1.2140886625842846e+17,440697272497215.5,9.93219263671367e+16,1.0069422425152021e+23,1.0015614507769358e+20,3.3564741417173403e+22
2887251891891.892,914.963697269252,253151647.4788753,1,1.1846257914841997e+22,3.3564741417173403e+22,1.0079425898773172e+23,9.985700488531793e+19,2.3132178513642687e-111,5.540840032558052e+22,9.078652959588173e-107,1.0027755394395202e+20,1.816750760921759e-111,1.2140886625842846e+17,394703834878004.9,9.936791980475592e+16,1.0069422425152021e+23,1.0015614507769358e+20,3.3564741417173403e+22
2890410810810.811,912.9012943122162,253151446.24615324,1,1.1846257914841997e+22,3.3564741417173403e+22,1.0079425898773172e+23,9.985700488531793e+19,1.6842739673927586e-111,5.540840032558052e+22,6.610241716000427e-107,1.0027755394395202e+20,1.3227922206920702e-111,1.2140886625842846e+17,352743370385824.8,9.94098802692481e+16,1.0069422425152021e+23,1.0015614507769358e+20,3.3564741417173403e+22
2893569729729.73,910.8388913551805,253151246.40719694,1,1.1846257914841997e+22,3.3564741417173403e+22,1.0079425898773172e+23,9.985700488531793e+19,1.226334468713739e-111,5.540840032558052e+22,4.812971234659286e-107,1.0027755394395202e+20,9.631366540892728e-112,1.2140886625842846e+17,314546860353671.1,9.944807677928026e+16,1.0069422425152021e+23,1.0015614507769358e+20,3.3564741417173403e+22
2896728648648.649,908.7764883981448,253151047.9474519,1,1.1846257914841997e+22,3.3564741417173403e+22,1.0079425898773172e+23,9.985700488531793e+19,8.92904748117863e-112,5.540840032558052e+22,3.5043638494468985e-107,1.0027755394395202e+20,7.012682677806095e-112,1.2140886625842846e+17,279854949367524.34,9.94827686902664e+16,1.0069422425152021e+23,1.0015614507769358e+20,3.3564741417173403e+22
2899887567567.5674,906.7140854411091,253150850.85288945,1,1.1846257914841997e+22,3.3564741417173403e+22,1.0079425898773172e+23,9.985700488531793e+19,6.50131677874419e-112,5.540840032558052e+22,2.551556074317497e-107,1.0027755394395202e+20,5.105995899680299e-112,1.2140886625842846e+17,248418334188726.6,9.95142053054452e+16,1.0069422425152021e+23,1.0015614507769358e+20,3.3564741417173403e+22
2903046486486.4863,904.6516824840734,253150655.10999113,1,1.1846257914841997e+22,3.3564741417173403e+22,1.0079425898773172e+23,9.985700488531793e+19,4.73366501483727e-112,5.540840032558052e+22,1.8578089148517136e-107,1.0027755394395202e+20,3.7177204761476556e-112,1.2140886625842846e+17,219998081823150.62,9.954262555781077e+16,1.0069422425152021e+23,1.0015614507769358e+20,3.3564741417173403e+22
2906205405405.406,902.5892795270373,253150460.70573354,1,1.1846257914841997e+22,3.3564741417173403e+22,1.0079425898773172e+23,9.985700488531793e+19,3.4466224521462532e-112,5.540840032558052e+22,1.3526859154078021e-107,1.0027755394395202e+20,2.706904928041217e-112,1.2140886625842846e+17,194365877232261.56,9.956825776240166e+16,1.0069422425152021e+23,1.0015614507769358e+20,3.3564741417173403e+22
2909364324324.3247,900.5268765700016,253150267.62757373,1,1.1846257914841997e+22,3.3564741417173403e+22,1.0079425898773172e+23,9.985700488531793e+19,2.5095156164927134e-112,5.540840032558052e+22,9.849017146570703e-108,1.0027755394395202e+20,1.9709212397452842e-112,1.2140886625842846e+17,171304201786198.9,9.959131943784773e+16,1.0069422425152021e+23,1.0015614507769358e+20,3.3564741417173403e+22
2912523243243.2437,898.4644736129659,253150075.8634348,1,1.1846257914841997e+22,3.3564741417173403e+22,1.0079425898773172e+23,9.985700488531793e+19,1.8272000170523184e-112,5.540840032558052e+22,7.171150201870743e-108,1.0027755394395202e+20,1.4350450480355318e-112,1.2140886625842846e+17,150606444140693.5,9.961201719549323e+16,1.0069422425152021e+23,1.0015614507769358e+20,3.3564741417173403e+22
2915682162162.1626,896.4020706559302,253149885.4016923,1,1.1846257914841997e+22,3.3564741417173403e+22,1.0079425898773172e+23,9.985700488531793e+19,1.3304001244970156e-112,5.540840032558052e+22,5.221373305832495e-108,1.0027755394395202e+20,1.044868885391536e-112,1.2140886625842846e+17,132076945770628.6,9.96305466938633e+16,1.0069422425152021e+23,1.0015614507769358e+20,3.3564741417173403e+22
2918841081081.0815,894.3396676988945,253149696.23116043,1,1.1846257914841997e+22,3.3564741417173403e+22,1.0079425898773172e+23,9.985700488531793e+19,9.686758250544288e-113,5.540840032558052e+22,3.801724748666972e-108,1.0027755394395202e+20,7.607781953691426e-113,1.2140886625842846e+17,115530983906461.9,9.964709265572746e+16,1.0069422425152021e+23,1.0015614507769358e+20,3.3564741417173403e+22
2922000000000.0,892.2772647418587,253149508.34107888,1,1.1846257914841997e+22,3.3564741417173403e+22,1.0079425898773172e+23,9.985700488531793e+19,7.053012345532952e-113,5.540840032558052e+22,2.7680669850750212e-108,1.0027755394395202e+20,5.539292705743711e-113,1.2140886625842846e+17,100794695089259.3,9.966182894454466e+16,1.0069422425152021e+23,1.0015614507769358e+20,3.3564741417173403e+22
2925158918918.919,890.214861784823,253149321.72110012,1,1.1846257914841997e+22,3.3564741417173403e+22,1.0079425898773172e+23,9.985700488531793e+19,5.135359184202932e-113,5.540840032558052e+22,2.0154522855840557e-108,1.0027755394395202e+20,4.0332075377501715e-113,1.2140886625842846e+17,87704942980180.16,9.967491869665373e+16,1.0069422425152021e+23,1.0015614507769358e+20,3.3564741417173403e+22
2928317837837.838,888.1524588277873,253149136.36127666,1,1.1846257914841997e+22,3.3564741417173403e+22,1.0079425898773172e+23,9.985700488531793e+19,3.739099345647533e-113,5.540840032558052e+22,1.467467347202186e-108,1.0027755394395202e+20,2.9366137200541874e-113,1.2140886625842846e+17,76109134426146.23,9.968651450520776e+16,1.0069422425152021e+23,1.0015614507769358e+20,3.3564741417173403e+22
2931476756756.757,886.0900558707516,253148952.25204918,1,1.1846257914841997e+22,3.3564741417173403e+22,1.0079425898773172e+23,9.985700488531793e+19,2.7224704952514216e-113,5.540840032558052e+22,1.0684750170012445e-108,1.0027755394395202e+20,2.138174149525846e-113,1.2140886625842846e+17,65864988091281.77,9.969675865154262e+16,1.0069422425152021e+23,1.0015614507769358e+20,3.3564741417173403e+22
2934635675675.676,884.0276529137159,253148769.38423437,1,1.1846257914841997e+22,3.3564741417173403e+22,1.0079425898773172e+23,9.985700488531793e+19,1.9822542498477916e-113,5.540840032558052e+22,7.779654273959909e-109,1.0027755394395202e+20,1.556823302761036e-113,1.2140886625842846e+17,56840260210673.76,9.970578337942323e+16,1.0069422425152021e+23,1.0015614507769358e+20,3.3564741417173403e+22
2937794594594.595,881.9652499566798,253148587.7490131,1,1.1846257914841997e+22,3.3564741417173403e+22,1.0079425898773172e+23,9.985700488531793e+19,1.44329641133953e-113,5.540840032558052e+22,5.664430113883719e-109,1.0027755394395202e+20,1.1335366599543468e-113,1.2140886625842846e+17,48912432207240.66,9.971371120742667e+16,1.0069422425152021e+23,1.0015614507769358e+20,3.3564741417173403e+22
2940953513513.5137,879.9028469996441,253148407.33791965,1,1.1846257914841997e+22,3.3564741417173403e+22,1.0079425898773172e+23,9.985700488531793e+19,1.0508765578927776e-113,5.540840032558052e+22,4.1243180461720953e-109,1.0027755394395202e+20,8.25337949898788e-114,1.2140886625842846e+17,41968365033249.73,9.972065527460066e+16,1.0069422425152021e+23,1.0015614507769358e+20,3.3564741417173403e+22
2944112432432.4326,877.8404440426084,253148228.14283004,1,1.1846257914841997e+22,3.3564741417173403e+22,1.0079425898773172e+23,9.985700488531793e+19,7.651522771203468e-114,5.540840032558052e+22,3.0029498120717736e-109,1.0027755394395202e+20,6.009357722913196e-114,1.2140886625842846e+17,35903925155586.92,9.972671971447832e+16,1.0069422425152021e+23,1.0015614507769358e+20,3.3564741417173403e+22
2947271351351.3516,875.7780410855727,253148050.1559515,1,1.1846257914841997e+22,3.3564741417173403e+22,1.0079425898773172e+23,9.985700488531793e+19,5.571139641053514e-114,5.540840032558052e+22,2.1864723992834425e-109,1.0027755394395202e+20,4.375465840229574e-114,1.2140886625842846e+17,30623587099609.39,9.97320000525343e+16,1.0069422425152021e+23,1.0015614507769358e+20,3.3564741417173403e+22
2950430270270.2705,873.715638128537,253147873.36981183,1,1.1846257914841997e+22,3.3564741417173403e+22,1.0079425898773172e+23,9.985700488531793e+19,4.056394747914719e-114,5.540840032558052e+22,1.5919884953155624e-109,1.0027755394395202e+20,3.1858148754260616e-114,1.2140886625842846e+17,26040017402654.48,9.973658362223126e+16,1.0069422425152021e+23,1.0015614507769358e+20,3.3564741417173403e+22
2953589189189.1895,871.6532351715013,253147697.77724886,1,1.1846257914841997e+22,3.3564741417173403e+22,1.0079425898773172e+23,9.985700488531793e+19,2.9534959360489702e-114,5.540840032558052e+22,1.159139886717847e-109,1.0027755394395202e+20,2.3196196112064676e-114,1.2140886625842846e+17,22073644708344.83,9.974054999492557e+16,1.0069422425152021e+23,1.0015614507769358e+20,3.3564741417173403e+22
2956748108108.1084,869.5908322144655,253147523.37140054,1,1.1846257914841997e+22,3.3564741417173403e+22,1.0079425898773172e+23,9.985700488531793e+19,2.1504658086141233e-114,5.540840032558052e+22,8.439792629995951e-110,1.0027755394395202e+20,1.688935272478886e-114,1.2140886625842846e+17,18652220560880.54,9.974397141907304e+16,1.0069422425152021e+23,1.0015614507769358e+20,3.3564741417173403e+22
2959907027027.0273,867.5284292574298,253147350.14569497,1,1.1846257914841997e+22,3.3564741417173403e+22,1.0079425898773172e+23,9.985700488531793e+19,1.5657726561847981e-114,5.540840032558052e+22,6.145082267768818e-110,1.0027755394395202e+20,1.2297284982141427e-114,1.2140886625842846e+17,15710375239470.996,9.974691326439445e+16,1.0069422425152021e+23,1.0015614507769358e+20,3.3564741417173403e+22
2963065945945.946,865.4660263003941,253147178.09384042,1,1.1846257914841997e+22,3.3564741417173403e+22,1.0079425898773172e+23,9.985700488531793e+19,1.1400525374389758e-114,5.540840032558052e+22,4.474284823472597e-110,1.0027755394395202e+20,8.953760376340916e-115,1.2140886625842846e+17,13189172712496.348,9.974943446692142e+16,1.0069422425152021e+23,1.0015614507769358e+20,3.3564741417173403e+22
2966224864864.8647,863.4036233433584,253147007.20981604,1,1.1846257914841997e+22,3.3564741417173403e+22,1.0079425898773172e+23,9.985700488531793e+19,8.300820545074915e-115,5.540840032558052e+22,3.2577634943243605e-110,1.0027755394395202e+20,6.519310938323016e-115,1.2140886625842846e+17,11035668494978.742,9.975158797113894e+16,1.0069422425152021e+23,1.0015614507769358e+20,3.3564741417173403e+22
2969383783783.784,861.3412203863223,253146837.48786256,1,1.1846257914841997e+22,3.3564741417173403e+22,1.0079425898773172e+23,9.985700488531793e+19,6.043898785926416e-115,5.540840032558052e+22,2.3720043322399515e-110,1.0027755394395202e+20,4.746767070264952e-115,1.2140886625842846e+17,9202473867932.523,9.975342116576598e+16,1.0069422425152021e+23,1.0015614507769358e+20,3.3564741417173403e+22
2972542702702.703,859.2788174292866,253146668.92247275,1,1.1846257914841997e+22,3.3564741417173403e+22,1.0079425898773172e+23,9.985700488531793e+19,4.400614638399254e-115,5.540840032558052e+22,1.7270758181087605e-110,1.0027755394395202e+20,3.4561624267385685e-115,1.2140886625842846e+17,7647329570822.641,9.975497631006309e+16,1.0069422425152021e+23,1.0015614507769358e+20,3.3564741417173403e+22
2975701621621.622,857.2164144722509,253146501.50838292,1,1.1846257914841997e+22,3.3564741417173403e+22,1.0079425898773172e+23,9.985700488531793e+19,3.204125318995395e-115,5.540840032558052e+22,1.2574980749210138e-110,1.0027755394395202e+20,2.51646193866112e-115,1.2140886625842846e+17,6332691715439.837,9.975629094791846e+16,1.0069422425152021e+23,1.0015614507769358e+20,3.3564741417173403e+22
2978860540540.541,855.1540115152152,253146335.24056372,1,1.1846257914841997e+22,3.3564741417173403e+22,1.0079425898773172e+23,9.985700488531793e+19,2.3329511594035784e-115,5.540840032558052e+22,9.155946669218405e-111,1.0027755394395202e+20,1.8322578274061577e-115,1.2140886625842846e+17,5225332297681.349,9.975739830733622e+16,1.0069422425152021e+23,1.0015614507769358e+20,3.3564741417173403e+22
2982019459459.4595,853.0916085581795,253146170.11421168,1,1.1846257914841997e+22,3.3564741417173403e+22,1.0079425898773172e+23,9.985700488531793e+19,1.6986417666993834e-115,5.540840032558052e+22,6.666519900226268e-111,1.0027755394395202e+20,1.3340828561376496e-115,1.2140886625842846e+17,4295956309481.448,9.975832768332442e+16,1.0069422425152021e+23,1.0015614507769358e+20,3.3564741417173403e+22
2985178378378.3784,851.0292056011438,253146006.12474057,1,1.1846257914841997e+22,3.3564741417173403e+22,1.0079425898773172e+23,9.985700488531793e+19,1.2367956481249211e-115,5.540840032558052e+22,4.853947842392431e-111,1.0027755394395202e+20,9.713573232883165e-116,1.2140886625842846e+17,3518837082607.811,9.97591048025513e+16,1.0069422425152021e+23,1.0015614507769358e+20,3.3564741417173403e+22
2988337297297.2974,848.966802644108,253145843.26777294,1,1.1846257914841997e+22,3.3564741417173403e+22,1.0079425898773172e+23,9.985700488531793e+19,9.005215224007724e-116,5.540840032558052e+22,3.534199253776541e-111,1.0027755394395202e+20,7.072537067806798e-116,1.2140886625842846e+17,2871471134917.118,9.975975216849899e+16,1.0069422425152021e+23,1.0015614507769358e+20,3.3564741417173403e+22
2991496216216.2163,846.9043996870723,253145681.5391322,1,1.1846257914841997e+22,3.3564741417173403e+22,1.0079425898773172e+23,9.985700488531793e+19,6.556774440895463e-116,5.540840032558052e+22,2.5732794770283867e-111,1.0027755394395202e+20,5.149575665565848e-116,1.2140886625842846e+17,2334253443086.8013,9.976028938619082e+16,1.0069422425152021e+23,1.0015614507769358e+20,3.3564741417173403e+22
2994655135135.1353,844.8419967300366,253145520.93483415,1,1.1846257914841997e+22,3.3564741417173403e+22,1.0079425898773172e+23,9.985700488531793e+19,4.7740436899106074e-116,5.540840032558052e+22,1.8736259026198544e-111,1.0027755394395202e+20,3.7494507501027314e-116,1.2140886625842846e+17,1890173738318.678,9.976073346589558e+16,1.0069422425152021e+23,1.0015614507769358e+20,3.3564741417173403e+22
2997814054054.054,842.7795937730009,253145361.45107928,1,1.1846257914841997e+22,3.3564741417173403e+22,1.0079425898773172e+23,9.985700488531793e+19,3.4760221322460904e-116,5.540840032558052e+22,1.3642023939902344e-111,1.0027755394395202e+20,2.7300076309833336e-116,1.2140886625842846e+17,1524534116861.2095,9.976109910551704e+16,1.0069422425152021e+23,1.0015614507769358e+20,3.3564741417173403e+22
3000972972972.973,840.7171908159648,253145203.08424494,1,1.1846257914841997e+22,3.3564741417173403e+22,1.0079425898773172e+23,9.985700488531793e+19,2.5309215009644968e-116,5.540840032558052e+22,9.93286957212974e-112,1.0027755394395202e+20,1.987742239616823e-116,1.2140886625842846e+17,1224687978504.0613,9.97613989516554e+16,1.0069422425152021e+23,1.0015614507769358e+20,3.3564741417173403e+22
3004131891891.892,838.6547878589291,253145045.8308772,1,1.1846257914841997e+22,3.3564741417173403e+22,1.0079425898773172e+23,9.985700488531793e+19,1.8427856261750508e-116,5.540840032558052e+22,7.232203840982786e-112,1.0027755394395202e+20,1.447292362265536e-116,1.2140886625842846e+17,979800055792.6304,9.97616438395781e+16,1.0069422425152021e+23,1.0015614507769358e+20,3.3564741417173403e+22
3007290810810.811,836.5923849018934,253144889.68768382,1,1.1846257914841997e+22,3.3564741417173403e+22,1.0079425898773172e+23,9.985700488531793e+19,1.3417479960811451e-116,5.540840032558052e+22,5.265826961453931e-112,1.0027755394395202e+20,1.0537861150499611e-116,1.2140886625842846e+17,780627076170.4089,9.976184301255771e+16,1.0069422425152021e+23,1.0015614507769358e+20,3.3564741417173403e+22
3010449729729.73,834.5299819448577,253144734.65152648,1,1.1846257914841997e+22,3.3564741417173403e+22,1.0079425898773172e+23,9.985700488531793e+19,9.769382033028359e-117,5.540840032558052e+22,3.8340918200954697e-112,1.0027755394395202e+20,7.672708018232963e-117,1.2140886625842846e+17,619318409431.2727,9.976200432122445e+16,1.0069422425152021e+23,1.0015614507769358e+20,3.3564741417173403e+22
3013608648648.649,832.467578987822,253144580.71941325,1,1.1846257914841997e+22,3.3564741417173403e+22,1.0079425898773172e+23,9.985700488531793e+19,7.113170673925665e-117,5.540840032558052e+22,2.791633715374527e-112,1.0027755394395202e+20,5.586565169888231e-117,1.2140886625842846e+17,489235893906.1841,9.976213440373997e+16,1.0069422425152021e+23,1.0015614507769358e+20,3.3564741417173403e+22
3016767567567.568,830.4051760307863,253144427.88849148,1,1.1846257914841997e+22,3.3564741417173403e+22,1.0079425898773172e+23,9.985700488531793e+19,5.179160431004816e-117,5.540840032558052e+22,2.0326114152951433e-112,1.0027755394395202e+20,4.0676264733852284e-117,1.2140886625842846e+17,384791906233.98254,9.976223884772765e+16,1.0069422425152021e+23,1.0015614507769358e+20,3.3564741417173403e+22
3019926486486.487,828.3427730737505,253144276.15604073,1,1.1846257914841997e+22,3.3564741417173403e+22,1.0079425898773172e+23,9.985700488531793e+19,3.770991011865876e-117,5.540840032558052e+22,1.4799610503464062e-112,1.0027755394395202e+20,2.961674042968073e-117,1.2140886625842846e+17,301304640315.22034,9.976232233499357e+16,1.0069422425152021e+23,1.0015614507769358e+20,3.3564741417173403e+22
3023085405405.4053,826.2803701167148,253144125.51946557,1,1.1846257914841997e+22,3.3564741417173403e+22,1.0079425898773172e+23,9.985700488531793e+19,2.745690802960913e-117,5.540840032558052e+22,1.077571784779335e-112,1.0027755394395202e+20,2.1564204960947685e-117,1.2140886625842846e+17,234869489566.39294,9.976238877014432e+16,1.0069422425152021e+23,1.0015614507769358e+20,3.3564741417173403e+22
3026244324324.324,824.2179671596791,253143975.97628838,1,1.1846257914841997e+22,3.3564741417173403e+22,1.0079425898773172e+23,9.985700488531793e+19,1.9991609462258522e-117,5.540840032558052e+22,7.845888586599865e-113,1.0027755394395202e+20,1.5701084143015964e-117,1.2140886625842846e+17,182245380911.7831,9.976244139425298e+16,1.0069422425152021e+23,1.0015614507769358e+20,3.3564741417173403e+22
3029403243243.243,822.1555642026434,253143827.52414295,1,1.1846257914841997e+22,3.3564741417173403e+22,1.0079425898773172e+23,9.985700488531793e+19,1.455606170536434e-117,5.540840032558052e+22,5.712655860411551e-113,1.0027755394395202e+20,1.1432095113999412e-117,1.2140886625842846e+17,140754886779.01434,9.97624828847471e+16,1.0069422425152021e+23,1.0015614507769358e+20,3.3564741417173403e+22
3032562162162.1626,820.0931612456073,253143680.16076723,1,1.1846257914841997e+22,3.3564741417173403e+22,1.0079425898773172e+23,9.985700488531793e+19,1.0598392892952957e-117,5.540840032558052e+22,4.1594316079419455e-113,1.0027755394395202e+20,8.323807255978896e-118,1.2140886625842846e+17,108196940173.64236,9.976251544269371e+16,1.0069422425152021e+23,1.0015614507769358e+20,3.3564741417173403e+22
3035721081081.0815,818.0307582885716,253143533.883997,1,1.1846257914841997e+22,3.3564741417173403e+22,1.0079425898773172e+23,9.985700488531793e+19,7.716780390359151e-118,5.540840032558052e+22,3.028516284525519e-113,1.0027755394395202e+20,6.060635975939247e-118,1.2140886625842846e+17,82770995019.67967,9.976254086863886e+16,1.0069422425152021e+23,1.0015614507769358e+20,3.3564741417173403e+22
3038880000000.0005,815.9683553315359,253143388.6917588,1,1.1846257914841997e+22,3.3564741417173403e+22,1.0079425898773172e+23,9.985700488531793e+19,5.618653695045847e-118,5.540840032558052e+22,2.2050875576661885e-113,1.0027755394395202e+20,4.412801394978061e-118,1.2140886625842846e+17,63011506621.79797,9.976256062812726e+16,1.0069422425152021e+23,1.0015614507769358e+20,3.3564741417173403e+22
3042038918918.9194,813.9059523745002,253143244.582064,1,1.1846257914841997e+22,3.3564741417173403e+22,1.0079425898773172e+23,9.985700488531793e+19,4.0909897185373665e-118,5.540840032558052e+22,1.605542344883259e-113,1.0027755394395202e+20,3.2129987913859454e-118,1.2140886625842846e+17,47731652594.74311,9.97625759079813e+16,1.0069422425152021e+23,1.0015614507769358e+20,3.3564741417173403e+22
3045197837837.838,811.8435494174645,253143101.5530019,1,1.1846257914841997e+22,3.3564741417173403e+22,1.0079425898773172e+23,9.985700488531793e+19,2.978684526321544e-118,5.540840032558052e+22,1.1690085558060468e-113,1.0027755394395202e+20,2.3394121475287277e-118,1.2140886625842846e+17,35975270255.905365,9.976258766436363e+16,1.0069422425152021e+23,1.0015614507769358e+20,3.3564741417173403e+22
3048356756756.757,809.7811464604288,253142959.60273346,1,1.1846257914841997e+22,3.3564741417173403e+22,1.0079425898773172e+23,9.985700488531793e+19,2.1688056161530428e-118,5.540840032558052e+22,8.511647219414227e-114,1.0027755394395202e+20,1.70334616578384e-118,1.2140886625842846e+17,26976049761.37043,9.976259666358413e+16,1.0069422425152021e+23,1.0015614507769358e+20,3.3564741417173403e+22
3051515675675.676,807.7187435033931,253142818.7294853,1,1.1846257914841997e+22,3.3564741417173403e+22,1.0079425898773172e+23,9.985700488531793e+19,1.5791258668481367e-118,5.540840032558052e+22,6.197400183936892e-114,1.0027755394395202e+20,1.240221031953408e-118,1.2140886625842846e+17,20123090838.226948,9.976260351654306e+16,1.0069422425152021e+23,1.0015614507769358e+20,3.3564741417173403e+22
3054674594594.5947,805.6563405463573,253142678.93154314,1,1.1846257914841997e+22,3.3564741417173403e+22,1.0079425898773172e+23,9.985700488531793e+19,1.1497750081093943e-118,5.540840032558052e+22,4.5123779275363644e-114,1.0027755394395202e+20,9.030156243432238e-119,1.2140886625842846e+17,14932002697.451252,9.97626087076312e+16,1.0069422425152021e+23,1.0015614507769358e+20,3.3564741417173403e+22
3057833513513.5137,803.5939375893216,253142540.20724607,1,1.1846257914841997e+22,3.3564741417173403e+22,1.0079425898773172e+23,9.985700488531793e+19,8.371609841585501e-119,5.540840032558052e+22,3.2854993959713475e-114,1.0027755394395202e+20,6.57493457404469e-119,1.2140886625842846e+17,11020799715.593163,9.976261261883418e+16,1.0069422425152021e+23,1.0015614507769358e+20,3.3564741417173403e+22
3060992432432.4326,801.5315346322859,253142402.55498025,1,1.1846257914841997e+22,3.3564741417173403e+22,1.0079425898773172e+23,9.985700488531793e+19,6.095440465195109e-119,5.540840032558052e+22,2.392199069819844e-114,1.0027755394395202e+20,4.78726649893728e-119,1.2140886625842846e+17,8089918120.173748,9.976261554971578e+16,1.0069422425152021e+23,1.0015614507769358e+20,3.3564741417173403e+22
3064151351351.3516,799.4691316752499,253142265.97317323,1,1.1846257914841997e+22,3.3564741417173403e+22,1.0079425898773172e+23,9.985700488531793e+19,4.4381421306639004e-119,5.540840032558052e+22,1.7417797722513517e-114,1.0027755394395202e+20,3.485649959540591e-119,1.2140886625842846e+17,5905749836.06001,9.976261773388406e+16,1.0069422425152021e+23,1.0015614507769358e+20,3.3564741417173403e+22
3067310270270.2705,797.4067287182141,253142130.46028793,1,1.1846257914841997e+22,3.3564741417173403e+22,1.0079425898773172e+23,9.985700488531793e+19,3.2314490836394696e-119,5.540840032558052e+22,1.2682041445875345e-114,1.0027755394395202e+20,2.5379317383491927e-119,1.2140886625842846e+17,4287157740.180832,9.976261935247616e+16,1.0069422425152021e+23,1.0015614507769358e+20,3.3564741417173403e+22
3070469189189.1895,795.3443257611784,253141996.014817,1,1.1846257914841997e+22,3.3564741417173403e+22,1.0079425898773172e+23,9.985700488531793e+19,2.3528455911510266e-119,5.540840032558052e+22,9.233898440961481e-115,1.0027755394395202e+20,1.8478899359668181e-119,1.2140886625842846e+17,3094500970.481222,9.976262054513293e+16,1.0069422425152021e+23,1.0015614507769358e+20,3.3564741417173403e+22
3073628108108.1084,793.2819228041427,253141862.63527724,1,1.1846257914841997e+22,3.3564741417173403e+22,1.0079425898773172e+23,9.985700488531793e+19,1.7131269018700273e-119,5.540840032558052e+22,6.7232772248762895e-115,1.0027755394395202e+20,1.345464556448137e-119,1.2140886625842846e+17,2220759014.7351832,9.976262141887488e+16,1.0069422425152021e+23,1.0015614507769358e+20,3.3564741417173403e+22
3076787027027.0273,791.219519847107,253141730.3202037,1,1.1846257914841997e+22,3.3564741417173403e+22,1.0079425898773172e+23,9.985700488531793e+19,1.2473422748629186e-119,5.540840032558052e+22,4.895273316200075e-115,1.0027755394395202e+20,9.7964431191538e-120,1.2140886625842846e+17,1584398649.4899962,9.976262205523525e+16,1.0069422425152021e+23,1.0015614507769358e+20,3.3564741417173403e+22
3079945945945.9463,789.1571168900713,253141599.0681446,1,1.1846257914841997e+22,3.3564741417173403e+22,1.0079425898773172e+23,9.985700488531793e+19,9.0820052136862e-120,5.540840032558052e+22,3.5642886703576955e-115,1.0027755394395202e+20,7.132874434460189e-120,1.2140886625842846e+17,1123678179.4781244,9.976262251595571e+16,1.0069422425152021e+23,1.0015614507769358e+20,3.3564741417173403e+22
3083104864864.865,787.0947139330356,253141468.87765577,1,1.1846257914841997e+22,3.3564741417173403e+22,1.0079425898773172e+23,9.985700488531793e+19,6.612685233858064e-120,5.540840032558052e+22,2.5951878281439337e-115,1.0027755394395202e+20,5.1935071596018865e-120,1.2140886625842846e+17,792128774.4563932,9.976262284750512e+16,1.0069422425152021e+23,1.0015614507769358e+20,3.3564741417173403e+22
3086263783783.7837,785.0323109759998,253141339.7472954,1,1.1846257914841997e+22,3.3564741417173403e+22,1.0079425898773172e+23,9.985700488531793e+19,4.8147523401686425e-120,5.540840032558052e+22,1.8895775528390451e-115,1.0027755394395202e+20,3.781437167903901e-120,1.2140886625842846e+17,554993078.7205697,9.976262308464082e+16,1.0069422425152021e+23,1.0015614507769358e+20,3.3564741417173403e+22
3089422702702.7026,782.9699080189641,253141211.67561862,1,1.1846257914841997e+22,3.3564741417173403e+22,1.0079425898773172e+23,9.985700488531793e+19,3.5056621024595136e-120,5.540840032558052e+22,1.3758169214082674e-115,1.0027755394395202e+20,2.753296867369497e-120,1.2140886625842846e+17,386436851.24826473,9.976262325319704e+16,1.0069422425152021e+23,1.0015614507769358e+20,3.3564741417173403e+22
3092581621621.6216,780.9075050619284,253141084.66117278,1,1.1846257914841997e+22,3.3564741417173403e+22,1.0079425898773172e+23,9.985700488531793e+19,2.552502365106247e-120,5.540840032558052e+22,1.0017435899306316e-115,1.0027755394395202e+20,2.004699078855844e-120,1.2140886625842846e+17,267380436.89924747,9.976262337225346e+16,1.0069422425152021e+23,1.0015614507769358e+20,3.3564741417173403e+22
3095740540540.541,778.8451021048924,253140958.7024921,1,1.1846257914841997e+22,3.3564741417173403e+22,1.0079425898773172e+23,9.985700488531793e+19,1.8584986549696972e-120,5.540840032558052e+22,7.293777277720574e-116,1.0027755394395202e+20,1.4596385980479224e-120,1.2140886625842846e+17,183823686.2057299,9.97626234558102e+16,1.0069422425152021e+23,1.0015614507769358e+20,3.3564741417173403e+22
3098899459459.46,776.7826991478566,253140833.79809302,1,1.1846257914841997e+22,3.3564741417173403e+22,1.0079425898773172e+23,9.985700488531793e+19,1.3531886537179988e-120,5.540840032558052e+22,5.31065908599194e-116,1.0027755394395202e+20,1.0627753812234807e-120,1.2140886625842846e+17,125560886.6951893,9.976262351407301e+16,1.0069422425152021e+23,1.0015614507769358e+20,3.3564741417173403e+22
3102058378378.379,774.7202961908209,253140709.94646925,1,1.1846257914841997e+22,3.3564741417173403e+22,1.0079425898773172e+23,9.985700488531793e+19,9.852681472652301e-121,5.540840032558052e+22,3.866734457847703e-116,1.0027755394395202e+20,7.7381586620526935e-121,1.2140886625842846e+17,85201716.9589087,9.976262355443218e+16,1.0069422425152021e+23,1.0015614507769358e+20,3.3564741417173403e+22
3105217297297.2974,772.6578932337852,253140587.14608708,1,1.1846257914841997e+22,3.3564741417173403e+22,1.0079425898773172e+23,9.985700488531793e+19,7.1738210051697095e-121,5.540840032558052e+22,2.8154010877755416e-116,1.0027755394395202e+20,5.6342196366998546e-121,1.2140886625842846e+17,57430566.16134971,9.976262358220333e+16,1.0069422425152021e+23,1.0015614507769358e+20,3.3564741417173403e+22
3108376216216.2163,770.5954902767495,253140465.3953809,1,1.1846257914841997e+22,3.3564741417173403e+22,1.0079425898773172e+23,9.985700488531793e+19,5.223319944610547e-121,5.540840032558052e+22,2.0499166341667362e-116,1.0027755394395202e+20,4.10232358437257e-121,1.2140886625842846e+17,38450150.31646495,9.976262360118374e+16,1.0069422425152021e+23,1.0015614507769358e+20,3.3564741417173403e+22
3111535135135.1353,768.5330873197138,253140344.69274858,1,1.1846257914841997e+22,3.3564741417173403e+22,1.0079425898773172e+23,9.985700488531793e+19,3.8031435596183158e-121,5.540840032558052e+22,1.4925611222071452e-116,1.0027755394395202e+20,2.986936932577413e-121,1.2140886625842846e+17,25566560.50295204,9.976262361406733e+16,1.0069422425152021e+23,1.0015614507769358e+20,3.3564741417173403e+22
3114694054054.054,766.4706843626781,253140225.03654703,1,1.1846257914841997e+22,3.3564741417173403e+22,1.0079425898773172e+23,9.985700488531793e+19,2.7691010776199503e-121,5.540840032558052e+22,1.0867460004927463e-116,1.0027755394395202e+20,2.1748143503802157e-121,1.2140886625842846e+17,16882032.52822172,9.976262362275186e+16,1.0069422425152021e+23,1.0015614507769358e+20,3.3564741417173403e+22
3117852972972.973,764.4082814056424,253140106.4250884,1,1.1846257914841997e+22,3.3564741417173403e+22,1.0079425898773172e+23,9.985700488531793e+19,2.0162059708319154e-121,5.540840032558052e+22,7.912686804011988e-117,1.0027755394395202e+20,1.583500939347332e-121,1.2140886625842846e+17,11069140.221698504,9.976262362856475e+16,1.0069422425152021e+23,1.0015614507769358e+20,3.3564741417173403e+22
3121011891891.892,762.3458784486066,253139988.8566352,1,1.1846257914841997e+22,3.3564741417173403e+22,1.0079425898773172e+23,9.985700488531793e+19,1.4680166557705677e-121,5.540840032558052e+22,5.761292190631196e-117,1.0027755394395202e+20,1.1529605797528846e-121,1.2140886625842846e+17,7206063.259167004,9.976262363242782e+16,1.0069422425152021e+23,1.0015614507769358e+20,3.3564741417173403e+22
3124170810810.811,760.2834754915709,253139872.32939693,1,1.1846257914841997e+22,3.3564741417173403e+22,1.0079425898773172e+23,9.985700488531793e+19,1.0688753657742795e-121,5.540840032558052e+22,4.194844119066906e-117,1.0027755394395202e+20,8.394804573835575e-122,1.2140886625842846e+17,4657311.72684814,9.976262363497658e+16,1.0069422425152021e+23,1.0015614507769358e+20,3.3564741417173403e+22
3127329729729.73,758.2210725345349,253139756.84152585,1,1.1846257914841997e+22,3.3564741417173403e+22,1.0079425898773172e+23,9.985700488531793e+19,7.782572079998871e-122,5.540840032558052e+22,3.054300424457789e-117,1.0027755394395202e+20,6.112328970507068e-122,1.2140886625842846e+17,2988019.127649069,9.976262363664587e+16,1.0069422425152021e+23,1.0015614507769358e+20,3.3564741417173403e+22
3130488648648.649,756.1586695774992,253139642.39111325,1,1.1846257914841997e+22,3.3564741417173403e+22,1.0079425898773172e+23,9.985700488531793e+19,5.666556637171569e-122,5.540840032558052e+22,2.2238612015261493e-117,1.0027755394395202e+20,4.45043895391938e-122,1.2140886625842846e+17,1902829.1203253174,9.976262363773106e+16,1.0069422425152021e+23,1.0015614507769358e+20,3.3564741417173403e+22
3133647567567.568,754.0962666204634,253139528.97618577,1,1.1846257914841997e+22,3.3564741417173403e+22,1.0079425898773172e+23,9.985700488531793e+19,4.125867860578401e-122,5.540840032558052e+22,1.61921158902739e-117,1.0027755394395202e+20,3.240402618159833e-122,1.2140886625842846e+17,1202657.1338284886,9.976262363843123e+16,1.0069422425152021e+23,1.0015614507769358e+20,3.3564741417173403e+22
3136806486486.487,752.0338636634277,253139416.59470206,1,1.1846257914841997e+22,3.3564741417173403e+22,1.0079425898773172e+23,9.985700488531793e+19,3.004079309091001e-122,5.540840032558052e+22,1.1789612446322345e-117,1.0027755394395202e+20,2.359364815994551e-122,1.2140886625842846e+17,754338.9629092137,9.976262363887955e+16,1.0069422425152021e+23,1.0015614507769358e+20,3.3564741417173403e+22
3139965405405.406,749.971460706392,253139305.24454895,1,1.1846257914841997e+22,3.3564741417173403e+22,1.0079425898773172e+23,9.985700488531793e+19,2.1872955632455342e-122,5.540840032558052e+22,8.584113563439148e-118,1.0027755394395202e+20,1.7178736618680982e-122,1.2140886625842846e+17,469494.7322772408,9.97626236391644e+16,1.0069422425152021e+23,1.0015614507769358e+20,3.3564741417173403e+22
3143124324324.3247,747.9090577493563,253139194.9235388,1,1.1846257914841997e+22,3.3564741417173403e+22,1.0079425898773172e+23,9.985700488531793e+19,1.5925884017110177e-122,5.540840032558052e+22,6.2501635236539e-118,1.0027755394395202e+20,1.250798471593751e-122,1.2140886625842846e+17,289928.53975926933,9.976262363934397e+16,1.0069422425152021e+23,1.0015614507769358e+20,3.3564741417173403e+22
3146283243243.243,745.8466547923206,253139085.62940568,1,1.1846257914841997e+22,3.3564741417173403e+22,1.0079425898773172e+23,9.985700488531793e+19,1.1595770830777763e-122,5.540840032558052e+22,4.550795348141093e-118,1.0027755394395202e+20,9.107170362578709e-123,1.2140886625842846e+17,177624.8172125226,9.976262363945627e+16,1.0069422425152021e+23,1.0015614507769358e+20,3.3564741417173403e+22
3149442162162.162,743.7842518352849,253138977.35980293,1,1.1846257914841997e+22,3.3564741417173403e+22,1.0079425898773172e+23,9.985700488531793e+19,8.442978774763623e-123,5.540840032558052e+22,3.313471435153031e-118,1.0027755394395202e+20,6.631008395897989e-123,1.2140886625842846e+17,107950.56365785137,9.976262363952595e+16,1.0069422425152021e+23,1.0015614507769358e+20,3.3564741417173403e+22
3152601081081.081,741.7218488782491,253138870.11230004,1,1.1846257914841997e+22,3.3564741417173403e+22,1.0079425898773172e+23,9.985700488531793e+19,6.147404204670113e-123,5.540840032558052e+22,2.412565741076408e-118,1.0027755394395202e+20,4.828093734164366e-123,1.2140886625842846e+17,65074.48539412945,9.976262363956883e+16,1.0069422425152021e+23,1.0015614507769358e+20,3.3564741417173403e+22
3155760000000.0,739.6594459212134,253138763.88437986,1,1.1846257914841997e+22,3.3564741417173403e+22,1.0079425898773172e+23,9.985700488531793e+19,4.4759769439589493e-123,5.540840032558052e+22,1.7566089127147528e-118,1.0027755394395202e+20,3.515376186758113e-123,1.2140886625842846e+17,38906.02844395957,9.9762623639595e+16,1.0069422425152021e+23,1.0015614507769358e+20,3.3564741417173403e+22
