time_s,temperature_K,pressure_Pa,quench_active,NH3_mol,N2_mol,H2_mol,CO2_mol,CO_mol,H2O_mol,Fe_mol,FeO_mol,CN_mol,HCN_mol,H2S_mol,HS_mol,cumulative_H2_from_NH3_mol,cumulative_H2_from_Fe_H2O_mol,cumulative_N2_from_NH3_mol
0.0,2800.0,298875739.68200165,0,1.974396553951377e+23,0.0,0.0,9.997841375157636e+19,0.0,5.550843506179199e+22,1.0027755394395202e+20,0.0,0.0,0.0,9.976262363963394e+16,0.0,0.0,0.0,0.0
3158918918.918919,2797.937597042964,298782973.3993104,0,2.9615948309270656e+22,8.391185354293352e+22,2.517535375276173e+23,9.995183946629094e+19,2.6574285285419852e+16,5.549045816297526e+22,8.227408084194225e+19,1.8003473102009758e+19,0.0,0.0,9.976262363963394e+16,0.0,2.5173556062880057e+23,1.7976898816724339e+19,8.391185354293352e+22
6317837837.837838,2795.8751940859283,298690207.9757309,0,2.9615948309270656e+22,8.391185354293352e+22,2.5176240409064757e+23,9.993758978056307e+19,4.082397101328804e+16,5.548159159994499e+22,7.3393268125944996e+19,2.6884285818007007e+19,0.0,0.0,9.976262363963394e+16,0.0,2.5173556062880057e+23,2.6843461846993723e+19,8.391185354293352e+22
9476756756.756758,2793.8127911288925,298597443.8313923,0,2.9615948309270656e+22,8.391185354293352e+22,2.5177031231704748e+23,9.992487979855417e+19,5.3533953022193144e+16,5.547368337354506e+22,6.547233174400968e+19,3.480522219994233e+19,0.0,0.0,9.976262363963394e+16,0.0,2.5173556062880057e+23,3.475168824692014e+19,8.391185354293352e+22
12635675675.675676,2791.7503881718567,298504681.38617384,0,2.9615948309270656e+22,8.391185354293352e+22,2.5177736604600327e+23,9.991354278264362e+19,6.487096893273488e+16,5.546662964458927e+22,5.8407265772302926e+19,4.187028817164909e+19,0.0,0.0,9.976262363963394e+16,0.0,2.5173556062880057e+23,4.180541720271636e+19,8.391185354293352e+22
15794594594.594597,2789.687985214821,298411921.05969733,0,2.9615948309270656e+22,8.391185354293352e+22,2.5178365781268658e+23,9.9903430127071e+19,7.498362450534202e+16,5.546033787790596e+22,5.210538643342434e+19,4.817216751052767e+19,0.0,0.0,9.976262363963394e+16,0.0,2.5173556062880057e+23,4.809718388602234e+19,8.391185354293352e+22
18953513513.513515,2787.625582257785,298319163.27132136,0,2.9615948309270656e+22,8.391185354293352e+22,2.5178927008956048e+23,9.989440937078931e+19,8.400438078702842e+16,5.545472560103207e+22,4.648408880324608e+19,5.3793465140705935e+19,0.0,0.0,9.976262363963394e+16,0.0,2.5173556062880057e+23,5.370946075991892e+19,8.391185354293352e+22
22112432432.432434,2785.563179300749,298226408.4401346,0,2.9615948309270656e+22,8.391185354293352e+22,2.517942763891907e+23,9.98863624312321e+19,9.20513203442491e+16,5.544971930140185e+22,4.146974223346971e+19,5.880781171048231e+19,0.0,0.0,9.976262363963394e+16,0.0,2.5173556062880057e+23,5.871576039013807e+19,8.391185354293352e+22
25271351351.351353,2783.5007763437134,298133656.9849497,0,2.9615948309270656e+22,8.391185354293352e+22,2.5179874224445642e+23,9.987918403380045e+19,9.922971777588822e+16,5.5445253446136114e+22,3.699670857030601e+19,6.3280845373646004e+19,0.0,0.0,9.976262363963394e+16,0.0,2.5173556062880057e+23,6.318161565587012e+19,8.391185354293352e+22
28430270270.27027,2781.4383733866775,298040909.3242971,0,2.9615948309270656e+22,8.391185354293352e+22,2.518027260801425e+23,9.987278031487643e+19,1.0563343669991978e+17,5.544126961045004e+22,3.3006469165307695e+19,6.7271084778644324e+19,0.0,0.0,9.976262363963394e+16,0.0,2.5173556062880057e+23,6.716545134194441e+19,8.391185354293352e+22
31589189189.189194,2779.3759704296417,297948165.8764181,0,2.9615948309270656e+22,8.391185354293352e+22,2.5180627998822956e+23,9.986706757878718e+19,1.1134617278915654e+17,5.5437715702362965e+22,2.944684834214065e+19,7.0830705601811366e+19,0.0,0.0,9.976262363963394e+16,0.0,2.5173556062880057e+23,7.071935942902221e+19,8.391185354293352e+22
34748108108.10811,2777.313567472606,297855427.0592595,0,2.9615948309270656e+22,8.391185354293352e+22,2.5180945041774602e+23,9.986197119143408e+19,1.1644256014226e+17,5.54345452728465e+22,2.627132243831563e+19,7.400623150563638e+19,0.0,0.0,9.976262363963394e+16,0.0,2.5173556062880057e+23,7.388978894549413e+19,8.391185354293352e+22
37907027027.02703,2775.25116451557,297762693.29046655,0,2.9615948309270656e+22,8.391185354293352e+22,2.5181227878877488e+23,9.985742459530566e+19,1.2098915627068104e+17,5.543171690181765e+22,2.3438404813342835e+19,7.683914913060918e+19,0.0,0.0,9.976262363963394e+16,0.0,2.5173556062880057e+23,7.671815997433851e+19,8.391185354293352e+22
41065945945.94595,2773.188761558534,297669964.98737764,0,2.9615948309270656e+22,8.391185354293352e+22,2.5181480203909577e+23,9.985336843235415e+19,1.2504531922218779e+17,5.542919365149677e+22,2.091109832950631e+19,7.936645561444572e+19,0.0,0.0,9.976262363963394e+16,0.0,2.5173556062880057e+23,7.924141029522353e+19,8.391185354293352e+22
44224864864.86487,2771.1263586014984,297577242.56701756,0,2.9615948309270656e+22,8.391185354293352e+22,2.5181705311096595e+23,9.984974976276175e+19,1.2866398881458437e+17,5.5426942579626595e+22,1.8656407789742707e+19,8.162114615420931e+19,0.0,0.0,9.976262363963394e+16,0.0,2.5173556062880057e+23,8.149248216539474e+19,8.391185354293352e+22
47383783783.78379,2769.0639556444626,297484526.4460915,0,2.9615948309270656e+22,8.391185354293352e+22,2.518190613846849e+23,9.984652136898496e+19,1.3189238259137394e+17,5.542493430590766e+22,1.664490567702777e+19,8.363264826692424e+19,0.0,0.0,9.976262363963394e+16,0.0,2.5173556062880057e+23,8.350075588433288e+19,8.391185354293352e+22
50542702702.702705,2767.0015526874267,297391817.0409793,0,2.9615948309270656e+22,8.391185354293352e+22,2.5182085306483195e+23,9.984364113566563e+19,1.3477261591070184e+17,5.54231426257606e+22,1.4850345296652868e+19,8.542720864729915e+19,0.0,0.0,9.976262363963394e+16,0.0,2.5173556062880057e+23,8.529243603138845e+19,8.391185354293352e+22
53701621621.62162,2764.939149730391,297299114.76772916,0,2.9615948309270656e+22,8.391185354293352e+22,2.5182245152439998e+23,9.984107149705681e+19,1.3734225451951141e+17,5.542154416619258e+22,1.324931609002385e+19,8.702823785392818e+19,0.0,0.0,9.976262363963394e+16,0.0,2.5173556062880057e+23,8.689089559940866e+19,8.391185354293352e+22
56860540540.54054,2762.876746773355,297206420.0420517,0,2.9615948309270656e+22,8.391185354293352e+22,2.5182387761146e+23,9.983877894454745e+19,1.3963480702886374e+17,5.542011807913255e+22,1.1820936477483723e+19,8.845661746646832e+19,0.0,0.0,9.976262363963394e+16,0.0,2.5173556062880057e+23,8.831698265943944e+19,8.391185354293352e+22
60019459459.459465,2760.8143438163193,297113733.2793139,0,2.9615948309270656e+22,8.391185354293352e+22,2.518251499224727e+23,9.983673358769771e+19,1.4168016387861098e+17,5.541884576811985e+22,1.0546580107927624e+19,8.973097383602441e+19,0.0,0.0,9.976262363963394e+16,0.0,2.5173556062880057e+23,8.95892936721458e+19,8.391185354293352e+22
63178378378.37839,2758.7519408592834,297021054.8945338,0,2.9615948309270656e+22,8.391185354293352e+22,2.518262850459028e+23,9.983490876292943e+19,1.4350498864689926e+17,5.541771064468978e+22,9.409631853092884e+18,9.086792209085915e+19,0.0,0.0,9.976262363963394e+16,0.0,2.5173556062880057e+23,9.072441710221225e+19,8.391185354293352e+22
66337297297.29731,2756.6895379022476,296928385.30237377,0,2.9615948309270656e+22,8.391185354293352e+22,2.5182729777938592e+23,9.983328068466545e+19,1.4513306691087053e+17,5.541669791120664e+22,8.395270291689353e+18,9.188228365226269e+19,0.0,0.0,9.976262363963394e+16,0.0,2.5173556062880057e+23,9.173715058535182e+19,8.391185354293352e+22
69496216216.21622,2754.6271349452118,296835724.91713524,0,2.9615948309270656e+22,8.391185354293352e+22,2.518282013233379e+23,9.983182813428685e+19,1.4658561728947034e+17,5.541579436725467e+22,7.4902737893454e+18,9.278728015460665e+19,0.0,0.0,9.976262363963394e+16,0.0,2.5173556062880057e+23,9.264069453731717e+19,8.391185354293352e+22
72655135135.13515,2752.564731988176,296743074.1527527,0,2.9615948309270656e+22,8.391185354293352e+22,2.518290074535755e+23,9.983053218278756e+19,1.4788156878875974e+17,5.5414988237017046e+22,6.682847600219804e+18,9.359470634373225e+19,0.0,0.0,9.976262363963394e+16,0.0,2.5173556062880057e+23,9.344682477494347e+19,8.391185354293352e+22
75814054054.05406,2750.50232903114,296650433.4227881,0,2.9615948309270656e+22,8.391185354293352e+22,2.518297266752365e+23,9.982937594345934e+19,1.490378081169706e+17,5.541426901535606e+22,5.962469699900908e+18,9.431508424405115e+19,0.0,0.0,9.976262363963394e+16,0.0,2.5173556062880057e+23,9.416604643593416e+19,8.391185354293352e+22
78972972972.97298,2748.4399260741043,296557803.1404251,0,2.9615948309270656e+22,8.391185354293352e+22,2.5183036836003318e+23,9.982834435134223e+19,1.5006940023407984e+17,5.541362733055938e+22,5.319753311106606e+18,9.495780063284545e+19,0.0,0.0,9.976262363963394e+16,0.0,2.5173556062880057e+23,9.480773123261135e+19,8.391185354293352e+22
82131891891.8919,2746.3775231170684,296465183.7184632,0,2.9615948309270656e+22,8.391185354293352e+22,2.5183094086865207e+23,9.982742396653324e+19,1.5098978504306445e+17,5.54130548219405e+22,4.746324307412835e+18,9.553122963653924e+19,0.0,0.0,9.976262363963394e+16,0.0,2.5173556062880057e+23,9.538023985149614e+19,8.391185354293352e+22
85290810810.81082,2744.3151201600326,296372575.56931233,0,2.9615948309270656e+22,8.391185354293352e+22,2.518314516599127e+23,9.98266027987642e+19,1.5181095281209962e+17,5.541254403067988e+22,4.234711879021856e+18,9.604284206493023e+19,0.0,0.0,9.976262363963394e+16,0.0,2.5173556062880057e+23,9.589103111211809e+19,8.391185354293352e+22
88449729729.72974,2742.252717202997,296279979.10498714,0,2.9615948309270656e+22,8.391185354293352e+22,2.518319073881226e+23,9.982587015094203e+19,1.5254360063426048e+17,5.541208830246997e+22,3.7782510212893343e+18,9.649930292266276e+19,0.0,0.0,9.976262363963394e+16,0.0,2.5173556062880057e+23,9.634675932202846e+19,8.391185354293352e+22
91608648648.64865,2740.190314245961,296187394.7371016,0,2.9615948309270656e+22,8.391185354293352e+22,2.518323139899087e+23,9.98252164795965e+19,1.5319727197979478e+17,5.541168170068389e+22,3.370995563873378e+18,9.690655838007871e+19,0.0,0.0,9.976262363963394e+16,0.0,2.5173556062880057e+23,9.675336110809888e+19,8.391185354293352e+22
94767567567.56758,2738.127911288925,296094822.8768632,0,2.9615948309270656e+22,8.391185354293352e+22,2.518326767616652e+23,9.982463327040406e+19,1.5378048117223853e+17,5.541131892892738e+22,3.007640598163808e+18,9.726991334578828e+19,0.0,0.0,9.976262363963394e+16,0.0,2.5173556062880057e+23,9.7116132864616e+19,8.391185354293352e+22
97926486486.4865,2736.0655083318893,296002263.93506765,0,2.9615948309270656e+22,8.391185354293352e+22,2.5183300042863506e+23,9.982411292715585e+19,1.5430082442044013e+17,5.541099526195751e+22,2.683453285050107e+18,9.759410065890199e+19,0.0,0.0,9.976262363963394e+16,0.0,2.5173556062880057e+23,9.743979983448151e+19,8.391185354293352e+22
101085405405.40541,2734.0031053748535,295909718.3220935,0,2.9615948309270656e+22,8.391185354293352e+22,2.5183328920652986e+23,9.98236486727151e+19,1.5476507886119696e+17,5.541070648406272e+22,2.3942111358178826e+18,9.78833428081342e+19,0.0,0.0,9.976262363963394e+16,0.0,2.5173556062880057e+23,9.772857772927297e+19,8.391185354293352e+22
104244324324.32433,2731.9407024178176,295817186.44789666,0,2.9615948309270656e+22,8.391185354293352e+22,2.5183354685649606e+23,9.982323446066704e+19,1.5517929090925994e+17,5.54104488340965e+22,2.1361469575529009e+18,9.814140698639919e+19,0.0,0.0,9.976262363963394e+16,0.0,2.5173556062880057e+23,9.79862276954899e+19,8.391185354293352e+22
107403243243.24324,2729.878299460782,295724668.722005,0,2.9615948309270656e+22,8.391185354293352e+22,2.5183377673414723e+23,9.982286489650553e+19,1.5554885507077293e+17,5.5410218956445335e+22,1.9058997422297646e+18,9.837165420172232e+19,0.0,0.0,9.976262363963394e+16,0.0,2.5173556062880057e+23,9.821610534665152e+19,8.391185354293352e+22
110562162162.16217,2727.815896503746,295632165.5535131,0,2.9615948309270656e+22,8.391185354293352e+22,2.518339818333034e+23,9.982253516732542e+19,1.5587858425087795e+17,5.541001385728915e+22,1.7004708568660076e+18,9.857708308708608e+19,0.0,0.0,9.976262363963394e+16,0.0,2.5173556062880057e+23,9.842120450283517e+19,8.391185354293352e+22
113721081081.08109,2725.75349354671,295539677.35107696,0,2.9615948309270656e+22,8.391185354293352e+22,2.5183416482501027e+23,9.982224097910176e+19,1.5617277247453878e+17,5.5409830865582305e+22,1.517184961792615e+18,9.876036898215947e+19,0.0,0.0,9.976262363963394e+16,0.0,2.5173556062880057e+23,9.86041962096849e+19,8.391185354293352e+22
116880000000.0,2723.6910905896743,295447204.5229086,0,2.9615948309270656e+22,8.391185354293352e+22,2.5183432809234752e+23,9.982197850073619e+19,1.5643525084011405e+17,5.540966759824505e+22,1.3536551461698668e+18,9.892389879778222e+19,0.0,0.0,9.976262363963394e+16,0.0,2.5173556062880057e+23,9.876746354694208e+19,8.391185354293352e+22
120038918918.91893,2721.6286876326385,295354747.4767715,0,2.9615948309270656e+22,8.391185354293352e+22,2.518344737614819e+23,9.982174431413979e+19,1.5666943743651037e+17,5.540952192911068e+22,1.2077518251982295e+18,9.906980211875386e+19,0.0,0.0,9.976262363963394e+16,0.0,2.5173556062880057e+23,9.891313268131732e+19,8.391185354293352e+22
123197837837.83786,2719.5662846756027,295262306.6199743,0,2.9615948309270656e+22,8.391185354293352e+22,2.518346037293699e+23,9.982153536970062e+19,1.5687838187568134e+17,5.54093919612227e+22,1.0775749927795895e+18,9.919997895117249e+19,0.0,0.0,9.976262363963394e+16,0.0,2.5173556062880057e+23,9.904310056929678e+19,8.391185354293352e+22
126356756756.75677,2717.503881718567,295169882.3593668,0,2.9615948309270656e+22,8.391185354293352e+22,2.518347196884722e+23,9.982134894655455e+19,1.5706480502175533e+17,5.54092760021204e+22,9.614294673335199e+17,9.931612447661856e+19,0.0,0.0,9.976262363963394e+16,0.0,2.5173556062880057e+23,9.915905967159678e+19,8.391185354293352e+22
129515675675.67569,2715.441478761531,295077475.1013342,0,2.9615948309270656e+22,8.391185354293352e+22,2.518348231488025e+23,9.982118261714107e+19,1.572311344352369e+17,5.5409172541790134e+22,8.578028076523468e+17,9.941975113629973e+19,0.0,0.0,9.976262363963394e+16,0.0,2.5173556062880057e+23,9.926252000186447e+19,8.391185354293352e+22
132674594594.59462,2713.379075804495,294985085.25179255,0,2.9615948309270656e+22,8.391185354293352e+22,2.5183491545759796e+23,9.98210342155816e+19,1.5737953599469907e+17,5.540908023299465e+22,7.653456106085092e+17,9.951220833334357e+19,0.0,0.0,9.976262363963394e+16,0.0,2.5173556062880057e+23,9.935482879734884e+19,8.391185354293352e+22
135833513513.51352,2711.3166728474594,294892713.21618336,0,2.9615948309270656e+22,8.391185354293352e+22,2.518349978168688e+23,9.982090180946787e+19,1.575119421084252e+17,5.5408997873723824e+22,6.828539336714931e+17,9.95947000102806e+19,0.0,0.0,9.976262363963394e+16,0.0,2.5173556062880057e+23,9.943718806817214e+19,8.391185354293352e+22
138992432432.43243,2709.2542698904235,294800359.3994688,0,2.9615948309270656e+22,8.391185354293352e+22,2.5183507129905473e+23,9.982078367469239e+19,1.5763007688390986e+17,5.540892439153789e+22,6.09253612961853e+17,9.966830033099024e+19,0.0,0.0,9.976262363963394e+16,0.0,2.5173556062880057e+23,9.95106702541063e+19,8.391185354293352e+22
142151351351.35135,2707.1918669333877,294708024.2061268,0,2.9615948309270656e+22,8.391185354293352e+22,2.5183513686099365e+23,9.98206782729929e+19,1.5773547858339866e+17,5.540885882959896e+22,5.4358627233353466e+17,9.973396767161855e+19,0.0,0.0,9.976262363963394e+16,0.0,2.5173556062880057e+23,9.957623219303512e+19,8.391185354293352e+22
145310270270.2703,2705.129463976352,294615708.04014623,0,2.9615948309270656e+22,8.391185354293352e+22,2.5183519535638385e+23,9.98205842319181e+19,1.5782951965821632e+17,5.540880033420876e+22,4.849968410596829e+17,9.97925571028924e+19,0.0,0.0,9.976262363963394e+16,0.0,2.5173556062880057e+23,9.963472758323416e+19,8.391185354293352e+22
148469189189.1892,2703.067061019316,294523411.30502206,0,2.9615948309270656e+22,8.391185354293352e+22,2.5183524754690255e+23,9.982050032695327e+19,1.5791342462303094e+17,5.540874814369006e+22,4.3272241739234157e+17,9.984483152655974e+19,0.0,0.0,9.976262363963394e+16,0.0,2.5173556062880057e+23,9.968691810193669e+19,8.391185354293352e+22
151628108108.10812,2701.00465806228,294431134.40375036,0,2.9615948309270656e+22,8.391185354293352e+22,2.5183529411212572e+23,9.982042546557328e+19,1.5798828600301802e+17,5.540870157846688e+22,3.860823328321346e+17,9.989147161111996e+19,0.0,0.0,9.976262363963394e+16,0.0,2.5173556062880057e+23,9.97334833251169e+19,8.391185354293352e+22
154787027027.02704,2698.9422551052444,294338877.738824,0,2.9615948309270656e+22,8.391185354293352e+22,2.518353356583784e+23,9.982035867301455e+19,1.5805507856174832e+17,5.540866003221422e+22,3.444692876110606e+17,9.993308465634102e+19,0.0,0.0,9.976262363963394e+16,0.0,2.5173556062880057e+23,9.977502957777925e+19,8.391185354293352e+22
157945945945.94595,2696.8798521482086,294246641.7122277,0,2.9615948309270656e+22,8.391185354293352e+22,2.518353727266307e+23,9.98202990795811e+19,1.5811467199520026e+17,5.5408622963961906e+22,3.073414418656682e+17,9.997021250208642e+19,0.0,0.0,9.976262363963394e+16,0.0,2.5173556062880057e+23,9.98120978300912e+19,8.391185354293352e+22
161104864864.86487,2694.8174491911727,294154426.7254332,0,2.9615948309270656e+22,8.391185354293352e+22,2.518354057995429e+23,9.982024590931901e+19,1.5816784225729504e+17,5.5408589891049745e+22,2.742153594424509e+17,1.0000333858450964e+20,0.0,0.0,9.976262363963394e+16,0.0,2.5173556062880057e+23,9.984517074225232e+19,8.391185354293352e+22
164263783783.7838,2692.755046234137,294062233.17939496,0,2.9615948309270656e+22,8.391185354293352e+22,2.5183543530775052e+23,9.982019846991179e+19,1.5821528166451152e+17,5.54085603828421e+22,2.44659712395701e+17,1.0003289423155639e+20,0.0,0.0,9.976262363963394e+16,0.0,2.5173556062880057e+23,9.987467894989185e+19,8.391185354293352e+22
167422702702.7027,2690.692643277101,293970061.4745455,0,2.9615948309270656e+22,8.391185354293352e+22,2.5183546163547253e+23,9.982015614366509e+19,1.582576079112206e+17,5.540853405512011e+22,2.1828966415594224e+17,1.0005926427979614e+20,0.0,0.0,9.976262363963394e+16,0.0,2.5173556062880057e+23,9.99010066718849e+19,8.391185354293352e+22
170581621621.62164,2688.6302403200652,293877912.01079077,0,2.9615948309270656e+22,8.391185354293352e+22,2.5183548512551428e+23,9.982011837946313e+19,1.5829537211318218e+17,5.540851056507835e+22,1.9476185819425302e+17,1.0008279208575782e+20,0.0,0.0,9.976262363963394e+16,0.0,2.5173556062880057e+23,9.992449671364462e+19,8.391185354293352e+22
173740540540.54056,2686.5678373630294,293785785.1875058,0,2.9615948309270656e+22,8.391185354293352e+22,2.518355060837317e+23,9.982008468559233e+19,1.5832906598398054e+17,5.540848960686093e+22,1.737699469000481e+17,1.0010378399705203e+20,0.0,0.0,9.976262363963394e+16,0.0,2.5173556062880057e+23,9.994545493106803e+19,8.391185354293352e+22
176899459459.45947,2684.5054344059936,293693681.40353024,0,2.9615948309270656e+22,8.391185354293352e+22,2.518355247830139e+23,9.982005462333843e+19,1.5835912823787616e+17,5.540847090757871e+22,1.550406024304108e+17,1.0012251334152167e+20,0.0,0.0,9.976262363963394e+16,0.0,2.5173556062880057e+23,9.996415421328377e+19,8.391185354293352e+22
180058378378.3784,2682.4430314489578,293601601.0571638,0,2.9615948309270656e+22,8.391185354293352e+22,2.518355414668367e+23,9.982002780127384e+19,1.583859503024709e+17,5.540845422375592e+22,1.3832995756988312e+17,1.001392239863822e+20,0.0,0.0,9.976262363963394e+16,0.0,2.5173556062880057e+23,9.99808380360797e+19,8.391185354293352e+22
183217297297.2973,2680.380628491922,293509544.54616225,0,2.9615948309270656e+22,8.391185354293352e+22,2.5183555635243292e+23,9.982000387016072e+19,1.5840988141559168e+17,5.540843933815971e+22,1.2342043024278683e+17,1.0015413351370929e+20,0.0,0.0,9.976262363963394e+16,0.0,2.5173556062880057e+23,9.999572363229368e+19,8.391185354293352e+22
186376216216.21622,2678.318225534886,293417512.26773274,0,2.9615948309270656e+22,8.391185354293352e+22,2.5183556963362107e+23,9.981998251840353e+19,1.5843123317277446e+17,5.540842605697154e+22,1.1011789031884627e+17,1.0016743605363324e+20,0.0,0.0,9.976262363963394e+16,0.0,2.5173556062880057e+23,1.0000900482046044e+20,8.391185354293352e+22
189535135135.13516,2676.2558225778503,293325504.6185296,0,2.9615948309270656e+22,8.391185354293352e+22,2.5183558148332917e+23,9.981996346799173e+19,1.5845028358457395e+17,5.540841420726345e+22,9.824913181237138e+16,1.0017930481213971e+20,0.0,0.0,9.976262363963394e+16,0.0,2.5173556062880057e+23,1.000208545285551e+20,8.391185354293352e+22
192694054054.05408,2674.1934196208144,293233521.99465066,0,2.9615948309270656e+22,8.391185354293352e+22,2.518355920558463e+23,9.981994647087976e+19,1.5846728069653834e+17,5.54084036347463e+22,8.765961755374965e+16,1.0018989432639834e+20,0.0,0.0,9.976262363963394e+16,0.0,2.5173556062880057e+23,1.0003142704570176e+20,8.391185354293352e+22
195852972972.973,2672.1310166637786,293141564.79163206,0,2.9615948309270656e+22,8.391185354293352e+22,2.5183560148883177e+23,9.98199313057573e+19,1.584824458189919e+17,5.540839420176083e+22,7.82114669613961e+16,1.001993424769907e+20,0.0,0.0,9.976262363963394e+16,0.0,2.5173556062880057e+23,1.0004086003117166e+20,8.391185354293352e+22
199011891891.8919,2670.068613706743,293049633.4044452,0,2.9615948309270656e+22,8.391185354293352e+22,2.5183560990510744e+23,9.98199177751676e+19,1.584959764086864e+17,5.540838578548517e+22,6.9781660708930984e+16,1.0020777228324315e+20,0.0,0.0,9.976262363963394e+16,0.0,2.5173556062880057e+23,1.0004927630683442e+20,8.391185354293352e+22
202170810810.81082,2668.006210749707,292957728.2274917,0,2.9615948309270656e+22,8.391185354293352e+22,2.51835617414257e+23,9.981990570293644e+19,1.5850804863984694e+17,5.540837827633561e+22,6.226043890749327e+16,1.0021529350504458e+20,0.0,0.0,9.976262363963394e+16,0.0,2.5173556062880057e+23,1.000567854564047e+20,8.391185354293352e+22
205329729729.72977,2665.943807792671,292865849.6546001,0,2.9615948309270656e+22,8.391185354293352e+22,2.5183562411405293e+23,9.98198949318782e+19,1.5851881969809338e+17,5.54083715765397e+22,5.554987194359858e+16,1.0022200407200847e+20,0.0,0.0,9.976262363963394e+16,0.0,2.5173556062880057e+23,1.0006348525231034e+20,8.391185354293352e+22
208488648648.64865,2663.8814048356353,292773998.07902145,0,2.9615948309270656e+22,8.391185354293352e+22,2.518356300917294e+23,9.981988532174918e+19,1.5852842982710864e+17,5.540836559886325e+22,4.9562585361674104e+16,1.0022799135859039e+20,0.0,0.0,9.976262363963394e+16,0.0,2.5173556062880057e+23,1.0006946292876324e+20,8.391185354293352e+22
211647567567.5676,2661.8190018785995,292682173.8934256,0,2.9615948309270656e+22,8.391185354293352e+22,2.5183563542511824e+23,9.981987674742158e+19,1.5853700415470528e+17,5.5408360265474405e+22,4.422062218666663e+16,1.002333333217654e+20,0.0,0.0,9.976262363963394e+16,0.0,2.5173556062880057e+23,1.0007479631761066e+20,8.391185354293352e+22
214806486486.48648,2659.7565989215636,292590377.4898969,0,2.9615948309270656e+22,8.391185354293352e+22,2.518356401836624e+23,9.981986909725422e+19,1.5854465432206883e+17,5.540835550693026e+22,3.945442787207351e+16,1.0023809951608e+20,0.0,0.0,9.976262363963394e+16,0.0,2.5173556062880057e+23,1.0007955486175789e+20,8.391185354293352e+22
217965405405.40543,2657.694195964528,292498609.25993085,0,2.9615948309270656e+22,8.391185354293352e+22,2.5183564442932e+23,9.98198622716389e+19,1.5855147993739315e+17,5.540835126127266e+22,3.5201944655719136e+16,1.0024235199929636e+20,0.0,0.0,9.976262363963394e+16,0.0,2.5173556062880057e+23,1.0008380051935892e+20,8.391185354293352e+22
221124324324.32434,2655.631793007492,292406869.5944298,0,2.9615948309270656e+22,8.391185354293352e+22,2.518356482173712e+23,9.981985618170346e+19,1.5855756987283606e+17,5.540834747322147e+22,3.1407803530402532e+16,1.0024614614042167e+20,0.0,0.0,9.976262363963394e+16,0.0,2.5173556062880057e+23,1.000875885705488e+20,8.391185354293352e+22
224283243243.24326,2653.569390050456,292315158.8836996,0,2.9615948309270656e+22,8.391185354293352e+22,2.5183565159713788e+23,9.981985074815461e+19,1.585630034216835e+17,5.54083440934548e+22,2.802260330774093e+16,1.0024953134064434e+20,0.0,0.0,9.976262363963394e+16,0.0,2.5173556062880057e+23,1.0009096833722262e+20,8.391185354293352e+22
227442162162.16217,2651.5069870934203,292223477.5174456,0,2.9615948309270656e+22,8.391185354293352e+22,2.518356546126259e+23,9.98198459002455e+19,1.5856785133078957e+17,5.540834107796679e+22,2.5002267387692576e+16,1.0025255167656439e+20,0.0,0.0,9.976262363963394e+16,0.0,2.5173556062880057e+23,1.0009398382523356e+20,8.391185354293352e+22
230601081081.0811,2649.4445841363845,292131825.8847689,0,2.9615948309270656e+22,8.391185354293352e+22,2.5183565730309803e+23,9.981984157485456e+19,1.5857217672173626e+17,5.540833838749465e+22,2.2307469858136116e+16,1.0025524647409394e+20,0.0,0.0,9.976262363963394e+16,0.0,2.5173556062880057e+23,1.0009667429737216e+20,8.391185354293352e+22
233760000000.0,2647.3821811793487,292040204.374163,0,2.9615948309270656e+22,8.391185354293352e+22,2.5183565970358525e+23,9.981983771566359e+19,1.5857603591270704e+17,5.540833598700743e+22,1.9903123451695812e+16,1.0025765082050037e+20,0.0,0.0,9.976262363963394e+16,0.0,2.5173556062880057e+23,1.0009907478458763e+20,8.391185354293352e+22
236918918918.91895,2645.319778222313,291948613.37350994,0,2.9615948309270656e+22,8.391185354293352e+22,2.5183566184534277e+23,9.981983427242451e+19,1.5857947915177606e+17,5.540833384524992e+22,1.7757922692492636e+16,1.0025979602125958e+20,0.0,0.0,9.976262363963394e+16,0.0,2.5173556062880057e+23,1.0010121654210776e+20,8.391185354293352e+22
240077837837.83786,2643.257375265277,291857053.270077,0,2.9615948309270656e+22,8.391185354293352e+22,2.5183566375625707e+23,9.981983120030512e+19,1.5858255127116096e+17,5.540833193433563e+22,1.584393628416334e+16,1.0026171000766792e+20,0.0,0.0,9.976262363963394e+16,0.0,2.5173556062880057e+23,1.001031274563967e+20,8.391185354293352e+22
243236756756.75677,2641.194972308241,291765524.45051277,0,2.9615948309270656e+22,8.391185354293352e+22,2.5183566546120893e+23,9.981982845930532e+19,1.5858529227095798e+17,5.540833022938377e+22,1.4136243431683438e+16,1.002634177005204e+20,0.0,0.0,9.976262363963394e+16,0.0,2.5173556062880057e+23,1.0010483240824938e+20,8.391185354293352e+22
246395675675.67572,2639.1325693512053,291674027.3008442,0,2.9615948309270656e+22,8.391185354293352e+22,2.5183566698239742e+23,9.981982601373632e+19,1.5858773783996064e+17,5.540832870819528e+22,1.261260936160782e+16,1.0026494133459047e+20,0.0,0.0,9.976262363963394e+16,0.0,2.5173556062880057e+23,1.0010635359675046e+20,8.391185354293352e+22
249554594594.5946,2637.0701663941695,291582562.2064729,0,2.9615948309270656e+22,8.391185354293352e+22,2.51835668339629e+23,9.981982383175593e+19,1.585899198203427e+17,5.540832735096371e+22,1.1253195815754732e+16,1.0026630074813633e+20,0.0,0.0,9.976262363963394e+16,0.0,2.5173556062880057e+23,1.0010771082831593e+20,8.391185354293352e+22
252713513513.51355,2635.0077634371337,291491129.55217165,0,2.9615948309270656e+22,8.391185354293352e+22,2.5183566955057527e+23,9.981982188495402e+19,1.5859186662225632e+17,5.540832614001744e+22,1.0040302748753262e+16,1.0026751364120334e+20,0.0,0.0,9.976262363963394e+16,0.0,2.5173556062880057e+23,1.0010892177458102e+20,8.391185354293352e+22
255872432432.43243,2632.945360480098,291399729.72208154,0,2.9615948309270656e+22,8.391185354293352e+22,2.5183567063100318e+23,9.981982014798253e+19,1.585936035937438e+17,5.540832505958953e+22,8958137866181737.0,1.002685958060859e+20,0.0,0.0,9.976262363963394e+16,0.0,2.5173556062880057e+23,1.0011000220249211e+20,8.391185354293352e+22
259031351351.35138,2630.882957523062,291308363.0997082,0,2.9615948309270656e+22,8.391185354293352e+22,2.518356715949803e+23,9.98198185982255e+19,1.58595153350779e+17,5.540832409561242e+22,7992611002536259.0,1.0026956133294955e+20,0.0,0.0,9.976262363963394e+16,0.0,2.5173556062880057e+23,1.0011096617959871e+20,8.391185354293352e+22
262190270270.2703,2628.820554566026,291217030.0679187,0,2.9615948309270656e+22,8.391185354293352e+22,2.5183567245505794e+23,9.981981721550453e+19,1.5859653607173613e+17,5.54083232355348e+22,7131150661705825.0,1.0027042279329038e+20,0.0,0.0,9.976262363963394e+16,0.0,2.5173556062880057e+23,1.0011182625721858e+20,8.391185354293352e+22
265349189189.18924,2626.7581516089904,291125731.00893855,0,2.9615948309270656e+22,8.391185354293352e+22,2.5183567322243458e+23,9.981981598181615e+19,1.5859776976011997e+17,5.540832246815816e+22,6362540331205101.0,1.0027119140362088e+20,0.0,0.0,9.976262363963394e+16,0.0,2.5173556062880057e+23,1.001125936338607e+20,8.391185354293352e+22
268508108108.1081,2624.6957486519545,291034466.30434847,0,2.9615948309270656e+22,8.391185354293352e+22,2.5183567390710176e+23,9.981981488109729e+19,1.585988704789782e+17,5.540832178349099e+22,5676772438885965.0,1.002718771715132e+20,0.0,0.0,9.976262363963394e+16,0.0,2.5173556062880057e+23,1.0011327830103415e+20,8.391185354293352e+22
271667027027.02704,2622.6333456949187,290943236.33508104,0,2.9615948309270656e+22,8.391185354293352e+22,2.5183567451797405e+23,9.981981389901621e+19,1.5859985256004845e+17,5.540832117261868e+22,5064918050567101.0,1.0027248902590153e+20,0.0,0.0,9.976262363963394e+16,0.0,2.5173556062880057e+23,1.001138891733414e+20,8.391185354293352e+22
274825945945.94595,2620.570942737883,290852041.4814181,0,2.9615948309270656e+22,8.391185354293352e+22,2.5183567506300527e+23,9.98198130227859e+19,1.586007287903626e+17,5.540832062758748e+22,4519010611978734.0,1.0027303493334011e+20,0.0,0.0,9.976262363963394e+16,0.0,2.5173556062880057e+23,1.0011443420454968e+20,8.391185354293352e+22
277984864864.86487,2618.508539780847,290760882.1229873,0,2.9615948309270656e+22,8.391185354293352e+22,2.5183567554929187e+23,9.981981224099752e+19,1.5860151057873875e+17,5.540832014130088e+22,4031942221285810.0,1.0027352200173081e+20,0.0,0.0,9.976262363963394e+16,0.0,2.5173556062880057e+23,1.00114920491152e+20,8.391185354293352e+22
281143783783.7838,2616.4461368238112,290669758.6387594,0,2.9615948309270656e+22,8.391185354293352e+22,2.5183567598316547e+23,9.981981154347193e+19,1.5860220810432813e+17,5.540831970742727e+22,3597371081608946.5,1.002739565728705e+20,0.0,0.0,9.976262363963394e+16,0.0,2.5173556062880057e+23,1.001153543647661e+20,8.391185354293352e+22
284302702702.7027,2614.3837338667754,290578671.40704554,0,2.9615948309270656e+22,8.391185354293352e+22,2.5183567637027527e+23,9.98198109211271e+19,1.586028304491513e+17,5.540831932031746e+22,3209638928532648.0,1.0027434430502358e+20,0.0,0.0,9.976262363963394e+16,0.0,2.5173556062880057e+23,1.0011574147457435e+20,8.391185354293352e+22
287461621621.62164,2612.3213309097396,290487620.8054937,0,2.9615948309270656e+22,8.391185354293352e+22,2.5183567671566157e+23,9.98198103658599e+19,1.586033857163493e+17,5.5408318974931155e+22,2863697357470288.0,1.0027469024659464e+20,0.0,0.0,9.976262363963394e+16,0.0,2.5173556062880057e+23,1.0011608686087822e+20,8.391185354293352e+22
290620540540.5406,2610.2589279527037,290396607.21108675,0,2.9615948309270656e+22,8.391185354293352e+22,2.518356770238214e+23,9.981980987044056e+19,1.586038811356894e+17,5.540831866677131e+22,2555042091636308.0,1.0027499890186048e+20,0.0,0.0,9.976262363963394e+16,0.0,2.5173556062880057e+23,1.0011639502072472e+20,8.391185354293352e+22
293779459459.4595,2608.196524995668,290305631.00013894,0,2.9615948309270656e+22,8.391185354293352e+22,2.5183567729876714e+23,9.981980942841856e+19,1.5860432315769926e+17,5.5408318391825574e+22,2279654334766906.0,1.0027527428961734e+20,0.0,0.0,9.976262363963394e+16,0.0,2.5173556062880057e+23,1.0011666996645957e+20,8.391185354293352e+22
296938378378.3784,2606.134122038632,290214692.5482936,0,2.9615948309270656e+22,8.391185354293352e+22,2.5183567754407866e+23,9.98198090340386e+19,1.5860471753765498e+17,5.540831814651406e+22,2033948444977450.8,1.0027551999550713e+20,0.0,0.0,9.976262363963394e+16,0.0,2.5173556062880057e+23,1.001169152779694e+20,8.391185354293352e+22
300097297297.2973,2604.0717190815963,290123792.23052025,0,2.9615948309270656e+22,8.391185354293352e+22,2.5183567776295e+23,9.981980868216575e+19,1.5860506941051686e+17,5.540831792764274e+22,1814725248449106.8,1.0027573921870366e+20,0.0,0.0,9.976262363963394e+16,0.0,2.5173556062880057e+23,1.0011713414929308e+20,8.391185354293352e+22
303256216216.21625,2602.0093161245604,290032930.4211122,0,2.9615948309270656e+22,8.391185354293352e+22,2.518356779582309e+23,9.981980836821847e+19,1.586053833577884e+17,5.5408317732361825e+22,1619130385070353.0,1.0027593481356704e+20,0.0,0.0,9.976262363963394e+16,0.0,2.5173556062880057e+23,1.0011732943020918e+20,8.391185354293352e+22
306415135135.13513,2599.9469131675246,289942107.4936836,0,2.9615948309270656e+22,8.391185354293352e+22,2.5183567813246404e+23,9.981980808810909e+19,1.5860566346716902e+17,5.540831755812869e+22,1444617143677403.2,1.0027610932680843e+20,0.0,0.0,9.976262363963394e+16,0.0,2.5173556062880057e+23,1.0011750366334119e+20,8.391185354293352e+22
309574054054.0541,2597.8845102104888,289851323.8211672,0,2.9615948309270656e+22,8.391185354293352e+22,2.5183567828791797e+23,9.981980783819049e+19,1.586059133857772e+17,5.540831740267477e+22,1288913302994089.0,1.0027626503064912e+20,0.0,0.0,9.976262363963394e+16,0.0,2.5173556062880057e+23,1.0011765911726327e+20,8.391185354293352e+22
312732972972.973,2595.822107253453,289760579.7758116,0,2.9615948309270656e+22,8.391185354293352e+22,2.5183567842661676e+23,9.981980761520862e+19,1.586061363676375e+17,5.5408317263975996e+22,1149991546527682.2,1.002764039524056e+20,0.0,0.0,9.976262363963394e+16,0.0,2.5173556062880057e+23,1.0011779781603788e+20,8.391185354293352e+22
315891891891.8919,2593.759704296417,289669875.7291793,0,2.9615948309270656e+22,8.391185354293352e+22,2.5183567855036627e+23,9.981980741626021e+19,1.5860633531604874e+17,5.540831714022646e+22,1026043066211536.4,1.0027652790088591e+20,0.0,0.0,9.976262363963394e+16,0.0,2.5173556062880057e+23,1.001179215655698e+20,8.391185354293352e+22
319050810810.8108,2591.6973013393813,289579212.05214363,0,2.9615948309270656e+22,8.391185354293352e+22,2.5183567866077784e+23,9.981980723875488e+19,1.5860651282138618e+17,5.5408317029814916e+22,915454011104213.6,1.0027663848994102e+20,0.0,0.0,9.976262363963394e+16,0.0,2.5173556062880057e+23,1.0011803197711956e+20,8.391185354293352e+22
322209729729.72974,2589.6348983823455,289488589.1148867,0,2.9615948309270656e+22,8.391185354293352e+22,2.51835678759289e+23,9.981980708038143e+19,1.5860667119482902e+17,5.540831693130375e+22,816784474498537.6,1.0027673715947762e+20,0.0,0.0,9.976262363963394e+16,0.0,2.5173556062880057e+23,1.0011813048828273e+20,8.391185354293352e+22
325368648648.6487,2587.5724954253096,289398007.28689724,0,2.9615948309270656e+22,8.391185354293352e+22,2.518356788471824e+23,9.98198069390778e+19,1.5860681249845274e+17,5.540831684341032e+22,728749745845112.9,1.0027682519420628e+20,0.0,0.0,9.976262363963394e+16,0.0,2.5173556062880057e+23,1.0011821838170776e+20,8.391185354293352e+22
328527567567.5676,2585.510092468274,289307466.936968,0,2.9615948309270656e+22,8.391185354293352e+22,2.518356789256025e+23,9.981980681300419e+19,1.5860693857207798e+17,5.5408316764990235e+22,650203583383610.0,1.0027690374036873e+20,0.0,0.0,9.976262363963394e+16,0.0,2.5173556062880057e+23,1.0011829680179659e+20,8.391185354293352e+22
331686486486.4865,2583.447689511238,289216968.4331939,0,2.9615948309270656e+22,8.391185354293352e+22,2.518356789955703e+23,9.981980670051903e+19,1.586070510572257e+17,5.5408316695022425e+22,580123289685504.2,1.0027697382066243e+20,0.0,0.0,9.976262363963394e+16,0.0,2.5173556062880057e+23,1.0011836676960513e+20,8.391185354293352e+22
334845405405.4054,2581.385286554202,289126512.1429696,0,2.9615948309270656e+22,8.391185354293352e+22,2.5183567905799685e+23,9.981980660015777e+19,1.586071514184903e+17,5.540831663259589e+22,517596395786541.9,1.0027703634755632e+20,0.0,0.0,9.976262363963394e+16,0.0,2.5173556062880057e+23,1.0011842919613776e+20,8.391185354293352e+22
338004324324.32434,2579.3228835971663,289036098.43298733,0,2.9615948309270656e+22,8.391185354293352e+22,2.5183567911369492e+23,9.981980651061366e+19,1.5860724096260915e+17,5.540831657689782e+22,461808780531643.6,1.0027709213517157e+20,0.0,0.0,9.976262363963394e+16,0.0,2.5173556062880057e+23,1.001184848942089e+20,8.391185354293352e+22
341163243243.2433,2577.2604806401305,288945727.669235,0,2.9615948309270656e+22,8.391185354293352e+22,2.5183567916338974e+23,9.981980643072079e+19,1.586073208554767e+17,5.5408316527203e+22,412034070441951.5,1.0027714190988167e+20,0.0,0.0,9.976262363963394e+16,0.0,2.5173556062880057e+23,1.0011853458902612e+20,8.391185354293352e+22
344322162162.16223,2575.1980776830947,288855400.2169941,0,2.9615948309270656e+22,8.391185354293352e+22,2.5183567920772833e+23,9.981980635943893e+19,1.586073921373249e+17,5.5408316482864395e+22,367624182086588.6,1.0027718631977003e+20,0.0,0.0,9.976262363963394e+16,0.0,2.5173556062880057e+23,1.0011857892763263e+20,8.391185354293352e+22
347481081081.0811,2573.135674726059,288765116.44083774,0,2.9615948309270656e+22,8.391185354293352e+22,2.5183567924728803e+23,9.981980629584e+19,1.5860745573626733e+17,5.540831644330469e+22,328000883817526.2,1.002772259430683e+20,0.0,0.0,9.976262363963394e+16,0.0,2.5173556062880057e+23,1.0011861848733196e+20,8.391185354293352e+22
350640000000.0,2571.073271769023,288674876.7046285,0,2.9615948309270656e+22,8.391185354293352e+22,2.518356792825839e+23,9.981980623909588e+19,1.5860751248038355e+17,5.540831640800882e+22,292648266998426.0,1.002772612956851e+20,0.0,0.0,9.976262363963394e+16,0.0,2.5173556062880057e+23,1.0011865378320466e+20,8.391185354293352e+22
353798918918.91895,2569.010868811987,288584681.3715168,0,2.9615948309270656e+22,8.391185354293352e+22,2.518356793140755e+23,9.981980618846777e+19,1.58607563108501e+17,5.540831637651721e+22,261106028700261.38,1.002772928379234e+20,0.0,0.0,9.976262363963394e+16,0.0,2.5173556062880057e+23,1.0011868527481484e+20,8.391185354293352e+22
356957837837.8379,2566.9484658549513,288494530.80393904,0,2.9615948309270656e+22,8.391185354293352e+22,2.518356793421729e+23,9.981980614329645e+19,1.5860760827981472e+17,5.540831634841983e+22,232963478402103.72,1.0027732098047371e+20,0.0,0.0,9.976262363963394e+16,0.0,2.5173556062880057e+23,1.0011871337219383e+20,8.391185354293352e+22
360116756756.7568,2564.8860628979155,288404425.36361545,0,2.9615948309270656e+22,8.391185354293352e+22,2.5183567936724187e+23,9.98198061029938e+19,1.5860764858247037e+17,5.5408316323350845e+22,207854190662264.56,1.0027734608976146e+20,0.0,0.0,9.976262363963394e+16,0.0,2.5173556062880057e+23,1.0011873844117892e+20,8.391185354293352e+22
363275675675.6757,2562.8236599408797,288314365.4115488,0,2.9615948309270656e+22,8.391185354293352e+22,2.5183567938960886e+23,9.981980606703505e+19,1.5860768454122205e+17,5.540831630098385e+22,185451234135742.3,1.0027736849271798e+20,0.0,0.0,9.976262363963394e+16,0.0,2.5173556062880057e+23,1.001187608081767e+20,8.391185354293352e+22
366434594594.5946,2560.761256983844,288224351.3080225,0,2.9615948309270656e+22,8.391185354293352e+22,2.518356794095651e+23,9.9819806034952e+19,1.5860771662426477e+17,5.540831628102761e+22,165462914818153.1,1.002773884810373e+20,0.0,0.0,9.976262363963394e+16,0.0,2.5173556062880057e+23,1.0011878076441297e+20,8.391185354293352e+22
369593513513.51355,2558.698854026808,288134383.4125987,0,2.9615948309270656e+22,8.391185354293352e+22,2.518356794273704e+23,9.981980600632694e+19,1.5860774524933046e+17,5.540831626322229e+22,147628978091731.88,1.0027740631497402e+20,0.0,0.0,9.976262363963394e+16,0.0,2.5173556062880057e+23,1.0011879856972462e+20,8.391185354293352e+22
372752432432.43243,2556.636451069772,288044462.0841172,0,2.9615948309270656e+22,8.391185354293352e+22,2.5183567944325662e+23,9.981980598078715e+19,1.586077707891271e+17,5.540831624733607e+22,131717220122751.7,1.0027742222673197e+20,0.0,0.0,9.976262363963394e+16,0.0,2.5173556062880057e+23,1.0011881445594279e+20,8.391185354293352e+22
375911351351.3514,2554.5740481127364,287954587.6806933,0,2.9615948309270656e+22,8.391185354293352e+22,2.518356794574306e+23,9.981980595800008e+19,1.586077935761914e+17,5.54083162331621e+22,117520464489605.4,1.002774364234876e+20,0.0,0.0,9.976262363963394e+16,0.0,2.5173556062880057e+23,1.0011882862991136e+20,8.391185354293352e+22
379070270270.2703,2552.5116451557005,287864760.55971676,0,2.9615948309270656e+22,8.391185354293352e+22,2.5183567947007685e+23,9.981980593766906e+19,1.5860781390721856e+17,5.540831622051583e+22,104853864676222.7,1.002774490900874e+20,0.0,0.0,9.976262363963394e+16,0.0,2.5173556062880057e+23,1.0011884127618014e+20,8.391185354293352e+22
382229189189.1892,2550.4492421986647,287774981.07784986,0,2.9615948309270656e+22,8.391185354293352e+22,2.5183567948136006e+23,9.981980591952935e+19,1.5860783204692538e+17,5.54083162092326e+22,93552497308373.77,1.0027746039145477e+20,0.0,0.0,9.976262363963394e+16,0.0,2.5173556062880057e+23,1.001188525594078e+20,8.391185354293352e+22
385388108108.10815,2548.386839241629,287685249.5910266,0,2.9615948309270656e+22,8.391185354293352e+22,2.5183567949142716e+23,9.981980590334478e+19,1.586078482314969e+17,5.54083161991655e+22,83469214795982.39,1.0027747047473729e+20,0.0,0.0,9.976262363963394e+16,0.0,2.5173556062880057e+23,1.0011886262650574e+20,8.391185354293352e+22
388547027027.02704,2546.324436284593,287595566.4544506,0,2.9615948309270656e+22,8.391185354293352e+22,2.518356795004092e+23,9.981980588890461e+19,1.5860786267166166e+17,5.540831619018345e+22,74472729422126.17,1.0027747947122267e+20,0.0,0.0,9.976262363963394e+16,0.0,2.5173556062880057e+23,1.0011887160855095e+20,8.391185354293352e+22
391705945945.946,2544.262033327557,287505932.0225943,0,2.9615948309270656e+22,8.391185354293352e+22,2.5183567950842315e+23,9.981980587602084e+19,1.586078755554355e+17,5.5408316182169515e+22,66445903932916.125,1.0027748749804816e+20,0.0,0.0,9.976262363963394e+16,0.0,2.5173556062880057e+23,1.0011887962249267e+20,8.391185354293352e+22
394864864864.8649,2542.1996303705214,287416346.6491973,0,2.9615948309270656e+22,8.391185354293352e+22,2.5183567951557333e+23,9.981980586452571e+19,1.586078870505694e+17,5.540831617501933e+22,59284226371159.4,1.0027749465972572e+20,0.0,0.0,9.976262363963394e+16,0.0,2.5173556062880057e+23,1.001188867726751e+20,8.391185354293352e+22
398023783783.7838,2540.1372274134856,287326810.68726546,0,2.9615948309270656e+22,8.391185354293352e+22,2.5183567952195287e+23,9.981980585426954e+19,1.586078973067339e+17,5.5408316168639814e+22,52894449295625.59,1.0027750104950281e+20,0.0,0.0,9.976262363963394e+16,0.0,2.5173556062880057e+23,1.0011889315219602e+20,8.391185354293352e+22
401182702702.7027,2538.0748244564497,287237324.4890695,0,2.9615948309270656e+22,8.391185354293352e+22,2.518356795276448e+23,9.981980584511881e+19,1.5860790645746768e+17,5.540831616294789e+22,47193375668093.26,1.0027750675057643e+20,0.0,0.0,9.976262363963394e+16,0.0,2.5173556062880057e+23,1.0011889884411891e+20,8.391185354293352e+22
404341621621.62164,2536.012421499414,287147888.4061439,0,2.9615948309270656e+22,8.391185354293352e+22,2.5183567953272324e+23,9.981980583695437e+19,1.5860791462191635e+17,5.540831615786945e+22,42106775600017.41,1.002775118371765e+20,0.0,0.0,9.976262363963394e+16,0.0,2.5173556062880057e+23,1.0011890392255454e+20,8.391185354293352e+22
407500540540.5406,2533.950018542378,287058502.7892857,0,2.9615948309270656e+22,8.391185354293352e+22,2.518356795372543e+23,9.98198058296699e+19,1.586079219063838e+17,5.540831615333838e+22,37568419854495.18,1.0027751637553224e+20,0.0,0.0,9.976262363963394e+16,0.0,2.5173556062880057e+23,1.001189084536258e+20,8.391185354293352e+22
410659459459.45953,2531.8876155853422,286969167.98855364,0,2.9615948309270656e+22,8.391185354293352e+22,2.51835679541297e+23,9.981980582317056e+19,1.5860792840571622e+17,5.540831614929568e+22,33519217519400.418,1.0027752042473457e+20,0.0,0.0,9.976262363963394e+16,0.0,2.5173556062880057e+23,1.001189124963288e+20,8.391185354293352e+22
413818378378.37836,2529.8252126283064,286879884.3532669,0,2.9615948309270656e+22,8.391185354293352e+22,2.5183567954490397e+23,9.981980581737174e+19,1.586079342045371e+17,5.54083161456887e+22,29906446623901.438,1.0027752403750547e+20,0.0,0.0,9.976262363963394e+16,0.0,2.5173556062880057e+23,1.0011891610330087e+20,8.391185354293352e+22
416977297297.2973,2527.7628096712706,286790652.2320043,0,2.9615948309270656e+22,8.391185354293352e+22,2.5183567954812217e+23,9.981980581219793e+19,1.58607939378349e+17,5.5408316142470495e+22,26683067680730.734,1.002775272608844e+20,0.0,0.0,9.976262363963394e+16,0.0,2.5173556062880057e+23,1.00118919321506e+20,8.391185354293352e+22
420136216216.21625,2525.7004067142348,286701471.97260344,0,2.9615948309270656e+22,8.391185354293352e+22,2.5183567955099353e+23,9.981980580758176e+19,1.586079439945167e+17,5.540831613959916e+22,23807111216296.31,1.0027753013684088e+20,0.0,0.0,9.976262363963394e+16,0.0,2.5173556062880057e+23,1.001189221928463e+20,8.391185354293352e+22
423295135135.1352,2523.638003757199,286612343.92215973,0,2.9615948309270656e+22,8.391185354293352e+22,2.5183567955355537e+23,9.981980580346313e+19,1.5860794811314426e+17,5.540831613703729e+22,21241131314071.105,1.0027753270282078e+20,0.0,0.0,9.976262363963394e+16,0.0,2.5173556062880057e+23,1.0011892475470758e+20,8.391185354293352e+22
426454054054.0541,2521.575600800163,286523268.42702556,0,2.9615948309270656e+22,8.391185354293352e+22,2.518356795558411e+23,9.981980579978841e+19,1.5860795178785757e+17,5.540831613475156e+22,18951718056212.055,1.0027753499223404e+20,0.0,0.0,9.976262363963394e+16,0.0,2.5173556062880057e+23,1.0011892704044612e+20,8.391185354293352e+22
429612972972.97296,2519.5131978431273,286434245.8328094,0,2.9615948309270656e+22,8.391185354293352e+22,2.5183567955788047e+23,9.981980579650976e+19,1.5860795506650266e+17,5.540831613271218e+22,16909062515234.959,1.0027753703488958e+20,0.0,0.0,9.976262363963394e+16,0.0,2.5173556062880057e+23,1.00118929079823e+20,8.391185354293352e+22
432771891891.8919,2517.4507948860914,286345276.4843754,0,2.9615948309270656e+22,8.391185354293352e+22,2.5183567955970003e+23,9.98198057935845e+19,1.5860795799176858e+17,5.540831613089261e+22,15086568631790.943,1.0027753885738346e+20,0.0,0.0,9.976262363963394e+16,0.0,2.5173556062880057e+23,1.0011893089939163e+20,8.391185354293352e+22
435930810810.81085,2515.3883919290556,286256360.7258424,0,2.9615948309270656e+22,8.391185354293352e+22,2.518356795613235e+23,9.981980579097453e+19,1.5860796060174326e+17,5.540831612926916e+22,13460506925062.863,1.0027754048344516e+20,0.0,0.0,9.976262363963394e+16,0.0,2.5173556062880057e+23,1.0011893252284336e+20,8.391185354293352e+22
439089729729.7298,2513.32598897202,286167498.9005835,0,2.9615948309270656e+22,8.391185354293352e+22,2.5183567956277197e+23,9.981980578864585e+19,1.5860796293040944e+17,5.540831612782069e+22,12009705526974.934,1.0027754193424658e+20,0.0,0.0,9.976262363963394e+16,0.0,2.5173556062880057e+23,1.001189339713161e+20,8.391185354293352e+22
442248648648.6487,2511.263586014984,286078691.35122526,0,2.9615948309270656e+22,8.391185354293352e+22,2.5183567956406432e+23,9.981980578656818e+19,1.5860796500808714e+17,5.540831612652833e+22,10715274517377.361,1.0027754322867759e+20,0.0,0.0,9.976262363963394e+16,0.0,2.5173556062880057e+23,1.0011893526366944e+20,8.391185354293352e+22
445407567567.56757,2509.201183057948,285989938.4196473,0,2.9615948309270656e+22,8.391185354293352e+22,2.518356795652174e+23,9.981980578471444e+19,1.586079668618284e+17,5.540831612537527e+22,9560359970957.652,1.0027754438359212e+20,0.0,0.0,9.976262363963394e+16,0.0,2.5173556062880057e+23,1.0011893641673023e+20,8.391185354293352e+22
448566486486.4865,2507.1387801009123,285901240.4469818,0,2.9615948309270656e+22,8.391185354293352e+22,2.5183567956624616e+23,9.98198057830605e+19,1.586079685157696e+17,5.540831612434649e+22,8529924513486.939,1.0027754541402759e+20,0.0,0.0,9.976262363963394e+16,0.0,2.5173556062880057e+23,1.0011893744551176e+20,8.391185354293352e+22
451725405405.40546,2505.0763771438765,285812597.7736129,0,2.9615948309270656e+22,8.391185354293352e+22,2.5183567956716405e+23,9.981980578158482e+19,1.5860796999144557e+17,5.540831612342859e+22,7610551530170.079,1.0027754633340058e+20,0.0,0.0,9.976262363963394e+16,0.0,2.5173556062880057e+23,1.0011893836340907e+20,8.391185354293352e+22
454884324324.32434,2503.0139741868406,285724010.7391767,0,2.9615948309270656e+22,8.391185354293352e+22,2.51835679567983e+23,9.98198057802682e+19,1.586079713080701e+17,5.540831612260963e+22,6790270476826.617,1.0027754715368163e+20,0.0,0.0,9.976262363963394e+16,0.0,2.5173556062880057e+23,1.001189391823735e+20,8.391185354293352e+22
458043243243.2433,2500.951571229805,285635479.68256015,0,2.9615948309270656e+22,8.391185354293352e+22,2.518356795687137e+23,9.981980577909349e+19,1.5860797248278614e+17,5.540831612187893e+22,6058401019395.642,1.0027754788555109e+20,0.0,0.0,9.976262363963394e+16,0.0,2.5173556062880057e+23,1.0011893991306825e+20,8.391185354293352e+22
461202162162.1622,2498.889168272769,285547004.94190156,0,2.9615948309270656e+22,8.391185354293352e+22,2.5183567956936562e+23,9.981980577804539e+19,1.5860797353088883e+17,5.540831612122699e+22,5405413972408.659,1.0027754853853813e+20,0.0,0.0,9.976262363963394e+16,0.0,2.5173556062880057e+23,1.0011894056500719e+20,8.391185354293352e+22
464361081081.0811,2496.826765315733,285458586.8545898,0,2.9615948309270656e+22,8.391185354293352e+22,2.518356795699473e+23,9.981980577711025e+19,1.5860797446602483e+17,5.540831612064532e+22,4822807225802.787,1.0027754912114488e+20,0.0,0.0,9.976262363963394e+16,0.0,2.5173556062880057e+23,1.001189411466788e+20,8.391185354293352e+22
467520000000.0,2494.7643623586973,285370225.7572643,0,2.9615948309270656e+22,8.391185354293352e+22,2.5183567957046627e+23,9.981980577627591e+19,1.5860797530036995e+17,5.540831612012634e+22,4302995044599.8154,1.0027754964095705e+20,0.0,0.0,9.976262363963394e+16,0.0,2.5173556062880057e+23,1.0011894166565664e+20,8.391185354293352e+22
470678918918.91895,2492.7019594016615,285281921.9858148,0,2.9615948309270656e+22,8.391185354293352e+22,2.5183567957092932e+23,9.981980577553149e+19,1.5860797604478762e+17,5.5408316119663296e+22,3839209300095.846,1.002775501047428e+20,0.0,0.0,9.976262363963394e+16,0.0,2.5173556062880057e+23,1.0011894212869797e+20,8.391185354293352e+22
473837837837.8379,2490.6395564446257,285193675.8753812,0,2.9615948309270656e+22,8.391185354293352e+22,2.5183567957134244e+23,9.981980577486732e+19,1.586079767089704e+17,5.5408316119250165e+22,3425411346558.525,1.0027755051854075e+20,0.0,0.0,9.976262363963394e+16,0.0,2.5173556062880057e+23,1.0011894254183173e+20,8.391185354293352e+22
476996756756.75684,2488.57715348759,285105487.7603534,0,2.9615948309270656e+22,8.391185354293352e+22,2.5183567957171104e+23,9.981980577427472e+19,1.5860797730156618e+17,5.540831611888156e+22,3056213396036.9194,1.0027755088773869e+20,0.0,0.0,9.976262363963394e+16,0.0,2.5173556062880057e+23,1.0011894291043708e+20,8.391185354293352e+22
480155675675.6757,2486.514750530554,285017357.9743717,0,2.9615948309270656e+22,8.391185354293352e+22,2.518356795720399e+23,9.9819805773746e+19,1.5860797783029075e+17,5.540831611855269e+22,2726808367557.7437,1.0027755121714373e+20,0.0,0.0,9.976262363963394e+16,0.0,2.5173556062880057e+23,1.0011894323931339e+20,8.391185354293352e+22
483314594594.5946,2484.452347573518,284929286.8503261,0,2.9615948309270656e+22,8.391185354293352e+22,2.5183567957233334e+23,9.981980577327425e+19,1.586079783020283e+17,5.540831611825925e+22,2432907297320.9478,1.002775515110448e+20,0.0,0.0,9.976262363963394e+16,0.0,2.5173556062880057e+23,1.0011894353274272e+20,8.391185354293352e+22
486473513513.51355,2482.3899446164824,284841274.72035706,0,2.9615948309270656e+22,8.391185354293352e+22,2.5183567957259513e+23,9.981980577285336e+19,1.58607978722921e+17,5.540831611799745e+22,2170683494954.458,1.0027755177326859e+20,0.0,0.0,9.976262363963394e+16,0.0,2.5173556062880057e+23,1.0011894379454562e+20,8.391185354293352e+22
489632432432.4325,2480.3275416594465,284753321.9158551,0,2.9615948309270656e+22,8.391185354293352e+22,2.518356795728287e+23,9.981980577247784e+19,1.58607979098449e+17,5.540831611776386e+22,1936722718723.7961,1.0027755200722936e+20,0.0,0.0,9.976262363963394e+16,0.0,2.5173556062880057e+23,1.0011894402813087e+20,8.391185354293352e+22
492791351351.35144,2478.2651387024107,284665428.76746124,0,2.9615948309270656e+22,8.391185354293352e+22,2.518356795730371e+23,9.981980577214279e+19,1.586079794335018e+17,5.540831611755546e+22,1727978720961.1125,1.0027755221597336e+20,0.0,0.0,9.976262363963394e+16,0.0,2.5173556062880057e+23,1.0011894423653982e+20,8.391185354293352e+22
495950270270.27026,2476.202735745375,284577595.6050669,0,2.9615948309270656e+22,8.391185354293352e+22,2.5183567957322307e+23,9.981980577184385e+19,1.5860797973244192e+17,5.540831611736951e+22,1541733584900.2302,1.002775524022185e+20,0.0,0.0,9.976262363963394e+16,0.0,2.5173556062880057e+23,1.0011894442248602e+20,8.391185354293352e+22
499109189189.1892,2474.140332788339,284489822.75781447,0,2.9615948309270656e+22,8.391185354293352e+22,2.5183567957338896e+23,9.981980577157713e+19,1.5860797999916166e+17,5.5408316117203605e+22,1375562336490.0051,1.0027755256838975e+20,0.0,0.0,9.976262363963394e+16,0.0,2.5173556062880057e+23,1.0011894458839055e+20,8.391185354293352e+22
502268108108.10815,2472.077929831303,284402110.5540975,0,2.9615948309270656e+22,8.391185354293352e+22,2.5183567957353697e+23,9.981980577133915e+19,1.586079802371338e+17,5.540831611705558e+22,1227301370419.9575,1.0027755271665073e+20,0.0,0.0,9.976262363963394e+16,0.0,2.5173556062880057e+23,1.0011894473641355e+20,8.391185354293352e+22
505427027027.0271,2470.0155268742674,284314459.3215608,0,2.9615948309270656e+22,8.391185354293352e+22,2.5183567957366904e+23,9.981980577112683e+19,1.586079804494568e+17,5.540831611692351e+22,1095020279254.4518,1.0027755284893182e+20,0.0,0.0,9.976262363963394e+16,0.0,2.5173556062880057e+23,1.0011894486848232e+20,8.391185354293352e+22
508585945945.946,2467.9531239172316,284226869.3871012,0,2.9615948309270656e+22,8.391185354293352e+22,2.518356795737869e+23,9.98198057709374e+19,1.586079806388952e+17,5.5408316116805674e+22,976996718881.3173,1.0027755296695537e+20,0.0,0.0,9.976262363963394e+16,0.0,2.5173556062880057e+23,1.0011894498631644e+20,8.391185354293352e+22
511744864864.86487,2465.8907209601957,284139341.0768675,0,2.9615948309270656e+22,8.391185354293352e+22,2.51835679573892e+23,9.981980577076838e+19,1.5860798080791552e+17,5.540831611670054e+22,871693983014.6295,1.002775530722581e+20,0.0,0.0,9.976262363963394e+16,0.0,2.5173556062880057e+23,1.0011894509145016e+20,8.391185354293352e+22
514903783783.7838,2463.82831800316,284051874.71626157,0,2.9615948309270656e+22,8.391185354293352e+22,2.5183567957398583e+23,9.981980577061759e+19,1.586079809587185e+17,5.540831611660674e+22,777740994764.1674,1.0027755316621109e+20,0.0,0.0,9.976262363963394e+16,0.0,2.5173556062880057e+23,1.0011894518525234e+20,8.391185354293352e+22
518062702702.70276,2461.765915046124,283964470.6299382,0,2.9615948309270656e+22,8.391185354293352e+22,2.518356795740695e+23,9.981980577048304e+19,1.5860798109326762e+17,5.5408316116523045e+22,693914454755.0796,1.0027755325003763e+20,0.0,0.0,9.976262363963394e+16,0.0,2.5173556062880057e+23,1.0011894526894434e+20,8.391185354293352e+22
521221621621.62164,2459.7035120890882,283877129.1418061,0,2.9615948309270656e+22,8.391185354293352e+22,2.5183567957414417e+23,9.9819805770363e+19,1.5860798121331475e+17,5.540831611644837e+22,619122913360.2975,1.0027755332482916e+20,0.0,0.0,9.976262363963394e+16,0.0,2.5173556062880057e+23,1.0011894534361583e+20,8.391185354293352e+22
524380540540.5406,2457.6411091320524,283789850.57502836,0,2.9615948309270656e+22,8.391185354293352e+22,2.518356795742108e+23,9.98198057702559e+19,1.5860798132042294e+17,5.540831611638175e+22,552392559660.826,1.002775533915595e+20,0.0,0.0,9.976262363963394e+16,0.0,2.5173556062880057e+23,1.0011894541023907e+20,8.391185354293352e+22
527539459459.4595,2455.5787061750166,283702635.2520232,0,2.9615948309270656e+22,8.391185354293352e+22,2.5183567957427027e+23,9.981980577016032e+19,1.5860798141598678e+17,5.540831611632231e+22,492854542101.41516,1.0027755345109752e+20,0.0,0.0,9.976262363963394e+16,0.0,2.5173556062880057e+23,1.0011894546968152e+20,8.391185354293352e+22
530698378378.3785,2453.5163032179807,283615483.49446446,0,2.9615948309270656e+22,8.391185354293352e+22,2.5183567957432332e+23,9.981980577007506e+19,1.5860798150125056e+17,5.540831611626927e+22,439733655752.3028,1.0027755350421842e+20,0.0,0.0,9.976262363963394e+16,0.0,2.5173556062880057e+23,1.0011894552271715e+20,8.391185354293352e+22
533857297297.29736,2451.453900260945,283528395.62328255,0,2.9615948309270656e+22,8.391185354293352e+22,2.5183567957437063e+23,9.981980576999899e+19,1.5860798157732445e+17,5.540831611622195e+22,392338248881.3871,1.0027755355161382e+20,0.0,0.0,9.976262363963394e+16,0.0,2.5173556062880057e+23,1.0011894557003648e+20,8.391185354293352e+22
537016216216.2162,2449.391497303909,283441371.9586652,0,2.9615948309270656e+22,8.391185354293352e+22,2.5183567957441284e+23,9.981980576993111e+19,1.586079816451989e+17,5.540831611617973e+22,350051217417.01715,1.0027755359390086e+20,0.0,0.0,9.976262363963394e+16,0.0,2.5173556062880057e+23,1.0011894561225564e+20,8.391185354293352e+22
540175135135.1352,2447.3290943468733,283354412.82005817,0,2.9615948309270656e+22,8.391185354293352e+22,2.5183567957445052e+23,9.981980576987056e+19,1.5860798170575773e+17,5.540831611614207e+22,312321970046.2916,1.002775536316301e+20,0.0,0.0,9.976262363963394e+16,0.0,2.5173556062880057e+23,1.0011894564992433e+20,8.391185354293352e+22
543334054054.0541,2445.2666913898374,283267518.5261662,0,2.9615948309270656e+22,8.391185354293352e+22,2.5183567957448415e+23,9.981980576981652e+19,1.586079817597894e+17,5.540831611610846e+22,278659259331.7537,1.0027755366529281e+20,0.0,0.0,9.976262363963394e+16,0.0,2.5173556062880057e+23,1.00118945683533e+20,8.391185354293352e+22
546492972972.9731,2443.2042884328016,283180689.39495414,0,2.9615948309270656e+22,8.391185354293352e+22,2.5183567957451414e+23,9.981980576976832e+19,1.5860798180799744e+17,5.5408316116078474e+22,248624785505.22086,1.0027755369532727e+20,0.0,0.0,9.976262363963394e+16,0.0,2.5173556062880057e+23,1.0011894571351926e+20,8.391185354293352e+22
549651891891.8919,2441.141885475766,283093925.7436477,0,2.9615948309270656e+22,8.391185354293352e+22,2.518356795745409e+23,9.981980576972531e+19,1.586079818510095e+17,5.540831611605172e+22,221827489658.00208,1.0027755372212457e+20,0.0,0.0,9.976262363963394e+16,0.0,2.5173556062880057e+23,1.0011894574027355e+20,8.391185354293352e+22
552810810810.8108,2439.07948251873,283007227.8887344,0,2.9615948309270656e+22,8.391185354293352e+22,2.5183567957456474e+23,9.981980576968694e+19,1.5860798188938563e+17,5.540831611602785e+22,197918462022.92883,1.0027755374603359e+20,0.0,0.0,9.976262363963394e+16,0.0,2.5173556062880057e+23,1.001189457641442e+20,8.391185354293352e+22
555969729729.7297,2437.017079561694,282920596.14596474,0,2.9615948309270656e+22,8.391185354293352e+22,2.5183567957458605e+23,9.98198057696527e+19,1.586079819236255e+17,5.540831611600655e+22,176586399052.3255,1.0027755376736566e+20,0.0,0.0,9.976262363963394e+16,0.0,2.5173556062880057e+23,1.0011894578544203e+20,8.391185354293352e+22
559128648648.6487,2434.9546766046583,282834030.8303536,0,2.9615948309270656e+22,8.391185354293352e+22,2.5183567957460504e+23,9.981980576962214e+19,1.5860798195417494e+17,5.540831611598755e+22,157553550141.5531,1.002775537863985e+20,0.0,0.0,9.976262363963394e+16,0.0,2.5173556062880057e+23,1.0011894580444432e+20,8.391185354293352e+22
562287567567.5676,2432.8922736476225,282747532.2561809,0,2.9615948309270656e+22,8.391185354293352e+22,2.51835679574622e+23,9.981980576959488e+19,1.5860798198143168e+17,5.54083161159706e+22,140572101223.10956,1.0027755380337997e+20,0.0,0.0,9.976262363963394e+16,0.0,2.5173556062880057e+23,1.0011894582139852e+20,8.391185354293352e+22
565446486486.4866,2430.8298706905866,282661100.7369929,0,2.9615948309270656e+22,8.391185354293352e+22,2.5183567957463712e+23,9.981980576957057e+19,1.5860798200575062e+17,5.540831611595547e+22,125420948144.47002,1.0027755381853112e+20,0.0,0.0,9.976262363963394e+16,0.0,2.5173556062880057e+23,1.0011894583652536e+20,8.391185354293352e+22
568605405405.4054,2428.767467733551,282574736.58560395,0,2.9615948309270656e+22,8.391185354293352e+22,2.518356795746506e+23,9.981980576954887e+19,1.5860798202744845e+17,5.5408316115941975e+22,111902817817.96637,1.0027755383204925e+20,0.0,0.0,9.976262363963394e+16,0.0,2.5173556062880057e+23,1.0011894585002179e+20,8.391185354293352e+22
571764324324.3243,2426.705064776515,282488440.1140971,0,2.9615948309270656e+22,8.391185354293352e+22,2.5183567957466266e+23,9.98198057695295e+19,1.586079820468076e+17,5.540831611592994e+22,99841699659.11282,1.0027755384411038e+20,0.0,0.0,9.976262363963394e+16,0.0,2.5173556062880057e+23,1.0011894586206355e+20,8.391185354293352e+22
574923243243.2433,2424.642661819479,282402211.6338259,0,2.9615948309270656e+22,8.391185354293352e+22,2.518356795746734e+23,9.981980576951224e+19,1.5860798206408022e+17,5.540831611591919e+22,89080553869.84453,1.0027755385487152e+20,0.0,0.0,9.976262363963394e+16,0.0,2.5173556062880057e+23,1.0011894587280743e+20,8.391185354293352e+22
578082162162.1622,2422.5802588624433,282316051.45541555,0,2.9615948309270656e+22,8.391185354293352e+22,2.51835679574683e+23,9.981980576949682e+19,1.5860798207949114e+17,5.54083161159096e+22,79479266727.74924,1.002775538644728e+20,0.0,0.0,9.976262363963394e+16,0.0,2.5173556062880057e+23,1.001189458823933e+20,8.391185354293352e+22
581241081081.0812,2420.5178559054075,282229959.88876444,0,2.9615948309270656e+22,8.391185354293352e+22,2.5183567957469155e+23,9.981980576948308e+19,1.5860798209324106e+17,5.540831611590105e+22,70912826258.47311,1.0027755387303925e+20,0.0,0.0,9.976262363963394e+16,0.0,2.5173556062880057e+23,1.0011894589094599e+20,8.391185354293352e+22
584400000000.0,2418.4554529483717,282143937.2430456,0,2.9615948309270656e+22,8.391185354293352e+22,2.5183567957469916e+23,9.98198057694708e+19,1.5860798210550896e+17,5.540831611589341e+22,63269694537.94422,1.0027755388068238e+20,0.0,0.0,9.976262363963394e+16,0.0,2.5173556062880057e+23,1.0011894589857686e+20,8.391185354293352e+22
587558918918.919,2416.393049991336,282057983.8267084,0,2.9615948309270656e+22,8.391185354293352e+22,2.5183567957470597e+23,9.981980576945986e+19,1.5860798211645462e+17,5.54083161158866e+22,56450355431.24365,1.0027755388750171e+20,0.0,0.0,9.976262363963394e+16,0.0,2.5173556062880057e+23,1.0011894590538524e+20,8.391185354293352e+22
590717837837.8379,2414.3306470343,281972099.94747955,0,2.9615948309270656e+22,8.391185354293352e+22,2.5183567957471205e+23,9.98198057694501e+19,1.5860798212622054e+17,5.540831611588053e+22,50366018859.19787,1.0027755389358604e+20,0.0,0.0,9.976262363963394e+16,0.0,2.5173556062880057e+23,1.001189459114598e+20,8.391185354293352e+22
593876756756.7568,2412.268244077264,281886285.91236544,0,2.9615948309270656e+22,8.391185354293352e+22,2.518356795747175e+23,9.981980576944138e+19,1.5860798213493386e+17,5.540831611587511e+22,44937464721.80932,1.002775538990146e+20,0.0,0.0,9.976262363963394e+16,0.0,2.5173556062880057e+23,1.0011894591687965e+20,8.391185354293352e+22
597035675675.6757,2410.2058411202283,281800542.0276534,0,2.9615948309270656e+22,8.391185354293352e+22,2.518356795747223e+23,9.981980576943361e+19,1.5860798214270803e+17,5.540831611587028e+22,40094011426.02125,1.0027755390385804e+20,0.0,0.0,9.976262363963394e+16,0.0,2.5173556062880057e+23,1.0011894592171532e+20,8.391185354293352e+22
600194594594.5946,2408.1434381631925,281714868.5989134,0,2.9615948309270656e+22,8.391185354293352e+22,2.5183567957472664e+23,9.981980576942668e+19,1.586079821496443e+17,5.5408316115865966e+22,35772595587.702644,1.0027755390817945e+20,0.0,0.0,9.976262363963394e+16,0.0,2.5173556062880057e+23,1.001189459260298e+20,8.391185354293352e+22
603353513513.5135,2406.0810352061567,281629265.9309997,0,2.9615948309270656e+22,8.391185354293352e+22,2.518356795747305e+23,9.981980576942049e+19,1.5860798215583293e+17,5.5408316115862115e+22,31916950925.265015,1.002775539120351e+20,0.0,0.0,9.976262363963394e+16,0.0,2.5173556062880057e+23,1.0011894592987926e+20,8.391185354293352e+22
606512432432.4325,2404.018632249121,281543734.32805324,0,2.9615948309270656e+22,8.391185354293352e+22,2.5183567957473393e+23,9.981980576941497e+19,1.5860798216135456e+17,5.5408316115858684e+22,28476875653.83078,1.0027755391547518e+20,0.0,0.0,9.976262363963394e+16,0.0,2.5173556062880057e+23,1.0011894593331382e+20,8.391185354293352e+22
609671351351.3514,2401.956229292085,281458274.09350264,0,2.9615948309270656e+22,8.391185354293352e+22,2.5183567957473698e+23,9.981980576941004e+19,1.5860798216628106e+17,5.540831611585562e+22,25407578841.180073,1.0027755391854448e+20,0.0,0.0,9.976262363963394e+16,0.0,2.5173556062880057e+23,1.0011894593637818e+20,8.391185354293352e+22
612830270270.2703,2399.893826335049,281372885.5300667,0,2.9615948309270656e+22,8.391185354293352e+22,2.518356795747397e+23,9.981980576940564e+19,1.5860798217067658e+17,5.540831611585289e+22,22669097214.811394,1.0027755392128295e+20,0.0,0.0,9.976262363963394e+16,0.0,2.5173556062880057e+23,1.0011894593911226e+20,8.391185354293352e+22
615989189189.1892,2397.8314233780134,281287568.93975616,0,2.9615948309270656e+22,8.391185354293352e+22,2.5183567957474215e+23,9.981980576940173e+19,1.5860798217459834e+17,5.540831611585045e+22,20225774826.748695,1.0027755392372626e+20,0.0,0.0,9.976262363963394e+16,0.0,2.5173556062880057e+23,1.0011894594155166e+20,8.391185354293352e+22
619148108108.1082,2395.7690204209775,281202324.6238755,0,2.9615948309270656e+22,8.391185354293352e+22,2.5183567957474433e+23,9.981980576939822e+19,1.586079821780974e+17,5.540831611584827e+22,18045798801.156494,1.0027755392590625e+20,0.0,0.0,9.976262363963394e+16,0.0,2.5173556062880057e+23,1.0011894594372814e+20,8.391185354293352e+22
622307027027.0271,2393.7066174639417,281117152.88302517,0,2.9615948309270656e+22,8.391185354293352e+22,2.5183567957474627e+23,9.98198057693951e+19,1.5860798218121933e+17,5.540831611584634e+22,16100785120.041367,1.0027755392785128e+20,0.0,0.0,9.976262363963394e+16,0.0,2.5173556062880057e+23,1.0011894594567004e+20,8.391185354293352e+22
625465945945.946,2391.644214506906,281032054.01710343,0,2.9615948309270656e+22,8.391185354293352e+22,2.5183567957474802e+23,9.981980576939231e+19,1.5860798218400477e+17,5.54083161158446e+22,14365409053.831028,1.0027755392958666e+20,0.0,0.0,9.976262363963394e+16,0.0,2.5173556062880057e+23,1.0011894594740263e+20,8.391185354293352e+22
628624864864.8649,2389.58181154987,280947028.3253091,0,2.9615948309270656e+22,8.391185354293352e+22,2.5183567957474956e+23,9.981980576938982e+19,1.5860798218649e+17,5.540831611584306e+22,12817075424.913258,1.00277553931135e+20,0.0,0.0,9.976262363963394e+16,0.0,2.5173556062880057e+23,1.0011894594894848e+20,8.391185354293352e+22
631783783783.7838,2387.519408592834,280862076.10614264,0,2.9615948309270656e+22,8.391185354293352e+22,2.5183567957475094e+23,9.98198057693876e+19,1.5860798218870733e+17,5.540831611584168e+22,11435624410.855581,1.0027755393251644e+20,0.0,0.0,9.976262363963394e+16,0.0,2.5173556062880057e+23,1.0011894595032772e+20,8.391185354293352e+22
634942702702.7028,2385.4570056357984,280777197.6574094,0,2.9615948309270656e+22,8.391185354293352e+22,2.5183567957475218e+23,9.981980576938562e+19,1.586079821906857e+17,5.540831611584045e+22,10203069056.765068,1.00277553933749e+20,0.0,0.0,9.976262363963394e+16,0.0,2.5173556062880057e+23,1.0011894595155829e+20,8.391185354293352e+22
638101621621.6216,2383.3946026787626,280692393.2762213,0,2.9615948309270656e+22,8.391185354293352e+22,2.518356795747533e+23,9.981980576938385e+19,1.586079821924508e+17,5.540831611583935e+22,9103361079.11124,1.002775539348487e+20,0.0,0.0,9.976262363963394e+16,0.0,2.5173556062880057e+23,1.0011894595265623e+20,8.391185354293352e+22
641260540540.5406,2381.3321997217267,280607663.25899905,0,2.9615948309270656e+22,8.391185354293352e+22,2.5183567957475426e+23,9.981980576938228e+19,1.586079821940257e+17,5.540831611583837e+22,8122181911.699447,1.0027755393582988e+20,0.0,0.0,9.976262363963394e+16,0.0,2.5173556062880057e+23,1.0011894595363583e+20,8.391185354293352e+22
644419459459.4595,2379.269796764691,280523007.90147495,0,2.9615948309270656e+22,8.391185354293352e+22,2.5183567957475513e+23,9.981980576938087e+19,1.5860798219543085e+17,5.5408316115837495e+22,7246756273.143287,1.002775539367053e+20,0.0,0.0,9.976262363963394e+16,0.0,2.5173556062880057e+23,1.0011894595450985e+20,8.391185354293352e+22
647578378378.3784,2377.207393807655,280438427.49869496,0,2.9615948309270656e+22,8.391185354293352e+22,2.518356795747559e+23,9.981980576937961e+19,1.5860798219668454e+17,5.5408316115836715e+22,6465685828.42213,1.0027755393748638e+20,0.0,0.0,9.976262363963394e+16,0.0,2.5173556062880057e+23,1.0011894595528966e+20,8.391185354293352e+22
650737297297.2974,2375.1449908506193,280353922.34502107,0,2.9615948309270656e+22,8.391185354293352e+22,2.518356795747566e+23,9.98198057693785e+19,1.586079821978031e+17,5.540831611583602e+22,5768800778.741499,1.0027755393818326e+20,0.0,0.0,9.976262363963394e+16,0.0,2.5173556062880057e+23,1.0011894595598542e+20,8.391185354293352e+22
653896216216.2162,2373.0825878935834,280269492.7341341,0,2.9615948309270656e+22,8.391185354293352e+22,2.5183567957475725e+23,9.98198057693775e+19,1.5860798219880112e+17,5.54083161158354e+22,5147027447.34659,1.0027755393880503e+20,0.0,0.0,9.976262363963394e+16,0.0,2.5173556062880057e+23,1.001189459566062e+20,8.391185354293352e+22
657055135135.1353,2371.0201849365476,280185138.95903563,0,2.9615948309270656e+22,8.391185354293352e+22,2.518356795747578e+23,9.981980576937661e+19,1.5860798219969155e+17,5.540831611583484e+22,4592270137.211875,1.0027755393935978e+20,0.0,0.0,9.976262363963394e+16,0.0,2.5173556062880057e+23,1.0011894595716006e+20,8.391185354293352e+22
660214054054.0541,2368.9577819795118,280100861.3120515,0,2.9615948309270656e+22,8.391185354293352e+22,2.5183567957475832e+23,9.981980576937583e+19,1.58607982200486e+17,5.540831611583435e+22,4097305722.3543324,1.0027755393985474e+20,0.0,0.0,9.976262363963394e+16,0.0,2.5173556062880057e+23,1.0011894595765423e+20,8.391185354293352e+22
663372972972.973,2366.895379022476,280016660.08483326,0,2.9615948309270656e+22,8.391185354293352e+22,2.5183567957475876e+23,9.981980576937512e+19,1.5860798220119485e+17,5.5408316115833904e+22,3655689600.313908,1.0027755394029635e+20,0.0,0.0,9.976262363963394e+16,0.0,2.5173556062880057e+23,1.0011894595809514e+20,8.391185354293352e+22
666531891891.892,2364.83297606544,279932535.568362,0,2.9615948309270656e+22,8.391185354293352e+22,2.5183567957475916e+23,9.981980576937448e+19,1.586079822018273e+17,5.540831611583351e+22,3261671781.2709894,1.0027755394069037e+20,0.0,0.0,9.976262363963394e+16,0.0,2.5173556062880057e+23,1.0011894595848852e+20,8.391185354293352e+22
669690810810.8108,2362.7705731084043,279848488.0529501,0,2.9615948309270656e+22,8.391185354293352e+22,2.518356795747595e+23,9.981980576937393e+19,1.5860798220239155e+17,5.540831611583316e+22,2910122021.2531085,1.002775539410419e+20,0.0,0.0,9.976262363963394e+16,0.0,2.5173556062880057e+23,1.001189459588395e+20,8.391185354293352e+22
672849729729.7299,2360.7081701513684,279764517.82824457,0,2.9615948309270656e+22,8.391185354293352e+22,2.518356795747598e+23,9.981980576937342e+19,1.58607982202895e+17,5.540831611583285e+22,2596463024.640146,1.0027755394135556e+20,0.0,0.0,9.976262363963394e+16,0.0,2.5173556062880057e+23,1.0011894595915265e+20,8.391185354293352e+22
676008648648.6487,2358.6457671943326,279680625.18322957,0,2.9615948309270656e+22,8.391185354293352e+22,2.5183567957476006e+23,9.981980576937298e+19,1.586079822033442e+17,5.540831611583257e+22,2316610846.24228,1.002775539416354e+20,0.0,0.0,9.976262363963394e+16,0.0,2.5173556062880057e+23,1.0011894595943204e+20,8.391185354293352e+22
679167567567.5676,2356.583364237297,279596810.4062293,0,2.9615948309270656e+22,8.391185354293352e+22,2.518356795747603e+23,9.981980576937258e+19,1.5860798220374496e+17,5.540831611583232e+22,2066921716.9657815,1.0027755394188508e+20,0.0,0.0,9.976262363963394e+16,0.0,2.5173556062880057e+23,1.0011894595968133e+20,8.391185354293352e+22
682326486486.4866,2354.520961280261,279513073.78491104,0,2.9615948309270656e+22,8.391185354293352e+22,2.5183567957476053e+23,9.981980576937222e+19,1.5860798220410253e+17,5.540831611583209e+22,1844144600.7190008,1.0027755394210785e+20,0.0,0.0,9.976262363963394e+16,0.0,2.5173556062880057e+23,1.0011894595990374e+20,8.391185354293352e+22
685485405405.4054,2352.458558323225,279429415.60628784,0,2.9615948309270656e+22,8.391185354293352e+22,2.5183567957476074e+23,9.981980576937191e+19,1.5860798220442157e+17,5.540831611583189e+22,1645378864.8335862,1.002775539423066e+20,0.0,0.0,9.976262363963394e+16,0.0,2.5173556062880057e+23,1.0011894596010218e+20,8.391185354293352e+22
688644324324.3245,2350.3961553661893,279345836.1567216,0,2.9615948309270656e+22,8.391185354293352e+22,2.518356795747609e+23,9.981980576937163e+19,1.586079822047062e+17,5.5408316115831715e+22,1468036512.855631,1.0027755394248394e+20,0.0,0.0,9.976262363963394e+16,0.0,2.5173556062880057e+23,1.0011894596027924e+20,8.391185354293352e+22
691803243243.2433,2348.3337524091535,279262335.7219261,0,2.9615948309270656e+22,8.391185354293352e+22,2.5183567957476107e+23,9.981980576937137e+19,1.586079822049602e+17,5.5408316115831556e+22,1309808487.9650455,1.0027755394264218e+20,0.0,0.0,9.976262363963394e+16,0.0,2.5173556062880057e+23,1.0011894596043722e+20,8.391185354293352e+22
694962162162.1622,2346.2713494521176,279178914.58697027,0,2.9615948309270656e+22,8.391185354293352e+22,2.518356795747612e+23,9.981980576937114e+19,1.5860798220518678e+17,5.540831611583141e+22,1168634608.2823853,1.0027755394278336e+20,0.0,0.0,9.976262363963394e+16,0.0,2.5173556062880057e+23,1.0011894596057817e+20,8.391185354293352e+22
698121081081.0812,2344.208946495082,279095573.0362807,0,2.9615948309270656e+22,8.391185354293352e+22,2.5183567957476134e+23,9.981980576937094e+19,1.5860798220538896e+17,5.540831611583129e+22,1042676742.6107646,1.0027755394290932e+20,0.0,0.0,9.976262363963394e+16,0.0,2.5173556062880057e+23,1.0011894596070393e+20,8.391185354293352e+22
701280000000.0,2342.146543538046,279012311.3536455,0,2.9615948309270656e+22,8.391185354293352e+22,2.5183567957476144e+23,9.981980576937076e+19,1.5860798220556934e+17,5.540831611583118e+22,930294877.3520262,1.002775539430217e+20,0.0,0.0,9.976262363963394e+16,0.0,2.5173556062880057e+23,1.0011894596081613e+20,8.391185354293352e+22
704438918918.919,2340.08414058101,278929129.82221717,0,2.9615948309270656e+22,8.391185354293352e+22,2.5183567957476154e+23,9.98198057693706e+19,1.5860798220573027e+17,5.540831611583108e+22,830025762.9804035,1.0027755394312197e+20,0.0,0.0,9.976262363963394e+16,0.0,2.5173556062880057e+23,1.0011894596091624e+20,8.391185354293352e+22
707597837837.8379,2338.0217376239743,278846028.7245159,0,2.9615948309270656e+22,8.391185354293352e+22,2.5183567957476164e+23,9.981980576937045e+19,1.5860798220587386e+17,5.5408316115830985e+22,740563862.0436081,1.0027755394321144e+20,0.0,0.0,9.976262363963394e+16,0.0,2.5173556062880057e+23,1.0011894596100556e+20,8.391185354293352e+22
710756756756.7568,2335.9593346669385,278763008.3424326,0,2.9615948309270656e+22,8.391185354293352e+22,2.518356795747617e+23,9.981980576937032e+19,1.58607982206002e+17,5.540831611583091e+22,660744350.6279365,1.0027755394329127e+20,0.0,0.0,9.976262363963394e+16,0.0,2.5173556062880057e+23,1.0011894596108526e+20,8.391185354293352e+22
713915675675.6758,2333.8969317099027,278680068.95723283,0,2.9615948309270656e+22,8.391185354293352e+22,2.5183567957476178e+23,9.98198057693702e+19,1.586079822061163e+17,5.540831611583084e+22,589527951.9607795,1.0027755394336249e+20,0.0,0.0,9.976262363963394e+16,0.0,2.5173556062880057e+23,1.0011894596115636e+20,8.391185354293352e+22
717074594594.5946,2331.834528752867,278597210.84955966,0,2.9615948309270656e+22,8.391185354293352e+22,2.5183567957476184e+23,9.98198057693701e+19,1.5860798220621827e+17,5.5408316115830775e+22,525987404.6789572,1.0027755394342602e+20,0.0,0.0,9.976262363963394e+16,0.0,2.5173556062880057e+23,1.001189459612198e+20,8.391185354293352e+22
720233513513.5135,2329.772125795831,278514434.29943734,0,2.9615948309270656e+22,8.391185354293352e+22,2.518356795747619e+23,9.981980576937001e+19,1.5860798220630928e+17,5.540831611583072e+22,469295389.5752023,1.0027755394348273e+20,0.0,0.0,9.976262363963394e+16,0.0,2.5173556062880057e+23,1.001189459612764e+20,8.391185354293352e+22
723392432432.4325,2327.709722838795,278431739.5862747,0,2.9615948309270656e+22,8.391185354293352e+22,2.5183567957476198e+23,9.981980576936993e+19,1.5860798220639046e+17,5.540831611583067e+22,418713757.6249871,1.002775539435333e+20,0.0,0.0,9.976262363963394e+16,0.0,2.5173556062880057e+23,1.001189459613269e+20,8.391185354293352e+22
726551351351.3514,2325.6473198817594,278349126.9888687,0,2.9615948309270656e+22,8.391185354293352e+22,2.51835679574762e+23,9.981980576936986e+19,1.586079822064629e+17,5.5408316115830624e+22,373583919.03899604,1.0027755394357843e+20,0.0,0.0,9.976262363963394e+16,0.0,2.5173556062880057e+23,1.0011894596137196e+20,8.391185354293352e+22
729710270270.2704,2323.5849169247235,278266596.7854081,0,2.9615948309270656e+22,8.391185354293352e+22,2.5183567957476204e+23,9.98198057693698e+19,1.5860798220652755e+17,5.540831611583058e+22,333318268.2034866,1.002775539436187e+20,0.0,0.0,9.976262363963394e+16,0.0,2.5173556062880057e+23,1.0011894596141217e+20,8.391185354293352e+22
732869189189.1892,2321.5225139676877,278184149.25347686,0,2.9615948309270656e+22,8.391185354293352e+22,2.5183567957476208e+23,9.981980576936973e+19,1.586079822065852e+17,5.540831611583055e+22,297392532.8583919,1.0027755394365463e+20,0.0,0.0,9.976262363963394e+16,0.0,2.5173556062880057e+23,1.0011894596144803e+20,8.391185354293352e+22
736028108108.1082,2319.460111010652,278101784.670058,0,2.9615948309270656e+22,8.391185354293352e+22,2.518356795747621e+23,9.981980576936968e+19,1.5860798220663667e+17,5.5408316115830515e+22,265338947.8968995,1.0027755394368668e+20,0.0,0.0,9.976262363963394e+16,0.0,2.5173556062880057e+23,1.0011894596148003e+20,8.391185354293352e+22
739187027027.0271,2317.397708053616,278019503.3115372,0,2.9615948309270656e+22,8.391185354293352e+22,2.5183567957476214e+23,9.981980576936963e+19,1.5860798220668256e+17,5.540831611583049e+22,236740164.90709227,1.0027755394371528e+20,0.0,0.0,9.976262363963394e+16,0.0,2.5173556062880057e+23,1.0011894596150859e+20,8.391185354293352e+22
742345945945.946,2315.33530509658,277937305.4537066,0,2.9615948309270656e+22,8.391185354293352e+22,2.5183567957476218e+23,9.98198057693696e+19,1.5860798220672352e+17,5.5408316115830465e+22,211223818.15584242,1.002775539437408e+20,0.0,0.0,9.976262363963394e+16,0.0,2.5173556062880057e+23,1.0011894596153406e+20,8.391185354293352e+22
745504864864.8649,2313.2729021395444,277855191.3717686,0,2.9615948309270656e+22,8.391185354293352e+22,2.518356795747622e+23,9.981980576936957e+19,1.5860798220676006e+17,5.540831611583044e+22,188457676.26224965,1.0027755394376355e+20,0.0,0.0,9.976262363963394e+16,0.0,2.5173556062880057e+23,1.0011894596155679e+20,8.391185354293352e+22
748663783783.7838,2311.2104991825086,277773161.3403397,0,2.9615948309270656e+22,8.391185354293352e+22,2.5183567957476225e+23,9.981980576936953e+19,1.5860798220679267e+17,5.540831611583042e+22,168145316.4337874,1.0027755394378387e+20,0.0,0.0,9.976262363963394e+16,0.0,2.5173556062880057e+23,1.0011894596157707e+20,8.391185354293352e+22
751822702702.7028,2309.1480962254727,277691215.63345444,0,2.9615948309270656e+22,8.391185354293352e+22,2.5183567957476228e+23,9.98198057693695e+19,1.5860798220682176e+17,5.540831611583041e+22,150022264.9422633,1.0027755394380199e+20,0.0,0.0,9.976262363963394e+16,0.0,2.5173556062880057e+23,1.0011894596159516e+20,8.391185354293352e+22
754981621621.6217,2307.085693268437,277609354.52456915,0,2.9615948309270656e+22,8.391185354293352e+22,2.5183567957476228e+23,9.981980576936947e+19,1.586079822068477e+17,5.540831611583039e+22,133852553.58729762,1.0027755394381816e+20,0.0,0.0,9.976262363963394e+16,0.0,2.5173556062880057e+23,1.001189459616113e+20,8.391185354293352e+22
758140540540.5406,2305.023290311401,277527578.28656614,0,2.9615948309270656e+22,8.391185354293352e+22,2.5183567957476228e+23,9.981980576936945e+19,1.5860798220687088e+17,5.540831611583037e+22,119425647.31132159,1.0027755394383258e+20,0.0,0.0,9.976262363963394e+16,0.0,2.5173556062880057e+23,1.001189459616257e+20,8.391185354293352e+22
761299459459.4595,2302.9608873543652,277445887.19175786,0,2.9615948309270656e+22,8.391185354293352e+22,2.5183567957476228e+23,9.981980576936944e+19,1.5860798220689155e+17,5.540831611583036e+22,106553702.96261318,1.0027755394384544e+20,0.0,0.0,9.976262363963394e+16,0.0,2.5173556062880057e+23,1.0011894596163854e+20,8.391185354293352e+22
764458378378.3784,2300.8984843973294,277364281.5118906,0,2.9615948309270656e+22,8.391185354293352e+22,2.5183567957476228e+23,9.981980576936942e+19,1.5860798220690998e+17,5.540831611583035e+22,95069123.51454733,1.0027755394385692e+20,0.0,0.0,9.976262363963394e+16,0.0,2.5173556062880057e+23,1.0011894596165001e+20,8.391185354293352e+22
767617297297.2974,2298.8360814402936,277282761.5181487,0,2.9615948309270656e+22,8.391185354293352e+22,2.5183567957476228e+23,9.98198057693694e+19,1.5860798220692643e+17,5.540831611583034e+22,84822375.89617601,1.0027755394386716e+20,0.0,0.0,9.976262363963394e+16,0.0,2.5173556062880057e+23,1.0011894596166024e+20,8.391185354293352e+22
770776216216.2163,2296.7736784832578,277201327.48115915,0,2.9615948309270656e+22,8.391185354293352e+22,2.5183567957476228e+23,9.981980576936939e+19,1.5860798220694112e+17,5.540831611583033e+22,75680044.0215612,1.002775539438763e+20,0.0,0.0,9.976262363963394e+16,0.0,2.5173556062880057e+23,1.0011894596166936e+20,8.391185354293352e+22
773935135135.1353,2294.711275526222,277119979.67099524,0,2.9615948309270656e+22,8.391185354293352e+22,2.5183567957476228e+23,9.981980576936937e+19,1.586079822069542e+17,5.540831611583032e+22,67523091.66765097,1.0027755394388446e+20,0.0,0.0,9.976262363963394e+16,0.0,2.5173556062880057e+23,1.001189459616775e+20,8.391185354293352e+22
777094054054.0541,2292.648872569186,277038718.35718125,0,2.9615948309270656e+22,8.391185354293352e+22,2.5183567957476228e+23,9.981980576936935e+19,1.586079822069659e+17,5.540831611583031e+22,60245312.58278648,1.0027755394389174e+20,0.0,0.0,9.976262363963394e+16,0.0,2.5173556062880057e+23,1.0011894596168476e+20,8.391185354293352e+22
780252972972.973,2290.5864696121503,276957543.8086964,0,2.9615948309270656e+22,8.391185354293352e+22,2.5183567957476228e+23,9.981980576936934e+19,1.5860798220697632e+17,5.5408316115830306e+22,53751947.64573368,1.0027755394389824e+20,0.0,0.0,9.976262363963394e+16,0.0,2.5173556062880057e+23,1.0011894596169125e+20,8.391185354293352e+22
783411891891.892,2288.5240666551144,276876456.2939796,0,2.9615948309270656e+22,8.391185354293352e+22,2.5183567957476228e+23,9.981980576936932e+19,1.5860798220698563e+17,5.54083161158303e+22,47958451.07018713,1.0027755394390404e+20,0.0,0.0,9.976262363963394e+16,0.0,2.5173556062880057e+23,1.0011894596169703e+20,8.391185354293352e+22
786570810810.8108,2286.4616636980786,276795456.0809335,0,2.9615948309270656e+22,8.391185354293352e+22,2.5183567957476228e+23,9.98198057693693e+19,1.5860798220699392e+17,5.540831611583029e+22,42789389.590315364,1.0027755394390922e+20,0.0,0.0,9.976262363963394e+16,0.0,2.5173556062880057e+23,1.001189459617022e+20,8.391185354293352e+22
789729729729.7299,2284.399260741043,276714543.43692917,0,2.9615948309270656e+22,8.391185354293352e+22,2.5183567957476228e+23,9.98198057693693e+19,1.586079822070013e+17,5.540831611583028e+22,38177460.29437486,1.0027755394391382e+20,0.0,0.0,9.976262363963394e+16,0.0,2.5173556062880057e+23,1.001189459617068e+20,8.391185354293352e+22
792888648648.6487,2282.336857784007,276633718.6288106,0,2.9615948309270656e+22,8.391185354293352e+22,2.5183567957476228e+23,9.98198057693693e+19,1.586079822070079e+17,5.540831611583028e+22,34062614.31825738,1.0027755394391794e+20,0.0,0.0,9.976262363963394e+16,0.0,2.5173556062880057e+23,1.0011894596171091e+20,8.391185354293352e+22
796047567567.5676,2280.274454826971,276552981.92289907,0,2.9615948309270656e+22,8.391185354293352e+22,2.5183567957476228e+23,9.98198057693693e+19,1.586079822070138e+17,5.540831611583028e+22,30391274.989167042,1.002775539439216e+20,0.0,0.0,9.976262363963394e+16,0.0,2.5173556062880057e+23,1.0011894596171458e+20,8.391185354293352e+22
799206486486.4866,2278.2120518699353,276472333.584998,0,2.9615948309270656e+22,8.391185354293352e+22,2.5183567957476228e+23,9.98198057693693e+19,1.5860798220701904e+17,5.540831611583028e+22,27115640.239396118,1.0027755394392488e+20,0.0,0.0,9.976262363963394e+16,0.0,2.5173556062880057e+23,1.0011894596171786e+20,8.391185354293352e+22
802365405405.4054,2276.1496489128995,276391773.8803973,0,2.9615948309270656e+22,8.391185354293352e+22,2.5183567957476228e+23,9.98198057693693e+19,1.5860798220702374e+17,5.540831611583028e+22,24193060.207393087,1.002775539439278e+20,0.0,0.0,9.976262363963394e+16,0.0,2.5173556062880057e+23,1.0011894596172077e+20,8.391185354293352e+22
805524324324.3245,2274.0872459558636,276311303.0738783,0,2.9615948309270656e+22,8.391185354293352e+22,2.5183567957476228e+23,9.98198057693693e+19,1.5860798220702794e+17,5.540831611583028e+22,21585481.922280513,1.002775539439304e+20,0.0,0.0,9.976262363963394e+16,0.0,2.5173556062880057e+23,1.0011894596172338e+20,8.391185354293352e+22
808683243243.2433,2272.024842998828,276230921.42971843,0,2.9615948309270656e+22,8.391185354293352e+22,2.5183567957476228e+23,9.98198057693693e+19,1.5860798220703168e+17,5.540831611583028e+22,19258953.841429107,1.0027755394393273e+20,0.0,0.0,9.976262363963394e+16,0.0,2.5173556062880057e+23,1.001189459617257e+20,8.391185354293352e+22
811842162162.1622,2269.962440041792,276150629.21169585,0,2.9615948309270656e+22,8.391185354293352e+22,2.5183567957476228e+23,9.98198057693693e+19,1.58607982207035e+17,5.540831611583028e+22,17183183.790001318,1.002775539439348e+20,0.0,0.0,9.976262363963394e+16,0.0,2.5173556062880057e+23,1.0011894596172777e+20,8.391185354293352e+22
815001081081.0812,2267.900037084756,276070426.6830947,0,2.9615948309270656e+22,8.391185354293352e+22,2.5183567957476228e+23,9.98198057693693e+19,1.5860798220703798e+17,5.540831611583028e+22,15331144.546689156,1.0027755394393665e+20,0.0,0.0,9.976262363963394e+16,0.0,2.5173556062880057e+23,1.0011894596172962e+20,8.391185354293352e+22
818160000000.0,2265.8376341277203,275990314.10670936,0,2.9615948309270656e+22,8.391185354293352e+22,2.5183567957476228e+23,9.98198057693693e+19,1.5860798220704064e+17,5.540831611583028e+22,13678721.940240541,1.002775539439383e+20,0.0,0.0,9.976262363963394e+16,0.0,2.5173556062880057e+23,1.0011894596173128e+20,8.391185354293352e+22
821318918918.9191,2263.7752311706845,275910291.74485,0,2.9615948309270656e+22,8.391185354293352e+22,2.5183567957476228e+23,9.98198057693693e+19,1.58607982207043e+17,5.540831611583028e+22,12204400.874873027,1.0027755394393978e+20,0.0,0.0,9.976262363963394e+16,0.0,2.5173556062880057e+23,1.0011894596173275e+20,8.391185354293352e+22
824477837837.8379,2261.7128282136487,275830359.8593471,0,2.9615948309270656e+22,8.391185354293352e+22,2.5183567957476228e+23,9.98198057693693e+19,1.5860798220704512e+17,5.540831611583028e+22,10888985.196520653,1.0027755394394109e+20,0.0,0.0,9.976262363963394e+16,0.0,2.5173556062880057e+23,1.0011894596173406e+20,8.391185354293352e+22
827636756756.7567,2259.650425256613,275750518.7115568,0,2.9615948309270656e+22,8.391185354293352e+22,2.5183567957476228e+23,9.98198057693693e+19,1.58607982207047e+17,5.540831611583028e+22,9715347.752478631,1.0027755394394227e+20,0.0,0.0,9.976262363963394e+16,0.0,2.5173556062880057e+23,1.0011894596173524e+20,8.391185354293352e+22
830795675675.6758,2257.588022299577,275670768.56236565,0,2.9615948309270656e+22,8.391185354293352e+22,2.5183567957476228e+23,9.98198057693693e+19,1.586079822070487e+17,5.540831611583028e+22,8668207.390138734,1.0027755394394332e+20,0.0,0.0,9.976262363963394e+16,0.0,2.5173556062880057e+23,1.0011894596173629e+20,8.391185354293352e+22
833954594594.5946,2255.525619342541,275591109.6721961,0,2.9615948309270656e+22,8.391185354293352e+22,2.5183567957476228e+23,9.98198057693693e+19,1.586079822070502e+17,5.540831611583028e+22,7733929.991264204,1.0027755394394425e+20,0.0,0.0,9.976262363963394e+16,0.0,2.5173556062880057e+23,1.0011894596173722e+20,8.391185354293352e+22
837113513513.5137,2253.4632163855053,275511542.30101144,0,2.9615948309270656e+22,8.391185354293352e+22,2.5183567957476228e+23,9.98198057693693e+19,1.5860798220705155e+17,5.540831611583028e+22,6900350.951203834,1.0027755394394508e+20,0.0,0.0,9.976262363963394e+16,0.0,2.5173556062880057e+23,1.0011894596173806e+20,8.391185354293352e+22
840272432432.4325,2251.4008134284695,275432066.70832103,0,2.9615948309270656e+22,8.391185354293352e+22,2.5183567957476228e+23,9.98198057693693e+19,1.5860798220705274e+17,5.540831611583028e+22,6156616.791665119,1.0027755394394582e+20,0.0,0.0,9.976262363963394e+16,0.0,2.5173556062880057e+23,1.001189459617388e+20,8.391185354293352e+22
843431351351.3513,2249.3384104714337,275352683.15318567,0,2.9615948309270656e+22,8.391185354293352e+22,2.5183567957476228e+23,9.98198057693693e+19,1.586079822070538e+17,5.540831611583028e+22,5493043.84479172,1.0027755394394648e+20,0.0,0.0,9.976262363963394e+16,0.0,2.5173556062880057e+23,1.0011894596173945e+20,8.391185354293352e+22
846590270270.2704,2247.276007514398,275273391.8942228,0,2.9615948309270656e+22,8.391185354293352e+22,2.5183567957476228e+23,9.98198057693693e+19,1.5860798220705475e+17,5.540831611583028e+22,4900992.168564621,1.0027755394394707e+20,0.0,0.0,9.976262363963394e+16,0.0,2.5173556062880057e+23,1.0011894596174004e+20,8.391185354293352e+22
849749189189.1892,2245.213604557362,275194193.189612,0,2.9615948309270656e+22,8.391185354293352e+22,2.5183567957476228e+23,9.98198057693693e+19,1.5860798220705558e+17,5.540831611583028e+22,4372753.051863272,1.0027755394394759e+20,0.0,0.0,9.976262363963394e+16,0.0,2.5173556062880057e+23,1.0011894596174057e+20,8.391185354293352e+22
852908108108.1082,2243.151201600326,275115087.2971002,0,2.9615948309270656e+22,8.391185354293352e+22,2.5183567957476228e+23,9.98198057693693e+19,1.5860798220705635e+17,5.540831611583028e+22,3901448.6444649044,1.0027755394394807e+20,0.0,0.0,9.976262363963394e+16,0.0,2.5173556062880057e+23,1.0011894596174104e+20,8.391185354293352e+22
856067027027.0271,2241.0887986432904,275036074.4740075,0,2.9615948309270656e+22,8.391185354293352e+22,2.5183567957476228e+23,9.98198057693693e+19,1.5860798220705702e+17,5.540831611583028e+22,3480942.405131042,1.002775539439485e+20,0.0,0.0,9.976262363963394e+16,0.0,2.5173556062880057e+23,1.0011894596174147e+20,8.391185354293352e+22
859225945945.9459,2239.0263956862545,274957154.9772324,0,2.9615948309270656e+22,8.391185354293352e+22,2.5183567957476228e+23,9.98198057693693e+19,1.5860798220705763e+17,5.540831611583028e+22,3105759.2017852543,1.0027755394394887e+20,0.0,0.0,9.976262363963394e+16,0.0,2.5173556062880057e+23,1.0011894596174184e+20,8.391185354293352e+22
862384864864.865,2236.9639927292187,274878329.0632574,0,2.9615948309270656e+22,8.391185354293352e+22,2.5183567957476228e+23,9.98198057693693e+19,1.5860798220705818e+17,5.540831611583028e+22,2771014.0234597363,1.002775539439492e+20,0.0,0.0,9.976262363963394e+16,0.0,2.5173556062880057e+23,1.0011894596174217e+20,8.391185354293352e+22
865543783783.7838,2234.901589772183,274799596.98815453,0,2.9615948309270656e+22,8.391185354293352e+22,2.5183567957476228e+23,9.98198057693693e+19,1.5860798220705866e+17,5.540831611583028e+22,2472348.3758163685,1.002775539439495e+20,0.0,0.0,9.976262363963394e+16,0.0,2.5173556062880057e+23,1.0011894596174247e+20,8.391185354293352e+22
868702702702.7028,2232.839186815147,274720959.0075916,0,2.9615948309270656e+22,8.391185354293352e+22,2.5183567957476228e+23,9.98198057693693e+19,1.5860798220705907e+17,5.540831611583028e+22,2205873.5320906444,1.0027755394394975e+20,0.0,0.0,9.976262363963394e+16,0.0,2.5173556062880057e+23,1.0011894596174273e+20,8.391185354293352e+22
871861621621.6217,2230.7767838581112,274642415.37683684,0,2.9615948309270656e+22,8.391185354293352e+22,2.5183567957476228e+23,9.98198057693693e+19,1.5860798220705946e+17,5.540831611583028e+22,1968119.900566741,1.0027755394394998e+20,0.0,0.0,9.976262363963394e+16,0.0,2.5173556062880057e+23,1.0011894596174296e+20,8.391185354293352e+22
875020540540.5405,2228.7143809010754,274563966.3507658,0,2.9615948309270656e+22,8.391185354293352e+22,2.5183567957476228e+23,9.98198057693693e+19,1.586079822070598e+17,5.540831611583028e+22,1755991.8493313096,1.002775539439502e+20,0.0,0.0,9.976262363963394e+16,0.0,2.5173556062880057e+23,1.0011894596174317e+20,8.391185354293352e+22
878179459459.4596,2226.6519779440396,274485612.1838664,0,2.9615948309270656e+22,8.391185354293352e+22,2.5183567957476228e+23,9.98198057693693e+19,1.586079822070601e+17,5.540831611583028e+22,1566727.4001091416,1.002775539439504e+20,0.0,0.0,9.976262363963394e+16,0.0,2.5173556062880057e+23,1.0011894596174337e+20,8.391185354293352e+22
881338378378.3784,2224.5895749870037,274407353.13024515,0,2.9615948309270656e+22,8.391185354293352e+22,2.5183567957476228e+23,9.98198057693693e+19,1.5860798220706035e+17,5.540831611583028e+22,1397862.266380956,1.0027755394395056e+20,0.0,0.0,9.976262363963394e+16,0.0,2.5173556062880057e+23,1.0011894596174353e+20,8.391185354293352e+22
884497297297.2974,2222.527172029968,274329189.44363296,0,2.9615948309270656e+22,8.391185354293352e+22,2.5183567957476228e+23,9.98198057693693e+19,1.586079822070606e+17,5.540831611583028e+22,1247197.7675475525,1.002775539439507e+20,0.0,0.0,9.976262363963394e+16,0.0,2.5173556062880057e+23,1.0011894596174368e+20,8.391185354293352e+22
887656216216.2163,2220.464769072932,274251121.3773911,0,2.9615948309270656e+22,8.391185354293352e+22,2.5183567957476228e+23,9.98198057693693e+19,1.5860798220706083e+17,5.540831611583028e+22,1112772.201372007,1.0027755394395084e+20,0.0,0.0,9.976262363963394e+16,0.0,2.5173556062880057e+23,1.0011894596174381e+20,8.391185354293352e+22
890815135135.1351,2218.4023661158963,274173149.1845173,0,2.9615948309270656e+22,8.391185354293352e+22,2.5183567957476228e+23,9.98198057693693e+19,1.5860798220706102e+17,5.540831611583028e+22,992835.3019595109,1.0027755394395095e+20,0.0,0.0,9.976262363963394e+16,0.0,2.5173556062880057e+23,1.0011894596174393e+20,8.391185354293352e+22
893974054054.0541,2216.3399631588604,274095273.1176518,0,2.9615948309270656e+22,8.391185354293352e+22,2.5183567957476228e+23,9.98198057693693e+19,1.586079822070612e+17,5.540831611583028e+22,885825.4507092058,1.0027755394395107e+20,0.0,0.0,9.976262363963394e+16,0.0,2.5173556062880057e+23,1.0011894596174404e+20,8.391185354293352e+22
897132972972.973,2214.2775602018246,274017493.42908335,0,2.9615948309270656e+22,8.391185354293352e+22,2.5183567957476228e+23,9.98198057693693e+19,1.5860798220706134e+17,5.540831611583028e+22,790349.3435169655,1.0027755394395116e+20,0.0,0.0,9.976262363963394e+16,0.0,2.5173556062880057e+23,1.0011894596174414e+20,8.391185354293352e+22
900291891891.892,2212.2151572447888,273939810.3707554,0,2.9615948309270656e+22,8.391185354293352e+22,2.5183567957476228e+23,9.98198057693693e+19,1.5860798220706147e+17,5.540831611583028e+22,705163.8494893006,1.0027755394395125e+20,0.0,0.0,9.976262363963394e+16,0.0,2.5173556062880057e+23,1.0011894596174422e+20,8.391185354293352e+22
903450810810.8109,2210.152754287753,273862224.19427264,0,2.9615948309270656e+22,8.391185354293352e+22,2.5183567957476228e+23,9.98198057693693e+19,1.586079822070616e+17,5.540831611583028e+22,629159.8249627636,1.0027755394395133e+20,0.0,0.0,9.976262363963394e+16,0.0,2.5173556062880057e+23,1.001189459617443e+20,8.391185354293352e+22
906609729729.7297,2208.090351330717,273784735.15090704,0,2.9615948309270656e+22,8.391185354293352e+22,2.5183567957476228e+23,9.98198057693693e+19,1.586079822070617e+17,5.540831611583028e+22,561347.6720819639,1.002775539439514e+20,0.0,0.0,9.976262363963394e+16,0.0,2.5173556062880057e+23,1.0011894596174437e+20,8.391185354293352e+22
909768648648.6487,2206.0279483736813,273707343.4916039,0,2.9615948309270656e+22,8.391185354293352e+22,2.5183567957476228e+23,9.98198057693693e+19,1.586079822070618e+17,5.540831611583028e+22,500844.4539040453,1.0027755394395146e+20,0.0,0.0,9.976262363963394e+16,0.0,2.5173556062880057e+23,1.0011894596174443e+20,8.391185354293352e+22
912927567567.5676,2203.9655454166455,273630049.466989,0,2.9615948309270656e+22,8.391185354293352e+22,2.5183567957476228e+23,9.98198057693693e+19,1.586079822070619e+17,5.540831611583028e+22,446862.3982639671,1.002775539439515e+20,0.0,0.0,9.976262363963394e+16,0.0,2.5173556062880057e+23,1.0011894596174448e+20,8.391185354293352e+22
916086486486.4866,2201.9031424596096,273552853.32737404,0,2.9615948309270656e+22,8.391185354293352e+22,2.5183567957476228e+23,9.98198057693693e+19,1.5860798220706195e+17,5.540831611583028e+22,398698.64071706653,1.0027755394395156e+20,0.0,0.0,9.976262363963394e+16,0.0,2.5173556062880057e+23,1.0011894596174453e+20,8.391185354293352e+22
919245405405.4055,2199.840739502574,273475755.32276404,0,2.9615948309270656e+22,8.391185354293352e+22,2.5183567957476228e+23,9.98198057693693e+19,1.58607982207062e+17,5.540831611583028e+22,355726.0730085786,1.002775539439516e+20,0.0,0.0,9.976262363963394e+16,0.0,2.5173556062880057e+23,1.0011894596174458e+20,8.391185354293352e+22
922404324324.3243,2197.778336545538,273398755.7028634,0,2.9615948309270656e+22,8.391185354293352e+22,2.5183567957476228e+23,9.98198057693693e+19,1.5860798220706208e+17,5.540831611583028e+22,317385.1779141216,1.0027755394395164e+20,0.0,0.0,9.976262363963394e+16,0.0,2.5173556062880057e+23,1.0011894596174461e+20,8.391185354293352e+22
925563243243.2433,2195.715933588502,273321854.7170825,0,2.9615948309270656e+22,8.391185354293352e+22,2.5183567957476228e+23,9.98198057693693e+19,1.5860798220706214e+17,5.540831611583028e+22,283176.7441380361,1.0027755394395167e+20,0.0,0.0,9.976262363963394e+16,0.0,2.5173556062880057e+23,1.0011894596174465e+20,8.391185354293352e+22
928722162162.1622,2193.6535306314663,273245052.6145446,0,2.9615948309270656e+22,8.391185354293352e+22,2.5183567957476228e+23,9.98198057693693e+19,1.586079822070622e+17,5.540831611583028e+22,252655.3664151147,1.002775539439517e+20,0.0,0.0,9.976262363963394e+16,0.0,2.5173556062880057e+23,1.0011894596174468e+20,8.391185354293352e+22
931881081081.0812,2191.5911276744305,273168349.6440922,0,2.9615948309270656e+22,8.391185354293352e+22,2.5183567957476228e+23,9.98198057693693e+19,1.5860798220706224e+17,5.540831611583028e+22,225423.64618486917,1.0027755394395174e+20,0.0,0.0,9.976262363963394e+16,0.0,2.5173556062880057e+23,1.0011894596174471e+20,8.391185354293352e+22
935040000000.0,2189.5287247173947,273091746.0542942,0,2.9615948309270656e+22,8.391185354293352e+22,2.5183567957476228e+23,9.98198057693693e+19,1.5860798220706227e+17,5.540831611583028e+22,201127.01732917203,1.0027755394395175e+20,0.0,0.0,9.976262363963394e+16,0.0,2.5173556062880057e+23,1.0011894596174473e+20,8.391185354293352e+22
938198918918.919,2187.466321760359,273015242.09345233,0,2.9615948309270656e+22,8.391185354293352e+22,2.5183567957476228e+23,9.98198057693693e+19,1.586079822070623e+17,5.540831611583028e+22,179449.12960264363,1.0027755394395177e+20,0.0,0.0,9.976262363963394e+16,0.0,2.5173556062880057e+23,1.0011894596174474e+20,8.391185354293352e+22
941357837837.8379,2185.403918803323,272938838.0096084,0,2.9615948309270656e+22,8.391185354293352e+22,2.5183567957476228e+23,9.98198057693693e+19,1.5860798220706234e+17,5.540831611583028e+22,160107.72964650195,1.0027755394395179e+20,0.0,0.0,9.976262363963394e+16,0.0,2.5173556062880057e+23,1.0011894596174476e+20,8.391185354293352e+22
944516756756.7568,2183.341515846287,272862534.0505508,0,2.9615948309270656e+22,8.391185354293352e+22,2.5183567957476228e+23,9.98198057693693e+19,1.5860798220706237e+17,5.540831611583028e+22,142850.9859552961,1.002775539439518e+20,0.0,0.0,9.976262363963394e+16,0.0,2.5173556062880057e+23,1.0011894596174478e+20,8.391185354293352e+22
947675675675.6758,2181.2791128892513,272786330.4638217,0,2.9615948309270656e+22,8.391185354293352e+22,2.5183567957476228e+23,9.98198057693693e+19,1.586079822070624e+17,5.540831611583028e+22,127454.20994635939,1.0027755394395182e+20,0.0,0.0,9.976262363963394e+16,0.0,2.5173556062880057e+23,1.001189459617448e+20,8.391185354293352e+22
950834594594.5946,2179.2167099322155,272710227.4967242,0,2.9615948309270656e+22,8.391185354293352e+22,2.5183567957476228e+23,9.98198057693693e+19,1.5860798220706243e+17,5.540831611583028e+22,113716.93043920779,1.0027755394395184e+20,0.0,0.0,9.976262363963394e+16,0.0,2.5173556062880057e+23,1.0011894596174481e+20,8.391185354293352e+22
953993513513.5137,2177.1543069751797,272634225.39632916,0,2.9615948309270656e+22,8.391185354293352e+22,2.5183567957476228e+23,9.98198057693693e+19,1.5860798220706246e+17,5.540831611583028e+22,101460.28345362631,1.0027755394395185e+20,0.0,0.0,9.976262363963394e+16,0.0,2.5173556062880057e+23,1.0011894596174483e+20,8.391185354293352e+22
957152432432.4325,2175.091904018144,272558324.40948266,0,2.9615948309270656e+22,8.391185354293352e+22,2.5183567957476228e+23,9.98198057693693e+19,1.586079822070625e+17,5.540831611583028e+22,90524.6833407396,1.0027755394395187e+20,0.0,0.0,9.976262363963394e+16,0.0,2.5173556062880057e+23,1.0011894596174484e+20,8.391185354293352e+22
960311351351.3514,2173.029501061108,272482524.7828127,0,2.9615948309270656e+22,8.391185354293352e+22,2.5183567957476228e+23,9.98198057693693e+19,1.586079822070625e+17,5.540831611583028e+22,80767.74492441346,1.0027755394395188e+20,0.0,0.0,9.976262363963394e+16,0.0,2.5173556062880057e+23,1.0011894596174486e+20,8.391185354293352e+22
963470270270.2704,2170.967098104072,272406826.7627371,0,2.9615948309270656e+22,8.391185354293352e+22,2.5183567957476228e+23,9.98198057693693e+19,1.586079822070625e+17,5.540831611583028e+22,72062.4295985725,1.002775539439519e+20,0.0,0.0,9.976262363963394e+16,0.0,2.5173556062880057e+23,1.0011894596174488e+20,8.391185354293352e+22
966629189189.1892,2168.9046951470364,272331230.59547013,0,2.9615948309270656e+22,8.391185354293352e+22,2.5183567957476228e+23,9.98198057693693e+19,1.586079822070625e+17,5.540831611583028e+22,64295.39124199994,1.002775539439519e+20,0.0,0.0,9.976262363963394e+16,0.0,2.5173556062880057e+23,1.0011894596174488e+20,8.391185354293352e+22
969788108108.1083,2166.8422921900005,272255736.5270304,0,2.9615948309270656e+22,8.391185354293352e+22,2.5183567957476228e+23,9.98198057693693e+19,1.586079822070625e+17,5.540831611583028e+22,57365.500413876296,1.002775539439519e+20,0.0,0.0,9.976262363963394e+16,0.0,2.5173556062880057e+23,1.0011894596174488e+20,8.391185354293352e+22
972947027027.0271,2164.7798892329647,272180344.8032483,0,2.9615948309270656e+22,8.391185354293352e+22,2.5183567957476228e+23,9.98198057693693e+19,1.586079822070625e+17,5.540831611583028e+22,51182.527614588624,1.002775539439519e+20,0.0,0.0,9.976262363963394e+16,0.0,2.5173556062880057e+23,1.0011894596174488e+20,8.391185354293352e+22
976105945945.9459,2162.717486275929,272105055.6697728,0,2.9615948309270656e+22,8.391185354293352e+22,2.5183567957476228e+23,9.98198057693693e+19,1.586079822070625e+17,5.540831611583028e+22,45665.968467424944,1.002775539439519e+20,0.0,0.0,9.976262363963394e+16,0.0,2.5173556062880057e+23,1.0011894596174488e+20,8.391185354293352e+22
979264864864.865,2160.655083318893,272029869.37207997,0,2.9615948309270656e+22,8.391185354293352e+22,2.5183567957476228e+23,9.98198057693693e+19,1.586079822070625e+17,5.540831611583028e+22,40743.995524626065,1.002775539439519e+20,0.0,0.0,9.976262363963394e+16,0.0,2.5173556062880057e+23,1.0011894596174488e+20,8.391185354293352e+22
982423783783.7838,2158.592680361857,271954786.1554798,0,2.9615948309270656e+22,8.391185354293352e+22,2.5183567957476228e+23,9.98198057693693e+19,1.586079822070625e+17,5.540831611583028e+22,36352.52304995862,1.002775539439519e+20,0.0,0.0,9.976262363963394e+16,0.0,2.5173556062880057e+23,1.0011894596174488e+20,8.391185354293352e+22
985582702702.7029,2156.5302774048214,271879806.26512396,0,2.9615948309270656e+22,8.391185354293352e+22,2.5183567957476228e+23,9.98198057693693e+19,1.586079822070625e+17,5.540831611583028e+22,32434.372600965016,1.002775539439519e+20,0.0,0.0,9.976262363963394e+16,0.0,2.5173556062880057e+23,1.0011894596174488e+20,8.391185354293352e+22
988741621621.6217,2154.4678744477856,271804929.94601417,0,2.9615948309270656e+22,8.391185354293352e+22,2.5183567957476228e+23,9.98198057693693e+19,1.586079822070625e+17,5.540831611583028e+22,28938.52854649184,1.002775539439519e+20,0.0,0.0,9.976262363963394e+16,0.0,2.5173556062880057e+23,1.0011894596174488e+20,8.391185354293352e+22
991900540540.5405,2152.4054714907497,271730157.4430092,0,2.9615948309270656e+22,8.391185354293352e+22,2.5183567957476228e+23,9.98198057693693e+19,1.586079822070625e+17,5.540831611583028e+22,25819.47382608557,1.002775539439519e+20,0.0,0.0,9.976262363963394e+16,0.0,2.5173556062880057e+23,1.0011894596174488e+20,8.391185354293352e+22
995059459459.4596,2150.343068533714,271655489.0008329,0,2.9615948309270656e+22,8.391185354293352e+22,2.5183567957476228e+23,9.98198057693693e+19,1.586079822070625e+17,5.540831611583028e+22,23036.597302620416,1.002775539439519e+20,0.0,0.0,9.976262363963394e+16,0.0,2.5173556062880057e+23,1.0011894596174488e+20,8.391185354293352e+22
998218378378.3784,2148.280665576678,271580924.8640824,0,2.9615948309270656e+22,8.391185354293352e+22,2.5183567957476228e+23,9.98198057693693e+19,1.586079822070625e+17,5.540831611583028e+22,20553.664991691043,1.002775539439519e+20,0.0,0.0,9.976262363963394e+16,0.0,2.5173556062880057e+23,1.0011894596174488e+20,8.391185354293352e+22
1001377297297.2974,2146.2182626196422,271506465.27723557,0,2.9615948309270656e+22,8.391185354293352e+22,2.5183567957476228e+23,9.98198057693693e+19,1.586079822070625e+17,5.540831611583028e+22,18338.34828299976,1.002775539439519e+20,0.0,0.0,9.976262363963394e+16,0.0,2.5173556062880057e+23,1.0011894596174488e+20,8.391185354293352e+22
1004536216216.2163,2144.1558596626064,271432110.4846597,0,2.9615948309270656e+22,8.391185354293352e+22,2.5183567957476228e+23,9.98198057693693e+19,1.586079822070625e+17,5.540831611583028e+22,16361.803011022595,1.002775539439519e+20,0.0,0.0,9.976262363963394e+16,0.0,2.5173556062880057e+23,1.0011894596174488e+20,8.391185354293352e+22
1007695135135.1351,2142.0934567055706,271357860.73061866,0,2.9615948309270656e+22,8.391185354293352e+22,2.5183567957476228e+23,9.98198057693693e+19,1.586079822070625e+17,5.540831611583028e+22,14598.293894313403,1.002775539439519e+20,0.0,0.0,9.976262363963394e+16,0.0,2.5173556062880057e+23,1.0011894596174488e+20,8.391185354293352e+22
1010854054054.0542,2140.0310537485348,271283716.25928193,0,2.9615948309270656e+22,8.391185354293352e+22,2.5183567957476228e+23,9.98198057693693e+19,1.586079822070625e+17,5.540831611583028e+22,13024.859453519899,1.002775539439519e+20,0.0,0.0,9.976262363963394e+16,0.0,2.5173556062880057e+23,1.0011894596174488e+20,8.391185354293352e+22
1014012972972.973,2137.968650791499,271209677.31473213,0,2.9615948309270656e+22,8.391185354293352e+22,2.5183567957476228e+23,9.98198057693693e+19,1.586079822070625e+17,5.540831611583028e+22,11621.013045231997,1.002775539439519e+20,0.0,0.0,9.976262363963394e+16,0.0,2.5173556062880057e+23,1.0011894596174488e+20,8.391185354293352e+22
1017171891891.892,2135.906247834463,271135744.1409738,0,2.9615948309270656e+22,8.391185354293352e+22,2.5183567957476228e+23,9.98198057693693e+19,1.586079822070625e+17,5.540831611583028e+22,10368.476119023017,1.002775539439519e+20,0.0,0.0,9.976262363963394e+16,0.0,2.5173556062880057e+23,1.0011894596174488e+20,8.391185354293352e+22
1020330810810.8109,2133.8438448774273,271061916.98194116,0,2.9615948309270656e+22,8.391185354293352e+22,2.5183567957476228e+23,9.98198057693693e+19,1.586079822070625e+17,5.540831611583028e+22,9250.940224601081,1.002775539439519e+20,0.0,0.0,9.976262363963394e+16,0.0,2.5173556062880057e+23,1.0011894596174488e+20,8.391185354293352e+22
1023489729729.7297,2131.7814419203914,270988196.081507,0,2.9615948309270656e+22,8.391185354293352e+22,2.5183567957476228e+23,9.98198057693693e+19,1.586079822070625e+17,5.540831611583028e+22,8253.854670324128,1.002775539439519e+20,0.0,0.0,9.976262363963394e+16,0.0,2.5173556062880057e+23,1.0011894596174488e+20,8.391185354293352e+22
1026648648648.6488,2129.7190389633556,270914581.68349075,0,2.9615948309270656e+22,8.391185354293352e+22,2.5183567957476228e+23,9.98198057693693e+19,1.586079822070625e+17,5.540831611583028e+22,7364.237068321253,1.002775539439519e+20,0.0,0.0,9.976262363963394e+16,0.0,2.5173556062880057e+23,1.0011894596174488e+20,8.391185354293352e+22
1029807567567.5676,2127.65663600632,270841074.03166705,0,2.9615948309270656e+22,8.391185354293352e+22,2.5183567957476228e+23,9.98198057693693e+19,1.586079822070625e+17,5.540831611583028e+22,6570.504299454441,1.002775539439519e+20,0.0,0.0,9.976262363963394e+16,0.0,2.5173556062880057e+23,1.0011894596174488e+20,8.391185354293352e+22
1032966486486.4866,2125.594233049284,270767673.36977464,0,2.9615948309270656e+22,8.391185354293352e+22,2.5183567957476228e+23,9.98198057693693e+19,1.586079822070625e+17,5.540831611583028e+22,5862.321697227851,1.002775539439519e+20,0.0,0.0,9.976262363963394e+16,0.0,2.5173556062880057e+23,1.0011894596174488e+20,8.391185354293352e+22
1036125405405.4055,2123.531830092248,270694379.9415244,0,2.9615948309270656e+22,8.391185354293352e+22,2.5183567957476228e+23,9.98198057693693e+19,1.586079822070625e+17,5.540831611583028e+22,5230.468486968642,1.002775539439519e+20,0.0,0.0,9.976262363963394e+16,0.0,2.5173556062880057e+23,1.0011894596174488e+20,8.391185354293352e+22
1039284324324.3243,2121.4694271352123,270621193.9906085,0,2.9615948309270656e+22,8.391185354293352e+22,2.5183567957476228e+23,9.98198057693693e+19,1.586079822070625e+17,5.540831611583028e+22,4666.717728252421,1.002775539439519e+20,0.0,0.0,9.976262363963394e+16,0.0,2.5173556062880057e+23,1.0011894596174488e+20,8.391185354293352e+22
1042443243243.2433,2119.4070241781765,270548115.7607091,0,2.9615948309270656e+22,8.391185354293352e+22,2.5183567957476228e+23,9.98198057693693e+19,1.586079822070625e+17,5.540831611583028e+22,4163.729197383463,1.002775539439519e+20,0.0,0.0,9.976262363963394e+16,0.0,2.5173556062880057e+23,1.0011894596174488e+20,8.391185354293352e+22
1045602162162.1624,2117.3446212211406,270475145.4955069,0,2.9615948309270656e+22,8.391185354293352e+22,2.5183567957476228e+23,9.98198057693693e+19,1.586079822070625e+17,5.540831611583028e+22,3714.953815223727,1.002775539439519e+20,0.0,0.0,9.976262363963394e+16,0.0,2.5173556062880057e+23,1.0011894596174488e+20,8.391185354293352e+22
1048761081081.0812,2115.282218264105,270402283.4386902,0,2.9615948309270656e+22,8.391185354293352e+22,2.5183567957476228e+23,9.98198057693693e+19,1.586079822070625e+17,5.540831611583028e+22,3314.548375988996,1.002775539439519e+20,0.0,0.0,9.976262363963394e+16,0.0,2.5173556062880057e+23,1.0011894596174488e+20,8.391185354293352e+22
1051920000000.0001,2113.219815307069,270329529.833964,0,2.9615948309270656e+22,8.391185354293352e+22,2.5183567957476228e+23,9.98198057693693e+19,1.586079822070625e+17,5.540831611583028e+22,2957.2994667525,1.002775539439519e+20,0.0,0.0,9.976262363963394e+16,0.0,2.5173556062880057e+23,1.0011894596174488e+20,8.391185354293352e+22
1055078918918.919,2111.157412350033,270256884.92505866,0,2.9615948309270656e+22,8.391185354293352e+22,2.5183567957476228e+23,9.98198057693693e+19,1.586079822070625e+17,5.540831611583028e+22,2638.5555870624758,1.002775539439519e+20,0.0,0.0,9.976262363963394e+16,0.0,2.5173556062880057e+23,1.0011894596174488e+20,8.391185354293352e+22
1058237837837.8378,2109.0950093929973,270184348.95573926,0,2.9615948309270656e+22,8.391185354293352e+22,2.5183567957476228e+23,9.98198057693693e+19,1.586079822070625e+17,5.540831611583028e+22,2354.166584848359,1.002775539439519e+20,0.0,0.0,9.976262363963394e+16,0.0,2.5173556062880057e+23,1.0011894596174488e+20,8.391185354293352e+22
1061396756756.757,2107.0326064359615,270111922.1698146,0,2.9615948309270656e+22,8.391185354293352e+22,2.5183567957476228e+23,9.98198057693693e+19,1.586079822070625e+17,5.540831611583028e+22,2100.429620050813,1.002775539439519e+20,0.0,0.0,9.976262363963394e+16,0.0,2.5173556062880057e+23,1.0011894596174488e+20,8.391185354293352e+22
1064555675675.6758,2104.9702034789257,270039604.81114644,0,2.9615948309270656e+22,8.391185354293352e+22,2.5183567957476228e+23,9.98198057693693e+19,1.586079822070625e+17,5.540831611583028e+22,1874.0409524039624,1.002775539439519e+20,0.0,0.0,9.976262363963394e+16,0.0,2.5173556062880057e+23,1.0011894596174488e+20,8.391185354293352e+22
1067714594594.5947,2102.90780052189,269967397.1236588,0,2.9615948309270656e+22,8.391185354293352e+22,2.5183567957476228e+23,9.98198057693693e+19,1.586079822070625e+17,5.540831611583028e+22,1672.052925630609,1.002775539439519e+20,0.0,0.0,9.976262363963394e+16,0.0,2.5173556062880057e+23,1.0011894596174488e+20,8.391185354293352e+22
1070873513513.5135,2100.845397564854,269895299.35134715,0,2.9615948309270656e+22,8.391185354293352e+22,2.5183567957476228e+23,9.98198057693693e+19,1.586079822070625e+17,5.540831611583028e+22,1491.8355879702428,1.002775539439519e+20,0.0,0.0,9.976262363963394e+16,0.0,2.5173556062880057e+23,1.0011894596174488e+20,8.391185354293352e+22
1074032432432.4324,2098.782994607818,269823311.7382882,0,2.9615948309270656e+22,8.391185354293352e+22,2.5183567957476228e+23,9.98198057693693e+19,1.586079822070625e+17,5.540831611583028e+22,1331.042449326269,1.002775539439519e+20,0.0,0.0,9.976262363963394e+16,0.0,2.5173556062880057e+23,1.0011894596174488e+20,8.391185354293352e+22
1077191351351.3516,2096.7205916507824,269751434.5286489,0,2.9615948309270656e+22,8.391185354293352e+22,2.5183567957476228e+23,9.98198057693693e+19,1.586079822070625e+17,5.540831611583028e+22,1187.5799291790408,1.002775539439519e+20,0.0,0.0,9.976262363963394e+16,0.0,2.5173556062880057e+23,1.0011894596174488e+20,8.391185354293352e+22
1080350270270.2704,2094.6581886937465,269679667.9666964,0,2.9615948309270656e+22,8.391185354293352e+22,2.5183567957476228e+23,9.98198057693693e+19,1.586079822070625e+17,5.540831611583028e+22,1059.5800974662886,1.002775539439519e+20,0.0,0.0,9.976262363963394e+16,0.0,2.5173556062880057e+23,1.0011894596174488e+20,8.391185354293352e+22
1083509189189.1892,2092.5957857367107,269608012.2968071,0,2.9615948309270656e+22,8.391185354293352e+22,2.5183567957476228e+23,9.98198057693693e+19,1.586079822070625e+17,5.540831611583028e+22,945.3763535080835,1.002775539439519e+20,0.0,0.0,9.976262363963394e+16,0.0,2.5173556062880057e+23,1.0011894596174488e+20,8.391185354293352e+22
1086668108108.1082,2090.533382779675,269536467.76347727,0,2.9615948309270656e+22,8.391185354293352e+22,2.5183567957476228e+23,9.98198057693693e+19,1.586079822070625e+17,5.540831611583028e+22,843.4817263077895,1.002775539439519e+20,0.0,0.0,9.976262363963394e+16,0.0,2.5173556062880057e+23,1.0011894596174488e+20,8.391185354293352e+22
1089827027027.027,2088.470979822639,269465034.6113316,0,2.9615948309270656e+22,8.391185354293352e+22,2.5183567957476228e+23,9.98198057693693e+19,1.586079822070625e+17,5.540831611583028e+22,752.5695136916551,1.002775539439519e+20,0.0,0.0,9.976262363963394e+16,0.0,2.5173556062880057e+23,1.0011894596174488e+20,8.391185354293352e+22
1092985945945.9462,2086.408576865603,269393713.0851342,0,2.9615948309270656e+22,8.391185354293352e+22,2.5183567957476228e+23,9.98198057693693e+19,1.586079822070625e+17,5.540831611583028e+22,671.4560082021588,1.002775539439519e+20,0.0,0.0,9.976262363963394e+16,0.0,2.5173556062880057e+23,1.0011894596174488e+20,8.391185354293352e+22
1096144864864.865,2084.3461739085674,269322503.42979765,0,2.9615948309270656e+22,8.391185354293352e+22,2.5183567957476228e+23,9.98198057693693e+19,1.586079822070625e+17,5.540831611583028e+22,599.0850848304526,1.002775539439519e+20,0.0,0.0,9.976262363963394e+16,0.0,2.5173556062880057e+23,1.0011894596174488e+20,8.391185354293352e+22
1099303783783.7838,2082.2837709515316,269251405.8903932,0,2.9615948309270656e+22,8.391185354293352e+22,2.5183567957476228e+23,9.98198057693693e+19,1.586079822070625e+17,5.540831611583028e+22,534.5144499150177,1.002775539439519e+20,0.0,0.0,9.976262363963394e+16,0.0,2.5173556062880057e+23,1.0011894596174488e+20,8.391185354293352e+22
1102462702702.7026,2080.2213679944957,269180420.71216106,0,2.9615948309270656e+22,8.391185354293352e+22,2.5183567957476228e+23,9.98198057693693e+19,1.586079822070625e+17,5.540831611583028e+22,476.9033721625898,1.002775539439519e+20,0.0,0.0,9.976262363963394e+16,0.0,2.5173556062880057e+23,1.0011894596174488e+20,8.391185354293352e+22
1105621621621.6216,2078.15896503746,269109548.14052016,0,2.9615948309270656e+22,8.391185354293352e+22,2.5183567957476228e+23,9.98198057693693e+19,1.586079822070625e+17,5.540831611583028e+22,425.5017360451335,1.002775539439519e+20,0.0,0.0,9.976262363963394e+16,0.0,2.5173556062880057e+23,1.0011894596174488e+20,8.391185354293352e+22
1108780540540.5408,2076.096562080424,269038788.4210785,0,2.9615948309270656e+22,8.391185354293352e+22,2.5183567957476228e+23,9.98198057693693e+19,1.586079822070625e+17,5.540831611583028e+22,379.6402750444315,1.002775539439519e+20,0.0,0.0,9.976262363963394e+16,0.0,2.5173556062880057e+23,1.0011894596174488e+20,8.391185354293352e+22
1111939459459.4595,2074.0341591233882,268968141.79964346,0,2.9615948309270656e+22,8.391185354293352e+22,2.5183567957476228e+23,9.98198057693693e+19,1.586079822070625e+17,5.540831611583028e+22,338.72185757785934,1.002775539439519e+20,0.0,0.0,9.976262363963394e+16,0.0,2.5173556062880057e+23,1.0011894596174488e+20,8.391185354293352e+22
1115098378378.3784,2071.9717561663524,268897608.5222318,0,2.9615948309270656e+22,8.391185354293352e+22,2.5183567957476228e+23,9.98198057693693e+19,1.586079822070625e+17,5.540831611583028e+22,302.21371214518217,1.002775539439519e+20,0.0,0.0,9.976262363963394e+16,0.0,2.5173556062880057e+23,1.0011894596174488e+20,8.391185354293352e+22
1118257297297.2974,2069.9093532093166,268827188.8350805,0,2.9615948309270656e+22,8.391185354293352e+22,2.5183567957476228e+23,9.98198057693693e+19,1.586079822070625e+17,5.540831611583028e+22,269.64049046518056,1.002775539439519e+20,0.0,0.0,9.976262363963394e+16,0.0,2.5173556062880057e+23,1.0011894596174488e+20,8.391185354293352e+22
1121416216216.2163,2067.8469502522807,268756882.9846569,0,2.9615948309270656e+22,8.391185354293352e+22,2.5183567957476228e+23,9.98198057693693e+19,1.586079822070625e+17,5.540831611583028e+22,240.5780782818203,1.002775539439519e+20,0.0,0.0,9.976262363963394e+16,0.0,2.5173556062880057e+23,1.0011894596174488e+20,8.391185354293352e+22
1124575135135.1353,2065.784547295245,268686691.21766925,0,2.9615948309270656e+22,8.391185354293352e+22,2.5183567957476228e+23,9.98198057693693e+19,1.586079822070625e+17,5.540831611583028e+22,214.64807325458997,1.002775539439519e+20,0.0,0.0,9.976262363963394e+16,0.0,2.5173556062880057e+23,1.0011894596174488e+20,8.391185354293352e+22
1127734054054.0542,2063.722144338209,268616613.7810778,0,2.9615948309270656e+22,8.391185354293352e+22,2.5183567957476228e+23,9.98198057693693e+19,1.586079822070625e+17,5.540831611583028e+22,191.51285803328938,1.002775539439519e+20,0.0,0.0,9.976262363963394e+16,0.0,2.5173556062880057e+23,1.0011894596174488e+20,8.391185354293352e+22
1130892972972.9731,2061.6597413811733,268546650.92210454,0,2.9615948309270656e+22,8.391185354293352e+22,2.5183567957476228e+23,9.98198057693693e+19,1.586079822070625e+17,5.540831611583028e+22,170.87120436705135,1.002775539439519e+20,0.0,0.0,9.976262363963394e+16,0.0,2.5173556062880057e+23,1.0011894596174488e+20,8.391185354293352e+22
1134051891891.8918,2059.5973384241374,268476802.8882451,0,2.9615948309270656e+22,8.391185354293352e+22,2.5183567957476228e+23,9.98198057693693e+19,1.586079822070625e+17,5.540831611583028e+22,152.45435101162514,1.002775539439519e+20,0.0,0.0,9.976262363963394e+16,0.0,2.5173556062880057e+23,1.0011894596174488e+20,8.391185354293352e+22
1137210810810.8108,2057.5349354671016,268407069.92727867,0,2.9615948309270656e+22,8.391185354293352e+22,2.5183567957476228e+23,9.98198057693693e+19,1.586079822070625e+17,5.540831611583028e+22,136.02250436795984,1.002775539439519e+20,0.0,0.0,9.976262363963394e+16,0.0,2.5173556062880057e+23,1.0011894596174488e+20,8.391185354293352e+22
1140369729729.73,2055.472532510066,268337452.2872794,0,2.9615948309270656e+22,8.391185354293352e+22,2.5183567957476228e+23,9.98198057693693e+19,1.586079822070625e+17,5.540831611583028e+22,121.3617162892308,1.002775539439519e+20,0.0,0.0,9.976262363963394e+16,0.0,2.5173556062880057e+23,1.0011894596174488e+20,8.391185354293352e+22
1143528648648.6487,2053.41012955303,268267950.21662727,0,2.9615948309270656e+22,8.391185354293352e+22,2.5183567957476228e+23,9.98198057693693e+19,1.586079822070625e+17,5.540831611583028e+22,108.28109840431,1.002775539439519e+20,0.0,0.0,9.976262363963394e+16,0.0,2.5173556062880057e+23,1.0011894596174488e+20,8.391185354293352e+22
1146687567567.5676,2051.347726595994,268198563.96401912,0,2.9615948309270656e+22,8.391185354293352e+22,2.5183567957476228e+23,9.98198057693693e+19,1.586079822070625e+17,5.540831611583028e+22,96.61033668723984,1.002775539439519e+20,0.0,0.0,9.976262363963394e+16,0.0,2.5173556062880057e+23,1.0011894596174488e+20,8.391185354293352e+22
1149846486486.4866,2049.2853236389583,268129293.77848,0,2.9615948309270656e+22,8.391185354293352e+22,2.5183567957476228e+23,9.98198057693693e+19,1.586079822070625e+17,5.540831611583028e+22,86.1974739115717,1.002775539439519e+20,0.0,0.0,9.976262363963394e+16,0.0,2.5173556062880057e+23,1.0011894596174488e+20,8.391185354293352e+22
1153005405405.4053,2047.2229206819225,268060139.90937394,0,2.9615948309270656e+22,8.391185354293352e+22,2.5183567957476228e+23,9.98198057693693e+19,1.586079822070625e+17,5.540831611583028e+22,76.9069311163826,1.002775539439519e+20,0.0,0.0,9.976262363963394e+16,0.0,2.5173556062880057e+23,1.0011894596174488e+20,8.391185354293352e+22
1156164324324.3245,2045.1605177248866,267991102.606416,0,2.9615948309270656e+22,8.391185354293352e+22,2.5183567957476228e+23,9.98198057693693e+19,1.586079822070625e+17,5.540831611583028e+22,68.61774232279437,1.002775539439519e+20,0.0,0.0,9.976262363963394e+16,0.0,2.5173556062880057e+23,1.0011894596174488e+20,8.391185354293352e+22
1159323243243.2434,2043.0981147678508,267922182.11968273,0,2.9615948309270656e+22,8.391185354293352e+22,2.5183567957476228e+23,9.98198057693693e+19,1.586079822070625e+17,5.540831611583028e+22,61.22197951641359,1.002775539439519e+20,0.0,0.0,9.976262363963394e+16,0.0,2.5173556062880057e+23,1.0011894596174488e+20,8.391185354293352e+22
1162482162162.1624,2041.035711810815,267853378.6996245,0,2.9615948309270656e+22,8.391185354293352e+22,2.5183567957476228e+23,9.98198057693693e+19,1.586079822070625e+17,5.540831611583028e+22,54.62334738843572,1.002775539439519e+20,0.0,0.0,9.976262363963394e+16,0.0,2.5173556062880057e+23,1.0011894596174488e+20,8.391185354293352e+22
1165641081081.081,2038.9733088537791,267784692.59707642,0,2.9615948309270656e+22,8.391185354293352e+22,2.5183567957476228e+23,9.98198057693693e+19,1.586079822070625e+17,5.540831611583028e+22,48.7359295384723,1.002775539439519e+20,0.0,0.0,9.976262363963394e+16,0.0,2.5173556062880057e+23,1.0011894596174488e+20,8.391185354293352e+22
1168800000000.0,2036.9109058967433,267716124.0632703,0,2.9615948309270656e+22,8.391185354293352e+22,2.5183567957476228e+23,9.98198057693693e+19,1.586079822070625e+17,5.540831611583028e+22,43.48306981424187,1.002775539439519e+20,0.0,0.0,9.976262363963394e+16,0.0,2.5173556062880057e+23,1.0011894596174488e+20,8.391185354293352e+22
1171958918918.9192,2034.8485029397075,267647673.34984633,0,2.9615948309270656e+22,8.391185354293352e+22,2.5183567957476228e+23,9.98198057693693e+19,1.586079822070625e+17,5.540831611583028e+22,38.7963742227928,1.002775539439519e+20,0.0,0.0,9.976262363963394e+16,0.0,2.5173556062880057e+23,1.0011894596174488e+20,8.391185354293352e+22
1175117837837.838,2032.7860999826717,267579340.70886457,0,2.9615948309270656e+22,8.391185354293352e+22,2.5183567957476228e+23,9.98198057693693e+19,1.586079822070625e+17,5.540831611583028e+22,34.6148204178078,1.002775539439519e+20,0.0,0.0,9.976262363963394e+16,0.0,2.5173556062880057e+23,1.0011894596174488e+20,8.391185354293352e+22
1178276756756.7568,2030.7236970256358,267511126.39281738,0,2.9615948309270656e+22,8.391185354293352e+22,2.5183567957476228e+23,9.98198057693693e+19,1.586079822070625e+17,5.540831611583028e+22,30.883963168216674,1.002775539439519e+20,0.0,0.0,9.976262363963394e+16,0.0,2.5173556062880057e+23,1.0011894596174488e+20,8.391185354293352e+22
1181435675675.6758,2028.6612940686,267443030.65464061,0,2.9615948309270656e+22,8.391185354293352e+22,2.5183567957476228e+23,9.98198057693693e+19,1.586079822070625e+17,5.540831611583028e+22,27.555225463052416,1.002775539439519e+20,0.0,0.0,9.976262363963394e+16,0.0,2.5173556062880057e+23,1.0011894596174488e+20,8.391185354293352e+22
1184594594594.5945,2026.5988911115642,267375053.7477265,0,2.9615948309270656e+22,8.391185354293352e+22,2.5183567957476228e+23,9.98198057693693e+19,1.586079822070625e+17,5.540831611583028e+22,24.585266022498487,1.002775539439519e+20,0.0,0.0,9.976262363963394e+16,0.0,2.5173556062880057e+23,1.0011894596174488e+20,8.391185354293352e+22
1187753513513.5137,2024.5364881545283,267307195.925935,0,2.9615948309270656e+22,8.391185354293352e+22,2.5183567957476228e+23,9.98198057693693e+19,1.586079822070625e+17,5.540831611583028e+22,21.935414979909318,1.002775539439519e+20,0.0,0.0,9.976262363963394e+16,0.0,2.5173556062880057e+23,1.0011894596174488e+20,8.391185354293352e+22
1190912432432.4326,2022.4740851974925,267239457.44360647,0,2.9615948309270656e+22,8.391185354293352e+22,2.5183567957476228e+23,9.98198057693693e+19,1.586079822070625e+17,5.540831611583028e+22,19.57117038719485,1.002775539439519e+20,0.0,0.0,9.976262363963394e+16,0.0,2.5173556062880057e+23,1.0011894596174488e+20,8.391185354293352e+22
1194071351351.3513,2020.4116822404567,267171838.55557382,0,2.9615948309270656e+22,8.391185354293352e+22,2.5183567957476228e+23,9.98198057693693e+19,1.586079822070625e+17,5.540831611583028e+22,17.461748987900663,1.002775539439519e+20,0.0,0.0,9.976262363963394e+16,0.0,2.5173556062880057e+23,1.0011894596174488e+20,8.391185354293352e+22
1197230270270.2703,2018.3492792834209,267104339.51717472,0,2.9615948309270656e+22,8.391185354293352e+22,2.5183567957476228e+23,9.98198057693693e+19,1.586079822070625e+17,5.540831611583028e+22,15.579685408898698,1.002775539439519e+20,0.0,0.0,9.976262363963394e+16,0.0,2.5173556062880057e+23,1.0011894596174488e+20,8.391185354293352e+22
1200389189189.1892,2016.286876326385,267036960.58426443,0,2.9615948309270656e+22,8.391185354293352e+22,2.5183567957476228e+23,9.98198057693693e+19,1.586079822070625e+17,5.540831611583028e+22,13.900474552030126,1.002775539439519e+20,0.0,0.0,9.976262363963394e+16,0.0,2.5173556062880057e+23,1.0011894596174488e+20,8.391185354293352e+22
1203548108108.1082,2014.2244733693492,266969702.01322782,0,2.9615948309270656e+22,8.391185354293352e+22,2.5183567957476228e+23,9.98198057693693e+19,1.586079822070625e+17,5.540831611583028e+22,12.402252529519833,1.002775539439519e+20,0.0,0.0,9.976262363963394e+16,0.0,2.5173556062880057e+23,1.0011894596174488e+20,8.391185354293352e+22
1206707027027.027,2012.1620704123134,266902564.06099254,0,2.9615948309270656e+22,8.391185354293352e+22,2.5183567957476228e+23,9.98198057693693e+19,1.586079822070625e+17,5.540831611583028e+22,11.065511988834707,1.002775539439519e+20,0.0,0.0,9.976262363963394e+16,0.0,2.5173556062880057e+23,1.0011894596174488e+20,8.391185354293352e+22
1209865945945.946,2010.0996674552775,266835546.98504132,0,2.9615948309270656e+22,8.391185354293352e+22,2.5183567957476228e+23,9.98198057693693e+19,1.586079822070625e+17,5.540831611583028e+22,9.872848120420047,1.002775539439519e+20,0.0,0.0,9.976262363963394e+16,0.0,2.5173556062880057e+23,1.0011894596174488e+20,8.391185354293352e+22
1213024864864.865,2008.0372644982417,266768651.04342484,0,2.9615948309270656e+22,8.391185354293352e+22,2.5183567957476228e+23,9.98198057693693e+19,1.586079822070625e+17,5.540831611583028e+22,8.80873204124976,1.002775539439519e+20,0.0,0.0,9.976262363963394e+16,0.0,2.5173556062880057e+23,1.0011894596174488e+20,8.391185354293352e+22
1216183783783.7837,2005.9748615412059,266701876.49477488,0,2.9615948309270656e+22,8.391185354293352e+22,2.5183567957476228e+23,9.98198057693693e+19,1.586079822070625e+17,5.540831611583028e+22,7.859308603568277,1.002775539439519e+20,0.0,0.0,9.976262363963394e+16,0.0,2.5173556062880057e+23,1.0011894596174488e+20,8.391185354293352e+22
1219342702702.703,2003.91245858417,266635223.59831682,0,2.9615948309270656e+22,8.391185354293352e+22,2.5183567957476228e+23,9.98198057693693e+19,1.586079822070625e+17,5.540831611583028e+22,7.0122159962262565,1.002775539439519e+20,0.0,0.0,9.976262363963394e+16,0.0,2.5173556062880057e+23,1.0011894596174488e+20,8.391185354293352e+22
1222501621621.6218,2001.8500556271342,266568692.6138832,0,2.9615948309270656e+22,8.391185354293352e+22,2.5183567957476228e+23,9.98198057693693e+19,1.586079822070625e+17,5.540831611583028e+22,6.256424789759081,1.002775539439519e+20,0.0,0.0,9.976262363963394e+16,0.0,2.5173556062880057e+23,1.0011894596174488e+20,8.391185354293352e+22
1225660540540.5405,1999.7876526700984,266502283.8019265,0,2.9615948309270656e+22,8.391185354293352e+22,2.5183567957476228e+23,9.98198057693693e+19,1.586079822070625e+17,5.540831611583028e+22,5.582094329521132,1.002775539439519e+20,0.0,0.0,9.976262363963394e+16,0.0,2.5173556062880057e+23,1.0011894596174488e+20,8.391185354293352e+22
1228819459459.4595,1997.7252497130626,266435997.42353237,0,2.9615948309270656e+22,8.391185354293352e+22,2.5183567957476228e+23,9.98198057693693e+19,1.586079822070625e+17,5.540831611583028e+22,4.980444607066372,1.002775539439519e+20,0.0,0.0,9.976262363963394e+16,0.0,2.5173556062880057e+23,1.0011894596174488e+20,8.391185354293352e+22
1231978378378.3784,1995.6628467560267,266369833.7404333,0,2.9615948309270656e+22,8.391185354293352e+22,2.5183567957476228e+23,9.98198057693693e+19,1.586079822070625e+17,5.540831611583028e+22,4.4436419414976855,1.002775539439519e+20,0.0,0.0,9.976262363963394e+16,0.0,2.5173556062880057e+23,1.0011894596174488e+20,8.391185354293352e+22
1235137297297.2974,1993.600443798991,266303793.0150218,0,2.9615948309270656e+22,8.391185354293352e+22,2.5183567957476228e+23,9.98198057693693e+19,1.586079822070625e+17,5.540831611583028e+22,3.9646969823178635,1.002775539439519e+20,0.0,0.0,9.976262363963394e+16,0.0,2.5173556062880057e+23,1.0011894596174488e+20,8.391185354293352e+22
1238296216216.2163,1991.538040841955,266237875.51036364,0,2.9615948309270656e+22,8.391185354293352e+22,2.5183567957476228e+23,9.98198057693693e+19,1.586079822070625e+17,5.540831611583028e+22,3.53737370574518,1.002775539439519e+20,0.0,0.0,9.976262363963394e+16,0.0,2.5173556062880057e+23,1.0011894596174488e+20,8.391185354293352e+22
1241455135135.1353,1989.4756378849193,266172081.49021196,0,2.9615948309270656e+22,8.391185354293352e+22,2.5183567957476228e+23,9.98198057693693e+19,1.586079822070625e+17,5.540831611583028e+22,3.1561082195951227,1.002775539439519e+20,0.0,0.0,9.976262363963394e+16,0.0,2.5173556062880057e+23,1.0011894596174488e+20,8.391185354293352e+22
1244614054054.0542,1987.4132349278834,266106411.2190206,0,2.9615948309270656e+22,8.391185354293352e+22,2.5183567957476228e+23,9.98198057693693e+19,1.586079822070625e+17,5.540831611583028e+22,2.8159363195406337,1.002775539439519e+20,0.0,0.0,9.976262363963394e+16,0.0,2.5173556062880057e+23,1.0011894596174488e+20,8.391185354293352e+22
1247772972972.973,1985.3508319708476,266040864.96195808,0,2.9615948309270656e+22,8.391185354293352e+22,2.5183567957476228e+23,9.98198057693693e+19,1.586079822070625e+17,5.540831611583028e+22,2.512428853509109,1.002775539439519e+20,0.0,0.0,9.976262363963394e+16,0.0,2.5173556062880057e+23,1.0011894596174488e+20,8.391185354293352e+22
1250931891891.892,1983.2884290138118,265975442.98492098,0,2.9615948309270656e+22,8.391185354293352e+22,2.5183567957476228e+23,9.98198057693693e+19,1.586079822070625e+17,5.540831611583028e+22,2.2416340526389558,1.002775539439519e+20,0.0,0.0,9.976262363963394e+16,0.0,2.5173556062880057e+23,1.0011894596174488e+20,8.391185354293352e+22
1254090810810.811,1981.226026056776,265910145.55454877,0,2.9615948309270656e+22,8.391185354293352e+22,2.5183567957476228e+23,9.98198057693693e+19,1.586079822070625e+17,5.540831611583028e+22,2.000026077925446,1.002775539439519e+20,0.0,0.0,9.976262363963394e+16,0.0,2.5173556062880057e+23,1.0011894596174488e+20,8.391185354293352e+22
1257249729729.7297,1979.16362309974,265844972.938237,0,2.9615948309270656e+22,8.391185354293352e+22,2.5183567957476228e+23,9.98198057693693e+19,1.586079822070625e+17,5.540831611583028e+22,1.7844591126159661,1.002775539439519e+20,0.0,0.0,9.976262363963394e+16,0.0,2.5173556062880057e+23,1.0011894596174488e+20,8.391185354293352e+22
1260408648648.6487,1977.1012201427043,265779925.40415186,0,2.9615948309270656e+22,8.391185354293352e+22,2.5183567957476228e+23,9.98198057693693e+19,1.586079822070625e+17,5.540831611583028e+22,1.5921264026222663,1.002775539439519e+20,0.0,0.0,9.976262363963394e+16,0.0,2.5173556062880057e+23,1.0011894596174488e+20,8.391185354293352e+22
1263567567567.5676,1975.0388171856684,265715003.2212444,0,2.9615948309270656e+22,8.391185354293352e+22,2.5183567957476228e+23,9.98198057693693e+19,1.586079822070625e+17,5.540831611583028e+22,1.4205237116421667,1.002775539439519e+20,0.0,0.0,9.976262363963394e+16,0.0,2.5173556062880057e+23,1.0011894596174488e+20,8.391185354293352e+22
1266726486486.4866,1972.9764142286326,265650206.65926465,0,2.9615948309270656e+22,8.391185354293352e+22,2.5183567957476228e+23,9.98198057693693e+19,1.586079822070625e+17,5.540831611583028e+22,1.2674167151641562,1.002775539439519e+20,0.0,0.0,9.976262363963394e+16,0.0,2.5173556062880057e+23,1.0011894596174488e+20,8.391185354293352e+22
1269885405405.4055,1970.9140112715968,265585535.9887764,0,2.9615948309270656e+22,8.391185354293352e+22,2.5183567957476228e+23,9.98198057693693e+19,1.586079822070625e+17,5.540831611583028e+22,1.1308119088139106,1.002775539439519e+20,0.0,0.0,9.976262363963394e+16,0.0,2.5173556062880057e+23,1.0011894596174488e+20,8.391185354293352e+22
1273044324324.3245,1968.851608314561,265520991.48117113,0,2.9615948309270656e+22,8.391185354293352e+22,2.5183567957476228e+23,9.98198057693693e+19,1.586079822070625e+17,5.540831611583028e+22,1.0089306522596537,1.002775539439519e+20,0.0,0.0,9.976262363963394e+16,0.0,2.5173556062880057e+23,1.0011894596174488e+20,8.391185354293352e+22
1276203243243.2432,1966.7892053575251,265456573.40868333,0,2.9615948309270656e+22,8.391185354293352e+22,2.5183567957476228e+23,9.98198057693693e+19,1.586079822070625e+17,5.540831611583028e+22,0.9001860107193171,1.002775539439519e+20,0.0,0.0,9.976262363963394e+16,0.0,2.5173556062880057e+23,1.0011894596174488e+20,8.391185354293352e+22
1279362162162.162,1964.7268024004893,265392282.04440463,0,2.9615948309270656e+22,8.391185354293352e+22,2.5183567957476228e+23,9.98198057693693e+19,1.586079822070625e+17,5.540831611583028e+22,0.8031620925381645,1.002775539439519e+20,0.0,0.0,9.976262363963394e+16,0.0,2.5173556062880057e+23,1.0011894596174488e+20,8.391185354293352e+22
1282521081081.0813,1962.6643994434535,265328117.6622988,0,2.9615948309270656e+22,8.391185354293352e+22,2.5183567957476228e+23,9.98198057693693e+19,1.586079822070625e+17,5.540831611583028e+22,0.7165956138052219,1.002775539439519e+20,0.0,0.0,9.976262363963394e+16,0.0,2.5173556062880057e+23,1.0011894596174488e+20,8.391185354293352e+22
1285680000000.0,1960.6019964864176,265264080.53721666,0,2.9615948309270656e+22,8.391185354293352e+22,2.5183567957476228e+23,9.98198057693693e+19,1.586079822070625e+17,5.540831611583028e+22,0.639359449973645,1.002775539439519e+20,0.0,0.0,9.976262363963394e+16,0.0,2.5173556062880057e+23,1.0011894596174488e+20,8.391185354293352e+22
1288838918918.919,1958.5395935293818,265200170.9449109,0,2.9615948309270656e+22,8.391185354293352e+22,2.5183567957476228e+23,9.98198057693693e+19,1.586079822070625e+17,5.540831611583028e+22,0.5704479603216114,1.002775539439519e+20,0.0,0.0,9.976262363963394e+16,0.0,2.5173556062880057e+23,1.0011894596174488e+20,8.391185354293352e+22
1291997837837.838,1956.477190572346,265136389.16205156,0,2.9615948309270656e+22,8.391185354293352e+22,2.5183567957476228e+23,9.98198057693693e+19,1.586079822070625e+17,5.540831611583028e+22,0.5089638941733018,1.002775539439519e+20,0.0,0.0,9.976262363963394e+16,0.0,2.5173556062880057e+23,1.0011894596174488e+20,8.391185354293352e+22
1295156756756.7568,1954.4147876153102,265072735.46624058,0,2.9615948309270656e+22,8.391185354293352e+22,2.5183567957476228e+23,9.98198057693693e+19,1.586079822070625e+17,5.540831611583028e+22,0.4541067083945852,1.002775539439519e+20,0.0,0.0,9.976262363963394e+16,0.0,2.5173556062880057e+23,1.0011894596174488e+20,8.391185354293352e+22
1298315675675.6758,1952.3523846582743,265009210.13602757,0,2.9615948309270656e+22,8.391185354293352e+22,2.5183567957476228e+23,9.98198057693693e+19,1.586079822070625e+17,5.540831611583028e+22,0.4051621440532863,1.002775539439519e+20,0.0,0.0,9.976262363963394e+16,0.0,2.5173556062880057e+23,1.0011894596174488e+20,8.391185354293352e+22
1301474594594.5947,1950.2899817012385,264945813.45092496,0,2.9615948309270656e+22,8.391185354293352e+22,2.5183567957476228e+23,9.98198057693693e+19,1.586079822070625e+17,5.540831611583028e+22,0.36149292652866116,1.002775539439519e+20,0.0,0.0,9.976262363963394e+16,0.0,2.5173556062880057e+23,1.0011894596174488e+20,8.391185354293352e+22
1304633513513.5137,1948.2275787442027,264882545.69142354,0,2.9615948309270656e+22,8.391185354293352e+22,2.5183567957476228e+23,9.98198057693693e+19,1.586079822070625e+17,5.540831611583028e+22,0.3225304679823926,1.002775539439519e+20,0.0,0.0,9.976262363963394e+16,0.0,2.5173556062880057e+23,1.0011894596174488e+20,8.391185354293352e+22
1307792432432.4324,1946.1651757871668,264819407.13900775,0,2.9615948309270656e+22,8.391185354293352e+22,2.5183567957476228e+23,9.98198057693693e+19,1.586079822070625e+17,5.540831611583028e+22,0.2877674641544983,1.002775539439519e+20,0.0,0.0,9.976262363963394e+16,0.0,2.5173556062880057e+23,1.0011894596174488e+20,8.391185354293352e+22
1310951351351.3513,1944.102772830131,264756398.07617164,0,2.9615948309270656e+22,8.391185354293352e+22,2.5183567957476228e+23,9.98198057693693e+19,1.586079822070625e+17,5.540831611583028e+22,0.2567512890919538,1.002775539439519e+20,0.0,0.0,9.976262363963394e+16,0.0,2.5173556062880057e+23,1.0011894596174488e+20,8.391185354293352e+22
1314110270270.2705,1942.0403698730952,264693518.78643468,0,2.9615948309270656e+22,8.391185354293352e+22,2.5183567957476228e+23,9.98198057693693e+19,1.586079822070625e+17,5.540831611583028e+22,0.22907810180718652,1.002775539439519e+20,0.0,0.0,9.976262363963394e+16,0.0,2.5173556062880057e+23,1.0011894596174488e+20,8.391185354293352e+22
1317269189189.1892,1939.9779669160594,264630769.55435705,0,2.9615948309270656e+22,8.391185354293352e+22,2.5183567957476228e+23,9.98198057693693e+19,1.586079822070625e+17,5.540831611583028e+22,0.20438758813315827,1.002775539439519e+20,0.0,0.0,9.976262363963394e+16,0.0,2.5173556062880057e+23,1.0011894596174488e+20,8.391185354293352e+22
1320428108108.1082,1937.9155639590235,264568150.66555613,0,2.9615948309270656e+22,8.391185354293352e+22,2.5183567957476228e+23,9.98198057693693e+19,1.586079822070625e+17,5.540831611583028e+22,0.1823582693122308,1.002775539439519e+20,0.0,0.0,9.976262363963394e+16,0.0,2.5173556062880057e+23,1.0011894596174488e+20,8.391185354293352e+22
1323587027027.027,1935.8531610019877,264505662.4067223,0,2.9615948309270656e+22,8.391185354293352e+22,2.5183567957476228e+23,9.98198057693693e+19,1.586079822070625e+17,5.540831611583028e+22,0.16270331623506804,1.002775539439519e+20,0.0,0.0,9.976262363963394e+16,0.0,2.5173556062880057e+23,1.0011894596174488e+20,8.391185354293352e+22
1326745945945.946,1933.7907580449519,264443305.06563506,0,2.9615948309270656e+22,8.391185354293352e+22,2.5183567957476228e+23,9.98198057693693e+19,1.586079822070625e+17,5.540831611583028e+22,0.14516681482956503,1.002775539439519e+20,0.0,0.0,9.976262363963394e+16,0.0,2.5173556062880057e+23,1.0011894596174488e+20,8.391185354293352e+22
1329904864864.865,1931.728355087916,264381078.93117917,0,2.9615948309270656e+22,8.391185354293352e+22,2.5183567957476228e+23,9.98198057693693e+19,1.586079822070625e+17,5.540831611583028e+22,0.12952043397391547,1.002775539439519e+20,0.0,0.0,9.976262363963394e+16,0.0,2.5173556062880057e+23,1.0011894596174488e+20,8.391185354293352e+22
1333063783783.784,1929.6659521308802,264318984.2933611,0,2.9615948309270656e+22,8.391185354293352e+22,2.5183567957476228e+23,9.98198057693693e+19,1.586079822070625e+17,5.540831611583028e+22,0.11556045254893096,1.002775539439519e+20,0.0,0.0,9.976262363963394e+16,0.0,2.5173556062880057e+23,1.0011894596174488e+20,8.391185354293352e+22
1336222702702.703,1927.6035491738444,264257021.44332537,0,2.9615948309270656e+22,8.391185354293352e+22,2.5183567957476228e+23,9.98198057693693e+19,1.586079822070625e+17,5.540831611583028e+22,0.1031051069208367,1.002775539439519e+20,0.0,0.0,9.976262363963394e+16,0.0,2.5173556062880057e+23,1.0011894596174488e+20,8.391185354293352e+22
1339381621621.6216,1925.5411462168086,264195190.67337105,0,2.9615948309270656e+22,8.391185354293352e+22,2.5183567957476228e+23,9.98198057693693e+19,1.586079822070625e+17,5.540831611583028e+22,0.09199222431788158,1.002775539439519e+20,0.0,0.0,9.976262363963394e+16,0.0,2.5173556062880057e+23,1.0011894596174488e+20,8.391185354293352e+22
1342540540540.5405,1923.4787432597727,264133492.27696836,0,2.9615948309270656e+22,8.391185354293352e+22,2.5183567957476228e+23,9.98198057693693e+19,1.586079822070625e+17,5.540831611583028e+22,0.08207711128653344,1.002775539439519e+20,0.0,0.0,9.976262363963394e+16,0.0,2.5173556062880057e+23,1.0011894596174488e+20,8.391185354293352e+22
1345699459459.4597,1921.416340302737,264071926.5487752,0,2.9615948309270656e+22,8.391185354293352e+22,2.5183567957476228e+23,9.98198057693693e+19,1.586079822070625e+17,5.540831611583028e+22,0.07323066973425182,1.002775539439519e+20,0.0,0.0,9.976262363963394e+16,0.0,2.5173556062880057e+23,1.0011894596174488e+20,8.391185354293352e+22
1348858378378.3784,1919.353937345701,264010493.78465423,0,2.9615948309270656e+22,8.391185354293352e+22,2.5183567957476228e+23,9.98198057693693e+19,1.586079822070625e+17,5.540831611583028e+22,0.06533771602908424,1.002775539439519e+20,0.0,0.0,9.976262363963394e+16,0.0,2.5173556062880057e+23,1.0011894596174488e+20,8.391185354293352e+22
1352017297297.2974,1917.2915343886652,263949194.2816895,0,2.9615948309270656e+22,8.391185354293352e+22,2.5183567957476228e+23,9.98198057693693e+19,1.586079822070625e+17,5.540831611583028e+22,0.058295481270199616,1.002775539439519e+20,0.0,0.0,9.976262363963394e+16,0.0,2.5173556062880057e+23,1.0011894596174488e+20,8.391185354293352e+22
1355176216216.2163,1915.2291314316294,263888028.3382035,0,2.9615948309270656e+22,8.391185354293352e+22,2.5183567957476228e+23,9.98198057693693e+19,1.586079822070625e+17,5.540831611583028e+22,0.05201227320237911,1.002775539439519e+20,0.0,0.0,9.976262363963394e+16,0.0,2.5173556062880057e+23,1.0011894596174488e+20,8.391185354293352e+22
1358335135135.1353,1913.1667284745936,263826996.25377414,0,2.9615948309270656e+22,8.391185354293352e+22,2.5183567957476228e+23,9.98198057693693e+19,1.586079822070625e+17,5.540831611583028e+22,0.04640628235214261,1.002775539439519e+20,0.0,0.0,9.976262363963394e+16,0.0,2.5173556062880057e+23,1.0011894596174488e+20,8.391185354293352e+22
1361494054054.0542,1911.1043255175578,263766098.329252,0,2.9615948309270656e+22,8.391185354293352e+22,2.5183567957476228e+23,9.98198057693693e+19,1.586079822070625e+17,5.540831611583028e+22,0.041404516841003526,1.002775539439519e+20,0.0,0.0,9.976262363963394e+16,0.0,2.5173556062880057e+23,1.0011894596174488e+20,8.391185354293352e+22
1364652972972.9731,1909.041922560522,263705334.86677757,0,2.9615948309270656e+22,8.391185354293352e+22,2.5183567957476228e+23,9.98198057693693e+19,1.586079822070625e+17,5.540831611583028e+22,0.03694185200676375,1.002775539439519e+20,0.0,0.0,9.976262363963394e+16,0.0,2.5173556062880057e+23,1.0011894596174488e+20,8.391185354293352e+22
1367811891891.8918,1906.979519603486,263644706.16979837,0,2.9615948309270656e+22,8.391185354293352e+22,2.5183567957476228e+23,9.98198057693693e+19,1.586079822070625e+17,5.540831611583028e+22,0.03296018245859958,1.002775539439519e+20,0.0,0.0,9.976262363963394e+16,0.0,2.5173556062880057e+23,1.0011894596174488e+20,8.391185354293352e+22
1370970810810.8108,1904.9171166464503,263584212.54308665,0,2.9615948309270656e+22,8.391185354293352e+22,2.5183567957476228e+23,9.98198057693693e+19,1.586079822070625e+17,5.540831611583028e+22,0.02940766552541191,1.002775539439519e+20,0.0,0.0,9.976262363963394e+16,0.0,2.5173556062880057e+23,1.0011894596174488e+20,8.391185354293352e+22
1374129729729.73,1902.8547136894144,263523854.29275668,0,2.9615948309270656e+22,8.391185354293352e+22,2.5183567957476228e+23,9.98198057693693e+19,1.586079822070625e+17,5.540831611583028e+22,0.0262380462468849,1.002775539439519e+20,0.0,0.0,9.976262363963394e+16,0.0,2.5173556062880057e+23,1.0011894596174488e+20,8.391185354293352e+22
1377288648648.649,1900.7923107323786,263463631.72628242,0,2.9615948309270656e+22,8.391185354293352e+22,2.5183567957476228e+23,9.98198057693693e+19,1.586079822070625e+17,5.540831611583028e+22,0.02341005511841042,1.002775539439519e+20,0.0,0.0,9.976262363963394e+16,0.0,2.5173556062880057e+23,1.0011894596174488e+20,8.391185354293352e+22
1380447567567.5676,1898.7299077753428,263403545.15251526,0,2.9615948309270656e+22,8.391185354293352e+22,2.5183567957476228e+23,9.98198057693693e+19,1.586079822070625e+17,5.540831611583028e+22,0.020886870748315668,1.002775539439519e+20,0.0,0.0,9.976262363963394e+16,0.0,2.5173556062880057e+23,1.0011894596174488e+20,8.391185354293352e+22
1383606486486.4866,1896.667504818307,263343594.88170168,0,2.9615948309270656e+22,8.391185354293352e+22,2.5183567957476228e+23,9.98198057693693e+19,1.586079822070625e+17,5.540831611583028e+22,0.01863564043101098,1.002775539439519e+20,0.0,0.0,9.976262363963394e+16,0.0,2.5173556062880057e+23,1.0011894596174488e+20,8.391185354293352e+22
1386765405405.4055,1894.6051018612711,263283781.2255011,0,2.9615948309270656e+22,8.391185354293352e+22,2.5183567957476228e+23,9.98198057693693e+19,1.586079822070625e+17,5.540831611583028e+22,0.01662705239375968,1.002775539439519e+20,0.0,0.0,9.976262363963394e+16,0.0,2.5173556062880057e+23,1.0011894596174488e+20,8.391185354293352e+22
1389924324324.3245,1892.5426989042353,263224104.4970039,0,2.9615948309270656e+22,8.391185354293352e+22,2.5183567957476228e+23,9.98198057693693e+19,1.586079822070625e+17,5.540831611583028e+22,0.01483495414757966,1.002775539439519e+20,0.0,0.0,9.976262363963394e+16,0.0,2.5173556062880057e+23,1.0011894596174488e+20,8.391185354293352e+22
1393083243243.2434,1890.4802959471995,263164565.01074946,0,2.9615948309270656e+22,8.391185354293352e+22,2.5183567957476228e+23,9.98198057693693e+19,1.586079822070625e+17,5.540831611583028e+22,0.013236011973077553,1.002775539439519e+20,0.0,0.0,9.976262363963394e+16,0.0,2.5173556062880057e+23,1.0011894596174488e+20,8.391185354293352e+22
1396242162162.1624,1888.4178929901636,263105163.08274403,0,2.9615948309270656e+22,8.391185354293352e+22,2.5183567957476228e+23,9.98198057693693e+19,1.586079822070625e+17,5.540831611583028e+22,0.011809407107607079,1.002775539439519e+20,0.0,0.0,9.976262363963394e+16,0.0,2.5173556062880057e+23,1.0011894596174488e+20,8.391185354293352e+22
1399401081081.081,1886.3554900331278,263045899.0304792,0,2.9615948309270656e+22,8.391185354293352e+22,2.5183567957476228e+23,9.98198057693693e+19,1.586079822070625e+17,5.540831611583028e+22,0.01053656467800654,1.002775539439519e+20,0.0,0.0,9.976262363963394e+16,0.0,2.5173556062880057e+23,1.0011894596174488e+20,8.391185354293352e+22
1402560000000.0,1884.293087076092,262986773.17294994,0,2.9615948309270656e+22,8.391185354293352e+22,2.5183567957476228e+23,9.98198057693693e+19,1.586079822070625e+17,5.540831611583028e+22,0.009400911849528973,1.002775539439519e+20,0.0,0.0,9.976262363963394e+16,0.0,2.5173556062880057e+23,1.0011894596174488e+20,8.391185354293352e+22
1405718918918.9192,1882.2306841190561,262927785.83067316,0,2.9615948309270656e+22,8.391185354293352e+22,2.5183567957476228e+23,9.98198057693693e+19,1.586079822070625e+17,5.540831611583028e+22,0.008387662041982998,1.002775539439519e+20,0.0,0.0,9.976262363963394e+16,0.0,2.5173556062880057e+23,1.0011894596174488e+20,8.391185354293352e+22
1408877837837.838,1880.1682811620203,262868937.32570583,0,2.9615948309270656e+22,8.391185354293352e+22,2.5183567957476228e+23,9.98198057693693e+19,1.586079822070625e+17,5.540831611583028e+22,0.007483622403506249,1.002775539439519e+20,0.0,0.0,9.976262363963394e+16,0.0,2.5173556062880057e+23,1.0011894596174488e+20,8.391185354293352e+22
1412036756756.7568,1878.1058782049845,262810227.9816636,0,2.9615948309270656e+22,8.391185354293352e+22,2.5183567957476228e+23,9.98198057693693e+19,1.586079822070625e+17,5.540831611583028e+22,0.006677022035215444,1.002775539439519e+20,0.0,0.0,9.976262363963394e+16,0.0,2.5173556062880057e+23,1.0011894596174488e+20,8.391185354293352e+22
1415195675675.6758,1876.0434752479487,262751658.1237396,0,2.9615948309270656e+22,8.391185354293352e+22,2.5183567957476228e+23,9.98198057693693e+19,1.586079822070625e+17,5.540831611583028e+22,0.005957358730160491,1.002775539439519e+20,0.0,0.0,9.976262363963394e+16,0.0,2.5173556062880057e+23,1.0011894596174488e+20,8.391185354293352e+22
1418354594594.5947,1873.9810722909128,262693228.07872254,0,2.9615948309270656e+22,8.391185354293352e+22,2.5183567957476228e+23,9.98198057693693e+19,1.586079822070625e+17,5.540831611583028e+22,0.00531526223107249,1.002775539439519e+20,0.0,0.0,9.976262363963394e+16,0.0,2.5173556062880057e+23,1.0011894596174488e+20,8.391185354293352e+22
1421513513513.5137,1871.918669333877,262634938.17501596,0,2.9615948309270656e+22,8.391185354293352e+22,2.5183567957476228e+23,9.98198057693693e+19,1.586079822070625e+17,5.540831611583028e+22,0.004742372226475708,1.002775539439519e+20,0.0,0.0,9.976262363963394e+16,0.0,2.5173556062880057e+23,1.0011894596174488e+20,8.391185354293352e+22
1424672432432.4326,1869.8562663768412,262576788.74265668,0,2.9615948309270656e+22,8.391185354293352e+22,2.5183567957476228e+23,9.98198057693693e+19,1.586079822070625e+17,5.540831611583028e+22,0.004231229496632043,1.002775539439519e+20,0.0,0.0,9.976262363963394e+16,0.0,2.5173556062880057e+23,1.0011894596174488e+20,8.391185354293352e+22
1427831351351.3516,1867.7938634198053,262518780.11333364,0,2.9615948309270656e+22,8.391185354293352e+22,2.5183567957476228e+23,9.98198057693693e+19,1.586079822070625e+17,5.540831611583028e+22,0.0037751787920017165,1.002775539439519e+20,0.0,0.0,9.976262363963394e+16,0.0,2.5173556062880057e+23,1.0011894596174488e+20,8.391185354293352e+22
1430990270270.2703,1865.7314604627695,262460912.62040693,0,2.9615948309270656e+22,8.391185354293352e+22,2.5183567957476228e+23,9.98198057693693e+19,1.586079822070625e+17,5.540831611583028e+22,0.003368282179665218,1.002775539439519e+20,0.0,0.0,9.976262363963394e+16,0.0,2.5173556062880057e+23,1.0011894596174488e+20,8.391185354293352e+22
1434149189189.1892,1863.6690575057337,262403186.59892657,0,2.9615948309270656e+22,8.391185354293352e+22,2.5183567957476228e+23,9.98198057693693e+19,1.586079822070625e+17,5.540831611583028e+22,0.0030052417294478993,1.002775539439519e+20,0.0,0.0,9.976262363963394e+16,0.0,2.5173556062880057e+23,1.0011894596174488e+20,8.391185354293352e+22
1437308108108.1084,1861.6066545486979,262345602.38565177,0,2.9615948309270656e+22,8.391185354293352e+22,2.5183567957476228e+23,9.98198057693693e+19,1.586079822070625e+17,5.540831611583028e+22,0.0026813305330946656,1.002775539439519e+20,0.0,0.0,9.976262363963394e+16,0.0,2.5173556062880057e+23,1.0011894596174488e+20,8.391185354293352e+22
1440467027027.027,1859.544251591662,262288160.31906974,0,2.9615948309270656e+22,8.391185354293352e+22,2.5183567957476228e+23,9.98198057693693e+19,1.586079822070625e+17,5.540831611583028e+22,0.0023923311583413064,1.002775539439519e+20,0.0,0.0,9.976262363963394e+16,0.0,2.5173556062880057e+23,1.0011894596174488e+20,8.391185354293352e+22
1443625945945.946,1857.4818486346262,262230860.73941502,0,2.9615948309270656e+22,8.391185354293352e+22,2.5183567957476228e+23,9.98198057693693e+19,1.586079822070625e+17,5.540831611583028e+22,0.00213448073653387,1.002775539439519e+20,0.0,0.0,9.976262363963394e+16,0.0,2.5173556062880057e+23,1.0011894596174488e+20,8.391185354293352e+22
1446784864864.865,1855.4194456775904,262173703.98868835,0,2.9615948309270656e+22,8.391185354293352e+22,2.5183567957476228e+23,9.98198057693693e+19,1.586079822070625e+17,5.540831611583028e+22,0.0019044219688184915,1.002775539439519e+20,0.0,0.0,9.976262363963394e+16,0.0,2.5173556062880057e+23,1.0011894596174488e+20,8.391185354293352e+22
1449943783783.7837,1853.3570427205545,262116690.41067633,0,2.9615948309270656e+22,8.391185354293352e+22,2.5183567957476228e+23,9.98198057693693e+19,1.586079822070625e+17,5.540831611583028e+22,0.001699159412985852,1.002775539439519e+20,0.0,0.0,9.976262363963394e+16,0.0,2.5173556062880057e+23,1.0011894596174488e+20,8.391185354293352e+22
1453102702702.703,1851.2946397635187,262059820.3509703,0,2.9615948309270656e+22,8.391185354293352e+22,2.5183567957476228e+23,9.98198057693693e+19,1.586079822070625e+17,5.540831611583028e+22,0.0015160204818103497,1.002775539439519e+20,0.0,0.0,9.976262363963394e+16,0.0,2.5173556062880057e+23,1.0011894596174488e+20,8.391185354293352e+22
1456261621621.6218,1849.232236806483,262003094.15698573,0,2.9615948309270656e+22,8.391185354293352e+22,2.5183567957476228e+23,9.98198057693693e+19,1.586079822070625e+17,5.540831611583028e+22,0.0013526206450692937,1.002775539439519e+20,0.0,0.0,9.976262363963394e+16,0.0,2.5173556062880057e+23,1.0011894596174488e+20,8.391185354293352e+22
1459420540540.5408,1847.169833849447,261946512.17798176,0,2.9615948309270656e+22,8.391185354293352e+22,2.5183567957476228e+23,9.98198057693693e+19,1.586079822070625e+17,5.540831611583028e+22,0.0012068323821607498,1.002775539439519e+20,0.0,0.0,9.976262363963394e+16,0.0,2.5173556062880057e+23,1.0011894596174488e+20,8.391185354293352e+22
1462579459459.4595,1845.1074308924112,261890074.76508027,0,2.9615948309270656e+22,8.391185354293352e+22,2.5183567957476228e+23,9.98198057693693e+19,1.586079822070625e+17,5.540831611583028e+22,0.0010767574810727346,1.002775539439519e+20,0.0,0.0,9.976262363963394e+16,0.0,2.5173556062880057e+23,1.0011894596174488e+20,8.391185354293352e+22
1465738378378.3784,1843.0450279353754,261833782.27128556,0,2.9615948309270656e+22,8.391185354293352e+22,2.5183567957476228e+23,9.98198057693693e+19,1.586079822070625e+17,5.540831611583028e+22,0.0009607023230270496,1.002775539439519e+20,0.0,0.0,9.976262363963394e+16,0.0,2.5173556062880057e+23,1.0011894596174488e+20,8.391185354293352e+22
1468897297297.2976,1840.9826249783396,261777635.05150357,0,2.9615948309270656e+22,8.391185354293352e+22,2.5183567957476228e+23,9.98198057693693e+19,1.586079822070625e+17,5.540831611583028e+22,0.0008571558309955448,1.002775539439519e+20,0.0,0.0,9.976262363963394e+16,0.0,2.5173556062880057e+23,1.0011894596174488e+20,8.391185354293352e+22
1472056216216.2163,1838.9202220213037,261721633.46256137,0,2.9615948309270656e+22,8.391185354293352e+22,2.5183567957476228e+23,9.98198057693693e+19,1.586079822070625e+17,5.540831611583028e+22,0.0007647697949711071,1.002775539439519e+20,0.0,0.0,9.976262363963394e+16,0.0,2.5173556062880057e+23,1.0011894596174488e+20,8.391185354293352e+22
1475215135135.1353,1836.857819064268,261665777.86322677,0,2.9615948309270656e+22,8.391185354293352e+22,2.5183567957476228e+23,9.98198057693693e+19,1.586079822070625e+17,5.540831611583028e+22,0.0006823413178218106,1.002775539439519e+20,0.0,0.0,9.976262363963394e+16,0.0,2.5173556062880057e+23,1.0011894596174488e+20,8.391185354293352e+22
1478374054054.0542,1834.795416107232,261610068.6142277,0,2.9615948309270656e+22,8.391185354293352e+22,2.5183567957476228e+23,9.98198057693693e+19,1.586079822070625e+17,5.540831611583028e+22,0.0006087971531673725,1.002775539439519e+20,0.0,0.0,9.976262363963394e+16,0.0,2.5173556062880057e+23,1.0011894596174488e+20,8.391185354293352e+22
1481532972972.973,1832.7330131501963,261554506.07827157,0,2.9615948309270656e+22,8.391185354293352e+22,2.5183567957476228e+23,9.98198057693693e+19,1.586079822070625e+17,5.540831611583028e+22,0.0005431797313518189,1.002775539439519e+20,0.0,0.0,9.976262363963394e+16,0.0,2.5173556062880057e+23,1.0011894596174488e+20,8.391185354293352e+22
1484691891891.892,1830.6706101931604,261499090.620065,0,2.9615948309270656e+22,8.391185354293352e+22,2.5183567957476228e+23,9.98198057693693e+19,1.586079822070625e+17,5.540831611583028e+22,0.0004846346915658452,1.002775539439519e+20,0.0,0.0,9.976262363963394e+16,0.0,2.5173556062880057e+23,1.0011894596174488e+20,8.391185354293352e+22
1487850810810.811,1828.6082072361246,261443822.60633323,0,2.9615948309270656e+22,8.391185354293352e+22,2.5183567957476228e+23,9.98198057693693e+19,1.586079822070625e+17,5.540831611583028e+22,0.0004323997577829271,1.002775539439519e+20,0.0,0.0,9.976262363963394e+16,0.0,2.5173556062880057e+23,1.0011894596174488e+20,8.391185354293352e+22
1491009729729.7297,1826.5458042790888,261388702.40583947,0,2.9615948309270656e+22,8.391185354293352e+22,2.5183567957476228e+23,9.98198057693693e+19,1.586079822070625e+17,5.540831611583028e+22,0.0003857948136701462,1.002775539439519e+20,0.0,0.0,9.976262363963394e+16,0.0,2.5173556062880057e+23,1.0011894596174488e+20,8.391185354293352e+22
1494168648648.6487,1824.483401322053,261333730.38940465,0,2.9615948309270656e+22,8.391185354293352e+22,2.5183567957476228e+23,9.98198057693693e+19,1.586079822070625e+17,5.540831611583028e+22,0.00034421304724574373,1.002775539439519e+20,0.0,0.0,9.976262363963394e+16,0.0,2.5173556062880057e+23,1.0011894596174488e+20,8.391185354293352e+22
1497327567567.5676,1822.420998365017,261278906.92992657,0,2.9615948309270656e+22,8.391185354293352e+22,2.5183567957476228e+23,9.98198057693693e+19,1.586079822070625e+17,5.540831611583028e+22,0.00030711304998387823,1.002775539439519e+20,0.0,0.0,9.976262363963394e+16,0.0,2.5173556062880057e+23,1.0011894596174488e+20,8.391185354293352e+22
1500486486486.4866,1820.3585954079813,261224232.4023995,0,2.9615948309270656e+22,8.391185354293352e+22,2.5183567957476228e+23,9.98198057693693e+19,1.586079822070625e+17,5.540831611583028e+22,0.0002740117674942851,1.002775539439519e+20,0.0,0.0,9.976262363963394e+16,0.0,2.5173556062880057e+23,1.0011894596174488e+20,8.391185354293352e+22
1503645405405.4055,1818.2961924509455,261169707.18393376,0,2.9615948309270656e+22,8.391185354293352e+22,2.5183567957476228e+23,9.98198057693693e+19,1.586079822070625e+17,5.540831611583028e+22,0.0002444782099923255,1.002775539439519e+20,0.0,0.0,9.976262363963394e+16,0.0,2.5173556062880057e+23,1.0011894596174488e+20,8.391185354293352e+22
1506804324324.3245,1816.2337894939096,261115331.65377465,0,2.9615948309270656e+22,8.391185354293352e+22,2.5183567957476228e+23,9.98198057693693e+19,1.586079822070625e+17,5.540831611583028e+22,0.0002181278406676392,1.002775539439519e+20,0.0,0.0,9.976262363963394e+16,0.0,2.5173556062880057e+23,1.0011894596174488e+20,8.391185354293352e+22
1509963243243.2434,1814.1713865368738,261061106.19332212,0,2.9615948309270656e+22,8.391185354293352e+22,2.5183567957476228e+23,9.98198057693693e+19,1.586079822070625e+17,5.540831611583028e+22,0.00019461756888608018,1.002775539439519e+20,0.0,0.0,9.976262363963394e+16,0.0,2.5173556062880057e+23,1.0011894596174488e+20,8.391185354293352e+22
1513122162162.162,1812.108983579838,261007031.1861501,0,2.9615948309270656e+22,8.391185354293352e+22,2.5183567957476228e+23,9.98198057693693e+19,1.586079822070625e+17,5.540831611583028e+22,0.00017364128303474897,1.002775539439519e+20,0.0,0.0,9.976262363963394e+16,0.0,2.5173556062880057e+23,1.0011894596174488e+20,8.391185354293352e+22
1516281081081.0813,1810.0465806228021,260953107.01802534,0,2.9615948309270656e+22,8.391185354293352e+22,2.5183567957476228e+23,9.98198057693693e+19,1.586079822070625e+17,5.540831611583028e+22,0.00015492586484626642,1.002775539439519e+20,0.0,0.0,9.976262363963394e+16,0.0,2.5173556062880057e+23,1.0011894596174488e+20,8.391185354293352e+22
1519440000000.0002,1807.9841776657663,260899334.07692704,0,2.9615948309270656e+22,8.391185354293352e+22,2.5183567957476228e+23,9.98198057693693e+19,1.586079822070625e+17,5.540831611583028e+22,0.00013822763330745684,1.002775539439519e+20,0.0,0.0,9.976262363963394e+16,0.0,2.5173556062880057e+23,1.0011894596174488e+20,8.391185354293352e+22
1522598918918.919,1805.9217747087305,260845712.75306547,0,2.9615948309270656e+22,8.391185354293352e+22,2.5183567957476228e+23,9.98198057693693e+19,1.586079822070625e+17,5.540831611583028e+22,0.00012332917185094036,1.002775539439519e+20,0.0,0.0,9.976262363963394e+16,0.0,2.5173556062880057e+23,1.0011894596174488e+20,8.391185354293352e+22
1525757837837.838,1803.8593717516947,260792243.43890145,0,2.9615948309270656e+22,8.391185354293352e+22,2.5183567957476228e+23,9.98198057693693e+19,1.586079822070625e+17,5.540831611583028e+22,0.00011003649751860619,1.002775539439519e+20,0.0,0.0,9.976262363963394e+16,0.0,2.5173556062880057e+23,1.0011894596174488e+20,8.391185354293352e+22
1528916756756.7568,1801.7969687946588,260738926.52916494,0,2.9615948309270656e+22,8.391185354293352e+22,2.5183567957476228e+23,9.98198057693693e+19,1.586079822070625e+17,5.540831611583028e+22,9.817653523852722e-05,1.002775539439519e+20,0.0,0.0,9.976262363963394e+16,0.0,2.5173556062880057e+23,1.0011894596174488e+20,8.391185354293352e+22
1532075675675.6758,1799.734565837623,260685762.42087388,0,2.9615948309270656e+22,8.391185354293352e+22,2.5183567957476228e+23,9.98198057693693e+19,1.586079822070625e+17,5.540831611583028e+22,8.759486432955548e-05,1.002775539439519e+20,0.0,0.0,9.976262363963394e+16,0.0,2.5173556062880057e+23,1.0011894596174488e+20,8.391185354293352e+22
1535234594594.5947,1797.6721628805872,260632751.51335308,0,2.9615948309270656e+22,8.391185354293352e+22,2.5183567957476228e+23,9.98198057693693e+19,1.586079822070625e+17,5.540831611583028e+22,7.815370789233338e-05,1.002775539439519e+20,0.0,0.0,9.976262363963394e+16,0.0,2.5173556062880057e+23,1.0011894596174488e+20,8.391185354293352e+22
1538393513513.5137,1795.6097599235513,260579894.20825282,0,2.9615948309270656e+22,8.391185354293352e+22,2.5183567957476228e+23,9.98198057693693e+19,1.586079822070625e+17,5.540831611583028e+22,6.973013890791844e-05,1.002775539439519e+20,0.0,0.0,9.976262363963394e+16,0.0,2.5173556062880057e+23,1.0011894596174488e+20,8.391185354293352e+22
1541552432432.4326,1793.5473569665155,260527190.90956712,0,2.9615948309270656e+22,8.391185354293352e+22,2.5183567957476228e+23,9.98198057693693e+19,1.586079822070625e+17,5.540831611583028e+22,6.221447968682463e-05,1.002775539439519e+20,0.0,0.0,9.976262363963394e+16,0.0,2.5173556062880057e+23,1.0011894596174488e+20,8.391185354293352e+22
1544711351351.3513,1791.4849540094797,260474642.02365223,0,2.9615948309270656e+22,8.391185354293352e+22,2.5183567957476228e+23,9.98198057693693e+19,1.586079822070625e+17,5.540831611583028e+22,5.550887382877091e-05,1.002775539439519e+20,0.0,0.0,9.976262363963394e+16,0.0,2.5173556062880057e+23,1.0011894596174488e+20,8.391185354293352e+22
1547870270270.2705,1789.4225510524439,260422247.9592447,0,2.9615948309270656e+22,8.391185354293352e+22,2.5183567957476228e+23,9.98198057693693e+19,1.586079822070625e+17,5.540831611583028e+22,4.9526012099574496e-05,1.002775539439519e+20,0.0,0.0,9.976262363963394e+16,0.0,2.5173556062880057e+23,1.0011894596174488e+20,8.391185354293352e+22
1551029189189.1895,1787.360148095408,260370009.1274799,0,2.9615948309270656e+22,8.391185354293352e+22,2.5183567957476228e+23,9.98198057693693e+19,1.586079822070625e+17,5.540831611583028e+22,4.418799563567925e-05,1.002775539439519e+20,0.0,0.0,9.976262363963394e+16,0.0,2.5173556062880057e+23,1.0011894596174488e+20,8.391185354293352e+22
1554188108108.1082,1785.2977451383722,260317925.9419091,0,2.9615948309270656e+22,8.391185354293352e+22,2.5183567957476228e+23,9.98198057693693e+19,1.586079822070625e+17,5.540831611583028e+22,3.942532167486153e-05,1.002775539439519e+20,0.0,0.0,9.976262363963394e+16,0.0,2.5173556062880057e+23,1.0011894596174488e+20,8.391185354293352e+22
1557347027027.027,1783.2353421813364,260265998.8185179,0,2.9615948309270656e+22,8.391185354293352e+22,2.5183567957476228e+23,9.98198057693693e+19,1.586079822070625e+17,5.540831611583028e+22,3.5175978606987405e-05,1.002775539439519e+20,0.0,0.0,9.976262363963394e+16,0.0,2.5173556062880057e+23,1.0011894596174488e+20,8.391185354293352e+22
1560505945945.946,1781.1729392243005,260214228.17574328,0,2.9615948309270656e+22,8.391185354293352e+22,2.5183567957476228e+23,9.98198057693693e+19,1.586079822070625e+17,5.540831611583028e+22,3.138463856207919e-05,1.002775539439519e+20,0.0,0.0,9.976262363963394e+16,0.0,2.5173556062880057e+23,1.0011894596174488e+20,8.391185354293352e+22
1563664864864.865,1779.1105362672647,260162614.4344912,0,2.9615948309270656e+22,8.391185354293352e+22,2.5183567957476228e+23,9.98198057693693e+19,1.586079822070625e+17,5.540831611583028e+22,2.8001937022917315e-05,1.002775539439519e+20,0.0,0.0,9.976262363963394e+16,0.0,2.5173556062880057e+23,1.0011894596174488e+20,8.391185354293352e+22
1566823783783.784,1777.0481333102289,260111158.0181534,0,2.9615948309270656e+22,8.391185354293352e+22,2.5183567957476228e+23,9.98198057693693e+19,1.586079822070625e+17,5.540831611583028e+22,2.4983830082492476e-05,1.002775539439519e+20,0.0,0.0,9.976262363963394e+16,0.0,2.5173556062880057e+23,1.0011894596174488e+20,8.391185354293352e+22
1569982702702.703,1774.985730353193,260059859.3526246,0,2.9615948309270656e+22,8.391185354293352e+22,2.5183567957476228e+23,9.98198057693693e+19,1.586079822070625e+17,5.540831611583028e+22,2.2291020977584714e-05,1.002775539439519e+20,0.0,0.0,9.976262363963394e+16,0.0,2.5173556062880057e+23,1.0011894596174488e+20,8.391185354293352e+22
1573141621621.6216,1772.9233273961572,260008718.8663187,0,2.9615948309270656e+22,8.391185354293352e+22,2.5183567957476228e+23,9.98198057693693e+19,1.586079822070625e+17,5.540831611583028e+22,1.9888448431744632e-05,1.002775539439519e+20,0.0,0.0,9.976262363963394e+16,0.0,2.5173556062880057e+23,1.0011894596174488e+20,8.391185354293352e+22
1576300540540.5405,1770.8609244391214,259957736.99018562,0,2.9615948309270656e+22,8.391185354293352e+22,2.5183567957476228e+23,9.98198057693693e+19,1.586079822070625e+17,5.540831611583028e+22,1.7744830145730916e-05,1.002775539439519e+20,0.0,0.0,9.976262363963394e+16,0.0,2.5173556062880057e+23,1.0011894596174488e+20,8.391185354293352e+22
1579459459459.4597,1768.7985214820856,259906914.15772706,0,2.9615948309270656e+22,8.391185354293352e+22,2.5183567957476228e+23,9.98198057693693e+19,1.586079822070625e+17,5.540831611583028e+22,1.5832255491496842e-05,1.002775539439519e+20,0.0,0.0,9.976262363963394e+16,0.0,2.5173556062880057e+23,1.0011894596174488e+20,8.391185354293352e+22
1582618378378.3784,1766.7361185250497,259856250.80501223,0,2.9615948309270656e+22,8.391185354293352e+22,2.5183567957476228e+23,9.98198057693693e+19,1.586079822070625e+17,5.540831611583028e+22,1.4125822106464977e-05,1.002775539439519e+20,0.0,0.0,9.976262363963394e+16,0.0,2.5173556062880057e+23,1.0011894596174488e+20,8.391185354293352e+22
1585777297297.2974,1764.673715568014,259805747.3706937,0,2.9615948309270656e+22,8.391185354293352e+22,2.5183567957476228e+23,9.98198057693693e+19,1.586079822070625e+17,5.540831611583028e+22,1.260331165642587e-05,1.002775539439519e+20,0.0,0.0,9.976262363963394e+16,0.0,2.5173556062880057e+23,1.0011894596174488e+20,8.391185354293352e+22
1588936216216.2163,1762.611312610978,259755404.29602236,0,2.9615948309270656e+22,8.391185354293352e+22,2.5183567957476228e+23,9.98198057693693e+19,1.586079822070625e+17,5.540831611583028e+22,1.124490054538505e-05,1.002775539439519e+20,0.0,0.0,9.976262363963394e+16,0.0,2.5173556062880057e+23,1.0011894596174488e+20,8.391185354293352e+22
1592095135135.1353,1760.5489096539422,259705222.02486217,0,2.9615948309270656e+22,8.391185354293352e+22,2.5183567957476228e+23,9.98198057693693e+19,1.586079822070625e+17,5.540831611583028e+22,1.003290180570365e-05,1.002775539439519e+20,0.0,0.0,9.976262363963394e+16,0.0,2.5173556062880057e+23,1.0011894596174488e+20,8.391185354293352e+22
1595254054054.0542,1758.4865066969064,259655201.00370476,0,2.9615948309270656e+22,8.391185354293352e+22,2.5183567957476228e+23,9.98198057693693e+19,1.586079822070625e+17,5.540831611583028e+22,8.951534807855856e-06,1.002775539439519e+20,0.0,0.0,9.976262363963394e+16,0.0,2.5173556062880057e+23,1.0011894596174488e+20,8.391185354293352e+22
1598412972972.9731,1756.4241037398706,259605341.68168357,0,2.9615948309270656e+22,8.391185354293352e+22,2.5183567957476228e+23,9.98198057693693e+19,1.586079822070625e+17,5.540831611583028e+22,7.986719791347058e-06,1.002775539439519e+20,0.0,0.0,9.976262363963394e+16,0.0,2.5173556062880057e+23,1.0011894596174488e+20,8.391185354293352e+22
1601571891891.892,1754.3617007828348,259555644.51058754,0,2.9615948309270656e+22,8.391185354293352e+22,2.5183567957476228e+23,9.98198057693693e+19,1.586079822070625e+17,5.540831611583028e+22,7.125894541516477e-06,1.002775539439519e+20,0.0,0.0,9.976262363963394e+16,0.0,2.5173556062880057e+23,1.0011894596174488e+20,8.391185354293352e+22
1604730810810.8108,1752.299297825799,259506109.94487435,0,2.9615948309270656e+22,8.391185354293352e+22,2.5183567957476228e+23,9.98198057693693e+19,1.586079822070625e+17,5.540831611583028e+22,6.3578508252948144e-06,1.002775539439519e+20,0.0,0.0,9.976262363963394e+16,0.0,2.5173556062880057e+23,1.0011894596174488e+20,8.391185354293352e+22
1607889729729.7297,1750.236894868763,259456738.4416834,0,2.9615948309270656e+22,8.391185354293352e+22,2.5183567957476228e+23,9.98198057693693e+19,1.586079822070625e+17,5.540831611583028e+22,5.672588456255712e-06,1.002775539439519e+20,0.0,0.0,9.976262363963394e+16,0.0,2.5173556062880057e+23,1.0011894596174488e+20,8.391185354293352e+22
1611048648648.649,1748.1744919117273,259407530.46084824,0,2.9615948309270656e+22,8.391185354293352e+22,2.5183567957476228e+23,9.98198057693693e+19,1.586079822070625e+17,5.540831611583028e+22,5.061185088839112e-06,1.002775539439519e+20,0.0,0.0,9.976262363963394e+16,0.0,2.5173556062880057e+23,1.0011894596174488e+20,8.391185354293352e+22
1614207567567.5676,1746.1120889546914,259358486.4649083,0,2.9615948309270656e+22,8.391185354293352e+22,2.5183567957476228e+23,9.98198057693693e+19,1.586079822070625e+17,5.540831611583028e+22,4.515680046423707e-06,1.002775539439519e+20,0.0,0.0,9.976262363963394e+16,0.0,2.5173556062880057e+23,1.0011894596174488e+20,8.391185354293352e+22
1617366486486.4866,1744.0496859976556,259309606.91912064,0,2.9615948309270656e+22,8.391185354293352e+22,2.5183567957476228e+23,9.98198057693693e+19,1.586079822070625e+17,5.540831611583028e+22,4.028970670651049e-06,1.002775539439519e+20,0.0,0.0,9.976262363963394e+16,0.0,2.5173556062880057e+23,1.0011894596174488e+20,8.391185354293352e+22
1620525405405.4055,1741.9872830406198,259260892.29147074,0,2.9615948309270656e+22,8.391185354293352e+22,2.5183567957476228e+23,9.98198057693693e+19,1.586079822070625e+17,5.540831611583028e+22,3.594719842434837e-06,1.002775539439519e+20,0.0,0.0,9.976262363963394e+16,0.0,2.5173556062880057e+23,1.0011894596174488e+20,8.391185354293352e+22
1623684324324.3245,1739.924880083584,259212343.05268288,0,2.9615948309270656e+22,8.391185354293352e+22,2.5183567957476228e+23,9.98198057693693e+19,1.586079822070625e+17,5.540831611583028e+22,3.207273470547912e-06,1.002775539439519e+20,0.0,0.0,9.976262363963394e+16,0.0,2.5173556062880057e+23,1.0011894596174488e+20,8.391185354293352e+22
1626843243243.2434,1737.8624771265481,259163959.6762299,0,2.9615948309270656e+22,8.391185354293352e+22,2.5183567957476228e+23,9.98198057693693e+19,1.586079822070625e+17,5.540831611583028e+22,2.8615868734607567e-06,1.002775539439519e+20,0.0,0.0,9.976262363963394e+16,0.0,2.5173556062880057e+23,1.0011894596174488e+20,8.391185354293352e+22
1630002162162.1624,1735.8000741695123,259115742.63834277,0,2.9615948309270656e+22,8.391185354293352e+22,2.5183567957476228e+23,9.98198057693693e+19,1.586079822070625e+17,5.540831611583028e+22,2.553159095898362e-06,1.002775539439519e+20,0.0,0.0,9.976262363963394e+16,0.0,2.5173556062880057e+23,1.0011894596174488e+20,8.391185354293352e+22
1633161081081.0813,1733.7376712124765,259067692.41801867,0,2.9615948309270656e+22,8.391185354293352e+22,2.5183567957476228e+23,9.98198057693693e+19,1.586079822070625e+17,5.540831611583028e+22,2.277974304895041e-06,1.002775539439519e+20,0.0,0.0,9.976262363963394e+16,0.0,2.5173556062880057e+23,1.0011894596174488e+20,8.391185354293352e+22
1636320000000.0,1731.6752682554406,259019809.49702945,0,2.9615948309270656e+22,8.391185354293352e+22,2.5183567957476228e+23,9.98198057693693e+19,1.586079822070625e+17,5.540831611583028e+22,2.0324495023041916e-06,1.002775539439519e+20,0.0,0.0,9.976262363963394e+16,0.0,2.5173556062880057e+23,1.0011894596174488e+20,8.391185354293352e+22
1639478918918.919,1729.6128652984048,258972094.35992858,0,2.9615948309270656e+22,8.391185354293352e+22,2.5183567957476228e+23,9.98198057693693e+19,1.586079822070625e+17,5.540831611583028e+22,1.8133878729623719e-06,1.002775539439519e+20,0.0,0.0,9.976262363963394e+16,0.0,2.5173556062880057e+23,1.0011894596174488e+20,8.391185354293352e+22
1642637837837.8381,1727.550462341369,258924547.49405792,0,2.9615948309270656e+22,8.391185354293352e+22,2.5183567957476228e+23,9.98198057693693e+19,1.586079822070625e+17,5.540831611583028e+22,1.6179371610851626e-06,1.002775539439519e+20,0.0,0.0,9.976262363963394e+16,0.0,2.5173556062880057e+23,1.0011894596174488e+20,8.391185354293352e+22
1645796756756.7568,1725.4880593843332,258877169.3895536,0,2.9615948309270656e+22,8.391185354293352e+22,2.5183567957476228e+23,9.98198057693693e+19,1.586079822070625e+17,5.540831611583028e+22,1.4435525329415466e-06,1.002775539439519e+20,0.0,0.0,9.976262363963394e+16,0.0,2.5173556062880057e+23,1.0011894596174488e+20,8.391185354293352e+22
1648955675675.6758,1723.4256564272973,258829960.53935102,0,2.9615948309270656e+22,8.391185354293352e+22,2.5183567957476228e+23,9.98198057693693e+19,1.586079822070625e+17,5.540831611583028e+22,1.2879634422663888e-06,1.002775539439519e+20,0.0,0.0,9.976262363963394e+16,0.0,2.5173556062880057e+23,1.0011894596174488e+20,8.391185354293352e+22
1652114594594.5947,1721.3632534702615,258782921.43918905,0,2.9615948309270656e+22,8.391185354293352e+22,2.5183567957476228e+23,9.98198057693693e+19,1.586079822070625e+17,5.540831611583028e+22,1.14914406698759e-06,1.002775539439519e+20,0.0,0.0,9.976262363963394e+16,0.0,2.5173556062880057e+23,1.0011894596174488e+20,8.391185354293352e+22
1655273513513.5134,1719.3008505132257,258736052.58761385,0,2.9615948309270656e+22,8.391185354293352e+22,2.5183567957476228e+23,9.98198057693693e+19,1.586079822070625e+17,5.540831611583028e+22,1.0252869323441973e-06,1.002775539439519e+20,0.0,0.0,9.976262363963394e+16,0.0,2.5173556062880057e+23,1.0011894596174488e+20,8.391185354293352e+22
1658432432432.4326,1717.2384475561898,258689354.48598117,0,2.9615948309270656e+22,8.391185354293352e+22,2.5183567957476228e+23,9.98198057693693e+19,1.586079822070625e+17,5.540831611583028e+22,9.147793769596402e-07,1.002775539439519e+20,0.0,0.0,9.976262363963394e+16,0.0,2.5173556062880057e+23,1.0011894596174488e+20,8.391185354293352e+22
1661591351351.3516,1715.176044599154,258642827.6384582,0,2.9615948309270656e+22,8.391185354293352e+22,2.5183567957476228e+23,9.98198057693693e+19,1.586079822070625e+17,5.540831611583028e+22,8.161825554504772e-07,1.002775539439519e+20,0.0,0.0,9.976262363963394e+16,0.0,2.5173556062880057e+23,1.0011894596174488e+20,8.391185354293352e+22
1664750270270.2703,1713.1136416421182,258596472.55202422,0,2.9615948309270656e+22,8.391185354293352e+22,2.5183567957476228e+23,9.98198057693693e+19,1.586079822070625e+17,5.540831611583028e+22,7.282127041775907e-07,1.002775539439519e+20,0.0,0.0,9.976262363963394e+16,0.0,2.5173556062880057e+23,1.0011894596174488e+20,8.391185354293352e+22
1667909189189.1892,1711.0512386850824,258550289.73647085,0,2.9615948309270656e+22,8.391185354293352e+22,2.5183567957476228e+23,9.98198057693693e+19,1.586079822070625e+17,5.540831611583028e+22,6.497244262136347e-07,1.002775539439519e+20,0.0,0.0,9.976262363963394e+16,0.0,2.5173556062880057e+23,1.0011894596174488e+20,8.391185354293352e+22
1671068108108.1082,1708.9888357280465,258504279.70440024,0,2.9615948309270656e+22,8.391185354293352e+22,2.5183567957476228e+23,9.98198057693693e+19,1.586079822070625e+17,5.540831611583028e+22,5.796957778914116e-07,1.002775539439519e+20,0.0,0.0,9.976262363963394e+16,0.0,2.5173556062880057e+23,1.0011894596174488e+20,8.391185354293352e+22
1674227027027.0273,1706.9264327710107,258458442.97122338,0,2.9615948309270656e+22,8.391185354293352e+22,2.5183567957476228e+23,9.98198057693693e+19,1.586079822070625e+17,5.540831611583028e+22,5.172149627550461e-07,1.002775539439519e+20,0.0,0.0,9.976262363963394e+16,0.0,2.5173556062880057e+23,1.0011894596174488e+20,8.391185354293352e+22
1677385945945.946,1704.8640298139749,258412780.05515653,0,2.9615948309270656e+22,8.391185354293352e+22,2.5183567957476228e+23,9.98198057693693e+19,1.586079822070625e+17,5.540831611583028e+22,4.6146845966474133e-07,1.002775539439519e+20,0.0,0.0,9.976262363963394e+16,0.0,2.5173556062880057e+23,1.0011894596174488e+20,8.391185354293352e+22
1680544864864.865,1702.801626856939,258367291.47721675,0,2.9615948309270656e+22,8.391185354293352e+22,2.5183567957476228e+23,9.98198057693693e+19,1.586079822070625e+17,5.540831611583028e+22,4.1173043047906555e-07,1.002775539439519e+20,0.0,0.0,9.976262363963394e+16,0.0,2.5173556062880057e+23,1.0011894596174488e+20,8.391185354293352e+22
1683703783783.784,1700.7392238999032,258321977.76121667,0,2.9615948309270656e+22,8.391185354293352e+22,2.5183567957476228e+23,9.98198057693693e+19,1.586079822070625e+17,5.540831611583028e+22,3.673532693992456e-07,1.002775539439519e+20,0.0,0.0,9.976262363963394e+16,0.0,2.5173556062880057e+23,1.0011894596174488e+20,8.391185354293352e+22
1686862702702.7026,1698.6768209428674,258276839.4337571,0,2.9615948309270656e+22,8.391185354293352e+22,2.5183567957476228e+23,9.98198057693693e+19,1.586079822070625e+17,5.540831611583028e+22,3.27759170924764e-07,1.002775539439519e+20,0.0,0.0,9.976262363963394e+16,0.0,2.5173556062880057e+23,1.0011894596174488e+20,8.391185354293352e+22
1690021621621.6218,1696.6144179858316,258231877.02421942,0,2.9615948309270656e+22,8.391185354293352e+22,2.5183567957476228e+23,9.98198057693693e+19,1.586079822070625e+17,5.540831611583028e+22,2.9243260663221767e-07,1.002775539439519e+20,0.0,0.0,9.976262363963394e+16,0.0,2.5173556062880057e+23,1.0011894596174488e+20,8.391185354293352e+22
1693180540540.5408,1694.5520150287957,258187091.0647561,0,2.9615948309270656e+22,8.391185354293352e+22,2.5183567957476228e+23,9.98198057693693e+19,1.586079822070625e+17,5.540831611583028e+22,2.60913612822579e-07,1.002775539439519e+20,0.0,0.0,9.976262363963394e+16,0.0,2.5173556062880057e+23,1.0011894596174488e+20,8.391185354293352e+22
1696339459459.4595,1692.48961207176,258142482.09027985,0,2.9615948309270656e+22,8.391185354293352e+22,2.5183567957476228e+23,9.98198057693693e+19,1.586079822070625e+17,5.540831611583028e+22,2.3279180163977873e-07,1.002775539439519e+20,0.0,0.0,9.976262363963394e+16,0.0,2.5173556062880057e+23,1.0011894596174488e+20,8.391185354293352e+22
1699498378378.3784,1690.427209114724,258098050.6384517,0,2.9615948309270656e+22,8.391185354293352e+22,2.5183567957476228e+23,9.98198057693693e+19,1.586079822070625e+17,5.540831611583028e+22,2.0770101768336866e-07,1.002775539439519e+20,0.0,0.0,9.976262363963394e+16,0.0,2.5173556062880057e+23,1.0011894596174488e+20,8.391185354293352e+22
1702657297297.2974,1688.3648061576882,258053797.2496673,0,2.9615948309270656e+22,8.391185354293352e+22,2.5183567957476228e+23,9.98198057693693e+19,1.586079822070625e+17,5.540831611583028e+22,1.853145705425712e-07,1.002775539439519e+20,0.0,0.0,9.976262363963394e+16,0.0,2.5173556062880057e+23,1.0011894596174488e+20,8.391185354293352e+22
1705816216216.2163,1686.3024032006524,258009722.46704182,0,2.9615948309270656e+22,8.391185354293352e+22,2.5183567957476228e+23,9.98198057693693e+19,1.586079822070625e+17,5.540831611583028e+22,1.6534098117771258e-07,1.002775539439519e+20,0.0,0.0,9.976262363963394e+16,0.0,2.5173556062880057e+23,1.0011894596174488e+20,8.391185354293352e+22
1708975135135.1353,1684.2400002436166,257965826.83639365,0,2.9615948309270656e+22,8.391185354293352e+22,2.5183567957476228e+23,9.98198057693693e+19,1.586079822070625e+17,5.540831611583028e+22,1.4752018676550094e-07,1.002775539439519e+20,0.0,0.0,9.976262363963394e+16,0.0,2.5173556062880057e+23,1.0011894596174488e+20,8.391185354293352e+22
1712134054054.0542,1682.1775972865807,257922110.9062257,0,2.9615948309270656e+22,8.391185354293352e+22,2.5183567957476228e+23,9.98198057693693e+19,1.586079822070625e+17,5.540831611583028e+22,1.3162015459396434e-07,1.002775539439519e+20,0.0,0.0,9.976262363963394e+16,0.0,2.5173556062880057e+23,1.0011894596174488e+20,8.391185354293352e+22
1715292972972.9731,1680.115194329545,257878575.22770575,0,2.9615948309270656e+22,8.391185354293352e+22,2.5183567957476228e+23,9.98198057693693e+19,1.586079822070625e+17,5.540831611583028e+22,1.17433860918826e-07,1.002775539439519e+20,0.0,0.0,9.976262363963394e+16,0.0,2.5173556062880057e+23,1.0011894596174488e+20,8.391185354293352e+22
1718451891891.8918,1678.052791372509,257835220.35464492,0,2.9615948309270656e+22,8.391185354293352e+22,2.5183567957476228e+23,9.98198057693693e+19,1.586079822070625e+17,5.540831611583028e+22,1.0477659544501527e-07,1.002775539439519e+20,0.0,0.0,9.976262363963394e+16,0.0,2.5173556062880057e+23,1.0011894596174488e+20,8.391185354293352e+22
1721610810810.811,1675.9903884154733,257792046.84347424,0,2.9615948309270656e+22,8.391185354293352e+22,2.5183567957476228e+23,9.98198057693693e+19,1.586079822070625e+17,5.540831611583028e+22,9.348355633676072e-08,1.002775539439519e+20,0.0,0.0,9.976262363963394e+16,0.0,2.5173556062880057e+23,1.0011894596174488e+20,8.391185354293352e+22
1724769729729.73,1673.9279854584374,257749055.25321925,0,2.9615948309270656e+22,8.391185354293352e+22,2.5183567957476228e+23,9.98198057693693e+19,1.586079822070625e+17,5.540831611583028e+22,8.340770444249131e-08,1.002775539439519e+20,0.0,0.0,9.976262363963394e+16,0.0,2.5173556062880057e+23,1.0011894596174488e+20,8.391185354293352e+22
1727928648648.6487,1671.8655825014016,257706246.14547294,0,2.9615948309270656e+22,8.391185354293352e+22,2.5183567957476228e+23,9.98198057693693e+19,1.586079822070625e+17,5.540831611583028e+22,7.441784879583502e-08,1.002775539439519e+20,0.0,0.0,9.976262363963394e+16,0.0,2.5173556062880057e+23,1.0011894596174488e+20,8.391185354293352e+22
1731087567567.5676,1669.8031795443658,257663620.08436674,0,2.9615948309270656e+22,8.391185354293352e+22,2.5183567957476228e+23,9.98198057693693e+19,1.586079822070625e+17,5.540831611583028e+22,6.639693846529687e-08,1.002775539439519e+20,0.0,0.0,9.976262363963394e+16,0.0,2.5173556062880057e+23,1.0011894596174488e+20,8.391185354293352e+22
1734246486486.4866,1667.74077658733,257621177.63653937,0,2.9615948309270656e+22,8.391185354293352e+22,2.5183567957476228e+23,9.98198057693693e+19,1.586079822070625e+17,5.540831611583028e+22,5.924053851192693e-08,1.002775539439519e+20,0.0,0.0,9.976262363963394e+16,0.0,2.5173556062880057e+23,1.0011894596174488e+20,8.391185354293352e+22
1737405405405.4055,1665.6783736302941,257578919.37110347,0,2.9615948309270656e+22,8.391185354293352e+22,2.5183567957476228e+23,9.98198057693693e+19,1.586079822070625e+17,5.540831611583028e+22,5.285547021143675e-08,1.002775539439519e+20,0.0,0.0,9.976262363963394e+16,0.0,2.5173556062880057e+23,1.0011894596174488e+20,8.391185354293352e+22
1740564324324.3245,1663.6159706732583,257536845.85961035,0,2.9615948309270656e+22,8.391185354293352e+22,2.5183567957476228e+23,9.98198057693693e+19,1.586079822070625e+17,5.540831611583028e+22,4.715859783600077e-08,1.002775539439519e+20,0.0,0.0,9.976262363963394e+16,0.0,2.5173556062880057e+23,1.0011894596174488e+20,8.391185354293352e+22
1743723243243.2434,1661.5535677162225,257494957.6760122,0,2.9615948309270656e+22,8.391185354293352e+22,2.5183567957476228e+23,9.98198057693693e+19,1.586079822070625e+17,5.540831611583028e+22,4.207574619923534e-08,1.002775539439519e+20,0.0,0.0,9.976262363963394e+16,0.0,2.5173556062880057e+23,1.0011894596174488e+20,8.391185354293352e+22
1746882162162.162,1659.4911647591866,257453255.3966222,0,2.9615948309270656e+22,8.391185354293352e+22,2.5183567957476228e+23,9.98198057693693e+19,1.586079822070625e+17,5.540831611583028e+22,3.754073487042848e-08,1.002775539439519e+20,0.0,0.0,9.976262363963394e+16,0.0,2.5173556062880057e+23,1.0011894596174488e+20,8.391185354293352e+22
1750041081081.081,1657.4287618021508,257411739.60007226,0,2.9615948309270656e+22,8.391185354293352e+22,2.5183567957476228e+23,9.98198057693693e+19,1.586079822070625e+17,5.540831611583028e+22,3.3494516483166176e-08,1.002775539439519e+20,0.0,0.0,9.976262363963394e+16,0.0,2.5173556062880057e+23,1.0011894596174488e+20,8.391185354293352e+22
1753200000000.0002,1655.366358845115,257370410.86726803,0,2.9615948309270656e+22,8.391185354293352e+22,2.5183567957476228e+23,9.98198057693693e+19,1.586079822070625e+17,5.540831611583028e+22,2.988440791884492e-08,1.002775539439519e+20,0.0,0.0,9.976262363963394e+16,0.0,2.5173556062880057e+23,1.0011894596174488e+20,8.391185354293352e+22
1756358918918.9192,1653.3039558880791,257329269.78134185,0,2.9615948309270656e+22,8.391185354293352e+22,2.5183567957476228e+23,9.98198057693693e+19,1.586079822070625e+17,5.540831611583028e+22,2.6663404354822328e-08,1.002775539439519e+20,0.0,0.0,9.976262363963394e+16,0.0,2.5173556062880057e+23,1.0011894596174488e+20,8.391185354293352e+22
1759517837837.838,1651.2415529310433,257288316.92760244,0,2.9615948309270656e+22,8.391185354293352e+22,2.5183567957476228e+23,9.98198057693693e+19,1.586079822070625e+17,5.540831611583028e+22,2.3789567245882952e-08,1.002775539439519e+20,0.0,0.0,9.976262363963394e+16,0.0,2.5173556062880057e+23,1.0011894596174488e+20,8.391185354293352e+22
1762676756756.7568,1649.1791499740075,257247552.89348254,0,2.9615948309270656e+22,8.391185354293352e+22,2.5183567957476228e+23,9.98198057693693e+19,1.586079822070625e+17,5.540831611583028e+22,2.1225478270333126e-08,1.002775539439519e+20,0.0,0.0,9.976262363963394e+16,0.0,2.5173556062880057e+23,1.0011894596174488e+20,8.391185354293352e+22
1765835675675.6758,1647.1167470169717,257206978.2684834,0,2.9615948309270656e+22,8.391185354293352e+22,2.5183567957476228e+23,9.98198057693693e+19,1.586079822070625e+17,5.540831611583028e+22,1.8937752130919968e-08,1.002775539439519e+20,0.0,0.0,9.976262363963394e+16,0.0,2.5173556062880057e+23,1.0011894596174488e+20,8.391185354293352e+22
1768994594594.5947,1645.0543440599358,257166593.64411628,0,2.9615948309270656e+22,8.391185354293352e+22,2.5183567957476228e+23,9.98198057693693e+19,1.586079822070625e+17,5.540831611583028e+22,1.6896601867079392e-08,1.002775539439519e+20,0.0,0.0,9.976262363963394e+16,0.0,2.5173556062880057e+23,1.0011894596174488e+20,8.391185354293352e+22
1772153513513.5137,1642.9919411029,257126399.6138416,0,2.9615948309270656e+22,8.391185354293352e+22,2.5183567957476228e+23,9.98198057693693e+19,1.586079822070625e+17,5.540831611583028e+22,1.507545101873302e-08,1.002775539439519e+20,0.0,0.0,9.976262363963394e+16,0.0,2.5173556062880057e+23,1.0011894596174488e+20,8.391185354293352e+22
1775312432432.4326,1640.9295381458642,257086396.77300435,0,2.9615948309270656e+22,8.391185354293352e+22,2.5183567957476228e+23,9.98198057693693e+19,1.586079822070625e+17,5.540831611583028e+22,1.345058759187668e-08,1.002775539439519e+20,0.0,0.0,9.976262363963394e+16,0.0,2.5173556062880057e+23,1.0011894596174488e+20,8.391185354293352e+22
1778471351351.3513,1638.8671351888283,257046585.7187667,0,2.9615948309270656e+22,8.391185354293352e+22,2.5183567957476228e+23,9.98198057693693e+19,1.586079822070625e+17,5.540831611583028e+22,1.2000855320476624e-08,1.002775539439519e+20,0.0,0.0,9.976262363963394e+16,0.0,2.5173556062880057e+23,1.0011894596174488e+20,8.391185354293352e+22
1781630270270.2703,1636.8047322317925,257006967.0500376,0,2.9615948309270656e+22,8.391185354293352e+22,2.5183567957476228e+23,9.98198057693693e+19,1.586079822070625e+17,5.540831611583028e+22,1.0707378204799882e-08,1.002775539439519e+20,0.0,0.0,9.976262363963394e+16,0.0,2.5173556062880057e+23,1.0011894596174488e+20,8.391185354293352e+22
1784789189189.1895,1634.7423292747567,256967541.36739856,0,2.9615948309270656e+22,8.391185354293352e+22,2.5183567957476228e+23,9.98198057693693e+19,1.586079822070625e+17,5.540831611583028e+22,9.553314739575595e-09,1.002775539439519e+20,0.0,0.0,9.976262363963394e+16,0.0,2.5173556062880057e+23,1.0011894596174488e+20,8.391185354293352e+22
1787948108108.1082,1632.6799263177209,256928309.27302656,0,2.9615948309270656e+22,8.391185354293352e+22,2.5183567957476228e+23,9.98198057693693e+19,1.586079822070625e+17,5.540831611583028e+22,8.523638631955661e-09,1.002775539439519e+20,0.0,0.0,9.976262363963394e+16,0.0,2.5173556062880057e+23,1.0011894596174488e+20,8.391185354293352e+22
1791107027027.027,1630.617523360685,256889271.37061292,0,2.9615948309270656e+22,8.391185354293352e+22,2.5183567957476228e+23,9.98198057693693e+19,1.586079822070625e+17,5.540831611583028e+22,7.604943154149085e-09,1.002775539439519e+20,0.0,0.0,9.976262363963394e+16,0.0,2.5173556062880057e+23,1.0011894596174488e+20,8.391185354293352e+22
1794265945945.946,1628.5551204036492,256850428.2652792,0,2.9615948309270656e+22,8.391185354293352e+22,2.5183567957476228e+23,9.98198057693693e+19,1.586079822070625e+17,5.540831611583028e+22,6.785266583335825e-09,1.002775539439519e+20,0.0,0.0,9.976262363963394e+16,0.0,2.5173556062880057e+23,1.0011894596174488e+20,8.391185354293352e+22
1797424864864.865,1626.4927174466134,256811780.56348872,0,2.9615948309270656e+22,8.391185354293352e+22,2.5183567957476228e+23,9.98198057693693e+19,1.586079822070625e+17,5.540831611583028e+22,6.053936456029329e-09,1.002775539439519e+20,0.0,0.0,9.976262363963394e+16,0.0,2.5173556062880057e+23,1.0011894596174488e+20,8.391185354293352e+22
1800583783783.784,1624.4303144895775,256773328.87295488,0,2.9615948309270656e+22,8.391185354293352e+22,2.5183567957476228e+23,9.98198057693693e+19,1.586079822070625e+17,5.540831611583028e+22,5.40143060902741e-09,1.002775539439519e+20,0.0,0.0,9.976262363963394e+16,0.0,2.5173556062880057e+23,1.0011894596174488e+20,8.391185354293352e+22
1803742702702.703,1622.3679115325417,256735073.802545,0,2.9615948309270656e+22,8.391185354293352e+22,2.5183567957476228e+23,9.98198057693693e+19,1.586079822070625e+17,5.540831611583028e+22,4.819253197658087e-09,1.002775539439519e+20,0.0,0.0,9.976262363963394e+16,0.0,2.5173556062880057e+23,1.0011894596174488e+20,8.391185354293352e+22
1806901621621.6218,1620.3055085755059,256697015.96218085,0,2.9615948309270656e+22,8.391185354293352e+22,2.5183567957476228e+23,9.98198057693693e+19,1.586079822070625e+17,5.540831611583028e+22,4.299824077036447e-09,1.002775539439519e+20,0.0,0.0,9.976262363963394e+16,0.0,2.5173556062880057e+23,1.0011894596174488e+20,8.391185354293352e+22
1810060540540.5405,1618.24310561847,256659155.9627342,0,2.9615948309270656e+22,8.391185354293352e+22,2.5183567957476228e+23,9.98198057693693e+19,1.586079822070625e+17,5.540831611583028e+22,3.836380106039418e-09,1.002775539439519e+20,0.0,0.0,9.976262363963394e+16,0.0,2.5173556062880057e+23,1.0011894596174488e+20,8.391185354293352e+22
1813219459459.4595,1616.1807026614342,256621494.41591907,0,2.9615948309270656e+22,8.391185354293352e+22,2.5183567957476228e+23,9.98198057693693e+19,1.586079822070625e+17,5.540831611583028e+22,3.4228870889431647e-09,1.002775539439519e+20,0.0,0.0,9.976262363963394e+16,0.0,2.5173556062880057e+23,1.0011894596174488e+20,8.391185354293352e+22
1816378378378.3787,1614.1182997043984,256584031.93417886,0,2.9615948309270656e+22,8.391185354293352e+22,2.5183567957476228e+23,9.98198057693693e+19,1.586079822070625e+17,5.540831611583028e+22,3.0539612081737323e-09,1.002775539439519e+20,0.0,0.0,9.976262363963394e+16,0.0,2.5173556062880057e+23,1.0011894596174488e+20,8.391185354293352e+22
1819537297297.2974,1612.0558967473626,256546769.13056964,0,2.9615948309270656e+22,8.391185354293352e+22,2.5183567957476228e+23,9.98198057693693e+19,1.586079822070625e+17,5.540831611583028e+22,2.7247989251990275e-09,1.002775539439519e+20,0.0,0.0,9.976262363963394e+16,0.0,2.5173556062880057e+23,1.0011894596174488e+20,8.391185354293352e+22
1822696216216.2163,1609.9934937903267,256509706.6186382,0,2.9615948309270656e+22,8.391185354293352e+22,2.5183567957476228e+23,9.98198057693693e+19,1.586079822070625e+17,5.540831611583028e+22,2.43111443684828e-09,1.002775539439519e+20,0.0,0.0,9.976262363963394e+16,0.0,2.5173556062880057e+23,1.0011894596174488e+20,8.391185354293352e+22
1825855135135.1353,1607.931090833291,256472845.01229635,0,2.9615948309270656e+22,8.391185354293352e+22,2.5183567957476228e+23,9.98198057693693e+19,1.586079822070625e+17,5.540831611583028e+22,2.1690838727193134e-09,1.002775539439519e+20,0.0,0.0,9.976262363963394e+16,0.0,2.5173556062880057e+23,1.0011894596174488e+20,8.391185354293352e+22
1829014054054.054,1605.868687876255,256436184.92568958,0,2.9615948309270656e+22,8.391185354293352e+22,2.5183567957476228e+23,9.98198057693693e+19,1.586079822070625e+17,5.540831611583028e+22,1.9352955071051795e-09,1.002775539439519e+20,0.0,0.0,9.976262363963394e+16,0.0,2.5173556062880057e+23,1.0011894596174488e+20,8.391185354293352e+22
1832172972972.9731,1603.8062849192193,256399726.97306135,0,2.9615948309270656e+22,8.391185354293352e+22,2.5183567957476228e+23,9.98198057693693e+19,1.586079822070625e+17,5.540831611583028e+22,1.726705337182762e-09,1.002775539439519e+20,0.0,0.0,9.976262363963394e+16,0.0,2.5173556062880057e+23,1.0011894596174488e+20,8.391185354293352e+22
1835331891891.892,1601.7438819621834,256363471.76861206,0,2.9615948309270656e+22,8.391185354293352e+22,2.5183567957476228e+23,9.98198057693693e+19,1.586079822070625e+17,5.540831611583028e+22,1.5405974490764924e-09,1.002775539439519e+20,0.0,0.0,9.976262363963394e+16,0.0,2.5173556062880057e+23,1.0011894596174488e+20,8.391185354293352e+22
1838490810810.811,1599.6814790051476,256327419.9263531,0,2.9615948309270656e+22,8.391185354293352e+22,2.5183567957476228e+23,9.98198057693693e+19,1.586079822070625e+17,5.540831611583028e+22,1.3745486557500459e-09,1.002775539439519e+20,0.0,0.0,9.976262363963394e+16,0.0,2.5173556062880057e+23,1.0011894596174488e+20,8.391185354293352e+22
1841649729729.7297,1597.6190760481118,256291572.05995572,0,2.9615948309270656e+22,8.391185354293352e+22,2.5183567957476228e+23,9.98198057693693e+19,1.586079822070625e+17,5.540831611583028e+22,1.2263969462995315e-09,1.002775539439519e+20,0.0,0.0,9.976262363963394e+16,0.0,2.5173556062880057e+23,1.0011894596174488e+20,8.391185354293352e+22
1844808648648.6487,1595.556673091076,256255928.782594,0,2.9615948309270656e+22,8.391185354293352e+22,2.5183567957476228e+23,9.98198057693693e+19,1.586079822070625e+17,5.540831611583028e+22,1.0942133358473991e-09,1.002775539439519e+20,0.0,0.0,9.976262363963394e+16,0.0,2.5173556062880057e+23,1.0011894596174488e+20,8.391185354293352e+22
1847967567567.5679,1593.49427013404,256220490.70678324,0,2.9615948309270656e+22,8.391185354293352e+22,2.5183567957476228e+23,9.98198057693693e+19,1.586079822070625e+17,5.540831611583028e+22,9.762767495132587e-10,1.002775539439519e+20,0.0,0.0,9.976262363963394e+16,0.0,2.5173556062880057e+23,1.0011894596174488e+20,8.391185354293352e+22
1851126486486.4866,1591.4318671770043,256185258.4442119,0,2.9615948309270656e+22,8.391185354293352e+22,2.5183567957476228e+23,9.98198057693693e+19,1.586079822070625e+17,5.540831611583028e+22,8.710516134424971e-10,1.002775539439519e+20,0.0,0.0,9.976262363963394e+16,0.0,2.5173556062880057e+23,1.0011894596174488e+20,8.391185354293352e+22
1854285405405.4055,1589.3694642199684,256150232.6055683,0,2.9615948309270656e+22,8.391185354293352e+22,2.5183567957476228e+23,9.98198057693693e+19,1.586079822070625e+17,5.540831611583028e+22,7.771678611203813e-10,1.002775539439519e+20,0.0,0.0,9.976262363963394e+16,0.0,2.5173556062880057e+23,1.0011894596174488e+20,8.391185354293352e+22
1857444324324.3245,1587.3070612629326,256115413.8003613,0,2.9615948309270656e+22,8.391185354293352e+22,2.5183567957476228e+23,9.98198057693693e+19,1.586079822070625e+17,5.540831611583028e+22,6.934030946471589e-10,1.002775539439519e+20,0.0,0.0,9.976262363963394e+16,0.0,2.5173556062880057e+23,1.0011894596174488e+20,8.391185354293352e+22
1860603243243.2432,1585.2446583058968,256080802.6367352,0,2.9615948309270656e+22,8.391185354293352e+22,2.5183567957476228e+23,9.98198057693693e+19,1.586079822070625e+17,5.540831611583028e+22,6.186666687079857e-10,1.002775539439519e+20,0.0,0.0,9.976262363963394e+16,0.0,2.5173556062880057e+23,1.0011894596174488e+20,8.391185354293352e+22
1863762162162.1624,1583.182255348861,256046399.7212782,0,2.9615948309270656e+22,8.391185354293352e+22,2.5183567957476228e+23,9.98198057693693e+19,1.586079822070625e+17,5.540831611583028e+22,5.519854900056361e-10,1.002775539439519e+20,0.0,0.0,9.976262363963394e+16,0.0,2.5173556062880057e+23,1.0011894596174488e+20,8.391185354293352e+22
1866921081081.0813,1581.1198523918251,256012205.65882525,0,2.9615948309270656e+22,8.391185354293352e+22,2.5183567957476228e+23,9.98198057693693e+19,1.586079822070625e+17,5.540831611583028e+22,4.92491347259855e-10,1.002775539439519e+20,0.0,0.0,9.976262363963394e+16,0.0,2.5173556062880057e+23,1.0011894596174488e+20,8.391185354293352e+22
1870080000000.0,1579.0574494347893,255978221.05225405,0,2.9615948309270656e+22,8.391185354293352e+22,2.5183567957476228e+23,9.98198057693693e+19,1.586079822070625e+17,5.540831611583028e+22,4.394096068056979e-10,1.002775539439519e+20,0.0,0.0,9.976262363963394e+16,0.0,2.5173556062880057e+23,1.0011894596174488e+20,8.391185354293352e+22
1873238918918.919,1576.9950464777535,255944446.50227484,0,2.9615948309270656e+22,8.391185354293352e+22,2.5183567957476228e+23,9.98198057693693e+19,1.586079822070625e+17,5.540831611583028e+22,3.9204912660376573e-10,1.002775539439519e+20,0.0,0.0,9.976262363963394e+16,0.0,2.5173556062880057e+23,1.0011894596174488e+20,8.391185354293352e+22
1876397837837.838,1574.9326435207176,255910882.60721382,0,2.9615948309270656e+22,8.391185354293352e+22,2.5183567957476228e+23,9.98198057693693e+19,1.586079822070625e+17,5.540831611583028e+22,3.497932573393669e-10,1.002775539439519e+20,0.0,0.0,9.976262363963394e+16,0.0,2.5173556062880057e+23,1.0011894596174488e+20,8.391185354293352e+22
1879556756756.757,1572.8702405636818,255877529.9627898,0,2.9615948309270656e+22,8.391185354293352e+22,2.5183567957476228e+23,9.98198057693693e+19,1.586079822070625e+17,5.540831611583028e+22,3.120918134419058e-10,1.002775539439519e+20,0.0,0.0,9.976262363963394e+16,0.0,2.5173556062880057e+23,1.0011894596174488e+20,8.391185354293352e+22
1882715675675.6758,1570.807837606646,255844389.16188383,0,2.9615948309270656e+22,8.391185354293352e+22,2.5183567957476228e+23,9.98198057693693e+19,1.586079822070625e+17,5.540831611583028e+22,2.784539094844796e-10,1.002775539439519e+20,0.0,0.0,9.976262363963394e+16,0.0,2.5173556062880057e+23,1.0011894596174488e+20,8.391185354293352e+22
1885874594594.5947,1568.7454346496102,255811460.7943024,0,2.9615948309270656e+22,8.391185354293352e+22,2.5183567957476228e+23,9.98198057693693e+19,1.586079822070625e+17,5.540831611583028e+22,2.4844156869120747e-10,1.002775539439519e+20,0.0,0.0,9.976262363963394e+16,0.0,2.5173556062880057e+23,1.0011894596174488e+20,8.391185354293352e+22
1889033513513.5137,1566.6830316925743,255778745.44653362,0,2.9615948309270656e+22,8.391185354293352e+22,2.5183567957476228e+23,9.98198057693693e+19,1.586079822070625e+17,5.540831611583028e+22,2.2166402033291717e-10,1.002775539439519e+20,0.0,0.0,9.976262363963394e+16,0.0,2.5173556062880057e+23,1.0011894596174488e+20,8.391185354293352e+22
1892192432432.4326,1564.6206287355385,255746243.70149598,0,2.9615948309270656e+22,8.391185354293352e+22,2.5183567957476228e+23,9.98198057693693e+19,1.586079822070625e+17,5.540831611583028e+22,1.9777261176137001e-10,1.002775539439519e+20,0.0,0.0,9.976262363963394e+16,0.0,2.5173556062880057e+23,1.0011894596174488e+20,8.391185354293352e+22
1895351351351.3516,1562.5582257785027,255713956.1382804,0,2.9615948309270656e+22,8.391185354293352e+22,2.5183567957476228e+23,9.98198057693693e+19,1.586079822070625e+17,5.540831611583028e+22,1.764562688350066e-10,1.002775539439519e+20,0.0,0.0,9.976262363963394e+16,0.0,2.5173556062880057e+23,1.0011894596174488e+20,8.391185354293352e+22
1898510270270.2705,1560.4958228214668,255681883.3318847,0,2.9615948309270656e+22,8.391185354293352e+22,2.5183567957476228e+23,9.98198057693693e+19,1.586079822070625e+17,5.540831611583028e+22,1.5743744562943533e-10,1.002775539439519e+20,0.0,0.0,9.976262363963394e+16,0.0,2.5173556062880057e+23,1.0011894596174488e+20,8.391185354293352e+22
1901669189189.1892,1558.433419864431,255650025.85294095,0,2.9615948309270656e+22,8.391185354293352e+22,2.5183567957476228e+23,9.98198057693693e+19,1.586079822070625e+17,5.540831611583028e+22,1.4046851069653856e-10,1.002775539439519e+20,0.0,0.0,9.976262363963394e+16,0.0,2.5173556062880057e+23,1.0011894596174488e+20,8.391185354293352e+22
1904828108108.1082,1556.3710169073952,255618384.26743516,0,2.9615948309270656e+22,8.391185354293352e+22,2.5183567957476228e+23,9.98198057693693e+19,1.586079822070625e+17,5.540831611583028e+22,1.2532852282007858e-10,1.002775539439519e+20,0.0,0.0,9.976262363963394e+16,0.0,2.5173556062880057e+23,1.0011894596174488e+20,8.391185354293352e+22
1907987027027.0273,1554.3086139503594,255586959.13641977,0,2.9615948309270656e+22,8.391185354293352e+22,2.5183567957476228e+23,9.98198057693693e+19,1.586079822070625e+17,5.540831611583028e+22,1.1182035428706241e-10,1.002775539439519e+20,0.0,0.0,9.976262363963394e+16,0.0,2.5173556062880057e+23,1.0011894596174488e+20,8.391185354293352e+22
1911145945945.946,1552.2462109933235,255555751.01571816,0,2.9615948309270656e+22,8.391185354293352e+22,2.5183567957476228e+23,9.98198057693693e+19,1.586079822070625e+17,5.540831611583028e+22,9.976812421889453e-11,1.002775539439519e+20,0.0,0.0,9.976262363963394e+16,0.0,2.5173556062880057e+23,1.0011894596174488e+20,8.391185354293352e+22
1914304864864.865,1550.1838080362877,255524760.4556219,0,2.9615948309270656e+22,8.391185354293352e+22,2.5183567957476228e+23,9.98198057693693e+19,1.586079822070625e+17,5.540831611583028e+22,8.901490854342971e-11,1.002775539439519e+20,0.0,0.0,9.976262363963394e+16,0.0,2.5173556062880057e+23,1.0011894596174488e+20,8.391185354293352e+22
1917463783783.784,1548.1214050792519,255493988.00057998,0,2.9615948309270656e+22,8.391185354293352e+22,2.5183567957476228e+23,9.98198057693693e+19,1.586079822070625e+17,5.540831611583028e+22,7.942069679099509e-11,1.002775539439519e+20,0.0,0.0,9.976262363963394e+16,0.0,2.5173556062880057e+23,1.0011894596174488e+20,8.391185354293352e+22
1920622702702.703,1546.059002122216,255463434.1888806,0,2.9615948309270656e+22,8.391185354293352e+22,2.5183567957476228e+23,9.98198057693693e+19,1.586079822070625e+17,5.540831611583028e+22,7.086056911118123e-11,1.002775539439519e+20,0.0,0.0,9.976262363963394e+16,0.0,2.5173556062880057e+23,1.0011894596174488e+20,8.391185354293352e+22
1923781621621.6218,1543.9965991651802,255433099.55232474,0,2.9615948309270656e+22,8.391185354293352e+22,2.5183567957476228e+23,9.98198057693693e+19,1.586079822070625e+17,5.540831611583028e+22,6.322306977455038e-11,1.002775539439519e+20,0.0,0.0,9.976262363963394e+16,0.0,2.5173556062880057e+23,1.0011894596174488e+20,8.391185354293352e+22
1926940540540.5408,1541.9341962081444,255402984.61589217,0,2.9615948309270656e+22,8.391185354293352e+22,2.5183567957476228e+23,9.98198057693693e+19,1.586079822070625e+17,5.540831611583028e+22,5.640875598170924e-11,1.002775539439519e+20,0.0,0.0,9.976262363963394e+16,0.0,2.5173556062880057e+23,1.0011894596174488e+20,8.391185354293352e+22
1930099459459.4597,1539.8717932511086,255373089.89739937,0,2.9615948309270656e+22,8.391185354293352e+22,2.5183567957476228e+23,9.98198057693693e+19,1.586079822070625e+17,5.540831611583028e+22,5.0328903084754505e-11,1.002775539439519e+20,0.0,0.0,9.976262363963394e+16,0.0,2.5173556062880057e+23,1.0011894596174488e+20,8.391185354293352e+22
1933258378378.3784,1537.8093902940727,255343415.90714967,0,2.9615948309270656e+22,8.391185354293352e+22,2.5183567957476228e+23,9.98198057693693e+19,1.586079822070625e+17,5.540831611583028e+22,4.490434936264055e-11,1.002775539439519e+20,0.0,0.0,9.976262363963394e+16,0.0,2.5173556062880057e+23,1.0011894596174488e+20,8.391185354293352e+22
1936417297297.2974,1535.746987337037,255313963.14757547,0,2.9615948309270656e+22,8.391185354293352e+22,2.5183567957476228e+23,9.98198057693693e+19,1.586079822070625e+17,5.540831611583028e+22,4.0064465309057755e-11,1.002775539439519e+20,0.0,0.0,9.976262363963394e+16,0.0,2.5173556062880057e+23,1.0011894596174488e+20,8.391185354293352e+22
1939576216216.2166,1533.684584380001,255284732.11287242,0,2.9615948309270656e+22,8.391185354293352e+22,2.5183567957476228e+23,9.98198057693693e+19,1.586079822070625e+17,5.540831611583028e+22,3.57462340126044e-11,1.002775539439519e+20,0.0,0.0,9.976262363963394e+16,0.0,2.5173556062880057e+23,1.0011894596174488e+20,8.391185354293352e+22
1942735135135.1353,1531.6221814229652,255255723.28862563,0,2.9615948309270656e+22,8.391185354293352e+22,2.5183567957476228e+23,9.98198057693693e+19,1.586079822070625e+17,5.540831611583028e+22,3.189343065549393e-11,1.002775539439519e+20,0.0,0.0,9.976262363963394e+16,0.0,2.5173556062880057e+23,1.0011894596174488e+20,8.391185354293352e+22
1945894054054.0542,1529.5597784659294,255226937.1514283,0,2.9615948309270656e+22,8.391185354293352e+22,2.5183567957476228e+23,9.98198057693693e+19,1.586079822070625e+17,5.540831611583028e+22,2.8455890447595973e-11,1.002775539439519e+20,0.0,0.0,9.976262363963394e+16,0.0,2.5173556062880057e+23,1.0011894596174488e+20,8.391185354293352e+22
1949052972972.9731,1527.4973755088936,255198374.1684918,0,2.9615948309270656e+22,8.391185354293352e+22,2.5183567957476228e+23,9.98198057693693e+19,1.586079822070625e+17,5.540831611583028e+22,2.538885546406715e-11,1.002775539439519e+20,0.0,0.0,9.976262363963394e+16,0.0,2.5173556062880057e+23,1.0011894596174488e+20,8.391185354293352e+22
1952211891891.8918,1525.4349725518578,255170034.7972488,0,2.9615948309270656e+22,8.391185354293352e+22,2.5183567957476228e+23,9.98198057693693e+19,1.586079822070625e+17,5.540831611583028e+22,2.2652391882178803e-11,1.002775539439519e+20,0.0,0.0,9.976262363963394e+16,0.0,2.5173556062880057e+23,1.0011894596174488e+20,8.391185354293352e+22
1955370810810.811,1523.372569594822,255141919.48494786,0,2.9615948309270656e+22,8.391185354293352e+22,2.5183567957476228e+23,9.98198057693693e+19,1.586079822070625e+17,5.540831611583028e+22,2.0210870029570035e-11,1.002775539439519e+20,0.0,0.0,9.976262363963394e+16,0.0,2.5173556062880057e+23,1.0011894596174488e+20,8.391185354293352e+22
1958529729729.73,1521.310166637786,255114028.66824073,0,2.9615948309270656e+22,8.391185354293352e+22,2.5183567957476228e+23,9.98198057693693e+19,1.586079822070625e+17,5.540831611583028e+22,1.80325004739801e-11,1.002775539439519e+20,0.0,0.0,9.976262363963394e+16,0.0,2.5173556062880057e+23,1.0011894596174488e+20,8.391185354293352e+22
1961688648648.649,1519.2477636807503,255086362.77276173,0,2.9615948309270656e+22,8.391185354293352e+22,2.5183567957476228e+23,9.98198057693693e+19,1.586079822070625e+17,5.540831611583028e+22,1.6088920114193133e-11,1.002775539439519e+20,0.0,0.0,9.976262363963394e+16,0.0,2.5173556062880057e+23,1.0011894596174488e+20,8.391185354293352e+22
1964847567567.5676,1517.1853607237144,255058922.21269995,0,2.9615948309270656e+22,8.391185354293352e+22,2.5183567957476228e+23,9.98198057693693e+19,1.586079822070625e+17,5.540831611583028e+22,1.4354822882960656e-11,1.002775539439519e+20,0.0,0.0,9.976262363963394e+16,0.0,2.5173556062880057e+23,1.0011894596174488e+20,8.391185354293352e+22
1968006486486.4866,1515.1229577666786,255031707.39036387,0,2.9615948309270656e+22,8.391185354293352e+22,2.5183567957476228e+23,9.98198057693693e+19,1.586079822070625e+17,5.540831611583028e+22,1.280763025353022e-11,1.002775539439519e+20,0.0,0.0,9.976262363963394e+16,0.0,2.5173556062880057e+23,1.0011894596174488e+20,8.391185354293352e+22
1971165405405.4058,1513.0605548096428,255004718.69573838,0,2.9615948309270656e+22,8.391185354293352e+22,2.5183567957476228e+23,9.98198057693693e+19,1.586079822070625e+17,5.540831611583028e+22,1.1427197259664871e-11,1.002775539439519e+20,0.0,0.0,9.976262363963394e+16,0.0,2.5173556062880057e+23,1.0011894596174488e+20,8.391185354293352e+22
1974324324324.3245,1510.998151852607,254977956.50603524,0,2.9615948309270656e+22,8.391185354293352e+22,2.5183567957476228e+23,9.98198057693693e+19,1.586079822070625e+17,5.540831611583028e+22,1.019555020143557e-11,1.002775539439519e+20,0.0,0.0,9.976262363963394e+16,0.0,2.5173556062880057e+23,1.0011894596174488e+20,8.391185354293352e+22
1977483243243.2434,1508.9357488955711,254951421.1852365,0,2.9615948309270656e+22,8.391185354293352e+22,2.5183567957476228e+23,9.98198057693693e+19,1.586079822070625e+17,5.540831611583028e+22,9.096652621628188e-12,1.002775539439519e+20,0.0,0.0,9.976262363963394e+16,0.0,2.5173556062880057e+23,1.0011894596174488e+20,8.391185354293352e+22
1980642162162.1624,1506.8733459385353,254925113.0836304,0,2.9615948309270656e+22,8.391185354293352e+22,2.5183567957476228e+23,9.98198057693693e+19,1.586079822070625e+17,5.540831611583028e+22,8.116196505699478e-12,1.002775539439519e+20,0.0,0.0,9.976262363963394e+16,0.0,2.5173556062880057e+23,1.0011894596174488e+20,8.391185354293352e+22
1983801081081.081,1504.8109429814995,254899032.5373419,0,2.9615948309270656e+22,8.391185354293352e+22,2.5183567957476228e+23,9.98198057693693e+19,1.586079822070625e+17,5.540831611583028e+22,7.241415986635536e-12,1.002775539439519e+20,0.0,0.0,9.976262363963394e+16,0.0,2.5173556062880057e+23,1.0011894596174488e+20,8.391185354293352e+22
1986960000000.0002,1502.7485400244636,254873179.86785567,0,2.9615948309270656e+22,8.391185354293352e+22,2.5183567957476228e+23,9.98198057693693e+19,1.586079822070625e+17,5.540831611583028e+22,6.460921129087601e-12,1.002775539439519e+20,0.0,0.0,9.976262363963394e+16,0.0,2.5173556062880057e+23,1.0011894596174488e+20,8.391185354293352e+22
1990118918918.9192,1500.6861370674278,254847555.38153398,0,2.9615948309270656e+22,8.391185354293352e+22,2.5183567957476228e+23,9.98198057693693e+19,1.586079822070625e+17,5.540831611583028e+22,5.76454962859898e-12,1.002775539439519e+20,0.0,0.0,9.976262363963394e+16,0.0,2.5173556062880057e+23,1.0011894596174488e+20,8.391185354293352e+22
1993277837837.838,1498.623734110392,254822159.36912817,1,2.9615823532071177e+22,8.391185354293352e+22,2.518355595092984e+23,9.98198057693693e+19,3.38307827283688e+16,5.540844089302976e+22,5.143234494997361e-12,1.002775539439519e+20,4711735595538672.0,1.2006546388315502e+17,9.972870477003579e+16,33918869598149.06,2.5173556062880057e+23,1.0011894596174488e+20,8.391185354293352e+22
1996436756756.7568,1496.5613311533562,254796992.10528484,1,2.961579691742971e+22,8.391185354293352e+22,2.5183552936595507e+23,9.98198057693693e+19,7216141260602324.0,5.540846750767123e+22,4.588884592946268e-12,1.002775539439519e+20,1183033720067696.0,1.5020880722639248e+17,9.969409111093125e+16,68532528702687.805,2.5173556062880057e+23,1.0011894596174488e+20,8.391185354293352e+22
1999595675675.6758,1494.4989281963203,254772053.8480468,1,2.9615791240519893e+22,8.391185354293352e+22,2.518355227651002e+23,9.98198057693693e+19,1539231446610399.0,5.540847318458104e+22,4.094283553675092e-12,1.002775539439519e+20,259088655103932.0,1.5680966210534816e+17,9.965876868581526e+16,103854953818667.53,2.5173556062880057e+23,1.0011894596174488e+20,8.391185354293352e+22
2002754594594.5947,1492.4365252392845,254747344.83834884,1,2.9615790029617035e+22,8.391185354293352e+22,2.5183552135063298e+23,9.98198057693693e+19,328328585989702.25,5.5408474395483906e+22,3.652991754207938e-12,1.002775539439519e+20,55524315706440.25,1.5822412930536634e+17,9.962272324778078e+16,139900391853153.1,2.5173556062880057e+23,1.0011894596174488e+20,8.391185354293352e+22
2005913513513.5137,1490.3741222822487,254722865.29950956,1,2.961578977132412e+22,8.391185354293352e+22,2.518355210486703e+23,9.98198057693693e+19,70035668641059.09,5.540847465377682e+22,3.259263443967252e-12,1.002775539439519e+20,11854557130908.5,1.585260919812905e+17,9.958594027474392e+16,176683364890024.94,2.5173556062880057e+23,1.0011894596174488e+20,8.391185354293352e+22
2009072432432.4326,1488.3117193252128,254698615.4367187,1,2.9615789716227934e+22,8.391185354293352e+22,2.5183552098424888e+23,9.98198057693693e+19,14939484870997.586,5.540847470887301e+22,2.9079721239592394e-12,1.002775539439519e+20,2529319648707.258,1.5859051340254275e+17,9.954840496460475e+16,214218675029194.12,2.5173556062880057e+23,1.0011894596174488e+20,8.391185354293352e+22
2012231351351.3516,1486.249316368177,254674595.43652076,1,2.9615789704475272e+22,8.391185354293352e+22,2.518355209705065e+23,9.98198057693693e+19,3186821021363.662,5.540847472062567e+22,2.594543834192348e-12,1.002775539439519e+20,539605377493.3047,1.5860425578066358e+17,9.951010223034378e+16,252521409290165.72,2.5173556062880057e+23,1.0011894596174488e+20,8.391185354293352e+22
2015390270270.2703,1484.1869134111412,254650805.4662953,1,2.9615789701968257e+22,8.391185354293352e+22,2.5183552096757498e+23,9.98198057693693e+19,679806600372.5874,5.540847472313268e+22,2.314897605752003e-12,1.002775539439519e+20,115118478219.4961,1.5860718728198384e+17,9.947101669505411e+16,291606944579830.4,2.5173556062880057e+23,1.0011894596174488e+20,8.391185354293352e+22
2018549189189.1895,1482.1245104541053,254627245.67373478,1,2.9615789701433467e+22,8.391185354293352e+22,2.5183552096694962e+23,9.98198057693693e+19,145016921023.32886,5.540847472366747e+22,2.0653923261815815e-12,1.002775539439519e+20,24559381854.808838,1.5860781263075955e+17,9.943113268690963e+16,331490952724303.7,2.5173556062880057e+23,1.0011894596174488e+20,8.391185354293352e+22
2021708108108.1084,1480.0621074970695,254603916.18631962,1,2.9615789701319386e+22,8.391185354293352e+22,2.518355209668162e+23,9.98198057693693e+19,30935527706.796158,5.540847472378156e+22,1.8427793309061968e-12,1.002775539439519e+20,5239558702.287628,1.5860794603197603e+17,9.939043423406936e+16,372189405564570.7,2.5173556062880057e+23,1.0011894596174488e+20,8.391185354293352e+22
2024867027027.027,1477.9997045400337,254580817.11079177,1,2.961578970129505e+22,8.391185354293352e+22,2.5183552096678776e+23,9.98198057693693e+19,6599360746.074551,5.5408474723805894e+22,1.644160104289827e-12,1.002775539439519e+20,1117833332.9670143,1.5860797448986835e+17,9.93489050595183e+16,413718580115626.9,2.5173556062880057e+23,1.0011894596174488e+20,8.391185354293352e+22
2028025945945.946,1475.9373015829979,254557948.53262678,1,2.9615789701289858e+22,8.391185354293352e+22,2.5183552096678168e+23,9.98198057693693e+19,1407834641.8946342,5.540847472381109e+22,1.4669485397412316e-12,1.002775539439519e+20,238486859.76519966,1.5860798056074093e+17,9.93065285758452e+16,456095063788737.0,2.5173556062880057e+23,1.0011894596174488e+20,8.391185354293352e+22
2031184864864.865,1473.874898625962,254535310.5155053,1,2.961578970128875e+22,8.391185354293352e+22,2.5183552096678037e+23,9.98198057693693e+19,300335596.9956498,5.540847472381219e+22,1.3088372675107604e-12,1.002775539439519e+20,50881143.31660414,1.586079818558457e+17,9.926328787995758e+16,499335759676358.94,2.5173556062880057e+23,1.0011894596174488e+20,8.391185354293352e+22
2034343783783.784,1471.8124956689262,254512903.10078463,1,2.9615789701288516e+22,8.391185354293352e+22,2.518355209667801e+23,9.98198057693693e+19,64071855.555289656,5.540847472381243e+22,1.1677676117576765e-12,1.002775539439519e+20,10855609.741183639,1.5860798213213498e+17,9.921916574773474e+16,543457891899203.75,2.5173556062880057e+23,1.0011894596174488e+20,8.391185354293352e+22
2037502702702.703,1469.7500927118904,254490726.30697027,1,2.9615789701288465e+22,8.391185354293352e+22,2.5183552096678004e+23,9.98198057693693e+19,13668884.360587522,5.540847472381248e+22,1.0419027857174119e-12,1.002775539439519e+20,2316095.6072534844,1.5860798219107747e+17,9.917414462861912e+16,588479011014819.8,2.5173556062880057e+23,1.0011894596174488e+20,8.391185354293352e+22
2040661621621.6218,1467.6876897548545,254468780.12918937,1,2.9615789701288453e+22,8.391185354293352e+22,2.5183552096678004e+23,9.98198057693693e+19,2916111.0524978507,5.540847472381249e+22,9.296039759586753e-13,1.002775539439519e+20,494155.45036957413,1.586079822036522e+17,9.912820664014693e+16,634416999487003.8,2.5173556062880057e+23,1.0011894596174488e+20,8.391185354293352e+22
2043820540540.5405,1465.6252867978187,254447064.5386653,1,2.961578970128845e+22,8.391185354293352e+22,2.5183552096678004e+23,9.98198057693693e+19,622128.670691201,5.540847472381249e+22,8.29409004337338e-13,1.002775539439519e+20,105432.73895061761,1.586079822063349e+17,9.908133356241867e+16,681290077215252.0,2.5173556062880057e+23,1.0011894596174488e+20,8.391185354293352e+22
2046979459459.4595,1463.562883840783,254425579.48219523,1,2.961578970128845e+22,8.391185354293352e+22,2.5183552096678004e+23,9.98198057693693e+19,132727.67504730908,5.540847472381249e+22,7.400132898166899e-13,1.002775539439519e+20,22495.317425769754,1.5860798220690726e+17,9.903350683251056e+16,729116807123368.5,2.5173556062880057e+23,1.0011894596174488e+20,8.391185354293352e+22
2050138378378.3787,1461.500480883747,254404324.88163093,1,2.961578970128845e+22,8.391185354293352e+22,2.5183552096678004e+23,9.98198057693693e+19,28317.037596413822,5.540847472381249e+22,6.602528622688933e-13,1.002775539439519e+20,4799.692854248075,1.5860798220702938e+17,9.898470753882768e+16,777916100806248.1,2.5173556062880057e+23,1.0011894596174488e+20,8.391185354293352e+22
2053297297297.2976,1459.4380779267112,254383300.63336334,1,2.961578970128845e+22,8.391185354293352e+22,2.5183552096678004e+23,9.98198057693693e+19,6041.421728419449,5.540847472381249e+22,5.890892070901215e-13,1.002775539439519e+20,1024.0929989670367,1.5860798220705542e+17,9.893491641540018e+16,827707224233749.0,2.5173556062880057e+23,1.0011894596174488e+20,8.391185354293352e+22
2056456216216.2163,1457.3756749696754,254362506.6078122,1,2.961578970128845e+22,8.391185354293352e+22,2.5183552096678004e+23,9.98198057693693e+19,1288.948128727353,5.540847472381249e+22,5.255957432998433e-13,1.002775539439519e+20,218.50929894642013,1.58607982207061e+17,9.888411383612347e+16,878509803510456.5,2.5173556062880057e+23,1.0011894596174488e+20,8.391185354293352e+22
2059615135135.1353,1455.3132720126396,254341942.64892128,1,2.961578970128845e+22,8.391185354293352e+22,2.5183552096678004e+23,9.98198057693693e+19,275.0024891095113,5.540847472381249e+22,4.689457590633683e-13,1.002775539439519e+20,46.62351067764962,1.5860798220706218e+17,9.88322798089439e+16,930343830690027.5,2.5173556062880057e+23,1.0011894596174488e+20,8.391185354293352e+22
2062774054054.0542,1453.2508690556037,254321608.57365984,1,2.961578970128845e+22,8.391185354293352e+22,2.5183552096678004e+23,9.98198057693693e+19,58.67358873047917,5.540847472381249e+22,4.184016475530391e-13,1.002775539439519e+20,9.948199561724579,1.5860798220706243e+17,9.877939396999125e+16,983229669642683.4,2.5173556062880057e+23,1.0011894596174488e+20,8.391185354293352e+22
2065932972972.9731,1451.188466098568,254301504.17153156,1,2.961578970128845e+22,8.391185354293352e+22,2.5183552096678004e+23,9.98198057693693e+19,12.518533883429562,5.540847472381249e+22,3.7330530299441696e-13,1.002775539439519e+20,2.1226990207503036,1.586079822070625e+17,9.872543557765963e+16,1037188061974291.6,2.5173556062880057e+23,1.0011894596174488e+20,8.391185354293352e+22
2069091891891.892,1449.126063141532,254281629.20409158,1,2.961578970128845e+22,8.391185354293352e+22,2.5183552096678004e+23,9.98198057693693e+19,2.6709700679873887,5.540847472381249e+22,3.3306955184990695e-13,1.002775539439519e+20,0.4529358651315274,1.586079822070625e+17,9.867038350663858e+16,1092240132995345.4,2.5173556062880057e+23,1.0011894596174488e+20,8.391185354293352e+22
2072250810810.811,1447.0636601844963,254261983.40447247,1,2.961578970128845e+22,8.391185354293352e+22,2.5183552096678004e+23,9.98198057693693e+19,0.5698876616874649,5.540847472381249e+22,2.971705075701991e-13,1.002775539439519e+20,0.09664720738595012,1.586079822070625e+17,9.86142162418959e+16,1148407397738010.8,2.5173556062880057e+23,1.0011894596174488e+20,8.391185354293352e+22
2075409729729.7297,1445.0012572274604,254242566.47692037,1,2.961578970128845e+22,8.391185354293352e+22,2.5183552096678004e+23,9.98198057693693e+19,0.12159455145334486,5.540847472381249e+22,2.6514074936914543e-13,1.002775539439519e+20,0.020622730277169987,1.586079822070625e+17,9.855691187261466e+16,1205711767019266.2,2.5173556062880057e+23,1.0011894596174488e+20,8.391185354293352e+22
2078568648648.6487,1442.9388542704246,254223378.09634185,1,2.961578970128845e+22,8.391185354293352e+22,2.5183552096678004e+23,9.98198057693693e+19,0.025944395078934063,5.540847472381249e+22,2.3656323620682807e-13,1.002775539439519e+20,0.004400552573708499,1.586079822070625e+17,9.849844808608592e+16,1264175553548007.0,2.5173556062880057e+23,1.0011894596174488e+20,8.391185354293352e+22
2081727567567.5676,1440.8764513133888,254204417.9078625,1,2.961578970128845e+22,8.391185354293352e+22,2.5183552096678004e+23,9.98198057693693e+19,0.005535763182629834,5.540847472381249e+22,2.1106587673829615e-13,1.002775539439519e+20,0.0009390147472350223,1.586079822070625e+17,9.84388021615601e+16,1323821478073829.0,2.5173556062880057e+23,1.0011894596174488e+20,8.391185354293352e+22
2084886486486.4866,1438.814048356353,254185685.52639872,1,2.961578970128845e+22,8.391185354293352e+22,2.5183552096678004e+23,9.98198057693693e+19,0.0011811795593062273,5.540847472381249e+22,1.8831668452640059e-13,1.002775539439519e+20,0.0002003741557764947,1.586079822070625e+17,9.837795096405888e+16,1384672675575038.5,2.5173556062880057e+23,1.0011894596174488e+20,8.391185354293352e+22
2088045405405.4053,1436.751645399317,254167180.53624254,1,2.961578970128845e+22,8.391185354293352e+22,2.5183552096678004e+23,9.98198057693693e+19,0.0002520337811141312,5.540847472381249e+22,1.68019455437542e-13,1.002775539439519e+20,4.275776921553115e-05,1.586079822070625e+17,9.831587093815066e+16,1446752701483265.2,2.5173556062880057e+23,1.0011894596174488e+20,8.391185354293352e+22
2091204324324.3247,1434.689242442281,254148902.4906619,1,2.961578970128845e+22,8.391185354293352e+22,2.5183552096678004e+23,9.98198057693693e+19,5.377816087088547e-05,5.540847472381249e+22,1.4990991093819118e-13,1.002775539439519e+20,9.124148811003507e-06,1.586079822070625e+17,9.825253810169205e+16,1510085537941868.8,2.5173556062880057e+23,1.0011894596174488e+20,8.391185354293352e+22
2094363243243.2437,1432.6268394852452,254130850.91151622,1,2.961578970128845e+22,8.391185354293352e+22,2.5183552096678004e+23,9.98198057693693e+19,1.1475125455946136e-05,5.540847472381249e+22,1.3375225707626647e-13,1.002775539439519e+20,1.9470343599959413e-06,1.586079822070625e+17,9.818792803953877e+16,1574695600095144.5,2.5173556062880057e+23,1.0011894596174488e+20,8.391185354293352e+22
2097522162162.1624,1430.5644365282094,254113025.28888884,1,2.961578970128845e+22,8.391185354293352e+22,2.5183552096678004e+23,9.98198057693693e+19,2.4485737577448818e-06,5.540847472381249e+22,1.1933611434384547e-13,1.002775539439519e+20,4.154882572041787e-07,1.586079822070625e+17,9.812201589722877e+16,1640607742405136.8,2.5173556062880057e+23,1.0011894596174488e+20,8.391185354293352e+22
2100681081081.0813,1428.5020335711736,254095425.0807369,1,2.961578970128845e+22,8.391185354293352e+22,2.5183552096678004e+23,9.98198057693693e+19,5.224841710941811e-07,5.540847472381249e+22,1.064737784467217e-13,1.002775539439519e+20,8.866408205139037e-08,1.586079822070625e+17,9.805477637464125e+16,1707847264992658.8,2.5173556062880057e+23,1.0011894596174488e+20,8.391185354293352e+22
2103840000000.0002,1426.4396306141377,254078049.71256045,1,2.961578970128845e+22,8.391185354293352e+22,2.5183552096678004e+23,9.98198057693693e+19,1.114903376172614e-07,5.540847472381249e+22,9.499777631486326e-14,1.002775539439519e+20,1.8920842383173827e-08,1.586079822070625e+17,9.7986183719635e+16,1776439919998905.5,2.5173556062880057e+23,1.0011894596174488e+20,8.391185354293352e+22
2106998918918.919,1424.377227657102,254060898.57709044,1,2.961578970128845e+22,8.391185354293352e+22,2.5183552096678004e+23,9.98198057693693e+19,2.3790601147578087e-08,5.540847472381249e+22,8.475868553199317e-14,1.002775539439519e+20,4.037726882087563e-09,1.586079822070625e+17,9.79162117216701e+16,1846411917963825.2,2.5173556062880057e+23,1.0011894596174488e+20,8.391185354293352e+22
2110157837837.838,1422.314824700066,254043971.03399837,1,2.961578970128845e+22,8.391185354293352e+22,2.5183552096678004e+23,9.98198057693693e+19,5.076654893555261e-09,5.540847472381249e+22,7.562318879233913e-14,1.002775539439519e+20,8.616622853261117e-10,1.586079822070625e+17,9.784483370541675e+16,1917789934217174.8,2.5173556062880057e+23,1.0011894596174488e+20,8.391185354293352e+22
2113316756756.7568,1420.2524217430303,254027266.4096268,1,2.961578970128845e+22,8.391185354293352e+22,2.5183552096678004e+23,9.98198057693693e+19,1.0833127503969657e-09,5.540847472381249e+22,6.747233805275463e-14,1.002775539439519e+20,1.8388269164726668e-10,1.586079822070625e+17,9.777202252435598e+16,1990601115277948.5,2.5173556062880057e+23,1.0011894596174488e+20,8.391185354293352e+22
2116475675675.6755,1418.1900187859944,254010783.99674296,1,2.961578970128845e+22,8.391185354293352e+22,2.5183552096678004e+23,9.98198057693693e+19,2.3117134831074587e-10,5.540847472381249e+22,6.020000577873524e-14,1.002775539439519e+20,3.92417343610848e-11,1.586079822070625e+17,9.769775055437632e+16,2064873085257614.5,2.5173556062880057e+23,1.0011894596174488e+20,8.391185354293352e+22
2119634594594.5945,1416.1276158289586,253994523.0543157,1,2.961578970128845e+22,8.391185354293352e+22,2.5183552096678004e+23,9.98198057693693e+19,4.9330788158788836e-11,5.540847472381249e+22,5.371150311889631e-14,1.002775539439519e+20,8.374503469609835e-12,1.586079822070625e+17,9.762198968737162e+16,2140633952262325.5,2.5173556062880057e+23,1.0011894596174488e+20,8.391185354293352e+22
2122793513513.514,1414.0652128719225,253978482.80731705,1,2.961578970128845e+22,8.391185354293352e+22,2.5183552096678004e+23,9.98198057693693e+19,1.0527033245129509e-11,5.540847472381249e+22,4.792234701595768e-14,1.002775539439519e+20,1.7872012587400673e-12,1.586079822070625e+17,9.754471132484494e+16,2217912314789005.2,2.5173556062880057e+23,1.0011894596174488e+20,8.391185354293352e+22
2125952432432.4326,1412.0028099148867,253962662.4465495,1,2.961578970128845e+22,8.391185354293352e+22,2.5183552096678004e+23,9.98198057693693e+19,2.246456289000779e-12,5.540847472381249e+22,4.275716020149723e-14,1.002775539439519e+20,3.814094922408946e-13,1.586079822070625e+17,9.746588637152403e+16,2296737268109918.0,2.5173556062880057e+23,1.0011894596174488e+20,8.391185354293352e+22
2129111351351.3516,1409.9404069578509,253947061.12849915,1,2.961578970128845e+22,8.391185354293352e+22,2.5183552096678004e+23,9.98198057693693e+19,4.79396395750035e-13,5.540847472381249e+22,3.814868975193836e-14,1.002775539439519e+20,8.139801872730373e-14,1.586079822070625e+17,9.73854852289939e+16,2377138410640039.5,2.5173556062880057e+23,1.0011894596174488e+20,8.391185354293352e+22
2132270270270.2705,1407.878004000815,253931677.97521657,1,2.961578970128845e+22,8.391185354293352e+22,2.5183552096678004e+23,9.98198057693693e+19,1.0230568777001937e-13,5.540847472381249e+22,3.403693142695398e-14,1.002775539439519e+20,1.737174294285787e-14,1.586079822070625e+17,9.73034777893527e+16,2459145850281236.5,2.5173556062880057e+23,1.0011894596174488e+20,8.391185354293352e+22
2135429189189.1895,1405.8156010437792,253916512.0742254,1,2.961578970128845e+22,8.391185354293352e+22,2.5183552096678004e+23,9.98198057693693e+19,2.1833704783079598e-14,5.540847472381249e+22,3.0368348388801547e-14,1.002775539439519e+20,3.7075972831703825e-15,1.586079822070625e+17,9.721983342889701e+16,2542790210736939.5,2.5173556062880057e+23,1.0011894596174488e+20,8.391185354293352e+22
2138588108108.1082,1403.7531980867434,253901562.47846007,1,2.961578970128845e+22,8.391185354293352e+22,2.5183552096678004e+23,9.98198057693693e+19,4.660560532200601e-15,5.540847472381249e+22,2.7095174129983493e-14,1.002775539439519e+20,7.914312844029862e-16,1.586079822070625e+17,9.713452100184328e+16,2628102637790669.5,2.5173556062880057e+23,1.0011894596174488e+20,8.391185354293352e+22
2141747027027.027,1401.6907951297076,253886828.20623305,1,2.961578970128845e+22,8.391185354293352e+22,2.5183552096678004e+23,9.98198057693693e+19,9.955990763155865e-16,5.540847472381249e+22,2.417479053305536e-14,1.002775539439519e+20,1.690527804142665e-16,1.586079822070625e+17,9.704750883409253e+16,2715114805541423.0,2.5173556062880057e+23,1.0011894596174488e+20,8.391185354293352e+22
2144905945945.946,1399.6283921726717,253872308.24123242,1,2.961578970128845e+22,8.391185354293352e+22,2.5183552096678004e+23,9.98198057693693e+19,2.1336257022078936e-16,5.540847472381249e+22,2.156917296465661e-14,1.002775539439519e+20,3.620961702497806e-17,1.586079822070625e+17,9.695876471704538e+16,2803858922588573.5,2.5173556062880057e+23,1.0011894596174488e+20,8.391185354293352e+22
2148064864864.8647,1397.565989215636,253858001.5325507,1,2.961578970128845e+22,8.391185354293352e+22,2.5183552096678004e+23,9.98198057693693e+19,4.633023770150112e-17,5.540847472381249e+22,1.9244395178652868e-14,1.002775539439519e+20,7.844121185810652e-18,1.586079822070625e+17,9.686825590147538e+16,2894367738158566.0,2.5173556062880057e+23,1.0011894596174488e+20,8.391185354293352e+22
2151223783783.7837,1395.5035862586,253843906.99474537,1,2.961578970128845e+22,8.391185354293352e+22,2.5183552096678004e+23,9.98198057693693e+19,1.0597965172193457e-17,5.540847472381249e+22,1.717018758201858e-14,1.002775539439519e+20,1.7777811283270987e-18,1.586079822070625e+17,9.677594909146864e+16,2986674548165304.5,2.5173556062880057e+23,1.0011894596174488e+20,8.391185354293352e+22
2154382702702.7031,1393.441183301564,253830023.50793156,1,2.961578970128845e+22,8.391185354293352e+22,2.5183552096678004e+23,9.98198057693693e+19,2.8956905188666223e-18,5.540847472381249e+22,1.5319543111894383e-14,1.002775539439519e+20,4.719135484749234e-19,1.586079822070625e+17,9.668181043843822e+16,3080813201195725.0,2.5173556062880057e+23,1.0011894596174488e+20,8.391185354293352e+22
2157541621621.6218,1391.3787803445282,253816349.91790748,1,2.961578970128845e+22,8.391185354293352e+22,2.5183552096678004e+23,9.98198057693693e+19,1.1835976311630222e-18,5.540847472381249e+22,1.3668365592171356e-14,1.002775539439519e+20,1.8324435291084504e-19,1.586079822070625e+17,9.65858055352223e+16,3176818104411640.0,2.5173556062880057e+23,1.0011894596174488e+20,8.391185354293352e+22
2160700540540.5408,1389.3163773874924,253802885.03631377,1,2.961578970128845e+22,8.391185354293352e+22,2.5183552096678004e+23,9.98198057693693e+19,7.572525713530647e-19,5.540847472381249e+22,1.2195155991055632e-14,1.002775539439519e+20,1.1274384235432894e-19,1.586079822070625e+17,9.648789941027544e+16,3274724229358509.0,2.5173556062880057e+23,1.0011894596174488e+20,8.391185354293352e+22
2163859459459.4597,1387.2539744304565,253789627.6408257,1,2.961578970128845e+22,8.391185354293352e+22,2.5183552096678004e+23,9.98198057693693e+19,6.1187494167926875e-19,5.540847472381249e+22,1.0880732494553808e-14,1.002775539439519e+20,8.976403193803634e-20,1.586079822070625e+17,9.638805652196261e+16,3374567117671342.0,2.5173556062880057e+23,1.0011894596174488e+20,8.391185354293352e+22
2167018378378.3784,1385.1915714734207,253776576.47538024,1,2.961578970128845e+22,8.391185354293352e+22,2.5183552096678004e+23,9.98198057693693e+19,5.32321998524696e-19,5.540847472381249e+22,9.707980751117154e-15,1.002775539439519e+20,7.778107035846727e-20,1.586079822070625e+17,9.628624075296646e+16,3476382886667493.5,2.5173556062880057e+23,1.0011894596174488e+20,8.391185354293352e+22
2170177297297.2974,1383.1291685163849,253763730.25043714,1,2.961578970128845e+22,8.391185354293352e+22,2.5183552096678004e+23,9.98198057693693e+19,4.720470989063103e-19,5.540847472381249e+22,8.661631035523949e-15,1.002775539439519e+20,6.890771228418124e-20,1.586079822070625e+17,9.618241540481834e+16,3580208234815616.5,2.5173556062880057e+23,1.0011894596174488e+20,8.391185354293352e+22
2173336216216.2163,1381.066765559349,253751087.64327455,1,2.961578970128845e+22,8.391185354293352e+22,2.5183552096678004e+23,9.98198057693693e+19,4.205527335285337e-19,5.540847472381249e+22,7.72805943057914e-15,1.002775539439519e+20,6.137844833900175e-20,1.586079822070625e+17,9.607654319256438e+16,3686080447069568.0,2.5173556062880057e+23,1.0011894596174488e+20,8.391185354293352e+22
2176495135135.1353,1379.0043626023132,253738647.2983198,1,2.961578970128845e+22,8.391185354293352e+22,2.5183552096678004e+23,9.98198057693693e+19,3.750956440061175e-19,5.540847472381249e+22,6.8951104379327214e-15,1.002775539439519e+20,5.474316886890442e-20,1.586079822070625e+17,9.596858623957842e+16,3794037400055535.5,2.5173556062880057e+23,1.0011894596174488e+20,8.391185354293352e+22
2179654054054.054,1376.9419596452774,253726407.8275144,1,2.961578970128845e+22,8.391185354293352e+22,2.5183552096678004e+23,9.98198057693693e+19,3.346416717753828e-19,5.540847472381249e+22,6.151938708334432e-15,1.002775539439519e+20,4.884040489309419e-20,1.586079822070625e+17,9.585850607253381e+16,3904117567100145.0,2.5173556062880057e+23,1.0011894596174488e+20,8.391185354293352e+22
2182812972972.9734,1374.8795566882413,253714367.81071457,1,2.961578970128845e+22,8.391185354293352e+22,2.5183552096678004e+23,9.98198057693693e+19,2.9856977075640917e-19,5.540847472381249e+22,5.488867830585545e-15,1.002775539439519e+20,4.3577337273130857e-20,1.586079822070625e+17,9.57462636165472e+16,4016360023086752.5,2.5173556062880057e+23,1.0011894596174488e+20,8.391185354293352e+22
2185971891891.8923,1372.8171537312055,253702525.7961261,1,2.961578970128845e+22,8.391185354293352e+22,2.5183552096678004e+23,9.98198057693693e+19,2.663902064979897e-19,5.540847472381249e+22,4.897264340559984e-15,1.002775539439519e+20,3.8882085103730174e-20,1.586079822070625e+17,9.563181919050738e+16,4130804449126576.0,2.5173556062880057e+23,1.0011894596174488e+20,8.391185354293352e+22
2189130810810.811,1370.7547507741697,253690880.30077383,1,2.961578970128845e+22,8.391185354293352e+22,2.5183552096678004e+23,9.98198057693693e+19,2.37679764157558e-19,5.540847472381249e+22,4.3694253098387905e-15,1.002775539439519e+20,3.4692845430832127e-20,1.586079822070625e+17,9.551513250260322e+16,4247491137030735.5,2.5173556062880057e+23,1.0011894596174488e+20,8.391185354293352e+22
2192289729729.73,1368.6923478171339,253679429.81100574,1,2.961578970128845e+22,8.391185354293352e+22,2.5183552096678004e+23,9.98198057693693e+19,2.120637718277769e-19,5.540847472381249e+22,3.898478050314255e-15,1.002775539439519e+20,3.0954971135490964e-20,1.586079822070625e+17,9.539616264606526e+16,4366460993568683.5,2.5173556062880057e+23,1.0011894596174488e+20,8.391185354293352e+22
2195448648648.649,1366.629944860098,253668172.78303108,1,2.961578970128845e+22,8.391185354293352e+22,2.5183552096678004e+23,9.98198057693693e+19,1.8920856240105841e-19,5.540847472381249e+22,3.4782906288751205e-15,1.002775539439519e+20,2.761980815727508e-20,1.586079822070625e+17,9.527486809513606e+16,4487755544497886.0,2.5173556062880057e+23,1.0011894596174488e+20,8.391185354293352e+22
2198607567567.5676,1364.5675419030622,253657107.64349192,1,2.961578970128845e+22,8.391185354293352e+22,2.5183552096678004e+23,9.98198057693693e+19,1.6881656217304212e-19,5.540847472381249e+22,3.103392027036095e-15,1.002775539439519e+20,2.4643966285884155e-20,1.586079822070625e+17,9.515120670128496e+16,4611416938348986.0,2.5173556062880057e+23,1.0011894596174488e+20,8.391185354293352e+22
2201766486486.487,1362.5051389460264,253646232.79006845,1,2.961578970128845e+22,8.391185354293352e+22,2.5183552096678004e+23,9.98198057693693e+19,1.5062229597337278e-19,5.540847472381249e+22,2.7689009059561774e-15,1.002775539439519e+20,2.1988734302786818e-20,1.586079822070625e+17,9.502513568968392e+16,4737487949950030.0,2.5173556062880057e+23,1.0011894596174488e+20,8.391185354293352e+22
2204925405405.4053,1360.4427359889905,253635546.59211642,1,2.961578970128845e+22,8.391185354293352e+22,2.5183552096678004e+23,9.98198057693693e+19,1.3438890546555112e-19,5.540847472381249e+22,2.4704620493361116e-15,1.002775539439519e+20,1.9619572163379167e-20,1.586079822070625e+17,9.489661165596128e+16,4866011983672668.0,2.5173556062880057e+23,1.0011894596174488e+20,8.391185354293352e+22
2208084324324.324,1358.3803330319547,253625047.39133674,1,2.961578970128845e+22,8.391185354293352e+22,2.5183552096678004e+23,9.98198057693693e+19,1.1990506030596835e-19,5.540847472381249e+22,2.2041896566545357e-15,1.002775539439519e+20,1.7505660874167605e-20,1.586079822070625e+17,9.476559056325141e+16,4997033076382539.0,2.5173556062880057e+23,1.0011894596174488e+20,8.391185354293352e+22
2211243243243.243,1356.3179300749189,253614733.50247693,1,2.961578970128845e+22,8.391185354293352e+22,2.5183552096678004e+23,9.98198057693693e+19,1.0698220595021586e-19,5.540847472381249e+22,1.9666167483967035e-15,1.002775539439519e+20,1.5619501492969628e-20,1.586079822070625e+17,9.463202773955858e+16,5130595900075366.0,2.5173556062880057e+23,1.0011894596174488e+20,8.391185354293352e+22
2214402162162.1626,1354.2555271178828,253604603.21406224,1,2.961578970128845e+22,8.391185354293352e+22,2.5183552096678004e+23,9.98198057693693e+19,9.545210886563327e-20,5.540847472381249e+22,1.7546500245103874e-15,1.002775539439519e+20,1.39365574580831e-20,1.586079822070625e+17,9.449587787545442e+16,5266745764179528.0,2.5173556062880057e+23,1.0011894596174488e+20,8.391185354293352e+22
2217561081081.0815,1352.193124160847,253594654.78915727,1,2.961578970128845e+22,8.391185354293352e+22,2.5183552096678004e+23,9.98198057693693e+19,8.516466646711513e-20,5.540847472381249e+22,1.5655295883269127e-15,1.002775539439519e+20,1.243493547225771e-20,1.586079822070625e+17,9.43570950221288e+16,5405528617505149.0,2.5173556062880057e+23,1.0011894596174488e+20,8.391185354293352e+22
2220720000000.0005,1350.1307212038112,253584886.46615568,1,2.961578970128845e+22,8.391185354293352e+22,2.5183552096678004e+23,9.98198057693693e+19,7.598595311246409e-20,5.540847472381249e+22,1.396793011535688e-15,1.002775539439519e+20,1.1095100765966747e-20,1.586079822070625e+17,9.421563258981498e+16,5546991049818971.0,2.5173556062880057e+23,1.0011894596174488e+20,8.391185354293352e+22
2223878918918.919,1348.0683182467753,253575296.45959803,1,2.961578970128845e+22,8.391185354293352e+22,2.5183552096678004e+23,9.98198057693693e+19,6.779647668868321e-20,5.540847472381249e+22,1.2462432723229527e-15,1.002775539439519e+20,9.89962303221072e-21,1.586079822070625e+17,9.407144334661046e+16,5691180293023488.0,2.5173556062880057e+23,1.0011894596174488e+20,8.391185354293352e+22
2227037837837.838,1346.0059152897395,253565882.96101618,1,2.961578970128845e+22,8.391185354293352e+22,2.5183552096678004e+23,9.98198057693693e+19,6.048962308793482e-20,5.540847472381249e+22,1.1119201492157087e-15,1.002775539439519e+20,8.832949728256927e-21,1.586079822070625e+17,9.392447941771595e+16,5838144221918005.0,2.5173556062880057e+23,1.0011894596174488e+20,8.391185354293352e+22
2230196756756.757,1343.9435123327037,253556644.13980293,1,2.961578970128845e+22,8.391185354293352e+22,2.5183552096678004e+23,9.98198057693693e+19,5.397026832318441e-20,5.540847472381249e+22,9.920746981665475e-16,1.002775539439519e+20,7.881203796448321e-21,1.586079822070625e+17,9.377469228511549e+16,5987931354518474.0,2.5173556062880057e+23,1.0011894596174488e+20,8.391185354293352e+22
2233355675675.676,1341.8811093756678,253547578.1441061,1,2.961578970128845e+22,8.391185354293352e+22,2.5183552096678004e+23,9.98198057693693e+19,4.81535402168735e-20,5.540847472381249e+22,8.851464805601905e-16,1.002775539439519e+20,7.032003173879459e-21,1.586079822070625e+17,9.362203278772187e+16,6140590851912097.0,2.5173556062880057e+23,1.0011894596174488e+20,8.391185354293352e+22
2236514594594.5947,1339.818706418632,253538683.10174558,1,2.961578970128845e+22,8.391185354293352e+22,2.5183552096678004e+23,9.98198057693693e+19,4.2963713543191364e-20,5.540847472381249e+22,7.897432456407248e-16,1.002775539439519e+20,6.274299744052588e-21,1.586079822070625e+17,9.346645112201213e+16,6296172517621837.0,2.5173556062880057e+23,1.0011894596174488e+20,8.391185354293352e+22
2239673513513.5137,1337.7563034615962,253529957.121152,1,2.961578970128845e+22,8.391185354293352e+22,2.5183552096678004e+23,9.98198057693693e+19,3.833322424171962e-20,5.540847472381249e+22,7.046228028161205e-16,1.002775539439519e+20,5.59823563640213e-21,1.586079822070625e+17,9.33078968431789e+16,6454726796455071.0,2.5173556062880057e+23,1.0011894596174488e+20,8.391185354293352e+22
2242832432432.4326,1335.6939005045604,253521398.29232547,1,2.961578970128845e+22,8.391185354293352e+22,2.5183552096678004e+23,9.98198057693693e+19,3.420178987018014e-20,5.540847472381249e+22,6.286768478097418e-16,1.002775539439519e+20,4.99501500512091e-21,1.586079822070625e+17,9.314631886682422e+16,6616304772809736.0,2.5173556062880057e+23,1.0011894596174488e+20,8.391185354293352e+22
2245991351351.3516,1333.6314975475243,253513004.68781328,1,2.961578970128845e+22,8.391185354293352e+22,2.5183552096678004e+23,9.98198057693693e+19,3.051562484693056e-20,5.540847472381249e+22,5.609165320684835e-16,1.002775539439519e+20,4.456789619975179e-21,1.586079822070625e+17,9.298166547122357e+16,6780958168410394.0,2.5173556062880057e+23,1.0011894596174488e+20,8.391185354293352e+22
2249150270270.2705,1331.5690945904885,253504774.3637047,1,2.961578970128845e+22,8.391185354293352e+22,2.5183552096678004e+23,9.98198057693693e+19,2.7226740267731135e-20,5.540847472381249e+22,5.004595875351063e-16,1.002775539439519e+20,3.976556781374742e-21,1.586079822070625e+17,9.281388430018827e+16,6948739339445688.0,2.5173556062880057e+23,1.0011894596174488e+20,8.391185354293352e+22
2252309189189.1895,1329.5066916334526,253496705.3606416,1,2.961578970128845e+22,8.391185354293352e+22,2.5183552096678004e+23,9.98198057693693e+19,2.4292319182214658e-20,5.540847472381249e+22,4.465188391438416e-16,1.002775539439519e+20,3.548068232202233e-21,1.586079822070625e+17,9.264292236655624e+16,7119701273077720.0,2.5173556062880057e+23,1.0011894596174488e+20,8.391185354293352e+22
2255468108108.1084,1327.4442886764168,253488795.70484328,1,2.961578970128845e+22,8.391185354293352e+22,2.5183552096678004e+23,9.98198057693693e+19,2.167415919775621e-20,5.540847472381249e+22,3.983919554670892e-16,1.002775539439519e+20,3.1657488818867326e-21,1.586079822070625e+17,9.246872605634106e+16,7293897583292908.0,2.5173556062880057e+23,1.0011894596174488e+20,8.391185354293352e+22
2258627027027.0273,1325.381885719381,253481043.40914375,1,2.961578970128845e+22,8.391185354293352e+22,2.5183552096678004e+23,9.98198057693693e+19,1.9338175154849476e-20,5.540847472381249e+22,3.5545230406227583e-16,1.002775539439519e+20,2.8246242857885487e-21,1.586079822070625e+17,9.229124113357109e+16,7471382506062874.0,2.5173556062880057e+23,1.0011894596174488e+20,8.391185354293352e+22
2261785945945.9463,1323.3194827623452,253473446.4740399,1,2.961578970128845e+22,8.391185354293352e+22,2.5183552096678004e+23,9.98198057693693e+19,1.7253955400056485e-20,5.540847472381249e+22,3.1714079245161346e-16,1.002775539439519e+20,2.520255936803163e-21,1.586079822070625e+17,9.211041274585102e+16,7652210893782931.0,2.5173556062880057e+23,1.0011894596174488e+20,8.391185354293352e+22
2264944864864.8647,1321.2570798053093,253466002.888749,1,2.961578970128845e+22,8.391185354293352e+22,2.5183552096678004e+23,9.98198057693693e+19,1.539436588028865e-20,5.540847472381249e+22,2.829585885008524e-16,1.002775539439519e+20,2.2486835276722475e-21,1.586079822070625e+17,9.192618543067925e+16,7836438208954709.0,2.5173556062880057e+23,1.0011894596174488e+20,8.391185354293352e+22
2268103783783.7837,1319.1946768482735,253458710.63227358,1,2.961578970128845e+22,8.391185354293352e+22,2.5183552096678004e+23,9.98198057693693e+19,1.373519690467852e-20,5.540847472381249e+22,2.5246062541327106e-16,1.002775539439519e+20,2.0063734331294803e-21,1.586079822070625e+17,9.173850312255554e+16,8024120517078419.0,2.5173556062880057e+23,1.0011894596174488e+20,8.391185354293352e+22
2271262702702.7026,1317.1322738912377,253451567.67447242,1,2.961578970128845e+22,8.391185354293352e+22,2.5183552096678004e+23,9.98198057693693e+19,1.2254847975718103e-20,5.540847472381249e+22,2.2524980677116983e-16,1.002775539439519e+20,1.7901727418865452e-21,1.586079822070625e+17,9.154730916091472e+16,8215314478719233.0,2.5173556062880057e+23,1.0011894596174488e+20,8.391185354293352e+22
2274421621621.6216,1315.0698709342018,253444571.97713548,1,2.961578970128845e+22,8.391185354293352e+22,2.5183552096678004e+23,9.98198057693693e+19,1.0934046586898908e-20,5.540847472381249e+22,2.0097183617205059e-16,1.002775539439519e+20,1.5972682406308654e-21,1.586079822070625e+17,9.135254629892277e+16,8410077340711181.0,2.5173556062880057e+23,1.0011894596174488e+20,8.391185354293352e+22
2277580540540.541,1313.0074679771658,253437721.4950616,1,2.961578970128845e+22,8.391185354293352e+22,2.5183552096678004e+23,9.98198057693693e+19,9.755597326243467e-21,5.540847472381249e+22,1.7931060413915124e-16,1.002775539439519e+20,1.4251498166010093e-21,1.586079822070625e+17,9.115415671317302e+16,8608466926460923.0,2.5173556062880057e+23,1.0011894596174488e+20,8.391185354293352e+22
2280739459459.46,1310.94506502013,253431014.17713654,1,2.961578970128845e+22,8.391185354293352e+22,2.5183552096678004e+23,9.98198057693693e+19,8.704158019621764e-21,5.540847472381249e+22,1.5998407224195358e-16,1.002775539439519e+20,1.271577802763679e-21,1.586079822070625e+17,9.095208201432128e+16,8810541625312664.0,2.5173556062880057e+23,1.0011894596174488e+20,8.391185354293352e+22
2283898378378.379,1308.8826620630941,253424447.96741053,1,2.961578970128845e+22,8.391185354293352e+22,2.5183552096678004e+23,9.98198057693693e+19,7.766039999734517e-21,5.540847472381249e+22,1.4274060083616746e-16,1.002775539439519e+20,1.1345538408858494e-21,1.586079822070625e+17,9.074626325869952e+16,9016360380934422.0,2.5173556062880057e+23,1.0011894596174488e+20,8.391185354293352e+22
2287057297297.2974,1306.8202591060583,253418020.80617288,1,2.961578970128845e+22,8.391185354293352e+22,2.5183552096678004e+23,9.98198057693693e+19,6.929029900700744e-21,5.540847472381249e+22,1.2735567260880776e-16,1.002775539439519e+20,1.012294883543311e-21,1.586079822070625e+17,9.053664096094918e+16,9225982678684766.0,2.5173556062880057e+23,1.0011894596174488e+20,8.391185354293352e+22
2290216216216.2163,1304.7578561490225,253411730.63102254,1,2.961578970128845e+22,8.391185354293352e+22,2.5183552096678004e+23,9.98198057693693e+19,6.182230658396749e-21,5.540847472381249e+22,1.136289692675313e-16,1.002775539439519e+20,9.032099969266387e-22,1.586079822070625e+17,9.032315510771589e+16,9439468531918068.0,2.5173556062880057e+23,1.0011894596174488e+20,8.391185354293352e+22
2293375135135.1353,1302.6954531919866,253405575.3779328,1,2.961578970128845e+22,8.391185354293352e+22,2.5183552096678004e+23,9.98198057693693e+19,5.515919646705454e-21,5.540847472381249e+22,1.0138176331148855e-16,1.002775539439519e+20,8.058796627292974e-22,1.586079822070625e+17,9.010574517244874e+16,9656878467185228.0,2.5173556062880057e+23,1.0011894596174488e+20,8.391185354293352e+22
2296534054054.054,1300.6330502349508,253399552.98230824,1,2.961578970128845e+22,8.391185354293352e+22,2.5183552096678004e+23,9.98198057693693e+19,4.921422102903427e-21,5.540847472381249e+22,9.045459092344007e-17,1.002775539439519e+20,7.190373099026343e-22,1.586079822070625e+17,8.988435013134821e+16,9878273508285748.0,2.5173556062880057e+23,1.0011894596174488e+20,8.391185354293352e+22
2299692972972.973,1298.570647277915,253393661.3800331,1,2.961578970128845e+22,8.391185354293352e+22,2.5183552096678004e+23,9.98198057693693e+19,4.390998194441073e-21,5.540847472381249e+22,8.070517568320593e-17,1.002775539439519e+20,6.415528360620625e-22,1.586079822070625e+17,8.965890848050798e+16,1.0103715159125978e+16,2.5173556062880057e+23,1.0011894596174488e+20,8.391185354293352e+22
2302851891891.892,1296.5082443208792,253387898.50850832,1,2.961578970128845e+22,8.391185354293352e+22,2.5183552096678004e+23,9.98198057693693e+19,3.917742256950652e-21,5.540847472381249e+22,7.200657606831644e-17,1.002775539439519e+20,5.724179042048209e-22,1.586079822070625e+17,8.942935825429669e+16,1.0333265385337268e+16,2.5173556062880057e+23,1.0011894596174488e+20,8.391185354293352e+22
2306010810810.8105,1294.4458413638433,253382262.30767736,1,2.961578970128845e+22,8.391185354293352e+22,2.5183552096678004e+23,9.98198057693693e+19,3.495492891758218e-21,5.540847472381249e+22,6.424553262153653e-17,1.002775539439519e+20,5.107328234883991e-22,1.586079822070625e+17,8.919563704502723e+16,1.0566986594606726e+16,2.5173556062880057e+23,1.0011894596174488e+20,8.391185354293352e+22
2309169729729.73,1292.3834384068073,253376750.72103775,1,2.961578970128845e+22,8.391185354293352e+22,2.5183552096678004e+23,9.98198057693693e+19,3.1187527525417455e-21,5.540847472381249e+22,5.732099326468388e-17,1.002775539439519e+20,4.556948434205946e-22,1.586079822070625e+17,8.89576820239617e+16,1.0804941615672256e+16,2.5173556062880057e+23,1.0011894596174488e+20,8.391185354293352e+22
2312328648648.649,1290.3210354497714,253371361.6966381,1,2.961578970128845e+22,8.391185354293352e+22,2.5183552096678004e+23,9.98198057693693e+19,2.7826169769089145e-21,5.540847472381249e+22,5.1142797557701255e-17,1.002775539439519e+20,4.0658770919477576e-22,1.586079822070625e+17,8.871542996370146e+16,1.1047193675932502e+16,2.5173556062880057e+23,1.0011894596174488e+20,8.391185354293352e+22
2315487567567.568,1288.2586324927356,253366093.1880589,1,2.961578970128845e+22,8.391185354293352e+22,2.5183552096678004e+23,9.98198057693693e+19,2.4827093312060073e-21,5.540847472381249e+22,4.5630502771477714e-17,1.002775539439519e+20,3.6277234230665164e-22,1.586079822070625e+17,8.846881726201259e+16,1.1293806377621358e+16,2.5173556062880057e+23,1.0011894596174488e+20,8.391185354293352e+22
2318646486486.487,1286.1962295356998,253360943.15537542,1,2.961578970128845e+22,8.391185354293352e+22,2.5183552096678004e+23,9.98198057693693e+19,2.2151252372790877e-21,5.540847472381249e+22,4.0712336489389004e-17,1.002775539439519e+20,3.2367852522452447e-22,1.586079822070625e+17,8.821777996713822e+16,1.1544843672495732e+16,2.5173556062880057e+23,1.0011894596174488e+20,8.391185354293352e+22
2321805405405.406,1284.133826578664,253355909.5661018,1,2.961578970128845e+22,8.391185354293352e+22,2.5183552096678004e+23,9.98198057693693e+19,1.976380939497099e-21,5.540847472381249e+22,3.6324262099984715e-17,1.002775539439519e+20,2.8879748194429826e-22,1.586079822070625e+17,8.796225380464965e+16,1.1800369834984316e+16,2.5173556062880057e+23,1.0011894596174488e+20,8.391185354293352e+22
2324964324324.3247,1282.0714236216281,253350990.39611584,1,2.961578970128845e+22,8.391185354293352e+22,2.5183552096678004e+23,9.98198057693693e+19,1.7633681502801364e-21,5.540847472381249e+22,3.240914501314066e-17,1.002775539439519e+20,2.576752579130246e-22,1.586079822070625e+17,8.770217420588976e+16,1.2060449433744202e+16,2.5173556062880057e+23,1.0011894596174488e+20,8.391185354293352e+22
2328123243243.243,1280.0090206645923,253346183.63056195,1,2.961578970128845e+22,8.391185354293352e+22,2.5183552096678004e+23,9.98198057693693e+19,1.5733135836949922e-21,5.540847472381249e+22,2.891600874345695e-17,1.002775539439519e+20,2.2990681320215686e-22,1.586079822070625e+17,8.74374763380626e+16,1.2325147301571362e+16,2.5173556062880057e+23,1.0011894596174488e+20,8.391185354293352e+22
2331282162162.162,1277.9466177075565,253341487.2647324,1,2.961578970128845e+22,8.391185354293352e+22,2.5183552096678004e+23,9.98198057693693e+19,1.4037428503130751e-21,5.540847472381249e+22,2.5799371174792113e-17,1.002775539439519e+20,2.0513075208895342e-22,1.586079822070625e+17,8.716809513602378e+16,1.2594528503610172e+16,2.5173556062880057e+23,1.0011894596174488e+20,8.391185354293352e+22
2334441081081.081,1275.8842147505206,253336899.30492544,1,2.961578970128845e+22,8.391185354293352e+22,2.5183552096678004e+23,9.98198057693693e+19,1.2524482433008255e-21,5.540847472381249e+22,2.301865236381582e-17,1.002775539439519e+20,1.8302462048252156e-22,1.586079822070625e+17,8.689396533582754e+16,1.2868658303806406e+16,2.5173556062880057e+23,1.0011894596174488e+20,8.391185354293352e+22
2337600000000.0,1273.8218117934848,253332417.76927924,1,2.961578970128845e+22,8.391185354293352e+22,2.5183552096678004e+23,9.98198057693693e+19,1.1174599963691533e-21,5.540847472381249e+22,2.0537646171931285e-17,1.002775539439519e+20,1.6330071001721693e-22,1.586079822070625e+17,8.66150215100865e+16,1.3147602129547452e+16,2.5173556062880057e+23,1.0011894596174488e+20,8.391185354293352e+22
2340758918918.9194,1271.7594088364488,253328040.68858147,1,2.961578970128845e+22,8.391185354293352e+22,2.5183552096678004e+23,9.98198057693693e+19,9.970206394054382e-22,5.540847472381249e+22,1.832404884599085e-17,1.002775539439519e+20,1.4570231422673575e-22,1.586079822070625e+17,8.633119810520109e+16,1.3431425534432854e+16,2.5173556062880057e+23,1.0011894596174488e+20,8.391185354293352e+22
2343917837837.8384,1269.697005879413,253323766.10705274,1,2.961578970128845e+22,8.391185354293352e+22,2.5183552096678004e+23,9.98198057693693e+19,8.895621179377866e-22,5.540847472381249e+22,1.6349038409725604e-17,1.002775539439519e+20,1.300003880928799e-22,1.586079822070625e+17,8.604242948051622e+16,1.3720194159117716e+16,2.5173556062880057e+23,1.0011894596174488e+20,8.391185354293352e+22
2347076756756.757,1267.634602922377,253319592.08310467,1,2.961578970128845e+22,8.391185354293352e+22,2.5183552096678004e+23,9.98198057693693e+19,7.936853785612601e-22,5.540847472381249e+22,1.458689938938709e-17,1.002775539439519e+20,1.159905675101228e-22,1.586079822070625e+17,8.574864994946288e+16,1.4013973690171066e+16,2.5173556062880057e+23,1.0011894596174488e+20,8.391185354293352e+22
2350235675675.676,1265.5721999653413,253315516.69006985,1,2.961578970128845e+22,8.391185354293352e+22,2.5183552096678004e+23,9.98198057693693e+19,7.081421545582885e-22,5.540847472381249e+22,1.3014687987369685e-17,1.002775539439519e+20,1.0349050988903763e-22,1.586079822070625e+17,8.54497938227431e+16,1.4312829816890842e+16,2.5173556062880057e+23,1.0011894596174488e+20,8.391185354293352e+22
2353394594594.5947,1263.5097970083054,253311538.01690573,1,2.961578970128845e+22,8.391185354293352e+22,2.5183552096678004e+23,9.98198057693693e+19,6.3181871458812975e-22,5.540847472381249e+22,1.1611933344232236e-17,1.002775539439519e+20,9.233752129916682e-23,1.586079822070625e+17,8.514579545361704e+16,1.4616828186016902e+16,2.5173556062880057e+23,1.0011894596174488e+20,8.391185354293352e+22
2356553513513.5137,1261.4473940512696,253307654.1688695,1,2.961578970128845e+22,8.391185354293352e+22,2.5183552096678004e+23,9.98198057693693e+19,5.637213628760841e-22,5.540847472381249e+22,1.0360370999423667e-17,1.002775539439519e+20,8.238643927946392e-23,1.586079822070625e+17,8.483658928535069e+16,1.4926034354283256e+16,2.5173556062880057e+23,1.0011894596174488e+20,8.391185354293352e+22
2359712432432.4326,1259.3849910942338,253303863.26816565,1,2.961578970128845e+22,8.391185354293352e+22,2.5183552096678004e+23,9.98198057693693e+19,5.029635021347398e-22,5.540847472381249e+22,9.243705080258185e-18,1.002775539439519e+20,7.350774377037297e-23,1.586079822070625e+17,8.45221099008833e+16,1.5240513738750648e+16,2.5173556062880057e+23,1.0011894596174488e+20,8.391185354293352e+22
2362871351351.3516,1257.322588137198,253300163.45456424,1,2.961578970128845e+22,8.391185354293352e+22,2.5183552096678004e+23,9.98198057693693e+19,4.487540907937696e-22,5.540847472381249e+22,8.247396122739642e-18,1.002775539439519e+20,6.558587158929617e-23,1.586079822070625e+17,8.420229207477326e+16,1.5560331564860676e+16,2.5173556062880057e+23,1.0011894596174488e+20,8.391185354293352e+22
2366030270270.2705,1255.2601851801621,253296552.88599065,1,2.961578970128845e+22,8.391185354293352e+22,2.5183552096678004e+23,9.98198057693693e+19,4.0038734426643893e-22,5.540847472381249e+22,7.35847176157215e-18,1.002775539439519e+20,5.851771251914783e-23,1.586079822070625e+17,8.387707082748115e+16,1.5885552812152784e+16,2.5173556062880057e+23,1.0011894596174488e+20,8.391185354293352e+22
2369189189189.189,1253.1977822231263,253293029.73908612,1,2.961578970128845e+22,8.391185354293352e+22,2.5183552096678004e+23,9.98198057693693e+19,3.572335461764125e-22,5.540847472381249e+22,6.565357824460602e-18,1.002775539439519e+20,5.2211267442398245e-23,1.586079822070625e+17,8.354638148204808e+16,1.621624215758585e+16,2.5173556062880057e+23,1.0011894596174488e+20,8.391185354293352e+22
2372348108108.1084,1251.1353792660902,253289592.20973942,1,2.961578970128845e+22,8.391185354293352e+22,2.5183552096678004e+23,9.98198057693693e+19,3.18730849918417e-22,5.540847472381249e+22,5.857727631477223e-18,1.002775539439519e+20,4.6584451061172824e-23,1.586079822070625e+17,8.321015972322742e+16,1.6552463916406506e+16,2.5173556062880057e+23,1.0011894596174488e+20,8.391185354293352e+22
2375507027027.0273,1249.0729763090544,253286238.5135887,1,2.961578970128845e+22,8.391185354293352e+22,2.5183552096678004e+23,9.98198057693693e+19,2.8437796381898914e-22,5.540847472381249e+22,5.226367537307967e-18,1.002775539439519e+20,4.1564023625017383e-23,1.586079822070625e+17,8.286834165912691e+16,1.6894281980507018e+16,2.5173556062880057e+23,1.0011894596174488e+20,8.391185354293352e+22
2378665945945.9463,1247.0105733520186,253282966.88649482,1,2.961578970128845e+22,8.391185354293352e+22,2.5183552096678004e+23,9.98198057693693e+19,2.5372762466671164e-22,5.540847472381249e+22,4.663056965681788e-18,1.002775539439519e+20,3.708463776634416e-23,1.586079822070625e+17,8.252086388541754e+16,1.7241759754216388e+16,2.5173556062880057e+23,1.0011894596174488e+20,8.391185354293352e+22
2381824864864.865,1244.9481703949828,253279775.58498493,1,2.961578970128845e+22,8.391185354293352e+22,2.5183552096678004e+23,9.98198057693693e+19,2.2638077464478696e-22,5.540847472381249e+22,4.160461373980128e-18,1.002775539439519e+20,3.308798804115229e-23,1.586079822070625e+17,8.21676635521646e+16,1.759496008746931e+16,2.5173556062880057e+23,1.0011894596174488e+20,8.391185354293352e+22
2384983783783.784,1242.885767437947,253276662.88666728,1,2.961578970128845e+22,8.391185354293352e+22,2.5183552096678004e+23,9.98198057693693e+19,2.0198136585611118e-22,5.540847472381249e+22,3.712036754380459e-18,1.002775539439519e+20,2.952205210885618e-23,1.586079822070625e+17,8.180867843333504e+16,1.7953945206298884e+16,2.5173556062880057e+23,1.0011894596174488e+20,8.391185354293352e+22
2388142702702.7026,1240.823364480911,253273627.0906172,1,2.961578970128845e+22,8.391185354293352e+22,2.5183552096678004e+23,9.98198057693693e+19,1.8021172480140838e-22,5.540847472381249e+22,3.3119444280982354e-18,1.002775539439519e+20,2.6340413677340106e-23,1.586079822070625e+17,8.144384699903352e+16,1.8318776640600412e+16,2.5173556062880057e+23,1.0011894596174488e+20,8.391185354293352e+22
2391301621621.6216,1238.7609615238753,253270666.5177342,1,2.961578970128845e+22,8.391185354293352e+22,2.5183552096678004e+23,9.98198057693693e+19,1.6078841646083324e-22,5.540847472381249e+22,2.9549750233121478e-18,1.002775539439519e+20,2.3501658403186355e-23,1.586079822070625e+17,8.107310849051867e+16,1.868951514911526e+16,2.5173556062880057e+23,1.0011894596174488e+20,8.391185354293352e+22
2394460540540.5405,1236.6985585668394,253267779.51107088,1,2.961578970128845e+22,8.391185354293352e+22,2.5183552096678004e+23,9.98198057693693e+19,1.4345855413363142e-22,5.540847472381249e+22,2.6364806469330143e-18,1.002775539439519e+20,2.0968834886244236e-23,1.586079822070625e+17,8.069640299804821e+16,1.906622064158572e+16,2.5173556062880057e+23,1.0011894596174488e+20,8.391185354293352e+22
2397619459459.4595,1234.6361556098036,253264964.436134,1,2.961578970128845e+22,8.391185354293352e+22,2.5183552096678004e+23,9.98198057693693e+19,1.2799650699365744e-22,5.540847472381249e+22,2.3523143670639602e-18,1.002775539439519e+20,1.870897374465904e-23,1.586079822070625e+17,8.03136715416e+16,1.944895209803392e+16,2.5173556062880057e+23,1.0011894596174488e+20,8.391185354293352e+22
2400778378378.3784,1232.5737526527678,253262219.68115744,1,2.961578970128845e+22,8.391185354293352e+22,2.5183552096678004e+23,9.98198057693693e+19,1.1420096249631594e-22,5.540847472381249e+22,2.098776218187847e-18,1.002775539439519e+20,1.6692658512185756e-23,1.586079822070625e+17,7.992485615451352e+16,1.98377674851204e+16,2.5173556062880057e+23,1.0011894596174488e+20,8.391185354293352e+22
2403937297297.298,1230.5113496957317,253259548.85740823,1,2.961578970128845e+22,8.391185354293352e+22,2.5183552096678004e+23,9.98198057693693e+19,1.0189230509944758e-22,5.540847472381249e+22,1.8725650260465852e-18,1.002775539439519e+20,1.4893642490829606e-23,1.586079822070625e+17,7.952989997009334e+16,2.0232723669540572e+16,2.5173556062880057e+23,1.0011894596174488e+20,8.391185354293352e+22
2407096216216.2163,1228.448946738696,253256956.65853018,1,2.961578970128845e+22,8.391185354293352e+22,2.5183552096678004e+23,9.98198057693693e+19,9.091027806416053e-23,5.540847472381249e+22,1.670735424951821e-18,1.002775539439519e+20,1.3288507476838663e-23,1.586079822070625e+17,7.912874731121346e+16,2.0633876328420468e+16,2.5173556062880057e+23,1.0011894596174488e+20,8.391185354293352e+22
2410255135135.1353,1226.38654378166,253254440.51312593,1,2.961578970128845e+22,8.391185354293352e+22,2.5183552096678004e+23,9.98198057693693e+19,8.111189742461553e-23,5.540847472381249e+22,1.4906595078741467e-18,1.002775539439519e+20,1.1856359341608994e-23,1.586079822070625e+17,7.872134378295744e+16,2.104127985667648e+16,2.5173556062880057e+23,1.0011894596174488e+20,8.391185354293352e+22
2413414054054.054,1224.3241408246242,253251997.9314051,1,2.961578970128845e+22,8.391185354293352e+22,2.5183552096678004e+23,9.98198057693693e+19,7.236958998879869e-23,5.540847472381249e+22,1.3299926099787292e-18,1.002775539439519e+20,1.0578555619833986e-23,1.586079822070625e+17,7.830763636832635e+16,2.1454987271307572e+16,2.5173556062880057e+23,1.0011894596174488e+20,8.391185354293352e+22
2416572972972.973,1222.2617378675884,253249626.5029507,1,2.961578970128845e+22,8.391185354293352e+22,2.5183552096678004e+23,9.98198057693693e+19,6.456953231391046e-23,5.540847472381249e+22,1.18664278009447e-18,1.002775539439519e+20,9.43846284508022e-24,1.586079822070625e+17,7.788757352704144e+16,2.187505011259249e+16,2.5173556062880057e+23,1.0011894596174488e+20,8.391185354293352e+22
2419731891891.892,1220.1993349105526,253247323.8945189,1,2.961578970128845e+22,8.391185354293352e+22,2.5183552096678004e+23,9.98198057693693e+19,5.761016876489583e-23,5.540847472381249e+22,1.0587435426222806e-18,1.002775539439519e+20,8.421240056984475e-24,1.586079822070625e+17,7.746110529746496e+16,2.2301518342168972e+16,2.5173556062880057e+23,1.0011894596174488e+20,8.391185354293352e+22
2422890810810.811,1218.1369319535168,253245087.8478735,1,2.961578970128845e+22,8.391185354293352e+22,2.5183552096678004e+23,9.98198057693693e+19,5.1400889305919355e-23,5.540847472381249e+22,9.44629595230957e-19,1.002775539439519e+20,7.51364563920147e-24,1.586079822070625e+17,7.702818340165706e+16,2.273444023797687e+16,2.5173556062880057e+23,1.0011894596174488e+20,8.391185354293352e+22
2426049729729.73,1216.074528996481,253242916.1776571,1,2.961578970128845e+22,8.391185354293352e+22,2.5183552096678004e+23,9.98198057693693e+19,4.5860849798881613e-23,5.540847472381249e+22,8.428151259143494e-19,1.002775539439519e+20,6.703864972018212e-24,1.586079822070625e+17,7.658876135358168e+16,2.3173862286052252e+16,2.5173556062880057e+23,1.0011894596174488e+20,8.391185354293352e+22
2429208648648.6484,1214.012126039445,253240806.76929986,1,2.961578970128845e+22,8.391185354293352e+22,2.5183552096678004e+23,9.98198057693693e+19,4.091791944787468e-23,5.540847472381249e+22,7.519744670887077e-19,1.002775539439519e+20,5.9813566564973825e-24,1.586079822070625e+17,7.614279457046854e+16,2.361982906916538e+16,2.5173556062880057e+23,1.0011894596174488e+20,8.391185354293352e+22
2432367567567.5674,1211.9497230824093,253238757.5769667,1,2.961578970128845e+22,8.391185354293352e+22,2.5183552096678004e+23,9.98198057693693e+19,3.650774168577784e-23,5.540847472381249e+22,6.709248348383475e-19,1.002775539439519e+20,5.3367153090058084e-24,1.586079822070625e+17,7.569024048733232e+16,2.4072383152301604e+16,2.5173556062880057e+23,1.0011894596174488e+20,8.391185354293352e+22
2435526486486.487,1209.8873201253732,253236766.62154487,1,2.961578970128845e+22,8.391185354293352e+22,2.5183552096678004e+23,9.98198057693693e+19,3.2572896276497287e-23,5.540847472381249e+22,5.986109285672893e-19,1.002775539439519e+20,4.761549140652308e-24,1.586079822070625e+17,7.52310586746432e+16,2.4531564964990716e+16,2.5173556062880057e+23,1.0011894596174488e+20,8.391185354293352e+22
2438685405405.406,1207.8249171683374,253234831.98867127,1,2.961578970128845e+22,8.391185354293352e+22,2.5183552096678004e+23,9.98198057693693e+19,2.9062151724143174e-23,5.540847472381249e+22,5.340911905378038e-19,1.002775539439519e+20,4.248370728542989e-24,1.586079822070625e+17,7.47652109591363e+16,2.4997412680497612e+16,2.5173556062880057e+23,1.0011894596174488e+20,8.391185354293352e+22
2441844324324.3247,1205.7625142113015,253232951.82680115,1,2.961578970128845e+22,8.391185354293352e+22,2.5183552096678004e+23,9.98198057693693e+19,2.5929798256143427e-23,5.540847472381249e+22,4.765255463892245e-19,1.002775539439519e+20,3.790499557409728e-24,1.586079822070625e+17,7.429266154773931e+16,2.54699620918946e+16,2.5173556062880057e+23,1.0011894596174488e+20,8.391185354293352e+22
2445003243243.2437,1203.7001112542657,253231124.34531844,1,2.961578970128845e+22,8.391185354293352e+22,2.5183552096678004e+23,9.98198057693693e+19,2.313505269627434e-23,5.540847472381249e+22,4.2516446701338384e-19,1.002775539439519e+20,3.381975063319823e-24,1.586079822070625e+17,7.381337715459003e+16,2.594924648504388e+16,2.5173556062880057e+23,1.0011894596174488e+20,8.391185354293352e+22
2448162162162.1626,1201.63770829723,253229347.812688,1,2.961578970128845e+22,8.391185354293352e+22,2.5183552096678004e+23,9.98198057693693e+19,2.0641527479515666e-23,5.540847472381249e+22,3.793392093676477e-19,1.002775539439519e+20,3.0174790478276958e-24,1.586079822070625e+17,7.332732713110645e+16,2.6435296508527464e+16,2.5173556062880057e+23,1.0011894596174488e+20,8.391185354293352e+22
2451321081081.081,1199.575305340194,253227620.5546494,1,2.961578970128845e+22,8.391185354293352e+22,2.5183552096678004e+23,9.98198057693693e+19,1.8416756895694125e-23,5.540847472381249e+22,3.384531091567967e-19,1.002775539439519e+20,2.692266452859859e-24,1.586079822070625e+17,7.283448359906293e+16,2.692814004057098e+16,2.5173556062880057e+23,1.0011894596174488e+20,8.391185354293352e+22
2454480000000.0,1197.5129023831582,253225940.95245424,1,2.961578970128845e+22,8.391185354293352e+22,2.5183552096678004e+23,9.98198057693693e+19,1.6431774393939635e-23,5.540847472381249e+22,3.019738120107762e-19,1.002775539439519e+20,2.4021035954172553e-24,1.586079822070625e+17,7.233482158661622e+16,2.742780205301769e+16,2.5173556062880057e+23,1.0011894596174488e+20,8.391185354293352e+22
2457638918918.919,1195.4504994261224,253224307.44114438,1,2.961578970128845e+22,8.391185354293352e+22,2.5183552096678004e+23,9.98198057693693e+19,1.4660735444739305e-23,5.540847472381249e+22,2.694263420049554e-19,1.002775539439519e+20,2.1432130582523946e-24,1.586079822070625e+17,7.1828319167214456e+16,2.7934304472419456e+16,2.5173556062880057e+23,1.0011894596174488e+20,8.391185354293352e+22
2460797837837.838,1193.3880964690866,253222718.50787306,1,2.961578970128845e+22,8.391185354293352e+22,2.5183552096678004e+23,9.98198057693693e+19,1.3080581049491309e-23,5.540847472381249e+22,2.4038691727208694e-19,1.002775539439519e+20,1.9122245192917957e-24,1.586079822070625e+17,7.131495760131146e+16,2.8447666038322456e+16,2.5173556062880057e+23,1.0011894596174488e+20,8.391185354293352e+22
2463956756756.757,1191.3256935120507,253221172.69026846,1,2.961578970128845e+22,8.391185354293352e+22,2.5183552096678004e+23,9.98198057693693e+19,1.1670737516654533e-23,5.540847472381249e+22,2.1447743218261244e-19,1.002775539439519e+20,1.706130879856573e-24,1.586079822070625e+17,7.079472148079688e+16,2.896790215883703e+16,2.5173556062880057e+23,1.0011894596174488e+20,8.391185354293352e+22
2467115675675.6763,1189.2632905550147,253219668.5748382,1,2.961578970128845e+22,8.391185354293352e+22,2.5183552096678004e+23,9.98198057693693e+19,1.0412848595749364e-23,5.540847472381249e+22,1.9136053424896006e-19,1.002775539439519e+20,1.5222491206892814e-24,1.586079822070625e+17,7.026759887604049e+16,2.949502476359342e+16,2.5173556062880057e+23,1.0011894596174488e+20,8.391185354293352e+22
2470274594594.5947,1187.2008875979789,253218204.79541594,1,2.961578970128845e+22,8.391185354293352e+22,2.5183552096678004e+23,9.98198057693693e+19,9.290536481738068e-24,5.540847472381249e+22,1.7073523165303956e-19,1.002775539439519e+20,1.3581853763209723e-24,1.586079822070625e+17,6.9733581485435864e+16,3.002904215419804e+16,2.5173556062880057e+23,1.0011894596174488e+20,8.391185354293352e+22
2473433513513.5137,1185.138484640943,253216780.03164926,1,2.961578970128845e+22,8.391185354293352e+22,2.5183552096678004e+23,9.98198057693693e+19,8.289188578182571e-24,5.540847472381249e+22,1.5233297420507958e-19,1.002775539439519e+20,1.2118037732092626e-24,1.586079822070625e+17,6.919266478731536e+16,3.0569958852318548e+16,2.5173556062880057e+23,1.0011894596174488e+20,8.391185354293352e+22
2476592432432.4326,1183.0760816839072,253215393.00752774,1,2.961578970128845e+22,8.391185354293352e+22,2.5183552096678004e+23,9.98198057693693e+19,7.395767242937724e-24,5.540847472381249e+22,1.3591415670622847e-19,1.002775539439519e+20,1.081198626060078e-24,1.586079822070625e+17,6.8644848194093704e+16,3.1117775445540204e+16,2.5173556062880057e+23,1.0011894596174488e+20,8.391185354293352e+22
2479751351351.3516,1181.0136787268714,253214042.48995185,1,2.961578970128845e+22,8.391185354293352e+22,2.5183552096678004e+23,9.98198057693693e+19,6.598640039354465e-24,5.540847472381249e+22,1.212649991872164e-19,1.002775539439519e+20,9.64669630449856e-25,1.586079822070625e+17,6.8090135208482936e+16,3.1672488431150976e+16,2.5173556062880057e+23,1.0011894596174488e+20,8.391185354293352e+22
2482910270270.2705,1178.9512757698355,253212727.2873411,1,2.961578970128845e+22,8.391185354293352e+22,2.5183552096678004e+23,9.98198057693693e+19,5.887428282935028e-24,5.540847472381249e+22,1.0819476340246243e-19,1.002775539439519e+20,8.606997288602417e-25,1.586079822070625e+17,6.7528533581605496e+16,3.2234090058028416e+16,2.5173556062880057e+23,1.0011894596174488e+20,8.391185354293352e+22
2486069189189.1895,1176.8888728127997,253211446.24828166,1,2.961578970128845e+22,8.391185354293352e+22,2.5183552096678004e+23,9.98198057693693e+19,5.252871911577758e-24,5.540847472381249e+22,9.653326933719938e-20,1.002775539439519e+20,7.679353620307283e-25,1.586079822070625e+17,6.696005547281628e+16,3.2802568166817628e+16,2.5173556062880057e+23,1.0011894596174488e+20,8.391185354293352e+22
2489228108108.1084,1174.826469855764,253210198.26021233,1,2.961578970128845e+22,8.391185354293352e+22,2.5183552096678004e+23,9.98198057693693e+19,4.686708920072004e-24,5.540847472381249e+22,8.612867939148516e-20,1.002775539439519e+20,6.8516884857906405e-25,1.586079822070625e+17,6.638471761102732e+16,3.337790602860659e+16,2.5173556062880057e+23,1.0011894596174488e+20,8.391185354293352e+22
2492387027027.027,1172.764066898728,253208982.24814874,1,2.961578970128845e+22,8.391185354293352e+22,2.5183552096678004e+23,9.98198057693693e+19,4.181567789122009e-24,5.540847472381249e+22,7.684552139023675e-20,1.002775539439519e+20,6.113226635387196e-25,1.586079822070625e+17,6.580254145731121e+16,3.39600821823227e+16,2.5173556062880057e+23,1.0011894596174488e+20,8.391185354293352e+22
2495545945945.946,1170.7016639416922,253207797.17344427,1,2.961578970128845e+22,8.391185354293352e+22,2.5183552096678004e+23,9.98198057693693e+19,3.730871508360227e-24,5.540847472381249e+22,6.856292467803862e-20,1.002775539439519e+20,5.454354111772943e-25,1.586079822070625e+17,6.521355336854123e+16,3.454907027109267e+16,2.5173556062880057e+23,1.0011894596174488e+20,8.391185354293352e+22
2498704864864.865,1168.6392609846562,253206642.03258803,1,2.961578970128845e+22,8.391185354293352e+22,2.5183552096678004e+23,9.98198057693693e+19,3.3287519437584926e-24,5.540847472381249e+22,6.117304633193164e-20,1.002775539439519e+20,4.866493095113925e-25,1.586079822070625e+17,6.461778476180699e+16,3.514483887782691e+16,2.5173556062880057e+23,1.0011894596174488e+20,8.391185354293352e+22
2501863783783.784,1166.5768580276203,253205515.85603842,1,2.961578970128845e+22,8.391185354293352e+22,2.5183552096678004e+23,9.98198057693693e+19,2.9699734345243245e-24,5.540847472381249e+22,5.457966700080547e-20,1.002775539439519e+20,4.341990236089193e-25,1.586079822070625e+17,6.401527227932502e+16,3.5747351360308884e+16,2.5173556062880057e+23,1.0011894596174488e+20,8.391185354293352e+22
2505022702702.703,1164.5144550705845,253204417.70709184,1,2.961578970128845e+22,8.391185354293352e+22,2.5183552096678004e+23,9.98198057693693e+19,2.64986462473353e-24,5.540847472381249e+22,4.8696938088627446e-20,1.002775539439519e+20,3.8740170232505193e-25,1.586079822070625e+17,6.340605795354356e+16,3.6356565686090344e+16,2.5173556062880057e+23,1.0011894596174488e+20,8.391185354293352e+22
2508181621621.622,1162.4520521135487,253203346.68078575,1,2.961578970128845e+22,8.391185354293352e+22,2.5183552096678004e+23,9.98198057693693e+19,2.3642576421628816e-24,5.540847472381249e+22,4.344826396930231e-20,1.002775539439519e+20,3.456480887817939e-25,1.586079822070625e+17,6.279018937212003e+16,3.697243426751387e+16,2.5173556062880057e+23,1.0011894596174488e+20,8.391185354293352e+22
2511340540540.5405,1160.3896491565129,253202301.90283573,1,2.961578970128845e+22,8.391185354293352e+22,2.5183552096678004e+23,9.98198057693693e+19,2.10943383244432e-24,5.540847472381249e+22,3.876530467912589e-20,1.002775539439519e+20,3.083945888767288e-25,1.586079822070625e+17,6.216771984242839e+16,3.759490379720551e+16,2.5173556062880057e+23,1.0011894596174488e+20,8.391185354293352e+22
2514499459459.4595,1158.327246199477,253201282.52860457,1,2.961578970128845e+22,8.391185354293352e+22,2.5183552096678004e+23,9.98198057693693e+19,1.8820753420099396e-24,5.540847472381249e+22,3.4587086101465486e-20,1.002775539439519e+20,2.7515619457641416e-25,1.586079822070625e+17,6.153870855523173e+16,3.822391508440218e+16,2.5173556062880057e+23,1.0011894596174488e+20,8.391185354293352e+22
2517658378378.3784,1156.2648432424412,253200287.74210453,1,2.961578970128845e+22,8.391185354293352e+22,2.5183552096678004e+23,9.98198057693693e+19,1.6792219194461724e-24,5.540847472381249e+22,3.0859206057893964e-20,1.002775539439519e+20,2.4550016987585084e-25,1.586079822070625e+17,6.09032207471333e+16,3.885940289250061e+16,2.5173556062880057e+23,1.0011894596174488e+20,8.391185354293352e+22
2520817297297.2974,1154.2024402854054,253199316.75503004,1,2.961578970128845e+22,8.391185354293352e+22,2.5183552096678004e+23,9.98198057693693e+19,1.4982323728176431e-24,5.540847472381249e+22,2.753312596874734e-20,1.002775539439519e+20,2.19040417232594e-25,1.586079822070625e+17,6.02613278613963e+16,3.95012957782376e+16,2.5173556062880057e+23,1.0011894596174488e+20,8.391185354293352e+22
2523976216216.2163,1152.1400373283695,253198368.80582154,1,2.961578970128845e+22,8.391185354293352e+22,2.5183552096678004e+23,9.98198057693693e+19,1.3367501811404403e-24,5.540847472381249e+22,2.456553886022579e-20,1.002775539439519e+20,1.9543245114144554e-25,1.586079822070625e+17,5.96131077066999e+16,4.0149515932934e+16,2.5173556062880057e+23,1.0011894596174488e+20,8.391185354293352e+22
2527135135135.1353,1150.0776343713337,253197443.1587587,1,2.961578970128845e+22,8.391185354293352e+22,2.5183552096678004e+23,9.98198057693693e+19,1.1926728122703954e-24,5.540847472381249e+22,2.1917805489222437e-20,1.002775539439519e+20,1.7436891341853198e-25,1.586079822070625e+17,5.895864461337521e+16,4.0803979026258696e+16,2.5173556062880057e+23,1.0011894596174488e+20,8.391185354293352e+22
2530294054054.054,1148.0152314142977,253196539.10308322,1,2.961578970128845e+22,8.391185354293352e+22,2.5183552096678004e+23,9.98198057693693e+19,1.0641243477285419e-24,5.540847472381249e+22,1.9555451243986016e-20,1.002775539439519e+20,1.5557557181486e-25,1.586079822070625e+17,5.82980295866418e+16,4.1464594052992104e+16,2.5173556062880057e+23,1.0011894596174488e+20,8.391185354293352e+22
2533452972972.973,1145.9528284572618,253195655.95214927,1,2.961578970128845e+22,8.391185354293352e+22,2.5183552096678004e+23,9.98198057693693e+19,9.494310580414647e-25,5.540847472381249e+22,1.7447717270050514e-20,1.002775539439519e+20,1.38807749870848e-25,1.586079822070625e+17,5.763136045634124e+16,4.2131263183292664e+16,2.5173556062880057e+23,1.0011894596174488e+20,8.391185354293352e+22
2536611891891.892,1143.890425500226,253194793.042602,1,2.961578970128845e+22,8.391185354293352e+22,2.5183552096678004e+23,9.98198057693693e+19,8.47099610589301e-25,5.540847472381249e+22,1.5567159976901047e-20,1.002775539439519e+20,1.2384714153673784e-25,1.586079822070625e+17,5.695874202264027e+16,4.280388161699363e+16,2.5173556062880057e+23,1.0011894596174488e+20,8.391185354293352e+22
2539770810810.811,1141.8280225431902,253193949.73358256,1,2.961578970128845e+22,8.391185354293352e+22,2.5183552096678004e+23,9.98198057693693e+19,7.557976262288699e-25,5.540847472381249e+22,1.3889293710782843e-20,1.002775539439519e+20,1.1049896909232691e-25,1.586079822070625e+17,5.628028619715266e+16,4.348233744248125e+16,2.5173556062880057e+23,1.0011894596174488e+20,8.391185354293352e+22
2542929729729.73,1139.7656195861543,253193125.40595913,1,2.961578970128845e+22,8.391185354293352e+22,2.5183552096678004e+23,9.98198057693693e+19,6.743363315400705e-25,5.540847472381249e+22,1.2392271941101676e-20,1.002775539439519e+20,9.858944736821467e-26,1.586079822070625e+17,5.559611213890474e+16,4.416651150072917e+16,2.5173556062880057e+23,1.0011894596174488e+20,8.391185354293352e+22
2546088648648.649,1137.7032166291185,253192319.4615835,1,2.961578970128845e+22,8.391185354293352e+22,2.5183552096678004e+23,9.98198057693693e+19,6.016550808283276e-25,5.540847472381249e+22,1.1056602809327466e-20,1.002775539439519e+20,8.796352125795658e-26,1.586079822070625e+17,5.490634638454656e+16,4.485627725508734e+16,2.5173556062880057e+23,1.0011894596174488e+20,8.391185354293352e+22
2549247567567.568,1135.6408136720827,253191531.32257196,1,2.961578970128845e+22,8.391185354293352e+22,2.5183552096678004e+23,9.98198057693693e+19,5.368075463598554e-25,5.540847472381249e+22,9.864895336727102e-21,1.002775539439519e+20,7.848284706804606e-26,1.586079822070625e+17,5.4211122972187064e+16,4.555150066744684e+16,2.5173556062880057e+23,1.0011894596174488e+20,8.391185354293352e+22
2552406486486.4863,1133.5784107150469,253190760.4306102,1,2.961578970128845e+22,8.391185354293352e+22,2.5183552096678004e+23,9.98198057693693e+19,4.789493970266625e-25,5.540847472381249e+22,8.801632986443465e-21,1.002775539439519e+20,7.002399142676949e-26,1.586079822070625e+17,5.351058355820932e+16,4.6252040081424584e+16,2.5173556062880057e+23,1.0011894596174488e+20,8.391185354293352e+22
2555565405405.4053,1131.516007758011,253190006.24628162,1,2.961578970128845e+22,8.391185354293352e+22,2.5183552096678004e+23,9.98198057693693e+19,4.273273050174301e-25,5.540847472381249e+22,7.852971631602903e-21,1.002775539439519e+20,6.247682430506644e-26,1.586079822070625e+17,5.2804877526399896e+16,4.695774611323401e+16,2.5173556062880057e+23,1.0011894596174488e+20,8.391185354293352e+22
2558724324324.324,1129.4536048009752,253189268.24841768,1,2.961578970128845e+22,8.391185354293352e+22,2.5183552096678004e+23,9.98198057693693e+19,3.812691373609027e-25,5.540847472381249e+22,7.006559298910173e-21,1.002775539439519e+20,5.574308522939314e-26,1.586079822070625e+17,5.209416208870508e+16,4.7668461550928824e+16,2.5173556062880057e+23,1.0011894596174488e+20,8.391185354293352e+22
2561883243243.2437,1127.3912018439391,253188545.93347037,1,2.961578970128845e+22,8.391185354293352e+22,2.5183552096678004e+23,9.98198057693693e+19,3.401752046353772e-25,5.540847472381249e+22,6.251375340715991e-21,1.002775539439519e+20,4.973510402114686e-26,1.586079822070625e+17,5.1378602376906536e+16,4.838402126272737e+16,2.5173556062880057e+23,1.0011894596174488e+20,8.391185354293352e+22
2565042162162.1626,1125.3287988869033,253187838.8149059,1,2.961578970128845e+22,8.391185354293352e+22,2.5183552096678004e+23,9.98198057693693e+19,3.0351045290211604e-25,5.540847472381249e+22,5.5775869415093055e-21,1.002775539439519e+20,4.437465940880215e-26,1.586079822070625e+17,5.065837152448986e+16,4.910425211514405e+16,2.5173556062880057e+23,1.0011894596174488e+20,8.391185354293352e+22
2568201081081.0815,1123.2663959298675,253187146.42261875,1,2.961578970128845e+22,8.391185354293352e+22,2.5183552096678004e+23,9.98198057693693e+19,2.707974972012333e-25,5.540847472381249e+22,4.9764210904879144e-21,1.002775539439519e+20,3.959196065371061e-26,1.586079822070625e+17,4.993365073796152e+16,4.982897290167238e+16,2.5173556062880057e+23,1.0011894596174488e+20,8.391185354293352e+22
2571360000000.0,1121.2039929728317,253186468.30236587,1,2.961578970128845e+22,8.391185354293352e+22,2.5183552096678004e+23,9.98198057693693e+19,2.4161040590572855e-25,5.540847472381249e+22,4.440050353236005e-21,1.002775539439519e+20,3.53247389319045e-26,1.586079822070625e+17,4.9204629356853656e+16,5.055799428278025e+16,2.5173556062880057e+23,1.0011894596174488e+20,8.391185354293352e+22
2574518918918.919,1119.1415900157958,253185804.01521954,1,2.961578970128845e+22,8.391185354293352e+22,2.5183552096678004e+23,9.98198057693693e+19,2.1556915500548506e-25,5.540847472381249e+22,3.9614909552073915e-21,1.002775539439519e+20,3.1517436643038e-26,1.586079822070625e+17,4.847150490164115e+16,5.129111873799275e+16,2.5173556062880057e+23,1.0011894596174488e+20,8.391185354293352e+22
2577677837837.838,1117.07918705876,253185153.13703987,1,2.961578970128845e+22,8.391185354293352e+22,2.5183552096678004e+23,9.98198057693693e+19,1.9233468011554842e-25,5.540847472381249e+22,3.534511850018158e-21,1.002775539439519e+20,2.812048409243425e-26,1.586079822070625e+17,4.7734483108783144e+16,5.202814053085076e+16,2.5173556062880057e+23,1.0011894596174488e+20,8.391185354293352e+22
2580836756756.757,1115.0167841017242,253184515.2579643,1,2.961578970128845e+22,8.391185354293352e+22,2.5183552096678004e+23,9.98198057693693e+19,1.7160446178536174e-25,5.540847472381249e+22,3.1535535885793184e-21,1.002775539439519e+20,2.5089654129630255e-26,1.586079822070625e+17,4.699377795209024e+16,5.276884568754366e+16,2.5173556062880057e+23,1.0011894596174488e+20,8.391185354293352e+22
2583995675675.676,1112.9543811446883,253183889.9819157,1,2.961578970128845e+22,8.391185354293352e+22,2.5183552096678004e+23,9.98198057693693e+19,1.53108586629229e-25,5.540847472381249e+22,2.8136559327111624e-21,1.002775539439519e+20,2.238548634167075e-26,1.586079822070625e+17,4.624961164961068e+16,5.3513011990023224e+16,2.5173556062880057e+23,1.0011894596174488e+20,8.391185354293352e+22
2587154594594.5947,1110.8919781876525,253183276.9261264,1,2.961578970128845e+22,8.391185354293352e+22,2.5183552096678004e+23,9.98198057693693e+19,1.366062329934809e-25,5.540847472381249e+22,2.5103932707378507e-21,1.002775539439519e+20,1.997277330488479e-26,1.586079822070625e+17,4.550221465522309e+16,5.426040898441082e+16,2.5173556062880057e+23,1.0011894596174488e+20,8.391185354293352e+22
2590313513513.5137,1108.8295752306167,253182675.72067922,1,2.961578970128845e+22,8.391185354293352e+22,2.5183552096678004e+23,9.98198057693693e+19,1.2188253540330376e-25,5.540847472381249e+22,2.2398169941458964e-21,1.002775539439519e+20,1.7820102206773077e-26,1.586079822070625e+17,4.47518256341207e+16,5.50107980055132e+16,2.5173556062880057e+23,1.0011894596174488e+20,8.391185354293352e+22
2593472432432.4326,1106.7671722735806,253182086.0080644,1,2.961578970128845e+22,8.391185354293352e+22,2.5183552096678004e+23,9.98198057693693e+19,1.087457869639232e-25,5.540847472381249e+22,1.9984040850261816e-21,1.002775539439519e+20,1.5899445870467574e-26,1.586079822070625e+17,4.399869142137245e+16,5.576393221826146e+16,2.5173556062880057e+23,1.0011894596174488e+20,8.391185354293352e+22
2596631351351.3516,1104.7047693165448,253181507.4427515,1,2.961578970128845e+22,8.391185354293352e+22,2.5183552096678004e+23,9.98198057693693e+19,9.702494329101879e-26,5.540847472381249e+22,1.783011244886195e-21,1.002775539439519e+20,1.4185797857366977e-26,1.586079822070625e+17,4.324306696274994e+16,5.651955667688397e+16,2.5173556062880057e+23,1.0011894596174488e+20,8.391185354293352e+22
2599790270270.2705,1102.642366359509,253180939.69077623,1,2.961578970128845e+22,8.391185354293352e+22,2.5183552096678004e+23,9.98198057693693e+19,8.656739547118286e-26,5.540847472381249e+22,1.5908339675701618e-21,1.002775539439519e+20,1.2656846897385475e-26,1.586079822070625e+17,4.248521523701702e+16,5.727740840261688e+16,2.5173556062880057e+23,1.0011894596174488e+20,8.391185354293352e+22
2602949189189.1895,1100.5799634024731,253180382.42934203,1,2.961578970128845e+22,8.391185354293352e+22,2.5183552096678004e+23,9.98198057693693e+19,7.723698305602478e-26,5.540847472381249e+22,1.4193700233991253e-21,1.002775539439519e+20,1.1292686408239983e-26,1.586079822070625e+17,4.172540715888981e+16,5.80372164807441e+16,2.5173556062880057e+23,1.0011894596174488e+20,8.391185354293352e+22
2606108108108.1084,1098.5175604454373,253179835.34643498,1,2.961578970128845e+22,8.391185354293352e+22,2.5183552096678004e+23,9.98198057693693e+19,6.891222121878607e-26,5.540847472381249e+22,1.2663868790789958e-21,1.002775539439519e+20,1.0075555322011472e-26,1.586079822070625e+17,4.096392146189056e+16,5.879870217774334e+16,2.5173556062880057e+23,1.0011894596174488e+20,8.391185354293352e+22
2609267027027.0273,1096.4551574884015,253179298.1404524,1,2.961578970128845e+22,8.391185354293352e+22,2.5183552096678004e+23,9.98198057693693e+19,6.148471899074836e-26,5.540847472381249e+22,1.1298926291699415e-21,1.002775539439519e+20,8.989606844796617e-27,1.586079822070625e+17,4.0201044560339176e+16,5.956157907929473e+16,2.5173556062880057e+23,1.0011894596174488e+20,8.391185354293352e+22
2612425945945.9463,1094.3927545313657,253178770.51984474,1,2.961578970128845e+22,8.391185354293352e+22,2.5183552096678004e+23,9.98198057693693e+19,5.485776798259504e-26,5.540847472381249e+22,1.0081100606325269e-21,1.002775539439519e+20,8.02070213891612e-27,1.586079822070625e+17,3.94370703897503e+16,6.03255532498836e+16,2.5173556062880057e+23,1.0011894596174488e+20,8.391185354293352e+22
2615584864864.8647,1092.3303515743298,253178252.20276892,1,2.961578970128845e+22,8.391185354293352e+22,2.5183552096678004e+23,9.98198057693693e+19,4.8945083215624354e-26,5.540847472381249e+22,8.994535127599832e-22,1.002775539439519e+20,7.156226241609882e-27,1.586079822070625e+17,3.867230022493427e+16,6.109032341469963e+16,2.5173556062880057e+23,1.0011894596174488e+20,8.391185354293352e+22
2618743783783.7837,1090.267948617294,253177742.91675493,1,2.961578970128845e+22,8.391185354293352e+22,2.5183552096678004e+23,9.98198057693693e+19,4.36696796681984e-26,5.540847472381249e+22,8.025082312031142e-22,1.002775539439519e+20,6.384923823638673e-27,1.586079822070625e+17,3.790704247513478e+16,6.185558116449912e+16,2.5173556062880057e+23,1.0011894596174488e+20,8.391185354293352e+22
2621902702702.7026,1088.2055456602582,253177242.3983838,1,2.961578970128845e+22,8.391185354293352e+22,2.5183552096678004e+23,9.98198057693693e+19,3.896286990984657e-26,5.540847472381249e+22,7.160119472684809e-22,1.002775539439519e+20,5.6967526495076825e-27,1.586079822070625e+17,3.714161245557702e+16,6.262101118405688e+16,2.5173556062880057e+23,1.0011894596174488e+20,8.391185354293352e+22
2625061621621.622,1086.143142703222,253176750.3929763,1,2.961578970128845e+22,8.391185354293352e+22,2.5183552096678004e+23,9.98198057693693e+19,3.4763369772018034e-26,5.540847472381249e+22,6.388384426445151e-22,1.002775539439519e+20,5.082752831480393e-27,1.586079822070625e+17,3.637633213484595e+16,6.338629150478795e+16,2.5173556062880057e+23,1.0011894596174488e+20,8.391185354293352e+22
2628220540540.541,1084.0807397461863,253176266.65429336,1,2.961578970128845e+22,8.391185354293352e+22,2.5183552096678004e+23,9.98198057693693e+19,3.101650041113271e-26,5.540847472381249e+22,5.699828855613213e-22,1.002775539439519e+20,4.5349301751712556e-27,1.586079822070625e+17,3.5611529857566976e+16,6.415109378206693e+16,2.5173556062880057e+23,1.0011894596174488e+20,8.391185354293352e+22
2631379459459.46,1082.0183367891505,253175790.94424614,1,2.961578970128845e+22,8.391185354293352e+22,2.5183552096678004e+23,9.98198057693693e+19,2.7673476374623394e-26,5.540847472381249e+22,5.085487474547484e-22,1.002775539439519e+20,4.046152097962662e-27,1.586079822070625e+17,3.484754004191948e+16,6.4915083597714424e+16,2.5173556062880057e+23,1.0011894596174488e+20,8.391185354293352e+22
2634538378378.3784,1079.9559338321146,253175323.03261733,1,2.961578970128845e+22,8.391185354293352e+22,2.5183552096678004e+23,9.98198057693693e+19,2.4690770400434103e-26,5.540847472381249e+22,4.537361297841455e-22,1.002775539439519e+20,3.610054765178017e-27,1.586079822070625e+17,3.408470285157865e+16,6.5677920788055256e+16,2.5173556062880057e+23,1.0011894596174488e+20,8.391185354293352e+22
2637697297297.2974,1077.8935308750788,253174862.69679123,1,2.961578970128845e+22,8.391185354293352e+22,2.5183552096678004e+23,9.98198057693693e+19,2.2029546679523194e-26,5.540847472381249e+22,4.0483134901401806e-22,1.002775539439519e+20,3.2209602349867794e-27,1.586079822070625e+17,3.332336384175225e+16,6.6439259797881656e+16,2.5173556062880057e+23,1.0011894596174488e+20,8.391185354293352e+22
2640856216216.2163,1075.831127918043,253174409.72149405,1,2.961578970128845e+22,8.391185354293352e+22,2.5183552096678004e+23,9.98198057693693e+19,1.965515520232037e-26,5.540847472381249e+22,3.611976441516258e-22,1.002775539439519e+20,2.8738025333224475e-27,1.586079822070625e+17,3.256387357905711e+16,6.719875006057679e+16,2.5173556062880057e+23,1.0011894596174488e+20,8.391185354293352e+22
2644015135135.1353,1073.7687249610071,253173963.89854282,1,2.961578970128845e+22,8.391185354293352e+22,2.5183552096678004e+23,9.98198057693693e+19,1.753668060541103e-26,5.540847472381249e+22,3.222668858487215e-22,1.002775539439519e+20,2.5640616963550232e-27,1.586079822070625e+17,3.1806587235064788e+16,6.795603640456912e+16,2.5173556062880057e+23,1.0011894596174488e+20,8.391185354293352e+22
2647174054054.054,1071.7063220039713,253173525.02660334,1,2.961578970128845e+22,8.391185354293352e+22,2.5183552096678004e+23,9.98198057693693e+19,1.564653964432497e-26,5.540847472381249e+22,2.875321791164164e-22,1.002775539439519e+20,2.2877049217904742e-27,1.586079822070625e+17,3.1051864153437456e+16,6.8710759486196456e+16,2.5173556062880057e+23,1.0011894596174488e+20,8.391185354293352e+22
2650332972972.973,1069.6439190469355,253173092.91095716,1,2.961578970128845e+22,8.391185354293352e+22,2.5183552096678004e+23,9.98198057693693e+19,1.3960122051427824e-26,5.540847472381249e+22,2.565412633373822e-22,1.002775539439519e+20,2.041134062821058e-27,1.586079822070625e+17,3.030006739067362e+16,6.946255624896029e+16,2.5173556062880057e+23,1.0011894596174488e+20,8.391185354293352e+22
2653491891891.892,1067.5815160898997,253172667.36327565,1,2.961578970128845e+22,8.391185354293352e+22,2.5183552096678004e+23,9.98198057693693e+19,1.2455470102796823e-26,5.540847472381249e+22,2.28890623640749e-22,1.002775539439519e+20,1.8211387811264482e-27,1.586079822070625e+17,2.9551563230588364e+16,7.0211060409045544e+16,2.5173556062880057e+23,1.0011894596174488e+20,8.391185354293352e+22
2656650810810.811,1065.5191131328636,253172248.20140305,1,2.961578970128845e+22,8.391185354293352e+22,2.5183552096678004e+23,9.98198057693693e+19,1.1112992721961238e-26,5.540847472381249e+22,2.0422023696730114e-22,1.002775539439519e+20,1.624854749002422e-27,1.586079822070625e+17,2.8806720672764956e+16,7.095590296686895e+16,2.5173556062880057e+23,1.0011894596174488e+20,8.391185354293352e+22
2659809729729.73,1063.4567101758278,253171835.2491467,1,2.961578970128845e+22,8.391185354293352e+22,2.5183552096678004e+23,9.98198057693693e+19,9.91521039806559e-27,5.540847472381249e+22,1.822088844165122e-22,1.002775539439519e+20,1.4497263564299985e-27,1.586079822070625e+17,2.806591089533328e+16,7.169671274430063e+16,2.5173556062880057e+23,1.0011894596174488e+20,8.391185354293352e+22
2662968648648.649,1061.394307218792,253171428.3360747,1,2.961578970128845e+22,8.391185354293352e+22,2.5183552096678004e+23,9.98198057693693e+19,8.84652759722396e-27,5.540847472381249e+22,1.6256996884018776e-22,1.002775539439519e+20,1.2934734375488184e-27,1.586079822070625e+17,2.7329506692555548e+16,7.243311694707837e+16,2.5173556062880057e+23,1.0011894596174488e+20,8.391185354293352e+22
2666127567567.568,1059.331904261756,253171027.29732072,1,2.961578970128845e+22,8.391185354293352e+22,2.5183552096678004e+23,9.98198057693693e+19,7.893029703801825e-27,5.540847472381249e+22,1.4504778322601135e-22,1.002775539439519e+20,1.154061583328922e-27,1.586079822070625e+17,2.6597881887831124e+16,7.31647417518028e+16,2.5173556062880057e+23,1.0011894596174488e+20,8.391185354293352e+22
2669286486486.487,1057.2695013047203,253170631.97339568,1,2.961578970128845e+22,8.391185354293352e+22,2.5183552096678004e+23,9.98198057693693e+19,7.042301847746504e-27,5.540847472381249e+22,1.2941418128376434e-22,1.002775539439519e+20,1.0296756539248759e-27,1.586079822070625e+17,2.5871410722869324e+16,7.38912129167646e+16,2.5173556062880057e+23,1.0011894596174488e+20,8.391185354293352e+22
2672445405405.406,1055.2070983476845,253170242.21000615,1,2.961578970128845e+22,8.391185354293352e+22,2.5183552096678004e+23,9.98198057693693e+19,6.283267259049362e-27,5.540847472381249e+22,1.1546560688383967e-22,1.002775539439519e+20,9.186961458541634e-28,1.586079822070625e+17,2.515046722392175e+16,7.461215641571218e+16,2.5173556062880057e+23,1.0011894596174488e+20,8.391185354293352e+22
2675604324324.324,1053.1446953906486,253169857.85787898,1,2.961578970128845e+22,8.391185354293352e+22,2.5183552096678004e+23,9.98198057693693e+19,5.606043044670616e-27,5.540847472381249e+22,1.0302044367007875e-22,1.002775539439519e+20,8.196781063100431e-28,1.586079822070625e+17,2.4435424546113308e+16,7.532719909352062e+16,2.5173556062880057e+23,1.0011894596174488e+20,8.391185354293352e+22
2678763243243.243,1051.0822924336128,253169478.7725923,1,2.961578970128845e+22,8.391185354293352e+22,2.5183552096678004e+23,9.98198057693693e+19,5.001811510102334e-27,5.540847472381249e+22,9.191665033776626e-23,1.002775539439519e+20,7.313323200811902e-28,1.586079822070625e+17,2.372665429706318e+16,7.603596934257075e+16,2.5173556062880057e+23,1.0011894596174488e+20,8.391185354293352e+22
2681922162162.162,1049.019889476577,253169104.81441212,1,2.961578970128845e+22,8.391185354293352e+22,2.5183552096678004e+23,9.98198057693693e+19,4.462705350140311e-27,5.540847472381249e+22,8.200965078709924e-23,1.002775539439519e+20,6.525085241386476e-28,1.586079822070625e+17,2.3024525841143076e+16,7.673809779849085e+16,2.5173556062880057e+23,1.0011894596174488e+20,8.391185354293352e+22
2685081081081.081,1046.9574865195411,253168735.8481352,1,2.961578970128845e+22,8.391185354293352e+22,2.5183552096678004e+23,9.98198057693693e+19,3.98170521401617e-27,5.540847472381249e+22,7.317045168103338e-23,1.002775539439519e+20,5.8218043134982245e-28,1.586079822070625e+17,2.2329405585879104e+16,7.743321805375482e+16,2.5173556062880057e+23,1.0011894596174488e+20,8.391185354293352e+22
2688240000000.0005,1044.895083562505,253168371.74293697,1,2.961578970128845e+22,8.391185354293352e+22,2.5183552096678004e+23,9.98198057693693e+19,3.552548311158294e-27,5.540847472381249e+22,6.528396289731127e-23,1.002775539439519e+20,5.194323683331756e-28,1.586079822070625e+17,2.1641656252165184e+16,7.812096738746874e+16,2.5173556062880057e+23,1.0011894596174488e+20,8.391185354293352e+22
2691398918918.9194,1042.8326806054692,253168012.3722251,1,2.961578970128845e+22,8.391185354293352e+22,2.5183552096678004e+23,9.98198057693693e+19,3.169646867602149e-27,5.540847472381249e+22,5.824749900624534e-23,1.002775539439519e+20,4.6344735348264805e-28,1.586079822070625e+17,2.0961636130118904e+16,7.8800987509515e+16,2.5173556062880057e+23,1.0011894596174488e+20,8.391185354293352e+22
2694557837837.838,1040.7702776484334,253167657.61349794,1,2.961578970128845e+22,8.391185354293352e+22,2.5183552096678004e+23,9.98198057693693e+19,2.8280153713285856e-27,5.540847472381249e+22,5.196944226286061e-23,1.002775539439519e+20,4.134964599412019e-28,1.586079822070625e+17,2.028969832257416e+16,7.947292531705974e+16,2.5173556062880057e+23,1.0011894596174488e+20,8.391185354293352e+22
2697716756756.757,1038.7078746913976,253167307.34820816,1,2.961578970128845e+22,8.391185354293352e+22,2.5183552096678004e+23,9.98198057693693e+19,2.5232056592429446e-27,5.540847472381249e+22,4.636804970498764e-23,1.002775539439519e+20,3.689293250323915e-28,1.586079822070625e+17,1.962618997836792e+16,8.013643366126598e+16,2.5173556062880057e+23,1.0011894596174488e+20,8.391185354293352e+22
2700875675675.676,1036.6454717343618,253166961.46163136,1,2.961578970128845e+22,8.391185354293352e+22,2.5183552096678004e+23,9.98198057693693e+19,2.2512490006080463e-27,5.540847472381249e+22,4.137038882521692e-23,1.002775539439519e+20,3.2916568258526484e-28,1.586079822070625e+17,1.8971451517739732e+16,8.079117212189418e+16,2.5173556062880057e+23,1.0011894596174488e+20,8.391185354293352e+22
2704034594594.5947,1034.583068777326,253166619.8427384,1,2.961578970128845e+22,8.391185354293352e+22,2.5183552096678004e+23,9.98198057693693e+19,2.008604422839976e-27,5.540847472381249e+22,3.691138795871184e-23,1.002775539439519e+20,2.9368780790558416e-28,1.586079822070625e+17,1.8325815852320936e+16,8.143680778731298e+16,2.5173556062880057e+23,1.0011894596174488e+20,8.391185354293352e+22
2707193513513.5137,1032.52066582029,253166282.3840736,1,2.961578970128845e+22,8.391185354293352e+22,2.5183552096678004e+23,9.98198057693693e+19,1.792112606852796e-27,5.540847472381249e+22,3.293298902252688e-23,1.002775539439519e+20,2.6203377702867016e-28,1.586079822070625e+17,1.768960760234479e+16,8.207301603728912e+16,2.5173556062880057e+23,1.0011894596174488e+20,8.391185354293352e+22
2710352432432.4326,1030.4582628632543,253165948.98163575,1,2.961578970128845e+22,8.391185354293352e+22,2.5183552096678004e+23,9.98198057693693e+19,1.5989547516555095e-27,5.540847472381249e+22,2.938339157473738e-23,1.002775539439519e+20,2.33791452490859e-28,1.586079822070625e+17,1.7063142313857192e+16,8.269948132577672e+16,2.5173556062880057e+23,1.0011894596174488e+20,8.391185354293352e+22
2713511351351.3516,1028.3958599062184,253165619.53476456,1,2.961578970128845e+22,8.391185354293352e+22,2.5183552096678004e+23,9.98198057693693e+19,1.4266158726056094e-27,5.540847472381249e+22,2.6216378350710106e-23,1.002775539439519e+20,2.085931173155461e-28,1.586079822070625e+17,1.6446725678849346e+16,8.331589796078456e+16,2.5173556062880057e+23,1.0011894596174488e+20,8.391185354293352e+22
2716670270270.2705,1026.3334569491824,253165293.94603005,1,2.961578970128845e+22,8.391185354293352e+22,2.5183552096678004e+23,9.98198057693693e+19,1.2728520554510817e-27,5.540847472381249e+22,2.3390713494710814e-23,1.002775539439519e+20,1.8611068734938933e-28,1.586079822070625e+17,1.5840652761366672e+16,8.392197087826723e+16,2.5173556062880057e+23,1.0011894596174488e+20,8.391185354293352e+22
2719829189189.1895,1024.2710539921466,253164972.12112638,1,2.961578970128845e+22,8.391185354293352e+22,2.5183552096678004e+23,9.98198057693693e+19,1.1356612397982343e-27,5.540847472381249e+22,2.086960565156884e-23,1.002775539439519e+20,1.6605143961416644e-28,1.586079822070625e+17,1.5245207232771172e+16,8.451741640686274e+16,2.5173556062880057e+23,1.0011894596174488e+20,8.391185354293352e+22
2722988108108.1084,1022.2086510351108,253164653.9687694,1,2.961578970128845e+22,8.391185354293352e+22,2.5183552096678004e+23,9.98198057693693e+19,1.0132571515968954e-27,5.540847472381249e+22,1.8620228927624624e-23,1.002775539439519e+20,1.4815420105814501e-28,1.586079822070625e+17,1.4660660619445666e+16,8.510196302018824e+16,2.5173556062880057e+23,1.0011894596174488e+20,8.391185354293352e+22
2726147027027.0273,1020.1462480780751,253164339.40059745,1,2.961578970128845e+22,8.391185354293352e+22,2.5183552096678004e+23,9.98198057693693e+19,9.040460452356507e-28,5.540847472381249e+22,1.661329548366839e-23,1.002775539439519e+20,1.3218594808513892e-28,1.586079822070625e+17,1.4087271566326158e+16,8.567535207330774e+16,2.5173556062880057e+23,1.0011894596174488e+20,8.391185354293352e+22
2729305945945.9463,1018.0838451210394,253164028.33107585,1,2.961578970128845e+22,8.391185354293352e+22,2.5183552096678004e+23,9.98198057693693e+19,8.066059524217844e-28,5.540847472381249e+22,1.4822674194848687e-23,1.002775539439519e+20,1.1793877258760521e-28,1.586079822070625e+17,1.3525285119731422e+16,8.623733851990248e+16,2.5173556062880057e+23,1.0011894596174488e+20,8.391185354293352e+22
2732464864864.865,1016.0214421640037,253163720.6774047,1,2.961578970128845e+22,8.391185354293352e+22,2.5183552096678004e+23,9.98198057693693e+19,7.196681676596579e-28,5.540847472381249e+22,1.3225050412341098e-23,1.002775539439519e+20,1.0522717498196582e-28,1.586079822070625e+17,1.2974932033025114e+16,8.678769160660878e+16,2.5173556062880057e+23,1.0011894596174488e+20,8.391185354293352e+22
2735623783783.7837,1013.959039206968,253163416.3594297,1,2.961578970128845e+22,8.391185354293352e+22,2.5183552096678004e+23,9.98198057693693e+19,6.4210072926246895e-28,5.540847472381249e+22,1.1799622396729667e-23,1.002775539439519e+20,9.388564900180544e-29,1.586079822070625e+17,1.2436428098693584e+16,8.732619554094032e+16,2.5173556062880057e+23,1.0011894596174488e+20,8.391185354293352e+22
2738782702702.7026,1011.8966362499323,253163115.2995564,1,2.961578970128845e+22,8.391185354293352e+22,2.5183552096678004e+23,9.98198057693693e+19,5.728936808147848e-28,5.540847472381249e+22,1.0527830470534872e-23,1.002775539439519e+20,8.376652680323833e-29,1.586079822070625e+17,1.19099735104506e+16,8.785265012918331e+16,2.5173556062880057e+23,1.0011894596174488e+20,8.391185354293352e+22
2741941621621.6216,1009.8342332928966,253162817.42266706,1,2.961578970128845e+22,8.391185354293352e+22,2.5183552096678004e+23,9.98198057693693e+19,5.11145921185276e-28,5.540847472381249e+22,9.393115363339178e-24,1.002775539439519e+20,7.473805632594746e-29,1.586079822070625e+17,1.13957522589867e+16,8.836687138064722e+16,2.5173556062880057e+23,1.0011894596174488e+20,8.391185354293352e+22
2745100540540.5405,1007.7718303358608,253162522.65604076,1,2.961578970128845e+22,8.391185354293352e+22,2.5183552096678004e+23,9.98198057693693e+19,4.560534718724801e-28,5.540847472381249e+22,8.38070260306119e-24,1.002775539439519e+20,6.668268587731741e-29,1.586079822070625e+17,1.0893931564964582e+16,8.886869207466933e+16,2.5173556062880057e+23,1.0011894596174488e+20,8.391185354293352e+22
2748259459459.46,1005.7094273788248,253162230.9292758,1,2.961578970128845e+22,8.391185354293352e+22,2.5183552096678004e+23,9.98198057693693e+19,4.068990089205649e-28,5.540847472381249e+22,7.477410146061295e-24,1.002775539439519e+20,5.94955336051004e-29,1.586079822070625e+17,1.0404661352821192e+16,8.935796228681272e+16,2.5173556062880057e+23,1.0011894596174488e+20,8.391185354293352e+22
2751418378378.379,1003.6470244217891,253161942.17421535,1,2.961578970128845e+22,8.391185354293352e+22,2.5183552096678004e+23,9.98198057693693e+19,3.630425231071465e-28,5.540847472381249e+22,6.671476741341201e-24,1.002775539439519e+20,5.308302193126528e-29,1.586079822070625e+17,9928073768870998.0,8.983454987076291e+16,2.5173556062880057e+23,1.0011894596174488e+20,8.391185354293352e+22
2754577297297.298,1001.5846214647534,253161656.3248752,1,2.961578970128845e+22,8.391185354293352e+22,2.5183552096678004e+23,9.98198057693693e+19,3.2391298679569373e-28,5.540847472381249e+22,5.952408794066406e-24,1.002775539439519e+20,4.7361659167454553e-29,1.586079822070625e+17,9464282747111950.0,9.029834089252197e+16,2.5173556062880057e+23,1.0011894596174488e+20,8.391185354293352e+22
2757736216216.2163,999.5222185077176,253161373.3173742,1,2.961578970128845e+22,8.391185354293352e+22,2.5183552096678004e+23,9.98198057693693e+19,2.8900091895213543e-28,5.540847472381249e+22,5.310843734509696e-24,1.002775539439519e+20,4.225695244875581e-29,1.586079822070625e+17,9013383626015122.0,9.07492400136188e+16,2.5173556062880057e+23,1.0011894596174488e+20,8.391185354293352e+22
2760895135135.1353,997.4598155506819,253161093.08986712,1,2.961578970128845e+22,8.391185354293352e+22,2.5183552096678004e+23,9.98198057693693e+19,2.578517515196822e-28,5.540847472381249e+22,4.738428113421377e-24,1.002775539439519e+20,3.770243783224065e-29,1.586079822070625e+17,8575452819430083.0,9.118717082020384e+16,2.5173556062880057e+23,1.0011894596174488e+20,8.391185354293352e+22
2764054054054.054,995.3974125936462,253160815.58247963,1,2.961578970128845e+22,8.391185354293352e+22,2.5183552096678004e+23,9.98198057693693e+19,2.300599107798118e-28,5.540847472381249e+22,4.227708836576215e-24,1.002775539439519e+20,3.363881493219644e-29,1.586079822070625e+17,8150547544560169.0,9.161207609507376e+16,2.5173556062880057e+23,1.0011894596174488e+20,8.391185354293352e+22
2767212972972.973,993.3350096366105,253160540.7372459,1,2.961578970128845e+22,8.391185354293352e+22,2.5183552096678004e+23,9.98198057693693e+19,2.05263536636731e-28,5.540847472381249e+22,3.772036122324764e-24,1.002775539439519e+20,3.0013174825034666e-29,1.586079822070625e+17,7738705609754799.0,9.202391802987914e+16,2.5173556062880057e+23,1.0011894596174488e+20,8.391185354293352e+22
2770371891891.892,991.2726066795748,253160268.49804777,1,2.961578970128845e+22,8.391185354293352e+22,2.5183552096678004e+23,9.98198057693693e+19,1.8313977106858695e-28,5.540847472381249e+22,3.365476918615216e-24,1.002775539439519e+20,2.677831117121671e-29,1.586079822070625e+17,7339945264629633.0,9.24226783750043e+16,2.5173556062880057e+23,1.0011894596174488e+20,8.391185354293352e+22
2773530810810.811,989.2102037225391,253159998.8105566,1,2.961578970128845e+22,8.391185354293352e+22,2.5183552096678004e+23,9.98198057693693e+19,1.6340055439945258e-28,5.540847472381249e+22,3.002737652138684e-24,1.002775539439519e+20,2.3892105585020832e-29,1.586079822070625e+17,6954265114760108.0,9.280835852487382e+16,2.5173556062880057e+23,1.0011894596174488e+20,8.391185354293352e+22
2776689729729.7295,987.1478007655033,253159731.62217674,1,2.961578970128845e+22,8.391185354293352e+22,2.5183552096678004e+23,9.98198057693693e+19,1.4578887465809604e-28,5.540847472381249e+22,2.6790953037590007e-24,1.002775539439519e+20,2.1316979249671113e-29,1.586079822070625e+17,6581644102900168.0,9.318097953673376e+16,2.5173556062880057e+23,1.0011894596174488e+20,8.391185354293352e+22
2779848648648.649,985.0853978084673,253159466.88199073,1,2.961578970128845e+22,8.391185354293352e+22,2.5183552096678004e+23,9.98198057693693e+19,1.3007542118889165e-28,5.540847472381249e+22,2.390335912799894e-24,1.002775539439519e+20,1.901940363786232e-29,1.586079822070625e+17,6222041558356780.0,9.354058208127715e+16,2.5173556062880057e+23,1.0011894596174488e+20,8.391185354293352e+22
2783007567567.568,983.0229948514316,253159204.54070708,1,2.961578970128845e+22,8.391185354293352e+22,2.5183552096678004e+23,9.98198057693693e+19,1.1605559894372352e-28,5.540847472381249e+22,2.1326997094892755e-24,1.002775539439519e+20,1.6969463967260903e-29,1.586079822070625e+17,5875397315803322.0,9.388722632383061e+16,2.5173556062880057e+23,1.0011894596174488e+20,8.391185354293352e+22
2786166486486.487,980.9605918943959,253158944.55060914,1,2.961578970128845e+22,8.391185354293352e+22,2.5183552096678004e+23,9.98198057693693e+19,1.035468645799254e-28,5.540847472381249e+22,1.9028321611617807e-24,1.002775539439519e+20,1.514046970716916e-29,1.586079822070625e+17,5541631904442696.0,9.422099173519123e+16,2.5173556062880057e+23,1.0011894596174488e+20,8.391185354293352e+22
2789325405405.406,978.8981889373601,253158686.8655058,1,2.961578970128845e+22,8.391185354293352e+22,2.5183552096678004e+23,9.98198057693693e+19,9.238634967931984e-29,5.540847472381249e+22,1.697740294820357e-24,1.002775539439519e+20,1.3508607065144632e-29,1.586079822070625e+17,5220646808036070.0,9.454197683159786e+16,2.5173556062880057e+23,1.0011894596174488e+20,8.391185354293352e+22
2792484324324.3247,976.8357859803244,253158431.44068438,1,2.961578970128845e+22,8.391185354293352e+22,2.5183552096678004e+23,9.98198057693693e+19,8.242874014183678e-29,5.540847472381249e+22,1.5147537273581195e-24,1.002775539439519e+20,1.2052628928943812e-29,1.586079822070625e+17,4912324795897727.0,9.48502988437362e+16,2.5173556062880057e+23,1.0011894596174488e+20,8.391185354293352e+22
2795643243243.2437,974.7733830232887,253158178.23286432,1,2.961578970128845e+22,8.391185354293352e+22,2.5183552096678004e+23,9.98198057693693e+19,7.354438414267028e-29,5.540847472381249e+22,1.3514898960374278e-24,1.002775539439519e+20,1.0753578226824548e-29,1.586079822070625e+17,4616530324523331.0,9.51460933151106e+16,2.5173556062880057e+23,1.0011894596174488e+20,8.391185354293352e+22
2798802162162.162,972.710980066253,253157927.20015317,1,2.961578970128845e+22,8.391185354293352e+22,2.5183552096678004e+23,9.98198057693693e+19,6.561760401790869e-29,5.540847472381249e+22,1.2058230365122768e-24,1.002775539439519e+20,9.594541104351571e-30,1.586079822070625e+17,4333110009071016.0,9.542951363056291e+16,2.5173556062880057e+23,1.0011894596174488e+20,8.391185354293352e+22
2801961081081.081,970.6485771092173,253157678.30200353,1,2.961578970128845e+22,8.391185354293352e+22,2.5183552096678004e+23,9.98198057693693e+19,5.854519009879208e-29,5.540847472381249e+22,1.075856504474689e-24,1.002775539439519e+20,8.560426704056127e-30,1.586079822070625e+17,4061893163455452.0,9.570073047617848e+16,2.5173556062880057e+23,1.0011894596174488e+20,8.391185354293352e+22
2805120000000.0,968.5861741521816,253157431.49917156,1,2.961578970128845e+22,8.391185354293352e+22,2.5183552096678004e+23,9.98198057693693e+19,5.22350568837849e-29,5.540847472381249e+22,9.598980805412003e-25,1.002775539439519e+20,7.63777068067193e-30,1.586079822070625e+17,3802692407348143.0,9.59599312322858e+16,2.5173556062880057e+23,1.0011894596174488e+20,8.391185354293352e+22
2808278918918.919,966.5237711951459,253157186.75367722,1,2.961578970128845e+22,8.391185354293352e+22,2.5183552096678004e+23,9.98198057693693e+19,4.6605044051345844e-29,5.540847472381249e+22,8.564379368385908e-25,1.002775539439519e+20,6.814559893706048e-30,1.586079822070625e+17,3555304337906694.0,9.620731930172725e+16,2.5173556062880057e+23,1.0011894596174488e+20,8.391185354293352e+22
2811437837837.8384,964.4613682381098,253156944.02876532,1,2.961578970128845e+22,8.391185354293352e+22,2.5183552096678004e+23,9.98198057693693e+19,4.158184670215361e-29,5.540847472381249e+22,7.641289784044523e-25,1.002775539439519e+20,6.080075994832716e-30,1.586079822070625e+17,3319510263585919.0,9.644311337604802e+16,2.5173556062880057e+23,1.0011894596174488e+20,8.391185354293352e+22
2814596756756.7573,962.3989652810741,253156703.28886804,1,2.961578970128845e+22,8.391185354293352e+22,2.5183552096678004e+23,9.98198057693693e+19,3.710006090215994e-29,5.540847472381249e+22,6.817693034392937e-25,1.002775539439519e+20,5.4247558736081165e-30,1.586079822070625e+17,3095076996918986.0,9.666754664271494e+16,2.5173556062880057e+23,1.0011894596174488e+20,8.391185354293352e+22
2817755675675.676,960.3365623240384,253156464.49956903,1,2.961578970128845e+22,8.391185354293352e+22,2.5183552096678004e+23,9.98198057693693e+19,3.3101332099097986e-29,5.540847472381249e+22,6.082865540352232e-25,1.002775539439519e+20,4.840067144500686e-30,1.586079822070625e+17,2881757702701993.5,9.688086593693194e+16,2.5173556062880057e+23,1.0011894596174488e+20,8.391185354293352e+22
2820914594594.5947,958.2741593670027,253156227.62756804,1,2.961578970128845e+22,8.391185354293352e+22,2.5183552096678004e+23,9.98198057693693e+19,2.95335953245231e-29,5.540847472381249e+22,5.427239536210555e-25,1.002775539439519e+20,4.318397054069469e-30,1.586079822070625e+17,2679292797575379.5,9.708333084205854e+16,2.5173556062880057e+23,1.0011894596174488e+20,8.391185354293352e+22
2824073513513.5137,956.2117564099669,253155992.6406474,1,2.961578970128845e+22,8.391185354293352e+22,2.5183552096678004e+23,9.98198057693693e+19,2.6350397288542466e-29,5.540847472381249e+22,4.842278493254571e-25,1.002775539439519e+20,3.852953361853349e-30,1.586079822070625e+17,2487410896575232.5,9.727521274305869e+16,2.5173556062880057e+23,1.0011894596174488e+20,8.391185354293352e+22
2827232432432.4326,954.1493534529312,253155759.50763917,1,2.961578970128845e+22,8.391185354293352e+22,2.5183552096678004e+23,9.98198057693693e+19,2.3510291540662382e-29,5.540847472381249e+22,4.3203659705441245e-25,1.002775539439519e+20,3.4376759044328815e-30,1.586079822070625e+17,2305829801831948.5,9.745679383780197e+16,2.5173556062880057e+23,1.0011894596174488e+20,8.391185354293352e+22
2830391351351.3516,952.0869504958955,253155528.19839337,1,2.961578970128845e+22,8.391185354293352e+22,2.5183552096678004e+23,9.98198057693693e+19,2.0976298821528432e-29,5.540847472381249e+22,3.854706445620037e-25,1.002775539439519e+20,3.067157691221292e-30,1.586079822070625e+17,2134257528227693.5,9.762836611140622e+16,2.5173556062880057e+23,1.0011894596174488e+20,8.391185354293352e+22
2833550270270.2705,950.0245475388598,253155298.6837474,1,2.961578970128845e+22,8.391185354293352e+22,2.5183552096678004e+23,9.98198057693693e+19,1.8715425579142138e-29,5.540847472381249e+22,3.4392368339187907e-25,1.002775539439519e+20,2.7365745046447735e-30,1.586079822070625e+17,1972393360492567.0,9.779023027914134e+16,2.5173556062880057e+23,1.0011894596174488e+20,8.391185354293352e+22
2836709189189.1895,947.9621445818241,253155070.93549663,1,2.961578970128845e+22,8.391185354293352e+22,2.5183552096678004e+23,9.98198057693693e+19,1.6698234380460524e-29,5.540847472381249e+22,3.068547544839341e-25,1.002775539439519e+20,2.441622088100173e-30,1.586079822070625e+17,1819928935926931.0,9.794269470370698e+16,2.5173556062880057e+23,1.0011894596174488e+20,8.391185354293352e+22
2839868108108.108,945.8997416247884,253154844.92636526,1,2.961578970128845e+22,8.391185354293352e+22,2.5183552096678004e+23,9.98198057693693e+19,1.489846062498067e-29,5.540847472381249e+22,2.737812046578553e-25,1.002775539439519e+20,2.17846010387099e-30,1.586079822070625e+17,1676549346688410.8,9.80860742929455e+16,2.5173556062880057e+23,1.0011894596174488e+20,8.391185354293352e+22
2843027027027.0273,943.8373386677523,253154620.62997892,1,2.961578970128845e+22,8.391185354293352e+22,2.5183552096678004e+23,9.98198057693693e+19,1.3292670569780688e-29,5.540847472381249e+22,2.442724022639542e-25,1.002775539439519e+20,1.9436621313283276e-30,1.586079822070625e+17,1541934255380664.5,9.822068938425325e+16,2.5173556062880057e+23,1.0011894596174488e+20,8.391185354293352e+22
2846185945945.9463,941.7749357107166,253154398.02083775,1,2.961578970128845e+22,8.391185354293352e+22,2.5183552096678004e+23,9.98198057693693e+19,1.1859956213377384e-29,5.540847472381249e+22,2.1794413017639934e-25,1.002775539439519e+20,1.7341710543879e-30,1.586079822070625e+17,1415759017530799.8,9.834686462210312e+16,2.5173556062880057e+23,1.0011894596174488e+20,8.391185354293352e+22
2849344864864.865,939.7125327536809,253154177.07429007,1,2.961578970128845e+22,8.391185354293352e+22,2.5183552096678004e+23,9.98198057693693e+19,1.0581663065677255e-29,5.540847472381249e+22,1.944535831232399e-25,1.002775539439519e+20,1.5472592573632812e-30,1.586079822070625e+17,1297695804446437.5,9.846492783518749e+16,2.5173556062880057e+23,1.0011894596174488e+20,8.391185354293352e+22
2852503783783.784,937.6501297966452,253153957.7665076,1,2.961578970128845e+22,8.391185354293352e+22,2.5183552096678004e+23,9.98198057693693e+19,9.441147259484993e-30,5.540847472381249e+22,1.734949042163346e-25,1.002775539439519e+20,1.3804931109605404e-30,1.586079822070625e+17,1187414719904500.5,9.857520891972942e+16,2.5173556062880057e+23,1.0011894596174488e+20,8.391185354293352e+22
2855662702702.703,935.5877268396094,253153740.07446074,1,2.961578970128845e+22,8.391185354293352e+22,2.5183552096678004e+23,9.98198057693693e+19,8.423558841072445e-30,5.540847472381249e+22,1.5479520256491327e-25,1.002775539439519e+20,1.2317012860181947e-30,1.586079822070625e+17,1084584904143798.6,9.867803873549013e+16,2.5173556062880057e+23,1.0011894596174488e+20,8.391185354293352e+22
2858821621621.6216,933.5253238825737,253153523.9758951,1,2.961578970128845e+22,8.391185354293352e+22,2.5183552096678004e+23,9.98198057693693e+19,7.51564841817108e-30,5.540847472381249e+22,1.38111000120409e-25,1.002775539439519e+20,1.0989464824332593e-30,1.586079822070625e+17,988875618713700.5,9.877374802092022e+16,2.5173556062880057e+23,1.0011894596174488e+20,8.391185354293352e+22
2861980540540.5405,931.462920925538,253153309.4493086,1,2.961578970128845e+22,8.391185354293352e+22,2.5183552096678004e+23,9.98198057693693e+19,6.705594647873482e-30,5.540847472381249e+22,1.2322506148897392e-25,1.002775539439519e+20,9.805002051807824e-31,1.586079822070625e+17,899957305872183.2,9.886266633376174e+16,2.5173556062880057e+23,1.0011894596174488e+20,8.391185354293352e+22
2865139459459.4595,929.4005179685023,253153096.47392908,1,2.961578970128845e+22,8.391185354293352e+22,2.5183552096678004e+23,9.98198057693693e+19,5.982850318272618e-30,5.540847472381249e+22,1.099435654344926e-25,1.002775539439519e+20,8.74820259007267e-31,1.586079822070625e+17,817502616428113.6,9.894512102320581e+16,2.5173556062880057e+23,1.0011894596174488e+20,8.391185354293352e+22
2868298378378.3784,927.3381150114666,253152885.02969295,1,2.961578970128845e+22,8.391185354293352e+22,2.5183552096678004e+23,9.98198057693693e+19,5.3380050197646805e-30,5.540847472381249e+22,9.809358124386203e-26,1.002775539439519e+20,7.805306687760996e-31,1.586079822070625e+17,741187400183721.8,9.902143623945019e+16,2.5173556062880057e+23,1.0011894596174488e+20,8.391185354293352e+22
2871457297297.2974,925.2757120544309,253152675.09722427,1,2.961578970128845e+22,8.391185354293352e+22,2.5183552096678004e+23,9.98198057693693e+19,4.7626626179450086e-30,5.540847472381249e+22,8.752081709574374e-26,1.002775539439519e+20,6.964037640251352e-31,1.586079822070625e+17,670691653452026.9,9.909193198618189e+16,2.5173556062880057e+23,1.0011894596174488e+20,8.391185354293352e+22
2874616216216.217,923.2133090973948,253152466.65781468,1,2.961578970128845e+22,8.391185354293352e+22,2.5183552096678004e+23,9.98198057693693e+19,4.249331932748591e-30,5.540847472381249e+22,7.808761111559405e-26,1.002775539439519e+20,6.213441944749615e-31,1.586079822070625e+17,605700418497785.0,9.915692322113613e+16,2.5173556062880057e+23,1.0011894596174488e+20,8.391185354293352e+22
2877775135135.1357,921.1509061403591,253152259.69340342,1,2.961578970128845e+22,8.391185354293352e+22,2.5183552096678004e+23,9.98198057693693e+19,3.791329200436896e-30,5.540847472381249e+22,6.967113895965658e-26,1.002775539439519e+20,5.543746683675574e-31,1.586079822070625e+17,545904630175855.8,9.921671900945806e+16,2.5173556062880057e+23,1.0011894596174488e+20,8.391185354293352e+22
2880934054054.054,919.0885031833234,253152054.1865587,1,2.961578970128845e+22,8.391185354293352e+22,2.5183552096678004e+23,9.98198057693693e+19,3.382691048449712e-30,5.540847472381249e+22,6.216181458990005e-26,1.002775539439519e+20,4.946232279464312e-31,1.586079822070625e+17,491001905513422.94,9.92716217341205e+16,2.5173556062880057e+23,1.0011894596174488e+20,8.391185354293352e+22
2884092972972.973,917.0261002262877,253151850.12045908,1,2.961578970128845e+22,8.391185354293352e+22,2.5183552096678004e+23,9.98198057693693e+19,3.0180968500220974e-30,5.540847472381249e+22,5.546186341731305e-26,1.002775539439519e+20,4.413118964031924e-31,1.586079822070625e+17,440697272497215.5,9.93219263671367e+16,2.5173556062880057e+23,1.0011894596174488e+20,8.391185354293352e+22
2887251891891.892,914.963697269252,253151647.4788753,1,2.961578970128845e+22,8.391185354293352e+22,2.5183552096678004e+23,9.98198057693693e+19,2.6927994475945186e-30,5.540847472381249e+22,4.9484049235275605e-26,1.002775539439519e+20,3.937465484720901e-31,1.586079822070625e+17,394703834878004.9,9.936791980475592e+16,2.5173556062880057e+23,1.0011894596174488e+20,8.391185354293352e+22
2890410810810.811,912.9012943122162,253151446.24615324,1,2.961578970128845e+22,8.391185354293352e+22,2.5183552096678004e+23,9.98198057693693e+19,2.4025633430090456e-30,5.540847472381249e+22,4.41505383671404e-26,1.002775539439519e+20,3.5130787278614617e-31,1.586079822070625e+17,352743370385824.8,9.94098802692481e+16,2.5173556062880057e+23,1.0011894596174488e+20,8.391185354293352e+22
2893569729729.73,910.8388913551805,253151246.40719694,1,2.961578970128845e+22,8.391185354293352e+22,2.5183552096678004e+23,9.98198057693693e+19,2.143609549704768e-30,5.540847472381249e+22,3.939188623874304e-26,1.002775539439519e+20,3.1344330832334854e-31,1.586079822070625e+17,314546860353671.1,9.944807677928026e+16,2.5173556062880057e+23,1.0011894596174488e+20,8.391185354293352e+22
2896728648648.649,908.7764883981448,253151047.9474519,1,2.961578970128845e+22,8.391185354293352e+22,2.5183552096678004e+23,9.98198057693693e+19,1.912566388867331e-30,5.540847472381249e+22,3.5146133180585663e-26,1.002775539439519e+20,2.7965984995419237e-31,1.586079822070625e+17,279854949367524.34,9.94827686902664e+16,2.5173556062880057e+23,1.0011894596174488e+20,8.391185354293352e+22
2899887567567.5674,906.7140854411091,253150850.85288945,1,2.961578970128845e+22,8.391185354293352e+22,2.5183552096678004e+23,9.98198057693693e+19,1.7064255888799714e-30,5.540847472381249e+22,3.135799768665457e-26,1.002775539439519e+20,2.495176294176516e-31,1.586079822070625e+17,248418334188726.6,9.95142053054452e+16,2.5173556062880057e+23,1.0011894596174488e+20,8.391185354293352e+22
2903046486486.4863,904.6516824840734,253150655.10999113,1,2.961578970128845e+22,8.391185354293352e+22,2.5183552096678004e+23,9.98198057693693e+19,1.5225031164743526e-30,5.540847472381249e+22,2.797815662575964e-26,1.002775539439519e+20,2.226241881488271e-31,1.586079822070625e+17,219998081823150.62,9.954262555781077e+16,2.5173556062880057e+23,1.0011894596174488e+20,8.391185354293352e+22
2906205405405.406,902.5892795270373,253150460.70573354,1,2.961578970128845e+22,8.391185354293352e+22,2.5183552096678004e+23,9.98198057693693e+19,1.3584042295880582e-30,5.540847472381249e+22,2.4962603033441596e-26,1.002775539439519e+20,1.9862936738957335e-31,1.586079822070625e+17,194365877232261.56,9.956825776240166e+16,2.5173556062880057e+23,1.0011894596174488e+20,8.391185354293352e+22
2909364324324.3247,900.5268765700016,253150267.62757373,1,2.961578970128845e+22,8.391185354293352e+22,2.5183552096678004e+23,9.98198057693693e+19,1.2119922969037473e-30,5.540847472381249e+22,2.2272073122625493e-26,1.002775539439519e+20,1.7722074905048805e-31,1.586079822070625e+17,171304201786198.9,9.959131943784773e+16,2.5173556062880057e+23,1.0011894596174488e+20,8.391185354293352e+22
2912523243243.2437,898.4644736129659,253150075.8634348,1,2.961578970128845e+22,8.391185354293352e+22,2.5183552096678004e+23,9.98198057693693e+19,1.081360978088592e-30,5.540847472381249e+22,1.987153505245591e-26,1.002775539439519e+20,1.5811958796349619e-31,1.586079822070625e+17,150606444140693.5,9.961201719549323e+16,2.5173556062880057e+23,1.0011894596174488e+20,8.391185354293352e+22
2915682162162.1626,896.4020706559302,253149885.4016923,1,2.961578970128845e+22,8.391185354293352e+22,2.5183552096678004e+23,9.98198057693693e+19,9.648094025102002e-31,5.540847472381249e+22,1.7729732798867293e-26,1.002775539439519e+20,1.4107718256228238e-31,1.586079822070625e+17,132076945770628.6,9.96305466938633e+16,2.5173556062880057e+23,1.0011894596174488e+20,8.391185354293352e+22
2918841081081.0815,894.3396676988945,253149696.23116043,1,2.961578970128845e+22,8.391185354293352e+22,2.5183552096678004e+23,9.98198057693693e+19,8.608200232465141e-31,5.540847472381249e+22,1.5818779187890728e-26,1.002775539439519e+20,1.2587163673618656e-31,1.586079822070625e+17,115530983906461.9,9.964709265572746e+16,2.5173556062880057e+23,1.0011894596174488e+20,8.391185354293352e+22
2922000000000.0,892.2772647418587,253149508.34107888,1,2.961578970128845e+22,8.391185354293352e+22,2.5183552096678004e+23,9.98198057693693e+19,7.680388580404861e-31,5.540847472381249e+22,1.4113792792818156e-26,1.002775539439519e+20,1.1230497069633986e-31,1.586079822070625e+17,100794695089259.3,9.966182894454466e+16,2.5173556062880057e+23,1.0011894596174488e+20,8.391185354293352e+22
2925158918918.919,890.214861784823,253149321.72110012,1,2.961578970128845e+22,8.391185354293352e+22,2.5183552096678004e+23,9.98198057693693e+19,6.8525785992927844e-31,5.540847472381249e+22,1.2592573967471055e-26,1.002775539439519e+20,1.0020054323699053e-31,1.586079822070625e+17,87704942980180.16,9.967491869665373e+16,2.5173556062880057e+23,1.0011894596174488e+20,8.391185354293352e+22
2928317837837.838,888.1524588277873,253149136.36127666,1,2.961578970128845e+22,8.391185354293352e+22,2.5183552096678004e+23,9.98198057693693e+19,6.1139918800687695e-31,5.540847472381249e+22,1.1235315797389346e-26,1.002775539439519e+20,8.940075182940787e-32,1.586079822070625e+17,76109134426146.23,9.968651450520776e+16,2.5173556062880057e+23,1.0011894596174488e+20,8.391185354293352e+22
2931476756756.757,886.0900558707516,253148952.25204918,1,2.961578970128845e+22,8.391185354293352e+22,2.5183552096678004e+23,9.98198057693693e+19,5.455011735194707e-31,5.540847472381249e+22,1.0024346205402326e-26,1.002775539439519e+20,7.976498060316052e-32,1.586079822070625e+17,65864988091281.77,9.969675865154262e+16,2.5173556062880057e+23,1.0011894596174488e+20,8.391185354293352e+22
2934635675675.676,884.0276529137159,253148769.38423437,1,2.961578970128845e+22,8.391185354293352e+22,2.5183552096678004e+23,9.98198057693693e+19,4.867057985668175e-31,5.540847472381249e+22,8.943897853686804e-27,1.002775539439519e+20,7.116776949710731e-32,1.586079822070625e+17,56840260210673.76,9.970578337942323e+16,2.5173556062880057e+23,1.0011894596174488e+20,8.391185354293352e+22
2937794594594.595,881.9652499566798,253148587.7490131,1,2.961578970128845e+22,8.391185354293352e+22,2.5183552096678004e+23,9.98198057693693e+19,4.342475243775172e-31,5.540847472381249e+22,7.979902846339584e-27,1.002775539439519e+20,6.349718074210908e-32,1.586079822070625e+17,48912432207240.66,9.971371120742667e+16,2.5173556062880057e+23,1.0011894596174488e+20,8.391185354293352e+22
2940953513513.5137,879.9028469996441,253148407.33791965,1,2.961578970128845e+22,8.391185354293352e+22,2.5183552096678004e+23,9.98198057693693e+19,3.8744332369807823e-31,5.540847472381249e+22,7.119809559404712e-27,1.002775539439519e+20,5.665334140674845e-32,1.586079822070625e+17,41968365033249.73,9.972065527460066e+16,2.5173556062880057e+23,1.0011894596174488e+20,8.391185354293352e+22
2944112432432.4326,877.8404440426084,253148228.14283004,1,2.961578970128845e+22,8.391185354293352e+22,2.5183552096678004e+23,9.98198057693693e+19,3.4568378751367626e-31,5.540847472381249e+22,6.352419213404737e-27,1.002775539439519e+20,5.05471430297333e-32,1.586079822070625e+17,35903925155586.92,9.972671971447832e+16,2.5173556062880057e+23,1.0011894596174488e+20,8.391185354293352e+22
2947271351351.3516,875.7780410855727,253148050.1559515,1,2.961578970128845e+22,8.391185354293352e+22,2.5183552096678004e+23,9.98198057693693e+19,3.084251903067153e-31,5.540847472381249e+22,5.667740060480999e-27,1.002775539439519e+20,4.5099081407943596e-32,1.586079822070625e+17,30623587099609.39,9.97320000525343e+16,2.5173556062880057e+23,1.0011894596174488e+20,8.391185354293352e+22
2950430270270.2705,873.715638128537,253147873.36981183,1,2.961578970128845e+22,8.391185354293352e+22,2.5183552096678004e+23,9.98198057693693e+19,2.751824105398203e-31,5.540847472381249e+22,5.0568572875976624e-27,1.002775539439519e+20,4.023822143393624e-32,1.586079822070625e+17,26040017402654.48,9.973658362223126e+16,2.5173556062880057e+23,1.0011894596174488e+20,8.391185354293352e+22
2953589189189.1895,871.6532351715013,253147697.77724886,1,2.961578970128845e+22,8.391185354293352e+22,2.5183552096678004e+23,9.98198057693693e+19,2.4552261418524395e-31,5.540847472381249e+22,4.511816941894016e-27,1.002775539439519e+20,3.5901273504889046e-32,1.586079822070625e+17,22073644708344.83,9.974054999492557e+16,2.5173556062880057e+23,1.0011894596174488e+20,8.391185354293352e+22
2956748108108.1084,869.5908322144655,253147523.37140054,1,2.961578970128845e+22,8.391185354293352e+22,2.5183552096678004e+23,9.98198057693693e+19,2.190596190578159e-31,5.540847472381249e+22,4.025522366843881e-27,1.002775539439519e+20,3.203176947764429e-32,1.586079822070625e+17,18652220560880.54,9.974397141907304e+16,2.5173556062880057e+23,1.0011894596174488e+20,8.391185354293352e+22
2959907027027.0273,867.5284292574298,253147350.14569497,1,2.961578970128845e+22,8.391185354293352e+22,2.5183552096678004e+23,9.98198057693693e+19,1.954488665728948e-31,5.540847472381249e+22,3.5916418007769916e-27,1.002775539439519e+20,2.857932744062419e-32,1.586079822070625e+17,15710375239470.996,9.974691326439445e+16,2.5173556062880057e+23,1.0011894596174488e+20,8.391185354293352e+22
2963065945945.946,865.4660263003941,253147178.09384042,1,2.961578970128845e+22,8.391185354293352e+22,2.5183552096678004e+23,9.98198057693693e+19,1.7438293545967853e-31,5.540847472381249e+22,3.204525934655893e-27,1.002775539439519e+20,2.5498995729795937e-32,1.586079822070625e+17,13189172712496.348,9.974943446692142e+16,2.5173556062880057e+23,1.0011894596174488e+20,8.391185354293352e+22
2966224864864.8647,863.4036233433584,253147007.20981604,1,2.961578970128845e+22,8.391185354293352e+22,2.5183552096678004e+23,9.98198057693693e+19,1.5558753901669705e-31,5.540847472381249e+22,2.8591343556756416e-27,1.002775539439519e+20,2.2750667647644244e-32,1.586079822070625e+17,11035668494978.742,9.975158797113894e+16,2.5173556062880057e+23,1.0011894596174488e+20,8.391185354293352e+22
2969383783783.784,861.3412203863223,253146837.48786256,1,2.961578970128845e+22,8.391185354293352e+22,2.5183552096678004e+23,9.98198057693693e+19,1.3881795379221856e-31,5.540847472381249e+22,2.5509699189507644e-27,1.002775539439519e+20,2.0298559264670565e-32,1.586079822070625e+17,9202473867932.523,9.975342116576598e+16,2.5173556062880057e+23,1.0011894596174488e+20,8.391185354293352e+22
2972542702702.703,859.2788174292866,253146668.92247275,1,2.961578970128845e+22,8.391185354293352e+22,2.5183552096678004e+23,9.98198057693693e+19,1.2385583318961202e-31,5.540847472381249e+22,2.2760201927810055e-27,1.002775539439519e+20,1.8110743504286074e-32,1.586079822070625e+17,7647329570822.641,9.975497631006309e+16,2.5173556062880057e+23,1.0011894596174488e+20,8.391185354293352e+22
2975701621621.622,857.2164144722509,253146501.50838292,1,2.961578970128845e+22,8.391185354293352e+22,2.5183552096678004e+23,9.98198057693693e+19,1.105063645095816e-31,5.540847472381249e+22,2.0307052150883747e-27,1.002775539439519e+20,1.6158734444787918e-32,1.586079822070625e+17,6332691715439.837,9.975629094791846e+16,2.5173556062880057e+23,1.0011894596174488e+20,8.391185354293352e+22
2978860540540.541,855.1540115152152,253146335.24056372,1,2.961578970128845e+22,8.391185354293352e+22,2.5183552096678004e+23,9.98198057693693e+19,9.859573241286869e-32,5.540847472381249e+22,1.8118308807921474e-27,1.002775539439519e+20,1.441711642594066e-32,1.586079822070625e+17,5225332297681.349,9.975739830733622e+16,2.5173556062880057e+23,1.0011894596174488e+20,8.391185354293352e+22
2982019459459.4595,853.0916085581795,253146170.11421168,1,2.961578970128845e+22,8.391185354293352e+22,2.5183552096678004e+23,9.98198057693693e+19,8.796885577672633e-32,5.540847472381249e+22,1.616547353205663e-27,1.002775539439519e+20,1.286321313105491e-32,1.586079822070625e+17,4295956309481.448,9.975832768332442e+16,2.5173556062880057e+23,1.0011894596174488e+20,8.391185354293352e+22
2985178378378.3784,851.0292056011438,253146006.12474057,1,2.961578970128845e+22,8.391185354293352e+22,2.5183552096678004e+23,9.98198057693693e+19,7.848736847816633e-32,5.540847472381249e+22,1.4423119579536644e-27,1.002775539439519e+20,1.1476792335938207e-32,1.586079822070625e+17,3518837082607.811,9.97591048025513e+16,2.5173556062880057e+23,1.0011894596174488e+20,8.391185354293352e+22
2988337297297.2974,848.966802644108,253145843.26777294,1,2.961578970128845e+22,8.391185354293352e+22,2.5183552096678004e+23,9.98198057693693e+19,7.002781781299531e-32,5.540847472381249e+22,1.2868560762732412e-27,1.002775539439519e+20,1.0239802480488166e-32,1.586079822070625e+17,2871471134917.118,9.975975216849899e+16,2.5173556062880057e+23,1.0011894596174488e+20,8.391185354293352e+22
2991496216216.2163,846.9043996870723,253145681.5391322,1,2.961578970128845e+22,8.391185354293352e+22,2.5183552096678004e+23,9.98198057693693e+19,6.248005709336025e-32,5.540847472381249e+22,1.1481556066351095e-27,1.002775539439519e+20,9.136137633032123e-33,1.586079822070625e+17,2334253443086.8013,9.976028938619082e+16,2.5173556062880057e+23,1.0011894596174488e+20,8.391185354293352e+22
2994655135135.1353,844.8419967300366,253145520.93483415,1,2.961578970128845e+22,8.391185354293352e+22,2.5183552096678004e+23,9.98198057693693e+19,5.574581149480268e-32,5.540847472381249e+22,1.0244046100830057e-27,1.002775539439519e+20,8.151427787197234e-33,1.586079822070625e+17,1890173738318.678,9.976073346589558e+16,2.5173556062880057e+23,1.0011894596174488e+20,8.391185354293352e+22
2997814054054.054,842.7795937730009,253145361.45107928,1,2.961578970128845e+22,8.391185354293352e+22,2.5183552096678004e+23,9.98198057693693e+19,4.973739847959408e-32,5.540847472381249e+22,9.13991796142334e-28,1.002775539439519e+20,7.27285176093133e-33,1.586079822070625e+17,1524534116861.2095,9.976109910551704e+16,2.5173556062880057e+23,1.0011894596174488e+20,8.391185354293352e+22
3000972972972.973,840.7171908159648,253145203.08424494,1,2.961578970128845e+22,8.391185354293352e+22,2.5183552096678004e+23,9.98198057693693e+19,4.4376586135769394e-32,5.540847472381249e+22,8.154795431346218e-28,1.002775539439519e+20,6.488970261577359e-33,1.586079822070625e+17,1224687978504.0613,9.97613989516554e+16,2.5173556062880057e+23,1.0011894596174488e+20,8.391185354293352e+22
3004131891891.892,838.6547878589291,253145045.8308772,1,2.961578970128845e+22,8.391185354293352e+22,2.5183552096678004e+23,9.98198057693693e+19,3.959357456699098e-32,5.540847472381249e+22,7.275851797333763e-28,1.002775539439519e+20,5.789576943472172e-33,1.586079822070625e+17,979800055792.6304,9.97616438395781e+16,2.5173556062880057e+23,1.0011894596174488e+20,8.391185354293352e+22
3007290810810.811,836.5923849018934,253144889.68768382,1,2.961578970128845e+22,8.391185354293352e+22,2.5183552096678004e+23,9.98198057693693e+19,3.5326087070543245e-32,5.540847472381249e+22,6.491642840392599e-28,1.002775539439519e+20,5.1655655188059234e-33,1.586079822070625e+17,780627076170.4089,9.976184301255771e+16,2.5173556062880057e+23,1.0011894596174488e+20,8.391185354293352e+22
3010449729729.73,834.5299819448577,253144734.65152648,1,2.961578970128845e+22,8.391185354293352e+22,2.5183552096678004e+23,9.98198057693693e+19,3.1518559270243555e-32,5.540847472381249e+22,5.79195782721457e-28,1.002775539439519e+20,4.6088111914957745e-33,1.586079822070625e+17,619318409431.2727,9.976200432122445e+16,2.5173556062880057e+23,1.0011894596174488e+20,8.391185354293352e+22
3013608648648.649,832.467578987822,253144580.71941325,1,2.961578970128845e+22,8.391185354293352e+22,2.5183552096678004e+23,9.98198057693693e+19,2.812141564646451e-32,5.540847472381249e+22,5.167686562097321e-28,1.002775539439519e+20,4.112064870315742e-33,1.586079822070625e+17,489235893906.1841,9.976213440373997e+16,2.5173556062880057e+23,1.0011894596174488e+20,8.391185354293352e+22
3016767567567.568,830.4051760307863,253144427.88849148,1,2.961578970128845e+22,8.391185354293352e+22,2.5183552096678004e+23,9.98198057693693e+19,2.5090424043408084e-32,5.540847472381249e+22,4.610700768331392e-28,1.002775539439519e+20,3.66885878391377e-33,1.586079822070625e+17,384791906233.98254,9.976223884772765e+16,2.5173556062880057e+23,1.0011894596174488e+20,8.391185354293352e+22
3019926486486.487,828.3427730737505,253144276.15604073,1,2.961578970128845e+22,8.391185354293352e+22,2.5183552096678004e+23,9.98198057693693e+19,2.238611974906487e-32,5.540847472381249e+22,4.113748254589155e-28,1.002775539439519e+20,3.273422268801862e-33,1.586079822070625e+17,301304640315.22034,9.976232233499357e+16,2.5173556062880057e+23,1.0011894596174488e+20,8.391185354293352e+22
3023085405405.4053,826.2803701167148,253144125.51946557,1,2.961578970128845e+22,8.391185354293352e+22,2.5183552096678004e+23,9.98198057693693e+19,1.9973291649155622e-32,5.540847472381249e+22,3.670358488317104e-28,1.002775539439519e+20,2.920606633859136e-33,1.586079822070625e+17,234869489566.39294,9.976238877014432e+16,2.5173556062880057e+23,1.0011894596174488e+20,8.391185354293352e+22
3026244324324.324,824.2179671596791,253143975.97628838,1,2.961578970128845e+22,8.391185354293352e+22,2.5183552096678004e+23,9.98198057693693e+19,1.782052376457978e-32,5.540847472381249e+22,3.2747583466569796e-28,1.002775539439519e+20,2.6058181230667696e-33,1.586079822070625e+17,182245380911.7831,9.976244139425298e+16,2.5173556062880057e+23,1.0011894596174488e+20,8.391185354293352e+22
3029403243243.243,822.1555642026434,253143827.52414295,1,2.961578970128845e+22,8.391185354293352e+22,2.5183552096678004e+23,9.98198057693693e+19,1.5899786203009344e-32,5.540847472381249e+22,2.9217969479369945e-28,1.002775539439519e+20,2.3249581036334895e-33,1.586079822070625e+17,140754886779.01434,9.97624828847471e+16,2.5173556062880057e+23,1.0011894596174488e+20,8.391185354293352e+22
3032562162162.1626,820.0931612456073,253143680.16076723,1,2.961578970128845e+22,8.391185354293352e+22,2.5183552096678004e+23,9.98198057693693e+19,1.4186070198659104e-32,5.540847472381249e+22,2.606878585007283e-28,1.002775539439519e+20,2.0743697007470906e-33,1.586079822070625e+17,108196940173.64236,9.976251544269371e+16,2.5173556062880057e+23,1.0011894596174488e+20,8.391185354293352e+22
3035721081081.0815,818.0307582885716,253143533.883997,1,2.961578970128845e+22,8.391185354293352e+22,2.5183552096678004e+23,9.98198057693693e+19,1.2657062488308264e-32,5.540847472381249e+22,2.325902887183151e-28,1.002775539439519e+20,1.850790184124166e-33,1.586079822070625e+17,82770995019.67967,9.976254086863886e+16,2.5173556062880057e+23,1.0011894596174488e+20,8.391185354293352e+22
3038880000000.0005,815.9683553315359,253143388.6917588,1,2.961578970128845e+22,8.391185354293352e+22,2.5183552096678004e+23,9.98198057693693e+19,1.1292854783822577e-32,5.540847472381249e+22,2.075211431679241e-28,1.002775539439519e+20,1.6513084864190824e-33,1.586079822070625e+17,63011506621.79797,9.976256062812726e+16,2.5173556062880057e+23,1.0011894596174488e+20,8.391185354293352e+22
3042038918918.9194,813.9059523745002,253143244.582064,1,2.961578970128845e+22,8.391185354293352e+22,2.5183552096678004e+23,9.98198057693693e+19,1.0075684558395452e-32,5.540847472381249e+22,1.851540109392836e-28,1.002775539439519e+20,1.4733273003722374e-33,1.586079822070625e+17,47731652594.74311,9.97625759079813e+16,2.5173556062880057e+23,1.0011894596174488e+20,8.391185354293352e+22
3045197837837.838,811.8435494174645,253143101.5530019,1,2.961578970128845e+22,8.391185354293352e+22,2.5183552096678004e+23,9.98198057693693e+19,8.989703771444e-33,5.540847472381249e+22,1.6519766248185942e-28,1.002775539439519e+20,1.3145292611931316e-33,1.586079822070625e+17,35975270255.905365,9.976258766436363e+16,2.5173556062880057e+23,1.0011894596174488e+20,8.391185354293352e+22
3048356756756.757,809.7811464604288,253142959.60273346,1,2.961578970128845e+22,8.391185354293352e+22,2.5183552096678004e+23,9.98198057693693e+19,8.020772520867486e-33,5.540847472381249e+22,1.4739225767255712e-28,1.002775539439519e+20,1.1728467738647833e-33,1.586079822070625e+17,26976049761.37043,9.976259666358413e+16,2.5173556062880057e+23,1.0011894596174488e+20,8.391185354293352e+22
3051515675675.676,807.7187435033931,253142818.7294853,1,2.961578970128845e+22,8.391185354293352e+22,2.5183552096678004e+23,9.98198057693693e+19,7.156274935940139e-33,5.540847472381249e+22,1.3150596258708603e-28,1.002775539439519e+20,1.0464350925137004e-33,1.586079822070625e+17,20123090838.226948,9.976260351654306e+16,2.5173556062880057e+23,1.0011894596174488e+20,8.391185354293352e+22
3054674594594.5947,805.6563405463573,253142678.93154314,1,2.961578970128845e+22,8.391185354293352e+22,2.5183552096678004e+23,9.98198057693693e+19,6.38495491369154e-33,5.540847472381249e+22,1.1733193092391309e-28,1.002775539439519e+20,9.336483013322612e-34,1.586079822070625e+17,14932002697.451252,9.97626087076312e+16,2.5173556062880057e+23,1.0011894596174488e+20,8.391185354293352e+22
3057833513513.5137,803.5939375893216,253142540.20724607,1,2.961578970128845e+22,8.391185354293352e+22,2.5183552096678004e+23,9.98198057693693e+19,5.696769559998145e-33,5.540847472381249e+22,1.0468561077766536e-28,1.002775539439519e+20,8.330178843192223e-34,1.586079822070625e+17,11020799715.593163,9.976261261883418e+16,2.5173556062880057e+23,1.0011894596174488e+20,8.391185354293352e+22
3060992432432.4326,801.5315346322859,253142402.55498025,1,2.961578970128845e+22,8.391185354293352e+22,2.5183552096678004e+23,9.98198057693693e+19,5.082758427131388e-33,5.540847472381249e+22,9.34023416950288e-29,1.002775539439519e+20,7.432336048110919e-34,1.586079822070625e+17,8089918120.173748,9.976261554971578e+16,2.5173556062880057e+23,1.0011894596174488e+20,8.391185354293352e+22
3064151351351.3516,799.4691316752499,253142265.97317323,1,2.961578970128845e+22,8.391185354293352e+22,2.5183552096678004e+23,9.98198057693693e+19,4.5349268451841135e-33,5.540847472381249e+22,8.333521072579134e-29,1.002775539439519e+20,6.631264458512061e-34,1.586079822070625e+17,5905749836.06001,9.976261773388406e+16,2.5173556062880057e+23,1.0011894596174488e+20,8.391185354293352e+22
3067310270270.2705,797.4067287182141,253142130.46028793,1,2.961578970128845e+22,8.391185354293352e+22,2.5183552096678004e+23,9.98198057693693e+19,4.046141828304711e-33,5.540847472381249e+22,7.435313955390556e-29,1.002775539439519e+20,5.916533892758084e-34,1.586079822070625e+17,4287157740.180832,9.976261935247616e+16,2.5173556062880057e+23,1.0011894596174488e+20,8.391185354293352e+22
3070469189189.1895,795.3443257611784,253141996.014817,1,2.961578970128845e+22,8.391185354293352e+22,2.5183552096678004e+23,9.98198057693693e+19,3.6100392003972634e-33,5.540847472381249e+22,6.633917780220574e-29,1.002775539439519e+20,5.278838353370997e-34,1.586079822070625e+17,3094500970.481222,9.976262054513293e+16,2.5173556062880057e+23,1.0011894596174488e+20,8.391185354293352e+22
3073628108108.1084,793.2819228041427,253141862.63527724,1,2.961578970128845e+22,8.391185354293352e+22,2.5183552096678004e+23,9.98198057693693e+19,3.220940731027921e-33,5.540847472381249e+22,5.918898028888279e-29,1.002775539439519e+20,4.709874860433214e-34,1.586079822070625e+17,2220759014.7351832,9.976262141887488e+16,2.5173556062880057e+23,1.0011894596174488e+20,8.391185354293352e+22
3076787027027.0273,791.219519847107,253141730.3202037,1,2.961578970128845e+22,8.391185354293352e+22,2.5183552096678004e+23,9.98198057693693e+19,2.873780202614421e-33,5.540847472381249e+22,5.280944840895014e-29,1.002775539439519e+20,4.202235344539055e-34,1.586079822070625e+17,1584398649.4899962,9.976262205523525e+16,2.5173556062880057e+23,1.0011894596174488e+20,8.391185354293352e+22
3079945945945.9463,789.1571168900713,253141599.0681446,1,2.961578970128845e+22,8.391185354293352e+22,2.5183552096678004e+23,9.98198057693693e+19,2.564037446264511e-33,5.540847472381249e+22,4.711751795091125e-29,1.002775539439519e+20,3.7493101917162494e-34,1.586079822070625e+17,1123678179.4781244,9.976262251595571e+16,2.5173556062880057e+23,1.0011894596174488e+20,8.391185354293352e+22
3083104864864.865,787.0947139330356,253141468.87765577,1,2.961578970128845e+22,8.391185354293352e+22,2.5183552096678004e+23,9.98198057693693e+19,2.2876794873839927e-33,5.540847472381249e+22,4.2039077565487094e-29,1.002775539439519e+20,3.3452021844473533e-34,1.586079822070625e+17,792128774.4563932,9.976262284750512e+16,2.5173556062880057e+23,1.0011894596174488e+20,8.391185354293352e+22
3086263783783.7837,785.0323109759998,253141339.7472954,1,2.961578970128845e+22,8.391185354293352e+22,2.5183552096678004e+23,9.98198057693693e+19,2.0411080347469986e-33,5.540847472381249e+22,3.7508003804407975e-29,1.002775539439519e+20,2.9846497182815887e-34,1.586079822070625e+17,554993078.7205697,9.976262308464082e+16,2.5173556062880057e+23,1.0011894596174488e+20,8.391185354293352e+22
3089422702702.7026,782.9699080189641,253141211.67561862,1,2.961578970128845e+22,8.391185354293352e+22,2.5183552096678004e+23,9.98198057693693e+19,1.8211126293155856e-33,5.540847472381249e+22,3.346530016506518e-29,1.002775539439519e+20,2.6629582942976063e-34,1.586079822070625e+17,386436851.24826473,9.976262325319704e+16,2.5173556062880057e+23,1.0011894596174488e+20,8.391185354293352e+22
3092581621621.6216,780.9075050619284,253141084.66117278,1,2.961578970128845e+22,8.391185354293352e+22,2.5183552096678004e+23,9.98198057693693e+19,1.6248288427877932e-33,5.540847472381249e+22,2.985832893101863e-29,1.002775539439519e+20,2.375939395431498e-34,1.586079822070625e+17,267380436.89924747,9.976262337225346e+16,2.5173556062880057e+23,1.0011894596174488e+20,8.391185354293352e+22
3095740540540.541,778.8451021048924,253140958.7024921,1,2.961578970128845e+22,8.391185354293352e+22,2.5183552096678004e+23,9.98198057693693e+19,1.4497009816028059e-33,5.540847472381249e+22,2.664012580659809e-29,1.002775539439519e+20,2.1198559508239425e-34,1.586079822070625e+17,183823686.2057299,9.97626234558102e+16,2.5173556062880057e+23,1.0011894596174488e+20,8.391185354293352e+22
3098899459459.46,776.7826991478566,253140833.79809302,1,2.961578970128845e+22,8.391185354293352e+22,2.5183552096678004e+23,9.98198057693693e+19,1.2934488107946745e-33,5.540847472381249e+22,2.3768788421849634e-29,1.002775539439519e+20,1.8913736781184043e-34,1.586079822070625e+17,125560886.6951893,9.976262351407301e+16,2.5173556062880057e+23,1.0011894596174488e+20,8.391185354293352e+22
3102058378378.379,774.7202961908209,253140709.94646925,1,2.961578970128845e+22,8.391185354293352e+22,2.5183552096678004e+23,9.98198057693693e+19,1.154037864426038e-33,5.540847472381249e+22,2.1206930745902408e-29,1.002775539439519e+20,1.6875176701741768e-34,1.586079822070625e+17,85201716.9589087,9.976262355443218e+16,2.5173556062880057e+23,1.0011894596174488e+20,8.391185354293352e+22
3105217297297.2974,772.6578932337852,253140587.14608708,1,2.961578970128845e+22,8.391185354293352e+22,2.5183552096678004e+23,9.98198057693693e+19,1.0296529560319923e-33,5.540847472381249e+22,1.8921196304986234e-29,1.002775539439519e+20,1.5056336609421064e-34,1.586079822070625e+17,57430566.16134971,9.976262358220333e+16,2.5173556062880057e+23,1.0011894596174488e+20,8.391185354293352e+22
3108376216216.2163,770.5954902767495,253140465.3953809,1,2.961578970128845e+22,8.391185354293352e+22,2.5183552096678004e+23,9.98198057693693e+19,9.186745441696183e-34,5.540847472381249e+22,1.688182386699214e-29,1.002775539439519e+20,1.343353466174462e-34,1.586079822070625e+17,38450150.31646495,9.976262360118374e+16,2.5173556062880057e+23,1.0011894596174488e+20,8.391185354293352e+22
3111535135135.1353,768.5330873197138,253140344.69274858,1,2.961578970128845e+22,8.391185354293352e+22,2.5183552096678004e+23,9.98198057693693e+19,8.196576453432952e-34,5.540847472381249e+22,1.5062259937604552e-29,1.002775539439519e+20,1.1985641489979471e-34,1.586079822070625e+17,25566560.50295204,9.976262361406733e+16,2.5173556062880057e+23,1.0011894596174488e+20,8.391185354293352e+22
3114694054054.054,766.4706843626781,253140225.03654703,1,2.961578970128845e+22,8.391185354293352e+22,2.5183552096678004e+23,9.98198057693693e+19,7.313130197437551e-34,5.540847472381249e+22,1.3438813022540385e-29,1.002775539439519e+20,1.069380508877356e-34,1.586079822070625e+17,16882032.52822172,9.976262362275186e+16,2.5173556062880057e+23,1.0011894596174488e+20,8.391185354293352e+22
3117852972972.973,764.4082814056424,253140106.4250884,1,2.961578970128845e+22,8.391185354293352e+22,2.5183552096678004e+23,9.98198057693693e+19,6.5249038483176774e-34,5.540847472381249e+22,1.1990345154242726e-29,1.002775539439519e+20,9.54120535769033e-35,1.586079822070625e+17,11069140.221698504,9.976262362856475e+16,2.5173556062880057e+23,1.0011894596174488e+20,8.391185354293352e+22
3121011891891.892,762.3458784486066,253139988.8566352,1,2.961578970128845e+22,8.391185354293352e+22,2.5183552096678004e+23,9.98198057693693e+19,5.821634382006703e-34,5.540847472381249e+22,1.0697996666575765e-29,1.002775539439519e+20,8.512835098705386e-35,1.586079822070625e+17,7206063.259167004,9.976262363242782e+16,2.5173556062880057e+23,1.0011894596174488e+20,8.391185354293352e+22
3124170810810.811,760.2834754915709,253139872.32939693,1,2.961578970128845e+22,8.391185354293352e+22,2.5183552096678004e+23,9.98198057693693e+19,5.194164947094877e-34,5.540847472381249e+22,9.544940633970791e-30,1.002775539439519e+20,7.59530461819465e-35,1.586079822070625e+17,4657311.72684814,9.976262363497658e+16,2.5173556062880057e+23,1.0011894596174488e+20,8.391185354293352e+22
3127329729729.73,758.2210725345349,253139756.84152585,1,2.961578970128845e+22,8.391185354293352e+22,2.5183552096678004e+23,9.98198057693693e+19,4.634325638968325e-34,5.540847472381249e+22,8.516163777716719e-30,1.002775539439519e+20,6.776667389279346e-35,1.586079822070625e+17,2988019.127649069,9.976262363664587e+16,2.5173556062880057e+23,1.0011894596174488e+20,8.391185354293352e+22
3130488648648.649,756.1586695774992,253139642.39111325,1,2.961578970128845e+22,8.391185354293352e+22,2.5183552096678004e+23,9.98198057693693e+19,4.134827124387832e-34,5.540847472381249e+22,7.598270986702109e-30,1.002775539439519e+20,6.046264504604382e-35,1.586079822070625e+17,1902829.1203253174,9.976262363773106e+16,2.5173556062880057e+23,1.0011894596174488e+20,8.391185354293352e+22
3133647567567.568,754.0962666204634,253139528.97618577,1,2.961578970128845e+22,8.391185354293352e+22,2.5183552096678004e+23,9.98198057693693e+19,3.6891657314573533e-34,5.540847472381249e+22,6.779310907385826e-30,1.002775539439519e+20,5.394585894283566e-35,1.586079822070625e+17,1202657.1338284886,9.976262363843123e+16,2.5173556062880057e+23,1.0011894596174488e+20,8.391185354293352e+22
3136806486486.487,752.0338636634277,253139416.59470206,1,2.961578970128845e+22,8.391185354293352e+22,2.5183552096678004e+23,9.98198057693693e+19,3.2915387692159665e-34,5.540847472381249e+22,6.0486203321037556e-30,1.002775539439519e+20,4.8131465020310756e-35,1.586079822070625e+17,754338.9629092137,9.976262363887955e+16,2.5173556062880057e+23,1.0011894596174488e+20,8.391185354293352e+22
3139965405405.406,749.971460706392,253139305.24454895,1,2.961578970128845e+22,8.391185354293352e+22,2.5183552096678004e+23,9.98198057693693e+19,2.9367689742807825e-34,5.540847472381249e+22,5.396685359581306e-30,1.002775539439519e+20,4.2943758072591906e-35,1.586079822070625e+17,469494.7322772408,9.97626236391644e+16,2.5173556062880057e+23,1.0011894596174488e+20,8.391185354293352e+22
3143124324324.3247,747.9090577493563,253139194.9235388,1,2.961578970128845e+22,8.391185354293352e+22,2.5183552096678004e+23,9.98198057693693e+19,2.620237100806154e-34,5.540847472381249e+22,4.8150175199026896e-30,1.002775539439519e+20,3.83151925468951e-35,1.586079822070625e+17,289928.53975926933,9.976262363934397e+16,2.5173556062880057e+23,1.0011894596174488e+20,8.391185354293352e+22
3146283243243.243,745.8466547923206,253139085.62940568,1,2.961578970128845e+22,8.391185354293352e+22,2.5183552096678004e+23,9.98198057693693e+19,2.3378217760536473e-34,5.540847472381249e+22,4.296043251031514e-30,1.002775539439519e+20,3.4185503080639497e-35,1.586079822070625e+17,177624.8172125226,9.976262363945627e+16,2.5173556062880057e+23,1.0011894596174488e+20,8.391185354293352e+22
3149442162162.162,743.7842518352849,253138977.35980293,1,2.961578970128845e+22,8.391185354293352e+22,2.5183552096678004e+23,9.98198057693693e+19,2.0858458384684433e-34,5.540847472381249e+22,3.833005287820097e-30,1.002775539439519e+20,3.050091982870999e-35,1.586079822070625e+17,107950.56365785137,9.976262363952595e+16,2.5173556062880057e+23,1.0011894596174488e+20,8.391185354293352e+22
3152601081081.081,741.7218488782491,253138870.11230004,1,2.961578970128845e+22,8.391185354293352e+22,2.5183552096678004e+23,9.98198057693693e+19,1.8610284595625928e-34,5.540847472381249e+22,3.4198746795505784e-30,1.002775539439519e+20,2.721346836421247e-35,1.586079822070625e+17,65074.48539412945,9.976262363956883e+16,2.5173556062880057e+23,1.0011894596174488e+20,8.391185354293352e+22
3155760000000.0,739.6594459212134,253138763.88437986,1,2.961578970128845e+22,8.391185354293352e+22,2.5183552096678004e+23,9.98198057693693e+19,1.6604424262130153e-34,5.540847472381249e+22,3.0512722904388818e-30,1.002775539439519e+20,2.428034503723836e-35,1.586079822070625e+17,38906.02844395957,9.9762623639595e+16,2.5173556062880057e+23,1.0011894596174488e+20,8.391185354293352e+22
