time_s,temperature_K,pressure_Pa,quench_active,NH3_mol,N2_mol,H2_mol,CO2_mol,CO_mol,H2O_mol,Fe_mol,FeO_mol,CN_mol,HCN_mol,H2S_mol,HS_mol,cumulative_H2_from_NH3_mol,cumulative_H2_from_Fe_H2O_mol,cumulative_N2_from_NH3_mol
0.0,2800.0,298875739.68200165,0,3.948793107902754e+23,0.0,0.0,9.997841375157636e+19,0.0,5.550843506179199e+22,1.0027755394395202e+20,0.0,0.0,0.0,9.976262363963394e+16,0.0,0.0,0.0,0.0
3158918918.918919,2797.937597042964,298782973.3993104,0,5.923189661854131e+22,1.6782370708586705e+23,5.0348122100055206e+23,9.996205487272046e+19,1.6358878855913006e+16,5.549833531884108e+22,9.016145211418937e+19,1.0116101829762654e+19,0.0,0.0,9.976262363963394e+16,0.0,5.0347112125760115e+23,1.009974295090674e+19,1.6782370708586705e+23
6317837837.837838,2795.8751940859283,298690207.9757309,0,5.923189661854131e+22,1.6782370708586705e+23,5.034864242604766e+23,9.995322376657807e+19,2.5189984998303784e+16,5.549313205891655e+22,8.494936108352012e+19,1.5328192860431907e+19,0.0,0.0,9.976262363963394e+16,0.0,5.0347112125760115e+23,1.5303002875433603e+19,1.6782370708586705e+23
9476756756.756758,2793.8127911288925,298597443.8313923,0,5.923189661854131e+22,1.6782370708586705e+23,5.034913262685375e+23,9.994490386002913e+19,3.3509891547238424e+16,5.5488230050855645e+22,8.003903311606343e+19,2.023852082788859e+19,0.0,0.0,9.976262363963394e+16,0.0,5.0347112125760115e+23,2.0205010936341357e+19,1.6782370708586705e+23
12635675675.675676,2791.7503881718567,298504681.38617384,0,5.923189661854131e+22,1.6782370708586705e+23,5.034959445178327e+23,9.993706547914321e+19,4.134827243316193e+16,5.548361180156044e+22,7.541294543996974e+19,2.4864608503982293e+19,0.0,0.0,9.976262363963394e+16,0.0,5.0347112125760115e+23,2.4823260231549137e+19,1.6782370708586705e+23
15794594594.594597,2789.687985214821,298411921.05969733,0,5.923189661854131e+22,1.6782370708586705e+23,5.0350029547987964e+23,9.992968068175151e+19,4.873306982485791e+16,5.547926083951351e+22,7.105459859564923e+19,2.92229553483028e+19,0.0,0.0,9.976262363963394e+16,0.0,5.0347112125760115e+23,2.9174222278477947e+19,1.6782370708586705e+23
18953513513.513515,2787.625582257785,298319163.27132136,0,5.923189661854131e+22,1.6782370708586705e+23,5.03504394664924e+23,9.992272315534341e+19,5.569059623295246e+16,5.5475161654469176e+22,6.694845602490816e+19,3.332909791904387e+19,0.0,0.0,9.976262363963394e+16,0.0,5.0347112125760115e+23,3.3273407322810925e+19,1.6782370708586705e+23
22112432432.432434,2785.563179300749,298226408.4401346,0,5.923189661854131e+22,1.6782370708586705e+23,5.035082566786155e+23,9.991616812109904e+19,6.224563047731325e+16,5.547129964077768e+22,6.3079887299165135e+19,3.71976666447869e+19,0.0,0.0,9.976262363963394e+16,0.0,5.0347112125760115e+23,3.713542101430959e+19,1.6782370708586705e+23
25271351351.351353,2783.5007763437134,298133656.9849497,0,5.923189661854131e+22,1.6782370708586705e+23,5.0351189527527776e+23,9.990999224367633e+19,6.842150790001797e+16,5.546766104411538e+22,5.943511475944984e+19,4.0842439184502194e+19,0.0,0.0,9.976262363963394e+16,0.0,5.0347112125760115e+23,4.077401767660219e+19,1.6782370708586705e+23
28430270270.27027,2781.4383733866775,298040909.3242971,0,5.923189661854131e+22,1.6782370708586705e+23,5.0351532340798396e+23,9.990417354639594e+19,7.424020518040826e+16,5.546423291140918e+22,5.600116335596955e+19,4.427639058798248e+19,0.0,0.0,9.976262363963394e+16,0.0,5.0347112125760115e+23,4.420215038280208e+19,1.6782370708586705e+23
31589189189.189194,2779.3759704296417,297948165.8764181,0,5.923189661854131e+22,1.6782370708586705e+23,5.03518553275636e+23,9.989869133149096e+19,7.972242008539746e+16,5.546100304375713e+22,5.276581348901649e+19,4.751174045493554e+19,0.0,0.0,9.976262363963394e+16,0.0,5.0347112125760115e+23,4.743201803485016e+19,1.6782370708586705e+23
34748108108.10811,2777.313567472606,297855427.0592595,0,5.923189661854131e+22,1.6782370708586705e+23,5.035215963672327e+23,9.989352610510984e+19,8.488764646651696e+16,5.545795995216047e+22,4.971755666597045e+19,5.055999727798158e+19,0.0,0.0,9.976262363963394e+16,0.0,5.0347112125760115e+23,5.0475109631515075e+19,1.6782370708586705e+23
37907027027.02703,2775.25116451557,297762693.29046655,0,5.923189661854131e+22,1.6782370708586705e+23,5.0352446350349915e+23,9.988865950678132e+19,8.975424479503374e+16,5.545509281589403e+22,4.684555380120747e+19,5.343200014274456e+19,0.0,0.0,9.976262363963394e+16,0.0,5.0347112125760115e+23,5.334224589794954e+19,1.6782370708586705e+23
41065945945.94595,2773.188761558534,297669964.98737764,0,5.923189661854131e+22,1.6782370708586705e+23,5.0352716487603974e+23,9.988407424306862e+19,9.433950850773096e+16,5.545239144335347e+22,4.413959599692945e+19,5.613795794702258e+19,0.0,0.0,9.976262363963394e+16,0.0,5.0347112125760115e+23,5.604361843851486e+19,1.6782370708586705e+23
44224864864.86487,2771.1263586014984,297577242.56701756,0,5.923189661854131e+22,1.6782370708586705e+23,5.035297100841654e+23,9.987975402515785e+19,9.865972641850309e+16,5.54498462352278e+22,4.159006765335007e+19,5.868748629060196e+19,0.0,0.0,9.976262363963394e+16,0.0,5.0347112125760115e+23,5.858882656418347e+19,1.6782370708586705e+23
47383783783.78379,2769.0639556444626,297484526.4460915,0,5.923189661854131e+22,1.6782370708586705e+23,5.035321081695373e+23,9.987568351014168e+19,1.0273024143467867e+17,5.544744814985583e+22,3.918791176636887e+19,6.108964217758316e+19,0.0,0.0,9.976262363963394e+16,0.0,5.0347112125760115e+23,6.09869119361485e+19,1.6782370708586705e+23
50542702702.702705,2767.0015526874267,297391817.0409793,0,5.923189661854131e+22,1.6782370708586705e+23,5.0353436764875945e+23,9.98718482457745e+19,1.0656550580185347e+17,5.544518867063373e+22,3.692459727989423e+19,6.33529566640578e+19,0.0,0.0,9.976262363963394e+16,0.0,5.0347112125760115e+23,6.324639115825596e+19,1.6782370708586705e+23
53701621621.62162,2764.939149730391,297299114.76772916,0,5.923189661854131e+22,1.6782370708586705e+23,5.035364965440437e+23,9.986823461848944e+19,1.1017913308691266e+17,5.5443059775349505e+22,3.4792088368388518e+19,6.548546557556352e+19,0.0,0.0,9.976262363963394e+16,0.0,5.0347112125760115e+23,6.537528644247662e+19,1.6782370708586705e+23
56860540540.54054,2762.876746773355,297206420.0420517,0,5.923189661854131e+22,1.6782370708586705e+23,5.03538502412065e+23,9.986482980448058e+19,1.1358394709576571e+17,5.544105390732818e+22,3.2782815533050364e+19,6.749473841090168e+19,0.0,0.0,9.976262363963394e+16,0.0,5.0347112125760115e+23,6.738115446380592e+19,1.6782370708586705e+23
60019459459.459465,2760.8143438163193,297113733.2793139,0,5.923189661854131e+22,1.6782370708586705e+23,5.0354039237111485e+23,9.98616217236663e+19,1.1679202791004096e+17,5.543916394827831e+22,3.0889648402363884e+19,6.938790554158816e+19,0.0,0.0,9.976262363963394e+16,0.0,5.0347112125760115e+23,6.927111351367813e+19,1.6782370708586705e+23
63178378378.37839,2758.7519408592834,297021054.8945338,0,5.923189661854131e+22,1.6782370708586705e+23,5.0354217312665536e+23,9.985859899636082e+19,1.1981475521552459e+17,5.543738319273782e+22,2.910587013457009e+19,7.117168380938196e+19,0.0,0.0,9.976262363963394e+16,0.0,5.0347112125760115e+23,7.105186905416644e+19,1.6782370708586705e+23
66337297297.29731,2756.6895379022476,296928385.30237377,0,5.923189661854131e+22,1.6782370708586705e+23,5.035438509953701e+23,9.985575090249192e+19,1.2266284908442269e+17,5.543570532402311e+22,2.7425153325989e+19,7.285240061796305e+19,0.0,0.0,9.976262363963394e+16,0.0,5.0347112125760115e+23,7.272973776887864e+19,1.6782370708586705e+23
69496216216.21622,2754.6271349452118,296835724.91713524,0,5.923189661854131e+22,1.6782370708586705e+23,5.035454319278017e+23,9.985306734321282e+19,1.253464083635188e+17,5.543412439159148e+22,2.5841537335073874e+19,7.443601660887818e+19,0.0,0.0,9.976262363963394e+16,0.0,5.0347112125760115e+23,7.431067020051466e+19,1.6782370708586705e+23
72655135135.13515,2752.564731988176,296743074.1527527,0,5.923189661854131e+22,1.6782370708586705e+23,5.0354692152966064e+23,9.98505388047654e+19,1.2787494681094549e+17,5.543263478973249e+22,2.4349406937642295e+19,7.592814700630976e+19,0.0,0.0,9.976262363963394e+16,0.0,5.0347112125760115e+23,7.58002720594988e+19,1.6782370708586705e+23
75814054054.05406,2750.50232903114,296650433.4227881,0,5.923189661854131e+22,1.6782370708586705e+23,5.0354832508188405e+23,9.98481563244608e+19,1.3025742711553898e+17,5.5431231237509085e+22,2.2943472233929822e+19,7.733408171002223e+19,0.0,0.0,9.976262363963394e+16,0.0,5.0347112125760115e+23,7.720382428290669e+19,1.6782370708586705e+23
78972972972.97298,2748.4399260741043,296557803.1404251,0,5.923189661854131e+22,1.6782370708586705e+23,5.035496475595192e+23,9.984591145865178e+19,1.3250229292455958e+17,5.542990875987394e+22,2.1618749732976865e+19,7.86588042109752e+19,0.0,0.0,9.976262363963394e+16,0.0,5.0347112125760115e+23,7.852630191805063e+19,1.6782370708586705e+23
82131891891.8919,2746.3775231170684,296465183.7184632,0,5.923189661854131e+22,1.6782370708586705e+23,5.035508936495017e+23,9.984379625257845e+19,1.3461749899789837e+17,5.542866266989145e+22,2.0370544544410866e+19,7.990700939954119e+19,0.0,0.0,9.976262363963394e+16,0.0,5.0347112125760115e+23,7.977239190054329e+19,1.6782370708586705e+23
85290810810.81082,2744.3151201600326,296372575.56931233,0,5.923189661854131e+22,1.6782370708586705e+23,5.0355206776739355e+23,9.984180321197664e+19,1.3661053959971536e+17,5.542748855199959e+22,1.919443361194662e+19,8.108312033200543e+19,0.0,0.0,9.976262363963394e+16,0.0,5.0347112125760115e+23,8.094650979240572e+19,1.6782370708586705e+23
88449729729.72974,2742.252717202997,296279979.10498714,0,5.923189661854131e+22,1.6782370708586705e+23,5.035531740731429e+23,9.983992527634461e+19,1.3848847523173454e+17,5.542638224625019e+22,1.8086249926916604e+19,8.219130401703544e+19,0.0,0.0,9.976262363963394e+16,0.0,5.0347112125760115e+23,8.205281554180371e+19,1.6782370708586705e+23
91608648648.64865,2740.190314245961,296187394.7371016,0,5.923189661854131e+22,1.6782370708586705e+23,5.035542164859234e+23,9.983815579377022e+19,1.4025795780612414e+17,5.542533983346972e+22,1.7042067663879987e+19,8.323548628007207e+19,0.0,0.0,9.976262363963394e+16,0.0,5.0347112125760115e+23,8.309522832226594e+19,1.6782370708586705e+23
94767567567.56758,2738.127911288925,296094822.8768632,0,5.923189661854131e+22,1.6782370708586705e+23,5.035551986981069e+23,9.983648849722635e+19,1.419252543499892e+17,5.542435762128625e+22,1.6058188183859919e+19,8.421936576009214e+19,0.0,0.0,9.976262363963394e+16,0.0,5.0347112125760115e+23,8.407744050574215e+19,1.6782370708586705e+23
97926486486.4865,2736.0655083318893,296002263.93506765,0,5.923189661854131e+22,1.6782370708586705e+23,5.035561241884217e+23,9.983491748224837e+19,1.4349626932797054e+17,5.542343213097141e+22,1.5131126854040117e+19,8.514642708991194e+19,0.0,0.0,9.976262363963394e+16,0.0,5.0347112125760115e+23,8.500293082058396e+19,1.6782370708586705e+23
101085405405.40541,2734.0031053748535,295909718.3220935,0,5.923189661854131e+22,1.6782370708586705e+23,5.035569962343436e+23,9.98334371859121e+19,1.4497656566425594e+17,5.542256008504954e+22,1.425760063582806e+19,8.601995330812399e+19,0.0,0.0,9.976262363963394e+16,0.0,5.0347112125760115e+23,8.587497674245974e+19,1.6782370708586705e+23
104244324324.32433,2731.9407024178176,295817186.44789666,0,5.923189661854131e+22,1.6782370708586705e+23,5.035578179237645e+23,9.983204236703592e+19,1.4637138454044214e+17,5.542173839562866e+22,1.3434516396076997e+19,8.684303754787504e+19,0.0,0.0,9.976262363963394e+16,0.0,5.0347112125760115e+23,8.669666616333461e+19,1.6782370708586705e+23
107403243243.24324,2729.878299460782,295724668.722005,0,5.923189661854131e+22,1.6782370708586705e+23,5.035585921659821e+23,9.983072808753524e+19,1.4768566404112045e+17,5.542096415341105e+22,1.2658959898965068e+19,8.761859404498697e+19,0.0,0.0,9.976262363963394e+16,0.0,5.0347112125760115e+23,8.747090838094586e+19,1.6782370708586705e+23
110562162162.16217,2727.815896503746,295632165.5535131,0,5.923189661854131e+22,1.6782370708586705e+23,5.0355932170204984e+23,9.982948969486159e+19,1.489240567147726e+17,5.5420234617343326e+22,1.1928185438568806e+19,8.834936850538322e+19,0.0,0.0,9.976262363963394e+16,0.0,5.0347112125760115e+23,8.820044444866847e+19,1.6782370708586705e+23
113721081081.08109,2725.75349354671,295539677.35107696,0,5.923189661854131e+22,1.6782370708586705e+23,5.0356000911452446e+23,9.982832280546283e+19,1.500909461135417e+17,5.54195472048687e+22,1.1239606074551067e+19,8.903794786940096e+19,0.0,0.0,9.976262363963394e+16,0.0,5.0347112125760115e+23,8.888785692328744e+19,1.6782370708586705e+23
116880000000.0,2723.6910905896743,295447204.5229086,0,5.923189661854131e+22,1.6782370708586705e+23,5.0356065683664715e+23,9.98272232892047e+19,1.511904623716657e+17,5.541889948274603e+22,1.059078443562005e+19,8.968676950833198e+19,0.0,0.0,9.976262363963394e+16,0.0,5.0347112125760115e+23,8.953557904596034e+19,1.6782370708586705e+23
120038918918.91893,2721.6286876326385,295354747.4767715,0,5.923189661854131e+22,1.6782370708586705e+23,5.035612671609907e+23,9.982618725469756e+19,1.5222649687881482e+17,5.541828915840243e+22,9.97942405751606e+18,9.029812988643597e+19,0.0,0.0,9.976262363963394e+16,0.0,5.0347112125760115e+23,9.014590338955718e+19,1.6782370708586705e+23
123197837837.83786,2719.5662846756027,295262306.6199743,0,5.923189661854131e+22,1.6782370708586705e+23,5.0356184224760474e+23,9.982521103547513e+19,1.5320271610124266e+17,5.541771407178839e+22,9.403361224254556e+18,9.087419271969748e+19,0.0,0.0,9.976262363963394e+16,0.0,5.0347112125760115e+23,9.072099000359626e+19,1.6782370708586705e+23
126356756756.75677,2717.503881718567,295169882.3593668,0,5.923189661854131e+22,1.6782370708586705e+23,5.0356238413168726e+23,9.982429117697584e+19,1.5412257460053206e+17,5.541717218770584e+22,8.860557283206269e+18,9.141699666074576e+19,0.0,0.0,9.976262363963394e+16,0.0,5.0347112125760115e+23,9.126287408614526e+19,1.6782370708586705e+23
129515675675.67569,2715.441478761531,295077475.1013342,0,5.923189661854131e+22,1.6782370708586705e+23,5.0356289473081145e+23,9.98234244242796e+19,1.549893272967763e+17,5.5416661588581665e+22,8.349091406335078e+18,9.192846253761695e+19,0.0,0.0,9.976262363963394e+16,0.0,5.0347112125760115e+23,9.17734732103202e+19,1.6782370708586705e+23
132674594594.59462,2713.379075804495,294985085.25179255,0,5.923189661854131e+22,1.6782370708586705e+23,5.035633758517325e+23,9.982260771055611e+19,1.5580604102027296e+17,5.54161804676606e+22,7.867153771549112e+18,9.241040017240292e+19,0.0,0.0,9.976262363963394e+16,0.0,5.0347112125760115e+23,9.225459413138268e+19,1.6782370708586705e+23
135833513513.51352,2711.3166728474594,294892713.21618336,0,5.923189661854131e+22,1.6782370708586705e+23,5.035638291968e+23,9.982183814618317e+19,1.565756053932121e+17,5.5415727122593085e+22,7.413039139656807e+18,9.286451480429522e+19,0.0,0.0,9.976262363963394e+16,0.0,5.0347112125760115e+23,9.270793919890204e+19,1.6782370708586705e+23
138992432432.43243,2709.2542698904235,294800359.3994688,0,5.923189661854131e+22,1.6782370708586705e+23,5.0356425636999816e+23,9.982111300849598e+19,1.573007430803979e+17,5.541529994939498e+22,6.98514080386353e+18,9.329241314008849e+19,0.0,0.0,9.976262363963394e+16,0.0,5.0347112125760115e+23,9.313511239700813e+19,1.6782370708586705e+23
142151351351.35135,2707.1918669333877,294708024.2061268,0,5.923189661854131e+22,1.6782370708586705e+23,5.035646588826355e+23,9.982042973213064e+19,1.5798401944574944e+17,5.541489743675759e+22,6.581944890101577e+18,9.369560905385044e+19,0.0,0.0,9.976262363963394e+16,0.0,5.0347112125760115e+23,9.353762503440472e+19,1.6782370708586705e+23
145310270270.2703,2705.129463976352,294615708.04014623,0,5.923189661854131e+22,1.6782370708586705e+23,5.0356503815870566e+23,9.981978589992722e+19,1.5862785164916803e+17,5.541451816068745e+22,6.202024987762338e+18,9.407552895618967e+19,0.0,0.0,9.976262363963394e+16,0.0,5.0347112125760115e+23,9.391690110454055e+19,1.6782370708586705e+23
148469189189.1892,2703.067061019316,294523411.30502206,0,5.923189661854131e+22,1.6782370708586705e+23,5.035653955399363e+23,9.981917923436007e+19,1.5923451721632934e+17,5.541416077945685e+22,5.844037091599151e+18,9.443351685235286e+19,0.0,0.0,9.976262363963394e+16,0.0,5.0347112125760115e+23,9.427428233513658e+19,1.6782370708586705e+23
151628108108.10812,2701.00465806228,294431134.40375036,0,5.923189661854131e+22,1.6782370708586705e+23,5.035657322905463e+23,9.981860758946434e+19,1.598061621120506e+17,5.541382402884684e+22,5.50671483669752e+18,9.47708391072545e+19,0.0,0.0,9.976262363963394e+16,0.0,5.0347112125760115e+23,9.46110329451425e+19,1.6782370708586705e+23
154787027027.02704,2698.9422551052444,294338877.738824,0,5.923189661854131e+22,1.6782370708586705e+23,5.035660496017273e+23,9.98180689432303e+19,1.603448083460885e+17,5.541350671766585e+22,5.188865009470406e+18,9.508868893448161e+19,0.0,0.0,9.976262363963394e+16,0.0,5.0347112125760115e+23,9.492834412613557e+19,1.6782370708586705e+23
157945945945.94595,2696.8798521482086,294246641.7122277,0,5.923189661854131e+22,1.6782370708586705e+23,5.0356634859586535e+23,9.981756139043786e+19,1.6085236113853488e+17,5.5413207723527805e+22,4.889363318634254e+18,9.538819062531777e+19,0.0,0.0,9.976262363963394e+16,0.0,5.0347112125760115e+23,9.522733826417928e+19,1.6782370708586705e+23
161104864864.86487,2694.8174491911727,294154426.7254332,0,5.923189661854131e+22,1.6782370708586705e+23,5.035666303305184e+23,9.9817083135906e+19,1.613306156703884e+17,5.541292598887476e+22,4.6071504110601595e+18,9.567040353289187e+19,0.0,0.0,9.976262363963394e+16,0.0,5.0347112125760115e+23,9.550907291722152e+19,1.6782370708586705e+23
164263783783.7838,2692.755046234137,294062233.17939496,0,5.923189661854131e+22,1.6782370708586705e+23,5.0356689580216343e+23,9.9816632488133e+19,1.617812634433877e+17,5.541266051722976e+22,4.341228118277722e+18,9.593632582567431e+19,0.0,0.0,9.976262363963394e+16,0.0,5.0347112125760115e+23,9.577454456223097e+19,1.6782370708586705e+23
167422702702.7027,2690.692643277101,293970061.4745455,0,5.923189661854131e+22,1.6782370708586705e+23,5.035671459497267e+23,9.981620785330461e+19,1.622058982717834e+17,5.541241036966655e+22,4.09065592024003e+18,9.6186898023712e+19,0.0,0.0,9.976262363963394e+16,0.0,5.0347112125760115e+23,9.602469212544026e+19,1.6782370708586705e+23
170581621621.62164,2688.6302403200652,293877912.01079077,0,5.923189661854131e+22,1.6782370708586705e+23,5.035673816579095e+23,9.9815807729649e+19,1.6260602192740464e+17,5.5412174661483705e+22,3.854547613740027e+18,9.642300633021199e+19,0.0,0.0,9.976262363963394e+16,0.0,5.0347112125760115e+23,9.626040030828464e+19,1.6782370708586705e+23
173740540540.54056,2686.5678373630294,293785785.1875058,0,5.923189661854131e+22,1.6782370708586705e+23,5.035676037603221e+23,9.981543070211827e+19,1.6298304945813053e+17,5.54119525590711e+22,3.632068173604199e+18,9.66454857703478e+19,0.0,0.0,9.976262363963394e+16,0.0,5.0347112125760115e+23,9.648250272088973e+19,1.6782370708586705e+23
176899459459.45947,2684.5054344059936,293693681.40353024,0,5.923189661854131e+22,1.6782370708586705e+23,5.0356781304243546e+23,9.98150754373777e+19,1.6333831419870387e+17,5.541174327695772e+22,3.4224307954818714e+18,9.685512314847014e+19,0.0,0.0,9.976262363963394e+16,0.0,5.0347112125760115e+23,9.66917848342715e+19,1.6782370708586705e+23
180058378378.3784,2682.4430314489578,293601601.0571638,0,5.923189661854131e+22,1.6782370708586705e+23,5.0356801024436294e+23,9.981474067908469e+19,1.6367307249172333e+17,5.541154607503023e+22,3.2248941096999777e+18,9.705265983425203e+19,0.0,0.0,9.976262363963394e+16,0.0,5.0347112125760115e+23,9.688898676176037e+19,1.6782370708586705e+23
183217297297.2973,2680.380628491922,293509544.54616225,0,5.923189661854131e+22,1.6782370708586705e+23,5.035681960634807e+23,9.98144252434408e+19,1.6398850813561034e+17,5.541136025591244e+22,3.038759556266465e+18,9.723879438768554e+19,0.0,0.0,9.976262363963394e+16,0.0,5.0347112125760115e+23,9.707480587955e+19,1.6782370708586705e+23
186376216216.21622,2678.318225534886,293417512.26773274,0,5.923189661854131e+22,1.6782370708586705e+23,5.035683711568969e+23,9.981412801500104e+19,1.642857365753709e+17,5.541118516249629e+22,2.8633689116827515e+18,9.741418503226925e+19,0.0,0.0,9.976262363963394e+16,0.0,5.0347112125760115e+23,9.724989929569395e+19,1.6782370708586705e+23
189535135135.13516,2676.2558225778503,293325504.6185296,0,5.923189661854131e+22,1.6782370708586705e+23,5.035685361437775e+23,9.981384794272537e+19,1.6456580885105184e+17,5.541102017561565e+22,2.698101958769071e+18,9.757945198518292e+19,0.0,0.0,9.976262363963394e+16,0.0,5.0347112125760115e+23,9.741488617633194e+19,1.6782370708586705e+23
192694054054.05408,2674.1934196208144,293233521.99465066,0,5.923189661854131e+22,1.6782370708586705e+23,5.035686916075386e+23,9.98135840362585e+19,1.648297153179251e+17,5.541086471185457e+22,2.542374291218059e+18,9.773517965273393e+19,0.0,0.0,9.976262363963394e+16,0.0,5.0347112125760115e+23,9.757034993741608e+19,1.6782370708586705e+23
195852972972.973,2672.1310166637786,293141564.79163206,0,5.923189661854131e+22,1.6782370708586705e+23,5.035688380979109e+23,9.98133353624248e+19,1.6507838915161824e+17,5.541071822148226e+22,2.395635245073544e+18,9.788191869887845e+19,0.0,0.0,9.976262363963394e+16,0.0,5.0347112125760115e+23,9.77168403097269e+19,1.6782370708586705e+23
199011891891.8919,2670.068613706743,293049633.4044452,0,5.923189661854131e+22,1.6782370708586705e+23,5.035689761328857e+23,9.981310104192578e+19,1.6531270965064173e+17,5.5410580186507466e+22,2.257365949784908e+18,9.802018799416708e+19,0.0,0.0,9.976262363963394e+16,0.0,5.0347112125760115e+23,9.785487528451652e+19,1.6782370708586705e+23
202170810810.81082,2668.006210749707,292957728.2274917,0,5.923189661854131e+22,1.6782370708586705e+23,5.0356910620054786e+23,9.981288024622839e+19,1.6553350534804016e+17,5.541045011884529e+22,2.1270774919142605e+18,9.815047645203772e+19,0.0,0.0,9.976262363963394e+16,0.0,5.0347112125760115e+23,9.798494294668976e+19,1.6782370708586705e+23
205329729729.72977,2665.943807792671,292865849.6546001,0,5.923189661854131e+22,1.6782370708586705e+23,5.035692287608032e+23,9.98126721946332e+19,1.6574155694321437e+17,5.541032755858995e+22,2.0043091849756544e+18,9.827324475897633e+19,0.0,0.0,9.976262363963394e+16,0.0,5.0347112125760115e+23,9.810750320203319e+19,1.6782370708586705e+23
208488648648.64865,2663.8814048356353,292773998.07902145,0,5.923189661854131e+22,1.6782370708586705e+23,5.035693442470058e+23,9.98124761515121e+19,1.659376000643205e+17,5.5410212072387355e+22,1.8886269392640223e+18,9.838892700468796e+19,0.0,0.0,9.976262363963394e+16,0.0,5.0347112125760115e+23,9.822298940462372e+19,1.6782370708586705e+23
211647567567.5676,2661.8190018785995,292682173.8934256,0,5.923189661854131e+22,1.6782370708586705e+23,5.035694530674914e+23,9.981229142370538e+19,1.6612232787104778e+17,5.541010325190179e+22,1.7796217258879347e+18,9.849793221806404e+19,0.0,0.0,9.976262363963394e+16,0.0,5.0347112125760115e+23,9.833180989019308e+19,1.6782370708586705e+23
214806486486.48648,2659.7565989215636,292590377.4898969,0,5.923189661854131e+22,1.6782370708586705e+23,5.035695556070221e+23,9.981211735806942e+19,1.6629639350700902e+17,5.541000071237109e+22,1.6769081295558892e+18,9.86006458143961e+19,0.0,0.0,9.976262363963394e+16,0.0,5.0347112125760115e+23,9.843434942088916e+19,1.6782370708586705e+23
217965405405.40543,2657.694195964528,292498609.25993085,0,5.923189661854131e+22,1.6782370708586705e+23,5.0356965222814774e+23,9.981195333916598e+19,1.6646041241044266e+17,5.540990409124542e+22,1.5801229849819005e+18,9.869743095897008e+19,0.0,0.0,9.976262363963394e+16,0.0,5.0347112125760115e+23,9.853097054655971e+19,1.6782370708586705e+23
221124324324.32434,2655.631793007492,292406869.5944298,0,5.923189661854131e+22,1.6782370708586705e+23,5.035697432724885e+23,9.981179878708501e+19,1.6661496449141987e+17,5.540981304690459e+22,1.4889240920738107e+18,9.878862985187816e+19,0.0,0.0,9.976262363963394e+16,0.0,5.0347112125760115e+23,9.862201488738682e+19,1.6782370708586705e+23
224283243243.24326,2653.569390050456,292315158.8836996,0,5.923189661854131e+22,1.6782370708586705e+23,5.0356982906194355e+23,9.981165315539316e+19,1.6676059618327706e+17,5.540972725744955e+22,1.4029890053480566e+18,9.88745649386039e+19,0.0,0.0,9.976262363963394e+16,0.0,5.0347112125760115e+23,9.870780434242072e+19,1.6782370708586705e+23
227442162162.16217,2651.5069870934203,292223477.5174456,0,5.923189661854131e+22,1.6782370708586705e+23,5.035699098998294e+23,9.981151592920089e+19,1.668978223755456e+17,5.540964641956368e+22,1.322013893278651e+18,9.895554005067332e+19,0.0,0.0,9.976262363963394e+16,0.0,5.0347112125760115e+23,9.878864222829786e+19,1.6782370708586705e+23
230601081081.0811,2649.4445841363845,292131825.8847689,0,5.923189661854131e+22,1.6782370708586705e+23,5.035699860719533e+23,9.98113866233412e+19,1.6702712823522998e+17,5.540957024743979e+22,1.245712463536778e+18,9.90318414804152e+19,0.0,0.0,9.976262363963394e+16,0.0,5.0347112125760115e+23,9.886481435218005e+19,1.6782370708586705e+23
233760000000.0,2647.3821811793487,292040204.374163,0,5.923189661854131e+22,1.6782370708586705e+23,5.035700578476238e+23,9.981126478065354e+19,1.6714897092288886e+17,5.540949847176925e+22,1.1738149503116134e+18,9.910373899364036e+19,0.0,0.0,9.976262363963394e+16,0.0,5.0347112125760115e+23,9.893659002271755e+19,1.6782370708586705e+23
236918918918.91895,2645.319778222313,291948613.37350994,0,5.923189661854131e+22,1.6782370708586705e+23,5.035701254806037e+23,9.981114997036684e+19,1.6726378120959955e+17,5.540943083878935e+22,1.1060671601235654e+18,9.91714867838284e+19,0.0,0.0,9.976262363963394e+16,0.0,5.0347112125760115e+23,9.900422300261889e+19,1.6782370708586705e+23
240077837837.83786,2643.257375265277,291857053.270077,0,5.923189661854131e+22,1.6782370708586705e+23,5.035701892100073e+23,9.981104178657591e+19,1.673719650005348e+17,5.540936710938577e+22,1.0422295727489117e+18,9.923532437120305e+19,0.0,0.0,9.976262363963394e+16,0.0,5.0347112125760115e+23,9.906795240620261e+19,1.6782370708586705e+23
243236756756.75677,2641.194972308241,291765524.45051277,0,5.923189661854131e+22,1.6782370708586705e+23,5.0357024926114626e+23,9.98109398468059e+19,1.6747390477054886e+17,5.540930705824686e+22,9.820764940705212e+17,9.929547744988144e+19,0.0,0.0,9.976262363963394e+16,0.0,5.0347112125760115e+23,9.912800354511099e+19,1.6782370708586705e+23
246395675675.67572,2639.1325693512053,291674027.3008442,0,5.923189661854131e+22,1.6782370708586705e+23,5.035703058463263e+23,9.981084379065958e+19,1.6756996091685802e+17,5.540925047306679e+22,9.253952578536993e+17,9.935215868609826e+19,0.0,0.0,9.976262363963394e+16,0.0,5.0347112125760115e+23,9.91845887251815e+19,1.6782370708586705e+23
249554594594.5946,2637.0701663941695,291582562.2064729,0,5.923189661854131e+22,1.6782370708586705e+23,5.0357035916559845e+23,9.981075327854284e+19,1.6766047303360557e+17,5.540919715379468e+22,8.71985473619852e+17,9.94055684703321e+19,0.0,0.0,9.976262363963394e+16,0.0,5.0347112125760115e+23,9.923790799729859e+19,1.6782370708586705e+23
252713513513.51355,2635.0077634371337,291491129.55217165,0,5.923189661854131e+22,1.6782370708586705e+23,5.0357040940746606e+23,9.981066799046363e+19,1.677457611128256e+17,5.540914691192709e+22,8.216583179542463e+17,9.94558956259977e+19,0.0,0.0,9.976262363963394e+16,0.0,5.0347112125760115e+23,9.928814986488498e+19,1.6782370708586705e+23
255872432432.43243,2632.945360480098,291399729.72208154,0,5.923189661854131e+22,1.6782370708586705e+23,5.0357045674955174e+23,9.98105876249004e+19,1.6782612667605728e+17,5.540909956984143e+22,7.742358667382365e+17,9.95033180772137e+19,0.0,0.0,9.976262363963394e+16,0.0,5.0347112125760115e+23,9.933549195053775e+19,1.6782370708586705e+23
259031351351.35138,2630.882957523062,291308363.0997082,0,5.923189661854131e+22,1.6782370708586705e+23,5.035705013592254e+23,9.981051189773584e+19,1.6790185384061648e+17,5.54090549601678e+22,7.295504659414913e+17,9.954800347801045e+19,0.0,0.0,9.976262363963394e+16,0.0,5.0347112125760115e+23,9.938010162416994e+19,1.6782370708586705e+23
262190270270.2703,2628.820554566026,291217030.0679187,0,5.923189661854131e+22,1.6782370708586705e+23,5.035705433941961e+23,9.981044054125216e+19,1.6797321032429965e+17,5.5409012925197084e+22,6.874441387465e+17,9.959010980520544e+19,0.0,0.0,9.976262363963394e+16,0.0,5.0347112125760115e+23,9.942213659488125e+19,1.6782370708586705e+23
265349189189.18924,2626.7581516089904,291125731.00893855,0,5.923189661854131e+22,1.6782370708586705e+23,5.035705830030699e+23,9.981037330318438e+19,1.6804044839207626e+17,5.5408973316323314e+22,6.477680269064622e+17,9.962978591704547e+19,0.0,0.0,9.976262363963394e+16,0.0,5.0347112125760115e+23,9.94617454686535e+19,1.6782370708586705e+23
268508108108.1081,2624.6957486519545,291034466.30434847,0,5.923189661854131e+22,1.6782370708586705e+23,5.0357062032587504e+23,9.981030994582833e+19,1.6810380574812083e+17,5.540893599351812e+22,6.103818643590263e+17,9.966717207959291e+19,0.0,0.0,9.976262363963394e+16,0.0,5.0347112125760115e+23,9.94990682738449e+19,1.6782370708586705e+23
271667027027.02704,2622.6333456949187,290943236.33508104,0,5.923189661854131e+22,1.6782370708586705e+23,5.0357065549455755e+23,9.98102502452001e+19,1.681635063763418e+17,5.5408900824835625e+22,5.751534812326688e+17,9.970240046271927e+19,0.0,0.0,9.976262363963394e+16,0.0,5.0347112125760115e+23,9.953423695634303e+19,1.6782370708586705e+23
274825945945.94595,2620.570942737883,290852041.4814181,0,5.923189661854131e+22,1.6782370708586705e+23,5.035706886334473e+23,9.981019399024406e+19,1.682197613323819e+17,5.540886768594584e+22,5.419583364902226e+17,9.973559560746172e+19,0.0,0.0,9.976262363963394e+16,0.0,5.0347112125760115e+23,9.956737584612943e+19,1.6782370708586705e+23
277984864864.86487,2618.508539780847,290760882.1229873,0,5.923189661854131e+22,1.6782370708586705e+23,5.0357071985969806e+23,9.981014098208655e+19,1.682727694898928e+17,5.5408836459695064e+22,5.10679077555532e+17,9.976687486639641e+19,0.0,0.0,9.976262363963394e+16,0.0,5.0347112125760115e+23,9.959860209690662e+19,1.6782370708586705e+23
281143783783.7838,2616.4461368238112,290669758.6387594,0,5.923189661854131e+22,1.6782370708586705e+23,5.035707492837015e+23,9.981009103333271e+19,1.6832271824372496e+17,5.540880703569163e+22,4.812051253648136e+17,9.979634881858714e+19,0.0,0.0,9.976262363963394e+16,0.0,5.0347112125760115e+23,9.96280261003435e+19,1.6782370708586705e+23
284302702702.7027,2614.3837338667754,290578671.40704554,0,5.923189661854131e+22,1.6782370708586705e+23,5.035707770094775e+23,9.981004396740392e+19,1.6836978417252067e+17,5.540877930991557e+22,4.5343228337436896e+17,9.982412166057758e+19,0.0,0.0,9.976262363963394e+16,0.0,5.0347112125760115e+23,9.965575187640515e+19,1.6782370708586705e+23
287461621621.62164,2612.3213309097396,290487620.8054937,0,5.923189661854131e+22,1.6782370708586705e+23,5.035708031350423e+23,9.980999961791339e+19,1.6841413366305475e+17,5.540875318435082e+22,4.2726236914115117e+17,9.985029157481079e+19,0.0,0.0,9.976262363963394e+16,0.0,5.0347112125760115e+23,9.968187744114783e+19,1.6782370708586705e+23
290620540540.5406,2610.2589279527037,290396607.21108675,0,5.923189661854131e+22,1.6782370708586705e+23,5.0357082775275445e+23,9.980995782807791e+19,1.684559234985321e+17,5.540872856663869e+22,4.026028671726296e+17,9.987495107677931e+19,0.0,0.0,9.976262363963394e+16,0.0,5.0347112125760115e+23,9.970649515328088e+19,1.6782370708586705e+23
293779459459.4595,2608.196524995668,290305631.00013894,0,5.923189661854131e+22,1.6782370708586705e+23,5.035708509496419e+23,9.980991845016352e+19,1.6849530141292298e+17,5.5408705369751245e+22,3.7936660181772166e+17,9.989818734213423e+19,0.0,0.0,9.976262363963394e+16,0.0,5.0347112125760115e+23,9.97296920407214e+19,1.6782370708586705e+23
296938378378.3784,2606.134122038632,290214692.5482936,0,5.923189661854131e+22,1.6782370708586705e+23,5.0357087280770945e+23,9.980988134496313e+19,1.6853240661329744e+17,5.540868351168367e+22,3.574714290415193e+17,9.992008251491045e+19,0.0,0.0,9.976262363963394e+16,0.0,5.0347112125760115e+23,9.975155010829723e+19,1.6782370708586705e+23
300097297297.2973,2604.0717190815963,290123792.23052025,0,5.923189661854131e+22,1.6782370708586705e+23,5.035708934042288e+23,9.980984638130443e+19,1.6856737027200662e+17,5.540866291516427e+22,3.368399459934023e+17,9.994071399795856e+19,0.0,0.0,9.976262363963394e+16,0.0,5.0347112125760115e+23,9.977214662768665e+19,1.6782370708586705e+23
303256216216.21625,2602.0093161245604,290032930.4211122,0,5.923189661854131e+22,1.6782370708586705e+23,5.0357091281201175e+23,9.980981343558599e+19,1.6860031599045187e+17,5.540864350738134e+22,3.1739921734111936e+17,9.996015472661085e+19,0.0,0.0,9.976262363963394e+16,0.0,5.0347112125760115e+23,9.979155441062049e+19,1.6782370708586705e+23
306415135135.13513,2599.9469131675246,289942107.4936836,0,5.923189661854131e+22,1.6782370708586705e+23,5.035709310996674e+23,9.980978239134035e+19,1.686313602360822e+17,5.540862521972565e+22,2.990805174027706e+17,9.99784734265492e+19,0.0,0.0,9.976262363963394e+16,0.0,5.0347112125760115e+23,9.98098420663132e+19,1.6782370708586705e+23
309574054054.0541,2597.8845102104888,289851323.8211672,0,5.923189661854131e+22,1.6782370708586705e+23,5.0357094833184514e+23,9.980975313882227e+19,1.686606127541658e+17,5.540860798754793e+22,2.818190871645445e+17,9.999573485678743e+19,0.0,0.0,9.976262363963394e+16,0.0,5.0347112125760115e+23,9.982707424403335e+19,1.6782370708586705e+23
312732972972.973,2595.822107253453,289760579.7758116,0,5.923189661854131e+22,1.6782370708586705e+23,5.035709645694628e+23,9.980972557462064e+19,1.686881769557921e+17,5.540859174993029e+22,2.6555390532474726e+17,1.0001200003862723e+20,0.0,0.0,9.976262363963394e+16,0.0,5.0347112125760115e+23,9.984331186167153e+19,1.6782370708586705e+23
315891891891.8919,2593.759704296417,289669875.7291793,0,5.923189661854131e+22,1.6782370708586705e+23,5.035709798699222e+23,9.980969960129295e+19,1.6871415028347664e+17,5.540857644947085e+22,2.502274725543059e+17,1.0002732647139767e+20,0.0,0.0,9.976262363963394e+16,0.0,5.0347112125760115e+23,9.985861232111428e+19,1.6782370708586705e+23
319050810810.8108,2591.6973013393813,289579212.05214363,0,5.923189661854131e+22,1.6782370708586705e+23,5.0357099428731224e+23,9.980967512702077e+19,1.687386245556619e+17,5.540856203208077e+22,2.3578560821069552e+17,1.0004176833574129e+20,0.0,0.0,9.976262363963394e+16,0.0,5.0347112125760115e+23,9.98730297111857e+19,1.6782370708586705e+23
322209729729.72974,2589.6348983823455,289488589.1148867,0,5.923189661854131e+22,1.6782370708586705e+23,5.0357100787259995e+23,9.98096520652851e+19,1.6876168629133216e+17,5.540854844679308e+22,2.221772587863125e+17,1.0005537668516567e+20,0.0,0.0,9.976262363963394e+16,0.0,5.0347112125760115e+23,9.988661499887442e+19,1.6782370708586705e+23
325368648648.6487,2587.5724954253096,289398007.28689724,0,5.923189661854131e+22,1.6782370708586705e+23,5.035710206738106e+23,9.980963033456053e+19,1.6878341701589114e+17,5.540853564558243e+22,2.0935431741383478e+17,1.0006819962653816e+20,0.0,0.0,9.976262363963394e+16,0.0,5.0347112125760115e+23,9.989941620952234e+19,1.6782370708586705e+23
328527567567.5676,2585.510092468274,289307466.936968,0,5.923189661854131e+22,1.6782370708586705e+23,5.0357103273619764e+23,9.980960985802704e+19,1.6880389354938317e+17,5.540852358319534e+22,1.9727145379023498e+17,1.0008028249016176e+20,0.0,0.0,9.976262363963394e+16,0.0,5.0347112125760115e+23,9.991147859661246e+19,1.6782370708586705e+23
331686486486.4865,2583.447689511238,289216968.4331939,0,5.923189661854131e+22,1.6782370708586705e+23,5.035710441024028e+23,9.980959056329834e+19,1.6882318827807808e+17,5.54085122169902e+22,1.8588595391797302e+17,1.0009166799003402e+20,0.0,0.0,9.976262363963394e+16,0.0,5.0347112125760115e+23,9.992284480175602e+19,1.6782370708586705e+23
334845405405.4054,2581.385286554202,289126512.1429696,0,5.923189661854131e+22,1.6782370708586705e+23,5.035710548126065e+23,9.980957238216604e+19,1.6884136941037962e+17,5.540850150678651e+22,1.751575690966273e+17,1.0010239637485537e+20,0.0,0.0,9.976262363963394e+16,0.0,5.0347112125760115e+23,9.993355500544506e+19,1.6782370708586705e+23
338004324324.32434,2579.3228835971663,289036098.43298733,0,5.923189661854131e+22,1.6782370708586705e+23,5.0357106490467013e+23,9.980955525035845e+19,1.688585012179626e+17,5.540849141472285e+22,1.6504837363094906e+17,1.0011250557032106e+20,0.0,0.0,9.976262363963394e+16,0.0,5.0347112125760115e+23,9.994364706910316e+19,1.6782370708586705e+23
341163243243.2433,2577.2604806401305,288945727.669235,0,5.923189661854131e+22,1.6782370708586705e+23,5.0357107441427e+23,9.980953910731342e+19,1.688746442629915e+17,5.5408481905123015e+22,1.555226307521599e+17,1.0012203131319986e+20,0.0,0.0,9.976262363963394e+16,0.0,5.0347112125760115e+23,9.995315666893693e+19,1.6782370708586705e+23
344322162162.16223,2575.1980776830947,288855400.2169941,0,5.923189661854131e+22,1.6782370708586705e+23,5.035710833750231e+23,9.980952389596419e+19,1.688898556122238e+17,5.540847294436989e+22,1.4654666627836563e+17,1.0013100727767364e+20,0.0,0.0,9.976262363963394e+16,0.0,5.0347112125760115e+23,9.996211742206149e+19,1.6782370708586705e+23
347481081081.0811,2573.135674726059,288765116.44083774,0,5.923189661854131e+22,1.6782370708586705e+23,5.035710918186064e+23,9.980950956253766e+19,1.689041890387555e+17,5.54084645007866e+22,1.3808874956733538e+17,1.0013946519438467e+20,0.0,0.0,9.976262363963394e+16,0.0,5.0347112125760115e+23,9.997056100534598e+19,1.6782370708586705e+23
350640000000.0,2571.073271769023,288674876.7046285,0,5.923189661854131e+22,1.6782370708586705e+23,5.0357109977486845e+23,9.980949605636429e+19,1.6891769521212157e+17,5.540845654452455e+22,1.3011898134068946e+17,1.0014743496261132e+20,0.0,0.0,9.976262363963394e+16,0.0,5.0347112125760115e+23,9.997851726739926e+19,1.6782370708586705e+23
353798918918.91895,2569.010868811987,288584681.3715168,0,5.923189661854131e+22,1.6782370708586705e+23,5.035711072719351e+23,9.980948332969899e+19,1.6893042187742432e+17,5.5408449047457855e+22,1.2260918798284306e+17,1.0015494475596916e+20,0.0,0.0,9.976262363963394e+16,0.0,5.0347112125760115e+23,9.99860143340918e+19,1.6782370708586705e+23
356957837837.8379,2566.9484658549513,288494530.80393904,0,5.923189661854131e+22,1.6782370708586705e+23,5.03571114336309e+23,9.98094713375523e+19,1.689424140241224e+17,5.540844198308396e+22,1.1553282194095435e+17,1.0016202112201104e+20,0.0,0.0,9.976262363963394e+16,0.0,5.0347112125760115e+23,9.999307870798699e+19,1.6782370708586705e+23
360116756756.7568,2564.8860628979155,288404425.36361545,0,5.923189661854131e+22,1.6782370708586705e+23,5.0357112099296306e+23,9.980946003753134e+19,1.689537140450775e+17,5.540843532642991e+22,1.0886486787370309e+17,1.001686890760783e+20,0.0,0.0,9.976262363963394e+16,0.0,5.0347112125760115e+23,9.999973536203329e+19,1.6782370708586705e+23
363275675675.6757,2562.8236599408797,288314365.4115488,0,5.923189661854131e+22,1.6782370708586705e+23,5.0357112726542886e+23,9.980944938969e+19,1.6896436188642112e+17,5.540842905396409e+22,1.0258175421705794e+17,1.0017497218973494e+20,0.0,0.0,9.976262363963394e+16,0.0,5.0347112125760115e+23,1.000060078278486e+20,1.6782370708586705e+23
366434594594.5946,2560.761256983844,288224351.3080225,0,5.923189661854131e+22,1.6782370708586705e+23,5.035711331758799e+23,9.980943935638764e+19,1.6897439518877126e+17,5.540842314351303e+22,9.666126985434842e+16,1.0018089267409766e+20,0.0,0.0,9.976262363963394e+16,0.0,5.0347112125760115e+23,1.0001191827890895e+20,1.6782370708586705e+23
369593513513.51355,2558.698854026808,288134383.4125987,0,5.923189661854131e+22,1.6782370708586705e+23,5.035711387452099e+23,9.980942990215612e+19,1.6898384942029843e+17,5.5408417574183e+22,9.108248559600888e+16,1.0018647145835599e+20,0.0,0.0,9.976262363963394e+16,0.0,5.0347112125760115e+23,1.0001748760893576e+20,1.6782370708586705e+23
372752432432.43243,2556.636451069772,288044462.0841172,0,5.923189661854131e+22,1.6782370708586705e+23,5.035711439931067e+23,9.98094209935743e+19,1.6899275800211117e+17,5.540841232628618e+22,8.58256801913707e+16,1.0019172826376063e+20,0.0,0.0,9.976262363963394e+16,0.0,5.0347112125760115e+23,1.0002273550575858e+20,1.6782370708586705e+23
375911351351.3514,2554.5740481127364,287954587.6806933,0,5.923189661854131e+22,1.6782370708586705e+23,5.035711489381219e+23,9.980941259915002e+19,1.690011524264047e+17,5.540840738127102e+22,8.08722706109062e+16,1.001966816733411e+20,0.0,0.0,9.976262363963394e+16,0.0,5.0347112125760115e+23,1.0002768052091476e+20,1.6782370708586705e+23
379070270270.2703,2552.5116451557005,287864760.55971676,0,5.923189661854131e+22,1.6782370708586705e+23,5.035711535977362e+23,9.980940468920864e+19,1.6900906236779034e+17,5.5408402721656705e+22,7.620474635242878e+16,1.0020134919759956e+20,0.0,0.0,9.976262363963394e+16,0.0,5.0347112125760115e+23,1.0003234013523185e+20,1.6782370708586705e+23
382229189189.1892,2550.4492421986647,287774981.07784986,0,5.923189661854131e+22,1.6782370708586705e+23,5.035711579884216e+23,9.980939723578823e+19,1.6901651578819923e+17,5.5408398330971315e+22,7.18066075389835e+16,1.00205747336413e+20,0.0,0.0,9.976262363963394e+16,0.0,5.0347112125760115e+23,1.000367308206249e+20,1.6782370708586705e+23
385388108108.10815,2548.386839241629,287685249.5910266,0,5.923189661854131e+22,1.6782370708586705e+23,5.035711621256993e+23,9.98093902125407e+19,1.6902353903573126e+17,5.540839419369361e+22,6.766230658957043e+16,1.0020989163736243e+20,0.0,0.0,9.976262363963394e+16,0.0,5.0347112125760115e+23,1.0004086809832677e+20,1.6782370708586705e+23
388547027027.02704,2546.324436284593,287595566.4544506,0,5.923189661854131e+22,1.6782370708586705e+23,5.0357116602419474e+23,9.980938359463862e+19,1.6903015693779885e+17,5.5408390295198175e+22,6.375719325647613e+16,1.0021379675069553e+20,0.0,0.0,9.976262363963394e+16,0.0,5.0347112125760115e+23,1.000447665937578e+20,1.6782370708586705e+23
391705945945.946,2544.262033327557,287505932.0225943,0,5.923189661854131e+22,1.6782370708586705e+23,5.035711696976892e+23,9.980937735868754e+19,1.6903639288889453e+17,5.5408386621703704e+22,6.007746283489384e+16,1.0021747648111711e+20,0.0,0.0,9.976262363963394e+16,0.0,5.0347112125760115e+23,1.000484400882283e+20,1.6782370708586705e+23
394864864864.8649,2542.1996303705214,287416346.6491973,0,5.923189661854131e+22,1.6782370708586705e+23,5.035711731591686e+23,9.980937148264314e+19,1.690422689332931e+17,5.540838316022428e+22,5.661010736172935e+16,1.0022094383659028e+20,0.0,0.0,9.976262363963394e+16,0.0,5.0347112125760115e+23,1.0005190156765707e+20,1.6782370708586705e+23
398023783783.7838,2540.1372274134856,287326810.68726546,0,5.923189661854131e+22,1.6782370708586705e+23,5.035711764208695e+23,9.980936594573345e+19,1.6904780584298026e+17,5.5408379898523455e+22,5.334286963105917e+16,1.0022421107432094e+20,0.0,0.0,9.976262363963394e+16,0.0,5.0347112125760115e+23,1.0005516326847804e+20,1.6782370708586705e+23
401182702702.7027,2538.0748244564497,287237324.4890695,0,5.923189661854131e+22,1.6782370708586705e+23,5.035711794943219e+23,9.980936072838534e+19,1.690530231910837e+17,5.540837682507104e+22,5.02641998636668e+16,1.0022728974408833e+20,0.0,0.0,9.976262363963394e+16,0.0,5.0347112125760115e+23,1.0005823672089733e+20,1.6782370708586705e+23
404341621621.62164,2536.012421499414,287147888.4061439,0,5.923189661854131e+22,1.6782370708586705e+23,5.035711823903906e+23,9.980935581215536e+19,1.6905793942106582e+17,5.540837392900228e+22,4.736321487746733e+16,1.0023019072907452e+20,0.0,0.0,9.976262363963394e+16,0.0,5.0347112125760115e+23,1.0006113278965354e+20,1.6782370708586705e+23
407500540540.5406,2533.950018542378,287058502.7892857,0,5.923189661854131e+22,1.6782370708586705e+23,5.035711851193134e+23,9.98093511796645e+19,1.6906257191192285e+17,5.540837120007951e+22,4.462965961447279e+16,1.0023292428433752e+20,0.0,0.0,9.976262363963394e+16,0.0,5.0347112125760115e+23,1.0006386171242568e+20,1.6782370708586705e+23
410659459459.45953,2531.8876155853422,286969167.98855364,0,5.923189661854131e+22,1.6782370708586705e+23,5.03571187690737e+23,9.980934681453681e+19,1.6906693703962115e+17,5.540836862865591e+22,4.2053870888282904e+16,1.0023550007306371e+20,0.0,0.0,9.976262363963394e+16,0.0,5.0347112125760115e+23,1.0006643313602417e+20,1.6782370708586705e+23
413818378378.37836,2529.8252126283064,286879884.3532669,0,5.923189661854131e+22,1.6782370708586705e+23,5.035711901137515e+23,9.980934270134144e+19,1.6907105023498752e+17,5.540836620564145e+22,3.962674322393693e+16,1.0023792720072806e+20,0.0,0.0,9.976262363963394e+16,0.0,5.0347112125760115e+23,1.0006885615049315e+20,1.6782370708586705e+23
416977297297.2973,2527.7628096712706,286790652.2320043,0,5.923189661854131e+22,1.6782370708586705e+23,5.035711923969222e+23,9.980933882553817e+19,1.6907492603825814e+17,5.54083639224707e+22,3.733969666935996e+16,1.0024021424728262e+20,0.0,0.0,9.976262363963394e+16,0.0,5.0347112125760115e+23,1.0007113932124445e+20,1.6782370708586705e+23
420136216216.21625,2525.7004067142348,286701471.97260344,0,5.923189661854131e+22,1.6782370708586705e+23,5.035711945483203e+23,9.980933517342595e+19,1.690785781504795e+17,5.540836177107261e+22,3.518464646460793e+16,1.0024236929748738e+20,0.0,0.0,9.976262363963394e+16,0.0,5.0347112125760115e+23,1.0007329071933699e+20,1.6782370708586705e+23
423295135135.1352,2523.638003757199,286612343.92215973,0,5.923189661854131e+22,1.6782370708586705e+23,5.03571196575551e+23,9.980933173209448e+19,1.690820194819423e+17,5.540835974384194e+22,3.315397446168376e+16,1.002443999694903e+20,0.0,0.0,9.976262363963394e+16,0.0,5.0347112125760115e+23,1.0007531795000844e+20,1.6782370708586705e+23
426454054054.0541,2521.575600800163,286523268.42702556,0,5.923189661854131e+22,1.6782370708586705e+23,5.035711984857805e+23,9.980932848937861e+19,1.6908526219782032e+17,5.540835783361238e+22,3.124050219388646e+16,1.002463134417581e+20,0.0,0.0,9.976262363963394e+16,0.0,5.0347112125760115e+23,1.0007722817956037e+20,1.6782370708586705e+23
429612972972.97296,2519.5131978431273,286434245.8328094,0,5.923189661854131e+22,1.6782370708586705e+23,5.035712002857616e+23,9.980932543381525e+19,1.690883177611749e+17,5.540835603363125e+22,2.943746549948671e+16,1.002481164784525e+20,0.0,0.0,9.976262363963394e+16,0.0,5.0347112125760115e+23,1.000790281606914e+20,1.6782370708586705e+23
432771891891.8919,2517.4507948860914,286345276.4843754,0,5.923189661854131e+22,1.6782370708586705e+23,5.035712019818573e+23,9.980932255460295e+19,1.6909119697347754e+17,5.540835433753557e+22,2.77384906100179e+16,1.0024981545334197e+20,0.0,0.0,9.976262363963394e+16,0.0,5.0347112125760115e+23,1.0008072425636857e+20,1.6782370708586705e+23
435930810810.81085,2515.3883919290556,286256360.7258424,0,5.923189661854131e+22,1.6782370708586705e+23,5.035712035800633e+23,9.980931984156362e+19,1.6909391001279363e+17,5.540835273932962e+22,2.613757161864949e+16,1.0025141637233335e+20,0.0,0.0,9.976262363963394e+16,0.0,5.0347112125760115e+23,1.0008232246232062e+20,1.6782370708586705e+23
439089729729.7298,2513.32598897202,286167498.9005835,0,5.923189661854131e+22,1.6782370708586705e+23,5.035712050860292e+23,9.980931728510665e+19,1.6909646646976253e+17,5.54083512333637e+22,2.4629049248988864e+16,1.0025292489470301e+20,0.0,0.0,9.976262363963394e+16,0.0,5.0347112125760115e+23,1.0008382842823331e+20,1.6782370708586705e+23
442248648648.6487,2511.263586014984,286078691.35122526,0,5.923189661854131e+22,1.6782370708586705e+23,5.035712065050787e+23,9.980931487619491e+19,1.6909887538150077e+17,5.540834981431422e+22,2.32075908492553e+16,1.0025434635310273e+20,0.0,0.0,9.976262363963394e+16,0.0,5.0347112125760115e+23,1.000852474777213e+20,1.6782370708586705e+23
445407567567.56757,2509.201183057948,285989938.4196473,0,5.923189661854131e+22,1.6782370708586705e+23,5.035712078422281e+23,9.980931260631287e+19,1.6910114526354883e+17,5.540834847716479e+22,2.1868171541101756e+16,1.0025568577241088e+20,0.0,0.0,9.976262363963394e+16,0.0,5.0347112125760115e+23,1.000865846271474e+20,1.6782370708586705e+23
448566486486.4865,2507.1387801009123,285901240.4469818,0,5.923189661854131e+22,1.6782370708586705e+23,5.0357120910220434e+23,9.980931046743645e+19,1.691032841399739e+17,5.540834721718858e+22,2.060605645644241e+16,1.0025694788749554e+20,0.0,0.0,9.976262363963394e+16,0.0,5.0347112125760115e+23,1.0008784460335564e+20,1.6782370708586705e+23
451725405405.40546,2505.0763771438765,285812597.7736129,0,5.923189661854131e+22,1.6782370708586705e+23,5.0357121028946135e+23,9.98093084520047e+19,1.6910529957173517e+17,5.540834602993156e+22,1.9416783999490244e+16,1.0025813715995248e+20,0.0,0.0,9.976262363963394e+16,0.0,5.0347112125760115e+23,1.0008903186038083e+20,1.6782370708586705e+23
454884324324.32434,2503.0139741868406,285724010.7391767,0,5.923189661854131e+22,1.6782370708586705e+23,5.035712114081962e+23,9.980930655289301e+19,1.6910719868341226e+17,5.540834491119675e+22,1.829615007483335e+16,1.0025925779387715e+20,0.0,0.0,9.976262363963394e+16,0.0,5.0347112125760115e+23,1.0009015059519382e+20,1.6782370708586705e+23
458043243243.2433,2500.951571229805,285635479.68256015,0,5.923189661854131e+22,1.6782370708586705e+23,5.0357121246236355e+23,9.980930476338804e+19,1.6910898818839082e+17,5.5408343857029406e+22,1.724019322579402e+16,1.0026031375072618e+20,0.0,0.0,9.976262363963394e+16,0.0,5.0347112125760115e+23,1.0009120476253787e+20,1.6782370708586705e+23
461202162162.1622,2498.889168272769,285547004.94190156,0,5.923189661854131e+22,1.6782370708586705e+23,5.035712134556899e+23,9.980930307716383e+19,1.6911067441259456e+17,5.5408342863703035e+22,1.6245180630532596e+16,1.0026130876332145e+20,0.0,0.0,9.976262363963394e+16,0.0,5.0347112125760115e+23,1.0009219808890893e+20,1.6782370708586705e+23
464361081081.0811,2496.826765315733,285458586.8545898,0,5.923189661854131e+22,1.6782370708586705e+23,5.035712143916867e+23,9.980930148825958e+19,1.6911226331684765e+17,5.540834192770621e+22,1.5307594906390592e+16,1.0026224634904558e+20,0.0,0.0,9.976262363963394e+16,0.0,5.0347112125760115e+23,1.0009313408572881e+20,1.6782370708586705e+23
467520000000.0,2494.7643623586973,285370225.7572643,0,5.923189661854131e+22,1.6782370708586705e+23,5.035712152736627e+23,9.980929999105848e+19,1.691137605179464e+17,5.540834104573018e+22,1.4424121675824752e+16,1.0026312982227614e+20,0.0,0.0,9.976262363963394e+16,0.0,5.0347112125760115e+23,1.0009401606175828e+20,1.6782370708586705e+23
470678918918.91895,2492.7019594016615,285281921.9858148,0,5.923189661854131e+22,1.6782370708586705e+23,5.035712161047357e+23,9.980929858026791e+19,1.6911517130851478e+17,5.540834021465715e+22,1.3591637849976224e+16,1.0026396230610199e+20,0.0,0.0,9.976262363963394e+16,0.0,5.0347112125760115e+23,1.0009484713479355e+20,1.6782370708586705e+23
473837837837.8379,2490.6395564446257,285193675.8753812,0,5.923189661854131e+22,1.6782370708586705e+23,5.035712168878436e+23,9.98092972509007e+19,1.6911650067571405e+17,5.540833943154925e+22,1.2807200588456008e+16,1.002647467433635e+20,0.0,0.0,9.976262363963394e+16,0.0,5.0347112125760115e+23,1.0009563024268786e+20,1.6782370708586705e+23
476996756756.75684,2488.57715348759,285105487.7603534,0,5.923189661854131e+22,1.6782370708586705e+23,5.0357121762575464e+23,9.980929599825755e+19,1.6911775331887248e+17,5.54083386936382e+22,1.2068036896318324e+16,1.0026548590705564e+20,0.0,0.0,9.976262363963394e+16,0.0,5.0347112125760115e+23,1.0009636815373684e+20,1.6782370708586705e+23
480155675675.6757,2486.514750530554,285017357.9743717,0,5.923189661854131e+22,1.6782370708586705e+23,5.035712183210774e+23,9.980929481791033e+19,1.6911893366609763e+17,5.540833799831548e+22,1.1371533821446238e+16,1.002661824101305e+20,0.0,0.0,9.976262363963394e+16,0.0,5.0347112125760115e+23,1.0009706347646448e+20,1.6782370708586705e+23
483314594594.5946,2484.452347573518,284929286.8503261,0,5.923189661854131e+22,1.6782370708586705e+23,5.035712189762697e+23,9.98092937056865e+19,1.691200458899298e+17,5.54083373431231e+22,1.0715229217696386e+16,1.0026683871473425e+20,0.0,0.0,9.976262363963394e+16,0.0,5.0347112125760115e+23,1.000977186688444e+20,1.6782370708586705e+23
486473513513.51355,2482.3899446164824,284841274.72035706,0,5.923189661854131e+22,1.6782370708586705e+23,5.0357121959364786e+23,9.980929265765433e+19,1.6912109392209203e+17,5.5408336725744955e+22,1.009680304114969e+16,1.002674571409108e+20,0.0,0.0,9.976262363963394e+16,0.0,5.0347112125760115e+23,1.0009833604698879e+20,1.6782370708586705e+23
489632432432.4325,2480.3275416594465,284753321.9158551,0,5.923189661854131e+22,1.6782370708586705e+23,5.035712201753942e+23,9.980929167010904e+19,1.6912208146738893e+17,5.5408336143998605e+22,9514069148699602.0,1.0026803987480324e+20,0.0,0.0,9.976262363963394e+16,0.0,5.0347112125760115e+23,1.0009891779333593e+20,1.6782370708586705e+23
492791351351.35144,2478.2651387024107,284665428.76746124,0,5.923189661854131e+22,1.6782370708586705e+23,5.0357122072356524e+23,9.980929073955963e+19,1.691230120168031e+17,5.5408335595827576e+22,8964967569985261.0,1.0026858897638195e+20,0.0,0.0,9.976262363963394e+16,0.0,5.0347112125760115e+23,1.0009946596436523e+20,1.6782370708586705e+23
495950270270.27026,2476.202735745375,284577595.6050669,0,5.923189661854131e+22,1.6782370708586705e+23,5.0357122124009874e+23,9.980928986271659e+19,1.6912388885983603e+17,5.540833507929407e+22,8447557225350242.0,1.002691063867266e+20,0.0,0.0,9.976262363963394e+16,0.0,5.0347112125760115e+23,1.0009998249786684e+20,1.6782370708586705e+23
499109189189.1892,2474.140332788339,284489822.75781447,0,5.923189661854131e+22,1.6782370708586705e+23,5.035712217268207e+23,9.980928903648028e+19,1.6912471509613632e+17,5.540833459257215e+22,7960009064084393.0,1.0026959393488788e+20,0.0,0.0,9.976262363963394e+16,0.0,5.0347112125760115e+23,1.0010046921979181e+20,1.6782370708586705e+23
502268108108.10815,2472.077929831303,284402110.5540975,0,5.923189661854131e+22,1.6782370708586705e+23,5.035712221854516e+23,9.980928825792997e+19,1.691254936464572e+17,5.540833413394123e+22,7500599598691986.0,1.0027005334435326e+20,0.0,0.0,9.976262363963394e+16,0.0,5.0347112125760115e+23,1.0010092785070688e+20,1.6782370708586705e+23
505427027027.0271,2470.0155268742674,284314459.3215608,0,5.923189661854131e+22,1.6782370708586705e+23,5.035712226176127e+23,9.980928752431345e+19,1.6912622726298138e+17,5.540833370178006e+22,7067704812329401.0,1.0027048623913961e+20,0.0,0.0,9.976262363963394e+16,0.0,5.0347112125760115e+23,1.0010136001187671e+20,1.6782370708586705e+23
508585945945.946,2467.9531239172316,284226869.3871012,0,5.923189661854131e+22,1.6782370708586705e+23,5.035712230248319e+23,9.980928683303738e+19,1.6912691853904995e+17,5.540833329456094e+22,6659794417874782.0,1.0027089414953407e+20,0.0,0.0,9.976262363963394e+16,0.0,5.0347112125760115e+23,1.001017672309951e+20,1.6782370708586705e+23
511744864864.86487,2465.8907209601957,284139341.0768675,0,5.923189661854131e+22,1.6782370708586705e+23,5.035712234085485e+23,9.98092861816581e+19,1.6912756991833008e+17,5.540833291084435e+22,6275426448335146.0,1.002712785175036e+20,0.0,0.0,9.976262363963394e+16,0.0,5.0347112125760115e+23,1.0010215094758536e+20,1.6782370708586705e+23
514903783783.7838,2463.82831800316,284051874.71626157,0,5.923189661854131e+22,1.6782370708586705e+23,5.0357122377011895e+23,9.980928556787297e+19,1.691281837034533e+17,5.540833254927384e+22,5913242159467746.0,1.0027164070179247e+20,0.0,0.0,9.976262363963394e+16,0.0,5.0347112125760115e+23,1.001025125180891e+20,1.6782370708586705e+23
518062702702.70276,2461.765915046124,283964470.6299382,0,5.923189661854131e+22,1.6782370708586705e+23,5.035712241108215e+23,9.980928498951227e+19,1.6912876206415542e+17,5.540833220857127e+22,5571961226596186.0,1.0027198198272534e+20,0.0,0.0,9.976262363963394e+16,0.0,5.0347112125760115e+23,1.0010285322066126e+20,1.6782370708586705e+23
521221621621.62164,2459.7035120890882,283877129.1418061,0,5.923189661854131e+22,1.6782370708586705e+23,5.0357122443186054e+23,9.980928444453147e+19,1.6912930704494646e+17,5.540833188753224e+22,5250377218641813.0,1.002723035667333e+20,0.0,0.0,9.976262363963394e+16,0.0,5.0347112125760115e+23,1.0010317425968842e+20,1.6782370708586705e+23
524380540540.5406,2457.6411091320524,283789850.57502836,0,5.923189661854131e+22,1.6782370708586705e+23,5.035712247343709e+23,9.980928393100408e+19,1.6912982057233814e+17,5.5408331585021884e+22,4947353333370869.0,1.0027260659061857e+20,0.0,0.0,9.976262363963394e+16,0.0,5.0347112125760115e+23,1.001034767700463e+20,1.6782370708586705e+23
527539459459.4595,2455.5787061750166,283702635.2520232,0,5.923189661854131e+22,1.6782370708586705e+23,5.03571225019422e+23,9.980928344711476e+19,1.691303044616541e+17,5.540833129997082e+22,4661818378781315.0,1.0027289212557315e+20,0.0,0.0,9.976262363963394e+16,0.0,5.0347112125760115e+23,1.0010376182111157e+20,1.6782370708586705e+23
530698378378.3785,2453.5163032179807,283615483.49446446,0,5.923189661854131e+22,1.6782370708586705e+23,5.035712252880214e+23,9.980928299115297e+19,1.6913076042344704e+17,5.540833103137139e+22,4392762986423373.0,1.002731611809655e+20,0.0,0.0,9.976262363963394e+16,0.0,5.0347112125760115e+23,1.0010403042054213e+20,1.6782370708586705e+23
533857297297.29736,2451.453900260945,283528395.62328255,0,5.923189661854131e+22,1.6782370708586705e+23,5.035712255411187e+23,9.980928256150687e+19,1.691311900695456e+17,5.540833077827409e+22,4139236043267706.0,1.0027341470790866e+20,0.0,0.0,9.976262363963394e+16,0.0,5.0347112125760115e+23,1.0010428351783918e+20,1.6782370708586705e+23
537016216216.2162,2449.391497303909,283441371.9586652,0,5.923189661854131e+22,1.6782370708586705e+23,5.035712257796086e+23,9.980928215665766e+19,1.6913159491875222e+17,5.540833053978423e+22,3900341329507773.0,1.0027365360262242e+20,0.0,0.0,9.976262363963394e+16,0.0,5.0347112125760115e+23,1.0010452200770373e+20,1.6782370708586705e+23
540175135135.1352,2447.3290943468733,283354412.82005817,0,5.923189661854131e+22,1.6782370708586705e+23,5.035712260043341e+23,9.980928177517419e+19,1.6913197640221203e+17,5.540833031505873e+22,3675234350410860.0,1.0027387870960153e+20,0.0,0.0,9.976262363963394e+16,0.0,5.0347112125760115e+23,1.0010474673319938e+20,1.6782370708586705e+23
543334054054.0541,2445.2666913898374,283267518.5261662,0,5.923189661854131e+22,1.6782370708586705e+23,5.035712262160896e+23,9.980928141570793e+19,1.6913233586847206e+17,5.54083301033032e+22,3463119351018275.0,1.0027409082460093e+20,0.0,0.0,9.976262363963394e+16,0.0,5.0347112125760115e+23,1.0010495848873252e+20,1.6782370708586705e+23
546492972972.9731,2443.2042884328016,283180689.39495414,0,5.923189661854131e+22,1.6782370708586705e+23,5.035712264156237e+23,9.980928107698817e+19,1.6913267458824835e+17,5.540832990376907e+22,3263246503141574.5,1.002742906974488e+20,0.0,0.0,9.976262363963394e+16,0.0,5.0347112125760115e+23,1.0010515802286062e+20,1.6782370708586705e+23
549651891891.8919,2441.141885475766,283093925.7436477,0,5.923189661854131e+22,1.6782370708586705e+23,5.035712266036418e+23,9.980928075781749e+19,1.6913299375891792e+17,5.540832971575099e+22,3074909254710767.5,1.0027447903469724e+20,0.0,0.0,9.976262363963394e+16,0.0,5.0347112125760115e+23,1.0010534604093838e+20,1.6782370708586705e+23
552810810810.8108,2439.07948251873,283007227.8887344,0,5.923189661854131e+22,1.6782370708586705e+23,5.035712267808085e+23,9.980928045706766e+19,1.691332945087515e+17,5.540832953858432e+22,2897441832104360.0,1.0027465650211984e+20,0.0,0.0,9.976262363963394e+16,0.0,5.0347112125760115e+23,1.0010552320761115e+20,1.6782370708586705e+23
555969729729.7297,2437.017079561694,282920596.14596474,0,5.923189661854131e+22,1.6782370708586705e+23,5.0357122694775004e+23,9.980928017367551e+19,1.69133577900902e+17,5.540832937164277e+22,2730216886631912.0,1.0027482372706532e+20,0.0,0.0,9.976262363963394e+16,0.0,5.0347112125760115e+23,1.0010569014916448e+20,1.6782370708586705e+23
559128648648.6487,2434.9546766046583,282834030.8303536,0,5.923189661854131e+22,1.6782370708586705e+23,5.0357122710505664e+23,9.980927990663925e+19,1.6913384493716285e+17,5.540832921433619e+22,2572643276849355.5,1.002749813006751e+20,0.0,0.0,9.976262363963394e+16,0.0,5.0347112125760115e+23,1.00105847455738e+20,1.6782370708586705e+23
562287567567.5676,2432.8922736476225,282747532.2561809,0,5.923189661854131e+22,1.6782370708586705e+23,5.035712272532843e+23,9.98092796550149e+19,1.6913409656150915e+17,5.540832906610852e+22,2424163978867499.0,1.0027512977997308e+20,0.0,0.0,9.976262363963394e+16,0.0,5.0347112125760115e+23,1.0010599568341164e+20,1.6782370708586705e+23
565446486486.4866,2430.8298706905866,282661100.7369929,0,5.923189661854131e+22,1.6782370708586705e+23,5.03571227392957e+23,9.980927941791298e+19,1.6913433366343485e+17,5.540832892643576e+22,2284254117266613.0,1.0027526968983468e+20,0.0,0.0,9.976262363963394e+16,0.0,5.0347112125760115e+23,1.0010613535617132e+20,1.6782370708586705e+23
568605405405.4054,2428.767467733551,282574736.58560395,0,5.923189661854131e+22,1.6782370708586705e+23,5.0357122752456864e+23,9.980927919449532e+19,1.69134557081097e+17,5.540832879482417e+22,2152419109656330.5,1.002754015248423e+20,0.0,0.0,9.976262363963394e+16,0.0,5.0347112125760115e+23,1.0010626696776127e+20,1.6782370708586705e+23
571764324324.3243,2426.705064776515,282488440.1140971,0,5.923189661854131e+22,1.6782370708586705e+23,5.035712276485843e+23,9.980927898397214e+19,1.6913476760427862e+17,5.54083286708085e+22,2028192918321836.0,1.0027552575103363e+20,0.0,0.0,9.976262363963394e+16,0.0,5.0347112125760115e+23,1.0010639098342942e+20,1.6782370708586705e+23
574923243243.2433,2424.642661819479,282402211.6338259,0,5.923189661854131e+22,1.6782370708586705e+23,5.035712277654424e+23,9.980927878559924e+19,1.691349659771807e+17,5.540832855395036e+22,1911136402775879.2,1.0027564280754917e+20,0.0,0.0,9.976262363963394e+16,0.0,5.0347112125760115e+23,1.0010650784157206e+20,1.6782370708586705e+23
578082162162.1622,2422.5802588624433,282316051.45541555,0,5.923189661854131e+22,1.6782370708586705e+23,5.035712278755561e+23,9.980927859867537e+19,1.6913515290105286e+17,5.540832844383665e+22,1800835767392850.0,1.0027575310818455e+20,0.0,0.0,9.976262363963394e+16,0.0,5.0347112125760115e+23,1.0010661795528357e+20,1.6782370708586705e+23
581241081081.0812,2420.5178559054075,282229959.88876444,0,5.923189661854131e+22,1.6782370708586705e+23,5.035712279793147e+23,9.980927842253975e+19,1.6913532903667232e+17,5.540832834007812e+22,1696901098637266.2,1.002758570428533e+20,0.0,0.0,9.976262363963394e+16,0.0,5.0347112125760115e+23,1.001067217138167e+20,1.6782370708586705e+23
584400000000.0,2418.4554529483717,282143937.2430456,0,5.923189661854131e+22,1.6782370708586705e+23,5.0357122807708484e+23,9.980927825656975e+19,1.6913549500667974e+17,5.540832824230798e+22,1598964986715753.2,1.0027595497896521e+20,0.0,0.0,9.976262363963394e+16,0.0,5.0347112125760115e+23,1.001068194839586e+20,1.6782370708586705e+23
587558918918.919,2416.393049991336,282057983.8267084,0,5.923189661854131e+22,1.6782370708586705e+23,5.035712281692122e+23,9.980927810017865e+19,1.691356513977803e+17,5.540832815018061e+22,1506681226780028.0,1.0027604726272514e+20,0.0,0.0,9.976262363963394e+16,0.0,5.0347112125760115e+23,1.0010691161132745e+20,1.6782370708586705e+23
590717837837.8379,2414.3306470343,281972099.94747955,0,5.923189661854131e+22,1.6782370708586705e+23,5.035712282560225e+23,9.980927795281361e+19,1.6913579876281757e+17,5.5408328063370345e+22,1419723595089616.0,1.0027613422035683e+20,0.0,0.0,9.976262363963394e+16,0.0,5.0347112125760115e+23,1.001069984215941e+20,1.6782370708586705e+23
593876756756.7568,2412.268244077264,281886285.91236544,0,5.923189661854131e+22,1.6782370708586705e+23,5.035712283378226e+23,9.98092778139537e+19,1.69135937622728e+17,5.54083279815703e+22,1337784695808015.8,1.002762161592561e+20,0.0,0.0,9.976262363963394e+16,0.0,5.0347112125760115e+23,1.0010708022163346e+20,1.6782370708586705e+23
597035675675.6757,2410.2058411202283,281800542.0276534,0,5.923189661854131e+22,1.6782370708586705e+23,5.0357122841490154e+23,9.980927768310805e+19,1.6913606846838237e+17,5.540832790449133e+22,1260574874355718.2,1.0027629336907755e+20,0.0,0.0,9.976262363963394e+16,0.0,5.0347112125760115e+23,1.0010715730060925e+20,1.6782370708586705e+23
600194594594.5946,2408.1434381631925,281714868.5989134,0,5.923189661854131e+22,1.6782370708586705e+23,5.035712284875319e+23,9.980927755981411e+19,1.6913619176232093e+17,5.540832783186094e+22,1187821193478763.8,1.0027636612275842e+20,0.0,0.0,9.976262363963394e+16,0.0,5.0347112125760115e+23,1.0010722993099619e+20,1.6782370708586705e+23
603353513513.5135,2406.0810352061567,281629265.9309997,0,5.923189661854131e+22,1.6782370708586705e+23,5.035712285559705e+23,9.980927744363604e+19,1.6913630794038864e+17,5.540832776342239e+22,1119266468413226.0,1.002764346774835e+20,0.0,0.0,9.976262363963394e+16,0.0,5.0347112125760115e+23,1.001072983695432e+20,1.6782370708586705e+23
606512432432.4325,2404.018632249121,281543734.32805324,0,5.923189661854131e+22,1.6782370708586705e+23,5.0357122862045914e+23,9.980927733416314e+19,1.6913641741327574e+17,5.540832769893375e+22,1054668357734912.6,1.0027649927559419e+20,0.0,0.0,9.976262363963394e+16,0.0,5.0347112125760115e+23,1.0010736285818098e+20,1.6782370708586705e+23
609671351351.3514,2401.956229292085,281458274.09350264,0,5.923189661854131e+22,1.6782370708586705e+23,5.035712286812258e+23,9.980927723100845e+19,1.6913652056796963e+17,5.540832763816705e+22,993798506680424.4,1.0027656014544524e+20,0.0,0.0,9.976262363963394e+16,0.0,5.0347112125760115e+23,1.0010742362487734e+20,1.6782370708586705e+23
612830270270.2703,2399.893826335049,281372885.5300667,0,5.923189661854131e+22,1.6782370708586705e+23,5.035712287384854e+23,9.980927713380729e+19,1.6913661776912285e+17,5.540832758090748e+22,936441739911200.9,1.0027661750221201e+20,0.0,0.0,9.976262363963394e+16,0.0,5.0347112125760115e+23,1.0010748088444296e+20,1.6782370708586705e+23
615989189189.1892,2397.8314233780134,281287568.93975616,0,5.923189661854131e+22,1.6782370708586705e+23,5.0357122879244024e+23,9.980927704221608e+19,1.6913670936034214e+17,5.540832752695264e+22,882395300866963.4,1.0027667154865104e+20,0.0,0.0,9.976262363963394e+16,0.0,5.0347112125760115e+23,1.0010753483929077e+20,1.6782370708586705e+23
619148108108.1082,2395.7690204209775,281202324.6238755,0,5.923189661854131e+22,1.6782370708586705e+23,5.035712288432811e+23,9.980927695591101e+19,1.691367956654031e+17,5.5408327476111775e+22,831468135019656.9,1.002767224758169e+20,0.0,0.0,9.976262363963394e+16,0.0,5.0347112125760115e+23,1.0010758568015156e+20,1.6782370708586705e+23
622307027027.0271,2393.7066174639417,281117152.88302517,0,5.923189661854131e+22,1.6782370708586705e+23,5.035712288911877e+23,9.980927687458701e+19,1.691368769893947e+17,5.540832742820518e+22,783480214494188.2,1.0027677046373743e+20,0.0,0.0,9.976262363963394e+16,0.0,5.0347112125760115e+23,1.001076335867481e+20,1.6782370708586705e+23
625465945945.946,2391.644214506906,281032054.01710343,0,5.923189661854131e+22,1.6782370708586705e+23,5.0357122893632936e+23,9.98092767979566e+19,1.6913695361979773e+17,5.54083273830635e+22,738261901668484.2,1.0027681568205026e+20,0.0,0.0,9.976262363963394e+16,0.0,5.0347112125760115e+23,1.0010767872843052e+20,1.6782370708586705e+23
628624864864.8649,2389.58181154987,280947028.3253091,0,5.923189661854131e+22,1.6782370708586705e+23,5.035712289788657e+23,9.98092767257489e+19,1.6913702582750125e+17,5.540832734052716e+22,695653349503188.5,1.0027685829060243e+20,0.0,0.0,9.976262363963394e+16,0.0,5.0347112125760115e+23,1.0010772126477499e+20,1.6782370708586705e+23
631783783783.7838,2387.519408592834,280862076.10614264,0,5.923189661854131e+22,1.6782370708586705e+23,5.035712290189471e+23,9.980927665770865e+19,1.6913709386775997e+17,5.540832730044578e+22,655503936481156.1,1.0027689844001545e+20,0.0,0.0,9.976262363963394e+16,0.0,5.0347112125760115e+23,1.0010776134614775e+20,1.6782370708586705e+23
634942702702.7028,2385.4570056357984,280777197.6574094,0,5.923189661854131e+22,1.6782370708586705e+23,5.0357122905671514e+23,9.98092765935953e+19,1.691371579810966e+17,5.5408327262677695e+22,617671734159250.8,1.0027693627221777e+20,0.0,0.0,9.976262363963394e+16,0.0,5.0347112125760115e+23,1.0010779911423672e+20,1.6782370708586705e+23
638101621621.6216,2383.3946026787626,280692393.2762213,0,5.923189661854131e+22,1.6782370708586705e+23,5.0357122909230344e+23,9.980927653318225e+19,1.691372183941523e+17,5.540832722708938e+22,582023005450233.1,1.0027697192094648e+20,0.0,0.0,9.976262363963394e+16,0.0,5.0347112125760115e+23,1.0010783470255238e+20,1.6782370708586705e+23
641260540540.5406,2381.3321997217267,280607663.25899905,0,5.923189661854131e+22,1.6782370708586705e+23,5.035712291258378e+23,9.980927647625591e+19,1.6913727532048755e+17,5.540832719355503e+22,548431731861163.3,1.0027700551222007e+20,0.0,0.0,9.976262363963394e+16,0.0,5.0347112125760115e+23,1.0010786823689963e+20,1.6782370708586705e+23
644419459459.4595,2379.269796764691,280523007.90147495,0,5.923189661854131e+22,1.6782370708586705e+23,5.0357122915743676e+23,9.980927642261506e+19,1.6913732896133734e+17,5.540832716195611e+22,516779168017098.06,1.0027703716478391e+20,0.0,0.0,9.976262363963394e+16,0.0,5.0347112125760115e+23,1.0010789983582262e+20,1.6782370708586705e+23
647578378378.3784,2377.207393807655,280438427.49869496,0,5.923189661854131e+22,1.6782370708586705e+23,5.0357122918721195e+23,9.980927637207007e+19,1.6913737950632243e+17,5.54083271321809e+22,486953421895321.1,1.0027706699053004e+20,0.0,0.0,9.976262363963394e+16,0.0,5.0347112125760115e+23,1.0010792961102376e+20,1.6782370708586705e+23
650737297297.2974,2375.1449908506193,280353922.34502107,0,5.923189661854131e+22,1.6782370708586705e+23,5.035712292152687e+23,9.980927632444228e+19,1.6913742713411968e+17,5.540832710412417e+22,458849059286229.5,1.0027709509489264e+20,0.0,0.0,9.976262363963394e+16,0.0,5.0347112125760115e+23,1.0010795766775857e+20,1.6782370708586705e+23
653896216216.2162,2373.0825878935834,280269492.7341341,0,5.923189661854131e+22,1.6782370708586705e+23,5.0357122924170616e+23,9.98092762795633e+19,1.6913747201309366e+17,5.540832707768672e+22,432366731082641.4,1.0027712157722085e+20,0.0,0.0,9.976262363963394e+16,0.0,5.0347112125760115e+23,1.001079841052078e+20,1.6782370708586705e+23
657055135135.1353,2371.0201849365476,280185138.95903563,0,5.923189661854131e+22,1.6782370708586705e+23,5.035712292666178e+23,9.980927623727451e+19,1.6913751430189187e+17,5.540832705277509e+22,407412822079989.75,1.0027714653112985e+20,0.0,0.0,9.976262363963394e+16,0.0,5.0347112125760115e+23,1.0010800901682802e+20,1.6782370708586705e+23
660214054054.0541,2368.9577819795118,280100861.3120515,0,5.923189661854131e+22,1.6782370708586705e+23,5.0357122929009165e+23,9.98092761974264e+19,1.6913755415000547e+17,5.540832702930124e+22,383899120045907.0,1.0027717004483189e+20,0.0,0.0,9.976262363963394e+16,0.0,5.0347112125760115e+23,1.0010803249068194e+20,1.6782370708586705e+23
663372972972.973,2366.895379022476,280016660.08483326,0,5.923189661854131e+22,1.6782370708586705e+23,5.0357122931221074e+23,9.98092761598781e+19,1.691375916982978e+17,5.540832700718218e+22,361742503889358.5,1.0027719220144805e+20,0.0,0.0,9.976262363963394e+16,0.0,5.0347112125760115e+23,1.001080546097498e+20,1.6782370708586705e+23
666531891891.892,2364.83297606544,279932535.568362,0,5.923189661854131e+22,1.6782370708586705e+23,5.035712293330532e+23,9.98092761244969e+19,1.691376270795023e+17,5.540832698633971e+22,340864649826999.94,1.0027721307930211e+20,0.0,0.0,9.976262363963394e+16,0.0,5.0347112125760115e+23,1.0010807545222267e+20,1.6782370708586705e+23
669690810810.8108,2362.7705731084043,279848488.0529501,0,5.923189661854131e+22,1.6782370708586705e+23,5.0357122935269275e+23,9.980927609115771e+19,1.6913766041869178e+17,5.540832696670015e+22,321191754508054.3,1.0027723275219744e+20,0.0,0.0,9.976262363963394e+16,0.0,5.0347112125760115e+23,1.001080950917788e+20,1.6782370708586705e+23
672849729729.7299,2360.7081701513684,279764517.82824457,0,5.923189661854131e+22,1.6782370708586705e+23,5.035712293711988e+23,9.980927605974268e+19,1.6913769183372048e+17,5.540832694819408e+22,302654274118952.1,1.0027725128967782e+20,0.0,0.0,9.976262363963394e+16,0.0,5.0347112125760115e+23,1.0010811359784416e+20,1.6782370708586705e+23
676008648648.6487,2358.6457671943326,279680625.18322957,0,5.923189661854131e+22,1.6782370708586705e+23,5.035712293886368e+23,9.980927603014076e+19,1.6913772143564074e+17,5.540832693075609e+22,285186678545467.9,1.002772687572734e+20,0.0,0.0,9.976262363963394e+16,0.0,5.0347112125760115e+23,1.0010813103583781e+20,1.6782370708586705e+23
679167567567.5676,2356.583364237297,279596810.4062293,0,5.923189661854131e+22,1.6782370708586705e+23,5.035712294050683e+23,9.980927600224731e+19,1.6913774932909555e+17,5.540832691432452e+22,268727219723313.1,1.0027728521673222e+20,0.0,0.0,9.976262363963394e+16,0.0,5.0347112125760115e+23,1.0010814746740318e+20,1.6782370708586705e+23
682326486486.4866,2354.520961280261,279513073.78491104,0,5.923189661854131e+22,1.6782370708586705e+23,5.0357122942055155e+23,9.980927597596372e+19,1.6913777561268845e+17,5.54083268988413e+22,253217713358304.5,1.0027730072623858e+20,0.0,0.0,9.976262363963394e+16,0.0,5.0347112125760115e+23,1.0010816295062595e+20,1.6782370708586705e+23
685485405405.4054,2352.458558323225,279429415.60628784,0,5.923189661854131e+22,1.6782370708586705e+23,5.0357122943514116e+23,9.980927595119708e+19,1.691378003793321e+17,5.540832688425169e+22,238603333244485.22,1.002773153406187e+20,0.0,0.0,9.976262363963394e+16,0.0,5.0347112125760115e+23,1.0010817754023943e+20,1.6782370708586705e+23
688644324324.3245,2350.3961553661893,279345836.1567216,0,5.923189661854131e+22,1.6782370708586705e+23,5.0357122944888874e+23,9.980927592785984e+19,1.6913782371657674e+17,5.540832687050411e+22,224832417453112.34,1.0027732911153449e+20,0.0,0.0,9.976262363963394e+16,0.0,5.0347112125760115e+23,1.0010819128781798e+20,1.6782370708586705e+23
691803243243.2433,2348.3337524091535,279262335.7219261,0,5.923189661854131e+22,1.6782370708586705e+23,5.035712294618429e+23,9.98092759058695e+19,1.6913784570691968e+17,5.540832685754997e+22,211856285707387.34,1.0027734208766624e+20,0.0,0.0,9.976262363963394e+16,0.0,5.0347112125760115e+23,1.0010820424195939e+20,1.6782370708586705e+23
694962162162.1622,2346.2713494521176,279178914.58697027,0,5.923189661854131e+22,1.6782370708586705e+23,5.035712294740494e+23,9.980927588514832e+19,1.6913786642809696e+17,5.540832684534347e+22,199629067297347.66,1.0027735431488464e+20,0.0,0.0,9.976262363963394e+16,0.0,5.0347112125760115e+23,1.0010821644845662e+20,1.6782370708586705e+23
698121081081.0812,2344.208946495082,279095573.0362807,0,5.923189661854131e+22,1.6782370708586705e+23,5.035712294855514e+23,9.980927586562307e+19,1.6913788595335805e+17,5.540832683384147e+22,188107538926596.8,1.0027736583641301e+20,0.0,0.0,9.976262363963394e+16,0.0,5.0347112125760115e+23,1.0010822795045973e+20,1.6782370708586705e+23
701280000000.0,2342.146543538046,279012311.3536455,0,5.923189661854131e+22,1.6782370708586705e+23,5.0357122949638954e+23,9.98092758472247e+19,1.6913790435172486e+17,5.54083268230033e+22,177250971917660.6,1.0027737669298002e+20,0.0,0.0,9.976262363963394e+16,0.0,5.0347112125760115e+23,1.0010823878862838e+20,1.6782370708586705e+23
704438918918.919,2340.08414058101,278929129.82221717,0,5.923189661854131e+22,1.6782370708586705e+23,5.0357122950660216e+23,9.980927582988819e+19,1.6913792168823578e+17,5.540832681279066e+22,167020988235838.4,1.0027738692296371e+20,0.0,0.0,9.976262363963394e+16,0.0,5.0347112125760115e+23,1.0010824900127556e+20,1.6782370708586705e+23
707597837837.8379,2338.0217376239743,278846028.7245159,0,5.923189661854131e+22,1.6782370708586705e+23,5.035712295162254e+23,9.980927581355224e+19,1.6913793802417546e+17,5.540832680316743e+22,157381424822593.5,1.0027739656252713e+20,0.0,0.0,9.976262363963394e+16,0.0,5.0347112125760115e+23,1.0010825862450302e+20,1.6782370708586705e+23
710756756756.7568,2335.9593346669385,278763008.3424326,0,5.923189661854131e+22,1.6782370708586705e+23,5.035712295252932e+23,9.980927579815913e+19,1.6913795341729155e+17,5.540832679409961e+22,148298205758899.4,1.002774056457462e+20,0.0,0.0,9.976262363963394e+16,0.0,5.0347112125760115e+23,1.0010826769232898e+20,1.6782370708586705e+23
713915675675.6758,2333.8969317099027,278680068.95723283,0,5.923189661854131e+22,1.6782370708586705e+23,5.035712295338377e+23,9.980927578365442e+19,1.6913796792199882e+17,5.540832678555513e+22,139739221806638.97,1.0027741420473015e+20,0.0,0.0,9.976262363963394e+16,0.0,5.0347112125760115e+23,1.0010827623680822e+20,1.6782370708586705e+23
717074594594.5946,2331.834528752867,278597210.84955966,0,5.923189661854131e+22,1.6782370708586705e+23,5.03571229541889e+23,9.980927576998686e+19,1.691379815895715e+17,5.5408326777503794e+22,131674216902233.97,1.0027742226973504e+20,0.0,0.0,9.976262363963394e+16,0.0,5.0347112125760115e+23,1.0010828428814556e+20,1.6782370708586705e+23
720233513513.5135,2329.772125795831,278514434.29943734,0,5.923189661854131e+22,1.6782370708586705e+23,5.035712295494757e+23,9.98092757571081e+19,1.6913799446832454e+17,5.540832676991714e+22,124074681201259.64,1.0027742986927075e+20,0.0,0.0,9.976262363963394e+16,0.0,5.0347112125760115e+23,1.001082918748025e+20,1.6782370708586705e+23
723392432432.4325,2327.709722838795,278431739.5862747,0,5.923189661854131e+22,1.6782370708586705e+23,5.0357122955662444e+23,9.980927574497264e+19,1.6913800660378445e+17,5.540832676276834e+22,116913750295955.7,1.0027743703020166e+20,0.0,0.0,9.976262363963394e+16,0.0,5.0347112125760115e+23,1.0010829902359794e+20,1.6782370708586705e+23
726551351351.3514,2325.6473198817594,278349126.9888687,0,5.923189661854131e+22,1.6782370708586705e+23,5.035712295633606e+23,9.980927573353757e+19,1.6913801803885014e+17,5.540832675603214e+22,110166110249367.36,1.0027744377784171e+20,0.0,0.0,9.976262363963394e+16,0.0,5.0347112125760115e+23,1.0010830575980293e+20,1.6782370708586705e+23
729710270270.2704,2323.5849169247235,278266596.7854081,0,5.923189661854131e+22,1.6782370708586705e+23,5.0357122956970805e+23,9.980927572276247e+19,1.6913802881394464e+17,5.540832674968471e+22,103807908110411.11,1.0027745013604385e+20,0.0,0.0,9.976262363963394e+16,0.0,5.0347112125760115e+23,1.0010831210722997e+20,1.6782370708586705e+23
732869189189.1892,2321.5225139676877,278184149.25347686,0,5.923189661854131e+22,1.6782370708586705e+23,5.035712295756891e+23,9.980927571260926e+19,1.6913803896715795e+17,5.540832674370363e+22,97816667593535.52,1.0027745612728436e+20,0.0,0.0,9.976262363963394e+16,0.0,5.0347112125760115e+23,1.0010831808831727e+20,1.6782370708586705e+23
736028108108.1082,2319.460111010652,278101784.670058,0,5.923189661854131e+22,1.6782370708586705e+23,5.03571229581325e+23,9.980927570304203e+19,1.691380485343818e+17,5.540832673806773e+22,92171209624903.94,1.0027746177274233e+20,0.0,0.0,9.976262363963394e+16,0.0,5.0347112125760115e+23,1.0010832372420801e+20,1.6782370708586705e+23
739187027027.0271,2317.397708053616,278019503.3115372,0,5.923189661854131e+22,1.6782370708586705e+23,5.035712295866356e+23,9.980927569402698e+19,1.6913805754943632e+17,5.540832673275711e+22,86851577474229.47,1.0027746709237447e+20,0.0,0.0,9.976262363963394e+16,0.0,5.0347112125760115e+23,1.001083290348251e+20,1.6782370708586705e+23
742345945945.946,2315.33530509658,277937305.4537066,0,5.923189661854131e+22,1.6782370708586705e+23,5.035712295916397e+23,9.980927568553222e+19,1.6913806604418986e+17,5.5408326727753e+22,81838966207602.48,1.0027747210498574e+20,0.0,0.0,9.976262363963394e+16,0.0,5.0347112125760115e+23,1.0010833403894161e+20,1.6782370708586705e+23
745504864864.8649,2313.2729021395444,277855191.3717686,0,5.923189661854131e+22,1.6782370708586705e+23,5.0357122959635503e+23,9.980927567752774e+19,1.6913807404867136e+17,5.5408326723037695e+22,77115656211926.08,1.0027747682829574e+20,0.0,0.0,9.976262363963394e+16,0.0,5.0347112125760115e+23,1.0010833875424713e+20,1.6782370708586705e+23
748663783783.7838,2311.2104991825086,277773161.3403397,0,5.923189661854131e+22,1.6782370708586705e+23,5.035712296007982e+23,9.980927566998523e+19,1.6913808159117677e+17,5.5408326718594535e+22,72664950555967.92,1.002774812790014e+20,0.0,0.0,9.976262363963394e+16,0.0,5.0347112125760115e+23,1.0010834319741028e+20,1.6782370708586705e+23
751822702702.7028,2309.1480962254727,277691215.63345444,0,5.923189661854131e+22,1.6782370708586705e+23,5.035712296049849e+23,9.980927566287803e+19,1.6913808869836886e+17,5.5408326714407806e+22,68471115966599.266,1.00277485472836e+20,0.0,0.0,9.976262363963394e+16,0.0,5.0347112125760115e+23,1.0010834738413768e+20,1.6782370708586705e+23
754981621621.6217,2307.085693268437,277609354.52456915,0,5.923189661854131e+22,1.6782370708586705e+23,5.0357122960892996e+23,9.980927565618102e+19,1.6913809539537162e+17,5.540832671046271e+22,64519327211571.77,1.0027748942462476e+20,0.0,0.0,9.976262363963394e+16,0.0,5.0347112125760115e+23,1.0010835132922944e+20,1.6782370708586705e+23
758140540540.5406,2305.023290311401,277527578.28656614,0,5.923189661854131e+22,1.6782370708586705e+23,5.035712296126474e+23,9.980927564987053e+19,1.6913810170585898e+17,5.540832670674531e+22,60795614692224.88,1.0027749314833729e+20,0.0,0.0,9.976262363963394e+16,0.0,5.0347112125760115e+23,1.0010835504663147e+20,1.6782370708586705e+23
761299459459.4595,2302.9608873543652,277445887.19175786,0,5.923189661854131e+22,1.6782370708586705e+23,5.035712296161503e+23,9.980927564392425e+19,1.6913810765213856e+17,5.540832670324245e+22,57286815060863.58,1.0027749665713693e+20,0.0,0.0,9.976262363963394e+16,0.0,5.0347112125760115e+23,1.0010835854948483e+20,1.6782370708586705e+23
764458378378.3784,2300.8984843973294,277364281.5118906,0,5.923189661854131e+22,1.6782370708586705e+23,5.0357122961945095e+23,9.980927563832115e+19,1.691381132552305e+17,5.540832669994176e+22,53980524688238.68,1.002774999634273e+20,0.0,0.0,9.976262363963394e+16,0.0,5.0347112125760115e+23,1.0010836185017211e+20,1.6782370708586705e+23
767617297297.2974,2298.8360814402936,277282761.5181487,0,5.923189661854131e+22,1.6782370708586705e+23,5.035712296225611e+23,9.980927563304144e+19,1.6913811853494176e+17,5.5408326696831575e+22,50865055816636.8,1.0027750307889617e+20,0.0,0.0,9.976262363963394e+16,0.0,5.0347112125760115e+23,1.0010836496036127e+20,1.6782370708586705e+23
770776216216.2163,2296.7736784832578,277201327.48115915,0,5.923189661854131e+22,1.6782370708586705e+23,5.035712296254918e+23,9.980927562806644e+19,1.6913812350993616e+17,5.540832669390089e+22,47929395243580.93,1.0027750601455675e+20,0.0,0.0,9.976262363963394e+16,0.0,5.0347112125760115e+23,1.0010836789104684e+20,1.6782370708586705e+23
773935135135.1353,2294.711275526222,277119979.67099524,0,5.923189661854131e+22,1.6782370708586705e+23,5.0357122962825335e+23,9.980927562337857e+19,1.6913812819780035e+17,5.540832669113935e+22,45163165390088.27,1.0027750878078661e+20,0.0,0.0,9.976262363963394e+16,0.0,5.0347112125760115e+23,1.0010837065258883e+20,1.6782370708586705e+23
777094054054.0541,2292.648872569186,277038718.35718125,0,5.923189661854131e+22,1.6782370708586705e+23,5.035712296308555e+23,9.980927561896126e+19,1.6913813261510595e+17,5.540832668853719e+22,42556587615861.195,1.002775113873644e+20,0.0,0.0,9.976262363963394e+16,0.0,5.0347112125760115e+23,1.001083732547493e+20,1.6782370708586705e+23
780252972972.973,2290.5864696121503,276957543.8086964,0,5.923189661854131e+22,1.6782370708586705e+23,5.0357122963330746e+23,9.98092756147989e+19,1.6913813677746816e+17,5.5408326686085206e+22,40100447651730.44,1.0027751384350435e+20,0.0,0.0,9.976262363963394e+16,0.0,5.0347112125760115e+23,1.001083757067269e+20,1.6782370708586705e+23
783411891891.892,2288.5240666551144,276876456.2939796,0,5.923189661854131e+22,1.6782370708586705e+23,5.0357122963561795e+23,9.980927561087677e+19,1.6913814069960093e+17,5.540832668377474e+22,37786063027153.97,1.0027751615788897e+20,0.0,0.0,9.976262363963394e+16,0.0,5.0347112125760115e+23,1.001083780171894e+20,1.6782370708586705e+23
786570810810.8108,2286.4616636980786,276795456.0809335,0,5.923189661854131e+22,1.6782370708586705e+23,5.035712296377951e+23,9.9809275607181e+19,1.6913814439536906e+17,5.540832668159763e+22,35605252377627.38,1.0027751833869962e+20,0.0,0.0,9.976262363963394e+16,0.0,5.0347112125760115e+23,1.0010838019430428e+20,1.6782370708586705e+23
789729729729.7299,2284.399260741043,276714543.43692917,0,5.923189661854131e+22,1.6782370708586705e+23,5.0357122963984654e+23,9.980927560369853e+19,1.691381478778371e+17,5.540832667954617e+22,33550306523507.543,1.0027752039364547e+20,0.0,0.0,9.976262363963394e+16,0.0,5.0347112125760115e+23,1.0010838224576766e+20,1.6782370708586705e+23
792888648648.6487,2282.336857784007,276633718.6288106,0,5.923189661854131e+22,1.6782370708586705e+23,5.035712296417796e+23,9.980927560041705e+19,1.691381511593156e+17,5.540832667761311e+22,31613961218012.65,1.0027752232999079e+20,0.0,0.0,9.976262363963394e+16,0.0,5.0347112125760115e+23,1.0010838417883149e+20,1.6782370708586705e+23
796047567567.5676,2280.274454826971,276552981.92289907,0,5.923189661854131e+22,1.6782370708586705e+23,5.035712296436011e+23,9.980927559732496e+19,1.691381542514046e+17,5.540832667579161e+22,29789371468062.99,1.0027752415458053e+20,0.0,0.0,9.976262363963394e+16,0.0,5.0347112125760115e+23,1.0010838600032915e+20,1.6782370708586705e+23
799206486486.4866,2278.2120518699353,276472333.584998,0,5.923189661854131e+22,1.6782370708586705e+23,5.0357122964531746e+23,9.980927559441133e+19,1.691381571650347e+17,5.540832667407524e+22,28070087337186.176,1.0027752587386467e+20,0.0,0.0,9.976262363963394e+16,0.0,5.0347112125760115e+23,1.0010838771669965e+20,1.6782370708586705e+23
802365405405.4054,2276.1496489128995,276391773.8803973,0,5.923189661854131e+22,1.6782370708586705e+23,5.035712296469348e+23,9.980927559166586e+19,1.6913815991050554e+17,5.540832667245794e+22,26450031144950.113,1.0027752749392087e+20,0.0,0.0,9.976262363963394e+16,0.0,5.0347112125760115e+23,1.0010838933401038e+20,1.6782370708586705e+23
805524324324.3245,2274.0872459558636,276311303.0738783,0,5.923189661854131e+22,1.6782370708586705e+23,5.0357122964845876e+23,9.980927558907884e+19,1.691381624975224e+17,5.540832667093397e+22,24923475982323.46,1.0027752902047603e+20,0.0,0.0,9.976262363963394e+16,0.0,5.0347112125760115e+23,1.0010839085797853e+20,1.6782370708586705e+23
808683243243.2433,2272.024842998828,276230921.42971843,0,5.923189661854131e+22,1.6782370708586705e+23,5.0357122964989476e+23,9.980927558664113e+19,1.691381649352304e+17,5.540832666949796e+22,23485025467015.273,1.0027753045892655e+20,0.0,0.0,9.976262363963394e+16,0.0,5.0347112125760115e+23,1.0010839229399133e+20,1.6782370708586705e+23
811842162162.1622,2269.962440041792,276150629.21169585,0,5.923189661854131e+22,1.6782370708586705e+23,5.035712296512479e+23,9.980927558434411e+19,1.6913816723224685e+17,5.5408326668144825e+22,22129594667228.84,1.0027753181435735e+20,0.0,0.0,9.976262363963394e+16,0.0,5.0347112125760115e+23,1.0010839364712512e+20,1.6782370708586705e+23
815001081081.0812,2267.900037084756,276070426.6830947,0,5.923189661854131e+22,1.6782370708586705e+23,5.0357122965252294e+23,9.980927558217967e+19,1.691381693966917e+17,5.540832666686979e+22,20852392126395.008,1.0027753309155988e+20,0.0,0.0,9.976262363963394e+16,0.0,5.0347112125760115e+23,1.001083949221632e+20,1.6782370708586705e+23
818160000000.0,2265.8376341277203,275990314.10670936,0,5.923189661854131e+22,1.6782370708586705e+23,5.035712296537244e+23,9.980927558014014e+19,1.6913817143621635e+17,5.540832666566834e+22,19648902925342.348,1.002775342950491e+20,0.0,0.0,9.976262363963394e+16,0.0,5.0347112125760115e+23,1.0010839612361289e+20,1.6782370708586705e+23
821318918918.9191,2263.7752311706845,275910291.74485,0,5.923189661854131e+22,1.6782370708586705e+23,5.035712296548565e+23,9.980927557821833e+19,1.6913817335803046e+17,5.540832666453623e+22,18514872722028.836,1.0027753542907929e+20,0.0,0.0,9.976262363963394e+16,0.0,5.0347112125760115e+23,1.0010839725572127e+20,1.6782370708586705e+23
824477837837.8379,2261.7128282136487,275830359.8593471,0,5.923189661854131e+22,1.6782370708586705e+23,5.035712296559233e+23,9.980927557640744e+19,1.6913817516892768e+17,5.540832666346946e+22,17446292712415.324,1.0027753649765928e+20,0.0,0.0,9.976262363963394e+16,0.0,5.0347112125760115e+23,1.0010839832249038e+20,1.6782370708586705e+23
827636756756.7567,2259.650425256613,275750518.7115568,0,5.923189661854131e+22,1.6782370708586705e+23,5.035712296569285e+23,9.980927557470106e+19,1.6913817687530954e+17,5.540832666246426e+22,16439385459317.49,1.0027753750456653e+20,0.0,0.0,9.976262363963394e+16,0.0,5.0347112125760115e+23,1.0010839932769124e+20,1.6782370708586705e+23
830795675675.6758,2257.588022299577,275670768.56236565,0,5.923189661854131e+22,1.6782370708586705e+23,5.035712296578757e+23,9.980927557309317e+19,1.691381784832081e+17,5.540832666151708e+22,15490591539141.086,1.0027753845336044e+20,0.0,0.0,9.976262363963394e+16,0.0,5.0347112125760115e+23,1.0010840027487727e+20,1.6782370708586705e+23
833954594594.5946,2255.525619342541,275591109.6721961,0,5.923189661854131e+22,1.6782370708586705e+23,5.035712296587682e+23,9.980927557157808e+19,1.6913817999830733e+17,5.5408326660624556e+22,14596556959296.633,1.0027753934739502e+20,0.0,0.0,9.976262363963394e+16,0.0,5.0347112125760115e+23,1.0010840116739675e+20,1.6782370708586705e+23
837113513513.5137,2253.4632163855053,275511542.30101144,0,5.923189661854131e+22,1.6782370708586705e+23,5.035712296596092e+23,9.980927557015042e+19,1.6913818142596307e+17,5.540832665978355e+22,13754121301814.064,1.0027754018983068e+20,0.0,0.0,9.976262363963394e+16,0.0,5.0347112125760115e+23,1.0010840200840475e+20,1.6782370708586705e+23
840272432432.4325,2251.4008134284695,275432066.70832103,0,5.923189661854131e+22,1.6782370708586705e+23,5.035712296604017e+23,9.980927556880517e+19,1.691381827712221e+17,5.5408326658991076e+22,12960306551244.883,1.0027754098364542e+20,0.0,0.0,9.976262363963394e+16,0.0,5.0347112125760115e+23,1.0010840280087424e+20,1.6782370708586705e+23
843431351351.3513,2249.3384104714337,275352683.15318567,0,5.923189661854131e+22,1.6782370708586705e+23,5.0357122966114844e+23,9.980927556753755e+19,1.6913818403883997e+17,5.540832665824435e+22,12212306567358.414,1.002775417316454e+20,0.0,0.0,9.976262363963394e+16,0.0,5.0347112125760115e+23,1.0010840354760661e+20,1.6782370708586705e+23
846590270270.2704,2247.276007514398,275273391.8942228,0,5.923189661854131e+22,1.6782370708586705e+23,5.035712296618521e+23,9.98092755663431e+19,1.6913818523329766e+17,5.540832665754071e+22,11507477165418.057,1.0027754243647481e+20,0.0,0.0,9.976262363963394e+16,0.0,5.0347112125760115e+23,1.0010840425124156e+20,1.6782370708586705e+23
849749189189.1892,2245.213604557362,275194193.189612,0,5.923189661854131e+22,1.6782370708586705e+23,5.035712296625151e+23,9.980927556521758e+19,1.691381863588176e+17,5.540832665687768e+22,10843326768971.258,1.002775431006252e+20,0.0,0.0,9.976262363963394e+16,0.0,5.0347112125760115e+23,1.0010840491426644e+20,1.6782370708586705e+23
852908108108.1082,2243.151201600326,275115087.2971002,0,5.923189661854131e+22,1.6782370708586705e+23,5.035712296631399e+23,9.980927556415701e+19,1.691381874193785e+17,5.5408326656252925e+22,10217507602110.746,1.0027754372644438e+20,0.0,0.0,9.976262363963394e+16,0.0,5.0347112125760115e+23,1.0010840553902504e+20,1.6782370708586705e+23
856067027027.0271,2241.0887986432904,275036074.4740075,0,5.923189661854131e+22,1.6782370708586705e+23,5.035712296637286e+23,9.980927556315765e+19,1.6913818841872947e+17,5.540832665566422e+22,9627807390071.627,1.002775443161446e+20,0.0,0.0,9.976262363963394e+16,0.0,5.0347112125760115e+23,1.001084061277259e+20,1.6782370708586705e+23
859225945945.9459,2239.0263956862545,274957154.9772324,0,5.923189661854131e+22,1.6782370708586705e+23,5.035712296642833e+23,9.980927556221598e+19,1.6913818936040323e+17,5.54083266551095e+22,9072141538825.883,1.0027754487181045e+20,0.0,0.0,9.976262363963394e+16,0.0,5.0347112125760115e+23,1.0010840668245008e+20,1.6782370708586705e+23
862384864864.865,2236.9639927292187,274878329.0632574,0,5.923189661854131e+22,1.6782370708586705e+23,5.03571229664806e+23,9.980927556132866e+19,1.6913819024772858e+17,5.540832665458679e+22,8548545766029.103,1.0027754539540623e+20,0.0,0.0,9.976262363963394e+16,0.0,5.0347112125760115e+23,1.0010840720515854e+20,1.6782370708586705e+23
865543783783.7838,2234.901589772183,274799596.98815453,0,5.923189661854131e+22,1.6782370708586705e+23,5.035712296652985e+23,9.980927556049255e+19,1.691381910838422e+17,5.540832665409425e+22,8055169157269.787,1.0027754588878283e+20,0.0,0.0,9.976262363963394e+16,0.0,5.0347112125760115e+23,1.0010840769769903e+20,1.6782370708586705e+23
868702702702.7028,2232.839186815147,274720959.0075916,0,5.923189661854131e+22,1.6782370708586705e+23,5.0357122966576265e+23,9.980927555970469e+19,1.691381918716998e+17,5.5408326653630134e+22,7590267623075.023,1.0027754635368437e+20,0.0,0.0,9.976262363963394e+16,0.0,5.0347112125760115e+23,1.0010840816181271e+20,1.6782370708586705e+23
871861621621.6217,2230.7767838581112,274642415.37683684,0,5.923189661854131e+22,1.6782370708586705e+23,5.035712296662e+23,9.98092755589623e+19,1.6913819261408646e+17,5.54083266531928e+22,7152197733543.008,1.0027754679175425e+20,0.0,0.0,9.976262363963394e+16,0.0,5.0347112125760115e+23,1.001084085991402e+20,1.6782370708586705e+23
875020540540.5405,2228.7143809010754,274563966.3507658,0,5.923189661854131e+22,1.6782370708586705e+23,5.035712296666121e+23,9.980927555826275e+19,1.6913819331362653e+17,5.540832665278071e+22,6739410908807.8,1.0027754720454109e+20,0.0,0.0,9.976262363963394e+16,0.0,5.0347112125760115e+23,1.001084090112275e+20,1.6782370708586705e+23
878179459459.4596,2226.6519779440396,274485612.1838664,0,5.923189661854131e+22,1.6782370708586705e+23,5.035712296670004e+23,9.980927555760359e+19,1.6913819397279283e+17,5.540832665239241e+22,6350447944799.56,1.0027754759350405e+20,0.0,0.0,9.976262363963394e+16,0.0,5.0347112125760115e+23,1.0010840939953129e+20,1.6782370708586705e+23
881338378378.3784,2224.5895749870037,274407353.13024515,0,5.923189661854131e+22,1.6782370708586705e+23,5.035712296673663e+23,9.980927555698247e+19,1.691381945939156e+17,5.540832665202652e+22,5983933854948.801,1.0027754796001812e+20,0.0,0.0,9.976262363963394e+16,0.0,5.0347112125760115e+23,1.0010840976542425e+20,1.6782370708586705e+23
884497297297.2974,2222.527172029968,274329189.44363296,0,5.923189661854131e+22,1.6782370708586705e+23,5.035712296677111e+23,9.98092755563972e+19,1.6913819517919043e+17,5.540832665168175e+22,5638573009600.049,1.0027754830537897e+20,0.0,0.0,9.976262363963394e+16,0.0,5.0347112125760115e+23,1.0010841011019982e+20,1.6782370708586705e+23
887656216216.2163,2220.464769072932,274251121.3773911,0,5.923189661854131e+22,1.6782370708586705e+23,5.0357122966803596e+23,9.98092755558457e+19,1.6913819573068634e+17,5.540832665135687e+22,5313144555952.699,1.0027754863080743e+20,0.0,0.0,9.976262363963394e+16,0.0,5.0347112125760115e+23,1.0010841043507678e+20,1.6782370708586705e+23
890815135135.1351,2218.4023661158963,274173149.1845173,0,5.923189661854131e+22,1.6782370708586705e+23,5.035712296683421e+23,9.980927555532603e+19,1.691381962503528e+17,5.540832665105075e+22,5006498102338.537,1.0027754893745388e+20,0.0,0.0,9.976262363963394e+16,0.0,5.0347112125760115e+23,1.0010841074120357e+20,1.6782370708586705e+23
893974054054.0541,2216.3399631588604,274095273.1176518,0,5.923189661854131e+22,1.6782370708586705e+23,5.0357122966863054e+23,9.980927555483637e+19,1.6913819674002688e+17,5.540832665076229e+22,4717549651579.815,1.0027754922640233e+20,0.0,0.0,9.976262363963394e+16,0.0,5.0347112125760115e+23,1.0010841102966235e+20,1.6782370708586705e+23
897132972972.973,2214.2775602018246,274017493.42908335,0,5.923189661854131e+22,1.6782370708586705e+23,5.0357122966890233e+23,9.980927555437496e+19,1.6913819720143958e+17,5.540832665049048e+22,4445277769052.281,1.002775494986742e+20,0.0,0.0,9.976262363963394e+16,0.0,5.0347112125760115e+23,1.0010841130147281e+20,1.6782370708586705e+23
900291891891.892,2212.2151572447888,273939810.3707554,0,5.923189661854131e+22,1.6782370708586705e+23,5.035712296691585e+23,9.980927555394018e+19,1.69138197636222e+17,5.540832665023436e+22,4188719971907.23,1.00277549755232e+20,0.0,0.0,9.976262363963394e+16,0.0,5.0347112125760115e+23,1.0010841155759582e+20,1.6782370708586705e+23
903450810810.8109,2210.152754287753,273862224.19427264,0,5.923189661854131e+22,1.6782370708586705e+23,5.035712296693998e+23,9.98092755535305e+19,1.691381980459111e+17,5.540832664999302e+22,3946969326688.4624,1.0027754999698263e+20,0.0,0.0,9.976262363963394e+16,0.0,5.0347112125760115e+23,1.0010841179893678e+20,1.6782370708586705e+23
906609729729.7297,2208.090351330717,273784735.15090704,0,5.923189661854131e+22,1.6782370708586705e+23,5.0357122966962724e+23,9.980927555314446e+19,1.691381984319551e+17,5.54083266497656e+22,3719171243316.7056,1.002775502247807e+20,0.0,0.0,9.976262363963394e+16,0.0,5.0347112125760115e+23,1.0010841202634881e+20,1.6782370708586705e+23
909768648648.6487,2206.0279483736813,273707343.4916039,0,5.923189661854131e+22,1.6782370708586705e+23,5.035712296698415e+23,9.98092755527807e+19,1.6913819879571872e+17,5.540832664955132e+22,3504520454108.205,1.0027755043943149e+20,0.0,0.0,9.976262363963394e+16,0.0,5.0347112125760115e+23,1.0010841224063584e+20,1.6782370708586705e+23
912927567567.5676,2203.9655454166455,273630049.466989,0,5.923189661854131e+22,1.6782370708586705e+23,5.0357122967004345e+23,9.980927555243793e+19,1.6913819913848784e+17,5.540832664934939e+22,3302258167148.3,1.0027755064169377e+20,0.0,0.0,9.976262363963394e+16,0.0,5.0347112125760115e+23,1.0010841244255535e+20,1.6782370708586705e+23
916086486486.4866,2201.9031424596096,273552853.32737404,0,5.923189661854131e+22,1.6782370708586705e+23,5.035712296702337e+23,9.980927555211493e+19,1.6913819946147414e+17,5.540832664915913e+22,3111669383957.142,1.0027755083228257e+20,0.0,0.0,9.976262363963394e+16,0.0,5.0347112125760115e+23,1.0010841263282115e+20,1.6782370708586705e+23
919245405405.4055,2199.840739502574,273475755.32276404,0,5.923189661854131e+22,1.6782370708586705e+23,5.03571229670413e+23,9.980927555181058e+19,1.691381997658194e+17,5.540832664897985e+22,2932080371965.4873,1.0027755101187159e+20,0.0,0.0,9.976262363963394e+16,0.0,5.0347112125760115e+23,1.0010841281210583e+20,1.6782370708586705e+23
922404324324.3243,2197.778336545538,273398755.7028634,0,5.923189661854131e+22,1.6782370708586705e+23,5.0357122967058193e+23,9.98092755515238e+19,1.6913820005259946e+17,5.540832664881091e+22,2762856282865.7456,1.0027755118109568e+20,0.0,0.0,9.976262363963394e+16,0.0,5.0347112125760115e+23,1.0010841298104313e+20,1.6782370708586705e+23
925563243243.2433,2195.715933588502,273321854.7170825,0,5.923189661854131e+22,1.6782370708586705e+23,5.035712296707411e+23,9.980927555125358e+19,1.691382003228281e+17,5.540832664865172e+22,2603398908419.145,1.0027755134055304e+20,0.0,0.0,9.976262363963394e+16,0.0,5.0347112125760115e+23,1.0010841314023028e+20,1.6782370708586705e+23
928722162162.1622,2193.6535306314663,273245052.6145446,0,5.923189661854131e+22,1.6782370708586705e+23,5.035712296708911e+23,9.980927555099894e+19,1.6913820057746058e+17,5.5408326648501725e+22,2453144565785.7744,1.002775514908074e+20,0.0,0.0,9.976262363963394e+16,0.0,5.0347112125760115e+23,1.0010841329022999e+20,1.6782370708586705e+23
931881081081.0812,2191.5911276744305,273168349.6440922,0,5.923189661854131e+22,1.6782370708586705e+23,5.0357122967103244e+23,9.9809275550759e+19,1.6913820081739702e+17,5.5408326648360386e+22,2311562104902.133,1.0027755163238987e+20,0.0,0.0,9.976262363963394e+16,0.0,5.0347112125760115e+23,1.0010841343157251e+20,1.6782370708586705e+23
935040000000.0,2189.5287247173947,273091746.0542942,0,5.923189661854131e+22,1.6782370708586705e+23,5.0357122967116565e+23,9.980927555053291e+19,1.691382010434856e+17,5.54083266482272e+22,2178151030862.2507,1.0027755176580093e+20,0.0,0.0,9.976262363963394e+16,0.0,5.0347112125760115e+23,1.0010841356475749e+20,1.6782370708586705e+23
938198918918.919,2187.466321760359,273015242.09345233,0,5.923189661854131e+22,1.6782370708586705e+23,5.0357122967129114e+23,9.980927555031987e+19,1.6913820125652557e+17,5.54083266481017e+22,2052439734664.9922,1.0027755189151223e+20,0.0,0.0,9.976262363963394e+16,0.0,5.0347112125760115e+23,1.0010841369025575e+20,1.6782370708586705e+23
941357837837.8379,2185.403918803323,272938838.0096084,0,5.923189661854131e+22,1.6782370708586705e+23,5.035712296714094e+23,9.980927555011913e+19,1.6913820145726998e+17,5.540832664798344e+22,1933983826073.2126,1.0027755200996812e+20,0.0,0.0,9.976262363963394e+16,0.0,5.0347112125760115e+23,1.0010841380851091e+20,1.6782370708586705e+23
944516756756.7568,2183.341515846287,272862534.0505508,0,5.923189661854131e+22,1.6782370708586705e+23,5.035712296715208e+23,9.980927554992998e+19,1.691382016464285e+17,5.540832664787201e+22,1822364562691.424,1.0027755212158738e+20,0.0,0.0,9.976262363963394e+16,0.0,5.0347112125760115e+23,1.0010841391994102e+20,1.6782370708586705e+23
947675675675.6758,2181.2791128892513,272786330.4638217,0,5.923189661854131e+22,1.6782370708586705e+23,5.035712296716258e+23,9.980927554975174e+19,1.6913820182466982e+17,5.540832664776701e+22,1717187369708.7446,1.0027755222676457e+20,0.0,0.0,9.976262363963394e+16,0.0,5.0347112125760115e+23,1.0010841402493996e+20,1.6782370708586705e+23
950834594594.5946,2179.2167099322155,272710227.4967242,0,5.923189661854131e+22,1.6782370708586705e+23,5.035712296717247e+23,9.980927554958379e+19,1.6913820199262397e+17,5.540832664766807e+22,1618080445074.414,1.002775523258715e+20,0.0,0.0,9.976262363963394e+16,0.0,5.0347112125760115e+23,1.0010841412387894e+20,1.6782370708586705e+23
953993513513.5137,2177.1543069751797,272634225.39632916,0,5.923189661854131e+22,1.6782370708586705e+23,5.0357122967181795e+23,9.980927554942553e+19,1.691382021508847e+17,5.540832664757484e+22,1524693445175.1619,1.002775524192585e+20,0.0,0.0,9.976262363963394e+16,0.0,5.0347112125760115e+23,1.0010841421710769e+20,1.6782370708586705e+23
957152432432.4325,2175.091904018144,272558324.40948266,0,5.923189661854131e+22,1.6782370708586705e+23,5.035712296719058e+23,9.98092755492764e+19,1.6913820230001146e+17,5.5408326647487e+22,1436696246368.2905,1.002775525072557e+20,0.0,0.0,9.976262363963394e+16,0.0,5.0347112125760115e+23,1.0010841430495576e+20,1.6782370708586705e+23
960311351351.3514,2173.029501061108,272482524.7828127,0,5.923189661854131e+22,1.6782370708586705e+23,5.0357122967198854e+23,9.980927554913588e+19,1.6913820244053142e+17,5.540832664740422e+22,1353777777992.4841,1.0027755259017418e+20,0.0,0.0,9.976262363963394e+16,0.0,5.0347112125760115e+23,1.0010841438773371e+20,1.6782370708586705e+23
963470270270.2704,2170.967098104072,272406826.7627371,0,5.923189661854131e+22,1.6782370708586705e+23,5.035712296720665e+23,9.980927554900346e+19,1.691382025729413e+17,5.540832664732622e+22,1275644922731.0276,1.0027755266830703e+20,0.0,0.0,9.976262363963394e+16,0.0,5.0347112125760115e+23,1.0010841446573415e+20,1.6782370708586705e+23
966629189189.1892,2168.9046951470364,272331230.59547013,0,5.923189661854131e+22,1.6782370708586705e+23,5.0357122967214e+23,9.98092755488787e+19,1.6913820269770922e+17,5.540832664725272e+22,1202021480440.2144,1.0027755274193047e+20,0.0,0.0,9.976262363963394e+16,0.0,5.0347112125760115e+23,1.0010841453923282e+20,1.6782370708586705e+23
969788108108.1083,2166.8422921900005,272255736.5270304,0,5.923189661854131e+22,1.6782370708586705e+23,5.0357122967220926e+23,9.980927554876113e+19,1.691382028152762e+17,5.540832664718346e+22,1132647191780.0693,1.0027755281130476e+20,0.0,0.0,9.976262363963394e+16,0.0,5.0347112125760115e+23,1.0010841460848955e+20,1.6782370708586705e+23
972947027027.0271,2164.7798892329647,272180344.8032483,0,5.923189661854131e+22,1.6782370708586705e+23,5.035712296722745e+23,9.980927554865034e+19,1.6913820292605782e+17,5.54083266471182e+22,1067276818195.9152,1.0027755287667514e+20,0.0,0.0,9.976262363963394e+16,0.0,5.0347112125760115e+23,1.0010841467374913e+20,1.6782370708586705e+23
976105945945.9459,2162.717486275929,272105055.6697728,0,5.923189661854131e+22,1.6782370708586705e+23,5.0357122967233596e+23,9.980927554854596e+19,1.6913820303044573e+17,5.54083266470567e+22,1005679274998.5103,1.0027755293827267e+20,0.0,0.0,9.976262363963394e+16,0.0,5.0347112125760115e+23,1.0010841473524228e+20,1.6782370708586705e+23
979264864864.865,2160.655083318893,272029869.37207997,0,5.923189661854131e+22,1.6782370708586705e+23,5.035712296723939e+23,9.980927554844759e+19,1.691382031288089e+17,5.540832664699876e+22,947636814478.1924,1.0027755299631514e+20,0.0,0.0,9.976262363963394e+16,0.0,5.0347112125760115e+23,1.0010841479318638e+20,1.6782370708586705e+23
982423783783.7838,2158.592680361857,271954786.1554798,0,5.923189661854131e+22,1.6782370708586705e+23,5.035712296724485e+23,9.98092755483549e+19,1.6913820322149507e+17,5.540832664694416e+22,892944256165.3304,1.002775530510077e+20,0.0,0.0,9.976262363963394e+16,0.0,5.0347112125760115e+23,1.0010841484778625e+20,1.6782370708586705e+23
985582702702.7029,2156.5302774048214,271879806.26512396,0,5.923189661854131e+22,1.6782370708586705e+23,5.035712296725e+23,9.980927554826756e+19,1.691382033088319e+17,5.5408326646892715e+22,841408261516.0499,1.002775531025437e+20,0.0,0.0,9.976262363963394e+16,0.0,5.0347112125760115e+23,1.0010841489923491e+20,1.6782370708586705e+23
988741621621.6217,2154.4678744477856,271804929.94601417,0,5.923189661854131e+22,1.6782370708586705e+23,5.035712296725484e+23,9.980927554818526e+19,1.6913820339112813e+17,5.540832664684424e+22,792846650459.2422,1.0027755315110532e+20,0.0,0.0,9.976262363963394e+16,0.0,5.0347112125760115e+23,1.0010841494771424e+20,1.6782370708586705e+23
991900540540.5405,2152.4054714907497,271730157.4430092,0,5.923189661854131e+22,1.6782370708586705e+23,5.035712296725941e+23,9.980927554810772e+19,1.6913820346867462e+17,5.540832664679855e+22,747087757388.846,1.0027755319686421e+20,0.0,0.0,9.976262363963394e+16,0.0,5.0347112125760115e+23,1.0010841499339558e+20,1.6782370708586705e+23
995059459459.4596,2150.343068533714,271655489.0008329,0,5.923189661854131e+22,1.6782370708586705e+23,5.0357122967263714e+23,9.980927554803465e+19,1.6913820354174557e+17,5.540832664675551e+22,703969824324.8309,1.0027755323998215e+20,0.0,0.0,9.976262363963394e+16,0.0,5.0347112125760115e+23,1.0010841503644044e+20,1.6782370708586705e+23
998218378378.3784,2148.280665576678,271580924.8640824,0,5.923189661854131e+22,1.6782370708586705e+23,5.035712296726777e+23,9.98092755479658e+19,1.6913820361059923e+17,5.540832664671495e+22,663340429097.702,1.0027755328061153e+20,0.0,0.0,9.976262363963394e+16,0.0,5.0347112125760115e+23,1.0010841507700099e+20,1.6782370708586705e+23
1001377297297.2974,2146.2182626196422,271506465.27723557,0,5.923189661854131e+22,1.6782370708586705e+23,5.035712296727159e+23,9.980927554790092e+19,1.6913820367547904e+17,5.540832664667673e+22,625055946535.1537,1.0027755331889601e+20,0.0,0.0,9.976262363963394e+16,0.0,5.0347112125760115e+23,1.0010841511522058e+20,1.6782370708586705e+23
1004536216216.2163,2144.1558596626064,271432110.4846597,0,5.923189661854131e+22,1.6782370708586705e+23,5.03571229672752e+23,9.980927554783979e+19,1.6913820373661434e+17,5.540832664664072e+22,588981040746.167,1.002775533549709e+20,0.0,0.0,9.976262363963394e+16,0.0,5.0347112125760115e+23,1.0010841515123435e+20,1.6782370708586705e+23
1007695135135.1351,2142.0934567055706,271357860.73061866,0,5.923189661854131e+22,1.6782370708586705e+23,5.035712296727859e+23,9.980927554778218e+19,1.6913820379422122e+17,5.540832664660679e+22,554988186707.7668,1.0027755338896376e+20,0.0,0.0,9.976262363963394e+16,0.0,5.0347112125760115e+23,1.001084151851696e+20,1.6782370708586705e+23
1010854054054.0542,2140.0310537485348,271283716.25928193,0,5.923189661854131e+22,1.6782370708586705e+23,5.035712296728179e+23,9.98092755477279e+19,1.6913820384850333e+17,5.540832664657481e+22,522957219463.2499,1.0027755342099472e+20,0.0,0.0,9.976262363963394e+16,0.0,5.0347112125760115e+23,1.0010841521714628e+20,1.6782370708586705e+23
1014012972972.973,2137.968650791499,271209677.31473213,0,5.923189661854131e+22,1.6782370708586705e+23,5.03571229672848e+23,9.980927554767675e+19,1.6913820389965258e+17,5.540832664654468e+22,492774909338.2929,1.0027755345117703e+20,0.0,0.0,9.976262363963394e+16,0.0,5.0347112125760115e+23,1.0010841524727744e+20,1.6782370708586705e+23
1017171891891.892,2135.906247834463,271135744.1409738,0,5.923189661854131e+22,1.6782370708586705e+23,5.035712296728764e+23,9.980927554762855e+19,1.6913820394784976e+17,5.5408326646516284e+22,464334561673.3287,1.0027755347961738e+20,0.0,0.0,9.976262363963394e+16,0.0,5.0347112125760115e+23,1.0010841527566959e+20,1.6782370708586705e+23
1020330810810.8109,2133.8438448774273,271061916.98194116,0,5.923189661854131e+22,1.6782370708586705e+23,5.0357122967290316e+23,9.980927554758314e+19,1.6913820399326525e+17,5.540832664648953e+22,437535639657.2412,1.002775535064163e+20,0.0,0.0,9.976262363963394e+16,0.0,5.0347112125760115e+23,1.0010841530242309e+20,1.6782370708586705e+23
1023489729729.7297,2131.7814419203914,270988196.081507,0,5.923189661854131e+22,1.6782370708586705e+23,5.035712296729284e+23,9.980927554754034e+19,1.6913820403605962e+17,5.5408326646464325e+22,412283408929.0946,1.0027755353166853e+20,0.0,0.0,9.976262363963394e+16,0.0,5.0347112125760115e+23,1.0010841532763252e+20,1.6782370708586705e+23
1026648648648.6488,2129.7190389633556,270914581.68349075,0,5.923189661854131e+22,1.6782370708586705e+23,5.0357122967295215e+23,9.980927554750002e+19,1.691382040763841e+17,5.540832664644057e+22,388488602691.5606,1.0027755355546334e+20,0.0,0.0,9.976262363963394e+16,0.0,5.0347112125760115e+23,1.0010841535138701e+20,1.6782370708586705e+23
1029807567567.5676,2127.65663600632,270841074.03166705,0,5.923189661854131e+22,1.6782370708586705e+23,5.035712296729746e+23,9.980927554746203e+19,1.6913820411438128e+17,5.540832664641819e+22,366067106152.218,1.0027755357788483e+20,0.0,0.0,9.976262363963394e+16,0.0,5.0347112125760115e+23,1.001084153737705e+20,1.6782370708586705e+23
1032966486486.4866,2125.594233049284,270767673.36977464,0,5.923189661854131e+22,1.6782370708586705e+23,5.0357122967299564e+23,9.980927554742623e+19,1.6913820415018547e+17,5.54083266463971e+22,344939659177.22314,1.0027755359901227e+20,0.0,0.0,9.976262363963394e+16,0.0,5.0347112125760115e+23,1.0010841539486215e+20,1.6782370708586705e+23
1036125405405.4055,2123.531830092248,270694379.9415244,0,5.923189661854131e+22,1.6782370708586705e+23,5.035712296730155e+23,9.980927554739249e+19,1.6913820418392323e+17,5.540832664637723e+22,325031576106.22894,1.0027755361892036e+20,0.0,0.0,9.976262363963394e+16,0.0,5.0347112125760115e+23,1.001084154147365e+20,1.6782370708586705e+23
1039284324324.3243,2121.4694271352123,270621193.9906085,0,5.923189661854131e+22,1.6782370708586705e+23,5.035712296730342e+23,9.98092755473607e+19,1.6913820421571382e+17,5.54083266463585e+22,306272481738.0974,1.0027755363767945e+20,0.0,0.0,9.976262363963394e+16,0.0,5.0347112125760115e+23,1.001084154334638e+20,1.6782370708586705e+23
1042443243243.2433,2119.4070241781765,270548115.7607091,0,5.923189661854131e+22,1.6782370708586705e+23,5.035712296730519e+23,9.980927554733076e+19,1.6913820424566963e+17,5.540832664634085e+22,288596062554.1129,1.0027755365535587e+20,0.0,0.0,9.976262363963394e+16,0.0,5.0347112125760115e+23,1.0010841545111028e+20,1.6782370708586705e+23
1045602162162.1624,2117.3446212211406,270475145.4955069,0,5.923189661854131e+22,1.6782370708586705e+23,5.035712296730685e+23,9.980927554730253e+19,1.6913820427389654e+17,5.540832664632423e+22,271939832299.26877,1.002775536720121e+20,0.0,0.0,9.976262363963394e+16,0.0,5.0347112125760115e+23,1.0010841546773828e+20,1.6782370708586705e+23
1048761081081.0812,2115.282218264105,270402283.4386902,0,5.923189661854131e+22,1.6782370708586705e+23,5.0357122967308416e+23,9.980927554727594e+19,1.6913820430049437e+17,5.540832664630856e+22,256244911092.95584,1.0027755368770703e+20,0.0,0.0,9.976262363963394e+16,0.0,5.0347112125760115e+23,1.0010841548340661e+20,1.6782370708586705e+23
1051920000000.0001,2113.219815307069,270329529.833964,0,5.923189661854131e+22,1.6782370708586705e+23,5.035712296730989e+23,9.980927554725087e+19,1.691382043255571e+17,5.540832664629379e+22,241455817288.20734,1.0027755370249612e+20,0.0,0.0,9.976262363963394e+16,0.0,5.0347112125760115e+23,1.0010841549817065e+20,1.6782370708586705e+23
1055078918918.919,2111.157412350033,270256884.92505866,0,5.923189661854131e+22,1.6782370708586705e+23,5.035712296731128e+23,9.980927554722726e+19,1.691382043491733e+17,5.5408326646279885e+22,227520271343.7215,1.0027755371643167e+20,0.0,0.0,9.976262363963394e+16,0.0,5.0347112125760115e+23,1.0010841551208258e+20,1.6782370708586705e+23
1058237837837.8378,2109.0950093929973,270184348.95573926,0,5.923189661854131e+22,1.6782370708586705e+23,5.035712296731259e+23,9.980927554720501e+19,1.6913820437142656e+17,5.540832664626677e+22,214389011015.3485,1.0027755372956292e+20,0.0,0.0,9.976262363963394e+16,0.0,5.0347112125760115e+23,1.0010841552519158e+20,1.6782370708586705e+23
1061396756756.757,2107.0326064359615,270111922.1698146,0,5.923189661854131e+22,1.6782370708586705e+23,5.0357122967313825e+23,9.980927554718404e+19,1.6913820439239546e+17,5.540832664625442e+22,202015617213.74173,1.0027755374193631e+20,0.0,0.0,9.976262363963394e+16,0.0,5.0347112125760115e+23,1.00108415537544e+20,1.6782370708586705e+23
1064555675675.6758,2104.9702034789257,270039604.81114644,0,5.923189661854131e+22,1.6782370708586705e+23,5.0357122967314986e+23,9.980927554716428e+19,1.6913820441215414e+17,5.540832664624277e+22,190356349912.57965,1.0027755375359558e+20,0.0,0.0,9.976262363963394e+16,0.0,5.0347112125760115e+23,1.0010841554918351e+20,1.6782370708586705e+23
1067714594594.5947,2102.90780052189,269967397.1236588,0,5.923189661854131e+22,1.6782370708586705e+23,5.035712296731608e+23,9.980927554714567e+19,1.6913820443077245e+17,5.540832664623181e+22,179369993527.29288,1.0027755376458193e+20,0.0,0.0,9.976262363963394e+16,0.0,5.0347112125760115e+23,1.0010841556015125e+20,1.6782370708586705e+23
1070873513513.5135,2100.845397564854,269895299.35134715,0,5.923189661854131e+22,1.6782370708586705e+23,5.035712296731711e+23,9.980927554712812e+19,1.6913820444831622e+17,5.5408326646221475e+22,169017711217.70862,1.0027755377493421e+20,0.0,0.0,9.976262363963394e+16,0.0,5.0347112125760115e+23,1.0010841557048599e+20,1.6782370708586705e+23
1074032432432.4324,2098.782994607818,269823311.7382882,0,5.923189661854131e+22,1.6782370708586705e+23,5.0357122967318086e+23,9.980927554711159e+19,1.6913820446484746e+17,5.540832664621174e+22,159262907599.572,1.0027755378468902e+20,0.0,0.0,9.976262363963394e+16,0.0,5.0347112125760115e+23,1.0010841558022426e+20,1.6782370708586705e+23
1077191351351.3516,2096.7205916507824,269751434.5286489,0,5.923189661854131e+22,1.6782370708586705e+23,5.0357122967319005e+23,9.9809275547096e+19,1.691382044804246e+17,5.540832664620256e+22,150071099379.62836,1.0027755379388083e+20,0.0,0.0,9.976262363963394e+16,0.0,5.0347112125760115e+23,1.001084155894005e+20,1.6782370708586705e+23
1080350270270.2704,2094.6581886937465,269679667.9666964,0,5.923189661854131e+22,1.6782370708586705e+23,5.035712296731987e+23,9.980927554708133e+19,1.6913820449510272e+17,5.540832664619391e+22,141409793456.96088,1.0027755380254214e+20,0.0,0.0,9.976262363963394e+16,0.0,5.0347112125760115e+23,1.0010841559804712e+20,1.6782370708586705e+23
1083509189189.1892,2092.5957857367107,269608012.2968071,0,5.923189661854131e+22,1.6782370708586705e+23,5.035712296732068e+23,9.98092755470675e+19,1.691382045089337e+17,5.5408326646185765e+22,133248372059.67065,1.0027755381070355e+20,0.0,0.0,9.976262363963394e+16,0.0,5.0347112125760115e+23,1.001084156061947e+20,1.6782370708586705e+23
1086668108108.1082,2090.533382779675,269536467.76347727,0,5.923189661854131e+22,1.6782370708586705e+23,5.035712296732145e+23,9.980927554705447e+19,1.691382045219664e+17,5.540832664617809e+22,125557984510.85696,1.0027755381839394e+20,0.0,0.0,9.976262363963394e+16,0.0,5.0347112125760115e+23,1.0010841561387206e+20,1.6782370708586705e+23
1089827027027.027,2088.470979822639,269465034.6113316,0,5.923189661854131e+22,1.6782370708586705e+23,5.035712296732217e+23,9.980927554704219e+19,1.6913820453424694e+17,5.540832664617086e+22,118311445241.28978,1.0027755382564048e+20,0.0,0.0,9.976262363963394e+16,0.0,5.0347112125760115e+23,1.0010841562110632e+20,1.6782370708586705e+23
1092985945945.9462,2086.408576865603,269393713.0851342,0,5.923189661854131e+22,1.6782370708586705e+23,5.035712296732286e+23,9.980927554703062e+19,1.6913820454581872e+17,5.540832664616404e+22,111483137688.24837,1.0027755383246879e+20,0.0,0.0,9.976262363963394e+16,0.0,5.0347112125760115e+23,1.0010841562792306e+20,1.6782370708586705e+23
1096144864864.865,2084.3461739085674,269322503.42979765,0,5.923189661854131e+22,1.6782370708586705e+23,5.03571229673235e+23,9.98092755470197e+19,1.6913820455672262e+17,5.540832664615761e+22,105048923740.80804,1.0027755383890302e+20,0.0,0.0,9.976262363963394e+16,0.0,5.0347112125760115e+23,1.0010841563434638e+20,1.6782370708586705e+23
1099303783783.7838,2082.2837709515316,269251405.8903932,0,5.923189661854131e+22,1.6782370708586705e+23,5.0357122967324106e+23,9.980927554700943e+19,1.6913820456699722e+17,5.540832664615156e+22,98986058411.46352,1.0027755384496588e+20,0.0,0.0,9.976262363963394e+16,0.0,5.0347112125760115e+23,1.0010841564039897e+20,1.6782370708586705e+23
1102462702702.7026,2080.2213679944957,269180420.71216106,0,5.923189661854131e+22,1.6782370708586705e+23,5.0357122967324676e+23,9.980927554699975e+19,1.6913820457667882e+17,5.540832664614585e+22,93273109432.45238,1.0027755385067884e+20,0.0,0.0,9.976262363963394e+16,0.0,5.0347112125760115e+23,1.0010841564610224e+20,1.6782370708586705e+23
1105621621621.6216,2078.15896503746,269109548.14052016,0,5.923189661854131e+22,1.6782370708586705e+23,5.035712296732521e+23,9.980927554699062e+19,1.6913820458580163e+17,5.5408326646140475e+22,87889881492.55132,1.0027755385606206e+20,0.0,0.0,9.976262363963394e+16,0.0,5.0347112125760115e+23,1.0010841565147634e+20,1.6782370708586705e+23
1108780540540.5408,2076.096562080424,269038788.4210785,0,5.923189661854131e+22,1.6782370708586705e+23,5.0357122967325716e+23,9.980927554698202e+19,1.6913820459439795e+17,5.540832664613541e+22,82817344846.52165,1.002775538611346e+20,0.0,0.0,9.976262363963394e+16,0.0,5.0347112125760115e+23,1.0010841565654027e+20,1.6782370708586705e+23
1111939459459.4595,2074.0341591233882,268968141.79964346,0,5.923189661854131e+22,1.6782370708586705e+23,5.035712296732619e+23,9.980927554697393e+19,1.691382046024981e+17,5.5408326646130635e+22,78037568044.83804,1.0027755386591437e+20,0.0,0.0,9.976262363963394e+16,0.0,5.0347112125760115e+23,1.0010841566131195e+20,1.6782370708586705e+23
1115098378378.3784,2071.9717561663524,268897608.5222318,0,5.923189661854131e+22,1.6782370708586705e+23,5.035712296732664e+23,9.98092755469663e+19,1.6913820461013078e+17,5.540832664612614e+22,73533654545.89957,1.0027755387041828e+20,0.0,0.0,9.976262363963394e+16,0.0,5.0347112125760115e+23,1.0010841566580823e+20,1.6782370708586705e+23
1118257297297.2974,2069.9093532093166,268827188.8350805,0,5.923189661854131e+22,1.6782370708586705e+23,5.0357122967327065e+23,9.98092755469591e+19,1.6913820461732294e+17,5.54083266461219e+22,69289682986.64702,1.0027755387466224e+20,0.0,0.0,9.976262363963394e+16,0.0,5.0347112125760115e+23,1.00108415670045e+20,1.6782370708586705e+23
1121416216216.2163,2067.8469502522807,268756882.9846569,0,5.923189661854131e+22,1.6782370708586705e+23,5.035712296732746e+23,9.980927554695232e+19,1.691382046241e+17,5.540832664611791e+22,65290650900.44248,1.0027755387866128e+20,0.0,0.0,9.976262363963394e+16,0.0,5.0347112125760115e+23,1.0010841567403726e+20,1.6782370708586705e+23
1124575135135.1353,2065.784547295245,268686691.21766925,0,5.923189661854131e+22,1.6782370708586705e+23,5.035712296732784e+23,9.980927554694593e+19,1.6913820463048592e+17,5.540832664611415e+22,61522421683.25372,1.0027755388242952e+20,0.0,0.0,9.976262363963394e+16,0.0,5.0347112125760115e+23,1.001084156777991e+20,1.6782370708586705e+23
1127734054054.0542,2063.722144338209,268616613.7810778,0,5.923189661854131e+22,1.6782370708586705e+23,5.035712296732819e+23,9.980927554693992e+19,1.691382046365033e+17,5.54083266461106e+22,57971674620.668434,1.0027755388598026e+20,0.0,0.0,9.976262363963394e+16,0.0,5.0347112125760115e+23,1.0010841568134383e+20,1.6782370708586705e+23
1130892972972.9731,2061.6597413811733,268546650.92210454,0,5.923189661854131e+22,1.6782370708586705e+23,5.035712296732853e+23,9.980927554693425e+19,1.6913820464217338e+17,5.5408326646107264e+22,54625857799.08344,1.0027755388932607e+20,0.0,0.0,9.976262363963394e+16,0.0,5.0347112125760115e+23,1.0010841568468397e+20,1.6782370708586705e+23
1134051891891.8918,2059.5973384241374,268476802.8882451,0,5.923189661854131e+22,1.6782370708586705e+23,5.0357122967328844e+23,9.98092755469289e+19,1.691382046475162e+17,5.540832664610412e+22,51473143734.60978,1.0027755389247878e+20,0.0,0.0,9.976262363963394e+16,0.0,5.0347112125760115e+23,1.0010841568783134e+20,1.6782370708586705e+23
1137210810810.8108,2057.5349354671016,268407069.92727867,0,5.923189661854131e+22,1.6782370708586705e+23,5.035712296732914e+23,9.980927554692388e+19,1.6913820465255066e+17,5.540832664610115e+22,48502387562.84139,1.0027755389544953e+20,0.0,0.0,9.976262363963394e+16,0.0,5.0347112125760115e+23,1.0010841569079706e+20,1.6782370708586705e+23
1140369729729.73,2055.472532510066,268337452.2872794,0,5.923189661854131e+22,1.6782370708586705e+23,5.035712296732942e+23,9.980927554691912e+19,1.6913820465729456e+17,5.5408326646098356e+22,45703087641.68809,1.0027755389824883e+20,0.0,0.0,9.976262363963394e+16,0.0,5.0347112125760115e+23,1.0010841569359161e+20,1.6782370708586705e+23
1143528648648.6487,2053.41012955303,268267950.21662727,0,5.923189661854131e+22,1.6782370708586705e+23,5.035712296732968e+23,9.980927554691465e+19,1.6913820466176467e+17,5.540832664609572e+22,43065348428.003525,1.0027755390088657e+20,0.0,0.0,9.976262363963394e+16,0.0,5.0347112125760115e+23,1.0010841569622488e+20,1.6782370708586705e+23
1146687567567.5676,2051.347726595994,268198563.96401912,0,5.923189661854131e+22,1.6782370708586705e+23,5.035712296732993e+23,9.980927554691044e+19,1.691382046659768e+17,5.540832664609324e+22,40579845496.77678,1.0027755390337208e+20,0.0,0.0,9.976262363963394e+16,0.0,5.0347112125760115e+23,1.0010841569870617e+20,1.6782370708586705e+23
1149846486486.4866,2049.2853236389583,268129293.77848,0,5.923189661854131e+22,1.6782370708586705e+23,5.0357122967330166e+23,9.980927554690648e+19,1.6913820466994582e+17,5.54083266460909e+22,38237792579.23028,1.0027755390571412e+20,0.0,0.0,9.976262363963394e+16,0.0,5.0347112125760115e+23,1.0010841570104425e+20,1.6782370708586705e+23
1153005405405.4053,2047.2229206819225,268060139.90937394,0,5.923189661854131e+22,1.6782370708586705e+23,5.035712296733039e+23,9.980927554690274e+19,1.6913820467368576e+17,5.540832664608869e+22,36030910503.30335,1.00277553907921e+20,0.0,0.0,9.976262363963394e+16,0.0,5.0347112125760115e+23,1.0010841570324739e+20,1.6782370708586705e+23
1156164324324.3245,2045.1605177248866,267991102.606416,0,5.923189661854131e+22,1.6782370708586705e+23,5.0357122967330595e+23,9.980927554689922e+19,1.6913820467720986e+17,5.540832664608662e+22,33951397926.726036,1.002775539100005e+20,0.0,0.0,9.976262363963394e+16,0.0,5.0347112125760115e+23,1.0010841570532337e+20,1.6782370708586705e+23
1159323243243.2434,2043.0981147678508,267922182.11968273,0,5.923189661854131e+22,1.6782370708586705e+23,5.035712296733079e+23,9.98092755468959e+19,1.6913820468053056e+17,5.5408326646084665e+22,31991903759.22415,1.0027755391196e+20,0.0,0.0,9.976262363963394e+16,0.0,5.0347112125760115e+23,1.0010841570727954e+20,1.6782370708586705e+23
1162482162162.1624,2041.035711810815,267853378.6996245,0,5.923189661854131e+22,1.6782370708586705e+23,5.035712296733097e+23,9.980927554689276e+19,1.6913820468365962e+17,5.540832664608282e+22,30145501176.368145,1.0027755391380639e+20,0.0,0.0,9.976262363963394e+16,0.0,5.0347112125760115e+23,1.001084157091228e+20,1.6782370708586705e+23
1165641081081.081,2038.9733088537791,267784692.59707642,0,5.923189661854131e+22,1.6782370708586705e+23,5.0357122967331145e+23,9.980927554688981e+19,1.6913820468660806e+17,5.540832664608108e+22,28405663133.204346,1.0027755391554622e+20,0.0,0.0,9.976262363963394e+16,0.0,5.0347112125760115e+23,1.0010841571085969e+20,1.6782370708586705e+23
1168800000000.0,2036.9109058967433,267716124.0632703,0,5.923189661854131e+22,1.6782370708586705e+23,5.0357122967331306e+23,9.980927554688703e+19,1.6913820468938637e+17,5.540832664607945e+22,26766239291.10928,1.0027755391718565e+20,0.0,0.0,9.976262363963394e+16,0.0,5.0347112125760115e+23,1.0010841571249634e+20,1.6782370708586705e+23
1171958918918.9192,2034.8485029397075,267647673.34984633,0,5.923189661854131e+22,1.6782370708586705e+23,5.035712296733146e+23,9.98092755468844e+19,1.6913820469200432e+17,5.54083266460779e+22,25221434276.303246,1.0027755391873047e+20,0.0,0.0,9.976262363963394e+16,0.0,5.0347112125760115e+23,1.0010841571403853e+20,1.6782370708586705e+23
1175117837837.838,2032.7860999826717,267579340.70886457,0,5.923189661854131e+22,1.6782370708586705e+23,5.035712296733161e+23,9.980927554688193e+19,1.6913820469447117e+17,5.540832664607645e+22,23765787193.166885,1.0027755392018612e+20,0.0,0.0,9.976262363963394e+16,0.0,5.0347112125760115e+23,1.0010841571549171e+20,1.6782370708586705e+23
1178276756756.7568,2030.7236970256358,267511126.39281738,0,5.923189661854131e+22,1.6782370708586705e+23,5.035712296733174e+23,9.98092755468796e+19,1.6913820469679565e+17,5.5408326646075086e+22,22394152319.940224,1.0027755392155776e+20,0.0,0.0,9.976262363963394e+16,0.0,5.0347112125760115e+23,1.0010841571686102e+20,1.6782370708586705e+23
1181435675675.6758,2028.6612940686,267443030.65464061,0,5.923189661854131e+22,1.6782370708586705e+23,5.035712296733187e+23,9.980927554687741e+19,1.69138204698986e+17,5.540832664607379e+22,21101680918.56326,1.0027755392285024e+20,0.0,0.0,9.976262363963394e+16,0.0,5.0347112125760115e+23,1.001084157181513e+20,1.6782370708586705e+23
1184594594594.5945,2026.5988911115642,267375053.7477265,0,5.923189661854131e+22,1.6782370708586705e+23,5.035712296733199e+23,9.980927554687535e+19,1.691382047010499e+17,5.540832664607258e+22,19883804094.355915,1.0027755392406811e+20,0.0,0.0,9.976262363963394e+16,0.0,5.0347112125760115e+23,1.0010841571936711e+20,1.6782370708586705e+23
1187753513513.5137,2024.5364881545283,267307195.925935,0,5.923189661854131e+22,1.6782370708586705e+23,5.0357122967332105e+23,9.98092755468734e+19,1.691382047029947e+17,5.540832664607143e+22,18736216644.94606,1.002775539252157e+20,0.0,0.0,9.976262363963394e+16,0.0,5.0347112125760115e+23,1.0010841572051275e+20,1.6782370708586705e+23
1190912432432.4326,2022.4740851974925,267239457.44360647,0,5.923189661854131e+22,1.6782370708586705e+23,5.035712296733221e+23,9.980927554687156e+19,1.6913820470482723e+17,5.540832664607035e+22,17654861841.351562,1.0027755392629706e+20,0.0,0.0,9.976262363963394e+16,0.0,5.0347112125760115e+23,1.0010841572159227e+20,1.6782370708586705e+23
1194071351351.3513,2020.4116822404567,267171838.55557382,0,5.923189661854131e+22,1.6782370708586705e+23,5.035712296733231e+23,9.980927554686984e+19,1.6913820470655402e+17,5.540832664606933e+22,16635917087.41737,1.00277553927316e+20,0.0,0.0,9.976262363963394e+16,0.0,5.0347112125760115e+23,1.001084157226095e+20,1.6782370708586705e+23
1197230270270.2703,2018.3492792834209,267104339.51717472,0,5.923189661854131e+22,1.6782370708586705e+23,5.035712296733241e+23,9.980927554686822e+19,1.6913820470818115e+17,5.5408326646068375e+22,15675780406.913607,1.0027755392827613e+20,0.0,0.0,9.976262363963394e+16,0.0,5.0347112125760115e+23,1.00108415723568e+20,1.6782370708586705e+23
1200389189189.1892,2016.286876326385,267036960.58426443,0,5.923189661854131e+22,1.6782370708586705e+23,5.0357122967332494e+23,9.980927554686668e+19,1.6913820470971437e+17,5.540832664606747e+22,14771057710.526554,1.0027755392918086e+20,0.0,0.0,9.976262363963394e+16,0.0,5.0347112125760115e+23,1.0010841572447119e+20,1.6782370708586705e+23
1203548108108.1082,2014.2244733693492,266969702.01322782,0,5.923189661854131e+22,1.6782370708586705e+23,5.035712296733258e+23,9.980927554686524e+19,1.691382047111591e+17,5.540832664606662e+22,13918550797.731178,1.0027755393003336e+20,0.0,0.0,9.976262363963394e+16,0.0,5.0347112125760115e+23,1.0010841572532226e+20,1.6782370708586705e+23
1206707027027.027,2012.1620704123134,266902564.06099254,0,5.923189661854131e+22,1.6782370708586705e+23,5.035712296733266e+23,9.980927554686388e+19,1.6913820471252045e+17,5.540832664606582e+22,13115246051.131807,1.0027755393083667e+20,0.0,0.0,9.976262363963394e+16,0.0,5.0347112125760115e+23,1.001084157261242e+20,1.6782370708586705e+23
1209865945945.946,2010.0996674552775,266835546.98504132,0,5.923189661854131e+22,1.6782370708586705e+23,5.0357122967332736e+23,9.98092755468626e+19,1.6913820471380323e+17,5.540832664606506e+22,12358303783.305328,1.0027755393159361e+20,0.0,0.0,9.976262363963394e+16,0.0,5.0347112125760115e+23,1.0010841572687987e+20,1.6782370708586705e+23
1213024864864.865,2008.0372644982417,266768651.04342484,0,5.923189661854131e+22,1.6782370708586705e+23,5.035712296733281e+23,9.980927554686139e+19,1.6913820471501197e+17,5.540832664606435e+22,11645048198.48797,1.0027755393230687e+20,0.0,0.0,9.976262363963394e+16,0.0,5.0347112125760115e+23,1.0010841572759192e+20,1.6782370708586705e+23
1216183783783.7837,2005.9748615412059,266701876.49477488,0,5.923189661854131e+22,1.6782370708586705e+23,5.035712296733288e+23,9.980927554686024e+19,1.6913820471615094e+17,5.540832664606368e+22,10972957933.620142,1.0027755393297898e+20,0.0,0.0,9.976262363963394e+16,0.0,5.0347112125760115e+23,1.0010841572826287e+20,1.6782370708586705e+23
1219342702702.703,2003.91245858417,266635223.59831682,0,5.923189661854131e+22,1.6782370708586705e+23,5.035712296733294e+23,9.980927554685916e+19,1.691382047172242e+17,5.540832664606305e+22,10339657145.311876,1.0027755393361229e+20,0.0,0.0,9.976262363963394e+16,0.0,5.0347112125760115e+23,1.001084157288951e+20,1.6782370708586705e+23
1222501621621.6218,2001.8500556271342,266568692.6138832,0,5.923189661854131e+22,1.6782370708586705e+23,5.0357122967333e+23,9.980927554685814e+19,1.691382047182355e+17,5.540832664606245e+22,9742907111.221222,1.0027755393420904e+20,0.0,0.0,9.976262363963394e+16,0.0,5.0347112125760115e+23,1.0010841572949084e+20,1.6782370708586705e+23
1225660540540.5405,1999.7876526700984,266502283.8019265,0,5.923189661854131e+22,1.6782370708586705e+23,5.035712296733305e+23,9.98092755468572e+19,1.691382047191884e+17,5.540832664606189e+22,9180598316.156439,1.0027755393477134e+20,0.0,0.0,9.976262363963394e+16,0.0,5.0347112125760115e+23,1.0010841573005219e+20,1.6782370708586705e+23
1228819459459.4595,1997.7252497130626,266435997.42353237,0,5.923189661854131e+22,1.6782370708586705e+23,5.0357122967333105e+23,9.98092755468563e+19,1.6913820472008634e+17,5.540832664606136e+22,8650742994.926287,1.002775539353012e+20,0.0,0.0,9.976262363963394e+16,0.0,5.0347112125760115e+23,1.0010841573058114e+20,1.6782370708586705e+23
1231978378378.3784,1995.6628467560267,266369833.7404333,0,5.923189661854131e+22,1.6782370708586705e+23,5.035712296733315e+23,9.980927554685544e+19,1.6913820472093245e+17,5.540832664606087e+22,8151468105.577343,1.0027755393580048e+20,0.0,0.0,9.976262363963394e+16,0.0,5.0347112125760115e+23,1.0010841573107958e+20,1.6782370708586705e+23
1235137297297.2974,1993.600443798991,266303793.0150218,0,5.923189661854131e+22,1.6782370708586705e+23,5.03571229673332e+23,9.980927554685464e+19,1.6913820472172973e+17,5.54083266460604e+22,7681008708.178702,1.0027755393627095e+20,0.0,0.0,9.976262363963394e+16,0.0,5.0347112125760115e+23,1.0010841573154924e+20,1.6782370708586705e+23
1238296216216.2163,1991.538040841955,266237875.51036364,0,5.923189661854131e+22,1.6782370708586705e+23,5.0357122967333246e+23,9.980927554685388e+19,1.69138204722481e+17,5.540832664605995e+22,7237701725.74802,1.0027755393671425e+20,0.0,0.0,9.976262363963394e+16,0.0,5.0347112125760115e+23,1.0010841573199179e+20,1.6782370708586705e+23
1241455135135.1353,1989.4756378849193,266172081.49021196,0,5.923189661854131e+22,1.6782370708586705e+23,5.0357122967333286e+23,9.980927554685318e+19,1.691382047231889e+17,5.540832664605953e+22,6819980065.263734,1.0027755393713196e+20,0.0,0.0,9.976262363963394e+16,0.0,5.0347112125760115e+23,1.001084157324088e+20,1.6782370708586705e+23
1244614054054.0542,1987.4132349278834,266106411.2190206,0,5.923189661854131e+22,1.6782370708586705e+23,5.0357122967333326e+23,9.98092755468525e+19,1.6913820472385594e+17,5.540832664605914e+22,6426367077.9811945,1.0027755393752559e+20,0.0,0.0,9.976262363963394e+16,0.0,5.0347112125760115e+23,1.0010841573280175e+20,1.6782370708586705e+23
1247772972972.973,1985.3508319708476,266040864.96195808,0,5.923189661854131e+22,1.6782370708586705e+23,5.035712296733337e+23,9.980927554685189e+19,1.6913820472448448e+17,5.540832664605877e+22,6055471339.469896,1.0027755393789647e+20,0.0,0.0,9.976262363963394e+16,0.0,5.0347112125760115e+23,1.0010841573317201e+20,1.6782370708586705e+23
1250931891891.892,1983.2884290138118,265975442.98492098,0,5.923189661854131e+22,1.6782370708586705e+23,5.03571229673334e+23,9.98092755468513e+19,1.6913820472507674e+17,5.540832664605842e+22,5705981730.919209,1.0027755393824596e+20,0.0,0.0,9.976262363963394e+16,0.0,5.0347112125760115e+23,1.0010841573352091e+20,1.6782370708586705e+23
1254090810810.811,1981.226026056776,265910145.55454877,0,5.923189661854131e+22,1.6782370708586705e+23,5.0357122967333434e+23,9.980927554685074e+19,1.691382047256348e+17,5.540832664605809e+22,5376662804.324984,1.0027755393857528e+20,0.0,0.0,9.976262363963394e+16,0.0,5.0347112125760115e+23,1.0010841573384967e+20,1.6782370708586705e+23
1257249729729.7297,1979.16362309974,265844972.938237,0,5.923189661854131e+22,1.6782370708586705e+23,5.035712296733347e+23,9.980927554685021e+19,1.691382047261607e+17,5.540832664605778e+22,5066350415.172952,1.0027755393888559e+20,0.0,0.0,9.976262363963394e+16,0.0,5.0347112125760115e+23,1.0010841573415946e+20,1.6782370708586705e+23
1260408648648.6487,1977.1012201427043,265779925.40415186,0,5.923189661854131e+22,1.6782370708586705e+23,5.0357122967333494e+23,9.980927554684972e+19,1.6913820472665622e+17,5.540832664605749e+22,4773947607.180407,1.00277553939178e+20,0.0,0.0,9.976262363963394e+16,0.0,5.0347112125760115e+23,1.0010841573445137e+20,1.6782370708586705e+23
1263567567567.5676,1975.0388171856684,265715003.2212444,0,5.923189661854131e+22,1.6782370708586705e+23,5.035712296733352e+23,9.980927554684926e+19,1.6913820472712317e+17,5.540832664605721e+22,4498420734.548722,1.0027755393945351e+20,0.0,0.0,9.976262363963394e+16,0.0,5.0347112125760115e+23,1.0010841573472643e+20,1.6782370708586705e+23
1266726486486.4866,1972.9764142286326,265650206.65926465,0,5.923189661854131e+22,1.6782370708586705e+23,5.035712296733355e+23,9.980927554684882e+19,1.6913820472756314e+17,5.540832664605695e+22,4238795808.018839,1.0027755393971313e+20,0.0,0.0,9.976262363963394e+16,0.0,5.0347112125760115e+23,1.001084157349856e+20,1.6782370708586705e+23
1269885405405.4055,1970.9140112715968,265585535.9887764,0,5.923189661854131e+22,1.6782370708586705e+23,5.0357122967333575e+23,9.980927554684841e+19,1.6913820472797773e+17,5.540832664605671e+22,3994155051.812991,1.0027755393995776e+20,0.0,0.0,9.976262363963394e+16,0.0,5.0347112125760115e+23,1.0010841573522983e+20,1.6782370708586705e+23
1273044324324.3245,1968.851608314561,265520991.48117113,0,5.923189661854131e+22,1.6782370708586705e+23,5.0357122967333595e+23,9.980927554684802e+19,1.691382047283684e+17,5.540832664605648e+22,3763633659.29146,1.0027755394018828e+20,0.0,0.0,9.976262363963394e+16,0.0,5.0347112125760115e+23,1.0010841573545995e+20,1.6782370708586705e+23
1276203243243.2432,1966.7892053575251,265456573.40868333,0,5.923189661854131e+22,1.6782370708586705e+23,5.0357122967333615e+23,9.980927554684766e+19,1.691382047287365e+17,5.540832664605626e+22,3546416735.8555617,1.0027755394040549e+20,0.0,0.0,9.976262363963394e+16,0.0,5.0347112125760115e+23,1.001084157356768e+20,1.6782370708586705e+23
1279362162162.162,1964.7268024004893,265392282.04440463,0,5.923189661854131e+22,1.6782370708586705e+23,5.0357122967333635e+23,9.980927554684731e+19,1.691382047290834e+17,5.540832664605606e+22,3341736418.290024,1.0027755394061017e+20,0.0,0.0,9.976262363963394e+16,0.0,5.0347112125760115e+23,1.0010841573588114e+20,1.6782370708586705e+23
1282521081081.0813,1962.6643994434535,265328117.6622988,0,5.923189661854131e+22,1.6782370708586705e+23,5.0357122967333655e+23,9.980927554684699e+19,1.6913820472941024e+17,5.540832664605587e+22,3148869160.361603,1.0027755394080304e+20,0.0,0.0,9.976262363963394e+16,0.0,5.0347112125760115e+23,1.0010841573607368e+20,1.6782370708586705e+23
1285680000000.0,1960.6019964864176,265264080.53721666,0,5.923189661854131e+22,1.6782370708586705e+23,5.0357122967333675e+23,9.980927554684667e+19,1.691382047297182e+17,5.540832664605568e+22,2967133175.078517,1.0027755394098477e+20,0.0,0.0,9.976262363963394e+16,0.0,5.0347112125760115e+23,1.001084157362551e+20,1.6782370708586705e+23
1288838918918.919,1958.5395935293818,265200170.9449109,0,5.923189661854131e+22,1.6782370708586705e+23,5.0357122967333695e+23,9.980927554684638e+19,1.6913820473000842e+17,5.5408326646055515e+22,2795886024.569062,1.0027755394115602e+20,0.0,0.0,9.976262363963394e+16,0.0,5.0347112125760115e+23,1.0010841573642605e+20,1.6782370708586705e+23
1291997837837.838,1956.477190572346,265136389.16205156,0,5.923189661854131e+22,1.6782370708586705e+23,5.035712296733371e+23,9.98092755468461e+19,1.691382047302819e+17,5.5408326646055356e+22,2634522349.059624,1.0027755394131739e+20,0.0,0.0,9.976262363963394e+16,0.0,5.0347112125760115e+23,1.0010841573658714e+20,1.6782370708586705e+23
1295156756756.7568,1954.4147876153102,265072735.46624058,0,5.923189661854131e+22,1.6782370708586705e+23,5.035712296733372e+23,9.980927554684584e+19,1.6913820473053955e+17,5.5408326646055205e+22,2482471726.9240017,1.0027755394146945e+20,0.0,0.0,9.976262363963394e+16,0.0,5.0347112125760115e+23,1.0010841573673894e+20,1.6782370708586705e+23
1298315675675.6758,1952.3523846582743,265009210.13602757,0,5.923189661854131e+22,1.6782370708586705e+23,5.0357122967333736e+23,9.98092755468456e+19,1.6913820473078237e+17,5.540832664605506e+22,2339196658.2393045,1.0027755394161272e+20,0.0,0.0,9.976262363963394e+16,0.0,5.0347112125760115e+23,1.0010841573688197e+20,1.6782370708586705e+23
1301474594594.5947,1950.2899817012385,264945813.45092496,0,5.923189661854131e+22,1.6782370708586705e+23,5.035712296733375e+23,9.980927554684536e+19,1.6913820473101117e+17,5.540832664605493e+22,2204190664.720286,1.0027755394174773e+20,0.0,0.0,9.976262363963394e+16,0.0,5.0347112125760115e+23,1.0010841573701675e+20,1.6782370708586705e+23
1304633513513.5137,1948.2275787442027,264882545.69142354,0,5.923189661854131e+22,1.6782370708586705e+23,5.035712296733376e+23,9.980927554684515e+19,1.6913820473122675e+17,5.54083266460548e+22,2076976499.3153586,1.0027755394187493e+20,0.0,0.0,9.976262363963394e+16,0.0,5.0347112125760115e+23,1.0010841573714374e+20,1.6782370708586705e+23
1307792432432.4324,1946.1651757871668,264819407.13900775,0,5.923189661854131e+22,1.6782370708586705e+23,5.0357122967333776e+23,9.980927554684495e+19,1.691382047314299e+17,5.5408326646054684e+22,1957104459.1352139,1.002775539419948e+20,0.0,0.0,9.976262363963394e+16,0.0,5.0347112125760115e+23,1.001084157372634e+20,1.6782370708586705e+23
1310951351351.3513,1944.102772830131,264756398.07617164,0,5.923189661854131e+22,1.6782370708586705e+23,5.035712296733379e+23,9.980927554684476e+19,1.691382047316213e+17,5.5408326646054575e+22,1844150795.7502265,1.0027755394210775e+20,0.0,0.0,9.976262363963394e+16,0.0,5.0347112125760115e+23,1.0010841573737616e+20,1.6782370708586705e+23
1314110270270.2705,1942.0403698730952,264693518.78643468,0,5.923189661854131e+22,1.6782370708586705e+23,5.03571229673338e+23,9.980927554684458e+19,1.691382047318017e+17,5.540832664605447e+22,1737716217.2370439,1.0027755394221418e+20,0.0,0.0,9.976262363963394e+16,0.0,5.0347112125760115e+23,1.0010841573748241e+20,1.6782370708586705e+23
1317269189189.1892,1939.9779669160594,264630769.55435705,0,5.923189661854131e+22,1.6782370708586705e+23,5.035712296733381e+23,9.980927554684441e+19,1.6913820473197165e+17,5.5408326646054366e+22,1637424476.6790786,1.0027755394231447e+20,0.0,0.0,9.976262363963394e+16,0.0,5.0347112125760115e+23,1.0010841573758253e+20,1.6782370708586705e+23
1320428108108.1082,1937.9155639590235,264568150.66555613,0,5.923189661854131e+22,1.6782370708586705e+23,5.0357122967333816e+23,9.980927554684425e+19,1.691382047321318e+17,5.540832664605427e+22,1542921042.1312506,1.0027755394240897e+20,0.0,0.0,9.976262363963394e+16,0.0,5.0347112125760115e+23,1.0010841573767687e+20,1.6782370708586705e+23
1323587027027.027,1935.8531610019877,264505662.4067223,0,5.923189661854131e+22,1.6782370708586705e+23,5.035712296733382e+23,9.98092755468441e+19,1.6913820473228272e+17,5.540832664605418e+22,1453871843.347291,1.0027755394249802e+20,0.0,0.0,9.976262363963394e+16,0.0,5.0347112125760115e+23,1.0010841573776577e+20,1.6782370708586705e+23
1326745945945.946,1933.7907580449519,264443305.06563506,0,5.923189661854131e+22,1.6782370708586705e+23,5.035712296733383e+23,9.980927554684396e+19,1.6913820473242493e+17,5.54083266460541e+22,1369962090.8392806,1.0027755394258194e+20,0.0,0.0,9.976262363963394e+16,0.0,5.0347112125760115e+23,1.0010841573784954e+20,1.6782370708586705e+23
1329904864864.865,1931.728355087916,264381078.93117917,0,5.923189661854131e+22,1.6782370708586705e+23,5.0357122967333836e+23,9.980927554684382e+19,1.691382047325589e+17,5.540832664605402e+22,1290895163.0947964,1.00277553942661e+20,0.0,0.0,9.976262363963394e+16,0.0,5.0347112125760115e+23,1.0010841573792848e+20,1.6782370708586705e+23
1333063783783.784,1929.6659521308802,264318984.2933611,0,5.923189661854131e+22,1.6782370708586705e+23,5.035712296733384e+23,9.98092755468437e+19,1.691382047326852e+17,5.540832664605395e+22,1216391558.0179648,1.0027755394273552e+20,0.0,0.0,9.976262363963394e+16,0.0,5.0347112125760115e+23,1.0010841573800287e+20,1.6782370708586705e+23
1336222702702.703,1927.6035491738444,264257021.44332537,0,5.923189661854131e+22,1.6782370708586705e+23,5.035712296733385e+23,9.980927554684358e+19,1.6913820473280416e+17,5.540832664605388e+22,1146187904.8877633,1.0027755394280573e+20,0.0,0.0,9.976262363963394e+16,0.0,5.0347112125760115e+23,1.0010841573807296e+20,1.6782370708586705e+23
1339381621621.6216,1925.5411462168086,264195190.67337105,0,5.923189661854131e+22,1.6782370708586705e+23,5.0357122967333857e+23,9.980927554684346e+19,1.6913820473291626e+17,5.540832664605381e+22,1080036033.3408344,1.0027755394287188e+20,0.0,0.0,9.976262363963394e+16,0.0,5.0347112125760115e+23,1.00108415738139e+20,1.6782370708586705e+23
1342540540540.5405,1923.4787432597727,264133492.27696836,0,5.923189661854131e+22,1.6782370708586705e+23,5.035712296733386e+23,9.980927554684337e+19,1.691382047330219e+17,5.540832664605375e+22,1017702096.0876633,1.0027755394293421e+20,0.0,0.0,9.976262363963394e+16,0.0,5.0347112125760115e+23,1.0010841573820123e+20,1.6782370708586705e+23
1345699459459.4597,1921.416340302737,264071926.5487752,0,5.923189661854131e+22,1.6782370708586705e+23,5.035712296733387e+23,9.980927554684327e+19,1.6913820473312144e+17,5.5408326646053695e+22,958965742.2609112,1.0027755394299295e+20,0.0,0.0,9.976262363963394e+16,0.0,5.0347112125760115e+23,1.0010841573825987e+20,1.6782370708586705e+23
1348858378378.3784,1919.353937345701,264010493.78465423,0,5.923189661854131e+22,1.6782370708586705e+23,5.035712296733388e+23,9.980927554684317e+19,1.6913820473321523e+17,5.540832664605364e+22,903619338.4736886,1.0027755394304829e+20,0.0,0.0,9.976262363963394e+16,0.0,5.0347112125760115e+23,1.0010841573831511e+20,1.6782370708586705e+23
1352017297297.2974,1917.2915343886652,263949194.2816895,0,5.923189661854131e+22,1.6782370708586705e+23,5.0357122967333883e+23,9.980927554684309e+19,1.691382047333036e+17,5.5408326646053586e+22,851467234.8342025,1.0027755394310044e+20,0.0,0.0,9.976262363963394e+16,0.0,5.0347112125760115e+23,1.0010841573836718e+20,1.6782370708586705e+23
1355176216216.2163,1915.2291314316294,263888028.3382035,0,5.923189661854131e+22,1.6782370708586705e+23,5.035712296733389e+23,9.9809275546843e+19,1.691382047333869e+17,5.5408326646053535e+22,802325073.3221369,1.0027755394314958e+20,0.0,0.0,9.976262363963394e+16,0.0,5.0347112125760115e+23,1.0010841573841623e+20,1.6782370708586705e+23
1358335135135.1353,1913.1667284745936,263826996.25377414,0,5.923189661854131e+22,1.6782370708586705e+23,5.03571229673339e+23,9.980927554684292e+19,1.6913820473346538e+17,5.5408326646053485e+22,756019136.0818697,1.002775539431959e+20,0.0,0.0,9.976262363963394e+16,0.0,5.0347112125760115e+23,1.0010841573846247e+20,1.6782370708586705e+23
1361494054054.0542,1911.1043255175578,263766098.329252,0,5.923189661854131e+22,1.6782370708586705e+23,5.0357122967333904e+23,9.980927554684284e+19,1.6913820473353933e+17,5.540832664605344e+22,712385731.3287417,1.0027755394323954e+20,0.0,0.0,9.976262363963394e+16,0.0,5.0347112125760115e+23,1.0010841573850604e+20,1.6782370708586705e+23
1364652972972.9731,1909.041922560522,263705334.86677757,0,5.923189661854131e+22,1.6782370708586705e+23,5.035712296733391e+23,9.980927554684278e+19,1.69138204733609e+17,5.54083266460534e+22,671270614.6975484,1.0027755394328065e+20,0.0,0.0,9.976262363963394e+16,0.0,5.0347112125760115e+23,1.0010841573854708e+20,1.6782370708586705e+23
1367811891891.8918,1906.979519603486,263644706.16979837,0,5.923189661854131e+22,1.6782370708586705e+23,5.035712296733392e+23,9.980927554684271e+19,1.6913820473367466e+17,5.540832664605336e+22,632528443.987722,1.002775539433194e+20,0.0,0.0,9.976262363963394e+16,0.0,5.0347112125760115e+23,1.0010841573858576e+20,1.6782370708586705e+23
1370970810810.8108,1904.9171166464503,263584212.54308665,0,5.923189661854131e+22,1.6782370708586705e+23,5.0357122967333924e+23,9.980927554684264e+19,1.691382047337365e+17,5.5408326646053326e+22,596022265.3777223,1.002775539433559e+20,0.0,0.0,9.976262363963394e+16,0.0,5.0347112125760115e+23,1.001084157386222e+20,1.6782370708586705e+23
1374129729729.73,1902.8547136894144,263523854.29275668,0,5.923189661854131e+22,1.6782370708586705e+23,5.035712296733393e+23,9.980927554684258e+19,1.691382047337948e+17,5.540832664605329e+22,561623029.292399,1.002775539433903e+20,0.0,0.0,9.976262363963394e+16,0.0,5.0347112125760115e+23,1.0010841573865654e+20,1.6782370708586705e+23
1377288648648.649,1900.7923107323786,263463631.72628242,0,5.923189661854131e+22,1.6782370708586705e+23,5.035712296733393e+23,9.980927554684253e+19,1.6913820473384976e+17,5.540832664605326e+22,529209134.2119188,1.0027755394342271e+20,0.0,0.0,9.976262363963394e+16,0.0,5.0347112125760115e+23,1.001084157386889e+20,1.6782370708586705e+23
1380447567567.5676,1898.7299077753428,263403545.15251526,0,5.923189661854131e+22,1.6782370708586705e+23,5.035712296733393e+23,9.980927554684248e+19,1.6913820473390154e+17,5.5408326646053225e+22,498665996.80961305,1.0027755394345325e+20,0.0,0.0,9.976262363963394e+16,0.0,5.0347112125760115e+23,1.0010841573871939e+20,1.6782370708586705e+23
1383606486486.4866,1896.667504818307,263343594.88170168,0,5.923189661854131e+22,1.6782370708586705e+23,5.035712296733393e+23,9.980927554684243e+19,1.691382047339503e+17,5.54083266460532e+22,469885646.8991849,1.0027755394348204e+20,0.0,0.0,9.976262363963394e+16,0.0,5.0347112125760115e+23,1.0010841573874813e+20,1.6782370708586705e+23
1386765405405.4055,1894.6051018612711,263283781.2255011,0,5.923189661854131e+22,1.6782370708586705e+23,5.035712296733393e+23,9.980927554684238e+19,1.6913820473399626e+17,5.5408326646053175e+22,442766345.759409,1.0027755394350916e+20,0.0,0.0,9.976262363963394e+16,0.0,5.0347112125760115e+23,1.0010841573877519e+20,1.6782370708586705e+23
1389924324324.3245,1892.5426989042353,263224104.4970039,0,5.923189661854131e+22,1.6782370708586705e+23,5.035712296733393e+23,9.980927554684233e+19,1.6913820473403955e+17,5.540832664605315e+22,417212226.48710066,1.0027755394353471e+20,0.0,0.0,9.976262363963394e+16,0.0,5.0347112125760115e+23,1.001084157388007e+20,1.6782370708586705e+23
1393083243243.2434,1890.4802959471995,263164565.01074946,0,5.923189661854131e+22,1.6782370708586705e+23,5.035712296733393e+23,9.98092755468423e+19,1.6913820473408035e+17,5.540832664605312e+22,393132955.10699904,1.0027755394355878e+20,0.0,0.0,9.976262363963394e+16,0.0,5.0347112125760115e+23,1.0010841573882474e+20,1.6782370708586705e+23
1396242162162.1624,1888.4178929901636,263105163.08274403,0,5.923189661854131e+22,1.6782370708586705e+23,5.035712296733393e+23,9.980927554684227e+19,1.6913820473411882e+17,5.54083266460531e+22,370443411.24058646,1.0027755394358147e+20,0.0,0.0,9.976262363963394e+16,0.0,5.0347112125760115e+23,1.001084157388474e+20,1.6782370708586705e+23
1399401081081.081,1886.3554900331278,263045899.0304792,0,5.923189661854131e+22,1.6782370708586705e+23,5.035712296733393e+23,9.980927554684223e+19,1.6913820473415504e+17,5.540832664605307e+22,349063387.20500505,1.0027755394360286e+20,0.0,0.0,9.976262363963394e+16,0.0,5.0347112125760115e+23,1.0010841573886874e+20,1.6782370708586705e+23
1402560000000.0,1884.293087076092,262986773.17294994,0,5.923189661854131e+22,1.6782370708586705e+23,5.035712296733393e+23,9.98092755468422e+19,1.691382047341892e+17,5.540832664605306e+22,328917304.47838426,1.0027755394362301e+20,0.0,0.0,9.976262363963394e+16,0.0,5.0347112125760115e+23,1.0010841573888886e+20,1.6782370708586705e+23
1405718918918.9192,1882.2306841190561,262927785.83067316,0,5.923189661854131e+22,1.6782370708586705e+23,5.035712296733393e+23,9.980927554684217e+19,1.6913820473422134e+17,5.540832664605304e+22,309933946.5292821,1.00277553943642e+20,0.0,0.0,9.976262363963394e+16,0.0,5.0347112125760115e+23,1.0010841573890782e+20,1.6782370708586705e+23
1408877837837.838,1880.1682811620203,262868937.32570583,0,5.923189661854131e+22,1.6782370708586705e+23,5.035712296733393e+23,9.980927554684214e+19,1.6913820473425165e+17,5.540832664605302e+22,292046207.0657906,1.0027755394365989e+20,0.0,0.0,9.976262363963394e+16,0.0,5.0347112125760115e+23,1.0010841573892568e+20,1.6782370708586705e+23
1412036756756.7568,1878.1058782049845,262810227.9816636,0,5.923189661854131e+22,1.6782370708586705e+23,5.035712296733393e+23,9.98092755468421e+19,1.6913820473428022e+17,5.540832664605301e+22,275190852.814364,1.0027755394367675e+20,0.0,0.0,9.976262363963394e+16,0.0,5.0347112125760115e+23,1.001084157389425e+20,1.6782370708586705e+23
1415195675675.6758,1876.0434752479487,262751658.1237396,0,5.923189661854131e+22,1.6782370708586705e+23,5.035712296733393e+23,9.980927554684207e+19,1.6913820473430714e+17,5.540832664605299e+22,259308299.98979208,1.0027755394369264e+20,0.0,0.0,9.976262363963394e+16,0.0,5.0347112125760115e+23,1.0010841573895836e+20,1.6782370708586705e+23
1418354594594.5947,1873.9810722909128,262693228.07872254,0,5.923189661854131e+22,1.6782370708586705e+23,5.035712296733393e+23,9.980927554684204e+19,1.691382047343325e+17,5.540832664605297e+22,244342403.66613767,1.0027755394370762e+20,0.0,0.0,9.976262363963394e+16,0.0,5.0347112125760115e+23,1.001084157389733e+20,1.6782370708586705e+23
1421513513513.5137,1871.918669333877,262634938.17501596,0,5.923189661854131e+22,1.6782370708586705e+23,5.035712296733393e+23,9.980927554684202e+19,1.691382047343564e+17,5.540832664605296e+22,230240259.30406407,1.002775539437217e+20,0.0,0.0,9.976262363963394e+16,0.0,5.0347112125760115e+23,1.0010841573898738e+20,1.6782370708586705e+23
1424672432432.4326,1869.8562663768412,262576788.74265668,0,5.923189661854131e+22,1.6782370708586705e+23,5.035712296733393e+23,9.9809275546842e+19,1.6913820473437894e+17,5.540832664605294e+22,216952015.73294976,1.00277553943735e+20,0.0,0.0,9.976262363963394e+16,0.0,5.0347112125760115e+23,1.0010841573900065e+20,1.6782370708586705e+23
1427831351351.3516,1867.7938634198053,262518780.11333364,0,5.923189661854131e+22,1.6782370708586705e+23,5.035712296733393e+23,9.980927554684199e+19,1.6913820473440016e+17,5.540832664605293e+22,204430698.92668098,1.0027755394374751e+20,0.0,0.0,9.976262363963394e+16,0.0,5.0347112125760115e+23,1.0010841573901315e+20,1.6782370708586705e+23
1430990270270.2703,1865.7314604627695,262460912.62040693,0,5.923189661854131e+22,1.6782370708586705e+23,5.035712296733393e+23,9.980927554684197e+19,1.6913820473442016e+17,5.540832664605292e+22,192632045.95016864,1.002775539437593e+20,0.0,0.0,9.976262363963394e+16,0.0,5.0347112125760115e+23,1.0010841573902493e+20,1.6782370708586705e+23
1434149189189.1892,1863.6690575057337,262403186.59892657,0,5.923189661854131e+22,1.6782370708586705e+23,5.035712296733393e+23,9.980927554684196e+19,1.69138204734439e+17,5.5408326646052914e+22,181514348.4895893,1.0027755394377042e+20,0.0,0.0,9.976262363963394e+16,0.0,5.0347112125760115e+23,1.0010841573903602e+20,1.6782370708586705e+23
1437308108108.1084,1861.6066545486979,262345602.38565177,0,5.923189661854131e+22,1.6782370708586705e+23,5.035712296733393e+23,9.980927554684194e+19,1.6913820473445677e+17,5.540832664605291e+22,171038305.4132288,1.0027755394378088e+20,0.0,0.0,9.976262363963394e+16,0.0,5.0347112125760115e+23,1.0010841573904648e+20,1.6782370708586705e+23
1440467027027.027,1859.544251591662,262288160.31906974,0,5.923189661854131e+22,1.6782370708586705e+23,5.035712296733393e+23,9.980927554684192e+19,1.691382047344735e+17,5.54083266460529e+22,161166883.84172997,1.0027755394379075e+20,0.0,0.0,9.976262363963394e+16,0.0,5.0347112125760115e+23,1.0010841573905632e+20,1.6782370708586705e+23
1443625945945.946,1857.4818486346262,262230860.73941502,0,5.923189661854131e+22,1.6782370708586705e+23,5.035712296733393e+23,9.98092755468419e+19,1.6913820473448928e+17,5.540832664605289e+22,151865188.23662695,1.0027755394380005e+20,0.0,0.0,9.976262363963394e+16,0.0,5.0347112125760115e+23,1.0010841573906561e+20,1.6782370708586705e+23
1446784864864.865,1855.4194456775904,262173703.98868835,0,5.923189661854131e+22,1.6782370708586705e+23,5.035712296733393e+23,9.980927554684189e+19,1.6913820473450413e+17,5.540832664605288e+22,143100337.04439324,1.0027755394380882e+20,0.0,0.0,9.976262363963394e+16,0.0,5.0347112125760115e+23,1.0010841573907436e+20,1.6782370708586705e+23
1449943783783.7837,1853.3570427205545,262116690.41067633,0,5.923189661854131e+22,1.6782370708586705e+23,5.035712296733393e+23,9.980927554684187e+19,1.691382047345181e+17,5.540832664605287e+22,134841346.4599395,1.0027755394381708e+20,0.0,0.0,9.976262363963394e+16,0.0,5.0347112125760115e+23,1.001084157390826e+20,1.6782370708586705e+23
1453102702702.703,1851.2946397635187,262059820.3509703,0,5.923189661854131e+22,1.6782370708586705e+23,5.035712296733393e+23,9.980927554684186e+19,1.691382047345313e+17,5.540832664605286e+22,127059020.89866415,1.0027755394382486e+20,0.0,0.0,9.976262363963394e+16,0.0,5.0347112125760115e+23,1.0010841573909037e+20,1.6782370708586705e+23
1456261621621.6218,1849.232236806483,262003094.15698573,0,5.923189661854131e+22,1.6782370708586705e+23,5.035712296733393e+23,9.980927554684184e+19,1.691382047345437e+17,5.5408326646052856e+22,119725849.78987472,1.002775539438322e+20,0.0,0.0,9.976262363963394e+16,0.0,5.0347112125760115e+23,1.001084157390977e+20,1.6782370708586705e+23
1459420540540.5408,1847.169833849447,261946512.17798176,0,5.923189661854131e+22,1.6782370708586705e+23,5.035712296733393e+23,9.980927554684183e+19,1.6913820473455542e+17,5.540832664605285e+22,112815910.32674447,1.0027755394383911e+20,0.0,0.0,9.976262363963394e+16,0.0,5.0347112125760115e+23,1.001084157391046e+20,1.6782370708586705e+23
1462579459459.4595,1845.1074308924112,261890074.76508027,0,5.923189661854131e+22,1.6782370708586705e+23,5.035712296733393e+23,9.980927554684181e+19,1.6913820473456646e+17,5.540832664605284e+22,106304775.82902414,1.0027755394384563e+20,0.0,0.0,9.976262363963394e+16,0.0,5.0347112125760115e+23,1.001084157391111e+20,1.6782370708586705e+23
1465738378378.3784,1843.0450279353754,261833782.27128556,0,5.923189661854131e+22,1.6782370708586705e+23,5.035712296733393e+23,9.98092755468418e+19,1.6913820473457686e+17,5.540832664605283e+22,100169429.39457092,1.0027755394385178e+20,0.0,0.0,9.976262363963394e+16,0.0,5.0347112125760115e+23,1.0010841573911722e+20,1.6782370708586705e+23
1468897297297.2976,1840.9826249783396,261777635.05150357,0,5.923189661854131e+22,1.6782370708586705e+23,5.035712296733393e+23,9.980927554684178e+19,1.6913820473458666e+17,5.540832664605282e+22,94388182.53445198,1.0027755394385756e+20,0.0,0.0,9.976262363963394e+16,0.0,5.0347112125760115e+23,1.0010841573912299e+20,1.6782370708586705e+23
1472056216216.2163,1838.9202220213037,261721633.46256137,0,5.923189661854131e+22,1.6782370708586705e+23,5.035712296733393e+23,9.980927554684176e+19,1.6913820473459587e+17,5.540832664605281e+22,88940598.50399718,1.0027755394386302e+20,0.0,0.0,9.976262363963394e+16,0.0,5.0347112125760115e+23,1.0010841573912843e+20,1.6782370708586705e+23
1475215135135.1353,1836.857819064268,261665777.86322677,0,5.923189661854131e+22,1.6782370708586705e+23,5.035712296733393e+23,9.980927554684174e+19,1.6913820473460458e+17,5.5408326646052805e+22,83807420.05877583,1.0027755394386816e+20,0.0,0.0,9.976262363963394e+16,0.0,5.0347112125760115e+23,1.0010841573913356e+20,1.6782370708586705e+23
1478374054054.0542,1834.795416107232,261610068.6142277,0,5.923189661854131e+22,1.6782370708586705e+23,5.035712296733393e+23,9.980927554684173e+19,1.6913820473461277e+17,5.54083266460528e+22,78970501.3801143,1.0027755394387301e+20,0.0,0.0,9.976262363963394e+16,0.0,5.0347112125760115e+23,1.001084157391384e+20,1.6782370708586705e+23
1481532972972.973,1832.7330131501963,261554506.07827157,0,5.923189661854131e+22,1.6782370708586705e+23,5.035712296733393e+23,9.980927554684173e+19,1.6913820473462048e+17,5.540832664605279e+22,74412743.92951083,1.0027755394387757e+20,0.0,0.0,9.976262363963394e+16,0.0,5.0347112125760115e+23,1.0010841573914295e+20,1.6782370708586705e+23
1484691891891.892,1830.6706101931604,261499090.620065,0,5.923189661854131e+22,1.6782370708586705e+23,5.035712296733393e+23,9.980927554684173e+19,1.6913820473462774e+17,5.540832664605278e+22,70118036.0051924,1.0027755394388186e+20,0.0,0.0,9.976262363963394e+16,0.0,5.0347112125760115e+23,1.0010841573914724e+20,1.6782370708586705e+23
1487850810810.811,1828.6082072361246,261443822.60633323,0,5.923189661854131e+22,1.6782370708586705e+23,5.035712296733393e+23,9.980927554684173e+19,1.691382047346346e+17,5.540832664605278e+22,66071195.78714583,1.002775539438859e+20,0.0,0.0,9.976262363963394e+16,0.0,5.0347112125760115e+23,1.0010841573915129e+20,1.6782370708586705e+23
1491009729729.7297,1826.5458042790888,261388702.40583947,0,5.923189661854131e+22,1.6782370708586705e+23,5.035712296733393e+23,9.980927554684173e+19,1.6913820473464106e+17,5.540832664605278e+22,62257917.669286825,1.002775539438897e+20,0.0,0.0,9.976262363963394e+16,0.0,5.0347112125760115e+23,1.0010841573915509e+20,1.6782370708586705e+23
1494168648648.6487,1824.483401322053,261333730.38940465,0,5.923189661854131e+22,1.6782370708586705e+23,5.035712296733393e+23,9.980927554684173e+19,1.6913820473464714e+17,5.540832664605278e+22,58664721.68905081,1.002775539438933e+20,0.0,0.0,9.976262363963394e+16,0.0,5.0347112125760115e+23,1.0010841573915868e+20,1.6782370708586705e+23
1497327567567.5676,1822.420998365017,261278906.92992657,0,5.923189661854131e+22,1.6782370708586705e+23,5.035712296733393e+23,9.980927554684173e+19,1.6913820473465286e+17,5.540832664605278e+22,55278905.87563899,1.0027755394389667e+20,0.0,0.0,9.976262363963394e+16,0.0,5.0347112125760115e+23,1.0010841573916205e+20,1.6782370708586705e+23
1500486486486.4866,1820.3585954079813,261224232.4023995,0,5.923189661854131e+22,1.6782370708586705e+23,5.035712296733393e+23,9.980927554684173e+19,1.6913820473465827e+17,5.540832664605278e+22,52088501.348470256,1.0027755394389985e+20,0.0,0.0,9.976262363963394e+16,0.0,5.0347112125760115e+23,1.0010841573916523e+20,1.6782370708586705e+23
1503645405405.4055,1818.2961924509455,261169707.18393376,0,5.923189661854131e+22,1.6782370708586705e+23,5.035712296733393e+23,9.980927554684173e+19,1.6913820473466336e+17,5.540832664605278e+22,49082230.00711163,1.0027755394390285e+20,0.0,0.0,9.976262363963394e+16,0.0,5.0347112125760115e+23,1.0010841573916823e+20,1.6782370708586705e+23
1506804324324.3245,1816.2337894939096,261115331.65377465,0,5.923189661854131e+22,1.6782370708586705e+23,5.035712296733393e+23,9.980927554684173e+19,1.6913820473466816e+17,5.540832664605278e+22,46249464.663121074,1.0027755394390568e+20,0.0,0.0,9.976262363963394e+16,0.0,5.0347112125760115e+23,1.0010841573917106e+20,1.6782370708586705e+23
1509963243243.2434,1814.1713865368738,261061106.19332212,0,5.923189661854131e+22,1.6782370708586705e+23,5.035712296733393e+23,9.980927554684173e+19,1.6913820473467267e+17,5.540832664605278e+22,43580191.472868256,1.0027755394390835e+20,0.0,0.0,9.976262363963394e+16,0.0,5.0347112125760115e+23,1.0010841573917373e+20,1.6782370708586705e+23
1513122162162.162,1812.108983579838,261007031.1861501,0,5.923189661854131e+22,1.6782370708586705e+23,5.035712296733393e+23,9.980927554684173e+19,1.6913820473467693e+17,5.540832664605278e+22,41064974.538533226,1.0027755394391086e+20,0.0,0.0,9.976262363963394e+16,0.0,5.0347112125760115e+23,1.0010841573917624e+20,1.6782370708586705e+23
1516281081081.0813,1810.0465806228021,260953107.01802534,0,5.923189661854131e+22,1.6782370708586705e+23,5.035712296733393e+23,9.980927554684173e+19,1.6913820473468096e+17,5.540832664605278e+22,38694922.55214718,1.0027755394391322e+20,0.0,0.0,9.976262363963394e+16,0.0,5.0347112125760115e+23,1.001084157391786e+20,1.6782370708586705e+23
1519440000000.0002,1807.9841776657663,260899334.07692704,0,5.923189661854131e+22,1.6782370708586705e+23,5.035712296733393e+23,9.980927554684173e+19,1.6913820473468474e+17,5.540832664605278e+22,36461657.36476187,1.0027755394391545e+20,0.0,0.0,9.976262363963394e+16,0.0,5.0347112125760115e+23,1.0010841573918083e+20,1.6782370708586705e+23
1522598918918.919,1805.9217747087305,260845712.75306547,0,5.923189661854131e+22,1.6782370708586705e+23,5.035712296733393e+23,9.980927554684173e+19,1.691382047346883e+17,5.540832664605278e+22,34357284.3696394,1.0027755394391754e+20,0.0,0.0,9.976262363963394e+16,0.0,5.0347112125760115e+23,1.0010841573918292e+20,1.6782370708586705e+23
1525757837837.838,1803.8593717516947,260792243.43890145,0,5.923189661854131e+22,1.6782370708586705e+23,5.035712296733393e+23,9.980927554684173e+19,1.6913820473469165e+17,5.540832664605278e+22,32374364.594766878,1.0027755394391953e+20,0.0,0.0,9.976262363963394e+16,0.0,5.0347112125760115e+23,1.001084157391849e+20,1.6782370708586705e+23
1528916756756.7568,1801.7969687946588,260738926.52916494,0,5.923189661854131e+22,1.6782370708586705e+23,5.035712296733393e+23,9.980927554684173e+19,1.6913820473469482e+17,5.540832664605278e+22,30505888.406042717,1.002775539439214e+20,0.0,0.0,9.976262363963394e+16,0.0,5.0347112125760115e+23,1.0010841573918677e+20,1.6782370708586705e+23
1532075675675.6758,1799.734565837623,260685762.42087388,0,5.923189661854131e+22,1.6782370708586705e+23,5.035712296733393e+23,9.980927554684173e+19,1.691382047346978e+17,5.540832664605278e+22,28745250.728175186,1.0027755394392315e+20,0.0,0.0,9.976262363963394e+16,0.0,5.0347112125760115e+23,1.0010841573918853e+20,1.6782370708586705e+23
1535234594594.5947,1797.6721628805872,260632751.51335308,0,5.923189661854131e+22,1.6782370708586705e+23,5.035712296733393e+23,9.980927554684173e+19,1.691382047347006e+17,5.540832664605278e+22,27086227.695698958,1.002775539439248e+20,0.0,0.0,9.976262363963394e+16,0.0,5.0347112125760115e+23,1.0010841573919018e+20,1.6782370708586705e+23
1538393513513.5137,1795.6097599235513,260579894.20825282,0,5.923189661854131e+22,1.6782370708586705e+23,5.035712296733393e+23,9.980927554684173e+19,1.6913820473470326e+17,5.540832664605278e+22,25522954.65157085,1.0027755394392636e+20,0.0,0.0,9.976262363963394e+16,0.0,5.0347112125760115e+23,1.0010841573919174e+20,1.6782370708586705e+23
1541552432432.4326,1793.5473569665155,260527190.90956712,0,5.923189661854131e+22,1.6782370708586705e+23,5.035712296733393e+23,9.980927554684173e+19,1.6913820473470576e+17,5.540832664605278e+22,24049905.41556962,1.0027755394392783e+20,0.0,0.0,9.976262363963394e+16,0.0,5.0347112125760115e+23,1.0010841573919321e+20,1.6782370708586705e+23
1544711351351.3513,1791.4849540094797,260474642.02365223,0,5.923189661854131e+22,1.6782370708586705e+23,5.035712296733393e+23,9.980927554684173e+19,1.6913820473470813e+17,5.540832664605278e+22,22661872.74921348,1.0027755394392923e+20,0.0,0.0,9.976262363963394e+16,0.0,5.0347112125760115e+23,1.001084157391946e+20,1.6782370708586705e+23
1547870270270.2705,1789.4225510524439,260422247.9592447,0,5.923189661854131e+22,1.6782370708586705e+23,5.035712296733393e+23,9.980927554684173e+19,1.6913820473471034e+17,5.540832664605278e+22,21353949.948138744,1.0027755394393054e+20,0.0,0.0,9.976262363963394e+16,0.0,5.0347112125760115e+23,1.0010841573919592e+20,1.6782370708586705e+23
1551029189189.1895,1787.360148095408,260370009.1274799,0,5.923189661854131e+22,1.6782370708586705e+23,5.035712296733393e+23,9.980927554684173e+19,1.6913820473471242e+17,5.540832664605278e+22,20121513.49686846,1.0027755394393176e+20,0.0,0.0,9.976262363963394e+16,0.0,5.0347112125760115e+23,1.0010841573919715e+20,1.6782370708586705e+23
1554188108108.1082,1785.2977451383722,260317925.9419091,0,5.923189661854131e+22,1.6782370708586705e+23,5.035712296733393e+23,9.980927554684173e+19,1.691382047347144e+17,5.540832664605278e+22,18960206.724655617,1.0027755394393293e+20,0.0,0.0,9.976262363963394e+16,0.0,5.0347112125760115e+23,1.0010841573919831e+20,1.6782370708586705e+23
1557347027027.027,1783.2353421813364,260265998.8185179,0,5.923189661854131e+22,1.6782370708586705e+23,5.035712296733393e+23,9.980927554684173e+19,1.6913820473471626e+17,5.540832664605278e+22,17865924.40462413,1.0027755394393403e+20,0.0,0.0,9.976262363963394e+16,0.0,5.0347112125760115e+23,1.001084157391994e+20,1.6782370708586705e+23
1560505945945.946,1781.1729392243005,260214228.17574328,0,5.923189661854131e+22,1.6782370708586705e+23,5.035712296733393e+23,9.980927554684173e+19,1.69138204734718e+17,5.540832664605278e+22,16834798.24176557,1.0027755394393506e+20,0.0,0.0,9.976262363963394e+16,0.0,5.0347112125760115e+23,1.0010841573920044e+20,1.6782370708586705e+23
1563664864864.865,1779.1105362672647,260162614.4344912,0,5.923189661854131e+22,1.6782370708586705e+23,5.035712296733393e+23,9.980927554684173e+19,1.6913820473471965e+17,5.540832664605278e+22,15863183.19849152,1.0027755394393602e+20,0.0,0.0,9.976262363963394e+16,0.0,5.0347112125760115e+23,1.001084157392014e+20,1.6782370708586705e+23
1566823783783.784,1777.0481333102289,260111158.0181534,0,5.923189661854131e+22,1.6782370708586705e+23,5.035712296733393e+23,9.980927554684173e+19,1.6913820473472118e+17,5.540832664605278e+22,14947644.60940237,1.0027755394393694e+20,0.0,0.0,9.976262363963394e+16,0.0,5.0347112125760115e+23,1.0010841573920232e+20,1.6782370708586705e+23
1569982702702.703,1774.985730353193,260059859.3526246,0,5.923189661854131e+22,1.6782370708586705e+23,5.035712296733393e+23,9.980927554684173e+19,1.6913820473472266e+17,5.540832664605278e+22,14084946.039723137,1.0027755394393781e+20,0.0,0.0,9.976262363963394e+16,0.0,5.0347112125760115e+23,1.0010841573920319e+20,1.6782370708586705e+23
1573141621621.6216,1772.9233273961572,260008718.8663187,0,5.923189661854131e+22,1.6782370708586705e+23,5.035712296733393e+23,9.980927554684173e+19,1.6913820473472403e+17,5.540832664605278e+22,13272037.844485804,1.0027755394393863e+20,0.0,0.0,9.976262363963394e+16,0.0,5.0347112125760115e+23,1.0010841573920401e+20,1.6782370708586705e+23
1576300540540.5405,1770.8609244391214,259957736.99018562,0,5.923189661854131e+22,1.6782370708586705e+23,5.035712296733393e+23,9.980927554684173e+19,1.6913820473472534e+17,5.540832664605278e+22,12506046.388014836,1.002775539439394e+20,0.0,0.0,9.976262363963394e+16,0.0,5.0347112125760115e+23,1.0010841573920478e+20,1.6782370708586705e+23
1579459459459.4597,1768.7985214820856,259906914.15772706,0,5.923189661854131e+22,1.6782370708586705e+23,5.035712296733393e+23,9.980927554684173e+19,1.6913820473472656e+17,5.540832664605278e+22,11784263.88560666,1.0027755394394012e+20,0.0,0.0,9.976262363963394e+16,0.0,5.0347112125760115e+23,1.001084157392055e+20,1.6782370708586705e+23
1582618378378.3784,1766.7361185250497,259856250.80501223,0,5.923189661854131e+22,1.6782370708586705e+23,5.035712296733393e+23,9.980927554684173e+19,1.691382047347277e+17,5.540832664605278e+22,11104138.831493404,1.002775539439408e+20,0.0,0.0,9.976262363963394e+16,0.0,5.0347112125760115e+23,1.0010841573920617e+20,1.6782370708586705e+23
1585777297297.2974,1764.673715568014,259805747.3706937,0,5.923189661854131e+22,1.6782370708586705e+23,5.035712296733393e+23,9.980927554684173e+19,1.691382047347288e+17,5.540832664605278e+22,10463266.97925367,1.0027755394394143e+20,0.0,0.0,9.976262363963394e+16,0.0,5.0347112125760115e+23,1.0010841573920681e+20,1.6782370708586705e+23
1588936216216.2163,1762.611312610978,259755404.29602236,0,5.923189661854131e+22,1.6782370708586705e+23,5.035712296733393e+23,9.980927554684173e+19,1.6913820473472982e+17,5.540832664605278e+22,9859382.842786033,1.0027755394394204e+20,0.0,0.0,9.976262363963394e+16,0.0,5.0347112125760115e+23,1.0010841573920742e+20,1.6782370708586705e+23
1592095135135.1353,1760.5489096539422,259705222.02486217,0,5.923189661854131e+22,1.6782370708586705e+23,5.035712296733393e+23,9.980927554684173e+19,1.6913820473473078e+17,5.540832664605278e+22,9290351.687801171,1.0027755394394261e+20,0.0,0.0,9.976262363963394e+16,0.0,5.0347112125760115e+23,1.0010841573920799e+20,1.6782370708586705e+23
1595254054054.0542,1758.4865066969064,259655201.00370476,0,5.923189661854131e+22,1.6782370708586705e+23,5.035712296733393e+23,9.980927554684173e+19,1.6913820473473168e+17,5.540832664605278e+22,8754161.98552248,1.0027755394394315e+20,0.0,0.0,9.976262363963394e+16,0.0,5.0347112125760115e+23,1.0010841573920853e+20,1.6782370708586705e+23
1598412972972.9731,1756.4241037398706,259605341.68168357,0,5.923189661854131e+22,1.6782370708586705e+23,5.035712296733393e+23,9.980927554684173e+19,1.6913820473473254e+17,5.540832664605278e+22,8248918.301918973,1.0027755394394366e+20,0.0,0.0,9.976262363963394e+16,0.0,5.0347112125760115e+23,1.0010841573920904e+20,1.6782370708586705e+23
1601571891891.892,1754.3617007828348,259555644.51058754,0,5.923189661854131e+22,1.6782370708586705e+23,5.035712296733393e+23,9.980927554684173e+19,1.6913820473473334e+17,5.540832664605278e+22,7772834.597333835,1.0027755394394413e+20,0.0,0.0,9.976262363963394e+16,0.0,5.0347112125760115e+23,1.0010841573920952e+20,1.6782370708586705e+23
1604730810810.8108,1752.299297825799,259506109.94487435,0,5.923189661854131e+22,1.6782370708586705e+23,5.035712296733393e+23,9.980927554684173e+19,1.691382047347341e+17,5.540832664605278e+22,7324227.912822805,1.0027755394394458e+20,0.0,0.0,9.976262363963394e+16,0.0,5.0347112125760115e+23,1.0010841573920996e+20,1.6782370708586705e+23
1607889729729.7297,1750.236894868763,259456738.4416834,0,5.923189661854131e+22,1.6782370708586705e+23,5.035712296733393e+23,9.980927554684173e+19,1.6913820473473482e+17,5.540832664605278e+22,6901512.420883533,1.00277553943945e+20,0.0,0.0,9.976262363963394e+16,0.0,5.0347112125760115e+23,1.0010841573921038e+20,1.6782370708586705e+23
1611048648648.649,1748.1744919117273,259407530.46084824,0,5.923189661854131e+22,1.6782370708586705e+23,5.035712296733393e+23,9.980927554684173e+19,1.691382047347355e+17,5.540832664605278e+22,6503193.819545195,1.002775539439454e+20,0.0,0.0,9.976262363963394e+16,0.0,5.0347112125760115e+23,1.0010841573921078e+20,1.6782370708586705e+23
1614207567567.5676,1746.1120889546914,259358486.4649083,0,5.923189661854131e+22,1.6782370708586705e+23,5.035712296733393e+23,9.980927554684173e+19,1.6913820473473613e+17,5.540832664605278e+22,6127864.050001472,1.0027755394394577e+20,0.0,0.0,9.976262363963394e+16,0.0,5.0347112125760115e+23,1.0010841573921115e+20,1.6782370708586705e+23
1617366486486.4866,1744.0496859976556,259309606.91912064,0,5.923189661854131e+22,1.6782370708586705e+23,5.035712296733393e+23,9.980927554684173e+19,1.6913820473473674e+17,5.540832664605278e+22,5774196.319113641,1.0027755394394613e+20,0.0,0.0,9.976262363963394e+16,0.0,5.0347112125760115e+23,1.0010841573921151e+20,1.6782370708586705e+23
1620525405405.4055,1741.9872830406198,259260892.29147074,0,5.923189661854131e+22,1.6782370708586705e+23,5.035712296733393e+23,9.980927554684173e+19,1.691382047347373e+17,5.540832664605278e+22,5440940.409188339,1.0027755394394646e+20,0.0,0.0,9.976262363963394e+16,0.0,5.0347112125760115e+23,1.0010841573921184e+20,1.6782370708586705e+23
1623684324324.3245,1739.924880083584,259212343.05268288,0,5.923189661854131e+22,1.6782370708586705e+23,5.035712296733393e+23,9.980927554684173e+19,1.6913820473473786e+17,5.540832664605278e+22,5126918.25845001,1.0027755394394677e+20,0.0,0.0,9.976262363963394e+16,0.0,5.0347112125760115e+23,1.0010841573921215e+20,1.6782370708586705e+23
1626843243243.2434,1737.8624771265481,259163959.6762299,0,5.923189661854131e+22,1.6782370708586705e+23,5.035712296733393e+23,9.980927554684173e+19,1.6913820473473837e+17,5.540832664605278e+22,4831019.796584987,1.0027755394394707e+20,0.0,0.0,9.976262363963394e+16,0.0,5.0347112125760115e+23,1.0010841573921245e+20,1.6782370708586705e+23
1630002162162.1624,1735.8000741695123,259115742.63834277,0,5.923189661854131e+22,1.6782370708586705e+23,5.035712296733393e+23,9.980927554684173e+19,1.6913820473473885e+17,5.540832664605278e+22,4552199.020635822,1.0027755394394735e+20,0.0,0.0,9.976262363963394e+16,0.0,5.0347112125760115e+23,1.0010841573921273e+20,1.6782370708586705e+23
1633161081081.0813,1733.7376712124765,259067692.41801867,0,5.923189661854131e+22,1.6782370708586705e+23,5.035712296733393e+23,9.980927554684173e+19,1.691382047347393e+17,5.540832664605278e+22,4289470.297374134,1.002775539439476e+20,0.0,0.0,9.976262363963394e+16,0.0,5.0347112125760115e+23,1.0010841573921299e+20,1.6782370708586705e+23
1636320000000.0,1731.6752682554406,259019809.49702945,0,5.923189661854131e+22,1.6782370708586705e+23,5.035712296733393e+23,9.980927554684173e+19,1.691382047347397e+17,5.540832664605278e+22,4041904.8790808385,1.0027755394394785e+20,0.0,0.0,9.976262363963394e+16,0.0,5.0347112125760115e+23,1.0010841573921323e+20,1.6782370708586705e+23
1639478918918.919,1729.6128652984048,258972094.35992858,0,5.923189661854131e+22,1.6782370708586705e+23,5.035712296733393e+23,9.980927554684173e+19,1.691382047347401e+17,5.540832664605278e+22,3808627.620417009,1.0027755394394808e+20,0.0,0.0,9.976262363963394e+16,0.0,5.0347112125760115e+23,1.0010841573921346e+20,1.6782370708586705e+23
1642637837837.8381,1727.550462341369,258924547.49405792,0,5.923189661854131e+22,1.6782370708586705e+23,5.035712296733393e+23,9.980927554684173e+19,1.6913820473474048e+17,5.540832664605278e+22,3588813.8847795026,1.002775539439483e+20,0.0,0.0,9.976262363963394e+16,0.0,5.0347112125760115e+23,1.0010841573921368e+20,1.6782370708586705e+23
1645796756756.7568,1725.4880593843332,258877169.3895536,0,5.923189661854131e+22,1.6782370708586705e+23,5.035712296733393e+23,9.980927554684173e+19,1.6913820473474083e+17,5.540832664605278e+22,3381686.629205286,1.0027755394394851e+20,0.0,0.0,9.976262363963394e+16,0.0,5.0347112125760115e+23,1.0010841573921389e+20,1.6782370708586705e+23
1648955675675.6758,1723.4256564272973,258829960.53935102,0,5.923189661854131e+22,1.6782370708586705e+23,5.035712296733393e+23,9.980927554684173e+19,1.6913820473474115e+17,5.540832664605278e+22,3186513.657519587,1.002775539439487e+20,0.0,0.0,9.976262363963394e+16,0.0,5.0347112125760115e+23,1.0010841573921409e+20,1.6782370708586705e+23
1652114594594.5947,1721.3632534702615,258782921.43918905,0,5.923189661854131e+22,1.6782370708586705e+23,5.035712296733393e+23,9.980927554684173e+19,1.6913820473474147e+17,5.540832664605278e+22,3002605.032017726,1.0027755394394889e+20,0.0,0.0,9.976262363963394e+16,0.0,5.0347112125760115e+23,1.0010841573921427e+20,1.6782370708586705e+23
1655273513513.5134,1719.3008505132257,258736052.58761385,0,5.923189661854131e+22,1.6782370708586705e+23,5.035712296733393e+23,9.980927554684173e+19,1.6913820473474176e+17,5.540832664605278e+22,2829310.634530915,1.0027755394394907e+20,0.0,0.0,9.976262363963394e+16,0.0,5.0347112125760115e+23,1.0010841573921445e+20,1.6782370708586705e+23
1658432432432.4326,1717.2384475561898,258689354.48598117,0,5.923189661854131e+22,1.6782370708586705e+23,5.035712296733393e+23,9.980927554684173e+19,1.6913820473474205e+17,5.540832664605278e+22,2666017.8682543654,1.0027755394394923e+20,0.0,0.0,9.976262363963394e+16,0.0,5.0347112125760115e+23,1.0010841573921461e+20,1.6782370708586705e+23
1661591351351.3516,1715.176044599154,258642827.6384582,0,5.923189661854131e+22,1.6782370708586705e+23,5.035712296733393e+23,9.980927554684173e+19,1.691382047347423e+17,5.540832664605278e+22,2512149.492213662,1.0027755394394938e+20,0.0,0.0,9.976262363963394e+16,0.0,5.0347112125760115e+23,1.0010841573921476e+20,1.6782370708586705e+23
1664750270270.2703,1713.1136416421182,258596472.55202422,0,5.923189661854131e+22,1.6782370708586705e+23,5.035712296733393e+23,9.980927554684173e+19,1.6913820473474256e+17,5.540832664605278e+22,2367161.5807142197,1.0027755394394952e+20,0.0,0.0,9.976262363963394e+16,0.0,5.0347112125760115e+23,1.001084157392149e+20,1.6782370708586705e+23
1667909189189.1892,1711.0512386850824,258550289.73647085,0,5.923189661854131e+22,1.6782370708586705e+23,5.035712296733393e+23,9.980927554684173e+19,1.691382047347428e+17,5.540832664605278e+22,2230541.6005604747,1.0027755394394966e+20,0.0,0.0,9.976262363963394e+16,0.0,5.0347112125760115e+23,1.0010841573921504e+20,1.6782370708586705e+23
1671068108108.1082,1708.9888357280465,258504279.70440024,0,5.923189661854131e+22,1.6782370708586705e+23,5.035712296733393e+23,9.980927554684173e+19,1.69138204734743e+17,5.540832664605278e+22,2101806.5992477504,1.0027755394394979e+20,0.0,0.0,9.976262363963394e+16,0.0,5.0347112125760115e+23,1.0010841573921517e+20,1.6782370708586705e+23
1674227027027.0273,1706.9264327710107,258458442.97122338,0,5.923189661854131e+22,1.6782370708586705e+23,5.035712296733393e+23,9.980927554684173e+19,1.691382047347432e+17,5.540832664605278e+22,1980501.4977220658,1.002775539439499e+20,0.0,0.0,9.976262363963394e+16,0.0,5.0347112125760115e+23,1.0010841573921528e+20,1.6782370708586705e+23
1677385945945.946,1704.8640298139749,258412780.05515653,0,5.923189661854131e+22,1.6782370708586705e+23,5.035712296733393e+23,9.980927554684173e+19,1.691382047347434e+17,5.540832664605278e+22,1866197.481672763,1.0027755394395002e+20,0.0,0.0,9.976262363963394e+16,0.0,5.0347112125760115e+23,1.001084157392154e+20,1.6782370708586705e+23
1680544864864.865,1702.801626856939,258367291.47721675,0,5.923189661854131e+22,1.6782370708586705e+23,5.035712296733393e+23,9.980927554684173e+19,1.6913820473474358e+17,5.540832664605278e+22,1758490.4856711735,1.0027755394395013e+20,0.0,0.0,9.976262363963394e+16,0.0,5.0347112125760115e+23,1.0010841573921551e+20,1.6782370708586705e+23
1683703783783.784,1700.7392238999032,258321977.76121667,0,5.923189661854131e+22,1.6782370708586705e+23,5.035712296733393e+23,9.980927554684173e+19,1.6913820473474374e+17,5.540832664605278e+22,1656999.7647967418,1.0027755394395023e+20,0.0,0.0,9.976262363963394e+16,0.0,5.0347112125760115e+23,1.0010841573921561e+20,1.6782370708586705e+23
1686862702702.7026,1698.6768209428674,258276839.4337571,0,5.923189661854131e+22,1.6782370708586705e+23,5.035712296733393e+23,9.980927554684173e+19,1.691382047347439e+17,5.540832664605278e+22,1561366.5487012912,1.0027755394395033e+20,0.0,0.0,9.976262363963394e+16,0.0,5.0347112125760115e+23,1.001084157392157e+20,1.6782370708586705e+23
1690021621621.6218,1696.6144179858316,258231877.02421942,0,5.923189661854131e+22,1.6782370708586705e+23,5.035712296733393e+23,9.980927554684173e+19,1.6913820473474406e+17,5.540832664605278e+22,1471252.773353547,1.0027755394395041e+20,0.0,0.0,9.976262363963394e+16,0.0,5.0347112125760115e+23,1.0010841573921579e+20,1.6782370708586705e+23
1693180540540.5408,1694.5520150287957,258187091.0647561,0,5.923189661854131e+22,1.6782370708586705e+23,5.035712296733393e+23,9.980927554684173e+19,1.691382047347442e+17,5.540832664605278e+22,1386339.885980621,1.0027755394395049e+20,0.0,0.0,9.976262363963394e+16,0.0,5.0347112125760115e+23,1.0010841573921587e+20,1.6782370708586705e+23
1696339459459.4595,1692.48961207176,258142482.09027985,0,5.923189661854131e+22,1.6782370708586705e+23,5.035712296733393e+23,9.980927554684173e+19,1.6913820473474432e+17,5.540832664605278e+22,1306327.7189819186,1.0027755394395057e+20,0.0,0.0,9.976262363963394e+16,0.0,5.0347112125760115e+23,1.0010841573921595e+20,1.6782370708586705e+23
1699498378378.3784,1690.427209114724,258098050.6384517,0,5.923189661854131e+22,1.6782370708586705e+23,5.035712296733393e+23,9.980927554684173e+19,1.6913820473474445e+17,5.540832664605278e+22,1230933.4288347503,1.0027755394395066e+20,0.0,0.0,9.976262363963394e+16,0.0,5.0347112125760115e+23,1.0010841573921604e+20,1.6782370708586705e+23
1702657297297.2974,1688.3648061576882,258053797.2496673,0,5.923189661854131e+22,1.6782370708586705e+23,5.035712296733393e+23,9.980927554684173e+19,1.6913820473474458e+17,5.540832664605278e+22,1159890.4962406666,1.0027755394395072e+20,0.0,0.0,9.976262363963394e+16,0.0,5.0347112125760115e+23,1.001084157392161e+20,1.6782370708586705e+23
1705816216216.2163,1686.3024032006524,258009722.46704182,0,5.923189661854131e+22,1.6782370708586705e+23,5.035712296733393e+23,9.980927554684173e+19,1.691382047347447e+17,5.540832664605278e+22,1092947.783978031,1.0027755394395079e+20,0.0,0.0,9.976262363963394e+16,0.0,5.0347112125760115e+23,1.0010841573921617e+20,1.6782370708586705e+23
1708975135135.1353,1684.2400002436166,257965826.83639365,0,5.923189661854131e+22,1.6782370708586705e+23,5.035712296733393e+23,9.980927554684173e+19,1.691382047347448e+17,5.540832664605278e+22,1029868.6491303346,1.0027755394395085e+20,0.0,0.0,9.976262363963394e+16,0.0,5.0347112125760115e+23,1.0010841573921623e+20,1.6782370708586705e+23
1712134054054.0542,1682.1775972865807,257922110.9062257,0,5.923189661854131e+22,1.6782370708586705e+23,5.035712296733393e+23,9.980927554684173e+19,1.691382047347449e+17,5.540832664605278e+22,970430.10655197,1.0027755394395092e+20,0.0,0.0,9.976262363963394e+16,0.0,5.0347112125760115e+23,1.001084157392163e+20,1.6782370708586705e+23
1715292972972.9731,1680.115194329545,257878575.22770575,0,5.923189661854131e+22,1.6782370708586705e+23,5.035712296733393e+23,9.980927554684173e+19,1.69138204734745e+17,5.540832664605278e+22,914422.0406143144,1.0027755394395097e+20,0.0,0.0,9.976262363963394e+16,0.0,5.0347112125760115e+23,1.0010841573921635e+20,1.6782370708586705e+23
1718451891891.8918,1678.052791372509,257835220.35464492,0,5.923189661854131e+22,1.6782370708586705e+23,5.035712296733393e+23,9.980927554684173e+19,1.691382047347451e+17,5.540832664605278e+22,861646.4624456363,1.0027755394395102e+20,0.0,0.0,9.976262363963394e+16,0.0,5.0347112125760115e+23,1.001084157392164e+20,1.6782370708586705e+23
1721610810810.811,1675.9903884154733,257792046.84347424,0,5.923189661854131e+22,1.6782370708586705e+23,5.035712296733393e+23,9.980927554684173e+19,1.6913820473474518e+17,5.540832664605278e+22,811916.8100391665,1.0027755394395107e+20,0.0,0.0,9.976262363963394e+16,0.0,5.0347112125760115e+23,1.0010841573921645e+20,1.6782370708586705e+23
1724769729729.73,1673.9279854584374,257749055.25321925,0,5.923189661854131e+22,1.6782370708586705e+23,5.035712296733393e+23,9.980927554684173e+19,1.6913820473474525e+17,5.540832664605278e+22,765057.2887552095,1.0027755394395111e+20,0.0,0.0,9.976262363963394e+16,0.0,5.0347112125760115e+23,1.001084157392165e+20,1.6782370708586705e+23
1727928648648.6487,1671.8655825014016,257706246.14547294,0,5.923189661854131e+22,1.6782370708586705e+23,5.035712296733393e+23,9.980927554684173e+19,1.691382047347453e+17,5.540832664605278e+22,720902.2498859665,1.0027755394395116e+20,0.0,0.0,9.976262363963394e+16,0.0,5.0347112125760115e+23,1.0010841573921654e+20,1.6782370708586705e+23
1731087567567.5676,1669.8031795443658,257663620.08436674,0,5.923189661854131e+22,1.6782370708586705e+23,5.035712296733393e+23,9.980927554684173e+19,1.6913820473474538e+17,5.540832664605278e+22,679295.6050862926,1.0027755394395121e+20,0.0,0.0,9.976262363963394e+16,0.0,5.0347112125760115e+23,1.001084157392166e+20,1.6782370708586705e+23
1734246486486.4866,1667.74077658733,257621177.63653937,0,5.923189661854131e+22,1.6782370708586705e+23,5.035712296733393e+23,9.980927554684173e+19,1.6913820473474544e+17,5.540832664605278e+22,640090.2746003971,1.0027755394395125e+20,0.0,0.0,9.976262363963394e+16,0.0,5.0347112125760115e+23,1.0010841573921663e+20,1.6782370708586705e+23
1737405405405.4055,1665.6783736302941,257578919.37110347,0,5.923189661854131e+22,1.6782370708586705e+23,5.035712296733393e+23,9.980927554684173e+19,1.691382047347455e+17,5.540832664605278e+22,603147.6673339651,1.0027755394395128e+20,0.0,0.0,9.976262363963394e+16,0.0,5.0347112125760115e+23,1.0010841573921666e+20,1.6782370708586705e+23
1740564324324.3245,1663.6159706732583,257536845.85961035,0,5.923189661854131e+22,1.6782370708586705e+23,5.035712296733393e+23,9.980927554684173e+19,1.6913820473474557e+17,5.540832664605278e+22,568337.1909337518,1.0027755394395131e+20,0.0,0.0,9.976262363963394e+16,0.0,5.0347112125760115e+23,1.0010841573921669e+20,1.6782370708586705e+23
1743723243243.2434,1661.5535677162225,257494957.6760122,0,5.923189661854131e+22,1.6782370708586705e+23,5.035712296733393e+23,9.980927554684173e+19,1.6913820473474563e+17,5.540832664605278e+22,535535.7901427769,1.0027755394395134e+20,0.0,0.0,9.976262363963394e+16,0.0,5.0347112125760115e+23,1.0010841573921672e+20,1.6782370708586705e+23
1746882162162.162,1659.4911647591866,257453255.3966222,0,5.923189661854131e+22,1.6782370708586705e+23,5.035712296733393e+23,9.980927554684173e+19,1.691382047347457e+17,5.540832664605278e+22,504627.5117992043,1.0027755394395138e+20,0.0,0.0,9.976262363963394e+16,0.0,5.0347112125760115e+23,1.0010841573921676e+20,1.6782370708586705e+23
1750041081081.081,1657.4287618021508,257411739.60007226,0,5.923189661854131e+22,1.6782370708586705e+23,5.035712296733393e+23,9.980927554684173e+19,1.6913820473474576e+17,5.540832664605278e+22,475503.0949411713,1.0027755394395141e+20,0.0,0.0,9.976262363963394e+16,0.0,5.0347112125760115e+23,1.0010841573921679e+20,1.6782370708586705e+23
1753200000000.0002,1655.366358845115,257370410.86726803,0,5.923189661854131e+22,1.6782370708586705e+23,5.035712296733393e+23,9.980927554684173e+19,1.691382047347458e+17,5.540832664605278e+22,448059.5845685897,1.0027755394395144e+20,0.0,0.0,9.976262363963394e+16,0.0,5.0347112125760115e+23,1.0010841573921682e+20,1.6782370708586705e+23
1756358918918.9192,1653.3039558880791,257329269.78134185,0,5.923189661854131e+22,1.6782370708586705e+23,5.035712296733393e+23,9.980927554684173e+19,1.6913820473474582e+17,5.540832664605278e+22,422199.9676965607,1.0027755394395147e+20,0.0,0.0,9.976262363963394e+16,0.0,5.0347112125760115e+23,1.0010841573921686e+20,1.6782370708586705e+23
1759517837837.838,1651.2415529310433,257288316.92760244,0,5.923189661854131e+22,1.6782370708586705e+23,5.035712296733393e+23,9.980927554684173e+19,1.6913820473474586e+17,5.540832664605278e+22,397832.83041385247,1.0027755394395149e+20,0.0,0.0,9.976262363963394e+16,0.0,5.0347112125760115e+23,1.0010841573921687e+20,1.6782370708586705e+23
1762676756756.7568,1649.1791499740075,257247552.89348254,0,5.923189661854131e+22,1.6782370708586705e+23,5.035712296733393e+23,9.980927554684173e+19,1.691382047347459e+17,5.540832664605278e+22,374872.0347341381,1.002775539439515e+20,0.0,0.0,9.976262363963394e+16,0.0,5.0347112125760115e+23,1.0010841573921689e+20,1.6782370708586705e+23
1765835675675.6758,1647.1167470169717,257206978.2684834,0,5.923189661854131e+22,1.6782370708586705e+23,5.035712296733393e+23,9.980927554684173e+19,1.6913820473474592e+17,5.540832664605278e+22,353236.41409766284,1.0027755394395152e+20,0.0,0.0,9.976262363963394e+16,0.0,5.0347112125760115e+23,1.001084157392169e+20,1.6782370708586705e+23
1768994594594.5947,1645.0543440599358,257166593.64411628,0,5.923189661854131e+22,1.6782370708586705e+23,5.035712296733393e+23,9.980927554684173e+19,1.6913820473474595e+17,5.540832664605278e+22,332849.4864469352,1.0027755394395154e+20,0.0,0.0,9.976262363963394e+16,0.0,5.0347112125760115e+23,1.0010841573921692e+20,1.6782370708586705e+23
1772153513513.5137,1642.9919411029,257126399.6138416,0,5.923189661854131e+22,1.6782370708586705e+23,5.035712296733393e+23,9.980927554684173e+19,1.69138204734746e+17,5.540832664605278e+22,313639.1838621644,1.0027755394395156e+20,0.0,0.0,9.976262363963394e+16,0.0,5.0347112125760115e+23,1.0010841573921694e+20,1.6782370708586705e+23
1775312432432.4326,1640.9295381458642,257086396.77300435,0,5.923189661854131e+22,1.6782370708586705e+23,5.035712296733393e+23,9.980927554684173e+19,1.6913820473474602e+17,5.540832664605278e+22,295537.59780070203,1.0027755394395157e+20,0.0,0.0,9.976262363963394e+16,0.0,5.0347112125760115e+23,1.0010841573921695e+20,1.6782370708586705e+23
1778471351351.3513,1638.8671351888283,257046585.7187667,0,5.923189661854131e+22,1.6782370708586705e+23,5.035712296733393e+23,9.980927554684173e+19,1.6913820473474605e+17,5.540832664605278e+22,278480.73903990927,1.0027755394395159e+20,0.0,0.0,9.976262363963394e+16,0.0,5.0347112125760115e+23,1.0010841573921697e+20,1.6782370708586705e+23
1781630270270.2703,1636.8047322317925,257006967.0500376,0,5.923189661854131e+22,1.6782370708586705e+23,5.035712296733393e+23,9.980927554684173e+19,1.6913820473474608e+17,5.540832664605278e+22,262408.3114748449,1.002775539439516e+20,0.0,0.0,9.976262363963394e+16,0.0,5.0347112125760115e+23,1.0010841573921699e+20,1.6782370708586705e+23
1784789189189.1895,1634.7423292747567,256967541.36739856,0,5.923189661854131e+22,1.6782370708586705e+23,5.035712296733393e+23,9.980927554684173e+19,1.691382047347461e+17,5.540832664605278e+22,247263.4989711482,1.0027755394395162e+20,0.0,0.0,9.976262363963394e+16,0.0,5.0347112125760115e+23,1.00108415739217e+20,1.6782370708586705e+23
1787948108108.1082,1632.6799263177209,256928309.27302656,0,5.923189661854131e+22,1.6782370708586705e+23,5.035712296733393e+23,9.980927554684173e+19,1.6913820473474614e+17,5.540832664605278e+22,232992.76451964048,1.0027755394395164e+20,0.0,0.0,9.976262363963394e+16,0.0,5.0347112125760115e+23,1.0010841573921702e+20,1.6782370708586705e+23
1791107027027.027,1630.617523360685,256889271.37061292,0,5.923189661854131e+22,1.6782370708586705e+23,5.035712296733393e+23,9.980927554684173e+19,1.6913820473474618e+17,5.540832664605278e+22,219545.6609826545,1.0027755394395165e+20,0.0,0.0,9.976262363963394e+16,0.0,5.0347112125760115e+23,1.0010841573921704e+20,1.6782370708586705e+23
1794265945945.946,1628.5551204036492,256850428.2652792,0,5.923189661854131e+22,1.6782370708586705e+23,5.035712296733393e+23,9.980927554684173e+19,1.691382047347462e+17,5.540832664605278e+22,206874.65276307985,1.0027755394395167e+20,0.0,0.0,9.976262363963394e+16,0.0,5.0347112125760115e+23,1.0010841573921705e+20,1.6782370708586705e+23
1797424864864.865,1626.4927174466134,256811780.56348872,0,5.923189661854131e+22,1.6782370708586705e+23,5.035712296733393e+23,9.980927554684173e+19,1.6913820473474624e+17,5.540832664605278e+22,194934.94776572293,1.0027755394395169e+20,0.0,0.0,9.976262363963394e+16,0.0,5.0347112125760115e+23,1.0010841573921707e+20,1.6782370708586705e+23
1800583783783.784,1624.4303144895775,256773328.87295488,0,5.923189661854131e+22,1.6782370708586705e+23,5.035712296733393e+23,9.980927554684173e+19,1.6913820473474627e+17,5.540832664605278e+22,183684.33905696336,1.002775539439517e+20,0.0,0.0,9.976262363963394e+16,0.0,5.0347112125760115e+23,1.0010841573921708e+20,1.6782370708586705e+23
1803742702702.703,1622.3679115325417,256735073.802545,0,5.923189661854131e+22,1.6782370708586705e+23,5.035712296733393e+23,9.980927554684173e+19,1.691382047347463e+17,5.540832664605278e+22,173083.0556629736,1.0027755394395172e+20,0.0,0.0,9.976262363963394e+16,0.0,5.0347112125760115e+23,1.001084157392171e+20,1.6782370708586705e+23
1806901621621.6218,1620.3055085755059,256697015.96218085,0,5.923189661854131e+22,1.6782370708586705e+23,5.035712296733393e+23,9.980927554684173e+19,1.6913820473474634e+17,5.540832664605278e+22,163093.62197907173,1.0027755394395174e+20,0.0,0.0,9.976262363963394e+16,0.0,5.0347112125760115e+23,1.0010841573921712e+20,1.6782370708586705e+23
1810060540540.5405,1618.24310561847,256659155.9627342,0,5.923189661854131e+22,1.6782370708586705e+23,5.035712296733393e+23,9.980927554684173e+19,1.6913820473474634e+17,5.540832664605278e+22,153680.72529321883,1.0027755394395175e+20,0.0,0.0,9.976262363963394e+16,0.0,5.0347112125760115e+23,1.0010841573921713e+20,1.6782370708586705e+23
1813219459459.4595,1616.1807026614342,256621494.41591907,0,5.923189661854131e+22,1.6782370708586705e+23,5.035712296733393e+23,9.980927554684173e+19,1.6913820473474634e+17,5.540832664605278e+22,144811.0909553559,1.0027755394395177e+20,0.0,0.0,9.976262363963394e+16,0.0,5.0347112125760115e+23,1.0010841573921715e+20,1.6782370708586705e+23
1816378378378.3787,1614.1182997043984,256584031.93417886,0,5.923189661854131e+22,1.6782370708586705e+23,5.035712296733393e+23,9.980927554684173e+19,1.6913820473474634e+17,5.540832664605278e+22,136453.3647513028,1.0027755394395179e+20,0.0,0.0,9.976262363963394e+16,0.0,5.0347112125760115e+23,1.0010841573921717e+20,1.6782370708586705e+23
1819537297297.2974,1612.0558967473626,256546769.13056964,0,5.923189661854131e+22,1.6782370708586705e+23,5.035712296733393e+23,9.980927554684173e+19,1.6913820473474634e+17,5.540832664605278e+22,128578.00206541044,1.0027755394395179e+20,0.0,0.0,9.976262363963394e+16,0.0,5.0347112125760115e+23,1.0010841573921717e+20,1.6782370708586705e+23
1822696216216.2163,1609.9934937903267,256509706.6186382,0,5.923189661854131e+22,1.6782370708586705e+23,5.035712296733393e+23,9.980927554684173e+19,1.6913820473474634e+17,5.540832664605278e+22,121157.16344015508,1.0027755394395179e+20,0.0,0.0,9.976262363963394e+16,0.0,5.0347112125760115e+23,1.0010841573921717e+20,1.6782370708586705e+23
1825855135135.1353,1607.931090833291,256472845.01229635,0,5.923189661854131e+22,1.6782370708586705e+23,5.035712296733393e+23,9.980927554684173e+19,1.6913820473474634e+17,5.540832664605278e+22,114164.61616347791,1.0027755394395179e+20,0.0,0.0,9.976262363963394e+16,0.0,5.0347112125760115e+23,1.0010841573921717e+20,1.6782370708586705e+23
1829014054054.054,1605.868687876255,256436184.92568958,0,5.923189661854131e+22,1.6782370708586705e+23,5.035712296733393e+23,9.980927554684173e+19,1.6913820473474634e+17,5.540832664605278e+22,107575.6415359798,1.0027755394395179e+20,0.0,0.0,9.976262363963394e+16,0.0,5.0347112125760115e+23,1.0010841573921717e+20,1.6782370708586705e+23
1832172972972.9731,1603.8062849192193,256399726.97306135,0,5.923189661854131e+22,1.6782370708586705e+23,5.035712296733393e+23,9.980927554684173e+19,1.6913820473474634e+17,5.540832664605278e+22,101366.94749016076,1.0027755394395179e+20,0.0,0.0,9.976262363963394e+16,0.0,5.0347112125760115e+23,1.0010841573921717e+20,1.6782370708586705e+23
1835331891891.892,1601.7438819621834,256363471.76861206,0,5.923189661854131e+22,1.6782370708586705e+23,5.035712296733393e+23,9.980927554684173e+19,1.6913820473474634e+17,5.540832664605278e+22,95516.58625281208,1.0027755394395179e+20,0.0,0.0,9.976262363963394e+16,0.0,5.0347112125760115e+23,1.0010841573921717e+20,1.6782370708586705e+23
1838490810810.811,1599.6814790051476,256327419.9263531,0,5.923189661854131e+22,1.6782370708586705e+23,5.035712296733393e+23,9.980927554684173e+19,1.6913820473474634e+17,5.540832664605278e+22,90003.87675949755,1.0027755394395179e+20,0.0,0.0,9.976262363963394e+16,0.0,5.0347112125760115e+23,1.0010841573921717e+20,1.6782370708586705e+23
1841649729729.7297,1597.6190760481118,256291572.05995572,0,5.923189661854131e+22,1.6782370708586705e+23,5.035712296733393e+23,9.980927554684173e+19,1.6913820473474634e+17,5.540832664605278e+22,84809.33154685826,1.0027755394395179e+20,0.0,0.0,9.976262363963394e+16,0.0,5.0347112125760115e+23,1.0010841573921717e+20,1.6782370708586705e+23
1844808648648.6487,1595.556673091076,256255928.782594,0,5.923189661854131e+22,1.6782370708586705e+23,5.035712296733393e+23,9.980927554684173e+19,1.6913820473474634e+17,5.540832664605278e+22,79914.5878643048,1.0027755394395179e+20,0.0,0.0,9.976262363963394e+16,0.0,5.0347112125760115e+23,1.0010841573921717e+20,1.6782370708586705e+23
1847967567567.5679,1593.49427013404,256220490.70678324,0,5.923189661854131e+22,1.6782370708586705e+23,5.035712296733393e+23,9.980927554684173e+19,1.6913820473474634e+17,5.540832664605278e+22,75302.34276157636,1.0027755394395179e+20,0.0,0.0,9.976262363963394e+16,0.0,5.0347112125760115e+23,1.0010841573921717e+20,1.6782370708586705e+23
1851126486486.4866,1591.4318671770043,256185258.4442119,0,5.923189661854131e+22,1.6782370708586705e+23,5.035712296733393e+23,9.980927554684173e+19,1.6913820473474634e+17,5.540832664605278e+22,70956.29192270078,1.0027755394395179e+20,0.0,0.0,9.976262363963394e+16,0.0,5.0347112125760115e+23,1.0010841573921717e+20,1.6782370708586705e+23
1854285405405.4055,1589.3694642199684,256150232.6055683,0,5.923189661854131e+22,1.6782370708586705e+23,5.035712296733393e+23,9.980927554684173e+19,1.6913820473474634e+17,5.540832664605278e+22,66861.07203013315,1.0027755394395179e+20,0.0,0.0,9.976262363963394e+16,0.0,5.0347112125760115e+23,1.0010841573921717e+20,1.6782370708586705e+23
1857444324324.3245,1587.3070612629326,256115413.8003613,0,5.923189661854131e+22,1.6782370708586705e+23,5.035712296733393e+23,9.980927554684173e+19,1.6913820473474634e+17,5.540832664605278e+22,63002.206455329906,1.0027755394395179e+20,0.0,0.0,9.976262363963394e+16,0.0,5.0347112125760115e+23,1.0010841573921717e+20,1.6782370708586705e+23
1860603243243.2432,1585.2446583058968,256080802.6367352,0,5.923189661854131e+22,1.6782370708586705e+23,5.035712296733393e+23,9.980927554684173e+19,1.6913820473474634e+17,5.540832664605278e+22,59366.054083774296,1.0027755394395179e+20,0.0,0.0,9.976262363963394e+16,0.0,5.0347112125760115e+23,1.0010841573921717e+20,1.6782370708586705e+23
1863762162162.1624,1583.182255348861,256046399.7212782,0,5.923189661854131e+22,1.6782370708586705e+23,5.035712296733393e+23,9.980927554684173e+19,1.6913820473474634e+17,5.540832664605278e+22,55939.76109354915,1.0027755394395179e+20,0.0,0.0,9.976262363963394e+16,0.0,5.0347112125760115e+23,1.0010841573921717e+20,1.6782370708586705e+23
1866921081081.0813,1581.1198523918251,256012205.65882525,0,5.923189661854131e+22,1.6782370708586705e+23,5.035712296733393e+23,9.980927554684173e+19,1.6913820473474634e+17,5.540832664605278e+22,52711.2155169941,1.0027755394395179e+20,0.0,0.0,9.976262363963394e+16,0.0,5.0347112125760115e+23,1.0010841573921717e+20,1.6782370708586705e+23
1870080000000.0,1579.0574494347893,255978221.05225405,0,5.923189661854131e+22,1.6782370708586705e+23,5.035712296733393e+23,9.980927554684173e+19,1.6913820473474634e+17,5.540832664605278e+22,49669.00442482239,1.0027755394395179e+20,0.0,0.0,9.976262363963394e+16,0.0,5.0347112125760115e+23,1.0010841573921717e+20,1.6782370708586705e+23
1873238918918.919,1576.9950464777535,255944446.50227484,0,5.923189661854131e+22,1.6782370708586705e+23,5.035712296733393e+23,9.980927554684173e+19,1.6913820473474634e+17,5.540832664605278e+22,46802.3735813427,1.0027755394395179e+20,0.0,0.0,9.976262363963394e+16,0.0,5.0347112125760115e+23,1.0010841573921717e+20,1.6782370708586705e+23
1876397837837.838,1574.9326435207176,255910882.60721382,0,5.923189661854131e+22,1.6782370708586705e+23,5.035712296733393e+23,9.980927554684173e+19,1.6913820473474634e+17,5.540832664605278e+22,44101.189428167156,1.0027755394395179e+20,0.0,0.0,9.976262363963394e+16,0.0,5.0347112125760115e+23,1.0010841573921717e+20,1.6782370708586705e+23
1879556756756.757,1572.8702405636818,255877529.9627898,0,5.923189661854131e+22,1.6782370708586705e+23,5.035712296733393e+23,9.980927554684173e+19,1.6913820473474634e+17,5.540832664605278e+22,41555.90326201754,1.0027755394395179e+20,0.0,0.0,9.976262363963394e+16,0.0,5.0347112125760115e+23,1.0010841573921717e+20,1.6782370708586705e+23
1882715675675.6758,1570.807837606646,255844389.16188383,0,5.923189661854131e+22,1.6782370708586705e+23,5.035712296733393e+23,9.980927554684173e+19,1.6913820473474634e+17,5.540832664605278e+22,39157.51747999804,1.0027755394395179e+20,0.0,0.0,9.976262363963394e+16,0.0,5.0347112125760115e+23,1.0010841573921717e+20,1.6782370708586705e+23
1885874594594.5947,1568.7454346496102,255811460.7943024,0,5.923189661854131e+22,1.6782370708586705e+23,5.035712296733393e+23,9.980927554684173e+19,1.6913820473474634e+17,5.540832664605278e+22,36897.553773011394,1.0027755394395179e+20,0.0,0.0,9.976262363963394e+16,0.0,5.0347112125760115e+23,1.0010841573921717e+20,1.6782370708586705e+23
1889033513513.5137,1566.6830316925743,255778745.44653362,0,5.923189661854131e+22,1.6782370708586705e+23,5.035712296733393e+23,9.980927554684173e+19,1.6913820473474634e+17,5.540832664605278e+22,34768.02315488197,1.0027755394395179e+20,0.0,0.0,9.976262363963394e+16,0.0,5.0347112125760115e+23,1.0010841573921717e+20,1.6782370708586705e+23
1892192432432.4326,1564.6206287355385,255746243.70149598,0,5.923189661854131e+22,1.6782370708586705e+23,5.035712296733393e+23,9.980927554684173e+19,1.6913820473474634e+17,5.540832664605278e+22,32761.39772123846,1.0027755394395179e+20,0.0,0.0,9.976262363963394e+16,0.0,5.0347112125760115e+23,1.0010841573921717e+20,1.6782370708586705e+23
1895351351351.3516,1562.5582257785027,255713956.1382804,0,5.923189661854131e+22,1.6782370708586705e+23,5.035712296733393e+23,9.980927554684173e+19,1.6913820473474634e+17,5.540832664605278e+22,30870.58403832371,1.0027755394395179e+20,0.0,0.0,9.976262363963394e+16,0.0,5.0347112125760115e+23,1.0010841573921717e+20,1.6782370708586705e+23
1898510270270.2705,1560.4958228214668,255681883.3318847,0,5.923189661854131e+22,1.6782370708586705e+23,5.035712296733393e+23,9.980927554684173e+19,1.6913820473474634e+17,5.540832664605278e+22,29088.898067660986,1.0027755394395179e+20,0.0,0.0,9.976262363963394e+16,0.0,5.0347112125760115e+23,1.0010841573921717e+20,1.6782370708586705e+23
1901669189189.1892,1558.433419864431,255650025.85294095,0,5.923189661854131e+22,1.6782370708586705e+23,5.035712296733393e+23,9.980927554684173e+19,1.6913820473474634e+17,5.540832664605278e+22,27410.041537935165,1.0027755394395179e+20,0.0,0.0,9.976262363963394e+16,0.0,5.0347112125760115e+23,1.0010841573921717e+20,1.6782370708586705e+23
1904828108108.1082,1556.3710169073952,255618384.26743516,0,5.923189661854131e+22,1.6782370708586705e+23,5.035712296733393e+23,9.980927554684173e+19,1.6913820473474634e+17,5.540832664605278e+22,25828.079680563278,1.0027755394395179e+20,0.0,0.0,9.976262363963394e+16,0.0,5.0347112125760115e+23,1.0010841573921717e+20,1.6782370708586705e+23
1907987027027.0273,1554.3086139503594,255586959.13641977,0,5.923189661854131e+22,1.6782370708586705e+23,5.035712296733393e+23,9.980927554684173e+19,1.6913820473474634e+17,5.540832664605278e+22,24337.42025024959,1.0027755394395179e+20,0.0,0.0,9.976262363963394e+16,0.0,5.0347112125760115e+23,1.0010841573921717e+20,1.6782370708586705e+23
1911145945945.946,1552.2462109933235,255555751.01571816,0,5.923189661854131e+22,1.6782370708586705e+23,5.035712296733393e+23,9.980927554684173e+19,1.6913820473474634e+17,5.540832664605278e+22,22932.79375636266,1.0027755394395179e+20,0.0,0.0,9.976262363963394e+16,0.0,5.0347112125760115e+23,1.0010841573921717e+20,1.6782370708586705e+23
1914304864864.865,1550.1838080362877,255524760.4556219,0,5.923189661854131e+22,1.6782370708586705e+23,5.035712296733393e+23,9.980927554684173e+19,1.6913820473474634e+17,5.540832664605278e+22,21609.234835252217,1.0027755394395179e+20,0.0,0.0,9.976262363963394e+16,0.0,5.0347112125760115e+23,1.0010841573921717e+20,1.6782370708586705e+23
1917463783783.784,1548.1214050792519,255493988.00057998,0,5.923189661854131e+22,1.6782370708586705e+23,5.035712296733393e+23,9.980927554684173e+19,1.6913820473474634e+17,5.540832664605278e+22,20362.064697656868,1.0027755394395179e+20,0.0,0.0,9.976262363963394e+16,0.0,5.0347112125760115e+23,1.0010841573921717e+20,1.6782370708586705e+23
1920622702702.703,1546.059002122216,255463434.1888806,0,5.923189661854131e+22,1.6782370708586705e+23,5.035712296733393e+23,9.980927554684173e+19,1.6913820473474634e+17,5.540832664605278e+22,19186.874589154086,1.0027755394395179e+20,0.0,0.0,9.976262363963394e+16,0.0,5.0347112125760115e+23,1.0010841573921717e+20,1.6782370708586705e+23
1923781621621.6218,1543.9965991651802,255433099.55232474,0,5.923189661854131e+22,1.6782370708586705e+23,5.035712296733393e+23,9.980927554684173e+19,1.6913820473474634e+17,5.540832664605278e+22,18079.51020518511,1.0027755394395179e+20,0.0,0.0,9.976262363963394e+16,0.0,5.0347112125760115e+23,1.0010841573921717e+20,1.6782370708586705e+23
1926940540540.5408,1541.9341962081444,255402984.61589217,0,5.923189661854131e+22,1.6782370708586705e+23,5.035712296733393e+23,9.980927554684173e+19,1.6913820473474634e+17,5.540832664605278e+22,17036.057005561714,1.0027755394395179e+20,0.0,0.0,9.976262363963394e+16,0.0,5.0347112125760115e+23,1.0010841573921717e+20,1.6782370708586705e+23
1930099459459.4597,1539.8717932511086,255373089.89739937,0,5.923189661854131e+22,1.6782370708586705e+23,5.035712296733393e+23,9.980927554684173e+19,1.6913820473474634e+17,5.540832664605278e+22,16052.826376541589,1.0027755394395179e+20,0.0,0.0,9.976262363963394e+16,0.0,5.0347112125760115e+23,1.0010841573921717e+20,1.6782370708586705e+23
1933258378378.3784,1537.8093902940727,255343415.90714967,0,5.923189661854131e+22,1.6782370708586705e+23,5.035712296733393e+23,9.980927554684173e+19,1.6913820473474634e+17,5.540832664605278e+22,15126.342591555132,1.0027755394395179e+20,0.0,0.0,9.976262363963394e+16,0.0,5.0347112125760115e+23,1.0010841573921717e+20,1.6782370708586705e+23
1936417297297.2974,1535.746987337037,255313963.14757547,0,5.923189661854131e+22,1.6782370708586705e+23,5.035712296733393e+23,9.980927554684173e+19,1.6913820473474634e+17,5.540832664605278e+22,14253.330524489777,1.0027755394395179e+20,0.0,0.0,9.976262363963394e+16,0.0,5.0347112125760115e+23,1.0010841573921717e+20,1.6782370708586705e+23
1939576216216.2166,1533.684584380001,255284732.11287242,0,5.923189661854131e+22,1.6782370708586705e+23,5.035712296733393e+23,9.980927554684173e+19,1.6913820473474634e+17,5.540832664605278e+22,13430.704072098204,1.0027755394395179e+20,0.0,0.0,9.976262363963394e+16,0.0,5.0347112125760115e+23,1.0010841573921717e+20,1.6782370708586705e+23
1942735135135.1353,1531.6221814229652,255255723.28862563,0,5.923189661854131e+22,1.6782370708586705e+23,5.035712296733393e+23,9.980927554684173e+19,1.6913820473474634e+17,5.540832664605278e+22,12655.555244603607,1.0027755394395179e+20,0.0,0.0,9.976262363963394e+16,0.0,5.0347112125760115e+23,1.0010841573921717e+20,1.6782370708586705e+23
1945894054054.0542,1529.5597784659294,255226937.1514283,0,5.923189661854131e+22,1.6782370708586705e+23,5.035712296733393e+23,9.980927554684173e+19,1.6913820473474634e+17,5.540832664605278e+22,11925.143885937208,1.0027755394395179e+20,0.0,0.0,9.976262363963394e+16,0.0,5.0347112125760115e+23,1.0010841573921717e+20,1.6782370708586705e+23
1949052972972.9731,1527.4973755088936,255198374.1684918,0,5.923189661854131e+22,1.6782370708586705e+23,5.035712296733393e+23,9.980927554684173e+19,1.6913820473474634e+17,5.540832664605278e+22,11236.887987269009,1.0027755394395179e+20,0.0,0.0,9.976262363963394e+16,0.0,5.0347112125760115e+23,1.0010841573921717e+20,1.6782370708586705e+23
1952211891891.8918,1525.4349725518578,255170034.7972488,0,5.923189661854131e+22,1.6782370708586705e+23,5.035712296733393e+23,9.980927554684173e+19,1.6913820473474634e+17,5.540832664605278e+22,10588.354559590043,1.0027755394395179e+20,0.0,0.0,9.976262363963394e+16,0.0,5.0347112125760115e+23,1.0010841573921717e+20,1.6782370708586705e+23
1955370810810.811,1523.372569594822,255141919.48494786,0,5.923189661854131e+22,1.6782370708586705e+23,5.035712296733393e+23,9.980927554684173e+19,1.6913820473474634e+17,5.540832664605278e+22,9977.251033080649,1.0027755394395179e+20,0.0,0.0,9.976262363963394e+16,0.0,5.0347112125760115e+23,1.0010841573921717e+20,1.6782370708586705e+23
1958529729729.73,1521.310166637786,255114028.66824073,0,5.923189661854131e+22,1.6782370708586705e+23,5.035712296733393e+23,9.980927554684173e+19,1.6913820473474634e+17,5.540832664605278e+22,9401.417152861479,1.0027755394395179e+20,0.0,0.0,9.976262363963394e+16,0.0,5.0347112125760115e+23,1.0010841573921717e+20,1.6782370708586705e+23
1961688648648.649,1519.2477636807503,255086362.77276173,0,5.923189661854131e+22,1.6782370708586705e+23,5.035712296733393e+23,9.980927554684173e+19,1.6913820473474634e+17,5.540832664605278e+22,8858.817342478666,1.0027755394395179e+20,0.0,0.0,9.976262363963394e+16,0.0,5.0347112125760115e+23,1.0010841573921717e+20,1.6782370708586705e+23
1964847567567.5676,1517.1853607237144,255058922.21269995,0,5.923189661854131e+22,1.6782370708586705e+23,5.035712296733393e+23,9.980927554684173e+19,1.6913820473474634e+17,5.540832664605278e+22,8347.533508128025,1.0027755394395179e+20,0.0,0.0,9.976262363963394e+16,0.0,5.0347112125760115e+23,1.0010841573921717e+20,1.6782370708586705e+23
1968006486486.4866,1515.1229577666786,255031707.39036387,0,5.923189661854131e+22,1.6782370708586705e+23,5.035712296733393e+23,9.980927554684173e+19,1.6913820473474634e+17,5.540832664605278e+22,7865.758258181174,1.0027755394395179e+20,0.0,0.0,9.976262363963394e+16,0.0,5.0347112125760115e+23,1.0010841573921717e+20,1.6782370708586705e+23
1971165405405.4058,1513.0605548096428,255004718.69573838,0,5.923189661854131e+22,1.6782370708586705e+23,5.035712296733393e+23,9.980927554684173e+19,1.6913820473474634e+17,5.540832664605278e+22,7411.788514044554,1.0027755394395179e+20,0.0,0.0,9.976262363963394e+16,0.0,5.0347112125760115e+23,1.0010841573921717e+20,1.6782370708586705e+23
1974324324324.3245,1510.998151852607,254977956.50603524,0,5.923189661854131e+22,1.6782370708586705e+23,5.035712296733393e+23,9.980927554684173e+19,1.6913820473474634e+17,5.540832664605278e+22,6984.019489765695,1.0027755394395179e+20,0.0,0.0,9.976262363963394e+16,0.0,5.0347112125760115e+23,1.0010841573921717e+20,1.6782370708586705e+23
1977483243243.2434,1508.9357488955711,254951421.1852365,0,5.923189661854131e+22,1.6782370708586705e+23,5.035712296733393e+23,9.980927554684173e+19,1.6913820473474634e+17,5.540832664605278e+22,6580.939019104595,1.0027755394395179e+20,0.0,0.0,9.976262363963394e+16,0.0,5.0347112125760115e+23,1.0010841573921717e+20,1.6782370708586705e+23
1980642162162.1624,1506.8733459385353,254925113.0836304,0,5.923189661854131e+22,1.6782370708586705e+23,5.035712296733393e+23,9.980927554684173e+19,1.6913820473474634e+17,5.540832664605278e+22,6201.122210016385,1.0027755394395179e+20,0.0,0.0,9.976262363963394e+16,0.0,5.0347112125760115e+23,1.0010841573921717e+20,1.6782370708586705e+23
1983801081081.081,1504.8109429814995,254899032.5373419,0,5.923189661854131e+22,1.6782370708586705e+23,5.035712296733393e+23,9.980927554684173e+19,1.6913820473474634e+17,5.540832664605278e+22,5843.226407648821,1.0027755394395179e+20,0.0,0.0,9.976262363963394e+16,0.0,5.0347112125760115e+23,1.0010841573921717e+20,1.6782370708586705e+23
1986960000000.0002,1502.7485400244636,254873179.86785567,0,5.923189661854131e+22,1.6782370708586705e+23,5.035712296733393e+23,9.980927554684173e+19,1.6913820473474634e+17,5.540832664605278e+22,5505.986448048784,1.0027755394395179e+20,0.0,0.0,9.976262363963394e+16,0.0,5.0347112125760115e+23,1.0010841573921717e+20,1.6782370708586705e+23
1990118918918.9192,1500.6861370674278,254847555.38153398,0,5.923189661854131e+22,1.6782370708586705e+23,5.035712296733393e+23,9.980927554684173e+19,1.6913820473474634e+17,5.540832664605278e+22,5188.210185799609,1.0027755394395179e+20,0.0,0.0,9.976262363963394e+16,0.0,5.0347112125760115e+23,1.0010841573921717e+20,1.6782370708586705e+23
1993277837837.838,1498.623734110392,254822159.36912817,1,5.923176355719586e+22,1.6782370708586705e+23,5.035711016365487e+23,9.980927554684173e+19,3.607685928427862e+16,5.540845970739823e+22,4888.774279779395,1.0027755394395179e+20,5024554809440896.0,1.2803679064102682e+17,9.972870477003579e+16,33918869598149.06,5.0347112125760115e+23,1.0010841573921717e+20,1.6782370708586705e+23
1996436756756.7568,1496.5613311533562,254796992.10528484,1,5.9231735175568305e+22,1.6782370708586705e+23,5.0357106949194344e+23,9.980927554684173e+19,7695231733906132.0,5.540848808902579e+22,4606.619499833847,1.0027755394395179e+20,1261577108343092.0,1.6018139589249712e+17,9.969409111093125e+16,68532528702687.805,5.0347112125760115e+23,1.0010841573921717e+20,1.6782370708586705e+23
1999595675675.6758,1494.4989281963203,254772053.8480468,1,5.923172912175991e+22,1.6782370708586705e+23,5.0357106245284785e+23,9.980927554684173e+19,1641423337767907.0,5.540849414283418e+22,4340.749088437966,1.0027755394395179e+20,276289940655128.0,1.672204914563233e+17,9.965876868581526e+16,103854953818667.53,5.0347112125760115e+23,1.0010841573921717e+20,1.6782370708586705e+23
2002754594594.5947,1492.4365252392845,254747344.83834884,1,5.923172783046339e+22,1.6782370708586705e+23,5.0357106094447205e+23,9.980927554684173e+19,350126814707836.5,5.5408495434130705e+22,4090.223321734786,1.0027755394395179e+20,59210658549658.0,1.6872886726148883e+17,9.962272324778078e+16,139900391853153.1,5.0347112125760115e+23,1.0010841573921717e+20,1.6782370708586705e+23
2005913513513.5137,1490.3741222822487,254722865.29950956,1,5.923172755502202e+22,1.6782370708586705e+23,5.0357106062246164e+23,9.980927554684173e+19,74685442034574.03,5.5408495709572074e+22,3854.156610991752,1.0027755394395179e+20,12641599011263.812,1.6905087769370048e+17,9.958594027474392e+16,176683364890024.94,5.0347112125760115e+23,1.0010841573921717e+20,1.6782370708586705e+23
2009072432432.4326,1488.3117193252128,254698615.4367187,1,5.923172749626791e+22,1.6782370708586705e+23,5.035710605537632e+23,9.980927554684173e+19,15931339744576.453,5.540849576832618e+22,3631.7144587752778,1.0027755394395179e+20,2697244984960.2734,1.6911957615001677e+17,9.954840496460475e+16,214218675029194.12,5.0347112125760115e+23,1.0010841573921717e+20,1.6782370708586705e+23
2012231351351.3516,1486.249316368177,254674595.43652076,1,5.923172748373497e+22,1.6782370708586705e+23,5.035710605391084e+23,9.980927554684173e+19,3398398862805.875,5.540849578085912e+22,3422.1105264733546,1.0027755394395179e+20,575430590216.3535,1.6913423090529328e+17,9.951010223034378e+16,252521409290165.72,5.0347112125760115e+23,1.0010841573921717e+20,1.6782370708586705e+23
2015390270270.2703,1484.1869134111412,254650805.4662953,1,5.9231727481061514e+22,1.6782370708586705e+23,5.035710605359823e+23,9.980927554684173e+19,724939983182.9224,5.540849578353258e+22,3224.603858083508,1.0027755394395179e+20,122761367157.57715,1.6913735703339597e+17,9.947101669505411e+16,291606944579830.4,5.0347112125760115e+23,1.0010841573921717e+20,1.6782370708586705e+23
2018549189189.1895,1482.1245104541053,254627245.67373478,1,5.923172748049122e+22,1.6782370708586705e+23,5.035710605353154e+23,9.980927554684173e+19,154644812554.50928,5.540849578410287e+22,3038.496261618276,1.0027755394395179e+20,26189916160.06128,1.691380239000176e+17,9.943113268690963e+16,331490952724303.7,5.0347112125760115e+23,1.0010841573921717e+20,1.6782370708586705e+23
2021708108108.1084,1480.0621074970695,254603916.18631962,1,5.923172748036957e+22,1.6782370708586705e+23,5.0357106053517314e+23,9.980927554684173e+19,32989383926.66542,5.540849578422452e+22,2863.129841117636,1.0027755394395179e+20,5587420886.246368,1.691381661579415e+17,9.939043423406936e+16,372189405564570.7,5.0347112125760115e+23,1.0010841573921717e+20,1.6782370708586705e+23
2024867027027.027,1477.9997045400337,254580817.11079177,1,5.923172748034362e+22,1.6782370708586705e+23,5.035710605351428e+23,9.980927554684173e+19,7037502233.292713,5.5408495784250474e+22,2697.884670995509,1.0027755394395179e+20,1192047969.475132,1.6913819650519613e+17,9.93489050595183e+16,413718580115626.9,5.0347112125760115e+23,1.0010841573921717e+20,1.6782370708586705e+23
2028025945945.946,1475.9373015829979,254557948.53262678,1,5.923172748033808e+22,1.6782370708586705e+23,5.035710605351364e+23,9.980927554684173e+19,1501302901.6037817,5.540849578425601e+22,2542.1766045898544,1.0027755394395179e+20,254320361.14379597,1.6913820297912307e+17,9.93065285758452e+16,456095063788737.0,5.0347112125760115e+23,1.0010841573921717e+20,1.6782370708586705e+23
2031184864864.865,1473.874898625962,254535310.5155053,1,5.92317274803369e+22,1.6782370708586705e+23,5.0357106053513496e+23,9.980927554684173e+19,320275329.1340704,5.540849578425719e+22,2395.4552091877454,1.0027755394395179e+20,54259218.97024107,1.6913820436021178e+17,9.926328787995758e+16,499335759676358.94,5.0347112125760115e+23,1.0010841573921717e+20,1.6782370708586705e+23
2034343783783.784,1471.8124956689262,254512903.10078463,1,5.923172748033665e+22,1.6782370708586705e+23,5.035710605351347e+23,9.980927554684173e+19,68325682.491476,5.5408495784257445e+22,2257.2018202293534,1.0027755394395179e+20,11576330.011033833,1.6913820465484432e+17,9.921916574773474e+16,543457891899203.75,5.0347112125760115e+23,1.0010841573921717e+20,1.6782370708586705e+23
2037502702702.703,1469.7500927118904,254490726.30697027,1,5.92317274803366e+22,1.6782370708586705e+23,5.035710605351346e+23,9.980927554684173e+19,14576382.21583867,5.5408495784257495e+22,2126.9277078131263,1.0027755394395179e+20,2469864.687490985,1.691382047177001e+17,9.917414462861912e+16,588479011014819.8,5.0347112125760115e+23,1.0010841573921717e+20,1.6782370708586705e+23
2040661621621.6218,1467.6876897548545,254468780.12918937,1,5.923172748033659e+22,1.6782370708586705e+23,5.035710605351346e+23,9.980927554684173e+19,3109716.1092561595,5.54084957842575e+22,2004.172349020849,1.0027755394395179e+20,526963.1823951248,1.6913820473110966e+17,9.912820664014693e+16,634416999487003.8,5.0347112125760115e+23,1.0010841573921717e+20,1.6782370708586705e+23
2043820540540.5405,1465.6252867978187,254447064.5386653,1,5.923172748033659e+22,1.6782370708586705e+23,5.035710605351346e+23,9.980927554684173e+19,663432.783046185,5.54084957842575e+22,1888.5017999552333,1.0027755394395179e+20,112432.58494154597,1.6913820473397046e+17,9.908133356241867e+16,681290077215252.0,5.0347112125760115e+23,1.0010841573921717e+20,1.6782370708586705e+23
2046979459459.4595,1463.562883840783,254425579.48219523,1,5.923172748033659e+22,1.6782370708586705e+23,5.035710605351346e+23,9.980927554684173e+19,141539.7159918486,5.54084957842575e+22,1779.5071617351484,1.0027755394395179e+20,23988.82278893236,1.691382047345808e+17,9.903350683251056e+16,729116807123368.5,5.0347112125760115e+23,1.0010841573921717e+20,1.6782370708586705e+23
2050138378378.3787,1461.500480883747,254404324.88163093,1,5.923172748033659e+22,1.6782370708586705e+23,5.035710605351346e+23,9.980927554684173e+19,30197.096319701057,5.54084957842575e+22,1676.8031350257377,1.0027755394395179e+20,5118.358656621087,1.69138204734711e+17,9.898470753882768e+16,777916100806248.1,5.0347112125760115e+23,1.0010841573921717e+20,1.6782370708586705e+23
2053297297297.2976,1459.4380779267112,254383300.63336334,1,5.923172748033659e+22,1.6782370708586705e+23,5.035710605351346e+23,9.980927554684173e+19,6442.5660360418515,5.54084957842575e+22,1580.0266579936442,1.0027755394395179e+20,1092.0906454901306,1.6913820473473878e+17,9.893491641540018e+16,827707224233749.0,5.0347112125760115e+23,1.0010841573921717e+20,1.6782370708586705e+23
2056456216216.2163,1457.3756749696754,254362506.6078122,1,5.923172748033659e+22,1.6782370708586705e+23,5.035710605351346e+23,9.980927554684173e+19,1374.5659551908402,5.54084957842575e+22,1488.835622872476,1.0027755394395179e+20,233.02265302940486,1.691382047347447e+17,9.888411383612347e+16,878509803510456.5,5.0347112125760115e+23,1.0010841573921717e+20,1.6782370708586705e+23
2059615135135.1353,1455.3132720126396,254341942.64892128,1,5.923172748033659e+22,1.6782370708586705e+23,5.035710605351346e+23,9.980927554684173e+19,293.3004800185149,5.54084957842575e+22,1402.9076666015278,1.0027755394395179e+20,49.72475176010448,1.69138204734746e+17,9.88322798089439e+16,930343830690027.5,5.0347112125760115e+23,1.0010841573921717e+20,1.6782370708586705e+23
2062774054054.0542,1453.2508690556037,254321608.57365984,1,5.923172748033659e+22,1.6782370708586705e+23,5.035710605351346e+23,9.980927554684173e+19,62.60686113048453,5.54084957842575e+22,1321.9390312626356,1.0027755394395179e+20,10.614175183940176,1.6913820473474624e+17,9.877939396999125e+16,983229669642683.4,5.0347112125760115e+23,1.0010841573921717e+20,1.6782370708586705e+23
2065932972972.9731,1451.188466098568,254301504.17153156,1,5.923172748033659e+22,1.6782370708586705e+23,5.035710605351346e+23,9.980927554684173e+19,13.3853190773265,5.54084957842575e+22,1245.64349028677,1.0027755394395179e+20,2.2688108889328333,1.691382047347463e+17,9.872543557765963e+16,1037188061974291.6,5.0347112125760115e+23,1.0010841573921717e+20,1.6782370708586705e+23
2069091891891.892,1449.126063141532,254281629.20409158,1,5.923172748033659e+22,1.6782370708586705e+23,5.035710605351346e+23,9.980927554684173e+19,2.881902997854281,5.54084957842575e+22,1173.7513366344785,1.0027755394395179e+20,0.4878909117061756,1.691382047347463e+17,9.867038350663858e+16,1092240132995345.4,5.0347112125760115e+23,1.0010841573921717e+20,1.6782370708586705e+23
2072250810810.811,1447.0636601844963,254261983.40447247,1,5.923172748033659e+22,1.6782370708586705e+23,5.035710605351346e+23,9.980927554684173e+19,0.6393876078118947,5.54084957842575e+22,1106.0084293733637,1.0027755394395179e+20,0.10766619518800802,1.691382047347463e+17,9.86142162418959e+16,1148407397738010.8,5.0347112125760115e+23,1.0010841573921717e+20,1.6782370708586705e+23
2075409729729.7297,1445.0012572274604,254242566.47692037,1,5.923172748033659e+22,1.6782370708586705e+23,5.035710605351346e+23,9.980927554684173e+19,0.15950455806187935,5.54084957842575e+22,1042.1752952822171,1.0027755394395179e+20,0.026329043145422837,1.691382047347463e+17,9.855691187261466e+16,1205711767019266.2,5.0347112125760115e+23,1.0010841573921717e+20,1.6782370708586705e+23
2078568648648.6487,1442.9388542704246,254223378.09634185,1,5.923172748033659e+22,1.6782370708586705e+23,5.035710605351346e+23,9.980927554684173e+19,0.05578238005605754,5.54084957842575e+22,982.0262823059584,1.0027755394395179e+20,0.008779843735625736,1.691382047347463e+17,9.849844808608592e+16,1264175553548007.0,5.0347112125760115e+23,1.0010841573921717e+20,1.6782370708586705e+23
2081727567567.5676,1440.8764513133888,254204417.9078625,1,5.923172748033659e+22,1.6782370708586705e+23,5.035710605351346e+23,9.980927554684173e+19,0.03239646372739771,5.54084957842575e+22,925.3487618688107,1.0027755394395179e+20,0.004852890045819416,1.691382047347463e+17,9.84388021615601e+16,1323821478073829.0,5.0347112125760115e+23,1.0010841573921717e+20,1.6782370708586705e+23
2084886486486.4866,1438.814048356353,254185685.52639872,1,5.923172748033659e+22,1.6782370708586705e+23,5.035710605351346e+23,9.980927554684173e+19,0.026224055715427616,5.54084957842575e+22,871.9423772258702,1.0027755394395179e+20,0.003843188492600097,1.691382047347463e+17,9.837795096405888e+16,1384672675575038.5,5.0347112125760115e+23,1.0010841573921717e+20,1.6782370708586705e+23
2088045405405.4053,1436.751645399317,254167180.53624254,1,5.923172748033659e+22,1.6782370708586705e+23,5.035710605351346e+23,9.980927554684173e+19,0.02379271225363455,5.54084957842575e+22,821.6183351959673,1.0027755394395179e+20,0.0034658815807823845,1.691382047347463e+17,9.831587093815066e+16,1446752701483265.2,5.0347112125760115e+23,1.0010841573921717e+20,1.6782370708586705e+23
2091204324324.3247,1434.689242442281,254148902.4906619,1,5.923172748033659e+22,1.6782370708586705e+23,5.035710605351346e+23,9.980927554684173e+19,0.022223901288030673,5.54084957842575e+22,774.1987387720742,1.0027755394395179e+20,0.003232846972087297,1.691382047347463e+17,9.825253810169205e+16,1510085537941868.8,5.0347112125760115e+23,1.0010841573921717e+20,1.6782370708586705e+23
2094363243243.2437,1432.6268394852452,254130850.91151622,1,5.923172748033659e+22,1.6782370708586705e+23,5.035710605351346e+23,9.980927554684173e+19,0.02089971860853293,5.54084957842575e+22,729.5159582500177,1.0027755394395179e+20,0.0030393887269776626,1.691382047347463e+17,9.818792803953877e+16,1574695600095144.5,5.0347112125760115e+23,1.0010841573921717e+20,1.6782370708586705e+23
2097522162162.1624,1430.5644365282094,254113025.28888884,1,5.923172748033659e+22,1.6782370708586705e+23,5.035710605351346e+23,9.980927554684173e+19,0.019684824482423147,5.54084957842575e+22,687.412038652417,1.0027755394395179e+20,0.002862659495240366,1.691382047347463e+17,9.812201589722877e+16,1640607742405136.8,5.0347112125760115e+23,1.0010841573921717e+20,1.6782370708586705e+23
2100681081081.0813,1428.5020335711736,254095425.0807369,1,5.923172748033659e+22,1.6782370708586705e+23,5.035710605351346e+23,9.980927554684173e+19,0.018547046765108016,5.54084957842575e+22,647.7381413530724,1.0027755394395179e+20,0.002697306569061947,1.691382047347463e+17,9.805477637464125e+16,1707847264992658.8,5.0347112125760115e+23,1.0010841573921717e+20,1.6782370708586705e+23
2103840000000.0002,1426.4396306141377,254078049.71256045,1,5.923172748033659e+22,1.6782370708586705e+23,5.035710605351346e+23,9.980927554684173e+19,0.01747641669316194,5.54084957842575e+22,610.3540179279308,1.0027755394395179e+20,0.002541737909339953,1.691382047347463e+17,9.7986183719635e+16,1776439919998905.5,5.0347112125760115e+23,1.0010841573921717e+20,1.6782370708586705e+23
2106998918918.919,1424.377227657102,254060898.57709044,1,5.923172748033659e+22,1.6782370708586705e+23,5.035710605351346e+23,9.980927554684173e+19,0.016467882270514184,5.54084957842575e+22,575.127514372675,1.0027755394395179e+20,0.0023951898837890964,1.691382047347463e+17,9.79162117216701e+16,1846411917963825.2,5.0347112125760115e+23,1.0010841573921717e+20,1.6782370708586705e+23
2110157837837.838,1422.314824700066,254043971.03399837,1,5.923172748033659e+22,1.6782370708586705e+23,5.035710605351346e+23,9.980927554684173e+19,0.015517609386968306,5.54084957842575e+22,541.9341039343306,1.0027755394395179e+20,0.002257100056494661,1.691382047347463e+17,9.784483370541675e+16,1917789934217174.8,5.0347112125760115e+23,1.0010841573921717e+20,1.6782370708586705e+23
2113316756756.7568,1420.2524217430303,254027266.4096268,1,5.923172748033659e+22,1.6782370708586705e+23,5.035710605351346e+23,9.980927554684173e+19,0.014622182821729536,5.54084957842575e+22,510.65644690543684,1.0027755394395179e+20,0.002126971939247574,1.691382047347463e+17,9.777202252435598e+16,1990601115277948.5,5.0347112125760115e+23,1.0010841573921717e+20,1.6782370708586705e+23
2116475675675.6755,1418.1900187859944,254010783.99674296,1,5.923172748033659e+22,1.6782370708586705e+23,5.035710605351346e+23,9.980927554684173e+19,0.013778426579149176,5.54084957842575e+22,481.18397582464064,1.0027755394395179e+20,0.002004344804743305,1.691382047347463e+17,9.769775055437632e+16,2064873085257614.5,5.0347112125760115e+23,1.0010841573921717e+20,1.6782370708586705e+23
2119634594594.5945,1416.1276158289586,253994523.0543157,1,5.923172748033659e+22,1.6782370708586705e+23,5.035710605351346e+23,9.980927554684173e+19,0.01298335690667149,5.54084957842575e+22,453.4125046173842,1.0027755394395179e+20,0.0018887859957017472,1.691382047347463e+17,9.762198968737162e+16,2140633952262325.5,5.0347112125760115e+23,1.0010841573921717e+20,1.6782370708586705e+23
2122793513513.514,1414.0652128719225,253978482.80731705,1,5.923172748033659e+22,1.6782370708586705e+23,5.035710605351346e+23,9.980927554684173e+19,0.012234164123480884,5.54084957842575e+22,427.2438602949875,1.0027755394395179e+20,0.0017798881064572739,1.691382047347463e+17,9.754471132484494e+16,2217912314789005.2,5.0347112125760115e+23,1.0010841573921717e+20,1.6782370708586705e+23
2125952432432.4326,1412.0028099148867,253962662.4465495,1,5.923172748033659e+22,1.6782370708586705e+23,5.035710605351346e+23,9.980927554684173e+19,0.01152820106684762,5.54084957842575e+22,402.5855359101717,1.0027755394395179e+20,0.0016772672721103166,1.691382047347463e+17,9.746588637152403e+16,2296737268109918.0,5.0347112125760115e+23,1.0010841573921717e+20,1.6782370708586705e+23
2129111351351.3516,1409.9404069578509,253947061.12849915,1,5.923172748033659e+22,1.6782370708586705e+23,5.035710605351346e+23,9.980927554684173e+19,0.01086297339344449,5.54084957842575e+22,379.35036354220875,1.0027755394395179e+20,0.0015805617579156203,1.691382047347463e+17,9.73854852289939e+16,2377138410640039.5,5.0347112125760115e+23,1.0010841573921717e+20,1.6782370708586705e+23
2132270270270.2705,1407.878004000815,253931677.97521657,1,5.923172748033659e+22,1.6782370708586705e+23,5.035710605351346e+23,9.980927554684173e+19,0.010236130693790618,5.54084957842575e+22,357.4562061556917,1.0027755394395179e+20,0.0014894306729468024,1.691382047347463e+17,9.73034777893527e+16,2459145850281236.5,5.0347112125760115e+23,1.0010841573921717e+20,1.6782370708586705e+23
2135429189189.1895,1405.8156010437792,253916512.0742254,1,5.923172748033659e+22,1.6782370708586705e+23,5.035710605351346e+23,9.980927554684173e+19,0.009645458173432313,5.54084957842575e+22,336.82566724363596,1.0027755394395179e+20,0.001403552767020845,1.691382047347463e+17,9.721983342889701e+16,2542790210736939.5,5.0347112125760115e+23,1.0010841573921717e+20,1.6782370708586705e+23
2138588108108.1082,1403.7531980867434,253901562.47846007,1,5.923172748033659e+22,1.6782370708586705e+23,5.035710605351346e+23,9.980927554684173e+19,0.009088868825599151,5.54084957842575e+22,317.38581722849216,1.0027755394395179e+20,0.001322625298862866,1.691382047347463e+17,9.713452100184328e+16,2628102637790669.5,5.0347112125760115e+23,1.0010841573921717e+20,1.6782370708586705e+23
2141747027027.027,1401.6907951297076,253886828.20623305,1,5.923172748033659e+22,1.6782370708586705e+23,5.035710605351346e+23,9.980927554684173e+19,0.008564396057898757,5.54084957842575e+22,299.0679356538887,1.0027755394395179e+20,0.0012463629698676593,1.691382047347463e+17,9.704750883409253e+16,2715114805541423.0,5.0347112125760115e+23,1.0010841573921717e+20,1.6782370708586705e+23
2144905945945.946,1399.6283921726717,253872308.24123242,1,5.923172748033659e+22,1.6782370708586705e+23,5.035710605351346e+23,9.980927554684173e+19,0.00807018674491853,5.54084957842575e+22,281.8072682557449,1.0027755394395179e+20,0.001174496919352161,1.691382047347463e+17,9.695876471704538e+16,2803858922588573.5,5.0347112125760115e+23,1.0010841573921717e+20,1.6782370708586705e+23
2148064864864.8647,1397.565989215636,253858001.5325507,1,5.923172748033659e+22,1.6782370708586705e+23,5.035710605351346e+23,9.980927554684173e+19,0.00760449468175026,5.54084957842575e+22,265.5427980539937,1.0027755394395179e+20,0.0011067737776882663,1.691382047347463e+17,9.686825590147538e+16,2894367738158566.0,5.0347112125760115e+23,1.0010841573921717e+20,1.6782370708586705e+23
2151223783783.7837,1395.5035862586,253843906.99474537,1,5.923172748033659e+22,1.6782370708586705e+23,5.035710605351346e+23,9.980927554684173e+19,0.007165674415220029,5.54084957842575e+22,250.21702965571617,1.0027755394395179e+20,0.0010429547739686691,1.691382047347463e+17,9.677594909146864e+16,2986674548165304.5,5.0347112125760115e+23,1.0010841573921717e+20,1.6782370708586705e+23
2154382702702.7031,1393.441183301564,253830023.50793156,1,5.923172748033659e+22,1.6782370708586705e+23,5.035710605351346e+23,9.980927554684173e+19,0.00675217543101481,5.54084957842575e+22,235.7757860071925,1.0027755394395179e+20,0.0009828148950625747,1.691382047347463e+17,9.668181043843822e+16,3080813201195725.0,5.0347112125760115e+23,1.0010841573921717e+20,1.6782370708586705e+23
2157541621621.6218,1391.3787803445282,253816349.91790748,1,5.923172748033659e+22,1.6782370708586705e+23,5.035710605351346e+23,9.980927554684173e+19,0.006362536676169886,5.54084957842575e+22,222.1680168763824,1.0027755394395179e+20,0.0009261420931018401,1.691382047347463e+17,9.65858055352223e+16,3176818104411640.0,5.0347112125760115e+23,1.0010841573921717e+20,1.6782370708586705e+23
2160700540540.5408,1389.3163773874924,253802885.03631377,1,5.923172748033659e+22,1.6782370708586705e+23,5.035710605351346e+23,9.980927554684173e+19,0.00599538139756918,5.54084957842575e+22,209.34561838881464,1.0027755394395179e+20,0.0008727365386088475,1.691382047347463e+17,9.648789941027544e+16,3274724229358509.0,5.0347112125760115e+23,1.0010841573921717e+20,1.6782370708586705e+23
2163859459459.4597,1387.2539744304565,253789627.6408257,1,5.923172748033659e+22,1.6782370708586705e+23,5.035710605351346e+23,9.980927554684173e+19,0.005649412278227406,5.54084957842575e+22,197.2632629789391,1.0027755394395179e+20,0.00082240991663814,1.691382047347463e+17,9.638805652196261e+16,3374567117671342.0,5.0347112125760115e+23,1.0010841573921717e+20,1.6782370708586705e+23
2167018378378.3784,1385.1915714734207,253776576.47538024,1,5.923172748033659e+22,1.6782370708586705e+23,5.035710605351346e+23,9.980927554684173e+19,0.00532340685417473,5.54084957842575e+22,185.87823915581507,1.0027755394395179e+20,0.0007749847634550937,1.691382047347463e+17,9.628624075296646e+16,3476382886667493.5,5.0347112125760115e+23,1.0010841573921717e+20,1.6782370708586705e+23
2170177297297.2974,1383.1291685163849,253763730.25043714,1,5.923172748033659e+22,1.6782370708586705e+23,5.035710605351346e+23,9.980927554684173e+19,0.005016213195755813,5.54084957842575e+22,175.15030051670192,1.0027755394395179e+20,0.0007302938414175467,1.691382047347463e+17,9.618241540481834e+16,3580208234815616.5,5.0347112125760115e+23,1.0010841573921717e+20,1.6782370708586705e+23
2173336216216.2163,1381.066765559349,253751087.64327455,1,5.923172748033659e+22,1.6782370708586705e+23,5.035710605351346e+23,9.980927554684173e+19,0.004726745838088912,5.54084957842575e+22,165.04152347481104,1.0027755394395179e+20,0.0006881795498606229,1.691382047347463e+17,9.607654319256438e+16,3686080447069568.0,5.0347112125760115e+23,1.0010841573921717e+20,1.6782370708586705e+23
2176495135135.1353,1379.0043626023132,253738647.2983198,1,5.923172748033659e+22,1.6782370708586705e+23,5.035710605351346e+23,9.980927554684173e+19,0.004453981946310748,5.54084957842575e+22,155.51617319828227,1.0027755394395179e+20,0.0006484933699116673,1.691382047347463e+17,9.596858623957842e+16,3794037400055535.5,5.0347112125760115e+23,1.0010841573921717e+20,1.6782370708586705e+23
2179654054054.054,1376.9419596452774,253726407.8275144,1,5.923172748033659e+22,1.6782370708586705e+23,5.035710605351346e+23,9.980927554684173e+19,0.004196957702062095,5.54084957842575e+22,146.540577286475,1.0027755394395179e+20,0.0006110953412814812,1.691382047347463e+17,9.585850607253381e+16,3904117567100145.0,5.0347112125760115e+23,1.0010841573921717e+20,1.6782370708586705e+23
2182812972972.9734,1374.8795566882413,253714367.81071457,1,5.923172748033659e+22,1.6782370708586705e+23,5.035710605351346e+23,9.980927554684173e+19,0.0039547648984504455,5.54084957842575e+22,138.083006737016,1.0027755394395179e+20,0.0005758535691906663,1.691382047347463e+17,9.57462636165472e+16,4016360023086752.5,5.0347112125760115e+23,1.0010841573921717e+20,1.6782370708586705e+23
2185971891891.8923,1372.8171537312055,253702525.7961261,1,5.923172748033659e+22,1.6782370708586705e+23,5.035710605351346e+23,9.980927554684173e+19,0.0037265477314623804,5.54084957842575e+22,130.11356378281846,1.0027755394395179e+20,0.0005426437596957046,1.691382047347463e+17,9.563181919050738e+16,4130804449126576.0,5.0347112125760115e+23,1.0010841573921717e+20,1.6782370708586705e+23
2189130810810.811,1370.7547507741697,253690880.30077383,1,5.923172748033659e+22,1.6782370708586705e+23,5.035710605351346e+23,9.980927554684173e+19,0.003511499776492207,5.54084957842575e+22,122.60407620257341,1.0027755394395179e+20,0.000511348781779452,1.691382047347463e+17,9.551513250260322e+16,4247491137030735.5,5.0347112125760115e+23,1.0010841573921717e+20,1.6782370708586705e+23
2192289729729.73,1368.6923478171339,253679429.81100574,1,5.923172748033659e+22,1.6782370708586705e+23,5.035710605351346e+23,9.980927554684173e+19,0.00330886113930718,5.54084957842575e+22,115.52799773109724,1.0027755394395179e+20,0.00048185825466481695,1.691382047347463e+17,9.539616264606526e+16,4366460993568683.5,5.0347112125760115e+23,1.0010841573921717e+20,1.6782370708586705e+23
2195448648648.649,1366.629944860098,253668172.78303108,1,5.923172748033659e+22,1.6782370708586705e+23,5.035710605351346e+23,9.980927554684173e+19,0.003117915771385746,5.54084957842575e+22,108.86031421748332,1.0027755394395179e+20,0.000454068158899118,1.691382047347463e+17,9.527486809513606e+16,4487755544497886.0,5.0347112125760115e+23,1.0010841573921717e+20,1.6782370708586705e+23
2198607567567.5676,1364.5675419030622,253657107.64349192,1,5.923172748033659e+22,1.6782370708586705e+23,5.035710605351346e+23,9.980927554684173e+19,0.002937988940145818,5.54084957842575e+22,102.57745519932374,1.0027755394395179e+20,0.0004278804698402451,1.691382047347463e+17,9.515120670128496e+16,4611416938348986.0,5.0347112125760115e+23,1.0010841573921717e+20,1.6782370708586705e+23
2201766486486.487,1362.5051389460264,253646232.79006845,1,5.923172748033659e+22,1.6782370708586705e+23,5.035710605351346e+23,9.980927554684173e+19,0.0027684448451271732,5.54084957842575e+22,96.6572105804135,1.0027755394395179e+20,0.0004032028122545935,1.691382047347463e+17,9.502513568968392e+16,4737487949950030.0,5.0347112125760115e+23,1.0010841573921717e+20,1.6782370708586705e+23
2204925405405.4053,1360.4427359889905,253635546.59211642,1,5.923172748033659e+22,1.6782370708586705e+23,5.035710605351346e+23,9.980927554684173e+19,0.0026086843717075363,5.54084957842575e+22,91.07865211739035,1.0027755394395179e+20,0.0003799481348109781,1.691382047347463e+17,9.489661165596128e+16,4866011983672668.0,5.0347112125760115e+23,1.0010841573921717e+20,1.6782370708586705e+23
2208084324324.324,1358.3803330319547,253625047.39133674,1,5.923172748033659e+22,1.6782370708586705e+23,5.035710605351346e+23,9.980927554684173e+19,0.002458142974417734,5.54084957842575e+22,85.8220594377629,1.0027755394395179e+20,0.0003580344033247227,1.691382047347463e+17,9.476559056325141e+16,4997033076382539.0,5.0347112125760115e+23,1.0010841573921717e+20,1.6782370708586705e+23
2211243243243.243,1356.3179300749189,253614733.50247693,1,5.923172748033659e+22,1.6782370708586705e+23,5.035710605351346e+23,9.980927554684173e+19,0.0023162886823790176,5.54084957842575e+22,80.86885032779895,1.0027755394395179e+20,0.0003373843116721443,1.691382047347463e+17,9.463202773955858e+16,5130595900075366.0,5.0347112125760115e+23,1.0010841573921717e+20,1.6782370708586705e+23
2214402162162.1626,1354.2555271178828,253604603.21406224,1,5.923172748033659e+22,1.6782370708586705e+23,5.035710605351346e+23,9.980927554684173e+19,0.0021826202198170115,5.54084957842575e+22,76.20151504383915,1.0027755394395179e+20,0.0003179250093577647,1.691382047347463e+17,9.449587787545442e+16,5266745764179528.0,5.0347112125760115e+23,1.0010841573921717e+20,1.6782370708586705e+23
2217561081081.0815,1352.193124160847,253594654.78915727,1,5.923172748033659e+22,1.6782370708586705e+23,5.035710605351346e+23,9.980927554684173e+19,0.002056665235013213,5.54084957842575e+22,71.80355441482493,1.0027755394395179e+20,0.00029958784477522333,1.691382047347463e+17,9.43570950221288e+16,5405528617505149.0,5.0347112125760115e+23,1.0010841573921717e+20,1.6782370708586705e+23
2220720000000.0005,1350.1307212038112,253584886.46615568,1,5.923172748033659e+22,1.6782370708586705e+23,5.035710605351346e+23,9.980927554684173e+19,0.0019379786314379583,5.54084957842575e+22,67.6594215172309,1.0027755394395179e+20,0.0002823081232580316,1.691382047347463e+17,9.421563258981498e+16,5546991049818971.0,5.0347112125760115e+23,1.0010841573921717e+20,1.6782370708586705e+23
2223878918918.919,1348.0683182467753,253575296.45959803,1,5.923172748033659e+22,1.6782370708586705e+23,5.035710605351346e+23,9.980927554684173e+19,0.0018261409951697066,5.54084957842575e+22,63.75446671622112,1.0027755394395179e+20,0.0002660248790684284,1.691382047347463e+17,9.407144334661046e+16,5691180293023488.0,5.0347112125760115e+23,1.0010841573921717e+20,1.6782370708586705e+23
2227037837837.838,1346.0059152897395,253565882.96101618,1,5.923172748033659e+22,1.6782370708586705e+23,5.035710605351346e+23,9.980927554684173e+19,0.001720757113045577,5.54084957842575e+22,60.07488587874789,1.0027755394395179e+20,0.0002506806605215451,1.691382047347463e+17,9.392447941771595e+16,5838144221918005.0,5.0347112125760115e+23,1.0010841573921717e+20,1.6782370708586705e+23
2230196756756.757,1343.9435123327037,253556644.13980293,1,5.923172748033659e+22,1.6782370708586705e+23,5.035710605351346e+23,9.980927554684173e+19,0.0016214545763085638,5.54084957842575e+22,56.607671575524975,1.0027755394395179e+20,0.00023622132748840185,1.691382047347463e+17,9.377469228511549e+16,5987931354518474.0,5.0347112125760115e+23,1.0010841573921717e+20,1.6782370708586705e+23
2233355675675.676,1341.8811093756678,253547578.1441061,1,5.923172748033659e+22,1.6782370708586705e+23,5.035710605351346e+23,9.980927554684173e+19,0.0015278824648188218,5.54084957842575e+22,53.340567099372514,1.0027755394395179e+20,0.00022259586056475045,1.691382047347463e+17,9.362203278772187e+16,6140590851912097.0,5.0347112125760115e+23,1.0010841573921717e+20,1.6782370708586705e+23
2236514594594.5947,1339.818706418632,253538683.10174558,1,5.923172748033659e+22,1.6782370708586705e+23,5.035710605351346e+23,9.980927554684173e+19,0.0014397101071809987,5.54084957842575e+22,50.26202313738737,1.0027755394395179e+20,0.00020975618123387618,1.691382047347463e+17,9.346645112201213e+16,6296172517621837.0,5.0347112125760115e+23,1.0010841573921717e+20,1.6782370708586705e+23
2239673513513.5137,1337.7563034615962,253529957.121152,1,5.923172748033659e+22,1.6782370708586705e+23,5.035710605351346e+23,9.980927554684173e+19,0.001356625912407745,5.54084957842575e+22,47.3611569437735,1.0027755394395179e+20,0.00019765698239013543,1.691382047347463e+17,9.33078968431789e+16,6454726796455071.0,5.0347112125760115e+23,1.0010841573921717e+20,1.6782370708586705e+23
2242832432432.4326,1335.6939005045604,253521398.29232547,1,5.923172748033659e+22,1.6782370708586705e+23,5.035710605351346e+23,9.980927554684173e+19,0.0012783362689921893,5.54084957842575e+22,44.62771386900724,1.0027755394395179e+20,0.0001862555686264868,1.691382047347463e+17,9.314631886682422e+16,6616304772809736.0,5.0347112125760115e+23,1.0010841573921717e+20,1.6782370708586705e+23
2245991351351.3516,1333.6314975475243,253513004.68781328,1,5.923172748033659e+22,1.6782370708586705e+23,5.035710605351346e+23,9.980927554684173e+19,0.001204564507500297,5.54084957842575e+22,42.05203110934176,1.0027755394395179e+20,0.00017551170572360861,1.691382047347463e+17,9.298166547122357e+16,6780958168410394.0,5.0347112125760115e+23,1.0010841573921717e+20,1.6782370708586705e+23
2249150270270.2705,1331.5690945904885,253504774.3637047,1,5.923172748033659e+22,1.6782370708586705e+23,5.035710605351346e+23,9.980927554684173e+19,0.001135049923018383,5.54084957842575e+22,39.625003548504324,1.0027755394395179e+20,0.0001653874788106217,1.691382047347463e+17,9.281388430018827e+16,6948739339445688.0,5.0347112125760115e+23,1.0010841573921717e+20,1.6782370708586705e+23
2252309189189.1895,1329.5066916334526,253496705.3606416,1,5.923172748033659e+22,1.6782370708586705e+23,5.035710605351346e+23,9.980927554684173e+19,0.001069546854002487,5.54084957842575e+22,37.33805157083547,1.0027755394395179e+20,0.00015584715869792695,1.691382047347463e+17,9.264292236655624e+16,7119701273077720.0,5.0347112125760115e+23,1.0010841573921717e+20,1.6782370708586705e+23
2255468108108.1084,1327.4442886764168,253488795.70484328,1,5.923172748033659e+22,1.6782370708586705e+23,5.035710605351346e+23,9.980927554684173e+19,0.0010078238142755221,5.54084957842575e+22,35.18309073208882,1.0027755394395179e+20,0.00014685707591142582,1.691382047347463e+17,9.246872605634106e+16,7293897583292908.0,5.0347112125760115e+23,1.0010841573921717e+20,1.6782370708586705e+23
2258627027027.0273,1325.381885719381,253481043.40914375,1,5.923172748033659e+22,1.6782370708586705e+23,5.035710605351346e+23,9.980927554684173e+19,0.0009496626751058748,5.54084957842575e+22,33.152503180676725,1.0027755394395179e+20,0.00013838550198453292,1.691382047347463e+17,9.229124113357109e+16,7471382506062874.0,5.0347112125760115e+23,1.0010841573921717e+20,1.6782370708586705e+23
2261785945945.9463,1323.3194827623452,253473446.4740399,1,5.923172748033659e+22,1.6782370708586705e+23,5.035710605351346e+23,9.980927554684173e+19,0.0008948578944780153,5.54084957842575e+22,31.239110728335017,1.0027755394395179e+20,0.00013040253758990006,1.691382047347463e+17,9.211041274585102e+16,7652210893782931.0,5.0347112125760115e+23,1.0010841573921717e+20,1.6782370708586705e+23
2264944864864.8647,1321.2570798053093,253466002.888749,1,5.923172748033659e+22,1.6782370708586705e+23,5.035710605351346e+23,9.980927554684173e+19,0.0008432157908323753,5.54084957842575e+22,29.436149475010946,1.0027755394395179e+20,0.00012288000711686798,1.691382047347463e+17,9.192618543067925e+16,7836438208954709.0,5.0347112125760115e+23,1.0010841573921717e+20,1.6782370708586705e+23
2268103783783.7837,1319.1946768482735,253458710.63227358,1,5.923172748033659e+22,1.6782370708586705e+23,5.035710605351346e+23,9.980927554684173e+19,0.0007945538587088518,5.54084957842575e+22,27.737245898272384,1.0027755394395179e+20,0.00011579135932334459,1.691382047347463e+17,9.173850312255554e+16,8024120517078419.0,5.0347112125760115e+23,1.0010841573921717e+20,1.6782370708586705e+23
2271262702702.7026,1317.1322738912377,253451567.67447242,1,5.923172748033659e+22,1.6782370708586705e+23,5.035710605351346e+23,9.980927554684173e+19,0.000748700123876287,5.54084957842575e+22,26.136394322713706,1.0027755394395179e+20,0.00010911157371219782,1.691382047347463e+17,9.154730916091472e+16,8215314478719233.0,5.0347112125760115e+23,1.0010841573921717e+20,1.6782370708586705e+23
2274421621621.6216,1315.0698709342018,253444571.97713548,1,5.923172748033659e+22,1.6782370708586705e+23,5.035710605351346e+23,9.980927554684173e+19,0.0007054925356697775,5.54084957842575e+22,24.62793568971204,1.0027755394395179e+20,0.000102817072302387,1.691382047347463e+17,9.135254629892277e+16,8410077340711181.0,5.0347112125760115e+23,1.0010841573921717e+20,1.6782370708586705e+23
2277580540540.541,1313.0074679771658,253437721.4950616,1,5.923172748033659e+22,1.6782370708586705e+23,5.035710605351346e+23,9.980927554684173e+19,0.0006647783943890808,5.54084957842575e+22,23.206537552484257,1.0027755394395179e+20,9.688563648407433e-05,1.691382047347463e+17,9.115415671317302e+16,8608466926460923.0,5.0347112125760115e+23,1.0010841573921717e+20,1.6782370708586705e+23
2280739459459.46,1310.94506502013,253431014.17713654,1,5.923172748033659e+22,1.6782370708586705e+23,5.035710605351346e+23,9.980927554684173e+19,0.0006264138117352625,5.54084957842575e+22,21.867175225726722,1.0027755394395179e+20,9.129632866483085e-05,1.691382047347463e+17,9.095208201432128e+16,8810541625312664.0,5.0347112125760115e+23,1.0010841573921717e+20,1.6782370708586705e+23
2283898378378.379,1308.8826620630941,253424447.96741053,1,5.923172748033659e+22,1.6782370708586705e+23,5.035710605351346e+23,9.980927554684173e+19,0.0005902632023793977,5.54084957842575e+22,20.60511402320111,1.0027755394395179e+20,8.602941843093405e-05,1.691382047347463e+17,9.074626325869952e+16,9016360380934422.0,5.0347112125760115e+23,1.0010841573921717e+20,1.6782370708586705e+23
2287057297297.2974,1306.8202591060583,253418020.80617288,1,5.923172748033659e+22,1.6782370708586705e+23,5.035710605351346e+23,9.980927554684173e+19,0.000556198804867152,5.54084957842575e+22,19.4158925204757,1.0027755394395179e+20,8.106631296364662e-05,1.691382047347463e+17,9.053664096094918e+16,9225982678684766.0,5.0347112125760115e+23,1.0010841573921717e+20,1.6782370708586705e+23
2290216216216.2163,1304.7578561490225,253411730.63102254,1,5.923172748033659e+22,1.6782370708586705e+23,5.035710605351346e+23,9.980927554684173e+19,0.0005241002301666663,5.54084957842575e+22,18.2953067836554,1.0027755394395179e+20,7.638949146534612e-05,1.691382047347463e+17,9.032315510771589e+16,9439468531918068.0,5.0347112125760115e+23,1.0010841573921717e+20,1.6782370708586705e+23
2293375135135.1353,1302.6954531919866,253405575.3779328,1,5.923172748033659e+22,1.6782370708586705e+23,5.035710605351346e+23,9.980927554684173e+19,0.0004938540362648305,5.54084957842575e+22,17.239395508348565,1.0027755394395179e+20,7.198244336449264e-05,1.691382047347463e+17,9.010574517244874e+16,9656878467185228.0,5.0347112125760115e+23,1.0010841573921717e+20,1.6782370708586705e+23
2296534054054.054,1300.6330502349508,253399552.98230824,1,5.923172748033659e+22,1.6782370708586705e+23,5.035710605351346e+23,9.980927554684173e+19,0.00046535332730905806,5.54084957842575e+22,16.244426016336458,1.0027755394395179e+20,6.78296100817329e-05,1.691382047347463e+17,8.988435013134821e+16,9878273508285748.0,5.0347112125760115e+23,1.0010841573921717e+20,1.6782370708586705e+23
2299692972972.973,1298.570647277915,253393661.3800331,1,5.923172748033659e+22,1.6782370708586705e+23,5.035710605351346e+23,9.980927554684173e+19,0.00043849737587835767,5.54084957842575e+22,15.306881060443116,1.0027755394395179e+20,6.391633015196828e-05,1.691382047347463e+17,8.965890848050798e+16,1.0103715159125978e+16,5.0347112125760115e+23,1.0010841573921717e+20,1.6782370708586705e+23
2302851891891.892,1296.5082443208792,253387898.50850832,1,5.923172748033659e+22,1.6782370708586705e+23,5.035710605351346e+23,9.980927554684173e+19,0.00041319126704922717,5.54084957842575e+22,14.423446390960454,1.0027755394395179e+20,6.0228787509043064e-05,1.691382047347463e+17,8.942935825429669e+16,1.0333265385337268e+16,5.0347112125760115e+23,1.0010841573921717e+20,1.6782370708586705e+23
2306010810810.8105,1294.4458413638433,253382262.30767736,1,5.923172748033659e+22,1.6782370708586705e+23,5.035710605351346e+23,9.980927554684173e+19,0.0003893455629988727,5.54084957842575e+22,13.590999039675541,1.0027755394395179e+20,5.675396275083575e-05,1.691382047347463e+17,8.919563704502723e+16,1.0566986594606726e+16,5.0347112125760115e+23,1.0010841573921717e+20,1.6782370708586705e+23
2309169729729.73,1292.3834384068073,253376750.72103775,1,5.923172748033659e+22,1.6782370708586705e+23,5.035710605351346e+23,9.980927554684173e+19,0.00036687598696081105,5.54084957842575e+22,12.806596280083747,1.0027755394395179e+20,5.347958721303985e-05,1.691382047347463e+17,8.89576820239617e+16,1.0804941615672256e+16,5.0347112125760115e+23,1.0010841573921717e+20,1.6782370708586705e+23
2312328648648.649,1290.3210354497714,253371361.6966381,1,5.923172748033659e+22,1.6782370708586705e+23,5.035710605351346e+23,9.980927554684173e+19,0.0003457031254162782,5.54084957842575e+22,12.067465224761744,1.0027755394395179e+20,5.039409968980485e-05,1.691382047347463e+17,8.871542996370146e+16,1.1047193675932502e+16,5.0347112125760115e+23,1.0010841573921717e+20,1.6782370708586705e+23
2315487567567.568,1288.2586324927356,253366093.1880589,1,5.923172748033659e+22,1.6782370708586705e+23,5.035710605351346e+23,9.980927554684173e+19,0.00032575214746928386,5.54084957842575e+22,11.370993023126807,1.0027755394395179e+20,4.74866056487343e-05,1.691382047347463e+17,8.846881726201259e+16,1.1293806377621358e+16,5.0347112125760115e+23,1.0010841573921717e+20,1.6782370708586705e+23
2318646486486.487,1286.1962295356998,253360943.15537542,1,5.923172748033659e+22,1.6782370708586705e+23,5.035710605351346e+23,9.980927554684173e+19,0.0003069525404138624,5.54084957842575e+22,10.71471762493116,1.0027755394395179e+20,4.474683879652011e-05,1.691382047347463e+17,8.821777996713822e+16,1.1544843672495732e+16,5.0347112125760115e+23,1.0010841573921717e+20,1.6782370708586705e+23
2321805405405.406,1284.133826578664,253355909.5661018,1,5.923172748033659e+22,1.6782370708586705e+23,5.035710605351346e+23,9.980927554684173e+19,0.00028923786055926244,5.54084957842575e+22,10.096319076840063,1.0027755394395179e+20,4.216512485977187e-05,1.691382047347463e+17,8.796225380464965e+16,1.1800369834984316e+16,5.0347112125760115e+23,1.0010841573921717e+20,1.6782370708586705e+23
2324964324324.3247,1282.0714236216281,253350990.39611584,1,5.923172748033659e+22,1.6782370708586705e+23,5.035710605351346e+23,9.980927554684173e+19,0.00027254549843273076,5.54084957842575e+22,9.51361132132677,1.0027755394395179e+20,3.973234745340091e-05,1.691382047347463e+17,8.770217420588976e+16,1.2060449433744202e+16,5.0347112125760115e+23,1.0010841573921717e+20,1.6782370708586705e+23
2328123243243.243,1280.0090206645923,253346183.63056195,1,5.923172748033659e+22,1.6782370708586705e+23,5.035710605351346e+23,9.980927554684173e+19,0.0002568164575303282,5.54084957842575e+22,8.96453446889322,1.0027755394395179e+20,3.7439915916273494e-05,1.691382047347463e+17,8.74374763380626e+16,1.2325147301571362e+16,5.0347112125760115e+23,1.0010841573921717e+20,1.6782370708586705e+23
2331282162162.162,1277.9466177075565,253341487.2647324,1,5.923172748033659e+22,1.6782370708586705e+23,5.035710605351346e+23,9.980927554684173e+19,0.00024199514583408152,5.54084957842575e+22,8.447147516298493,1.0027755394395179e+20,3.5279735000773174e-05,1.691382047347463e+17,8.716809513602378e+16,1.2594528503610172e+16,5.0347112125760115e+23,1.0010841573921717e+20,1.6782370708586705e+23
2334441081081.081,1275.8842147505206,253336899.30492544,1,5.923172748033659e+22,1.6782370708586705e+23,5.035710605351346e+23,9.980927554684173e+19,0.00022802917935887534,5.54084957842575e+22,7.959621485053796,1.0027755394395179e+20,3.3244176309448034e-05,1.691382047347463e+17,8.689396533582754e+16,1.2868658303806406e+16,5.0347112125760115e+23,1.0010841573921717e+20,1.6782370708586705e+23
2337600000000.0,1273.8218117934848,253332417.76927924,1,5.923172748033659e+22,1.6782370708586705e+23,5.035710605351346e+23,9.980927554684173e+19,0.00021486919703498644,5.54084957842575e+22,7.5002329559283165,1.0027755394395179e+20,3.132605137806557e-05,1.691382047347463e+17,8.66150215100865e+16,1.3147602129547452e+16,5.0347112125760115e+23,1.0010841573921717e+20,1.6782370708586705e+23
2340758918918.9194,1271.7594088364488,253328040.68858147,1,5.923172748033659e+22,1.6782370708586705e+23,5.035710605351346e+23,9.980927554684173e+19,0.00020246868627220695,5.54084957842575e+22,7.067357976610244,1.0027755394395179e+20,2.9518586310204025e-05,1.691382047347463e+17,8.633119810520109e+16,1.3431425534432854e+16,5.0347112125760115e+23,1.0010841573921717e+20,1.6782370708586705e+23
2343917837837.8384,1269.697005879413,253323766.10705274,1,5.923172748033659e+22,1.6782370708586705e+23,5.035710605351346e+23,9.980927554684173e+19,0.00019078381858924297,5.54084957842575e+22,6.659466320986339,1.0027755394395179e+20,2.7815397873970577e-05,1.691382047347463e+17,8.604242948051622e+16,1.3720194159117716e+16,5.0347112125760115e+23,1.0010841573921717e+20,1.6782370708586705e+23
2347076756756.757,1267.634602922377,253319592.08310467,1,5.923172748033659e+22,1.6782370708586705e+23,5.035710605351346e+23,9.980927554684173e+19,0.00017977329472763101,5.54084957842575e+22,6.275116079746456,1.0027755394395179e+20,2.6210470976589144e-05,1.691382047347463e+17,8.574864994946288e+16,1.4013973690171066e+16,5.0347112125760115e+23,1.0010841573921717e+20,1.6782370708586705e+23
2350235675675.676,1265.5721999653413,253315516.69006985,1,5.923172748033659e+22,1.6782370708586705e+23,5.035710605351346e+23,9.980927554684173e+19,0.00016939819870292311,5.54084957842575e+22,5.912948563190626,1.0027755394395179e+20,2.469813743745462e-05,1.691382047347463e+17,8.54497938227431e+16,1.4312829816890842e+16,5.0347112125760115e+23,1.0010841573921717e+20,1.6782370708586705e+23
2353394594594.5947,1263.5097970083054,253311538.01690573,1,5.923172748033659e+22,1.6782370708586705e+23,5.035710605351346e+23,9.980927554684173e+19,0.00015962186027746632,5.54084957842575e+22,5.571683498219965,1.0027755394395179e+20,2.327305598482396e-05,1.691382047347463e+17,8.514579545361704e+16,1.4616828186016902e+16,5.0347112125760115e+23,1.0010841573921717e+20,1.6782370708586705e+23
2356553513513.5137,1261.4473940512696,253307654.1688695,1,5.923172748033659e+22,1.6782370708586705e+23,5.035710605351346e+23,9.980927554684173e+19,0.0001504097253688545,5.54084957842575e+22,5.250114502532644,1.0027755394395179e+20,2.193019340562775e-05,1.691382047347463e+17,8.483658928535069e+16,1.4926034354283256e+16,5.0347112125760115e+23,1.0010841573921717e+20,1.6782370708586705e+23
2359712432432.4326,1259.3849910942338,253303863.26816565,1,5.923172748033659e+22,1.6782370708586705e+23,5.035710605351346e+23,9.980927554684173e+19,0.0001417292339361652,5.54084957842575e+22,4.94710482002605,1.0027755394395179e+20,2.0664806781946037e-05,1.691382047347463e+17,8.45221099008833e+16,1.5240513738750648e+16,5.0347112125760115e+23,1.0010841573921717e+20,1.6782370708586705e+23
2362871351351.3516,1257.322588137198,253300163.45456424,1,5.923172748033659e+22,1.6782370708586705e+23,5.035710605351346e+23,9.980927554684173e+19,0.00013354970491251568,5.54084957842575e+22,4.661583302329663,1.0027755394395179e+20,1.9472426751522554e-05,1.691382047347463e+17,8.420229207477326e+16,1.5560331564860676e+16,5.0347112125760115e+23,1.0010841573921717e+20,1.6782370708586705e+23
2366030270270.2705,1255.2601851801621,253296552.88599065,1,5.923172748033659e+22,1.6782370708586705e+23,5.035710605351346e+23,9.980927554684173e+19,0.00012584222777736417,5.54084957842575e+22,4.392540622263245,1.0027755394395179e+20,1.834884173329977e-05,1.691382047347463e+17,8.387707082748115e+16,1.5885552812152784e+16,5.0347112125760115e+23,1.0010841573921717e+20,1.6782370708586705e+23
2369189189189.189,1253.1977822231263,253293029.73908612,1,5.923172748033659e+22,1.6782370708586705e+23,5.035710605351346e+23,9.980927554684173e+19,0.0001185795603854415,5.54084957842575e+22,4.139025705834805,1.0027755394395179e+20,1.7290083062357386e-05,1.691382047347463e+17,8.354638148204808e+16,1.621624215758585e+16,5.0347112125760115e+23,1.0010841573921717e+20,1.6782370708586705e+23
2372348108108.1084,1251.1353792660902,253289592.20973942,1,5.923172748033659e+22,1.6782370708586705e+23,5.035710605351346e+23,9.980927554684173e+19,0.00011173603269130244,5.54084957842575e+22,3.9001423701653395,1.0027755394395179e+20,1.6292410981839922e-05,1.691382047347463e+17,8.321015972322742e+16,1.6552463916406506e+16,5.0347112125760115e+23,1.0010841573921717e+20,1.6782370708586705e+23
2375507027027.0273,1249.0729763090544,253286238.5135887,1,5.923172748033659e+22,1.6782370708586705e+23,5.035710605351346e+23,9.980927554684173e+19,0.00010528745602931741,5.54084957842575e+22,3.675046155455312,1.0027755394395179e+20,1.5352301442481705e-05,1.691382047347463e+17,8.286834165912691e+16,1.6894281980507018e+16,5.0347112125760115e+23,1.0010841573921717e+20,1.6782370708586705e+23
2378665945945.9463,1247.0105733520186,253282966.88649482,1,5.923172748033659e+22,1.6782370708586705e+23,5.035710605351346e+23,9.980927554684173e+19,9.921103762854897e-05,5.54084957842575e+22,3.462941339793786,1.0027755394395179e+20,1.4466433663182059e-05,1.691382047347463e+17,8.252086388541754e+16,1.7241759754216388e+16,5.0347112125760115e+23,1.0010841573921717e+20,1.6782370708586705e+23
2381824864864.865,1244.9481703949828,253279775.58498493,1,5.923172748033659e+22,1.6782370708586705e+23,5.035710605351346e+23,9.980927554684173e+19,9.348530006045763e-05,5.54084957842575e+22,3.263078126257454,1.0027755394395179e+20,1.36316784087645e-05,1.691382047347463e+17,8.21676635521646e+16,1.759496008746931e+16,5.0347112125760115e+23,1.0010841573921717e+20,1.6782370708586705e+23
2384983783783.784,1242.885767437947,253276662.88666728,1,5.923172748033659e+22,1.6782370708586705e+23,5.035710605351346e+23,9.980927554684173e+19,8.809000533480544e-05,5.54084957842575e+22,3.0747499923558954,1.0027755394395179e+20,1.2845086943583887e-05,1.691382047347463e+17,8.180867843333504e+16,1.7953945206298884e+16,5.0347112125760115e+23,1.0010841573921717e+20,1.6782370708586705e+23
2388142702702.7026,1240.823364480911,253273627.0906172,1,5.923172748033659e+22,1.6782370708586705e+23,5.035710605351346e+23,9.980927554684173e+19,8.300608337555055e-05,5.54084957842575e+22,2.897291192453251,1.0027755394395179e+20,1.2103880622024916e-05,1.691382047347463e+17,8.144384699903352e+16,1.8318776640600412e+16,5.0347112125760115e+23,1.0010841573921717e+20,1.6782370708586705e+23
2391301621621.6216,1238.7609615238753,253270666.5177342,1,5.923172748033659e+22,1.6782370708586705e+23,5.035710605351346e+23,9.980927554684173e+19,7.821556462400128e-05,5.54084957842575e+22,2.7300744043373135,1.0027755394395179e+20,1.1405441079181673e-05,1.691382047347463e+17,8.107310849051867e+16,1.868951514911526e+16,5.0347112125760115e+23,1.0010841573921717e+20,1.6782370708586705e+23
2394460540540.5405,1236.6985585668394,253267779.51107088,1,5.923172748033659e+22,1.6782370708586705e+23,5.035710605351346e+23,9.980927554684173e+19,7.370151653107921e-05,5.54084957842575e+22,2.5725085116165793,1.0027755394395179e+20,1.0747300987122945e-05,1.691382047347463e+17,8.069640299804821e+16,1.906622064158572e+16,5.0347112125760115e+23,1.0010841573921717e+20,1.6782370708586705e+23
2397619459459.4595,1234.6361556098036,253264964.436134,1,5.923172748033659e+22,1.6782370708586705e+23,5.035710605351346e+23,9.980927554684173e+19,6.944798371428282e-05,5.54084957842575e+22,2.424036514105968,1.0027755394395179e+20,1.0127135344140863e-05,1.691382047347463e+17,8.03136715416e+16,1.944895209803392e+16,5.0347112125760115e+23,1.0010841573921717e+20,1.6782370708586705e+23
2400778378378.3784,1232.5737526527678,253262219.68115744,1,5.923172748033659e+22,1.6782370708586705e+23,5.035710605351346e+23,9.980927554684173e+19,6.543993156789052e-05,5.54084957842575e+22,2.2841335588143616,1.0027755394395179e+20,9.542753266260563e-06,1.691382047347463e+17,7.992485615451352e+16,1.98377674851204e+16,5.0347112125760115e+23,1.0010841573921717e+20,1.6782370708586705e+23
2403937297297.298,1230.5113496957317,253259548.85740823,1,5.923172748033659e+22,1.6782370708586705e+23,5.035710605351346e+23,9.980927554684173e+19,6.166319294995668e-05,5.54084957842575e+22,2.152305084573443,1.0027755394395179e+20,8.99209008117105e-06,1.691382047347463e+17,7.952989997009334e+16,2.0232723669540572e+16,5.0347112125760115e+23,1.0010841573921717e+20,1.6782370708586705e+23
2407096216216.2163,1228.448946738696,253256956.65853018,1,5.923172748033659e+22,1.6782370708586705e+23,5.035710605351346e+23,9.980927554684173e+19,5.8104418258957184e-05,5.54084957842575e+22,2.028085073749047,1.0027755394395179e+20,8.473200204807185e-06,1.691382047347463e+17,7.912874731121346e+16,2.0633876328420468e+16,5.0347112125760115e+23,1.0010841573921717e+20,1.6782370708586705e+23
2410255135135.1353,1226.38654378166,253254440.51312593,1,5.923172748033659e+22,1.6782370708586705e+23,5.035710605351346e+23,9.980927554684173e+19,5.4751028541176006e-05,5.54084957842575e+22,1.9110344048547563,1.0027755394395179e+20,7.984250530523e-06,1.691382047347463e+17,7.872134378295744e+16,2.104127985667648e+16,5.0347112125760115e+23,1.0010841573921717e+20,1.6782370708586705e+23
2413414054054.054,1224.3241408246242,253251997.9314051,1,5.923172748033659e+22,1.6782370708586705e+23,5.035710605351346e+23,9.980927554684173e+19,5.159117081496908e-05,5.54084957842575e+22,1.8007393002442038,1.0027755394395179e+20,7.523513705247207e-06,1.691382047347463e+17,7.830763636832635e+16,2.1454987271307572e+16,5.0347112125760115e+23,1.0010841573921717e+20,1.6782370708586705e+23
2416572972972.973,1222.2617378675884,253249626.5029507,1,5.923172748033659e+22,1.6782370708586705e+23,5.035710605351346e+23,9.980927554684173e+19,4.8613676134228335e-05,5.54084957842575e+22,1.6968098633946025,1.0027755394395179e+20,7.089362016110692e-06,1.691382047347463e+17,7.788757352704144e+16,2.187505011259249e+16,5.0347112125760115e+23,1.0010841573921717e+20,1.6782370708586705e+23
2419731891891.892,1220.1993349105526,253247323.8945189,1,5.923172748033659e+22,1.6782370708586705e+23,5.035710605351346e+23,9.980927554684173e+19,4.580802010608115e-05,5.54084957842575e+22,1.5988787006107754,1.0027755394395179e+20,6.680261642729899e-06,1.691382047347463e+17,7.746110529746496e+16,2.2301518342168972e+16,5.0347112125760115e+23,1.0010841573921717e+20,1.6782370708586705e+23
2422890810810.811,1218.1369319535168,253245087.8478735,1,5.923172748033659e+22,1.6782370708586705e+23,5.035710605351346e+23,9.980927554684173e+19,4.3164285694132165e-05,5.54084957842575e+22,1.506599622277357,1.0027755394395179e+20,6.294767242327916e-06,1.691382047347463e+17,7.702818340165706e+16,2.273444023797687e+16,5.0347112125760115e+23,1.0010841573921717e+20,1.6782370708586705e+23
2426049729729.73,1216.074528996481,253242916.1776571,1,5.923172748033659e+22,1.6782370708586705e+23,5.035710605351346e+23,9.980927554684173e+19,4.0673128169599115e-05,5.54084957842575e+22,1.4196464190680567,1.0027755394395179e+20,5.931516847264268e-06,1.691382047347463e+17,7.658876135358168e+16,2.3173862286052252e+16,5.0347112125760115e+23,1.0010841573921717e+20,1.6782370708586705e+23
2429208648648.6484,1214.012126039445,253240806.76929986,1,5.923172748033659e+22,1.6782370708586705e+23,5.035710605351346e+23,9.980927554684173e+19,3.8325742085183826e-05,5.54084957842575e+22,1.3377117087858479,1.0027755394395179e+20,5.589227056755576e-06,1.691382047347463e+17,7.614279457046854e+16,2.361982906916538e+16,5.0347112125760115e+23,1.0010841573921717e+20,1.6782370708586705e+23
2432367567567.5674,1211.9497230824093,253238757.5769667,1,5.923172748033659e+22,1.6782370708586705e+23,5.035710605351346e+23,9.980927554684173e+19,3.6113830154710786e-05,5.54084957842575e+22,1.2605058497576271,1.0027755394395179e+20,5.266688505793231e-06,1.691382047347463e+17,7.569024048733232e+16,2.4072383152301604e+16,5.0347112125760115e+23,1.0010841573921717e+20,1.6782370708586705e+23
2435526486486.487,1209.8873201253732,253236766.62154487,1,5.923172748033659e+22,1.6782370708586705e+23,5.035710605351346e+23,9.980927554684173e+19,3.4029573928520874e-05,5.54084957842575e+22,1.1877559169421592,1.0027755394395179e+20,4.962761595278769e-06,1.691382047347463e+17,7.52310586746432e+16,2.4531564964990716e+16,5.0347112125760115e+23,1.0010841573921717e+20,1.6782370708586705e+23
2438685405405.406,1207.8249171683374,253234831.98867127,1,5.923172748033659e+22,1.6782370708586705e+23,5.035710605351346e+23,9.980927554684173e+19,3.206560616099821e-05,5.54084957842575e+22,1.1192047371318226,1.0027755394395179e+20,4.676372468323512e-06,1.691382047347463e+17,7.47652109591363e+16,2.4997412680497612e+16,5.0347112125760115e+23,1.0010841573921717e+20,1.6782370708586705e+23
2441844324324.3247,1205.7625142113015,253232951.82680115,1,5.923172748033659e+22,1.6782370708586705e+23,5.035710605351346e+23,9.980927554684173e+19,3.0214984772595628e-05,5.54084957842575e+22,1.054609979837559,1.0027755394395179e+20,4.406509218528751e-06,1.691382047347463e+17,7.429266154773931e+16,2.54699620918946e+16,5.0347112125760115e+23,1.0010841573921717e+20,1.6782370708586705e+23
2445003243243.2437,1203.7001112542657,253231124.34531844,1,5.923172748033659e+22,1.6782370708586705e+23,5.035710605351346e+23,9.980927554684173e+19,2.847116831435832e-05,5.54084957842575e+22,0.9937433006432842,1.0027755394395179e+20,4.152218316879193e-06,1.691382047347463e+17,7.381337715459003e+16,2.594924648504388e+16,5.0347112125760115e+23,1.0010841573921717e+20,1.6782370708586705e+23
2448162162162.1626,1201.63770829723,253229347.812688,1,5.923172748033659e+22,1.6782370708586705e+23,5.035710605351346e+23,9.980927554684173e+19,2.682799284825365e-05,5.54084957842575e+22,0.9363895340014863,1.0027755394395179e+20,3.912601244651518e-06,1.691382047347463e+17,7.332732713110645e+16,2.6435296508527464e+16,5.0347112125760115e+23,1.0010841573921717e+20,1.6782370708586705e+23
2451321081081.081,1199.575305340194,253227620.5546494,1,5.923172748033659e+22,1.6782370708586705e+23,5.035710605351346e+23,9.980927554684173e+19,2.5279650161616086e-05,5.54084957842575e+22,0.8823459326165233,1.0027755394395179e+20,3.6868113204662997e-06,1.691382047347463e+17,7.283448359906293e+16,2.692814004057098e+16,5.0347112125760115e+23,1.0010841573921717e+20,1.6782370708586705e+23
2454480000000.0,1197.5129023831582,253225940.95245424,1,5.923172748033659e+22,1.6782370708586705e+23,5.035710605351346e+23,9.980927554684173e+19,2.3820667238729518e-05,5.54084957842575e+22,0.8314214507268152,1.0027755394395179e+20,3.474050710294485e-06,1.691382047347463e+17,7.233482158661622e+16,2.742780205301769e+16,5.0347112125760115e+23,1.0010841573921717e+20,1.6782370708586705e+23
2457638918918.919,1195.4504994261224,253224307.44114438,1,5.923172748033659e+22,1.6782370708586705e+23,5.035710605351346e+23,9.980927554684173e+19,2.2445886917009852e-05,5.54084957842575e+22,0.7834360687523128,1.0027755394395179e+20,3.2735676098742303e-06,1.691382047347463e+17,7.1828319167214456e+16,2.7934304472419456e+16,5.0347112125760115e+23,1.0010841573921717e+20,1.6782370708586705e+23
2460797837837.838,1193.3880964690866,253222718.50787306,1,5.923172748033659e+22,1.6782370708586705e+23,5.035710605351346e+23,9.980927554684173e+19,2.1150449659435838e-05,5.54084957842575e+22,0.7382201569198495,1.0027755394395179e+20,3.0846535896012227e-06,1.691382047347463e+17,7.131495760131146e+16,2.8447666038322456e+16,5.0347112125760115e+23,1.0010841573921717e+20,1.6782370708586705e+23
2463956756756.757,1191.3256935120507,253221172.69026846,1,5.923172748033659e+22,1.6782370708586705e+23,5.035710605351346e+23,9.980927554684173e+19,1.992977637881965e-05,5.54084957842575e+22,0.695613875616776,1.0027755394395179e+20,2.9066410925276725e-06,1.691382047347463e+17,7.079472148079688e+16,2.896790215883703e+16,5.0347112125760115e+23,1.0010841573921717e+20,1.6782370708586705e+23
2467115675675.6763,1189.2632905550147,253219668.5748382,1,5.923172748033659e+22,1.6782370708586705e+23,5.035710605351346e+23,9.980927554684173e+19,1.877955225322437e-05,5.54084957842575e+22,0.6554666103531057,1.0027755394395179e+20,2.7389010766448854e-06,1.691382047347463e+17,7.026759887604049e+16,2.949502476359342e+16,5.0347112125760115e+23,1.0010841573921717e+20,1.6782370708586705e+23
2470274594594.5947,1187.2008875979789,253218204.79541594,1,5.923172748033659e+22,1.6782370708586705e+23,5.035710605351346e+23,9.980927554684173e+19,1.7695711475337642e-05,5.54084957842575e+22,0.6176364393347484,1.0027755394395179e+20,2.5808407931324565e-06,1.691382047347463e+17,6.9733581485435864e+16,3.002904215419804e+16,5.0347112125760115e+23,1.0010841573921717e+20,1.6782370708586705e+23
2473433513513.5137,1185.138484640943,253216780.03164926,1,5.923172748033659e+22,1.6782370708586705e+23,5.035710605351346e+23,9.980927554684173e+19,1.667442288190988e-05,5.54084957842575e+22,0.581989631765686,1.0027755394395179e+20,2.43190169273631e-06,1.691382047347463e+17,6.919266478731536e+16,3.0569958852318548e+16,5.0347112125760115e+23,1.0010841573921717e+20,1.6782370708586705e+23
2476592432432.4326,1183.0760816839072,253215393.00752774,1,5.923172748033659e+22,1.6782370708586705e+23,5.035710605351346e+23,9.980927554684173e+19,1.5712076412475253e-05,5.54084957842575e+22,0.5484001751055732,1.0027755394395179e+20,2.2915574528892783e-06,1.691382047347463e+17,6.8644848194093704e+16,3.1117775445540204e+16,5.0347112125760115e+23,1.0010841573921717e+20,1.6782370708586705e+23
2479751351351.3516,1181.0136787268714,253214042.48995185,1,5.923172748033659e+22,1.6782370708586705e+23,5.035710605351346e+23,9.980927554684173e+19,1.4805270349503246e-05,5.54084957842575e+22,0.5167493296116054,1.0027755394395179e+20,2.159312118613667e-06,1.691382047347463e+17,6.8090135208482936e+16,3.1672488431150976e+16,5.0347112125760115e+23,1.0010841573921717e+20,1.6782370708586705e+23
2482910270270.2705,1178.9512757698355,253212727.2873411,1,5.923172748033659e+22,1.6782370708586705e+23,5.035710605351346e+23,9.980927554684173e+19,1.3950799294889458e-05,5.54084957842575e+22,0.486925208589945,1.0027755394395179e+20,2.0346983506458943e-06,1.691382047347463e+17,6.7528533581605496e+16,3.2234090058028416e+16,5.0347112125760115e+23,1.0010841573921717e+20,1.6782370708586705e+23
2486069189189.1895,1176.8888728127997,253211446.24828166,1,5.923172748033659e+22,1.6782370708586705e+23,5.035710605351346e+23,9.980927554684173e+19,1.3145642840296474e-05,5.54084957842575e+22,0.4588223828728827,1.0027755394395179e+20,1.9172757746017176e-06,1.691382047347463e+17,6.696005547281628e+16,3.2802568166817628e+16,5.0347112125760115e+23,1.0010841573921717e+20,1.6782370708586705e+23
2489228108108.1084,1174.826469855764,253210198.26021233,1,5.923172748033659e+22,1.6782370708586705e+23,5.035710605351346e+23,9.980927554684173e+19,1.2386954891306468e-05,5.54084957842575e+22,0.43234150812354827,1.0027755394395179e+20,1.8066294253564223e-06,1.691382047347463e+17,6.638471761102732e+16,3.337790602860659e+16,5.0347112125760115e+23,1.0010841573921717e+20,1.6782370708586705e+23
2492387027027.027,1172.764066898728,253208982.24814874,1,5.923172748033659e+22,1.6782370708586705e+23,5.035710605351346e+23,9.980927554684173e+19,1.1672053607657958e-05,5.54084957842575e+22,0.4073889736506825,1.0027755394395179e+20,1.702368281150115e-06,1.691382047347463e+17,6.580254145731121e+16,3.39600821823227e+16,5.0347112125760115e+23,1.0010841573921717e+20,1.6782370708586705e+23
2495545945945.946,1170.7016639416922,253207797.17344427,1,5.923172748033659e+22,1.6782370708586705e+23,5.035710605351346e+23,9.980927554684173e+19,1.0998411924015553e-05,5.54084957842575e+22,0.3838765714920187,1.0027755394395179e+20,1.6041238822448082e-06,1.691382047347463e+17,6.521355336854123e+16,3.454907027109267e+16,5.0347112125760115e+23,1.0010841573921717e+20,1.6782370708586705e+23
2498704864864.865,1168.6392609846562,253206642.03258803,1,5.923172748033659e+22,1.6782370708586705e+23,5.035710605351346e+23,9.980927554684173e+19,1.0363648617773175e-05,5.54084957842575e+22,0.36172118459647484,1.0027755394395179e+20,1.5115490292578272e-06,1.691382047347463e+17,6.461778476180699e+16,3.514483887782691e+16,5.0347112125760115e+23,1.0010841573921717e+20,1.6782370708586705e+23
2501863783783.784,1166.5768580276203,253205515.85603842,1,5.923172748033659e+22,1.6782370708586705e+23,5.035710605351346e+23,9.980927554684173e+19,9.765519892323804e-06,5.54084957842575e+22,0.34084449300286984,1.0027755394395179e+20,1.4243165565773296e-06,1.691382047347463e+17,6.401527227932502e+16,3.5747351360308884e+16,5.0347112125760115e+23,1.0010841573921717e+20,1.6782370708586705e+23
2505022702702.703,1164.5144550705845,253204417.70709184,1,5.923172748033659e+22,1.6782370708586705e+23,5.035710605351346e+23,9.980927554684173e+19,9.201911446050519e-06,5.54084957842575e+22,0.32117269697649764,1.0027755394395179e+20,1.342118176530297e-06,1.691382047347463e+17,6.340605795354356e+16,3.6356565686090344e+16,5.0347112125760115e+23,1.0010841573921717e+20,1.6782370708586705e+23
2508181621621.622,1162.4520521135487,253203346.68078575,1,5.923172748033659e+22,1.6782370708586705e+23,5.035710605351346e+23,9.980927554684173e+19,8.670830999009747e-06,5.54084957842575e+22,0.30263625612483835,1.0027755394395179e+20,1.2646633902230986e-06,1.691382047347463e+17,6.279018937212003e+16,3.697243426751387e+16,5.0347112125760115e+23,1.0010841573921717e+20,1.6782370708586705e+23
2511340540540.5405,1160.3896491565129,253202301.90283573,1,5.923172748033659e+22,1.6782370708586705e+23,5.035710605351346e+23,9.980927554684173e+19,8.170401250895077e-06,5.54084957842575e+22,0.28516964357017216,1.0027755394395179e+20,1.1916784612097182e-06,1.691382047347463e+17,6.216771984242839e+16,3.759490379720551e+16,5.0347112125760115e+23,1.0010841573921717e+20,1.6782370708586705e+23
2514499459459.4595,1158.327246199477,253201282.52860457,1,5.923172748033659e+22,1.6782370708586705e+23,5.035710605351346e+23,9.980927554684173e+19,7.698853245393854e-06,5.54084957842575e+22,0.26871111431008976,1.0027755394395179e+20,1.1229054483645267e-06,1.691382047347463e+17,6.153870855523173e+16,3.822391508440218e+16,5.0347112125760115e+23,1.0010841573921717e+20,1.6782370708586705e+23
2517658378378.3784,1156.2648432424412,253200287.74210453,1,5.923172748033659e+22,1.6782370708586705e+23,5.035710605351346e+23,9.980927554684173e+19,7.2545201174849685e-06,5.54084957842575e+22,0.25320248694704545,1.0027755394395179e+20,1.0581012945451588e-06,1.691382047347463e+17,6.09032207471333e+16,3.885940289250061e+16,5.0347112125760115e+23,1.0010841573921717e+20,1.6782370708586705e+23
2520817297297.2974,1154.2024402854054,253199316.75503004,1,5.923172748033659e+22,1.6782370708586705e+23,5.035710605351346e+23,9.980927554684173e+19,6.835831201579453e-06,5.54084957842575e+22,0.23858893801536152,1.0027755394395179e+20,9.970369678281017e-07,1.691382047347463e+17,6.02613278613963e+16,3.95012957782376e+16,5.0347112125760115e+23,1.0010841573921717e+20,1.6782370708586705e+23
2523976216216.2163,1152.1400373283695,253198368.80582154,1,5.923172748033659e+22,1.6782370708586705e+23,5.035710605351346e+23,9.980927554684173e+19,6.441306479680574e-06,5.54084957842575e+22,0.22481880817862265,1.0027755394395179e+20,9.394966522848625e-07,1.691382047347463e+17,5.96131077066999e+16,4.0149515932934e+16,5.0347112125760115e+23,1.0010841573921717e+20,1.6782370708586705e+23
2527135135135.1353,1150.0776343713337,253197443.1587587,1,5.923172748033659e+22,1.6782370708586705e+23,5.035710605351346e+23,9.980927554684173e+19,6.069551349941748e-06,5.54084957842575e+22,0.21184341961236314,1.0027755394395179e+20,8.852769854415503e-07,1.691382047347463e+17,5.895864461337521e+16,4.0803979026258696e+16,5.0347112125760115e+23,1.0010841573921717e+20,1.6782370708586705e+23
2530294054054.054,1148.0152314142977,253196539.10308322,1,5.923172748033659e+22,1.6782370708586705e+23,5.035710605351346e+23,9.980927554684173e+19,5.719251697132819e-06,5.54084957842575e+22,0.19961690392648848,1.0027755394395179e+20,8.341863397293514e-07,1.691382047347463e+17,5.82980295866418e+16,4.1464594052992104e+16,5.0347112125760115e+23,1.0010841573921717e+20,1.6782370708586705e+23
2533452972972.973,1145.9528284572618,253195655.95214927,1,5.923172748033659e+22,1.6782370708586705e+23,5.035710605351346e+23,9.980927554684173e+19,5.389169247592197e-06,5.54084957842575e+22,0.18809604001913252,1.0027755394395179e+20,7.860441453886205e-07,1.691382047347463e+17,5.763136045634124e+16,4.2131263183292664e+16,5.0347112125760115e+23,1.0010841573921717e+20,1.6782370708586705e+23
2536611891891.892,1143.890425500226,253194793.042602,1,5.923172748033659e+22,1.6782370708586705e+23,5.035710605351346e+23,9.980927554684173e+19,5.078137192247642e-06,5.54084957842575e+22,0.17724010128875803,1.0027755394395179e+20,7.40680252435659e-07,1.691382047347463e+17,5.695874202264027e+16,4.280388161699363e+16,5.0347112125760115e+23,1.0010841573921717e+20,1.6782370708586705e+23
2539770810810.811,1141.8280225431902,253193949.73358256,1,5.923172748033659e+22,1.6782370708586705e+23,5.035710605351346e+23,9.980927554684173e+19,4.785056062235897e-06,5.54084957842575e+22,0.1670107116643916,1.0027755394395179e+20,6.979343294390367e-07,1.691382047347463e+17,5.628028619715266e+16,4.348233744248125e+16,5.0347112125760115e+23,1.0010841573921717e+20,1.6782370708586705e+23
2542929729729.73,1139.7656195861543,253193125.40595913,1,5.923172748033659e+22,1.6782370708586705e+23,5.035710605351346e+23,9.980927554684173e+19,4.508889842544008e-06,5.54084957842575e+22,0.15737170994505473,1.0027755394395179e+20,6.576552969822526e-07,1.691382047347463e+17,5.559611213890474e+16,4.416651150072917e+16,5.0347112125760115e+23,1.0010841573921717e+20,1.6782370708586705e+23
2546088648648.649,1137.7032166291185,253192319.4615835,1,5.923172748033659e+22,1.6782370708586705e+23,5.035710605351346e+23,9.980927554684173e+19,4.248662309936384e-06,5.54084957842575e+22,0.14828902196882723,1.0027755394395179e+20,6.197007938120242e-07,1.691382047347463e+17,5.490634638454656e+16,4.485627725508734e+16,5.0347112125760115e+23,1.0010841573921717e+20,1.6782370708586705e+23
2549247567567.568,1135.6408136720827,253191531.32257196,1,5.923172748033659e+22,1.6782370708586705e+23,5.035710605351346e+23,9.980927554684173e+19,4.003453582224295e-06,5.54084957842575e+22,0.13973054015965675,1.0027755394395179e+20,5.839366737867318e-07,1.691382047347463e+17,5.4211122972187064e+16,4.555150066744684e+16,5.0347112125760115e+23,1.0010841573921717e+20,1.6782370708586705e+23
2552406486486.4863,1133.5784107150469,253190760.4306102,1,5.923172748033659e+22,1.6782370708586705e+23,5.035710605351346e+23,9.980927554684173e+19,3.7723968666813727e-06,5.54084957842575e+22,0.13166601002610862,1.0027755394395179e+20,5.502365318484288e-07,1.691382047347463e+17,5.351058355820932e+16,4.6252040081424584e+16,5.0347112125760115e+23,1.0010841573921717e+20,1.6782370708586705e+23
2555565405405.4053,1131.516007758011,253190006.24628162,1,5.923172748033659e+22,1.6782370708586705e+23,5.035710605351346e+23,9.980927554684173e+19,3.5546753961125268e-06,5.54084957842575e+22,0.12406692321082574,1.0027755394395179e+20,5.18481257344154e-07,1.691382047347463e+17,5.2804877526399896e+16,4.695774611323401e+16,5.0347112125760115e+23,1.0010841573921717e+20,1.6782370708586705e+23
2558724324324.324,1129.4536048009752,253189268.24841768,1,5.923172748033659e+22,1.6782370708586705e+23,5.035710605351346e+23,9.980927554684173e+19,3.349519541746875e-06,5.54084957842575e+22,0.11690641671262512,1.0027755394395179e+20,4.885586131188823e-07,1.691382047347463e+17,5.209416208870508e+16,4.7668461550928824e+16,5.0347112125760115e+23,1.0010841573921717e+20,1.6782370708586705e+23
2561883243243.2437,1127.3912018439391,253188545.93347037,1,5.923172748033659e+22,1.6782370708586705e+23,5.035710605351346e+23,9.980927554684173e+19,3.1562040927502175e-06,5.54084957842575e+22,0.11015917792497816,1.0027755394395179e+20,4.603628388934681e-07,1.691382047347463e+17,5.1378602376906536e+16,4.838402126272737e+16,5.0347112125760115e+23,1.0010841573921717e+20,1.6782370708586705e+23
2565042162162.1626,1125.3287988869033,253187838.8149059,1,5.923172748033659e+22,1.6782370708586705e+23,5.035710605351346e+23,9.980927554684173e+19,2.974045692741456e-06,5.54084957842575e+22,0.10380135515518278,1.0027755394395179e+20,4.3379427752660237e-07,1.691382047347463e+17,5.065837152448986e+16,4.910425211514405e+16,5.0347112125760115e+23,1.0010841573921717e+20,1.6782370708586705e+23
2568201081081.0815,1123.2663959298675,253187146.42261875,1,5.923172748033659e+22,1.6782370708586705e+23,5.035710605351346e+23,9.980927554684173e+19,2.8024004242522357e-06,5.54084957842575e+22,0.09781047330791005,1.0027755394395179e+20,4.087590228406616e-07,1.691382047347463e+17,4.993365073796152e+16,4.982897290167238e+16,5.0347112125760115e+23,1.0010841573921717e+20,1.6782370708586705e+23
2571360000000.0,1121.2039929728317,253186468.30236587,1,5.923172748033659e+22,1.6782370708586705e+23,5.035710605351346e+23,9.980927554684173e+19,2.6406615325920013e-06,5.54084957842575e+22,0.09216535443506406,1.0027755394395179e+20,3.8516858776745315e-07,1.691382047347463e+17,4.9204629356853656e+16,5.055799428278025e+16,5.0347112125760115e+23,1.0010841573921717e+20,1.6782370708586705e+23
2574518918918.919,1119.1415900157958,253185804.01521954,1,5.923172748033659e+22,1.6782370708586705e+23,5.035710605351346e+23,9.980927554684173e+19,2.488257281073281e-06,5.54084957842575e+22,0.08684604287109635,1.0027755394395179e+20,3.6293959164157123e-07,1.691382047347463e+17,4.847150490164115e+16,5.129111873799275e+16,5.0347112125760115e+23,1.0010841573921717e+20,1.6782370708586705e+23
2577677837837.838,1117.07918705876,253185153.13703987,1,5.923172748033659e+22,1.6782370708586705e+23,5.035710605351346e+23,9.980927554684173e+19,2.3446489300163814e-06,5.54084957842575e+22,0.08183373468912611,1.0027755394395179e+20,3.4199346553674506e-07,1.691382047347463e+17,4.7734483108783144e+16,5.202814053085076e+16,5.0347112125760115e+23,1.0010841573921717e+20,1.6782370708586705e+23
2580836756756.757,1115.0167841017242,253184515.2579643,1,5.923172748033659e+22,1.6782370708586705e+23,5.035710605351346e+23,9.980927554684173e+19,2.209328832390066e-06,5.54084957842575e+22,0.07711071122849125,1.0027755394395179e+20,3.222561746042461e-07,1.691382047347463e+17,4.699377795209024e+16,5.276884568754366e+16,5.0347112125760115e+23,1.0010841573921717e+20,1.6782370708586705e+23
2583995675675.676,1112.9543811446883,253183889.9819157,1,5.923172748033659e+22,1.6782370708586705e+23,5.035710605351346e+23,9.980927554684173e+19,2.081818639357084e-06,5.54084957842575e+22,0.07266027645874834,1.0027755394395179e+20,3.036579564324642e-07,1.691382047347463e+17,4.624961164961068e+16,5.3513011990023224e+16,5.0347112125760115e+23,1.0010841573921717e+20,1.6782370708586705e+23
2587154594594.5947,1110.8919781876525,253183276.9261264,1,5.923172748033659e+22,1.6782370708586705e+23,5.035710605351346e+23,9.980927554684173e+19,1.961667609381821e-06,5.54084957842575e+22,0.06846669795870118,1.0027755394395179e+20,2.8613307450332986e-07,1.691382047347463e+17,4.550221465522309e+16,5.426040898441082e+16,5.0347112125760115e+23,1.0010841573921717e+20,1.6782370708586705e+23
2590313513513.5137,1108.8295752306167,253182675.72067922,1,5.923172748033659e+22,1.6782370708586705e+23,5.035710605351346e+23,9.980927554684173e+19,1.8484510149234062e-06,5.54084957842575e+22,0.06451515130181722,1.0027755394395179e+20,2.6961958587460824e-07,1.691382047347463e+17,4.47518256341207e+16,5.50107980055132e+16,5.0347112125760115e+23,1.0010841573921717e+20,1.6782370708586705e+23
2593472432432.4326,1106.7671722735806,253182086.0080644,1,5.923172748033659e+22,1.6782370708586705e+23,5.035710605351346e+23,9.980927554684173e+19,1.7417686410825053e-06,5.54084957842575e+22,0.0607916676514324,1.0027755394395179e+20,2.540591222673079e-07,1.691382047347463e+17,4.399869142137245e+16,5.576393221826146e+16,5.0347112125760115e+23,1.0010841573921717e+20,1.6782370708586705e+23
2596631351351.3516,1104.7047693165448,253181507.4427515,1,5.923172748033659e+22,1.6782370708586705e+23,5.035710605351346e+23,9.980927554684173e+19,1.64124337089502e-06,5.54084957842575e+22,0.057283084380492136,1.0027755394395179e+20,2.3939668378478166e-07,1.691382047347463e+17,4.324306696274994e+16,5.651955667688397e+16,5.0347112125760115e+23,1.0010841573921717e+20,1.6782370708586705e+23
2599790270270.2705,1102.642366359509,253180939.69077623,1,5.923172748033659e+22,1.6782370708586705e+23,5.035710605351346e+23,9.980927554684173e+19,1.5465198522721957e-06,5.54084957842575e+22,0.053976998541267446,1.0027755394395179e+20,2.255804445347317e-07,1.691382047347463e+17,4.248521523701702e+16,5.727740840261688e+16,5.0347112125760115e+23,1.0010841573921717e+20,1.6782370708586705e+23
2602949189189.1895,1100.5799634024731,253180382.42934203,1,5.923172748033659e+22,1.6782370708586705e+23,5.035710605351346e+23,9.980927554684173e+19,1.457263241875198e-06,5.54084957842575e+22,0.05086172302056052,1.0027755394395179e+20,2.125615694673836e-07,1.691382047347463e+17,4.172540715888981e+16,5.80372164807441e+16,5.0347112125760115e+23,1.0010841573921717e+20,1.6782370708586705e+23
2606108108108.1084,1098.5175604454373,253179835.34643498,1,5.923172748033659e+22,1.6782370708586705e+23,5.035710605351346e+23,9.980927554684173e+19,1.3731580214841326e-06,5.54084957842575e+22,0.04792624522540694,1.0027755394395179e+20,2.0029404178265622e-07,1.691382047347463e+17,4.096392146189056e+16,5.879870217774334e+16,5.0347112125760115e+23,1.0010841573921717e+20,1.6782370708586705e+23
2609267027027.0273,1096.4551574884015,253179298.1404524,1,5.923172748033659e+22,1.6782370708586705e+23,5.035710605351346e+23,9.980927554684173e+19,1.2939068826777439e-06,5.54084957842575e+22,0.045160188153227226,1.0027755394395179e+20,1.8873450029655872e-07,1.691382047347463e+17,4.0201044560339176e+16,5.956157907929473e+16,5.0347112125760115e+23,1.0010841573921717e+20,1.6782370708586705e+23
2612425945945.9463,1094.3927545313657,253178770.51984474,1,5.923172748033659e+22,1.6782370708586705e+23,5.035710605351346e+23,9.980927554684173e+19,1.219229675881455e-06,5.54084957842575e+22,0.04255377370880962,1.0027755394395179e+20,1.7784208619216023e-07,1.691382047347463e+17,3.94370703897503e+16,6.03255532498836e+16,5.0347112125760115e+23,1.0010841573921717e+20,1.6782370708586705e+23
2615584864864.8647,1092.3303515743298,253178252.20276892,1,5.923172748033659e+22,1.6782370708586705e+23,5.035710605351346e+23,9.980927554684173e+19,1.148862420068933e-06,5.54084957842575e+22,0.0400977881384485,1.0027755394395179e+20,1.6757829861368018e-07,1.691382047347463e+17,3.867230022493427e+16,6.109032341469963e+16,5.0347112125760115e+23,1.0010841573921717e+20,1.6782370708586705e+23
2618743783783.7837,1090.267948617294,253177742.91675493,1,5.923172748033659e+22,1.6782370708586705e+23,5.035710605351346e+23,9.980927554684173e+19,1.0825563696167273e-06,5.54084957842575e+22,0.037783549459046974,1.0027755394395179e+20,1.579068585934354e-07,1.691382047347463e+17,3.790704247513478e+16,6.185558116449912e+16,5.0347112125760115e+23,1.0010841573921717e+20,1.6782370708586705e+23
2621902702702.7026,1088.2055456602582,253177242.3983838,1,5.923172748033659e+22,1.6782370708586705e+23,5.035710605351346e+23,9.980927554684173e+19,1.0200771350135834e-06,5.54084957842575e+22,0.035602876767044704,1.0027755394395179e+20,1.4879358083086241e-07,1.691382047347463e+17,3.714161245557702e+16,6.262101118405688e+16,5.0347112125760115e+23,1.0010841573921717e+20,1.6782370708586705e+23
2625061621621.622,1086.143142703222,253176750.3929763,1,5.923172748033659e+22,1.6782370708586705e+23,5.035710605351346e+23,9.980927554684173e+19,9.612038543163414e-07,5.54084957842575e+22,0.033548061318676964,1.0027755394395179e+20,1.4020625287054168e-07,1.691382047347463e+17,3.637633213484595e+16,6.338629150478795e+16,5.0347112125760115e+23,1.0010841573921717e+20,1.6782370708586705e+23
2628220540540.541,1084.0807397461863,253176266.65429336,1,5.923172748033659e+22,1.6782370708586705e+23,5.035710605351346e+23,9.980927554684173e+19,9.057284124237242e-07,5.54084957842575e+22,0.03161183927933281,1.0027755394395179e+20,1.3211452125229726e-07,1.691382047347463e+17,3.5611529857566976e+16,6.415109378206693e+16,5.0347112125760115e+23,1.0010841573921717e+20,1.6782370708586705e+23
2631379459459.46,1082.0183367891505,253175790.94424614,1,5.923172748033659e+22,1.6782370708586705e+23,5.035710605351346e+23,9.980927554684173e+19,8.534547054083434e-07,5.54084957842575e+22,0.029787366045680597,1.0027755394395179e+20,1.2448978423108163e-07,1.691382047347463e+17,3.484754004191948e+16,6.4915083597714424e+16,5.0347112125760115e+23,1.0010841573921717e+20,1.6782370708586705e+23
2634538378378.3784,1079.9559338321146,253175323.03261733,1,5.923172748033659e+22,1.6782370708586705e+23,5.035710605351346e+23,9.980927554684173e+19,8.041979473064888e-07,5.54084957842575e+22,0.028068192049788634,1.0027755394395179e+20,1.1730509068755545e-07,1.691382047347463e+17,3.408470285157865e+16,6.5677920788055256e+16,5.0347112125760115e+23,1.0010841573921717e+20,1.6782370708586705e+23
2637697297297.2974,1077.8935308750788,253174862.69679123,1,5.923172748033659e+22,1.6782370708586705e+23,5.035710605351346e+23,9.980927554684173e+19,7.577840169153684e-07,5.54084957842575e+22,0.026448239959707968,1.0027755394395179e+20,1.1053504487215394e-07,1.691382047347463e+17,3.332336384175225e+16,6.6439259797881656e+16,5.0347112125760115e+23,1.0010841573921717e+20,1.6782370708586705e+23
2640856216216.2163,1075.831127918043,253174409.72149405,1,5.923172748033659e+22,1.6782370708586705e+23,5.035710605351346e+23,9.980927554684173e+19,7.140488422888626e-07,5.54084957842575e+22,0.024921783195920557,1.0027755394395179e+20,1.0415571664603126e-07,1.691382047347463e+17,3.256387357905711e+16,6.719875006057679e+16,5.0347112125760115e+23,1.0010841573921717e+20,1.6782370708586705e+23
2644015135135.1353,1073.7687249610071,253173963.89854282,1,5.923172748033659e+22,1.6782370708586705e+23,5.035710605351346e+23,9.980927554684173e+19,6.728378207561092e-07,5.54084957842575e+22,0.023483425687707886,1.0027755394395179e+20,9.814455690169941e-08,1.691382047347463e+17,3.1806587235064788e+16,6.795603640456912e+16,5.0347112125760115e+23,1.0010841573921717e+20,1.6782370708586705e+23
2647174054054.054,1071.7063220039713,253173525.02660334,1,5.923172748033659e+22,1.6782370708586705e+23,5.035710605351346e+23,9.980927554684173e+19,6.340052724128111e-07,5.54084957842575e+22,0.02212808279787816,1.0027755394395179e+20,9.248031786448313e-08,1.691382047347463e+17,3.1051864153437456e+16,6.8710759486196456e+16,5.0347112125760115e+23,1.0010841573921717e+20,1.6782370708586705e+23
2650332972972.973,1069.6439190469355,253173092.91095716,1,5.923172748033659e+22,1.6782370708586705e+23,5.035710605351346e+23,9.980927554684173e+19,5.974139251534485e-07,5.54084957842575e+22,0.0208509633484204,1.0027755394395179e+20,8.714297799314563e-08,1.691382047347463e+17,3.030006739067362e+16,6.946255624896029e+16,5.0347112125760115e+23,1.0010841573921717e+20,1.6782370708586705e+23
2653491891891.892,1067.5815160898997,253172667.36327565,1,5.923172748033659e+22,1.6782370708586705e+23,5.035710605351346e+23,9.980927554684173e+19,5.629344294240941e-07,5.54084957842575e+22,0.019647552683545625,1.0027755394395179e+20,8.211367121430078e-08,1.691382047347463e+17,2.9551563230588364e+16,7.0211060409045544e+16,5.0347112125760115e+23,1.0010841573921717e+20,1.6782370708586705e+23
2656650810810.811,1065.5191131328636,253172248.20140305,1,5.923172748033659e+22,1.6782370708586705e+23,5.035710605351346e+23,9.980927554684173e+19,5.30444900980562e-07,5.54084957842575e+22,0.018513596710242407,1.0027755394395179e+20,7.737462024053463e-08,1.691382047347463e+17,2.8806720672764956e+16,7.095590296686895e+16,5.0347112125760115e+23,1.0010841573921717e+20,1.6782370708586705e+23
2659809729729.73,1063.4567101758278,253171835.2491467,1,5.923172748033659e+22,1.6782370708586705e+23,5.035710605351346e+23,9.980927554684173e+19,4.998304900356242e-07,5.54084957842575e+22,0.01744508685992971,1.0027755394395179e+20,7.290907373658658e-08,1.691382047347463e+17,2.806591089533328e+16,7.169671274430063e+16,5.0347112125760115e+23,1.0010841573921717e+20,1.6782370708586705e+23
2662968648648.649,1061.394307218792,253171428.3360747,1,5.923172748033659e+22,1.6782370708586705e+23,5.035710605351346e+23,9.980927554684173e+19,4.709829752722965e-07,5.54084957842575e+22,0.016438245918046004,1.0027755394395179e+20,6.870124711154434e-08,1.691382047347463e+17,2.7329506692555548e+16,7.243311694707837e+16,5.0347112125760115e+23,1.0010841573921717e+20,1.6782370708586705e+23
2666127567567.568,1059.331904261756,253171027.29732072,1,5.923172748033659e+22,1.6782370708586705e+23,5.035710605351346e+23,9.980927554684173e+19,4.4380038128810565e-07,5.54084957842575e+22,0.015489514671481831,1.0027755394395179e+20,6.473626672780844e-08,1.691382047347463e+17,2.6597881887831124e+16,7.31647417518028e+16,5.0347112125760115e+23,1.0010841573921717e+20,1.6782370708586705e+23
2669286486486.487,1057.2695013047203,253170631.97339568,1,5.923172748033659e+22,1.6782370708586705e+23,5.035710605351346e+23,9.980927554684173e+19,4.181866181180542e-07,5.54084957842575e+22,0.014595539326654054,1.0027755394395179e+20,6.100011732966674e-08,1.691382047347463e+17,2.5871410722869324e+16,7.38912129167646e+16,5.0347112125760115e+23,1.0010841573921717e+20,1.6782370708586705e+23
2672445405405.406,1055.2070983476845,253170242.21000615,1,5.923172748033659e+22,1.6782370708586705e+23,5.035710605351346e+23,9.980927554684173e+19,3.9405114156205874e-07,5.54084957842575e+22,0.013753159653744348,1.0027755394395179e+20,5.7479592505684345e-08,1.691382047347463e+17,2.515046722392175e+16,7.461215641571218e+16,5.0347112125760115e+23,1.0010841573921717e+20,1.6782370708586705e+23
2675604324324.324,1053.1446953906486,253169857.85787898,1,5.923172748033659e+22,1.6782370708586705e+23,5.035710605351346e+23,9.980927554684173e+19,3.7130863311616297e-07,5.54084957842575e+22,0.012959397815191443,1.0027755394395179e+20,5.41622480098456e-08,1.691382047347463e+17,2.4435424546113308e+16,7.532719909352062e+16,5.0347112125760115e+23,1.0010841573921717e+20,1.6782370708586705e+23
2678763243243.243,1051.0822924336128,253169478.7725923,1,5.923172748033659e+22,1.6782370708586705e+23,5.035710605351346e+23,9.980927554684173e+19,3.49878698376132e-07,5.54084957842575e+22,0.012211447838945493,1.0027755394395179e+20,5.1036357776478576e-08,1.691382047347463e+17,2.372665429706318e+16,7.603596934257075e+16,5.0347112125760115e+23,1.0010841573921717e+20,1.6782370708586705e+23
2681922162162.162,1049.019889476577,253169104.81441212,1,5.923172748033659e+22,1.6782370708586705e+23,5.035710605351346e+23,9.980927554684173e+19,3.2968558284732305e-07,5.54084957842575e+22,0.011506665699272207,1.0027755394395179e+20,4.8090872473513165e-08,1.691382047347463e+17,2.3024525841143076e+16,7.673809779849085e+16,5.0347112125760115e+23,1.0010841573921717e+20,1.6782370708586705e+23
2685081081081.081,1046.9574865195411,253168735.8481352,1,5.923172748033659e+22,1.6782370708586705e+23,5.035710605351346e+23,9.980927554684173e+19,3.1065790415625876e-07,5.54084957842575e+22,0.010842559970042102,1.0027755394395179e+20,4.531538044759731e-08,1.691382047347463e+17,2.2329405585879104e+16,7.743321805375482e+16,5.0347112125760115e+23,1.0010841573921717e+20,1.6782370708586705e+23
2688240000000.0005,1044.895083562505,253168371.74293697,1,5.923172748033659e+22,1.6782370708586705e+23,5.035710605351346e+23,9.980927554684173e+19,2.927283997173077e-07,5.54084957842575e+22,0.010216783017463964,1.0027755394395179e+20,4.2700070923041734e-08,1.691382047347463e+17,2.1641656252165184e+16,7.812096738746874e+16,5.0347112125760115e+23,1.0010841573921717e+20,1.6782370708586705e+23
2691398918918.9194,1042.8326806054692,253168012.3722251,1,5.923172748033659e+22,1.6782370708586705e+23,5.035710605351346e+23,9.980927554684173e+19,2.7583368896249983e-07,5.54084957842575e+22,0.009627122701128555,1.0027755394395179e+20,4.023569932453608e-08,1.691382047347463e+17,2.0961636130118904e+16,7.8800987509515e+16,5.0347112125760115e+23,1.0010841573921717e+20,1.6782370708586705e+23
2694557837837.838,1040.7702776484334,253167657.61349794,1,5.923172748033659e+22,1.6782370708586705e+23,5.035710605351346e+23,9.980927554684173e+19,2.5991404929399166e-07,5.54084957842575e+22,0.00907149455402552,1.0027755394395179e+20,3.791355460107398e-08,1.691382047347463e+17,2.028969832257416e+16,7.947292531705974e+16,5.0347112125760115e+23,1.0010841573921717e+20,1.6782370708586705e+23
2697716756756.757,1038.7078746913976,253167307.34820816,1,5.923172748033659e+22,1.6782370708586705e+23,5.035710605351346e+23,9.980927554684173e+19,2.4491320496719814e-07,5.54084957842575e+22,0.008547934413889608,1.0027755394395179e+20,3.572542843560835e-08,1.691382047347463e+17,1.962618997836792e+16,8.013643366126598e+16,5.0347112125760115e+23,1.0010841573921717e+20,1.6782370708586705e+23
2700875675675.676,1036.6454717343618,253166961.46163136,1,5.923172748033659e+22,1.6782370708586705e+23,5.035710605351346e+23,9.980927554684173e+19,2.3077812815831548e-07,5.54084957842575e+22,0.008054591479827804,1.0027755394395179e+20,3.3663586231610714e-08,1.691382047347463e+17,1.8971451517739732e+16,8.079117212189418e+16,5.0347112125760115e+23,1.0010841573921717e+20,1.6782370708586705e+23
2704034594594.5947,1034.583068777326,253166619.8427384,1,5.923172748033659e+22,1.6782370708586705e+23,5.035710605351346e+23,9.980927554684173e+19,2.1745885151303034e-07,5.54084957842575e+22,0.007589721769682322,1.0027755394395179e+20,3.172073977399849e-08,1.691382047347463e+17,1.8325815852320936e+16,8.143680778731298e+16,5.0347112125760115e+23,1.0010841573921717e+20,1.6782370708586705e+23
2707193513513.5137,1032.52066582029,253166282.3840736,1,5.923172748033659e+22,1.6782370708586705e+23,5.035710605351346e+23,9.980927554684173e+19,2.049082915137952e-07,5.54084957842575e+22,0.007151681955001056,1.0027755394395179e+20,2.989002146780087e-08,1.691382047347463e+17,1.768960760234479e+16,8.207301603728912e+16,5.0347112125760115e+23,1.0010841573921717e+20,1.6782370708586705e+23
2710352432432.4326,1030.4582628632543,253165948.98163575,1,5.923172748033659e+22,1.6782370708586705e+23,5.035710605351346e+23,9.980927554684173e+19,1.9308208204129065e-07,5.54084957842575e+22,0.006738923551821918,1.0027755394395179e+20,2.8164960063518738e-08,1.691382047347463e+17,1.7063142313857192e+16,8.269948132577672e+16,5.0347112125760115e+23,1.0010841573921717e+20,1.6782370708586705e+23
2713511351351.3516,1028.3958599062184,253165619.53476456,1,5.923172748033659e+22,1.6782370708586705e+23,5.035710605351346e+23,9.980927554684173e+19,1.8193841754172937e-07,5.54084957842575e+22,0.006349987446735308,1.0027755394395179e+20,2.6539457783382194e-08,1.691382047347463e+17,1.6446725678849346e+16,8.331589796078456e+16,5.0347112125760115e+23,1.0010841573921717e+20,1.6782370708586705e+23
2716670270270.2705,1026.3334569491824,253165293.94603005,1,5.923172748033659e+22,1.6782370708586705e+23,5.035710605351346e+23,9.980927554684173e+19,1.714379052456148e-07,5.54084957842575e+22,0.005983498738874186,1.0027755394395179e+20,2.5007768767661818e-08,1.691382047347463e+17,1.5840652761366672e+16,8.392197087826723e+16,5.0347112125760115e+23,1.0010841573921717e+20,1.6782370708586705e+23
2719829189189.1895,1024.2710539921466,253164972.12112638,1,5.923172748033659e+22,1.6782370708586705e+23,5.035710605351346e+23,9.980927554684173e+19,1.6154342591555922e-07,5.54084957842575e+22,0.00563816187959802,1.0027755394395179e+20,2.35644787648559e-08,1.691382047347463e+17,1.5245207232771172e+16,8.451741640686274e+16,5.0347112125760115e+23,1.0010841573921717e+20,1.6782370708586705e+23
2722988108108.1084,1022.2086510351108,253164653.9687694,1,5.923172748033659e+22,1.6782370708586705e+23,5.035710605351346e+23,9.980927554684173e+19,1.5222000263091845e-07,5.54084957842575e+22,0.005312756092689251,1.0027755394395179e+20,2.2204485993970973e-08,1.691382047347463e+17,1.4660660619445666e+16,8.510196302018824e+16,5.0347112125760115e+23,1.0010841573921717e+20,1.6782370708586705e+23
2726147027027.0273,1020.1462480780751,253164339.40059745,1,5.923172748033659e+22,1.6782370708586705e+23,5.035710605351346e+23,9.980927554684173e+19,1.4343467714540674e-07,5.54084957842575e+22,0.005006131058872527,1.0027755394395179e+20,2.092298311125378e-08,1.691382047347463e+17,1.4087271566326158e+16,8.567535207330774e+16,5.0347112125760115e+23,1.0010841573921717e+20,1.6782370708586705e+23
2729305945945.9463,1018.0838451210394,253164028.33107585,1,5.923172748033659e+22,1.6782370708586705e+23,5.035710605351346e+23,9.980927554684173e+19,1.3515639338062685e-07,5.54084957842575e+22,0.004717202849401359,1.0027755394395179e+20,1.9715440217640453e-08,1.691382047347463e+17,1.3525285119731422e+16,8.623733851990248e+16,5.0347112125760115e+23,1.0010841573921717e+20,1.6782370708586705e+23
2732464864864.865,1016.0214421640037,253163720.6774047,1,5.923172748033659e+22,1.6782370708586705e+23,5.035710605351346e+23,9.980927554684173e+19,1.2735588764367342e-07,5.54084957842575e+22,0.004444950094337296,1.0027755394395179e+20,1.857758884686056e-08,1.691382047347463e+17,1.2974932033025114e+16,8.678769160660878e+16,5.0347112125760115e+23,1.0010841573921717e+20,1.6782370708586705e+23
2735623783783.7837,1013.959039206968,253163416.3594297,1,5.923172748033659e+22,1.6782370708586705e+23,5.035710605351346e+23,9.980927554684173e+19,1.200055851807381e-07,5.54084957842575e+22,0.00418841037197637,1.0027755394395179e+20,1.7505406877605874e-08,1.691382047347463e+17,1.2436428098693584e+16,8.732619554094032e+16,5.0347112125760115e+23,1.0010841573921717e+20,1.6782370708586705e+23
2738782702702.7026,1011.8966362499323,253163115.2995564,1,5.923172748033659e+22,1.6782370708586705e+23,5.035710605351346e+23,9.980927554684173e+19,1.130795027010394e-07,5.54084957842575e+22,0.003946676806659335,1.0027755394395179e+20,1.6495104316434512e-08,1.691382047347463e+17,1.19099735104506e+16,8.785265012918331e+16,5.0347112125760115e+23,1.0010841573921717e+20,1.6782370708586705e+23
2741941621621.6216,1009.8342332928966,253162817.42266706,1,5.923172748033659e+22,1.6782370708586705e+23,5.035710605351346e+23,9.980927554684173e+19,1.065531565265085e-07,5.54084957842575e+22,0.0037188948629388523,1.0027755394395179e+20,1.5543109901161682e-08,1.691382047347463e+17,1.13957522589867e+16,8.836687138064722e+16,5.0347112125760115e+23,1.0010841573921717e+20,1.6782370708586705e+23
2745100540540.5405,1007.7718303358608,253162522.65604076,1,5.923172748033659e+22,1.6782370708586705e+23,5.035710605351346e+23,9.980927554684173e+19,1.004034760425438e-07,5.54084957842575e+22,0.0035042593247708925,1.0027755394395179e+20,1.4646058477385793e-08,1.691382047347463e+17,1.0893931564964582e+16,8.886869207466933e+16,5.0347112125760115e+23,1.0010841573921717e+20,1.6782370708586705e+23
2748259459459.46,1005.7094273788248,253162230.9292758,1,5.923172748033659e+22,1.6782370708586705e+23,5.035710605351346e+23,9.980927554684173e+19,9.460872214389067e-08,5.54084957842575e+22,0.003302011449051729,1.0027755394395179e+20,1.3800779103533312e-08,1.691382047347463e+17,1.0404661352821192e+16,8.935796228681272e+16,5.0347112125760115e+23,1.0010841573921717e+20,1.6782370708586705e+23
2751418378378.379,1003.6470244217891,253161942.17421535,1,5.923172748033659e+22,1.6782370708586705e+23,5.035710605351346e+23,9.980927554684173e+19,8.914841038735598e-08,5.54084957842575e+22,0.0031114362834381705,1.0027755394395179e+20,1.300428384237892e-08,1.691382047347463e+17,9928073768870998.0,8.983454987076291e+16,5.0347112125760115e+23,1.0010841573921717e+20,1.6782370708586705e+23
2754577297297.298,1001.5846214647534,253161656.3248752,1,5.923172748033659e+22,1.6782370708586705e+23,5.035710605351346e+23,9.980927554684173e+19,8.400323857970808e-08,5.54084957842575e+22,0.0029318601389694554,1.0027755394395179e+20,1.2253757199424686e-08,1.691382047347463e+17,9464282747111950.0,9.029834089252197e+16,5.0347112125760115e+23,1.0010841573921717e+20,1.6782370708586705e+23
2757736216216.2163,999.5222185077176,253161373.3173742,1,5.923172748033659e+22,1.6782370708586705e+23,5.035710605351346e+23,9.980927554684173e+19,7.915501854478931e-08,5.54084957842575e+22,0.002762648208556448,1.0027755394395179e+20,1.1546546170806879e-08,1.691382047347463e+17,9013383626015122.0,9.07492400136188e+16,5.0347112125760115e+23,1.0010841573921717e+20,1.6782370708586705e+23
2760895135135.1353,997.4598155506819,253161093.08986712,1,5.923172748033659e+22,1.6782370708586705e+23,5.035710605351346e+23,9.980927554684173e+19,7.45866118286414e-08,5.54084957842575e+22,0.0026032023229194245,1.0027755394395179e+20,1.0880150865555722e-08,1.691382047347463e+17,8575452819430083.0,9.118717082020384e+16,5.0347112125760115e+23,1.0010841573921717e+20,1.6782370708586705e+23
2764054054054.054,995.3974125936462,253160815.58247963,1,5.923172748033659e+22,1.6782370708586705e+23,5.035710605351346e+23,9.980927554684173e+19,7.028186911536533e-08,5.54084957842575e+22,0.0024529588360416186,1.0027755394395179e+20,1.0252215669060648e-08,1.691382047347463e+17,8150547544560169.0,9.161207609507376e+16,5.0347112125760115e+23,1.0010841573921717e+20,1.6782370708586705e+23
2767212972972.973,993.3350096366105,253160540.7372459,1,5.923172748033659e+22,1.6782370708586705e+23,5.035710605351346e+23,9.980927554684173e+19,6.622557313955377e-08,5.54084957842575e+22,0.002311386632663547,1.0027755394395179e+20,9.6605209165081e-09,1.691382047347463e+17,7738705609754799.0,9.202391802987914e+16,5.0347112125760115e+23,1.0010841573921717e+20,1.6782370708586705e+23
2770371891891.892,991.2726066795748,253160268.49804777,1,5.923172748033659e+22,1.6782370708586705e+23,5.035710605351346e+23,9.980927554684173e+19,6.24033848934944e-08,5.54084957842575e+22,0.002177985250774541,1.0027755394395179e+20,9.10297504686145e-09,1.691382047347463e+17,7339945264629633.0,9.24226783750043e+16,5.0347112125760115e+23,1.0010841573921717e+20,1.6782370708586705e+23
2773530810810.811,989.2102037225391,253159998.8105566,1,5.923172748033659e+22,1.6782370708586705e+23,5.035710605351346e+23,9.980927554684173e+19,5.8801792938989265e-08,5.54084957842575e+22,0.0020522831124644373,1.0027755394395179e+20,8.577607209649723e-09,1.691382047347463e+17,6954265114760108.0,9.280835852487382e+16,5.0347112125760115e+23,1.0010841573921717e+20,1.6782370708586705e+23
2776689729729.7295,987.1478007655033,253159731.62217674,1,5.923172748033659e+22,1.6782370708586705e+23,5.035710605351346e+23,9.980927554684173e+19,5.540806564460977e-08,5.54084957842575e+22,0.0019338358568814383,1.0027755394395179e+20,8.082560298433635e-09,1.691382047347463e+17,6581644102900168.0,9.318097953673376e+16,5.0347112125760115e+23,1.0010841573921717e+20,1.6782370708586705e+23
2779848648648.649,985.0853978084673,253159466.88199073,1,5.923172748033659e+22,1.6782370708586705e+23,5.035710605351346e+23,9.980927554684173e+19,5.221020617954827e-08,5.54084957842575e+22,0.0018222247694030906,1.0027755394395179e+20,7.616084386324733e-09,1.691382047347463e+17,6222041558356780.0,9.354058208127715e+16,5.0347112125760115e+23,1.0010841573921717e+20,1.6782370708586705e+23
2783007567567.568,983.0229948514316,253159204.54070708,1,5.923172748033659e+22,1.6782370708586705e+23,5.035710605351346e+23,9.980927554684173e+19,4.9196910104971554e-08,5.54084957842575e+22,0.0017170553014674629,1.0027755394395179e+20,7.1765305403547965e-09,1.691382047347463e+17,5875397315803322.0,9.388722632383061e+16,5.0347112125760115e+23,1.0010841573921717e+20,1.6782370708586705e+23
2786166486486.487,980.9605918943959,253158944.55060914,1,5.923172748033659e+22,1.6782370708586705e+23,5.035710605351346e+23,9.980927554684173e+19,4.635752541296331e-08,5.54084957842575e+22,0.001617955675832072,1.0027755394395179e+20,6.762344992831612e-09,1.691382047347463e+17,5541631904442696.0,9.422099173519123e+16,5.0347112125760115e+23,1.0010841573921717e+20,1.6782370708586705e+23
2789325405405.406,978.8981889373601,253158686.8655058,1,5.923172748033659e+22,1.6782370708586705e+23,5.035710605351346e+23,9.980927554684173e+19,4.368201487179485e-08,5.54084957842575e+22,0.0015245755723301163,1.0027755394395179e+20,6.372063649078716e-09,1.691382047347463e+17,5220646808036070.0,9.454197683159786e+16,5.0347112125760115e+23,1.0010841573921717e+20,1.6782370708586705e+23
2792484324324.3247,976.8357859803244,253158431.44068438,1,5.923172748033659e+22,1.6782370708586705e+23,5.035710605351346e+23,9.980927554684173e+19,4.116092054441625e-08,5.54084957842575e+22,0.0014365848894781121,1.0027755394395179e+20,6.004306912146226e-09,1.691382047347463e+17,4912324795897727.0,9.48502988437362e+16,5.0347112125760115e+23,1.0010841573921717e+20,1.6782370708586705e+23
2795643243243.2437,974.7733830232887,253158178.23286432,1,5.923172748033659e+22,1.6782370708586705e+23,5.035710605351346e+23,9.980927554684173e+19,3.8785330354742076e-08,5.54084957842575e+22,0.001353672577557192,1.0027755394395179e+20,5.6577748061998025e-09,1.691382047347463e+17,4616530324523331.0,9.51460933151106e+16,5.0347112125760115e+23,1.0010841573921717e+20,1.6782370708586705e+23
2798802162162.162,972.710980066253,253157927.20015317,1,5.923172748033659e+22,1.6782370708586705e+23,5.035710605351346e+23,9.980927554684173e+19,3.654684658354457e-08,5.54084957842575e+22,0.0012755455390429616,1.0027755394395179e+20,5.331242381350261e-09,1.691382047347463e+17,4333110009071016.0,9.542951363056291e+16,5.0347112125760115e+23,1.0010841573921717e+20,1.6782370708586705e+23
2801961081081.081,970.6485771092173,253157678.30200353,1,5.923172748033659e+22,1.6782370708586705e+23,5.035710605351346e+23,9.980927554684173e+19,3.44375561825885e-08,5.54084957842575e+22,0.0012019275924969079,1.0027755394395179e+20,5.023555383682135e-09,1.691382047347463e+17,4061893163455452.0,9.570073047617848e+16,5.0347112125760115e+23,1.0010841573921717e+20,1.6782370708586705e+23
2805120000000.0,968.5861741521816,253157431.49917156,1,5.923172748033659e+22,1.6782370708586705e+23,5.035710605351346e+23,9.980927554684173e+19,3.245000280206919e-08,5.54084957842575e+22,0.00113255849625668,1.0027755394395179e+20,4.733626175175295e-09,1.691382047347463e+17,3802692407348143.0,9.59599312322858e+16,5.0347112125760115e+23,1.0010841573921717e+20,1.6782370708586705e+23
2808278918918.919,966.5237711951459,253157186.75367722,1,5.923172748033659e+22,1.6782370708586705e+23,5.035710605351346e+23,9.980927554684173e+19,3.057716043247162e-08,5.54084957842575e+22,0.0010671930284739612,1.0027755394395179e+20,4.460429889098426e-09,1.691382047347463e+17,3555304337906694.0,9.620731930172725e+16,5.0347112125760115e+23,1.0010841573921717e+20,1.6782370708586705e+23
2811437837837.8384,964.4613682381098,253156944.02876532,1,5.923172748033659e+22,1.6782370708586705e+23,5.035710605351346e+23,9.980927554684173e+19,2.881240856767504e-08,5.54084957842575e+22,0.0010056001202478355,1.0027755394395179e+20,4.203000807284564e-09,1.691382047347463e+17,3319510263585919.0,9.644311337604802e+16,5.0347112125760115e+23,1.0010841573921717e+20,1.6782370708586705e+23
2814596756756.7573,962.3989652810741,253156703.28886804,1,5.923172748033659e+22,1.6782370708586705e+23,5.035710605351346e+23,9.980927554684173e+19,2.7149508801506108e-08,5.54084957842575e+22,0.0009475620387892502,1.0027755394395179e+20,3.960428946483702e-09,1.691382047347463e+17,3095076996918986.0,9.666754664271494e+16,5.0347112125760115e+23,1.0010841573921717e+20,1.6782370708586705e+23
2817755675675.676,960.3365623240384,253156464.49956903,1,5.923172748033659e+22,1.6782370708586705e+23,5.035710605351346e+23,9.980927554684173e+19,2.5582582775009237e-08,5.54084957842575e+22,0.0008928736177290381,1.0027755394395179e+20,3.731856841725906e-09,1.691382047347463e+17,2881757702701993.5,9.688086593693194e+16,5.0347112125760115e+23,1.0010841573921717e+20,1.6782370708586705e+23
2820914594594.5947,958.2741593670027,253156227.62756804,1,5.923172748033659e+22,1.6782370708586705e+23,5.035710605351346e+23,9.980927554684173e+19,2.4106091396479e-08,5.54084957842575e+22,0.0008413415318486106,1.0027755394395179e+20,3.516476515325365e-09,1.691382047347463e+17,2679292797575379.5,9.708333084205854e+16,5.0347112125760115e+23,1.0010841573921717e+20,1.6782370708586705e+23
2824073513513.5137,956.2117564099669,253155992.6406474,1,5.923172748033659e+22,1.6782370708586705e+23,5.035710605351346e+23,9.980927554684173e+19,2.2714815260797612e-08,5.54084957842575e+22,0.0007927836136694777,1.0027755394395179e+20,3.3135266208114775e-09,1.691382047347463e+17,2487410896575232.5,9.727521274305869e+16,5.0347112125760115e+23,1.0010841573921717e+20,1.6782370708586705e+23
2827232432432.4326,954.1493534529312,253155759.50763917,1,5.923172748033659e+22,1.6782370708586705e+23,5.035710605351346e+23,9.980927554684173e+19,2.1403836198860345e-08,5.54084957842575e+22,0.0007470282094857143,1.0027755394395179e+20,3.1222897516915367e-09,1.691382047347463e+17,2305829801831948.5,9.745679383780197e+16,5.0347112125760115e+23,1.0010841573921717e+20,1.6782370708586705e+23
2830391351351.3516,952.0869504958955,253155528.19839337,1,5.923172748033659e+22,1.6782370708586705e+23,5.035710605351346e+23,9.980927554684173e+19,2.0168519891866787e-08,5.54084957842575e+22,0.0007039135725629307,1.0027755394395179e+20,2.9420899055324764e-09,1.691382047347463e+17,2134257528227693.5,9.762836611140622e+16,5.0347112125760115e+23,1.0010841573921717e+20,1.6782370708586705e+23
2833550270270.2705,950.0245475388598,253155298.6837474,1,5.923172748033659e+22,1.6782370708586705e+23,5.035710605351346e+23,9.980927554684173e+19,1.9004499489019516e-08,5.54084957842575e+22,0.0006632872913586857,1.0027755394395179e+20,2.772290094397494e-09,1.691382047347463e+17,1972393360492567.0,9.779023027914134e+16,5.0347112125760115e+23,1.0010841573921717e+20,1.6782370708586705e+23
2836709189189.1895,947.9621445818241,253155070.93549663,1,5.923172748033659e+22,1.6782370708586705e+23,5.035710605351346e+23,9.980927554684173e+19,1.7907660170719492e-08,5.54084957842575e+22,0.0006250057507430856,1.0027755394395179e+20,2.6122900931914155e-09,1.691382047347463e+17,1819928935926931.0,9.794269470370698e+16,5.0347112125760115e+23,1.0010841573921717e+20,1.6782370708586705e+23
2839868108108.108,945.8997416247884,253154844.92636526,1,5.923172748033659e+22,1.6782370708586705e+23,5.035710605351346e+23,9.980927554684173e+19,1.687412460268899e-08,5.54084957842575e+22,0.0005889336243149668,1.0027755394395179e+20,2.461524317955449e-09,1.691382047347463e+17,1676549346688410.8,9.80860742929455e+16,5.0347112125760115e+23,1.0010841573921717e+20,1.6782370708586705e+23
2843027027027.0273,943.8373386677523,253154620.62997892,1,5.923172748033659e+22,1.6782370708586705e+23,5.035710605351346e+23,9.980927554684173e+19,1.590023922960308e-08,5.54084957842575e+22,0.0005549433960189838,1.0027755394395179e+20,2.3194598266120283e-09,1.691382047347463e+17,1541934255380664.5,9.822068938425325e+16,5.0347112125760115e+23,1.0010841573921717e+20,1.6782370708586705e+23
2846185945945.9463,941.7749357107166,253154398.02083775,1,5.923172748033659e+22,1.6782370708586705e+23,5.035710605351346e+23,9.980927554684173e+19,1.49825613597776e-08,5.54084957842575e+22,0.0005229149093725065,1.0027755394395179e+20,2.185594435092443e-09,1.691382047347463e+17,1415759017530799.8,9.834686462210312e+16,5.0347112125760115e+23,1.0010841573921717e+20,1.6782370708586705e+23
2849344864864.865,939.7125327536809,253154177.07429007,1,5.923172748033659e+22,1.6782370708586705e+23,5.035710605351346e+23,9.980927554684173e+19,1.411784699525849e-08,5.54084957842575e+22,0.0004927349427088285,1.0027755394395179e+20,2.0594549421885007e-09,1.691382047347463e+17,1297695804446437.5,9.846492783518749e+16,5.0347112125760115e+23,1.0010841573921717e+20,1.6782370708586705e+23
2852503783783.784,937.6501297966452,253153957.7665076,1,5.923172748033659e+22,1.6782370708586705e+23,5.035710605351346e+23,9.980927554684173e+19,1.3303039364291764e-08,5.54084957842575e+22,0.00046429680893515877,1.0027755394395179e+20,1.940595456853385e-09,1.691382047347463e+17,1187414719904500.5,9.857520891972942e+16,5.0347112125760115e+23,1.0010841573921717e+20,1.6782370708586705e+23
2855662702702.703,935.5877268396094,253153740.07446074,1,5.923172748033659e+22,1.6782370708586705e+23,5.035710605351346e+23,9.980927554684173e+19,1.2535258115636907e-08,5.54084957842575e+22,0.0004374999783905296,1.0027755394395179e+20,1.8285958220391252e-09,1.691382047347463e+17,1084584904143798.6,9.867803873549013e+16,5.0347112125760115e+23,1.0010841573921717e+20,1.6782370708586705e+23
2858821621621.6216,933.5253238825737,253153523.9758951,1,5.923172748033659e+22,1.6782370708586705e+23,5.035710605351346e+23,9.980927554684173e+19,1.181178913652558e-08,5.54084957842575e+22,0.0004122497234704119,1.0027755394395179e+20,1.7230601294992484e-09,1.691382047347463e+17,988875618713700.5,9.877374802092022e+16,5.0347112125760115e+23,1.0010841573921717e+20,1.6782370708586705e+23
2861980540540.5405,931.462920925538,253153309.4493086,1,5.923172748033659e+22,1.6782370708586705e+23,5.035710605351346e+23,9.980927554684173e+19,1.1130074958272287e-08,5.54084957842575e+22,0.00038845678376177474,1.0027755394395179e+20,1.623615320306887e-09,1.691382047347463e+17,899957305872183.2,9.886266633376174e+16,5.0347112125760115e+23,1.0010841573921717e+20,1.6782370708586705e+23
2865139459459.4595,929.4005179685023,253153096.47392908,1,5.923172748033659e+22,1.6782370708586705e+23,5.035710605351346e+23,9.980927554684173e+19,1.0487705715621076e-08,5.54084957842575e+22,0.0003660370505048321,1.0027755394395179e+20,1.529909866141311e-09,1.691382047347463e+17,817502616428113.6,9.894512102320581e+16,5.0347112125760115e+23,1.0010841573921717e+20,1.6782370708586705e+23
2868298378378.3784,927.3381150114666,253152885.02969295,1,5.923172748033659e+22,1.6782370708586705e+23,5.035710605351346e+23,9.980927554684173e+19,9.882410627869532e-09,5.54084957842575e+22,0.0003449112692660391,1.0027755394395179e+20,1.441612526681668e-09,1.691382047347463e+17,741187400183721.8,9.902143623945019e+16,5.0347112125760115e+23,1.0010841573921717e+20,1.6782370708586705e+23
2871457297297.2974,925.2757120544309,253152675.09722427,1,5.923172748033659e+22,1.6782370708586705e+23,5.035710605351346e+23,9.980927554684173e+19,9.3120499716561e-09,5.54084957842575e+22,0.000325004759771278,1.0027755394395179e+20,1.3584111787154881e-09,1.691382047347463e+17,670691653452026.9,9.909193198618189e+16,5.0347112125760115e+23,1.0010841573921717e+20,1.6782370708586705e+23
2874616216216.217,923.2133090973948,253152466.65781468,1,5.923172748033659e+22,1.6782370708586705e+23,5.035710605351346e+23,9.980927554684173e+19,8.774607517034544e-09,5.54084957842575e+22,0.0003062471519088361,1.0027755394395179e+20,1.2800117128230938e-09,1.691382047347463e+17,605700418497785.0,9.915692322113613e+16,5.0347112125760115e+23,1.0010841573921717e+20,1.6782370708586705e+23
2877775135135.1357,921.1509061403591,253152259.69340342,1,5.923172748033659e+22,1.6782370708586705e+23,5.035710605351346e+23,9.980927554684173e+19,8.268183400097204e-09,5.54084957842575e+22,0.0002885721369689371,1.0027755394395179e+20,1.2061369937379963e-09,1.691382047347463e+17,545904630175855.8,9.921671900945806e+16,5.0347112125760115e+23,1.0010841573921717e+20,1.6782370708586705e+23
2880934054054.054,919.0885031833234,253152054.1865587,1,5.923172748033659e+22,1.6782370708586705e+23,5.035710605351346e+23,9.980927554684173e+19,7.79098740695179e-09,5.54084957842575e+22,0.0002719172332404515,1.0027755394395179e+20,1.136525880708224e-09,1.691382047347463e+17,491001905513422.94,9.92716217341205e+16,5.0347112125760115e+23,1.0010841573921717e+20,1.6782370708586705e+23
2884092972972.973,917.0261002262877,253151850.12045908,1,5.923172748033659e+22,1.6782370708586705e+23,5.035710605351346e+23,9.980927554684173e+19,7.341332645310717e-09,5.54084957842575e+22,0.0002562235651361627,1.0027755394395179e+20,1.0709323043958926e-09,1.691382047347463e+17,440697272497215.5,9.93219263671367e+16,5.0347112125760115e+23,1.0010841573921717e+20,1.6782370708586705e+23
2887251891891.892,914.963697269252,253151647.4788753,1,5.923172748033659e+22,1.6782370708586705e+23,5.035710605351346e+23,9.980927554684173e+19,6.917629581322034e-09,5.54084957842575e+22,0.00024143565506578926,1.0027755394395179e+20,1.0091243970519242e-09,1.691382047347463e+17,394703834878004.9,9.936791980475592e+16,5.0347112125760115e+23,1.0010841573921717e+20,1.6782370708586705e+23
2890410810810.811,912.9012943122162,253151446.24615324,1,5.923172748033659e+22,1.6782370708586705e+23,5.035710605351346e+23,9.980927554684173e+19,6.5183804205623085e-09,5.54084957842575e+22,0.00022750122732102953,1.0027755394395179e+20,9.508836728913002e-10,1.691382047347463e+17,352743370385824.8,9.94098802692481e+16,5.0347112125760115e+23,1.0010841573921717e+20,1.6782370708586705e+23
2893569729729.73,910.8388913551805,253151246.40719694,1,5.923172748033659e+22,1.6782370708586705e+23,5.035710605351346e+23,9.980927554684173e+19,6.142173813328158e-09,5.54084957842575e+22,0.0002143710232793555,1.0027755394395179e+20,8.960042557716187e-10,1.691382047347463e+17,314546860353671.1,9.944807677928026e+16,5.0347112125760115e+23,1.0010841573921717e+20,1.6782370708586705e+23
2896728648648.649,908.7764883981448,253151047.9474519,1,5.923172748033659e+22,1.6782370708586705e+23,5.035710605351346e+23,9.980927554684173e+19,5.787679865509842e-09,5.54084957842575e+22,0.00020199862727329578,1.0027755394395179e+20,8.44292151444903e-10,1.691382047347463e+17,279854949367524.34,9.94827686902664e+16,5.0347112125760115e+23,1.0010841573921717e+20,1.6782370708586705e+23
2899887567567.5674,906.7140854411091,253150850.85288945,1,5.923172748033659e+22,1.6782370708586705e+23,5.035710605351346e+23,9.980927554684173e+19,5.4536454374102985e-09,5.54084957842575e+22,0.00019034030250965055,1.0027755394395179e+20,7.955645618102948e-10,1.691382047347463e+17,248418334188726.6,9.95142053054452e+16,5.0347112125760115e+23,1.0010841573921717e+20,1.6782370708586705e+23
2903046486486.4863,904.6516824840734,253150655.10999113,1,5.923172748033659e+22,1.6782370708586705e+23,5.035710605351346e+23,9.980927554684173e+19,5.138889713890996e-09,5.54084957842575e+22,0.00017935483645860806,1.0027755394395179e+20,7.496492387434896e-10,1.691382047347463e+17,219998081823150.62,9.954262555781077e+16,5.0347112125760115e+23,1.0010841573921717e+20,1.6782370708586705e+23
2906205405405.406,902.5892795270373,253150460.70573354,1,5.923172748033659e+22,1.6782370708586705e+23,5.035710605351346e+23,9.980927554684173e+19,4.842300030185095e-09,5.54084957842575e+22,0.00016900339516620798,1.0027755394395179e+20,7.06383875218964e-10,1.691382047347463e+17,194365877232261.56,9.956825776240166e+16,5.0347112125760115e+23,1.0010841573921717e+20,1.6782370708586705e+23
2909364324324.3247,900.5268765700016,253150267.62757373,1,5.923172748033659e+22,1.6782370708586705e+23,5.035710605351346e+23,9.980927554684173e+19,4.562827938622223e-09,5.54084957842575e+22,0.0001592493859751426,1.0027755394395179e+20,6.656155315725962e-10,1.691382047347463e+17,171304201786198.9,9.959131943784773e+16,5.0347112125760115e+23,1.0010841573921717e+20,1.6782370708586705e+23
2912523243243.2437,898.4644736129659,253150075.8634348,1,5.923172748033659e+22,1.6782370708586705e+23,5.035710605351346e+23,9.980927554684173e+19,4.2994855023607026e-09,5.54084957842575e+22,0.000150058328168609,1.0027755394395179e+20,6.272000948767002e-10,1.691382047347463e+17,150606444140693.5,9.961201719549323e+16,5.0347112125760115e+23,1.0010841573921717e+20,1.6782370708586705e+23
2915682162162.1626,896.4020706559302,253149885.4016923,1,5.923172748033659e+22,1.6782370708586705e+23,5.035710605351346e+23,9.980927554684173e+19,4.051341803025639e-09,5.54084957842575e+22,0.00014139773107993476,1.0027755394395179e+20,5.910017695163785e-10,1.691382047347463e+17,132076945770628.6,9.96305466938633e+16,5.0347112125760115e+23,1.0010841573921717e+20,1.6782370708586705e+23
2918841081081.0815,894.3396676988945,253149696.23116043,1,5.923172748033659e+22,1.6782370708586705e+23,5.035710605351346e+23,9.980927554684173e+19,3.81751964990737e-09,5.54084957842575e+22,0.00013323697923709106,1.0027755394395179e+20,5.568925971665293e-10,1.691382047347463e+17,115530983906461.9,9.964709265572746e+16,5.0347112125760115e+23,1.0010841573921717e+20,1.6782370708586705e+23
2922000000000.0,892.2772647418587,253149508.34107888,1,5.923172748033659e+22,1.6782370708586705e+23,5.035710605351346e+23,9.980927554684173e+19,3.5971924790872884e-09,5.54084957842575e+22,0.000125547224136075,1.0027755394395179e+20,5.247520044726583e-10,1.691382047347463e+17,100794695089259.3,9.966182894454466e+16,5.0347112125760115e+23,1.0010841573921717e+20,1.6782370708586705e+23
2925158918918.919,890.214861784823,253149321.72110012,1,5.923172748033659e+22,1.6782370708586705e+23,5.035710605351346e+23,9.980927554684173e+19,3.3895814315294828e-09,5.54084957842575e+22,0.00011830128226057784,1.0027755394395179e+20,4.944663768366308e-10,1.691382047347463e+17,87704942980180.16,9.967491869665373e+16,5.0347112125760115e+23,1.0010841573921717e+20,1.6782370708586705e+23
2928317837837.838,888.1524588277873,253149136.36127666,1,5.923172748033659e+22,1.6782370708586705e+23,5.035710605351346e+23,9.980927554684173e+19,3.193952599809244e-09,5.54084957842575e+22,0.0001114735389874343,1.0027755394395179e+20,4.659286568007682e-10,1.691382047347463e+17,76109134426146.23,9.968651450520776e+16,5.0347112125760115e+23,1.0010841573921717e+20,1.6782370708586705e+23
2931476756756.757,886.0900558707516,253148952.25204918,1,5.923172748033659e+22,1.6782370708586705e+23,5.035710605351346e+23,9.980927554684173e+19,3.009614433745645e-09,5.54084957842575e+22,0.00010503985803815696,1.0027755394395179e+20,4.3903796561063145e-10,1.691382047347463e+17,65864988091281.77,9.969675865154262e+16,5.0347112125760115e+23,1.0010841573921717e+20,1.6782370708586705e+23
2934635675675.676,884.0276529137159,253148769.38423437,1,5.923172748033659e+22,1.6782370708586705e+23,5.035710605351346e+23,9.980927554684173e+19,2.8359152957670877e-09,5.54084957842575e+22,9.897749615646355e-05,1.0027755394395179e+20,4.136992466187641e-10,1.691382047347463e+17,56840260210673.76,9.970578337942323e+16,5.0347112125760115e+23,1.0010841573921717e+20,1.6782370708586705e+23
2937794594594.595,881.9652499566798,253148587.7490131,1,5.923172748033659e+22,1.6782370708586705e+23,5.035710605351346e+23,9.980927554684173e+19,2.6722411573680557e-09,5.54084957842575e+22,9.326502271017967e-05,1.0027755394395179e+20,3.8982292926890616e-10,1.691382047347463e+17,48912432207240.66,9.971371120742667e+16,5.0347112125760115e+23,1.0010841573921717e+20,1.6782370708586705e+23
2940953513513.5137,879.9028469996441,253148407.33791965,1,5.923172748033659e+22,1.6782370708586705e+23,5.035710605351346e+23,9.980927554684173e+19,2.5180134285140547e-09,5.54084957842575e+22,8.788224393330744e-05,1.0027755394395179e+20,3.6732461247287794e-10,1.691382047347463e+17,41968365033249.73,9.972065527460066e+16,5.0347112125760115e+23,1.0010841573921717e+20,1.6782370708586705e+23
2944112432432.4326,877.8404440426084,253148228.14283004,1,5.923172748033659e+22,1.6782370708586705e+23,5.035710605351346e+23,9.980927554684173e+19,2.372686912321661e-09,5.54084957842575e+22,8.28101315404534e-05,1.0027755394395179e+20,3.46124766260936e-10,1.691382047347463e+17,35903925155586.92,9.972671971447832e+16,5.0347112125760115e+23,1.0010841573921717e+20,1.6782370708586705e+23
2947271351351.3516,875.7780410855727,253148050.1559515,1,5.923172748033659e+22,1.6782370708586705e+23,5.035710605351346e+23,9.980927554684173e+19,2.2357478777835153e-09,5.54084957842575e+22,7.80307554612655e-05,1.0027755394395179e+20,3.2614845065098047e-10,1.691382047347463e+17,30623587099609.39,9.97320000525343e+16,5.0347112125760115e+23,1.0010841573921717e+20,1.6782370708586705e+23
2950430270270.2705,873.715638128537,253147873.36981183,1,5.923172748033659e+22,1.6782370708586705e+23,5.035710605351346e+23,9.980927554684173e+19,2.106712243725306e-09,5.54084957842575e+22,7.352722045709332e-05,1.0027755394395179e+20,3.0732505074283227e-10,1.691382047347463e+17,26040017402654.48,9.973658362223126e+16,5.0347112125760115e+23,1.0010841573921717e+20,1.6782370708586705e+23
2953589189189.1895,871.6532351715013,253147697.77724886,1,5.923172748033659e+22,1.6782370708586705e+23,5.035710605351346e+23,9.980927554684173e+19,1.9851238675750575e-09,5.54084957842575e+22,6.928360639580978e-05,1.0027755394395179e+20,2.8958802710121187e-10,1.691382047347463e+17,22073644708344.83,9.974054999492557e+16,5.0347112125760115e+23,1.0010841573921717e+20,1.6782370708586705e+23
2956748108108.1084,869.5908322144655,253147523.37140054,1,5.923172748033659e+22,1.6782370708586705e+23,5.035710605351346e+23,9.980927554684173e+19,1.870552932895497e-09,5.54084957842575e+22,6.528491197366357e-05,1.0027755394395179e+20,2.728746805450114e-10,1.691382047347463e+17,18652220560880.54,9.974397141907304e+16,5.0347112125760115e+23,1.0010841573921717e+20,1.6782370708586705e+23
2959907027027.0273,867.5284292574298,253147350.14569497,1,5.923172748033659e+22,1.6782370708586705e+23,5.035710605351346e+23,9.980927554684173e+19,1.762594429979456e-09,5.54084957842575e+22,6.151700168521787e-05,1.0027755394395179e+20,2.571259305114683e-10,1.691382047347463e+17,15710375239470.996,9.974691326439445e+16,5.0347112125760115e+23,1.0010841573921717e+20,1.6782370708586705e+23
2963065945945.946,865.4660263003941,253147178.09384042,1,5.923172748033659e+22,1.6782370708586705e+23,5.035710605351346e+23,9.980927554684173e+19,1.6608667241371829e-09,5.54084957842575e+22,5.7966555853912005e-05,1.0027755394395179e+20,2.422861062117426e-10,1.691382047347463e+17,13189172712496.348,9.974943446692142e+16,5.0347112125760115e+23,1.0010841573921717e+20,1.6782370708586705e+23
2966224864864.8647,863.4036233433584,253147007.20981604,1,5.923172748033659e+22,1.6782370708586705e+23,5.035710605351346e+23,9.980927554684173e+19,1.565010206614469e-09,5.54084957842575e+22,5.462102354660298e-05,1.0027755394395179e+20,2.2830274983970085e-10,1.691382047347463e+17,11035668494978.742,9.975158797113894e+16,5.0347112125760115e+23,1.0010841573921717e+20,1.6782370708586705e+23
2969383783783.784,861.3412203863223,253146837.48786256,1,5.923172748033659e+22,1.6782370708586705e+23,5.035710605351346e+23,9.980927554684173e+19,1.474686023372587e-09,5.54084957842575e+22,5.146857820563807e-05,1.0027755394395179e+20,2.1512643113823597e-10,1.691382047347463e+17,9202473867932.523,9.975342116576598e+16,5.0347112125760115e+23,1.0010841573921717e+20,1.6782370708586705e+23
2972542702702.703,859.2788174292866,253146668.92247275,1,5.923172748033659e+22,1.6782370708586705e+23,5.035710605351346e+23,9.980927554684173e+19,1.389574877236268e-09,5.54084957842575e+22,4.849807584161668e-05,1.0027755394395179e+20,2.027105726676743e-10,1.691382047347463e+17,7647329570822.641,9.975497631006309e+16,5.0347112125760115e+23,1.0010841573921717e+20,1.6782370708586705e+23
2975701621621.622,857.2164144722509,253146501.50838292,1,5.923172748033659e+22,1.6782370708586705e+23,5.035710605351346e+23,9.980927554684173e+19,1.3093758991753185e-09,5.54084957842575e+22,4.569901563905158e-05,1.0027755394395179e+20,1.9101128515858415e-10,1.691382047347463e+17,6332691715439.837,9.975629094791846e+16,5.0347112125760115e+23,1.0010841573921717e+20,1.6782370708586705e+23
2978860540540.541,855.1540115152152,253146335.24056372,1,5.923172748033659e+22,1.6782370708586705e+23,5.035710605351346e+23,9.980927554684173e+19,1.2338055847298353e-09,5.54084957842575e+22,4.306150283566929e-05,1.0027755394395179e+20,1.7998721236700348e-10,1.691382047347463e+17,5225332297681.349,9.975739830733622e+16,5.0347112125760115e+23,1.0010841573921717e+20,1.6782370708586705e+23
2982019459459.4595,853.0916085581795,253146170.11421168,1,5.923172748033659e+22,1.6782370708586705e+23,5.035710605351346e+23,9.980927554684173e+19,1.1625967918192995e-09,5.54084957842575e+22,4.057621374412688e-05,1.0027755394395179e+20,1.6959938488364956e-10,1.691382047347463e+17,4295956309481.448,9.975832768332442e+16,5.0347112125760115e+23,1.0010841573921717e+20,1.6782370708586705e+23
2985178378378.3784,851.0292056011438,253146006.12474057,1,5.923172748033659e+22,1.6782370708586705e+23,5.035710605351346e+23,9.980927554684173e+19,1.0954977963927885e-09,5.54084957842575e+22,3.823436279249592e-05,1.0027755394395179e+20,1.5981108238035277e-10,1.691382047347463e+17,3518837082607.811,9.97591048025513e+16,5.0347112125760115e+23,1.0010841573921717e+20,1.6782370708586705e+23
2988337297297.2974,848.966802644108,253145843.26777294,1,5.923172748033659e+22,1.6782370708586705e+23,5.035710605351346e+23,9.980927554684173e+19,1.032271402582033e-09,5.54084957842575e+22,3.602767146700057e-05,1.0027755394395179e+20,1.5058770380677626e-10,1.691382047347463e+17,2871471134917.118,9.975975216849899e+16,5.0347112125760115e+23,1.0010841573921717e+20,1.6782370708586705e+23
2991496216216.2163,846.9043996870723,253145681.5391322,1,5.923172748033659e+22,1.6782370708586705e+23,5.035710605351346e+23,9.980927554684173e+19,9.726941042116971e-10,5.54084957842575e+22,3.394833904722163e-05,1.0027755394395179e+20,1.418966450785672e-10,1.691382047347463e+17,2334253443086.8013,9.976028938619082e+16,5.0347112125760115e+23,1.0010841573921717e+20,1.6782370708586705e+23
2994655135135.1353,844.8419967300366,253145520.93483415,1,5.923172748033659e+22,1.6782370708586705e+23,5.035710605351346e+23,9.980927554684173e+19,9.165552947028348e-10,5.54084957842575e+22,3.198901503031446e-05,1.0027755394395179e+20,1.337071838245988e-10,1.691382047347463e+17,1890173738318.678,9.976073346589558e+16,5.0347112125760115e+23,1.0010841573921717e+20,1.6782370708586705e+23
2997814054054.054,842.7795937730009,253145361.45107928,1,5.923172748033659e+22,1.6782370708586705e+23,5.035710605351346e+23,9.980927554684173e+19,8.636565225765048e-10,5.54084957842575e+22,3.0142773146759654e-05,1.0027755394395179e+20,1.259903707858833e-10,1.691382047347463e+17,1524534116861.2095,9.976109910551704e+16,5.0347112125760115e+23,1.0010841573921717e+20,1.6782370708586705e+23
3000972972972.973,840.7171908159648,253145203.08424494,1,5.923172748033659e+22,1.6782370708586705e+23,5.035710605351346e+23,9.980927554684173e+19,8.138107899257664e-10,5.54084957842575e+22,2.8403086875791292e-05,1.0027755394395179e+20,1.1871892748227125e-10,1.691382047347463e+17,1224687978504.0613,9.97613989516554e+16,5.0347112125760115e+23,1.0010841573921717e+20,1.6782370708586705e+23
3004131891891.892,838.6547878589291,253145045.8308772,1,5.923172748033659e+22,1.6782370708586705e+23,5.035710605351346e+23,9.980927554684173e+19,7.668418913761379e-10,5.54084957842575e+22,2.676380637394909e-05,1.0027755394395179e+20,1.1186714978519926e-10,1.691382047347463e+17,979800055792.6304,9.97616438395781e+16,5.0347112125760115e+23,1.0010841573921717e+20,1.6782370708586705e+23
3007290810810.811,836.5923849018934,253144889.68768382,1,5.923172748033659e+22,1.6782370708586705e+23,5.035710605351346e+23,9.980927554684173e+19,7.225837911977488e-10,5.54084957842575e+22,2.5219136735196225e-05,1.0027755394395179e+20,1.054108170556236e-10,1.691382047347463e+17,780627076170.4089,9.976184301255771e+16,5.0347112125760115e+23,1.0010841573921717e+20,1.6782370708586705e+23
3010449729729.73,834.5299819448577,253144734.65152648,1,5.923172748033659e+22,1.6782370708586705e+23,5.035710605351346e+23,9.980927554684173e+19,6.808800363672647e-10,5.54084957842575e+22,2.3763617505751633e-05,1.0027755394395179e+20,9.932710652595357e-11,1.691382047347463e+17,619318409431.2727,9.976200432122445e+16,5.0347112125760115e+23,1.0010841573921717e+20,1.6782370708586705e+23
3013608648648.649,832.467578987822,253144580.71941325,1,5.923172748033659e+22,1.6782370708586705e+23,5.035710605351346e+23,9.980927554684173e+19,6.415832035047646e-10,5.54084957842575e+22,2.2392103381221134e-05,1.0027755394395179e+20,9.359451262333457e-11,1.691382047347463e+17,489235893906.1841,9.976213440373997e+16,5.0347112125760115e+23,1.0010841573921717e+20,1.6782370708586705e+23
3016767567567.568,830.4051760307863,253144427.88849148,1,5.923172748033659e+22,1.6782370708586705e+23,5.035710605351346e+23,9.980927554684173e+19,6.045543777304852e-10,5.54084957842575e+22,2.1099746017791144e-05,1.0027755394395179e+20,8.819277094909754e-11,1.691382047347463e+17,384791906233.98254,9.976223884772765e+16,5.0347112125760115e+23,1.0010841573921717e+20,1.6782370708586705e+23
3019926486486.487,828.3427730737505,253144276.15604073,1,5.923172748033659e+22,1.6782370708586705e+23,5.035710605351346e+23,9.980927554684173e+19,5.696626615991843e-10,5.54084957842575e+22,1.9881976893187005e-05,1.0027755394395179e+20,8.310278664564827e-11,1.691382047347463e+17,301304640315.22034,9.976232233499357e+16,5.0347112125760115e+23,1.0010841573921717e+20,1.6782370708586705e+23
3023085405405.4053,826.2803701167148,253144125.51946557,1,5.923172748033659e+22,1.6782370708586705e+23,5.035710605351346e+23,9.980927554684173e+19,5.367847123762086e-10,5.54084957842575e+22,1.87344911568089e-05,1.0027755394395179e+20,7.830656689758108e-11,1.691382047347463e+17,234869489566.39294,9.976238877014432e+16,5.0347112125760115e+23,1.0010841573921717e+20,1.6782370708586705e+23
3026244324324.324,824.2179671596791,253143975.97628838,1,5.923172748033659e+22,1.6782370708586705e+23,5.035710605351346e+23,9.980927554684173e+19,5.05804306019537e-10,5.54084957842575e+22,1.7653232411955084e-05,1.0027755394395179e+20,7.378715732841773e-11,1.691382047347463e+17,182245380911.7831,9.976244139425298e+16,5.0347112125760115e+23,1.0010841573921717e+20,1.6782370708586705e+23
3029403243243.243,822.1555642026434,253143827.52414295,1,5.923172748033659e+22,1.6782370708586705e+23,5.035710605351346e+23,9.980927554684173e+19,4.766119263264568e-10,5.54084957842575e+22,1.663437837633715e-05,1.0027755394395179e+20,6.952858206813801e-11,1.691382047347463e+17,140754886779.01434,9.97624828847471e+16,5.0347112125760115e+23,1.0010841573921717e+20,1.6782370708586705e+23
3032562162162.1626,820.0931612456073,253143680.16076723,1,5.923172748033659e+22,1.6782370708586705e+23,5.035710605351346e+23,9.980927554684173e+19,4.49104377792527e-10,5.54084957842575e+22,1.5674327370196807e-05,1.0027755394395179e+20,6.551578727964539e-11,1.691382047347463e+17,108196940173.64236,9.976251544269371e+16,5.0347112125760115e+23,1.0010841573921717e+20,1.6782370708586705e+23
3035721081081.0815,818.0307582885716,253143533.883997,1,5.923172748033659e+22,1.6782370708586705e+23,5.035710605351346e+23,9.980927554684173e+19,4.2318442081426235e-10,5.54084957842575e+22,1.4769685584259259e-05,1.0027755394395179e+20,6.173458794454544e-11,1.691382047347463e+17,82770995019.67967,9.976254086863886e+16,5.0347112125760115e+23,1.0010841573921717e+20,1.6782370708586705e+23
3038880000000.0005,815.9683553315359,253143388.6917588,1,5.923172748033659e+22,1.6782370708586705e+23,5.035710605351346e+23,9.980927554684173e+19,3.9876042794598856e-10,5.54084957842575e+22,1.3917255082515019e-05,1.0027755394395179e+20,5.8171617720121897e-11,1.691382047347463e+17,63011506621.79797,9.976256062812726e+16,5.0347112125760115e+23,1.0010841573921717e+20,1.6782370708586705e+23
3042038918918.9194,813.9059523745002,253143244.582064,1,5.923172748033659e+22,1.6782370708586705e+23,5.035710605351346e+23,9.980927554684173e+19,3.7574605999572854e-10,5.54084957842575e+22,1.3114022497419617e-05,1.0027755394395179e+20,5.4814281690266426e-11,1.691382047347463e+17,47731652594.74311,9.97625759079813e+16,5.0347112125760115e+23,1.0010841573921717e+20,1.6782370708586705e+23
3045197837837.838,811.8435494174645,253143101.5530019,1,5.923172748033659e+22,1.6782370708586705e+23,5.035710605351346e+23,9.980927554684173e+19,3.5405996081512026e-10,5.54084957842575e+22,1.2357148377548411e-05,1.0027755394395179e+20,5.165071184333641e-11,1.691382047347463e+17,35975270255.905365,9.976258766436363e+16,5.0347112125760115e+23,1.0010841573921717e+20,1.6782370708586705e+23
3048356756756.757,809.7811464604288,253142959.60273346,1,5.923172748033659e+22,1.6782370708586705e+23,5.035710605351346e+23,9.980927554684173e+19,3.336254697044427e-10,5.54084957842575e+22,1.1643957150050123e-05,1.0027755394395179e+20,4.866972511956184e-11,1.691382047347463e+17,26976049761.37043,9.976259666358413e+16,5.0347112125760115e+23,1.0010841573921717e+20,1.6782370708586705e+23
3051515675675.676,807.7187435033931,253142818.7294853,1,5.923172748033659e+22,1.6782370708586705e+23,5.035710605351346e+23,9.980927554684173e+19,3.1437035041610176e-10,5.54084957842575e+22,1.097192766241608e-05,1.0027755394395179e+20,4.586078387970294e-11,1.691382047347463e+17,20123090838.226948,9.976260351654306e+16,5.0347112125760115e+23,1.0010841573921717e+20,1.6782370708586705e+23
3054674594594.5947,805.6563405463573,253142678.93154314,1,5.923172748033659e+22,1.6782370708586705e+23,5.035710605351346e+23,9.980927554684173e+19,2.9622653579859955e-10,5.54084957842575e+22,1.033868427013002e-05,1.0027755394395179e+20,4.321395865521625e-11,1.691382047347463e+17,14932002697.451252,9.97626087076312e+16,5.0347112125760115e+23,1.0010841573921717e+20,1.6782370708586705e+23
3057833513513.5137,803.5939375893216,253142540.20724607,1,5.923172748033659e+22,1.6782370708586705e+23,5.035710605351346e+23,9.980927554684173e+19,2.791298871783037e-10,5.54084957842575e+22,9.741988438693047e-06,1.0027755394395179e+20,4.071989304825751e-11,1.691382047347463e+17,11020799715.593163,9.976261261883418e+16,5.0347112125760115e+23,1.0010841573921717e+20,1.6782370708586705e+23
3060992432432.4326,801.5315346322859,253142402.55498025,1,5.923172748033659e+22,1.6782370708586705e+23,5.035710605351346e+23,9.980927554684173e+19,2.630199676284265e-10,5.54084957842575e+22,9.17973083033664e-06,1.0027755394395179e+20,3.836977065744455e-11,1.691382047347463e+17,8089918120.173748,9.976261554971578e+16,5.0347112125760115e+23,1.0010841573921717e+20,1.6782370708586705e+23
3064151351351.3516,799.4691316752499,253142265.97317323,1,5.923172748033659e+22,1.6782370708586705e+23,5.035710605351346e+23,9.980927554684173e+19,2.4783982832371943e-10,5.54084957842575e+22,8.649923847449983e-06,1.0027755394395179e+20,3.615528391246573e-11,1.691382047347463e+17,5905749836.06001,9.976261773388406e+16,5.0347112125760115e+23,1.0010841573921717e+20,1.6782370708586705e+23
3067310270270.2705,797.4067287182141,253142130.46028793,1,5.923172748033659e+22,1.6782370708586705e+23,5.035710605351346e+23,9.980927554684173e+19,2.335358072256457e-10,5.54084957842575e+22,8.150694606362447e-06,1.0027755394395179e+20,3.4068604707366926e-11,1.691382047347463e+17,4287157740.180832,9.976261935247616e+16,5.0347112125760115e+23,1.0010841573921717e+20,1.6782370708586705e+23
3070469189189.1895,795.3443257611784,253141996.014817,1,5.923172748033659e+22,1.6782370708586705e+23,5.035710605351346e+23,9.980927554684173e+19,2.200573393863782e-10,5.54084957842575e+22,7.680278316643301e-06,1.0027755394395179e+20,3.2102356728709634e-11,1.691382047347463e+17,3094500970.481222,9.976262054513293e+16,5.0347112125760115e+23,1.0010841573921717e+20,1.6782370708586705e+23
3073628108108.1084,793.2819228041427,253141862.63527724,1,5.923172748033659e+22,1.6782370708586705e+23,5.035710605351346e+23,9.980927554684173e+19,2.073567782010501e-10,5.54084957842575e+22,7.2370120425142834e-06,1.0027755394395179e+20,3.024958938078025e-11,1.691382047347463e+17,2220759014.7351832,9.976262141887488e+16,5.0347112125760115e+23,1.0010841573921717e+20,1.6782370708586705e+23
3076787027027.0273,791.219519847107,253141730.3202037,1,5.923172748033659e+22,1.6782370708586705e+23,5.035710605351346e+23,9.980927554684173e+19,1.9538922697637896e-10,5.54084957842575e+22,6.81932882432146e-06,1.0027755394395179e+20,2.8503753215681083e-11,1.691382047347463e+17,1584398649.4899962,9.976262205523525e+16,5.0347112125760115e+23,1.0010841573921717e+20,1.6782370708586705e+23
3079945945945.9463,789.1571168900713,253141599.0681446,1,5.923172748033659e+22,1.6782370708586705e+23,5.035710605351346e+23,9.980927554684173e+19,1.8411238022026005e-10,5.54084957842575e+22,6.425752139285558e-06,1.0027755394395179e+20,2.685867678144878e-11,1.691382047347463e+17,1123678179.4781244,9.976262251595571e+16,5.0347112125760115e+23,1.0010841573921717e+20,1.6782370708586705e+23
3083104864864.865,787.0947139330356,253141468.87765577,1,5.923172748033659e+22,1.6782370708586705e+23,5.035710605351346e+23,9.980927554684173e+19,1.7348637409128696e-10,5.54084957842575e+22,6.054890681949395e-06,1.0027755394395179e+20,2.5308544806359934e-11,1.691382047347463e+17,792128774.4563932,9.976262284750512e+16,5.0347112125760115e+23,1.0010841573921717e+20,1.6782370708586705e+23
3086263783783.7837,785.0323109759998,253141339.7472954,1,5.923172748033659e+22,1.6782370708586705e+23,5.035710605351346e+23,9.980927554684173e+19,1.6347364547953434e-10,5.54084957842575e+22,5.705433445871102e-06,1.0027755394395179e+20,2.3847877642309684e-11,1.691382047347463e+17,554993078.7205697,9.976262308464082e+16,5.0347112125760115e+23,1.0010841573921717e+20,1.6782370708586705e+23
3089422702702.7026,782.9699080189641,253141211.67561862,1,5.923172748033659e+22,1.6782370708586705e+23,5.035710605351346e+23,9.980927554684173e+19,1.5403879922045418e-10,5.54084957842575e+22,5.376145089176798e-06,1.0027755394395179e+20,2.247151189459436e-11,1.691382047347463e+17,386436851.24826473,9.976262325319704e+16,5.0347112125760115e+23,1.0010841573921717e+20,1.6782370708586705e+23
3092581621621.6216,780.9075050619284,253141084.66117278,1,5.923172748033659e+22,1.6782370708586705e+23,5.035710605351346e+23,9.980927554684173e+19,1.4514848297248543e-10,5.54084957842575e+22,5.065861567589791e-06,1.0027755394395179e+20,2.1174582169627613e-11,1.691382047347463e+17,267380436.89924747,9.976262337225346e+16,5.0347112125760115e+23,1.0010841573921717e+20,1.6782370708586705e+23
3095740540540.541,778.8451021048924,253140958.7024921,1,5.923172748033659e+22,1.6782370708586705e+23,5.035710605351346e+23,9.980927554684173e+19,1.367712693160662e-10,5.54084957842575e+22,4.773486019498934e-06,1.0027755394395179e+20,1.9952503876070008e-11,1.691382047347463e+17,183823686.2057299,9.97626234558102e+16,5.0347112125760115e+23,1.0010841573921717e+20,1.6782370708586705e+23
3098899459459.46,776.7826991478566,253140833.79809302,1,5.923172748033659e+22,1.6782370708586705e+23,5.035710605351346e+23,9.980927554684173e+19,1.288775446572694e-10,5.54084957842575e+22,4.497984888519735e-06,1.0027755394395179e+20,1.8800957018574217e-11,1.691382047347463e+17,125560886.6951893,9.976262351407301e+16,5.0347112125760115e+23,1.0010841573921717e+20,1.6782370708586705e+23
3102058378378.379,774.7202961908209,253140709.94646925,1,5.923172748033659e+22,1.6782370708586705e+23,5.035710605351346e+23,9.980927554684173e+19,1.21439404543334e-10,5.54084957842575e+22,4.238384269841353e-06,1.0027755394395179e+20,1.7715870926859416e-11,1.691382047347463e+17,85201716.9589087,9.976262355443218e+16,5.0347112125760115e+23,1.0010841573921717e+20,1.6782370708586705e+23
3105217297297.2974,772.6578932337852,253140587.14608708,1,5.923172748033659e+22,1.6782370708586705e+23,5.035710605351346e+23,9.980927554684173e+19,1.1443055502003155e-10,5.54084957842575e+22,3.993766467443702e-06,1.0027755394395179e+20,1.6693409866131998e-11,1.691382047347463e+17,57430566.16134971,9.976262358220333e+16,5.0347112125760115e+23,1.0010841573921717e+20,1.6782370708586705e+23
3108376216216.2163,770.5954902767495,253140465.3953809,1,5.923172748033659e+22,1.6782370708586705e+23,5.035710605351346e+23,9.980927554684173e+19,1.0782621968216494e-10,5.54084957842575e+22,3.763266750014335e-06,1.0027755394395179e+20,1.572995947798765e-11,1.691382047347463e+17,38450150.31646495,9.976262360118374e+16,5.0347112125760115e+23,1.0010841573921717e+20,1.6782370708586705e+23
3111535135135.1353,768.5330873197138,253140344.69274858,1,5.923172748033659e+22,1.6782370708586705e+23,5.035710605351346e+23,9.980927554684173e+19,1.0160305208862182e-10,5.54084957842575e+22,3.5460702940971575e-06,1.0027755394395179e+20,1.4822114003864096e-11,1.691382047347463e+17,25566560.50295204,9.976262361406733e+16,5.0347112125760115e+23,1.0010841573921717e+20,1.6782370708586705e+23
3114694054054.054,766.4706843626781,253140225.03654703,1,5.923172748033659e+22,1.6782370708586705e+23,5.035710605351346e+23,9.980927554684173e+19,9.573905323236983e-11,5.54084957842575e+22,3.3414093036669278e-06,1.0027755394395179e+20,1.3966664245879842e-11,1.691382047347463e+17,16882032.52822172,9.976262362275186e+16,5.0347112125760115e+23,1.0010841573921717e+20,1.6782370708586705e+23
3117852972972.973,764.4082814056424,253140106.4250884,1,5.923172748033659e+22,1.6782370708586705e+23,5.035710605351346e+23,9.980927554684173e+19,9.021349377364777e-11,5.54084957842575e+22,3.1485602959471386e-06,1.0027755394395179e+20,1.316058622250233e-11,1.691382047347463e+17,11069140.221698504,9.976262362856475e+16,5.0347112125760115e+23,1.0010841573921717e+20,1.6782370708586705e+23
3121011891891.892,762.3458784486066,253139988.8566352,1,5.923172748033659e+22,1.6782370708586705e+23,5.035710605351346e+23,9.980927554684173e+19,8.500684076144786e-11,5.54084957842575e+22,2.966841543876573e-06,1.0027755394395179e+20,1.2401030478943795e-11,1.691382047347463e+17,7206063.259167004,9.976262363242782e+16,5.0347112125760115e+23,1.0010841573921717e+20,1.6782370708586705e+23
3124170810810.811,760.2834754915709,253139872.32939693,1,5.923172748033659e+22,1.6782370708586705e+23,5.035710605351346e+23,9.980927554684173e+19,8.010068858424676e-11,5.54084957842575e+22,2.7956106661835727e-06,1.0027755394395179e+20,1.1685312014497344e-11,1.691382047347463e+17,4657311.72684814,9.976262363497658e+16,5.0347112125760115e+23,1.0010841573921717e+20,1.6782370708586705e+23
3127329729729.73,758.2210725345349,253139756.84152585,1,5.923172748033659e+22,1.6782370708586705e+23,5.035710605351346e+23,9.980927554684173e+19,7.54776939058973e-11,5.54084957842575e+22,2.63426235654886e-06,1.0027755394395179e+20,1.1010900791208051e-11,1.691382047347463e+17,2988019.127649069,9.976262363664587e+16,5.0347112125760115e+23,1.0010841573921717e+20,1.6782370708586705e+23
3130488648648.649,756.1586695774992,253139642.39111325,1,5.923172748033659e+22,1.6782370708586705e+23,5.035710605351346e+23,9.980927554684173e+19,7.112151435667707e-11,5.54084957842575e+22,2.482226243829435e-06,1.0027755394395179e+20,1.0375412790327114e-11,1.691382047347463e+17,1902829.1203253174,9.976262363773106e+16,5.0347112125760115e+23,1.0010841573921717e+20,1.6782370708586705e+23
3133647567567.568,754.0962666204634,253139528.97618577,1,5.923172748033659e+22,1.6782370708586705e+23,5.035710605351346e+23,9.980927554684173e+19,6.701675076276707e-11,5.54084957842575e+22,2.338964875779374e-06,1.0027755394395179e+20,9.776601584935019e-12,1.691382047347463e+17,1202657.1338284886,9.976262363843123e+16,5.0347112125760115e+23,1.0010841573921717e+20,1.6782370708586705e+23
3136806486486.487,752.0338636634277,253139416.59470206,1,5.923172748033659e+22,1.6782370708586705e+23,5.035710605351346e+23,9.980927554684173e+19,6.314889270994047e-11,5.54084957842575e+22,2.203971819139925e-06,1.0027755394395179e+20,9.212350398942733e-12,1.691382047347463e+17,754338.9629092137,9.976262363887955e+16,5.0347112125760115e+23,1.0010841573921717e+20,1.6782370708586705e+23
3139965405405.406,749.971460706392,253139305.24454895,1,5.923172748033659e+22,1.6782370708586705e+23,5.035710605351346e+23,9.980927554684173e+19,5.950426724902827e-11,5.54084957842575e+22,2.0767698693826556e-06,1.0027755394395179e+20,8.680664624400941e-12,1.691382047347463e+17,469494.7322772408,9.97626236391644e+16,5.0347112125760115e+23,1.0010841573921717e+20,1.6782370708586705e+23
3143124324324.3247,747.9090577493563,253139194.9235388,1,5.923172748033659e+22,1.6782370708586705e+23,5.035710605351346e+23,9.980927554684173e+19,5.60699905618356e-11,5.54084957842575e+22,1.9569093637770473e-06,1.0027755394395179e+20,8.179664770665802e-12,1.691382047347463e+17,289928.53975926933,9.976262363934397e+16,5.0347112125760115e+23,1.0010841573921717e+20,1.6782370708586705e+23
3146283243243.243,745.8466547923206,253139085.62940568,1,5.923172748033659e+22,1.6782370708586705e+23,5.035710605351346e+23,9.980927554684173e+19,5.2833922416646625e-11,5.54084957842575e+22,1.8439665918191745e-06,1.0027755394395179e+20,7.707579820497559e-12,1.691382047347463e+17,177624.8172125226,9.976262363945627e+16,5.0347112125760115e+23,1.0010841573921717e+20,1.6782370708586705e+23
3149442162162.162,743.7842518352849,253138977.35980293,1,5.923172748033659e+22,1.6782370708586705e+23,5.035710605351346e+23,9.980927554684173e+19,4.978462325231826e-11,5.54084957842575e+22,1.737542297402289e-06,1.0027755394395179e+20,7.262740969605825e-12,1.691382047347463e+17,107950.56365785137,9.976262363952595e+16,5.0347112125760115e+23,1.0010841573921717e+20,1.6782370708586705e+23
3152601081081.081,741.7218488782491,253138870.11230004,1,5.923172748033659e+22,1.6782370708586705e+23,5.035710605351346e+23,9.980927554684173e+19,4.6911313739253586e-11,5.54084957842575e+22,1.6372602674344347e-06,1.0027755394395179e+20,6.843575727511838e-12,1.691382047347463e+17,65074.48539412945,9.976262363956883e+16,5.0347112125760115e+23,1.0010841573921717e+20,1.6782370708586705e+23
3155760000000.0,739.6594459212134,253138763.88437986,1,5.923172748033659e+22,1.6782370708586705e+23,5.035710605351346e+23,9.980927554684173e+19,4.420383667430363e-11,5.54084957842575e+22,1.5427660019138163e-06,1.0027755394395179e+20,6.448602358873855e-12,1.691382047347463e+17,38906.02844395957,9.9762623639595e+16,5.0347112125760115e+23,1.0010841573921717e+20,1.6782370708586705e+23
