time_years,temperature_K,cold_trap_factor,olr_W_m2,H2_flux_m-2_s-1,crossover_mass_kg_per_particle,crossover_mass_amu,atomic_N_photolysis_fraction,N_drag_active,Ar36_drag_active,Rayleigh_active,water_kg,D_H,N_kg,Ar36_kg
0.0,2800.0,0.05000000065485749,280.0,4.639499134516127e+20,9.37546069139441e-22,564603.1225622032,0.6096948773246815,1,1,1,1.9492775961566447e+22,0.00014712318190861527,2.35e+21,5000000000000000.0
100.10010010010011,2798.7109981518524,0.05000000066335326,280.0,4.6163364312024325e+20,9.37438149230139e-22,564538.1317102503,0.6086262044492964,1,1,1,1.9492716062145908e+22,0.00014712322711822652,2.3452414690845443e+21,4999455795426256.0
200.20020020020021,2797.421996303705,0.05000000067195924,280.0,4.5932893677044256e+20,9.373301920359053e-22,564473.1184047993,0.6075593966264615,1,1,1,1.949265628252417e+22,0.00014712327223757098,2.3404828554829318e+21,4998908919812550.0
300.3003003003003,2796.1329944555573,0.05000000068067687,280.0,4.57035736669023e+20,9.372221975266694e-22,564408.0826277412,0.606494450573726,1,1,1,1.9492596622461638e+22,0.00014712331726682848,2.3357241811651558e+21,4998359360349171.0
400.40040040040043,2794.8439926074097,0.0500000006895076,280.0,4.5475398537102977e+20,9.371141656723226e-22,564343.0243609444,0.6054313630143222,1,1,1,1.949253708171919e+22,0.0001471233622061787,2.3309654680869195e+21,4997807104167994.0
500.50050050050055,2793.554990759262,0.050000000698452896,280.0,4.524836257183024e+20,9.370060964427175e-22,564277.9435862536,0.6043701306771562,1,1,1,1.949247766005819e+22,0.00014712340705580075,2.3262067381892976e+21,4997252138342247.0
600.6006006006006,2792.2659889111146,0.05000000070751424,280.0,4.502246008380421e+20,9.368979898076694e-22,564212.8402854912,0.6033107502967973,1,1,1,1.949241835724047e+22,0.00014712345181587357,2.321448013398398e+21,4996694449886274.0
700.7007007007007,2790.976987062967,0.050000000716693145,280.0,4.4797685414138806e+20,9.367898457369548e-22,564147.714440456,0.6022532186134676,1,1,1,1.949235917302835e+22,0.0001471234964865756,2.3166893156250267e+21,4996134025755298.0
800.8008008008009,2789.6879852148195,0.050000000725991124,280.0,4.45740329321999e+20,9.366816642003112e-22,564082.5660329238,0.6011975323730328,1,1,1,1.9492300107184614e+22,0.00014712354106808496,2.3119306667643537e+21,4995570852845183.0
900.900900900901,2788.398983366672,0.050000000735409736,280.0,4.4351497035464344e+20,9.36573445167439e-22,564017.3950446475,0.600143688326991,1,1,1,1.9492241159472527e+22,0.00014712358556057955,2.3071720886955803e+21,4995004917992196.0
1001.0010010010011,2787.1099815185244,0.05000000074495054,280.0,4.413007214937957e+20,9.364651886079988e-22,563952.2014573566,0.5990916832324635,1,1,1,1.9492182329655824e+22,0.0001471236299642367,2.3024136032816092e+21,4994436207972769.0
1101.1011011011012,2785.820979670377,0.05000000075461512,280.0,4.3909752727223966e+20,9.363568944916134e-22,563886.9852527572,0.5980415138521844,1,1,1,1.9492123617498715e+22,0.00014712367427923356,2.297655232368716e+21,4993864709503260.0
1201.2012012012012,2784.5319778222292,0.050000000764405084,280.0,4.369053324996795e+20,9.362485627878667e-22,563821.7464125325,0.5969931769544906,1,1,1,1.949206502276588e+22,0.00014712371850574685,2.2928969977862226e+21,4993290409239712.0
1301.3013013013015,2783.2429759740817,0.05000000077432206,280.0,4.347240822613568e+20,9.361401934663037e-22,563756.4849183421,0.5959466693133119,1,1,1,1.9492006545222476e+22,0.00014712376264395296,2.2881389213461717e+21,4992713293777612.0
1401.4014014014015,2781.953974125934,0.05000000078436769,280.0,4.325537219166753e+20,9.360317864964306e-22,563691.2007518221,0.5949019877081602,1,1,1,1.9491948184634118e+22,0.00014712380669402786,2.2833810248430039e+21,4992133349651652.0
1501.5015015015017,2780.6649722777865,0.05000000079454365,280.0,4.3039419709783186e+20,9.359233418477149e-22,563625.8938945854,0.5938591289241211,1,1,1,1.9491889940766898e+22,0.0001471238506561473,2.2786233300532372e+21,4991550563335486.0
1601.6016016016017,2779.375970429639,0.05000000080485162,280.0,4.2824545370845466e+20,9.358148594895854e-22,563560.5643282218,0.5928180897518429,1,1,1,1.9491831813387374e+22,0.00014712389453048666,2.273865858735147e+21,4990964921241487.0
1701.7017017017017,2778.0869685814914,0.05000000081529333,280.0,4.26107437922248e+20,9.357063393914319e-22,563495.2120342972,0.5917788669875262,1,1,1,1.9491773802262573e+22,0.00014712393831722078,2.2691086326284487e+21,4990376409720505.0
1801.801801801802,2776.797966733344,0.05000000082587049,280.0,4.239800961816442e+20,9.355977815226044e-22,563429.8369943539,0.5907414574329152,1,1,1,1.9491715907159985e+22,0.00014712398201652442,2.2643516734539825e+21,4989785015061622.0
1901.901901901902,2775.5089648851963,0.05000000083658489,280.0,4.218633751964616e+20,9.35489185852414e-22,563364.4391899105,0.5897058578952867,1,1,1,1.9491658127847564e+22,0.00014712402562857182,2.2595950029133998e+21,4989190723491911.0
2002.0020020020022,2774.2199630370487,0.05000000084743828,280.0,4.197572219425697e+20,9.353805523501335e-22,563299.0186024627,0.588672065187441,1,1,1,1.949160046409373e+22,0.00014712406915353695,2.254838642688851e+21,4988593521176188.0
2102.1021021021024,2772.930961188901,0.05000000085843248,280.0,4.1766158366056147e+20,9.352718809849957e-22,563233.5752134823,0.5876400761276913,1,1,1,1.949154291566736e+22,0.00014712411259159335,2.2500826144426757e+21,4987993394216768.0
2202.2022022022024,2771.6419593407536,0.050000000869569315,280.0,4.155764078544308e+20,9.351631717261935e-22,563168.1090044164,0.5866098875398547,1,1,1,1.949148548233781e+22,0.00014712415594291437,2.245326939817096e+21,4987390328653219.0
2302.3023023023025,2770.352957492606,0.05000000088085063,280.0,4.1350164229025805e+20,9.350544245428819e-22,563102.6199566899,0.5855814962532411,1,1,1,1.949142816387488e+22,0.00014712419920767287,2.2405716404339092e+21,4986784310462116.0
2402.4024024024025,2769.0639556444585,0.05000000089227831,280.0,4.1143723499490175e+20,9.349456394041754e-22,563037.1080517033,0.584554899102645,1,1,1,1.9491370960048838e+22,0.00014712424238604138,2.2358167378941843e+21,4986175325556794.0
2502.5025025025025,2767.774953796311,0.05000000090385424,280.0,4.093831342546959e+20,9.348368162791484e-22,562971.5732708327,0.5835300929283339,1,1,1,1.949131387063041e+22,0.00014712428547819216,2.2310622537779603e+21,4985563359787098.0
2602.602602602603,2766.4859519481633,0.05000000091558035,280.0,4.073392886141555e+20,9.347279551368375e-22,562906.0155954313,0.5825070745760406,1,1,1,1.9491256895390783e+22,0.00014712432848429708,2.226308209643946e+21,4984948398939138.0
2702.702702702703,2765.196950100016,0.050000000927458585,280.0,4.053056468746868e+20,9.346190559462374e-22,562840.4350068276,0.5814858408969509,1,1,1,1.94912000341016e+22,0.0001471243714045277,2.221554627029222e+21,4984330428735039.0
2802.802802802803,2763.907948251868,0.050000000939490925,280.0,4.032821580933051e+20,9.34510118676305e-22,562774.8314863268,0.5804663887476957,1,1,1,1.9491143286534955e+22,0.00014712441423905522,2.2168015274489448e+21,4983709434832691.0
2902.902902902903,2762.6189464037207,0.05000000095167937,280.0,4.012687715813587e+20,9.344011432959563e-22,562709.2050152097,0.5794487149903411,1,1,1,1.9491086652463408e+22,0.00014712445698805048,2.2120489323960525e+21,4983085402825500.0
3003.0030030030034,2761.329944555573,0.05000000096402594,280.0,3.9926543690325905e+20,9.342921297740679e-22,562643.5555747334,0.5784328164923779,1,1,1,1.9491030131659967e+22,0.00014712449965168398,2.207296863340973e+21,4982458318242137.0
3103.1031031031034,2760.0409427074255,0.05000000097653268,280.0,3.972721038752171e+20,9.341830780794758e-22,562577.8831461307,0.5774186901267121,1,1,1,1.9490973723898094e+22,0.00014712454223012595,2.2025453417313343e+21,4981828166546287.0
3203.2032032032034,2758.751940859278,0.05000000098920168,280.0,3.9528872256398675e+20,9.340739881809762e-22,562512.18771061,0.5764063327716555,1,1,1,1.949091742895171e+22,0.00014712458472354622,2.1977943889916755e+21,4981194933136398.0
3303.3033033033034,2757.4629390111304,0.05000000100203504,280.0,3.933152432856134e+20,9.339648600473263e-22,562446.4692493564,0.5753957413109163,1,1,1,1.949086124659518e+22,0.00014712462713211425,2.1930440265231625e+21,4980558603345428.0
3403.4034034034034,2756.173937162983,0.0500000010150349,280.0,3.913516166041896e+20,9.338556936472413e-22,562380.7277435301,0.5743869126335881,1,1,1,1.9490805176603326e+22,0.0001471246694559992,2.1882942757033028e+21,4979919162440593.0
3503.503503503504,2754.8849353148353,0.05000000102820341,280.0,3.8939779333061706e+20,9.337464889493975e-22,562314.9631742671,0.5733798436341421,1,1,1,1.949074921875142e+22,0.00014712471169536998,2.1835451578856644e+21,4979276595623114.0
3603.603603603604,2753.5959334666877,0.05000000104154275,280.0,3.874537245213737e+20,9.3363724592243e-22,562249.1755226793,0.5723745312124158,1,1,1,1.949069337281518e+22,0.00014712475385039503,2.1787966943995964e+21,4978630888027963.0
3703.703703703704,2752.30693161854,0.05000000105505516,280.0,3.855193614772882e+20,9.335279645349343e-22,562183.3647698546,0.5713709722736044,1,1,1,1.9490637638570776e+22,0.00014712479592124254,2.17404890654995e+21,4977982024723608.0
3803.803803803804,2751.0179297703926,0.05000000106874287,280.0,3.8359465574232e+20,9.334186447554653e-22,562117.530896856,0.5703691637282509,1,1,1,1.9490582015794825e+22,0.0001471248379080803,2.169301815616804e+21,4977329990711759.0
3903.9039039039044,2749.728927922245,0.05000000108260815,280.0,3.816795591023451e+20,9.33309286552537e-22,562051.6738847224,0.5693691024922367,1,1,1,1.949052650426439e+22,0.00014712487981107585,2.1645554428551918e+21,4976674770927114.0
4004.0040040040044,2748.4399260740975,0.05000000109665332,280.0,3.797740235839488e+20,9.33199889894623e-22,561985.7937144683,0.5683707854867711,1,1,1,1.949047110375698e+22,0.0001471249216303963,2.159809809494829e+21,4976016350237100.0
4104.104104104104,2747.15092422595,0.050000001110880696,280.0,3.7787800145322364e+20,9.33090454750156e-22,561919.890367083,0.5673742096383834,1,1,1,1.949041581405055e+22,0.0001471249633662085,2.1550649367398444e+21,4975354713441620.0
4204.204204204205,2745.8619223778023,0.050000001125292654,280.0,3.7599144521457356e+20,9.329809810875285e-22,561853.9638235325,0.5663793718789119,1,1,1,1.94903606349235e+22,0.00014712500501867893,2.1503208457685136e+21,4974689845272794.0
4304.304304304304,2744.5729205296548,0.05000000113989159,280.0,3.7411430760952463e+20,9.328714688750918e-22,561788.0140647572,0.565386269145495,1,1,1,1.949030556615466e+22,0.0001471250465879738,2.145577557732993e+21,4974021730394703.0
4404.404404404405,2743.283918681507,0.05000000115467992,280.0,3.722465416155406e+20,9.327619180811563e-22,561722.0410716733,0.5643948983805616,1,1,1,1.9490250607523327e+22,0.0001471250880742589,2.1408350937590575e+21,4973350353403130.0
4504.504504504504,2741.9949168333596,0.0500000011696601,280.0,3.703881004448454e+20,9.326523286739914e-22,561656.0448251722,0.5634052565318214,1,1,1,1.949019575880922e+22,0.00014712512947769976,2.1360934749458394e+21,4972675698825302.0
4604.604604604605,2740.705914985212,0.05000000118483463,280.0,3.6853893754325094e+20,9.32542700621826e-22,561590.0253061209,0.5624173405522563,1,1,1,1.9490141019792503e+22,0.00014712517079846157,2.1313527223655704e+21,4971997751119631.0
4704.704704704705,2739.4169131370645,0.05000000120020603,280.0,3.66699006588991e+20,9.324330338928466e-22,561523.9824953609,0.5614311474001099,1,1,1,1.9490086390253786e+22,0.00014712521203670914,2.1266128570633248e+21,4971316494675457.0
4804.804804804805,2738.127911288917,0.05000000121577684,280.0,3.6486826149156074e+20,9.323233284552009e-22,561457.9163737103,0.560446674038878,1,1,1,1.9490031869974112e+22,0.000147125253192607,2.121873900056765e+21,4970631913812785.0
4904.904904904905,2736.8389094407694,0.05000000123154967,280.0,3.6304665639056225e+20,9.322135842769925e-22,561391.8269219607,0.5594639174373003,1,1,1,1.948997745873496e+22,0.00014712529426631936,2.1171358723358898e+21,4969943992782027.0
5005.005005005005,2735.549907592622,0.05000000124752712,280.0,3.612341456545558e+20,9.321038013262858e-22,561325.7141208799,0.55848287456935,1,1,1,1.9489923156318253e+22,0.00014712533525801006,2.1123987948627847e+21,4969252715763739.0
5105.105105105105,2734.2609057444743,0.05000000126371185,280.0,3.594306838799164e+20,9.319939795711033e-22,561259.5779512107,0.5575035424142245,1,1,1,1.948986896250634e+22,0.00014712537616784268,2.1076626885713734e+21,4968558066868363.0
5205.205205205206,2732.9719038963267,0.05000000128010656,280.0,3.5763622588969694e+20,9.318841189794252e-22,561193.4183936703,0.5565259179563365,1,1,1,1.948981487708202e+22,0.0001471254169959804,2.1029275743671726e+21,4967860030135963.0
5305.305305305305,2731.682902048179,0.05000000129671396,280.0,3.558507267324961e+20,9.317742195191908e-22,561127.2354289513,0.5555499981853044,1,1,1,1.948976089982851e+22,0.00014712545774258614,2.098193473127049e+21,4967158589535964.0
5405.405405405406,2730.3939002000316,0.05000000131353682,280.0,3.540741416813326e+20,9.316642811582983e-22,561061.0290377217,0.5545757800959427,1,1,1,1.9489707030529477e+22,0.00014712549840782249,2.0934604056989779e+21,4966453728966889.0
5505.505505505506,2729.104898351884,0.05000000133057793,280.0,3.523064262325245e+20,9.315543038646028e-22,560994.7992006232,0.5536032606882526,1,1,1,1.9489653268969006e+22,0.0001471255389918516,2.0887283929018036e+21,4965745432256095.0
5605.605605605606,2727.8158965037364,0.05000000134784012,280.0,3.505475361045748e+20,9.314442876059198e-22,560928.5458982739,0.552632436967414,1,1,1,1.948959961493162e+22,0.00014712557949483548,2.0839974555250042e+21,4965033683159513.0
5705.705705705706,2726.526894655589,0.05000000136532626,280.0,3.487974272370615e+20,9.31334232350021e-22,560862.2691112655,0.551663305943774,1,1,1,1.948954606820227e+22,0.0001471256199169357,2.0792676143284552e+21,4964318465361380.0
5805.805805805806,2725.2378928074413,0.050000001383039255,280.0,3.4705605578953464e+20,9.312241380646366e-22,560795.9688201649,0.5506958646328389,1,1,1,1.9489492628566343e+22,0.00014712566025831356,2.074538890042199e+21,4963599762473978.0
5905.905905905906,2723.9488909592937,0.05000000140098205,280.0,3.4532337814041756e+20,9.311140047174553e-22,560729.6450055134,0.5497301100552657,1,1,1,1.9489439295809656e+22,0.00014712570051913,2.0698113033662135e+21,4962877558037368.0
6006.006006006007,2722.659889111146,0.05000000141915762,280.0,3.435993508859145e+20,9.310038322761238e-22,560663.2976478277,0.5487660392368511,1,1,1,1.9489386069718448e+22,0.00014712574069954563,2.065084874970185e+21,4962151835519125.0
6106.106106106106,2721.3708872629986,0.050000001437569,280.0,3.418839308389231e+20,9.30893620708246e-22,560596.9267275983,0.5478036492085231,1,1,1,1.948933295007939e+22,0.00014712578079972082,2.0603596254932826e+21,4961422578314073.0
6206.206206206207,2720.081885414851,0.05000000145621923,280.0,3.4017707502795253e+20,9.307833699813843e-22,560530.5322252908,0.5468429370063318,1,1,1,1.9489279936679574e+22,0.00014712582081981558,2.055635575543934e+21,4960689769744019.0
6306.306306306306,2718.7928835667035,0.050000001475111425,280.0,3.384787406960474e+20,9.306730800630585e-22,560464.1141213451,0.545883899671441,1,1,1,1.9489227029306522e+22,0.00014712586075998953,2.050912745699606e+21,4959953393057486.0
6406.406406406407,2717.503881718556,0.050000001494248714,280.0,3.3678888529971636e+20,9.305627509207465e-22,560397.6723961763,0.544926534250117,1,1,1,1.9489174227748185e+22,0.00014712590062040208,2.0461911565065844e+21,4959213431429447.0
6506.506506506507,2716.2148798704084,0.050000001513634276,280.0,3.3510746650786634e+20,9.304523825218823e-22,560331.2070301723,0.5439708377937211,1,1,1,1.9489121531792927e+22,0.00014712594040121226,2.041470828479758e+21,4958469867961059.0
6606.606606606607,2714.925878022261,0.05000000153327134,280.0,3.3343444220074256e+20,9.303419748338597e-22,560264.7180036975,0.5430168073587001,1,1,1,1.948906894122955e+22,0.0001471259801025788,2.036751782102404e+21,4957722685679394.0
6706.706706706707,2713.6368761741132,0.05000000155316316,280.0,3.317697704688728e+20,9.302315278240275e-22,560198.2052970886,0.5420644400065764,1,1,1,1.9489016455847263e+22,0.00014712601972466014,2.032034037825976e+21,4956971867537173.0
6806.806806806807,2712.3478743259657,0.05000000157331305,280.0,3.301134096120183e+20,9.301210414596937e-22,560131.6688906583,0.5411137328039398,1,1,1,1.9488964075435707e+22,0.00014712605926761436,2.0273176160698947e+21,4956217396412495.0
6906.906906906907,2711.058872477818,0.05000000159372436,280.0,3.2846531813812843e+20,9.30010515708123e-22,560065.1087646928,0.5401646828224385,1,1,1,1.948891179978494e+22,0.00014712609873159926,2.0226025372213403e+21,4955459255108573.0
7007.007007007008,2709.7698706296705,0.05000000161440046,280.0,3.268254547623019e+20,9.298999505365363e-22,559998.5248994521,0.5392172871387684,1,1,1,1.948885962868544e+22,0.0001471261381167723,2.0178888216350467e+21,4954697426353462.0
7107.107107107107,2708.480868781523,0.05000000163534481,280.0,3.251937784057523e+20,9.297893459121133e-22,559931.9172751715,0.538271542834666,1,1,1,1.9488807561928108e+22,0.00014712617742329066,2.0131764896330995e+21,4953931892799790.0
7207.207207207208,2707.1918669333754,0.05000000165656088,280.0,3.235702481947789e+20,9.296787018019897e-22,559865.2858720595,0.5373274469968984,1,1,1,1.9488755599304257e+22,0.00014712621665131115,2.008465561504735e+21,4953162637024491.0
7307.307307307307,2705.902865085228,0.05000000167805219,280.0,3.219548234597433e+20,9.295680181732584e-22,559798.630670299,0.5363849967172536,1,1,1,1.948870374060562e+22,0.0001471262558009904,2.003756057506142e+21,4952389641528533.0
7407.407407407408,2704.6138632370803,0.05000000169982232,280.0,3.203474637340498e+20,9.294572949929688e-22,559731.9516500469,0.5354441890925329,1,1,1,1.9488651985624345e+22,0.0001471262948724845,1.9990479978602656e+21,4951612888736649.0
7507.507507507508,2703.3248613889327,0.05000000172187489,280.0,3.1874812875313263e+20,9.29346532228128e-22,559665.2487914341,0.5345050212245408,1,1,1,1.9488600334153e+22,0.00014712633386594943,1.994341402756614e+21,4950832360997066.0
7607.607607607608,2702.035859540785,0.050000001744213554,280.0,3.171567784534469e+20,9.29235729845699e-22,559598.5220745655,0.5335674902200764,1,1,1,1.948854878598456e+22,0.00014712637278154083,1.9896362923510664e+21,4950048040581235.0
7707.707707707708,2700.7468576926376,0.05000000176684202,280.0,3.155733729714647e+20,9.291248878126014e-22,559531.7714795195,0.5326315931909241,1,1,1,1.9488497340912427e+22,0.00014712641161941393,1.984932686765685e+21,4949259909683560.0
7807.807807807809,2699.45785584449,0.05000000178976406,280.0,3.1399787264267715e+20,9.290140060957127e-22,559464.9969863495,0.5316973272538453,1,1,1,1.948844599873041e+22,0.00014712645037972378,1.9802306060885272e+21,4948467950421128.0
7907.907907907908,2698.1688539963425,0.05000000181298348,280.0,3.124302380006002e+20,9.289030846618646e-22,559398.1985750807,0.5307646895305682,1,1,1,1.948839475923272e+22,0.000147126489062625,1.9755300703734622e+21,4947672144833436.0
8008.008008008009,2696.879852148195,0.05000000183650414,280.0,3.108704297757864e+20,9.287921234778478e-22,559331.3762257145,0.5298336771477805,1,1,1,1.948834362221399e+22,0.00014712652766827198,1.970831099639988e+21,4946872474882119.0
8108.108108108108,2695.5908503000474,0.05000000186032994,280.0,3.0931840889484096e+20,9.286811225104074e-22,559264.5299182239,0.5289042872371189,1,1,1,1.9488292587469265e+22,0.0001471265661968188,1.966133713873052e+21,4946068922450680.0
8208.208208208209,2694.3018484519,0.050000001884464844,280.0,3.077741364794431e+20,9.285700817262452e-22,559197.6596325565,0.5279765169351612,1,1,1,1.9488241654793998e+22,0.0001471266046484192,1.9614379330228744e+21,4945261469344217.0
8308.30830830831,2693.012846603752,0.05000000190891286,280.0,3.0623757384537224e+20,9.284590010920198e-22,559130.7653486335,0.5270503633834168,1,1,1,1.948819082398405e+22,0.00014712664302322665,1.9567437770047716e+21,4944450097289150.0
8408.40840840841,2691.7238447556047,0.05000000193367805,280.0,3.047086825015385e+20,9.283478805743461e-22,559063.84704635,0.5261258237283183,1,1,1,1.948814009483569e+22,0.00014712668132139424,1.9520512656989844e+21,4943634787932948.0
8508.508508508508,2690.434842907457,0.05000000195876453,280.0,3.03187424149019e+20,9.282367201397936e-22,558996.9047055739,0.525202895121212,1,1,1,1.9488089467145595e+22,0.0001471267195430749,1.947360418950508e+21,4942815522843859.0
8608.608608608609,2689.1458410593095,0.05000000198417647,280.0,3.0167376068009814e+20,9.281255197548887e-22,558929.9383061467,0.5242815747183497,1,1,1,1.9488038940710846e+22,0.0001471267576884211,1.9426712565689224e+21,4941992283510634.0
8708.70870870871,2687.856839211162,0.05000000200991809,280.0,3.0016765417731326e+20,9.280142793861136e-22,558862.9478278835,0.5233618596808797,1,1,1,1.9487988515328934e+22,0.0001471267957575851,1.9379837983282288e+21,4941165051342256.0
8808.80880880881,2686.5678373630144,0.05000000203599367,280.0,2.9866906691250455e+20,9.279029989999063e-22,558795.9332505729,0.5224437471748374,1,1,1,1.9487938190797754e+22,0.00014712683375071883,1.9332980639666846e+21,4940333807667664.0
8908.90890890891,2685.278835514867,0.05000000206240753,280.0,2.971779613458702e+20,9.27791678562661e-22,558728.8945539771,0.521527234371137,1,1,1,1.9487887966915604e+22,0.00014712687166797389,1.9286140731866428e+21,4939498533735482.0
9009.009009009009,2683.9898336667193,0.05000000208916408,280.0,2.956943001250257e+20,9.27680318040726e-22,558661.8317178304,0.5206123184455628,1,1,1,1.9487837843481185e+22,0.00014712690950950165,1.923931845654394e+21,4938659210713745.0
9109.10910910911,2682.7008318185717,0.050000002116267754,280.0,2.9421804608406864e+20,9.275689174004067e-22,558594.7447218415,0.5196989965787602,1,1,1,1.9487787820293605e+22,0.00014712694727545315,1.919251401000009e+21,4937815819689624.0
9209.20920920921,2681.411829970424,0.050000002143723056,280.0,2.9274916224264703e+20,9.274574766079638e-22,558527.6335456923,0.5187872659562266,1,1,1,1.9487737897152368e+22,0.00014712698496597903,1.9145727588171863e+21,4936968341669152.0
9309.30930930931,2680.1228281222766,0.050000002171534545,280.0,2.9128761180503363e+20,9.27345995629612e-22,558460.4981690366,0.5178771237683033,1,1,1,1.948768807385738e+22,0.00014712702258122982,1.909895938663099e+21,4936116757576952.0
9409.40940940941,2678.833826274129,0.05000000219970684,280.0,2.898333581592038e+20,9.272344744315233e-22,558393.3385715028,0.5169685672101663,1,1,1,1.9487638350208952e+22,0.00014712706012135558,1.9052209600582467e+21,4935261048255960.0
9509.50950950951,2677.5448244259815,0.05000000222824464,280.0,2.8838636487591834e+20,9.271229129798235e-22,558326.1547326915,0.5160615934818175,1,1,1,1.9487588726007786e+22,0.00014712709758650617,1.9005478424863087e+21,4934401194467153.0
9609.60960960961,2676.255822577834,0.05000000225715266,280.0,2.8694659570781133e+20,9.270113112405937e-22,558258.9466321762,0.5151561997880766,1,1,1,1.9487539201054993e+22,0.0001471271349768311,1.8958766053939982e+21,4933537176889273.0
9709.70970970971,2674.9668207296863,0.050000002286435724,280.0,2.855140145884815e+20,9.268996691798708e-22,558191.7142495037,0.5142523833385713,1,1,1,1.9487489775152073e+22,0.00014712717229247962,1.891207268190922e+21,4932668976118553.0
9809.80980980981,2673.6778188815388,0.05000000231609869,280.0,2.8408858563158947e+20,9.267879867636461e-22,558124.4575641936,0.5133501413477299,1,1,1,1.948744044810093e+22,0.00014712720953360066,1.8865398502494395e+21,4931796572668443.0
9909.909909909911,2672.388817033391,0.05000000234614649,280.0,2.826702731299582e+20,9.26676263957866e-22,558057.1765557386,0.512449471034772,1,1,1,1.9487391219703855e+22,0.0001471272467003429,1.8818743709045264e+21,4930919946969334.0
10010.01001001001,2671.0998151852436,0.05000000237658411,280.0,2.8125904155467894e+20,9.265645007284315e-22,557989.8712036033,0.5115503696236989,1,1,1,1.9487342089763545e+22,0.0001471272837928546,1.8772108494536384e+21,4930039079368285.0
10110.11011011011,2669.810813337096,0.050000002407416616,280.0,2.7985485555422082e+20,9.26452697041199e-22,557922.5414872264,0.5106528343432873,1,1,1,1.948729305808308e+22,0.00014712732081128389,1.87254930515658e+21,4929153950128748.0
10210.21021021021,2668.5218114889485,0.05000000243864912,280.0,2.7845767995354572e+20,9.263408528619782e-22,557855.187386018,0.5097568624270782,1,1,1,1.948724412446595e+22,0.00014712735775577847,1.8678897572353731e+21,4928264539430291.0
10310.310310310311,2667.232809640801,0.05000000247028682,280.0,2.7706747975322678e+20,9.262289681565343e-22,557787.8088793611,0.5088624511133696,1,1,1,1.9487195288716022e+22,0.0001471273946264858,1.8632322248741303e+21,4927370827368326.0
10410.410410410412,2665.9438077926534,0.05000000250233497,280.0,2.7568422012857198e+20,9.261170428905878e-22,557720.4059466125,0.5079695976452078,1,1,1,1.948714655063756e+22,0.00014712743142355315,1.8585767272189287e+21,4926472793953833.0
10510.51051051051,2664.654805944506,0.050000002534798894,280.0,2.743078664287515e+20,9.260050770298123e-22,557652.9785671,0.5070782992703785,1,1,1,1.9487097910035227e+22,0.00014712746814712725,1.8539232833776874e+21,4925570419113086.0
10610.61061061061,2663.3658040963583,0.050000002567683985,280.0,2.7293838417592975e+20,9.258930705398355e-22,557585.5267201245,0.5061885532413983,1,1,1,1.9487049366714066e+22,0.00014712750479735478,1.8492719124200458e+21,4924663682687378.0
10710.710710710711,2662.0768022482107,0.05000000260099571,280.0,2.715757390644019e+20,9.257810233862416e-22,557518.0503849601,0.5053003568155066,1,1,1,1.9487000920479517e+22,0.000147127541374382,1.8446226333772462e+21,4923752564432744.0
10810.810810810812,2660.787800400063,0.05000000263473961,280.0,2.7021989695973425e+20,9.256689355345657e-22,557450.5495408516,0.5044137072546562,1,1,1,1.948695257113741e+22,0.0001471275778783549,1.8399754652420184e+21,4922837044019691.0
10910.910910910912,2659.4987985519156,0.05000000266892128,280.0,2.6887082389790936e+20,9.255568069502996e-22,557383.0241670177,0.5035286018255054,1,1,1,1.948690431849395e+22,0.00014712761430941927,1.8353304269684652e+21,4921917101032918.0
11011.011011011013,2658.209796703768,0.0500000027035464,280.0,2.6752848608447522e+20,9.25444637598888e-22,557315.4742426488,0.5026450377994093,1,1,1,1.948685616235575e+22,0.00014712765066772043,1.8306875374719512e+21,4920992714971047.0
11111.111111111111,2656.9207948556204,0.050000002738620736,280.0,2.6619284989369863e+20,9.253324274457294e-22,557247.8997469073,0.5017630124524114,1,1,1,1.9486808102529795e+22,0.00014712768695340352,1.826046815628995e+21,4920063865246345.0
11211.211211211212,2655.631793007473,0.0500000027741501,280.0,2.6486388186772282e+20,9.252201764561762e-22,557180.3006589279,0.500882523065235,1,1,1,1.9486760138823464e+22,0.00014712772316661344,1.8214082802771624e+21,4919130531184450.0
11311.311311311312,2654.3427911593253,0.05000000281014041,280.0,2.6354154871572942e+20,9.251078845955356e-22,557112.6769578183,0.5000035669232744,1,1,1,1.9486712271044514e+22,0.0001471277593074947,1.8167719502149622e+21,4918192692024097.0
11411.411411411413,2653.0537893111778,0.050000002846597634,280.0,2.622258173131045e+20,9.249955518290668e-22,557045.028622657,0.49912614131658717,1,1,1,1.9486664499001094e+22,0.0001471277953761916,1.812137844201745e+21,4917250326916846.0
11511.511511511513,2651.76478746303,0.05000000288352783,280.0,2.6091665470060878e+20,9.248831781219837e-22,556977.3556324953,0.4982502435398852,1,1,1,1.948661682250173e+22,0.0001471278313728481,1.8075059809576044e+21,4916303414926806.0
11611.611611611612,2650.4757856148826,0.05000000292093714,280.0,2.596140280835522e+20,9.247707634394534e-22,556909.6579663564,0.4973758708925263,1,1,1,1.948656924135533e+22,0.00014712786729760788,1.8028763791632795e+21,4915351935030361.0
11711.711711711712,2649.186783766735,0.050000002958831787,280.0,2.583179048309719e+20,9.246583077465964e-22,556841.9356032354,0.49650302067850605,1,1,1,1.94865217553712e+22,0.00014712790315061437,1.798249057460061e+21,4914395866115897.0
11811.811811811813,2647.8977819185875,0.050000002997218046,280.0,2.5702825247481538e+20,9.245458110084858e-22,556774.1885220987,0.49563169020644887,1,1,1,1.9486474364359004e+22,0.0001471279389320107,1.793624034449699e+21,4913435186983529.0
11911.911911911913,2646.60878007044,0.05000000303610232,280.0,2.5574503870912676e+20,9.244332731901499e-22,556706.4167018861,0.4947618767896001,1,1,1,1.9486427068128804e+22,0.0001471279746419397,1.7890013286943144e+21,4912469876344828.0
12012.012012012014,2645.3197782222924,0.050000003075491045,280.0,2.5446823138923774e+20,9.243206942565675e-22,556638.6201215072,0.49389357774581744,1,1,1,1.9486379866491036e+22,0.0001471280102805439,1.78438095871631e+21,4911499912822548.0
12112.112112112112,2644.030776374145,0.05000000311539078,280.0,2.531977985309624e+20,9.242080741726726e-22,556570.7987598447,0.4930267903975628,1,1,1,1.9486332759256515e+22,0.0001471280458479656,1.7797629429982875e+21,4910525274950351.0
12212.212212212213,2642.7417745259972,0.05000000315580816,280.0,2.519337083097957e+20,9.24095412903352e-22,556502.9525957531,0.49216151207189357,1,1,1,1.948628574623643e+22,0.00014712808134434676,1.775147299982964e+21,4909545941172538.0
12312.312312312313,2641.4527726778497,0.05000000319674989,280.0,2.5067592906011656e+20,9.239827104134429e-22,556435.0816080569,0.49129774010045446,1,1,1,1.9486238827242355e+22,0.00014712811676982914,1.7705340480730927e+21,4908561889843774.0
12412.412412412414,2640.163770829702,0.05000000323822277,280.0,2.4942442927439456e+20,9.238699666677392e-22,556367.1857755545,0.49043547181946945,1,1,1,1.948619200208624e+22,0.00014712815212455406,1.765923205631385e+21,4907573099228818.0
12512.512512512514,2638.8747689815546,0.0500000032802337,280.0,2.481791776024007e+20,9.237571816309849e-22,556299.265077014,0.48957470456973257,1,1,1,1.9486145270580412e+22,0.00014712818740866276,1.7613147909804358e+21,4906579547502251.0
12612.612612612613,2637.585767133407,0.05000000332278966,280.0,2.469401428504219e+20,9.236443552678763e-22,556231.3194911754,0.4887154356966011,1,1,1,1.9486098632537564e+22,0.0001471282226222961,1.7567088224026503e+21,4905581212748204.0
12712.712712712713,2636.2967652852594,0.05000000336589771,280.0,2.457072939804798e+20,9.235314875430648e-22,556163.3489967509,0.4878576625499858,1,1,1,1.9486052087770772e+22,0.00014712825776559457,1.7521053181401736e+21,4904578072960086.0
12812.812812812814,2635.007763437112,0.05000000340956503,280.0,2.4448060010955312e+20,9.234185784211514e-22,556095.3535724231,0.4870013824843435,1,1,1,1.9486005636093484e+22,0.00014712829283869855,1.747504296394823e+21,4903570106040316.0
12912.912912912914,2633.7187615889643,0.05000000345379886,280.0,2.4326003050880415e+20,9.233056278666917e-22,556027.3331968467,0.48614659285866874,1,1,1,1.948595927731952e+22,0.00014712832784174806,1.742905775328023e+21,4902557289800052.0
13013.013013013015,2632.4297597408167,0.05000000349860655,280.0,2.4204555460280887e+20,9.23192635844192e-22,555959.2878486469,0.4852932910364852,1,1,1,1.9485913011263078e+22,0.00014712836277488278,1.7383097730607413e+21,4901539601958919.0
13113.113113113113,2631.140757892669,0.050000003543995565,280.0,2.4083714196879118e+20,9.230796023181117e-22,555891.2175064206,0.4844414743858379,1,1,1,1.948586683773872e+22,0.00014712839763824224,1.7337163076734285e+21,4900517020144741.0
13213.213213213214,2629.8517560445216,0.05000000358997342,280.0,2.396347623358606e+20,9.229665272528617e-22,555823.1221487358,0.4835911402792844,1,1,1,1.9485820756561385e+22,0.0001471284324319656,1.7291253972059596e+21,4899489521893274.0
13313.313313313314,2628.562754196374,0.050000003636547774,280.0,2.384383855842542e+20,9.228534106128053e-22,555755.0017541314,0.48274228609388736,1,1,1,1.9485774767546375e+22,0.00014712846715619175,1.7245370596575784e+21,4898457084647933.0
13413.413413413415,2627.2737523482265,0.050000003683726355,280.0,2.3724798174458187e+20,9.227402523622582e-22,555686.8563011179,0.48189490921120576,1,1,1,1.9485728870509364e+22,0.0001471285018110594,1.719951312986844e+21,4897419685759527.0
13513.513513513515,2625.984750500079,0.050000003731517,280.0,2.360635209970758e+20,9.226270524654872e-22,555618.6857681761,0.4810490070172868,1,1,1,1.94856830652664e+22,0.00014712853639670681,1.7153681751115788e+21,4896377302485991.0
13613.613613613614,2624.6957486519314,0.050000003779927665,280.0,2.348849736708435e+20,9.225138108867106e-22,555550.490133758,0.48020457690265805,1,1,1,1.9485637351633892e+22,0.00014712857091327212,1.7107876639088215e+21,4895329911992118.0
13713.713713713714,2623.406746803784,0.050000003828966376,280.0,2.3371231024312412e+20,9.224005275900997e-22,555482.2693762871,0.47936161626231905,1,1,1,1.9485591729428622e+22,0.00014712860536089315,1.706209797214779e+21,4894277491349292.0
13813.813813813815,2622.117744955636,0.05000000387864129,280.0,2.325455013385495e+20,9.22287202539776e-22,555414.0234741566,0.47852012249573334,1,1,1,1.9485546198467734e+22,0.00014712863973970737,1.7016345928247835e+21,4893220017535222.0
13913.913913913915,2620.8287431074887,0.05000000392896066,280.0,2.3138451772840795e+20,9.22173835699813e-22,555345.7524057312,0.4776800930068199,1,1,1,1.9485500758568743e+22,0.00014712867404985213,1.6970620684932512e+21,4892157467433678.0
14014.014014014016,2619.539741259341,0.050000003979932844,280.0,2.302293303299121e+20,9.220604270342359e-22,555277.4561493465,0.4768415252039457,1,1,1,1.948545540954952e+22,0.00014712870829146433,1.6924922419336428e+21,4891089817834224.0
14114.114114114114,2618.2507394111935,0.05000000403156632,280.0,2.290799102054705e+20,9.219469765070212e-22,555209.1346833085,0.47600441649991715,1,1,1,1.9485410151228307e+22,0.00014712874246468075,1.6879251308184265e+21,4890017045431954.0
14214.214214214215,2616.961737563046,0.050000004083869655,280.0,2.2793622856196257e+20,9.218334840820953e-22,555140.7879858933,0.4751687643119719,1,1,1,1.948536498342371e+22,0.00014712877656963778,1.6833607527790443e+21,4888939126827228.0
14314.314314314315,2615.6727357148984,0.050000004136851545,280.0,2.2679825675001745e+20,9.217199497233376e-22,555072.4160353485,0.47433456606177166,1,1,1,1.9485319905954696e+22,0.00014712881060647165,1.67879912540588e+21,4887856038525410.0
14414.414414414416,2614.383733866751,0.05000000419052079,280.0,2.2566596626329626e+20,9.216063733945776e-22,555004.0188098918,0.47350181917539275,1,1,1,1.948527491864059e+22,0.00014712884457531822,1.67424026624823e+21,4886767756936604.0
14514.514514514516,2613.0947320186033,0.05000000424488631,280.0,2.245393287377781e+20,9.214927550595959e-22,554935.5962877112,0.47267052108331925,1,1,1,1.9485230021301085e+22,0.00014712887847631313,1.6696841928142755e+21,4885674258375393.0
14614.614614614615,2611.8057301704557,0.05000000429995714,280.0,2.234183159510494e+20,9.21379094682124e-22,554867.1484469655,0.4718406692204345,1,1,1,1.948518521375623e+22,0.00014712891230959173,1.6651309225710586e+21,4884575519060576.0
14714.714714714715,2610.516728322308,0.050000004355742436,280.0,2.223028998215971e+20,9.212653922258436e-22,554798.6752657832,0.4710122610260128,1,1,1,1.948514049582644e+22,0.0001471289460752891,1.6605804729444595e+21,4883471515114910.0
14814.814814814816,2609.2277264741606,0.050000004412251456,280.0,2.2119305240810498e+20,9.21151647654388e-22,554730.1767222639,0.47018529394371217,1,1,1,1.9485095867332482e+22,0.00014712897977354014,1.6560328613191772e+21,4882362222564848.0
14914.914914914916,2607.938724626013,0.05000000446949359,280.0,2.20088745908754e+20,9.21037860931341e-22,554661.6527944772,0.4693597654215655,1,1,1,1.9485051328095486e+22,0.0001471290134044793,1.6514881050387114e+21,4881247617340282.0
15015.015015015017,2606.6497227778655,0.05000000452747835,280.0,2.1898995266052565e+20,9.209240320202358e-22,554593.1034604622,0.4685356729119733,1,1,1,1.9485006877936937e+22,0.0001471290469682409,1.646946221405348e+21,4880127675274283.0
15115.115115115117,2605.360720929718,0.05000000458621538,280.0,2.178966451385091e+20,9.20810160884557e-22,554524.528698229,0.467713013871695,1,1,1,1.9484962516678675e+22,0.000147129080464959,1.6424072276801463e+21,4879002372102844.0
15215.215215215216,2604.0717190815703,0.050000004645714434,280.0,2.1680879595521167e+20,9.206962474877394e-22,554455.9284857573,0.4668917857618418,1,1,1,1.9484918244142903e+22,0.0001471291138947673,1.637871141082929e+21,4877871683464624.0
15315.315315315316,2602.7827172334228,0.05000000470598539,280.0,2.1572637785987265e+20,9.20582291793168e-22,554387.3028009973,0.46607198604786837,1,1,1,1.9484874060152177e+22,0.0001471291472577993,1.6333379787922735e+21,4876735584900691.0
15415.415415415417,2601.493715385275,0.05000000476703827,280.0,2.1464936373778094e+20,9.204682937641774e-22,554318.6516218685,0.4652536121995647,1,1,1,1.9484829964529404e+22,0.00014712918055418827,1.628807757945508e+21,4875594051854269.0
15515.515515515517,2600.2047135371276,0.05000000482888321,280.0,2.1357772660959553e+20,9.203542533640533e-22,554249.9749262609,0.46443666169104814,1,1,1,1.948478595709785e+22,0.00014712921378406705,1.6242804956387067e+21,4874447059670481.0
15615.615615615618,2598.91571168898,0.0500000048915305,280.0,2.1251143963066987e+20,9.202401705560295e-22,554181.2726920337,0.46362113200075633,1,1,1,1.9484742037681136e+22,0.00014712924694756845,1.6197562089266906e+21,4873294583596099.0
15715.715715715716,2597.6267098408325,0.050000004954990546,280.0,2.114504760903793e+20,9.201260453032924e-22,554112.5448970168,0.4628070206114384,1,1,1,1.9484698206103226e+22,0.00014712928004482483,1.615234914823029e+21,4872136598779290.0
15815.815815815817,2596.337707992685,0.05000000501927388,280.0,2.1039480941145198e+20,9.200118775689753e-22,554043.791519009,0.4619943250101474,1,1,1,1.9484654462188447e+22,0.00014712931307596838,1.6107166303000432e+21,4870973080269364.0
15915.915915915917,2595.0487061445374,0.05000000508439119,280.0,2.0934441314930308e+20,9.198976673161627e-22,553975.0125357792,0.46118304268823246,1,1,1,1.9484610805761472e+22,0.00014712934604113102,1.6062013722888134e+21,4869804003016526.0
16016.016016016018,2593.75970429639,0.0500000051503533,280.0,2.0829926099137246e+20,9.197834145078886e-22,553906.2079250657,0.4603731711413312,1,1,1,1.9484567236647324e+22,0.0001471293789404443,1.6016891576791875e+21,4868629341871625.0
16116.116116116118,2592.4707024482423,0.05000000521717116,280.0,2.072593267564654e+20,9.196691191071364e-22,553837.3776645769,0.4595647078693614,1,1,1,1.948452375467138e+22,0.0001471294117740397,1.597180003319793e+21,4867449071585907.0
16216.216216216217,2591.1817006000947,0.05000000528485589,280.0,2.0622458439409687e+20,9.195547810768386e-22,553768.5217319899,0.4587576503765133,1,1,1,1.948448035965936e+22,0.00014712944454204827,1.5926739260180508e+21,4866263166810766.0
16316.316316316317,2589.892698751947,0.05000000535341872,280.0,2.0519500798383882e+20,9.194404003798766e-22,553699.6401049518,0.4579519961712422,1,1,1,1.9484437051437337e+22,0.00014712947724460085,1.5881709425401903e+21,4865071602097499.0
16416.416416416418,2588.6036969037996,0.050000005422871044,280.0,2.0417057173467103e+20,9.193259769790825e-22,553630.7327610792,0.4571477427662606,1,1,1,1.9484393829831736e+22,0.0001471295098818281,1.5836710696112696e+21,4863874351897062.0
16516.516516516516,2587.314695055652,0.050000005493224406,280.0,2.0315124998433502e+20,9.192115108372357e-22,553561.7996779575,0.4563448876785295,1,1,1,1.9484350694669318e+22,0.0001471295424538603,1.5791743239151957e+21,4862671390559825.0
16616.61661661662,2586.0256932075044,0.05000000556449049,280.0,2.0213701719869096e+20,9.190970019170657e-22,553492.840833142,0.4555434284292516,1,1,1,1.94843076457772e+22,0.00014712957496082756,1.5746807220947475e+21,4861462692335329.0
16716.716716716717,2584.736691359357,0.050000005636681145,280.0,2.011278479710785e+20,9.189824501812508e-22,553423.856204157,0.45474336254386366,1,1,1,1.948426468298284e+22,0.00014712960740285967,1.570190280751603e+21,4860248231372045.0
16816.81681681682,2583.4476895112093,0.050000005709808365,280.0,2.0012371702167985e+20,9.188678555924172e-22,553354.8457684953,0.45394468755202766,1,1,1,1.9484221806114043e+22,0.00014712963978008613,1.5657030164463658e+21,4859027981717134.0
16916.916916916918,2582.1586876630618,0.05000000578388429,280.0,1.9912459919688683e+20,9.187532181131415e-22,553285.8095036203,0.45314740098762457,1,1,1,1.948417901499896e+22,0.00014712967209263634,1.5612189456985974e+21,4857801917316208.0
17017.017017017017,2580.869685814914,0.05000000585892124,280.0,1.9813046946867062e+20,9.186385377059473e-22,553216.7473869629,0.452351500388745,1,1,1,1.948413630946608e+22,0.00014712970434063927,1.556738084986849e+21,4856570012013091.0
17117.11711711712,2579.5806839667666,0.05000000593493168,280.0,1.971413029339549e+20,9.185238143333075e-22,553147.659395924,0.45155698329768273,1,1,1,1.9484093689344242e+22,0.00014712973652422376,1.5522604507486977e+21,4855332239549584.0
17217.217217217218,2578.291682118619,0.050000006011928236,280.0,1.96157074813992e+20,9.184090479576434e-22,553078.545507873,0.4507638472609268,1,1,1,1.9484051154462623e+22,0.00014712976864351832,1.547786059380784e+21,4854088573565229.0
17317.31731731732,2577.0026802704715,0.0500000060899237,280.0,1.951777604537421e+20,9.182942385413242e-22,553009.4057001482,0.44997208982915315,1,1,1,1.948400870465074e+22,0.00014712980069865117,1.5433149272388526e+21,4852838987597075.0
17417.41741741742,2575.713678422324,0.05000000616893104,280.0,1.9420333532125574e+20,9.181793860466678e-22,552940.2399500571,0.44918170855721784,1,1,1,1.948396633973846e+22,0.0001471298326897504,1.5388470706377943e+21,4851583455079447.0
17517.517517517517,2574.4246765741764,0.05000000624896338,280.0,1.9323377500705915e+20,9.1806449043594e-22,552871.0482348754,0.44839270100414846,1,1,1,1.9483924059555975e+22,0.0001471298646169437,1.5343825058516915e+21,4850321949343714.0
17617.61761761762,2573.135674726029,0.05000000633003401,280.0,1.92269055223543e+20,9.179495516713548e-22,552801.830531848,0.4476050647331375,1,1,1,1.9483881863933835e+22,0.00014712989648035864,1.5299212491138657e+21,4849054443618058.0
17717.71771771772,2571.8466728778812,0.050000006412156406,280.0,1.9130915180435384e+20,9.178345697150738e-22,552732.586818188,0.446818797311534,1,1,1,1.948383975270291e+22,0.00014712992828012244,1.5254633166169278e+21,4847780911027248.0
17817.81781781782,2570.5576710297337,0.05000000649534422,280.0,1.9035404070378868e+20,9.17719544529207e-22,552663.3170710775,0.44603389631083623,1,1,1,1.9483797725694426e+22,0.0001471299600163621,1.5210087245128293e+21,4846501324592413.0
17917.91791791792,2569.268669181586,0.050000006579611254,280.0,1.894036979961928e+20,9.176044760758115e-22,552594.0212676668,0.44525035930668366,1,1,1,1.9483755782739935e+22,0.00014712999168920438,1.5165574889129186e+21,4845215657230817.0
18018.018018018018,2567.9796673334386,0.05000000666497153,280.0,1.884580998753603e+20,9.174893643168927e-22,552524.6993850751,0.4444681838788501,1,1,1,1.9483713923671327e+22,0.0001471300232987758,1.5121096258879965e+21,4843923881755634.0
18118.11811811812,2566.690665485291,0.05000000675143922,280.0,1.875172226539378e+20,9.173742092144028e-22,552455.3514003896,0.44368736761123545,1,1,1,1.9483672148320834e+22,0.00014713005484520253,1.5076651514683767e+21,4842625970875728.0
18218.21821821822,2565.4016636371434,0.0500000068390287,280.0,1.865810427628311e+20,9.172590107302424e-22,552385.977290666,0.4429079080918586,1,1,1,1.9483630456521015e+22,0.00014713008632861058,1.5032240816439482e+21,4841321897195431.0
18318.31831831832,2564.112661788996,0.05000000692775452,280.0,1.8564953675061454e+20,9.171437688262583e-22,552316.577032928,0.4421298029128494,1,1,1,1.9483588848104774e+22,0.00014713011774912578,1.4987864323642386e+21,4840011633214325.0
18418.41841841842,2562.8236599408483,0.050000007017631416,280.0,1.8472268128294394e+20,9.170284834642448e-22,552247.1506041678,0.44135304967044164,1,1,1,1.948354732290534e+22,0.00014713014910687353,1.4943522195384815e+21,4838695151327027.0
18518.51851851852,2561.5346580927007,0.050000007108674326,280.0,1.8380045314197176e+20,9.169131546059448e-22,552177.6979813464,0.44057764596496507,1,1,1,1.9483505880756283e+22,0.0001471301804019791,1.4899214590356855e+21,4837372423822970.0
18618.61861861862,2560.245656244553,0.05000000720089837,280.0,1.8288282922576554e+20,9.167977822130462e-22,552108.2191413916,0.4398035894008379,1,1,1,1.94834645214915e+22,0.0001471302116345675,1.485494166684706e+21,4836043422886192.0
18718.71871871872,2558.9566543964056,0.05000000729431889,280.0,1.8196978654772927e+20,9.16682366247185e-22,552038.7140612,0.43903087758655984,1,1,1,1.9483423244945222e+22,0.00014713024280476342,1.4810703582743196e+21,4834708120595125.0
18818.81881881882,2557.667652548258,0.05000000738895139,280.0,1.810613022360276e+20,9.165669066699444e-22,551969.1827176367,0.43825950813470377,1,1,1,1.9483382050952015e+22,0.00014713027391269137,1.4766500495532994e+21,4833366488922381.0
18918.91891891892,2556.3786507001105,0.0500000074848116,280.0,1.8015735353301277e+20,9.164514034428531e-22,551899.6250875336,0.43748947866190896,1,1,1,1.948334093934677e+22,0.00014713030495847564,1.4722332562304957e+21,4832018499734550.0
19019.01901901902,2555.089648851963,0.05000000758191545,280.0,1.7925791779465465e+20,9.163358565273871e-22,551830.0411476912,0.4367207867888733,1,1,1,1.948329990996471e+22,0.00014713033594224024,1.4678199939749152e+21,4830664124791988.0
19119.11911911912,2553.8006470038154,0.050000007680279075,280.0,1.783629724899733e+20,9.16220265884969e-22,551760.4308748774,0.4359534301403456,1,1,1,1.9483258962641395e+22,0.00014713036686410882,1.4634102784158065e+21,4829303335748617.0
19219.21921921922,2552.511645155668,0.05000000777991881,280.0,1.77472495200475e+20,9.16104631476968e-22,551690.7942458285,0.43518740634511877,1,1,1,1.9483218097212704e+22,0.00014713039772420498,1.4590041251427456e+21,4827936104151719.0
19319.319319319322,2551.2226433075202,0.05000000788085122,280.0,1.7658646361959e+20,9.159889532646993e-22,551621.1312372477,0.4344227130360217,1,1,1,1.9483177313514845e+22,0.00014713042852265197,1.454601549705724e+21,4826562401441740.0
19419.41941941942,2549.9336414593727,0.05000000798309307,280.0,1.757048555521145e+20,9.158732312094244e-22,551551.4418258063,0.4336593478499123,1,1,1,1.948313661138436e+22,0.00014713045925957276,1.450202567615241e+21,4825182198952088.0
19519.51951951952,2548.644639611225,0.05000000808666135,280.0,1.7482764891365405e+20,9.157574652723513e-22,551481.7259881432,0.43289730842766977,1,1,1,1.948309599065811e+22,0.0001471304899350902,1.4458071943423957e+21,4823795467908938.0
19619.61961961962,2547.3556377630775,0.05000000819157327,280.0,1.7395482173007053e+20,9.156416554146336e-22,551411.9837008646,0.43213659241418756,1,1,1,1.948305545117329e+22,0.0001471305205493267,1.4414154453189837e+21,4822402179431039.0
19719.71971971972,2546.06663591493,0.05000000829784626,280.0,1.7308635213693193e+20,9.15525801597371e-22,551342.2149405441,0.43137719745836567,1,1,1,1.9483014992767423e+22,0.00014713055110240463,1.437027335937596e+21,4821002304529519.0
19819.819819819822,2544.7776340667824,0.050000008405497974,280.0,1.722222183789642e+20,9.154099037816086e-22,551272.4196837225,0.4306191212131031,1,1,1,1.948297461527834e+22,0.00014713058159444598,1.4326428815517182e+21,4819595814107699.0
19919.91991991992,2543.488632218635,0.05000000851454631,280.0,1.7136239880950668e+20,9.152939619283385e-22,551202.597906909,0.4298623613352912,1,1,1,1.9482934318544212e+22,0.00014713061202557262,1.428262097475835e+21,4818182678960903.0
20020.02002002002,2542.1996303704873,0.05000000862500937,280.0,1.7050687188996958e+20,9.151779759984964e-22,551132.7495865781,0.42910691548580576,1,1,1,1.948289410240353e+22,0.000147130642395906,1.4238849989855355e+21,4816762869776272.0
20120.120120120122,2540.9106285223397,0.05000000873690552,280.0,1.696556161892946e+20,9.15061945952966e-22,551062.8746991737,0.42835278132949933,1,1,1,1.948285396669511e+22,0.00014713067270556756,1.419511601317621e+21,4815336357132583.0
20220.22022022022,2539.621626674192,0.05000000885025335,280.0,1.68808610383418e+20,9.149458717525743e-22,550992.9732211054,0.42759995653519506,1,1,1,1.9482813911258085e+22,0.0001471307029546782,1.4151419196702162e+21,4813903111500067.0
20320.320320320323,2538.3326248260446,0.050000008965071695,280.0,1.6796583325473643e+20,9.148297533580944e-22,550923.0451287499,0.426848438775678,1,1,1,1.9482773935931913e+22,0.00014713073314335886,1.4107759692028812e+21,4812463103240230.0
20420.42042042042,2537.043622977897,0.05000000908137963,280.0,1.6712726369157546e+20,9.14713590730245e-22,550853.0903984517,0.42609822572768896,1,1,1,1.948273404055637e+22,0.00014713076327173012,1.406413765036728e+21,4811016302605678.0
20520.52052052052,2535.7546211297495,0.05000000919919648,280.0,1.662928806876607e+20,9.14597383829689e-22,550783.1090065214,0.42534931507191615,1,1,1,1.9482694224971557e+22,0.00014713079333991235,1.4020553222545382e+21,4809562679739942.0
20620.620620620623,2534.465619281602,0.05000000931854182,280.0,1.654626633415916e+20,9.144811326170352e-22,550713.100929237,0.424601704492989,1,1,1,1.948265448901789e+22,0.0001471308233480256,1.3977006559008818e+21,4808102204677309.0
20720.72072072072,2533.1766174334543,0.05000000943943548,280.0,1.6463659085631786e+20,9.14364837052837e-22,550643.0661428433,0.42385539167946984,1,1,1,1.9482614832536113e+22,0.00014713085329618974,1.393349780982243e+21,4806634847342652.0
20820.820820820823,2531.887615585307,0.050000009561897554,280.0,1.6381464253861855e+20,9.142484970975924e-22,550573.0046235516,0.4231103743238476,1,1,1,1.9482575255367276e+22,0.0001471308831845244,1.3890027124671423e+21,4805160577551263.0
20920.920920920922,2530.598613737159,0.05000000968594838,280.0,1.6299679779858357e+20,9.141321127117443e-22,550502.9163475402,0.42236665012252966,1,1,1,1.9482535757352756e+22,0.00014713091301314903,1.384659465286267e+21,4803679365008692.0
21021.02102102102,2529.3096118890116,0.05000000981160857,280.0,1.6218303614909796e+20,9.1401568385568e-22,550432.8012909535,0.4216242167758353,1,1,1,1.9482496338334245e+22,0.00014713094278218274,1.3803200543325993e+21,4802191179310584.0
21121.121121121123,2528.020610040864,0.05000000993889901,280.0,1.6137333720532877e+20,9.138992104897313e-22,550362.6594299031,0.4208830719879882,1,1,1,1.9482456998153747e+22,0.00014713097249174448,1.37598449446155e+21,4800695989942521.0
21221.22122122122,2526.7316081927165,0.05000001006784085,280.0,1.6056768068421432e+20,9.137826925741746e-22,550292.4907404667,0.4201432134671091,1,1,1,1.948241773665359e+22,0.00014713100214195287,1.3716528004910943e+21,4799193766279868.0
21321.321321321324,2525.442606344569,0.050000010198455506,280.0,1.5976604640395608e+20,9.136661300692303e-22,550222.2951986885,0.41940463892520885,1,1,1,1.948237855367641e+22,0.00014713103173292642,1.3673249872019079e+21,4797684477587618.0
21421.421421421423,2524.1536044964214,0.050000010330764684,280.0,1.5896841428351327e+20,9.135495229350626e-22,550152.072780579,0.4186673460781811,1,1,1,1.9482339449065167e+22,0.00014713106126478328,1.3630010693375086e+21,4796168093020246.0
21521.521521521525,2522.864602648274,0.05000001046479037,280.0,1.581747643420996e+20,9.134328711317805e-22,550081.8234621151,0.4179313326457953,1,1,1,1.9482300422663126e+22,0.00014713109073764147,1.3586810616043977e+21,4794644581621558.0
21621.621621621623,2521.5756008001263,0.05000001060055483,280.0,1.5738507669868295e+20,9.13316174619437e-22,550011.5472192401,0.4171965963516887,1,1,1,1.9482261474313866e+22,0.0001471311201516187,1.3543649786722063e+21,4793113912324548.0
21721.721721721722,2520.2865989519787,0.050000010738080636,280.0,1.5659933157148728e+20,9.131994333580284e-22,549941.2440278635,0.41646313492336073,1,1,1,1.9482222603861286e+22,0.00014713114950683248,1.3500528351738426e+21,4791576053951258.0
21821.821821821824,2518.997597103831,0.050000010877390616,280.0,1.5581750927749703e+20,9.130826473074948e-22,549870.9138638604,0.41573094609216454,1,1,1,1.948218381114959e+22,0.0001471311788034001,1.3457446457056407e+21,4790030975212639.0
21921.921921921923,2517.7085952556836,0.05000001101850793,280.0,1.5503959023196412e+20,9.129658164277195e-22,549800.5567030722,0.4150000275933,1,1,1,1.94821450960233e+22,0.00014713120804143854,1.3414404248275158e+21,4788478644708415.0
22022.022022022025,2516.419593407536,0.05000001116145602,280.0,1.5426555494791735e+20,9.128489406785306e-22,549730.1725213067,0.41427037716580767,1,1,1,1.948210645832724e+22,0.00014713123722106465,1.3371401870631172e+21,4786919030926953.0
22122.122122122124,2515.1305915593884,0.05000001130625864,280.0,1.5349538403567436e+20,9.127320200196985e-22,549659.7612943371,0.41354199255256013,1,1,1,1.9482067897906553e+22,0.000147131266342395,1.332843946899987e+21,4785352102245133.0
22222.222222222223,2513.841589711241,0.05000001145293985,280.0,1.5272905820235556e+20,9.126150544109366e-22,549589.3229979023,0.4128148715002561,1,1,1,1.948202941460669e+22,0.0001471312954055459,1.32855171878972e+21,4783777826928220.0
22322.322322322325,2512.5525878630933,0.05000001160152402,280.0,1.5196655825140125e+20,9.124980438119034e-22,549518.857607708,0.4120890117594127,1,1,1,1.9481991008273404e+22,0.0001471313244106335,1.3242635171481264e+21,4782196173129745.0
22422.422422422424,2511.2635860149458,0.05000001175203585,280.0,1.5120786508209052e+20,9.123809881821981e-22,549448.3650994244,0.4113644110843585,1,1,1,1.9481952678752767e+22,0.00014713135335777362,1.3199793563553972e+21,4780607108891384.0
22522.522522522526,2509.974584166798,0.050000011904500326,280.0,1.5045295968906278e+20,9.122638874813642e-22,549377.8454486879,0.4106410672332269,1,1,1,1.948191442589115e+22,0.00014713138224708194,1.3156992507562717e+21,4779010602142842.0
22622.622622622624,2508.6855823186506,0.0500000120589428,280.0,1.4970182316184188e+20,9.12146741668888e-22,549307.2986311008,0.40991897796794863,1,1,1,1.948187624953524e+22,0.00014713141107867387,1.3114232146602088e+21,4777406620701740.0
22722.722722722723,2507.396580470503,0.050000012215388925,280.0,1.4895443668436202e+20,9.120295507041977e-22,549236.7246222299,0.40919814105424407,1,1,1,1.9481838149532016e+22,0.0001471314398526646,1.3071512623415587e+21,4775795132273506.0
22822.822822822825,2506.1075786223555,0.05000001237386469,280.0,1.4821078153449675e+20,9.119123145466655e-22,549166.123397609,0.4084785542616179,1,1,1,1.9481800125728783e+22,0.00014713146856916909,1.3028834080397389e+21,4774176104451270.0
22922.922922922924,2504.818576774208,0.05000001253439644,280.0,1.4747083908358984e+20,9.117950331556046e-22,549095.4949327356,0.4077602153633506,1,1,1,1.9481762177973137e+22,0.00014713149722830204,1.2986196659594123e+21,4772549504715760.0
23023.023023023026,2503.5295749260604,0.05000001269701084,280.0,1.4673459079598862e+20,9.116777064902722e-22,549024.8392030738,0.40704312213649196,1,1,1,1.9481724306112983e+22,0.00014713152583017793,1.2943600502706675e+21,4770915300435206.0
23123.123123123125,2502.240573077913,0.05000001286173491,280.0,1.4600201822857975e+20,9.115603345098664e-22,548954.1561840525,0.40632727236185445,1,1,1,1.948168650999653e+22,0.0001471315543749111,1.2901045751092024e+21,4769273458865242.0
23223.223223223224,2500.9515712297652,0.050000013028596024,280.0,1.4527310303032702e+20,9.114429171735282e-22,548883.4458510655,0.40561266382400507,1,1,1,1.9481648789472292e+22,0.00014713158286261554,1.2858532545765096e+21,4767623947148817.0
23323.323323323326,2499.6625693816177,0.050000013197621894,280.0,1.4454782694181187e+20,9.113254544403405e-22,548812.708179472,0.4048992943112601,1,1,1,1.9481611144389087e+22,0.00014713161129340508,1.2816061027400645e+21,4765966732316104.0
23423.423423423425,2498.37356753347,0.05000001336884062,280.0,1.438261717947759e+20,9.112079462693284e-22,548741.9431445966,0.40418716161567647,1,1,1,1.948157357459603e+22,0.0001471316396673933,1.2773631336335173e+21,4764301781284420.0
23523.523523523527,2497.0845656853226,0.05000001354228064,280.0,1.4310811951166575e+20,9.110903926194587e-22,548671.1507217283,0.40347626353304594,1,1,1,1.948153607994254e+22,0.00014713166798469357,1.273124361256885e+21,4762629060858143.0
23623.623623623625,2495.795563837175,0.050000013717970776,280.0,1.4239365210518028e+20,9.109727934496395e-22,548600.3308861211,0.40276659786288765,1,1,1,1.9481498660278335e+22,0.00014713169624541904,1.268889799576749e+21,4760948537728636.0
23723.723723723724,2494.5065619890274,0.05000001389594022,280.0,1.4168275167781988e+20,9.108551487187214e-22,548529.4836129942,0.40205816240844117,1,1,1,1.9481461315453445e+22,0.0001471317244496826,1.2646594625264532e+21,4759260178474177.0
23823.823823823826,2493.21756014088,0.05000001407621854,280.0,1.4097540042143831e+20,9.107374583854958e-22,548458.6088775313,0.40135095497665974,1,1,1,1.9481424045318183e+22,0.0001471317525975969,1.2604333640063045e+21,4757563949559887.0
23923.923923923925,2491.9285582927323,0.0500000142588357,280.0,1.4027158061679649e+20,9.106197224086955e-22,548387.7066548807,0.4006449733782035,1,1,1,1.948138684972318e+22,0.00014713178068927448,1.2562115178837789e+21,4755859817337668.0
24024.024024024027,2490.6395564445847,0.05000001444382203,280.0,1.395712746331186e+20,9.105019407469953e-22,548316.7769201556,0.3999402154274321,1,1,1,1.9481349728519343e+22,0.00014713180872482753,1.2519939379937262e+21,4754147748046142.0
24124.124124124126,2489.350554596437,0.05000001463120827,280.0,1.3887446492765066e+20,9.103841133590104e-22,548245.8196484338,0.39923667894239845,1,1,1,1.9481312681557896e+22,0.0001471318367043681,1.2477806381385806e+21,4752427707810596.0
24224.224224224225,2488.0615527482896,0.050000014821025555,280.0,1.3818113404522068e+20,9.102662402032975e-22,548174.8348147576,0.39853436174484125,1,1,1,1.9481275708690357e+22,0.0001471318646280079,1.243571632088572e+21,4750699662642927.0
24324.324324324327,2486.772550900142,0.05000001501330543,280.0,1.3749126461780171e+20,9.101483212383536e-22,548103.822394133,0.3978332616601787,1,1,1,1.9481238809768536e+22,0.0001471318924958586,1.239366933581941e+21,4748963578441598.0
24424.424424424426,2485.4835490519945,0.05000001520807984,280.0,1.3680483936407683e+20,9.100303564226182e-22,548032.782361532,0.39713337651750086,1,1,1,1.948120198464454e+22,0.00014713192030803147,1.235166556325156e+21,4747219420991592.0
24524.524524524528,2484.194547203847,0.05000001540538114,280.0,1.3612184108900585e+20,9.099123457144693e-22,547961.714691889,0.39643470414956383,1,1,1,1.9481165233170776e+22,0.0001471319480646377,1.2309705139931332e+21,4745467155964375.0
24624.624624624626,2482.9055453556994,0.05000001560524212,280.0,1.3544225268339507e+20,9.09794289072227e-22,547890.619360104,0.395737242392782,1,1,1,1.9481128555199945e+22,0.0001471319757657881,1.22677882022946e+21,4743706748917859.0
24724.724724724725,2481.616543507552,0.050000015807695995,280.0,1.347660571234683e+20,9.096761864541513e-22,547819.4963410405,0.39504098908722163,1,1,1,1.9481091950585036e+22,0.00014713200341159345,1.2225914886466188e+21,4741938165296374.0
24824.824824824827,2480.3275416594042,0.050000016012776385,280.0,1.340932374704406e+20,9.09558037818442e-22,547748.3456095258,0.3943459420765941,1,1,1,1.9481055419179343e+22,0.00014713203100216417,1.2184085328262167e+21,4740161370430641.0
24924.924924924926,2479.0385398112567,0.05000001622051738,280.0,1.3342377687009406e+20,9.094398431232412e-22,547677.1671403527,0.3936520992082492,1,1,1,1.9481018960836446e+22,0.0001471320585376105,1.2142299663192165e+21,4738376329537753.0
25025.02502502503,2477.749537963109,0.050000016430953496,280.0,1.3275765855235521e+20,9.09321602326629e-22,547605.9609082761,0.39295945833316775,1,1,1,1.9480982575410215e+22,0.00014713208601804245,1.2100558026461683e+21,4736583007721155.0
25125.125125125127,2476.4605361149615,0.050000016644119696,280.0,1.3209486583087548e+20,9.09203315386626e-22,547534.726888016,0.3922680173059556,1,1,1,1.9480946262754822e+22,0.00014713211344356987,1.2058860552974481e+21,4734781369970637.0
25225.225225225226,2475.171534266814,0.05000001686005139,280.0,1.3143538210261267e+20,9.090849822611939e-22,547463.4650542558,0.3915777739848363,1,1,1,1.9480910022724723e+22,0.0001471321408143023,1.2017207377334958e+21,4732971381162324.0
25325.325325325328,2473.8825324186664,0.05000001707878447,280.0,1.3077919084741534e+20,9.089666029082326e-22,547392.1753816425,0.3908887262316444,1,1,1,1.9480873855174666e+22,0.00014713216813034912,1.1975598633850566e+21,4731153006058675.0
25425.425425425427,2472.593530570519,0.05000001730035527,280.0,1.3012627562760908e+20,9.088481772855825e-22,547320.857844787,0.39020087191181935,1,1,1,1.9480837759959694e+22,0.00014713219539181946,1.1934034456534275e+21,4729326209308486.0
25525.52552552553,2471.3045287223713,0.05000001752480061,280.0,1.2947662008758431e+20,9.087297053510236e-22,547249.5124182637,0.38951420889439764,1,1,1,1.948080173693514e+22,0.00014713222259882228,1.189251497910702e+21,4727490955446898.0
25625.625625625627,2470.0155268742237,0.05000001775215778,280.0,1.2883020795338714e+20,9.086111870622746e-22,547178.1390766103,0.38882873505200716,1,1,1,1.9480765785956617e+22,0.0001471322497514663,1.185104033500023e+21,4725647208895411.0
25725.725725725726,2468.726525026076,0.050000017982464555,280.0,1.2818702303231115e+20,9.084926223769943e-22,547106.7377943285,0.38814444826085986,1,1,1,1.9480729906880035e+22,0.00014713227684985995,1.180961065735834e+21,4723794933961899.0
25825.82582582583,2467.4375231779286,0.05000001821575921,280.0,1.2754704921249214e+20,9.083740112527808e-22,547035.3085458832,0.3874613464007451,1,1,1,1.9480694099561595e+22,0.0001471323038941116,1.1768226079041361e+21,4721934094840636.0
25925.925925925927,2466.148521329781,0.0500000184520805,280.0,1.2691027046250448e+20,9.082553536471704e-22,546963.851305702,0.3867794273550231,1,1,1,1.9480658363857775e+22,0.00014713233088432925,1.1726886732627463e+21,4720064655612324.0
26026.02602602603,2464.8595194816335,0.05000001869146769,280.0,1.2627667083095926e+20,9.081366495176389e-22,546892.3660481764,0.38609868901061833,1,1,1,1.9480622699625348e+22,0.00014713235782062078,1.1685592750415586e+21,4718186580244126.0
26126.126126126128,2463.570517633486,0.05000001893396056,280.0,1.2564623444610508e+20,9.08017898821601e-22,546820.8527476611,0.38541912925801275,1,1,1,1.948058710672137e+22,0.0001471323847030938,1.1644344264428095e+21,4716299832589706.0
26226.226226226227,2462.2815157853383,0.0500000191795994,280.0,1.2501894551543012e+20,9.078991015164103e-22,546749.3113784735,0.38474074599123886,1,1,1,1.9480551585003187e+22,0.0001471324115318558,1.1603141406413444e+21,4714404376389272.0
26326.32632632633,2460.992513937191,0.050000019428425024,280.0,1.2439478832526675e+20,9.07780257559358e-22,546677.741914894,0.3840635371078736,1,1,1,1.9480516134328424e+22,0.0001471324383070139,1.156198430784888e+21,4712500175269628.0
26426.426426426427,2459.703512089043,0.05000001968047877,280.0,1.2377374724039793e+20,9.076613669076752e-22,546606.1443311665,0.3833875005090314,1,1,1,1.9480480754555e+22,0.00014713246502867514,1.1520873099943181e+21,4710587192744229.0
26526.52652652653,2458.4145102408957,0.05000001993580253,280.0,1.2315580670366527e+20,9.075424295185303e-22,546534.5186014973,0.3827126340993573,1,1,1,1.9480445445541106e+22,0.00014713249169694633,1.1479807913639406e+21,4708665392213240.0
26626.62662662663,2457.125508392748,0.05000002019443872,280.0,1.2254095123557964e+20,9.0742344534903e-22,546462.8647000554,0.38203893578702114,1,1,1,1.9480410207145224e+22,0.00014713251831193394,1.1438788879617697e+21,4706734736963607.0
26726.726726726727,2455.8365065446005,0.05000002045643031,280.0,1.219291654339333e+20,9.073044143562191e-22,546391.1826009727,0.38136640348370987,1,1,1,1.9480375039226123e+22,0.00014713254487374442,1.1397816128298081e+21,4704795190169127.0
26826.82682682683,2454.547504696453,0.05000002072182084,280.0,1.2132043397341387e+20,9.07185336497082e-22,546319.4722783443,0.3806950351046217,1,1,1,1.9480339941642845e+22,0.0001471325713824839,1.1356889789843336e+21,4702846714890526.0
26926.926926926928,2453.2585028483054,0.0500000209906544,280.0,1.207147416052208e+20,9.070662117285378e-22,546247.7337062268,0.3800248285684594,1,1,1,1.948030491425472e+22,0.00014713259783825824,1.1316009994161864e+21,4700889274075545.0
27027.02702702703,2451.969501000158,0.05000002126297566,280.0,1.2011207315668304e+20,9.069470400074461e-22,546175.9668586401,0.37935578179742374,1,1,1,1.948026995692136e+22,0.00014713262424117322,1.1275176870910594e+21,4698922830559030.0
27127.12712712713,2450.6804991520103,0.05000002153882986,280.0,1.1951241353087925e+20,9.068278212906035e-22,546104.1717095665,0.3786878927172065,1,1,1,1.9480235069502652e+22,0.00014713265059133437,1.123439054949793e+21,4696947347063029.0
27227.227227227228,2449.3914973038627,0.05000002181826285,280.0,1.1891574770625937e+20,9.06708555534743e-22,546032.3482329501,0.3780211592569844,1,1,1,1.948020025185877e+22,0.00014713267688884696,1.1193651159086713e+21,4694962786196893.0
27327.32732732733,2448.102495455715,0.05000002210132105,280.0,1.1832206073626847e+20,9.06589242696536e-22,545960.496402698,0.37735557934941255,1,1,1,1.9480165503850162e+22,0.00014713270313381605,1.1152958828597222e+21,4692969110457385.0
27427.42742742743,2446.8134936075676,0.05000002238805149,280.0,1.1773133774897237e+20,9.06469882732591e-22,545888.6161926789,0.37669115093061745,1,1,1,1.9480130825337556e+22,0.0001471327293263466,1.1112313686710211e+21,4690966282228797.0
27527.52752752753,2445.52449175942,0.050000022678501815,280.0,1.171435639466849e+20,9.063504755994538e-22,545816.7075767244,0.37602787194019105,1,1,1,1.9480096216181964e+22,0.0001471327554665432,1.1071715861869957e+21,4688954263783070.0
27627.62762762763,2444.2354899112725,0.05000002297272028,280.0,1.1655872460559753e+20,9.06231021253606e-22,545744.7705286269,0.3753657403211838,1,1,1,1.948006167624467e+22,0.00014713278155451039,1.1031165482287366e+21,4686933017279922.0
27727.727727727728,2442.946488063125,0.050000023270755777,280.0,1.1597680507541026e+20,9.061115196514678e-22,545672.8050221421,0.37470475402009834,1,1,1,1.948002720538724e+22,0.00014713280759035233,1.0990662675943086e+21,4684902504766982.0
27827.82782782783,2441.6574862149773,0.05000002357265782,280.0,1.153977907789646e+20,9.059919707493947e-22,545600.8110309867,0.37404491098688286,1,1,1,1.9479992803471512e+22,0.00014713283357417316,1.0950207570590664e+21,4682862688179932.0
27927.92792792793,2440.3684843668298,0.050000023878476574,280.0,1.1482166721187883e+20,9.058723745036803e-22,545528.7885288403,0.3733862091749251,1,1,1,1.9479958470359605e+22,0.00014713285950607668,1.0909800293759738e+21,4680813529342652.0
28028.02802802803,2439.079482518682,0.05000002418826286,280.0,1.1424841994218406e+20,9.05752730870553e-22,545456.7374893427,0.37272864654104493,1,1,1,1.9479924205913907e+22,0.0001471328853861665,1.0869440972759243e+21,4678754989967377.0
28128.12812812813,2437.7904806705346,0.05000002450206814,280.0,1.1367803460996325e+20,9.05633039806179e-22,545384.6578860967,0.37207222104548915,1,1,1,1.9479890009997093e+22,0.00014713291121454608,1.0829129734680674e+21,4676687031654858.0
28228.22822822823,2436.501478822387,0.050000024819944554,280.0,1.1311049692699114e+20,9.0551330126666e-22,545312.5496926663,0.37141693065192355,1,1,1,1.94798558824721e+22,0.00014713293699131867,1.0788866706401357e+21,4674609615894527.0
28328.32832832833,2435.2124769742395,0.050000025141944925,280.0,1.1254579267637643e+20,9.053935152080338e-22,545240.4128825766,0.3707627733274279,1,1,1,1.9479821823202145e+22,0.00014713296271658718,1.0748652014587764e+21,4672522704064676.0
28428.42842842843,2433.923475126092,0.05000002546812275,280.0,1.1198390771220575e+20,9.052736815862745e-22,545168.2474293149,0.3701097470424886,1,1,1,1.947978783205072e+22,0.00014713298839045454,1.0708485785698869e+21,4670426257432635.0
28528.52852852853,2432.6344732779444,0.05000002579853224,280.0,1.1142482795918916e+20,9.051538003572925e-22,545096.0533063295,0.3694578497709926,1,1,1,1.9479753908881583e+22,0.0001471330140130233,1.0668368145989515e+21,4668320237154964.0
28628.62862862863,2431.345471429797,0.050000026133228265,280.0,1.1086853941230762e+20,9.050338714769324e-22,545023.8304870297,0.3688070794902209,1,1,1,1.9479720053558775e+22,0.00014713303958439588,1.0628299221513837e+21,4666204604277648.0
28728.72872872873,2430.0564695816493,0.050000026472266465,280.0,1.1031502813646219e+20,9.049138949009761e-22,544951.5789447867,0.36815743418084224,1,1,1,1.9479686265946604e+22,0.00014713306510467442,1.0588279138128695e+21,4664079319736300.0
28828.82882882883,2428.7674677335017,0.050000026815703154,280.0,1.0976428026612482e+20,9.0479387058514e-22,544879.2986529322,0.3675089118269066,1,1,1,1.9479652545909645e+22,0.00014713309057396099,1.0548308021497163e+21,4661944344356373.0
28928.92892892893,2427.478465885354,0.050000027163595404,280.0,1.0921628200499126e+20,9.046737984850768e-22,544806.9895847597,0.3668615104158387,1,1,1,1.947961889331275e+22,0.00014713311599235735,1.0508385997092039e+21,4659799638853378.0
29029.029029029032,2426.1894640372066,0.050000027516001015,280.0,1.0867101962563525e+20,9.045536785563732e-22,544734.6517135228,0.3662152279384321,1,1,1,1.947958530802104e+22,0.00014713314135996508,1.0468513190199384e+21,4657645163833110.0
29129.12912912913,2424.900462189059,0.050000027872978546,280.0,1.0812847946916472e+20,9.044335107545516e-22,544662.2850124367,0.36557006238884227,1,1,1,1.94795517898999e+22,0.00014713316667688557,1.0428689725922114e+21,4655480879791881.0
29229.22922922923,2423.6114603409114,0.05000002823458731,280.0,1.0758864794487967e+20,9.043132950350693e-22,544589.889454677,0.36492601176458067,1,1,1,1.9479518338815e+22,0.00014713319194321997,1.0388915729183603e+21,4653306747116762.0
29329.32932932933,2422.322458492764,0.05000002860088738,280.0,1.0705151152993157e+20,9.041930313533188e-22,544517.4650133805,0.36428307406650806,1,1,1,1.9479484954632255e+22,0.00014713321715906932,1.0349191324731335e+21,4651122726085831.0
29429.42942942943,2421.0334566446163,0.050000028971939635,280.0,1.0651705676898484e+20,9.04072719664627e-22,544445.0116616444,0.36364124729882835,1,1,1,1.9479451637217866e+22,0.00014713324232453436,1.0309516637140592e+21,4648928776868430.0
29529.529529529533,2419.7444547964687,0.050000029347805716,280.0,1.0598527027387964e+20,9.03952359924255e-22,544372.5293725264,0.36300052946908257,1,1,1,1.9479418386438297e+22,0.0001471332674397157,1.0269891790818164e+21,4646724859525431.0
29629.62962962963,2418.455452948321,0.05000002972854808,280.0,1.0545613872329651e+20,9.03831952087399e-22,544300.0181190451,0.36236091858814184,1,1,1,1.9479385202160277e+22,0.00014713329250471368,1.0230316910006115e+21,4644510934009507.0
29729.72972972973,2417.1664511001736,0.05000003011422998,280.0,1.0492964886242273e+20,9.037114961091897e-22,544227.4778741793,0.36172241267020183,1,1,1,1.9479352084250805e+22,0.00014713331751962854,1.0190792118785557e+21,4642286960165415.0
29829.829829829832,2415.877449252026,0.05000003050491551,280.0,1.0440578750262015e+20,9.035909919446905e-22,544154.9086108678,0.3610850097327757,1,1,1,1.9479319032577145e+22,0.00014713334248456016,1.0151317541080484e+21,4640052897730284.0
29929.92992992993,2414.5884474038785,0.05000003090066958,280.0,1.0388454152109503e+20,9.034704395489003e-22,544082.3103020104,0.3604487077966888,1,1,1,1.9479286047006823e+22,0.00014713336739960843,1.0111893300661634e+21,4637808706333912.0
30030.030030030033,2413.299445555731,0.05000003130155795,280.0,1.033658978605691e+20,9.03349838876752e-22,544009.6829204669,0.3598135048860713,1,1,1,1.9479253127407635e+22,0.00014713339226487282,1.0072519521150379e+21,4635554345499073.0
30130.130130130132,2412.0104437075834,0.05000003170764722,280.0,1.0284984352895261e+20,9.032291898831113e-22,543937.0264390567,0.3591793990283528,1,1,1,1.9479220273647637e+22,0.00014713341708045286,1.0033196326022667e+21,4633289774641831.0
30230.230230230234,2410.721441859436,0.050000032119004875,280.0,1.0233636559901881e+20,9.031084925227783e-22,543864.3408305601,0.3585463882542557,1,1,1,1.947918748559515e+22,0.0001471334418464476,9.993923838612984e+20,4631014953071863.0
30330.330330330333,2409.4324400112882,0.050000032535699256,280.0,1.0182545120808013e+20,9.029877467504864e-22,543791.6260677167,0.35791447059778886,1,1,1,1.9479154763118764e+22,0.00014713346656295605,9.95470218211837e+20,4628729839992790.0
30430.43043043043,2408.1434381631407,0.050000032957799596,280.0,1.01317087557666e+20,9.02866952520902e-22,543718.8821232262,0.35728364409624175,1,1,1,1.9479122106087322e+22,0.00014713349123007704,9.915531479602455e+20,4626434394502519.0
30530.530530530534,2406.854436314993,0.05000003338537604,280.0,1.008112619132022e+20,9.027461097886255e-22,543646.1089697481,0.3566539067901776,1,1,1,1.9479089514369935e+22,0.00014713351584790915,9.876411853999547e+20,4624128575593591.0
30630.630630630632,2405.5654344668455,0.05000003381849963,280.0,1.0030796160369192e+20,9.026252185081899e-22,543573.3065799017,0.356025256723428,1,1,1,1.9479056987835974e+22,0.00014713354041655079,9.837343428118757e+20,4621812342153539.0
30730.730730730735,2404.276432618698,0.05000003425724232,280.0,9.980717402139828e+19,9.025042786340612e-22,543500.4749262657,0.355397691943086,1,1,1,1.9479024526355077e+22,0.00014713356493610013,9.798326324648144e+20,4619485652965256.0
30830.830830830833,2402.9874307705504,0.05000003470167702,280.0,9.930888662152856e+19,9.02383290120639e-22,543427.613981379,0.3547712104995001,1,1,1,1.9478992129797137e+22,0.00014713358940665519,9.759360666158928e+20,4617148466707371.0
30930.930930930932,2401.698428922403,0.05000003515187758,280.0,9.881308692191989e+19,9.022622529222542e-22,543354.7237177389,0.35414581044626864,1,1,1,1.9478959798032305e+22,0.00014713361382831376,9.720446575109713e+20,4614800741954635.0
31031.031031031034,2400.4094270742553,0.05000003560791878,280.0,9.831976250272665e+19,9.021411669931715e-22,543281.8041078033,0.35352148984023263,1,1,1,1.9478927530930995e+22,0.0001471336382011735,9.681584173850772e+20,4612442437178316.0
31131.131131131133,2399.1204252261077,0.05000003606987642,280.0,9.782890100610928e+19,9.020200322875875e-22,543208.8551239882,0.35289824674147,1,1,1,1.9478895328363884e+22,0.0001471336625253318,9.642773584628359e+20,4610073510746604.0
31231.231231231235,2397.83142337796,0.050000036537827246,280.0,9.734049013592475e+19,9.018988487596315e-22,543135.8767386703,0.35227607921329035,1,1,1,1.94788631902019e+22,0.00014713368680088589,9.604014929589058e+20,4607693920925023.0
31331.331331331334,2396.5424215298126,0.050000037011849005,280.0,9.68545176574186e+19,9.017776163633647e-22,543062.8689241841,0.351654985322227,1,1,1,1.9478831116316234e+22,0.00014713371102793277,9.565308330784188e+20,4605303625876855.0
31431.431431431432,2395.253419681665,0.05000003749202046,280.0,9.637097139691828e+19,9.016563350527801e-22,542989.8316528238,0.3510349631380325,1,1,1,1.9478799106578336e+22,0.00014713373520656937,9.526653910174229e+20,4602902583663576.0
31531.531531531535,2393.9644178335175,0.0500000379784214,280.0,9.588983924152836e+19,9.015350047818033e-22,542916.7648968428,0.35041601073367157,1,1,1,1.947876716085991e+22,0.00014713375933689222,9.488051789633301e+20,4600490752245296.0
31631.631631631633,2392.67541598537,0.050000038471132636,280.0,9.54111091388271e+19,9.014136255042903e-22,542843.6686284523,0.3497981261853156,1,1,1,1.947873527903291e+22,0.00014713378341899783,9.449502090953688e+20,4598068089481213.0
31731.731731731736,2391.3864141372223,0.05000003897023604,280.0,9.49347690965644e+19,9.012921971740307e-22,542770.5428198241,0.34918130757233556,1,1,1,1.9478703460969563e+22,0.0001471338074529825,9.411004935850386e+20,4595634553130076.0
31831.831831831834,2390.097412289075,0.05000003947581454,280.0,9.446080718236153e+19,9.01170719744744e-22,542697.3874430872,0.3485655529772972,1,1,1,1.947867170654234e+22,0.00014713383143894225,9.372560445965711e+20,4593190100850660.0
31931.931931931933,2388.808410440927,0.05000003998795213,280.0,9.398921152341216e+19,9.010491931700815e-22,542624.2024703298,0.347950860485954,1,1,1,1.9478640015623965e+22,0.00014713385537697295,9.334168742873939e+20,4590734690202246.0
32032.032032032035,2387.5194085927797,0.05000004050673392,280.0,9.351997030618497e+19,9.009276174036265e-22,542550.9878735993,0.3473372281872415,1,1,1,1.9478608388087423e+22,0.0001471338792671703,9.29582994808599e+20,4588268278645118.0
32132.132132132134,2386.230406744632,0.050000041032246104,280.0,9.305307177612768e+19,9.008059923988917e-22,542477.7436249002,0.34672465417327114,1,1,1,1.947857682380595e+22,0.0001471339031096298,9.257544183054162e+20,4585790823541065.0
32232.232232232236,2384.9414048964845,0.050000041564575985,280.0,9.258850423737262e+19,9.006843181093224e-22,542404.4696961967,0.3461131365393241,1,1,1,1.9478545322653036e+22,0.00014713392690444678,9.219311569176894e+20,4583302282153897.0
32332.332332332335,2383.652403048337,0.05000004210381203,280.0,9.212625605244377e+19,9.005625944882937e-22,542331.1660594105,0.3455026733838455,1,1,1,1.9478513884502426e+22,0.00014713395065171634,9.181132227803591e+20,4580802611649969.0
32432.432432432433,2382.3634012001894,0.050000042650043826,280.0,9.166631564196523e+19,9.004408214891114e-22,542257.8326864222,0.34489326280843824,1,1,1,1.9478482509228115e+22,0.00014713397435153338,9.143006280239478e+20,4578291769098719.0
32532.532532532536,2381.074399352042,0.05000004320336213,280.0,9.12086714843711e+19,9.003189990650126e-22,542184.46954907,0.34428490291785674,1,1,1,1.947845119670435e+22,0.00014713399800399265,9.104933847750501e+20,4575769711473214.0
32632.632632632634,2379.7853975038943,0.05000004376385888,280.0,9.075331211561696e+19,9.001971271691639e-22,542111.0766191503,0.3436775918200014,1,1,1,1.947841994680563e+22,0.00014713402160918869,9.066915051568284e+20,4573236395650708.0
32732.732732732737,2378.4963956557467,0.05000004433162721,280.0,9.030022612889258e+19,9.000752057546626e-22,542037.653868418,0.34307132762591197,1,1,1,1.9478388759406704e+22,0.00014713404516721588,9.028950012895115e+20,4570691778413211.0
32832.832832832835,2377.207393807599,0.05000004490676146,280.0,8.984940217433629e+19,8.999532347745356e-22,541964.2012685847,0.3424661084497622,1,1,1,1.947835763438257e+22,0.0001471340686781684,8.991038852908995e+20,4568135816448069.0
32932.932932932934,2375.9183919594516,0.05000004548935719,280.0,8.940082895875059e+19,8.998312141817405e-22,541890.7187913212,0.34186193240885343,1,1,1,1.947832657160849e+22,0.0001471340921421402,8.953181692768712e+20,4565568466348556.0
33033.03303303303,2374.629390111304,0.05000004607951118,280.0,8.895449524531929e+19,8.99709143929164e-22,541817.2064082552,0.34125879762360867,1,1,1,1.9478295570959953e+22,0.0001471341155592251,8.915378653618982e+20,4562989684614477.0
33133.13313313314,2373.3403882631565,0.05000004667732152,280.0,8.851038985332598e+19,8.995870239696222e-22,541743.6640909717,0.34065670221756666,1,1,1,1.9478264632312714e+22,0.00014713413892951673,8.877629856595625e+20,4560399427652781.0
33233.23323323324,2372.051386415009,0.05000004728288752,280.0,8.806850165787409e+19,8.994648542558624e-22,541670.0918110148,0.3400556443173762,1,1,1,1.9478233755542767e+22,0.00014713416225310845,8.839935422830798e+20,4557797651778190.0
33333.333333333336,2370.7623845668613,0.050000047896309796,280.0,8.762881958960798e+19,8.993426347405593e-22,541596.4895398841,0.3394556220527896,1,1,1,1.947820294052636e+22,0.00014713418553009353,8.80229547345826e+20,4555184313213834.0
33433.433433433434,2369.4733827187138,0.05000004851769028,280.0,8.719133263443581e+19,8.992203653763179e-22,541522.8572490382,0.33885663355665707,1,1,1,1.9478172187139984e+22,0.00014713420876056506,8.764710129618698e+20,4552559368091902.0
33533.53353353353,2368.184380870566,0.050000049147132214,280.0,8.675602983325365e+19,8.99098046115672e-22,541449.1949098919,0.3382586769649209,1,1,1,1.947814149526038e+22,0.00014713423194461585,8.7271795124651e+20,4549922772454303.0
33633.63363363364,2366.8953790224186,0.05000004978474018,280.0,8.632290028167086e+19,8.989756769110844e-22,541375.5024938179,0.3376617504166094,1,1,1,1.947811086476454e+22,0.00014713425508233862,8.689703743168178e+20,4547274482253340.0
33733.73373373374,2365.606377174271,0.05000005043062012,280.0,8.589193312973701e+19,8.988532577149465e-22,541301.7799721455,0.33706585205383105,1,1,1,1.9478080295529685e+22,0.00014713427817382584,8.652282942921834e+20,4544614453352396.0
33833.833833833836,2364.3173753261235,0.05000005108487936,280.0,8.546311758167004e+19,8.987307884795783e-22,541228.0273161612,0.3364709800217682,1,1,1,1.9478049787433305e+22,0.00014713430121916985,8.614917232948684e+20,4541942641526631.0
33933.933933933935,2363.028373477976,0.05000005174762659,280.0,8.503644289558584e+19,8.986082691572288e-22,541154.2444971086,0.3358771324686718,1,1,1,1.9478019340353118e+22,0.0001471343242184627,8.57760673450562e+20,4539259002463695.0
34034.03403403403,2361.7393716298284,0.050000052418971944,280.0,8.461189838322917e+19,8.984856997000754e-22,541080.4314861884,0.3352843075458552,1,1,1,1.947798895416709e+22,0.00014713434717179646,8.540351568889448e+20,4536563491764449.0
34134.13413413414,2360.450369781681,0.05000005309902696,280.0,8.418947340970589e+19,8.983630800602225e-22,541006.5882545572,0.3346925034076882,1,1,1,1.9477958628753436e+22,0.00014713437007926277,8.503151857442542e+20,4533856064943702.0
34234.23423423424,2359.1613679335333,0.05000005378790465,280.0,8.376915739321663e+19,8.98240410189704e-22,540932.7147733292,0.3341017182115913,1,1,1,1.9477928363990614e+22,0.00014713439294095326,8.466007721558594e+20,4531136677430958.0
34334.33433433434,2357.8723660853857,0.050000054485719446,280.0,8.335093980479164e+19,8.981176900404811e-22,540858.8110135746,0.33351195011802964,1,1,1,1.947789815975732e+22,0.00014713441575695937,8.428919282688366e+20,4528405284571180.0
34434.434434434435,2356.583364237238,0.050000055192587316,280.0,8.2934810168027e+19,8.979949195644424e-22,540784.8769463202,0.3329231972905077,1,1,1,1.947786801593249e+22,0.00014713443852737223,8.391886662345538e+20,4525661841625561.0
34534.534534534534,2355.2943623890906,0.050000055908625704,280.0,8.252075805882235e+19,8.978720987134054e-22,540710.9125425497,0.3323354578955626,1,1,1,1.9477837932395315e+22,0.00014713446125228291,8.354909982112587e+20,4522906303772316.0
34634.63463463464,2354.005360540943,0.05000005663395357,280.0,8.210877310511958e+19,8.97749227439113e-22,540636.9177732021,0.33174873010275896,1,1,1,1.9477807909025215e+22,0.0001471344839317823,8.317989363646727e+20,4520138626107478.0
34734.73473473474,2352.7163586927954,0.05000005736869145,280.0,8.169884498664312e+19,8.97626305693237e-22,540562.8926091735,0.33116301208468285,1,1,1,1.9477777945701862e+22,0.00014713450656596096,8.281124928685909e+20,4517358763645717.0
34834.83483483484,2351.427356844648,0.05000005811296142,280.0,8.129096343464139e+19,8.975033334273767e-22,540488.8370213164,0.3305783020169361,1,1,1,1.9477748042305156e+22,0.00014713452915490952,8.244316799054852e+20,4514566671321163.0
34934.934934934936,2350.1383549965003,0.05000005886688713,280.0,8.088511823162956e+19,8.973803105930568e-22,540414.7509804382,0.3299945980781301,1,1,1,1.947771819871525e+22,0.00014713455169871817,8.207565096671163e+20,4511762303988252.0
35035.035035035035,2348.8493531483527,0.05000005963059387,280.0,8.048129921113355e+19,8.972572371417302e-22,540340.6344573032,0.32941189844988045,1,1,1,1.9477688414812527e+22,0.0001471345741974771,8.170869943551495e+20,4508945616422578.0
35135.13513513514,2347.560351300205,0.05000006040420851,280.0,8.007949625743548e+19,8.97134113024776e-22,540266.4874226312,0.3288302013168008,1,1,1,1.9477658690477613e+22,0.0001471345966512762,8.134231461817755e+20,4506116563321762.0
35235.23523523524,2346.2713494520576,0.05000006118785961,280.0,7.96796993053202e+19,8.970109381934996e-22,540192.3098470977,0.3282495048664976,1,1,1,1.9477629025591375e+22,0.00014713461906020535,8.097649773703396e+20,4503275099306336.0
35335.33533533534,2344.98234760391,0.05000006198167736,280.0,7.928189833982309e+19,8.968877125991336e-22,540118.1017013342,0.3276698072895638,1,1,1,1.9477599420034914e+22,0.000147134641424354,8.061125001559732e+20,4500421178920640.5
35435.43543543544,2343.6933457557625,0.05000006278579368,280.0,7.888608339597931e+19,8.967644361928362e-22,540043.8629559277,0.32709110677957315,1,1,1,1.9477569873689572e+22,0.00014713466374381167,8.024657267862337e+20,4497554756633734.5
35535.535535535535,2342.404343907615,0.050000063600342155,280.0,7.849224455857408e+19,8.966411089256925e-22,539969.5935814208,0.3265134015330748,1,1,1,1.9477540386436924e+22,0.0001471346860186675,7.988246695217495e+20,4494675786840321.5
35635.63563563564,2341.1153420594674,0.05000006442545813,280.0,7.810037196189434e+19,8.96517730748712e-22,539895.2935483108,0.3259366897495873,1,1,1,1.9477510958158786e+22,0.00014713470824901065,7.951893406368707e+20,4491784223861690.5
35735.73573573574,2339.82634021132,0.05000006526127872,280.0,7.771045578948164e+19,8.963943016128318e-22,539820.9628270513,0.3253609696315928,1,1,1,1.947748158873721e+22,0.00014713473043492993,7.915597524203272e+20,4488880021946669.5
35835.83583583584,2338.5373383631722,0.050000066107942776,280.0,7.73224862738862e+19,8.962708214689135e-22,539746.6013880506,0.32478623938453166,1,1,1,1.9477452278054485e+22,0.00014713475257651406,7.879359171758897e+20,4485963135272596.0
35935.93593593594,2337.2483365150247,0.050000066965590985,280.0,7.693645369642222e+19,8.961472902677449e-22,539672.2092016722,0.3242124972167962,1,1,1,1.9477423025993135e+22,0.00014713477467385153,7.84317847223041e+20,4483033517946300.5
36036.036036036036,2335.959334666877,0.050000067834365856,280.0,7.655234838692443e+19,8.960237079600383e-22,539597.7862382347,0.3236397413397256,1,1,1,1.947739383243591e+22,0.00014713479672703075,7.807055548976503e+20,4480091124005107.0
36136.13613613614,2334.6703328187295,0.05000006871441173,280.0,7.61701607235059e+19,8.959000744964319e-22,539523.3324680115,0.32306796996759973,1,1,1,1.9477364697265812e+22,0.00014713481873613986,7.770990525526551e+20,4477135907417847.0
36236.23623623624,2333.381330970582,0.050000069605874845,280.0,7.578988113231702e+19,8.95776389827489e-22,539448.8478612313,0.3224971813176338,1,1,1,1.947733562036606e+22,0.0001471348407012668,7.734983525587502e+20,4474167822085889.0
36336.33633633634,2332.0923291224344,0.05000007050890331,280.0,7.541150008730557e+19,8.956526539036979e-22,539374.3323880773,0.32192737360997226,1,1,1,1.9477306601620116e+22,0.00014713486262249952,7.699034673050805e+20,4471186821844184.5
36436.43643643644,2330.803327274287,0.050000071423647166,280.0,7.503500810997812e+19,8.955288666754703e-22,539299.7860186868,0.32135854506768374,1,1,1,1.947727764091167e+22,0.00014713488449992552,7.663144091999432e+20,4468192860462328.0
36536.536536536536,2329.5143254261393,0.05000007235025841,280.0,7.466039576916274e+19,8.954050280931437e-22,539225.2087231525,0.3207906939167547,1,1,1,1.9477248738124653e+22,0.00014713490633363235,7.627311906714947e+20,4465185891645634.0
36636.63663663664,2328.2253235779917,0.050000073288891,280.0,7.428765368077251e+19,8.952811381069802e-22,539150.6004715215,0.3202238183860843,1,1,1,1.9477219893143218e+22,0.00014713492812370733,7.59153824168465e+20,4462165869036228.0
36736.73673673674,2326.936321729844,0.05000007423970089,280.0,7.391677250757068e+19,8.951571966671652e-22,539075.9612337946,0.3196579167074788,1,1,1,1.9477191105851754e+22,0.0001471349498702375,7.555823221608785e+20,4459132746214157.0
36836.83683683684,2325.6473198816966,0.05000007520284607,280.0,7.3547742958936605e+19,8.950332037238085e-22,539001.2909799273,0.3190929871156452,1,1,1,1.9477162376134885e+22,0.0001471349715733099,7.520166971407809e+20,4456086476698511.5
36936.93693693694,2324.358318033549,0.05000007617848656,280.0,7.318055579063307e+19,8.949091592269448e-22,538926.58967983,0.3185290278481865,1,1,1,1.947713370387746e+22,0.0001471349932330112,7.484569616229736e+20,4453027013948567.0
37037.03703703704,2323.0693161854015,0.05000007716678448,280.0,7.281520180457473e+19,8.947850631265314e-22,538851.8573033661,0.3179660371455957,1,1,1,1.947710508896456e+22,0.00014713501484942806,7.449031281457555e+20,4449954311364940.5
37137.13713713714,2321.780314337254,0.05000007816790403,280.0,7.245167184859768e+19,8.946609153724497e-22,538777.0938203534,0.31740401325124984,1,1,1,1.9477076531281496e+22,0.00014713503642264694,7.413552092716701e+20,4446868322290763.0
37237.23723723724,2320.4913124891063,0.050000079182011554,280.0,7.208995681623023e+19,8.945367159145047e-22,538702.2992005642,0.3168429544114053,1,1,1,1.947704803071381e+22,0.00014713505795275404,7.378132175882617e+20,4443769000012871.5
37337.33733733734,2319.202310640959,0.05000008020927556,280.0,7.173004764646475e+19,8.94412464702424e-22,538627.4734137232,0.31628285887519114,1,1,1,1.947701958714727e+22,0.0001471350794398355,7.342771657088363e+20,4440656297763013.5
37437.43743743744,2317.913308792811,0.05000008124986671,280.0,7.137193532353068e+19,8.942881616858593e-22,538552.6164295104,0.31572372489460443,1,1,1,1.947699120046788e+22,0.00014713510088397718,7.307470662732319e+20,4437530168719071.0
37537.53753753754,2316.6243069446637,0.05000008230395793,280.0,7.101561087666869e+19,8.941638068143845e-22,538477.7282175585,0.31516555072450425,1,1,1,1.9476962870561857e+22,0.00014713512228526485,7.272229319485944e+20,4434390566006301.0
37637.63763763764,2315.335305096516,0.050000083371724346,280.0,7.0661065379906e+19,8.940394000374974e-22,538402.8087474541,0.3146083346226059,1,1,1,1.947693459731566e+22,0.00014713514364378405,7.237047754301616e+20,4431237442698593.0
37737.73773773774,2314.0463032483685,0.05000008445334338,280.0,7.030828995183276e+19,8.939149413046166e-22,538327.8579887366,0.31405207484947595,1,1,1,1.947690638061597e+22,0.00014713516495962022,7.201926094420553e+20,4428070751819746.0
37837.83783783784,2312.757301400221,0.05000008554899474,280.0,6.995727575537956e+19,8.937904305650854e-22,538252.8759108997,0.3134967696685262,1,1,1,1.9476878220349692e+22,0.0001471351862328586,7.166864467380787e+20,4424890446344757.5
37937.93793793794,2311.4682995520734,0.05000008665886048,280.0,6.960801399759607e+19,8.936658677681677e-22,538177.8624833896,0.3129424173460084,1,1,1,1.947685011640396e+22,0.00014713520746358421,7.131863001025228e+20,4421696479201135.5
38038.03803803804,2310.179297703926,0.05000008778312501,280.0,6.926049592943073e+19,8.935412528630508e-22,538102.817675606,0.3123890161510085,1,1,1,1.9476822068666135e+22,0.0001471352286518819,7.096921823509811e+20,4418488803270226.0
38138.13813813814,2308.8902958557783,0.050000088921975126,280.0,6.891471284551167e+19,8.93416585798843e-22,538027.7414569014,0.31183656435544127,1,1,1,1.94767940770238e+22,0.0001471352497978365,7.062041063311698e+20,4415267371388559.0
38238.23823823824,2307.6012940076307,0.050000090075600065,280.0,6.8570656083928605e+19,8.93291866524575e-22,537952.6337965813,0.3112850602340451,1,1,1,1.9476766141364763e+22,0.00014713527090153252,7.027220849237585e+20,4412032136349211.0
38338.33833833834,2306.312292159483,0.05000009124419149,280.0,6.822831702601583e+19,8.931670949891999e-22,537877.4946639044,0.31073450206437586,1,1,1,1.947673826157706e+22,0.00014713529196305433,6.992461310432058e+20,4408783050903187.0
38438.43843843844,2305.0232903113356,0.05000009242794358,280.0,6.788768709613633e+19,8.930422711415901e-22,537802.3240280813,0.31018488812680167,1,1,1,1.947671043754895e+22,0.00014713531298248613,6.957762576386051e+20,4405520067760821.5
38538.53853853854,2303.734288463188,0.05000009362705302,280.0,6.754875776146695e+19,8.929173949305422e-22,537727.1218582763,0.30963621670449776,1,1,1,1.947668266916891e+22,0.00014713533395991198,6.923124776945378e+20,4402243139593196.0
38638.638638638644,2302.4452866150405,0.05000009484171905,280.0,6.721152053178467e+19,8.927924663047713e-22,537651.8881236052,0.3090884860834406,1,1,1,1.947665495632565e+22,0.00014713535489541577,6.888548042319331e+20,4398952219033576.0
38738.73873873874,2301.156284766893,0.050000096072143486,280.0,6.687596695925396e+19,8.926674852129163e-22,537576.6227931373,0.30854169455240266,1,1,1,1.947662729890809e+22,0.00014713537578908123,6.854032503089394e+20,4395647258678867.5
38838.83883883884,2299.8672829187453,0.05000009731853077,280.0,6.654208863821507e+19,8.92542451603534e-22,537501.3258358932,0.30799584040294636,1,1,1,1.9476599696805385e+22,0.00014713539664099187,6.819578290217992e+20,4392328211091091.0
38938.93893893894,2298.5782810705978,0.050000098581088,280.0,6.6209877204973535e+19,8.924173654251043e-22,537425.9972208465,0.30745092192942,1,1,1,1.9476572149906907e+22,0.00014713541745123106,6.785185535057366e+20,4388995028798874.5
39039.03903903904,2297.28927922245,0.05000009986002495,280.0,6.587932433759061e+19,8.922922266260268e-22,537350.6369169226,0.3069069374289504,1,1,1,1.9476544658102242e+22,0.00014713543821988207,6.750854369358508e+20,4385647664298968.5
39139.139139139144,2296.0002773743026,0.05000010115555413,280.0,6.555042175567484e+19,8.921670351546208e-22,537275.2448929992,0.3063638852014392,1,1,1,1.9476517221281204e+22,0.0001471354589470279,6.71658492528019e+20,4382286070057775.5
39239.23923923924,2294.711275526155,0.050000102467890786,280.0,6.522316122017469e+19,8.920417909591268e-22,537199.8211179056,0.3058217635495566,1,1,1,1.947648983933383e+22,0.00014713547963275146,6.682377335398078e+20,4378910198512903.5
39339.33933933934,2293.4222736780075,0.050000103797252976,280.0,6.489753453317203e+19,8.919164939877044e-22,537124.3655604228,0.3052805707787358,1,1,1,1.947646251215037e+22,0.00014713550027713543,6.648231732713922e+20,4375520002074736.0
39439.43943943944,2292.13327182986,0.050000105143861585,280.0,6.4573533537676894e+19,8.917911441884341e-22,537048.8781892844,0.3047403051971685,1,1,1,1.94764352396213e+22,0.00014713552088026238,6.614148250664853e+20,4372115433128023.5
39539.53953953954,2290.8442699817124,0.05000010650794035,280.0,6.425115011742305e+19,8.916657415093158e-22,536973.3589731749,0.3042009651157979,1,1,1,1.9476408021637304e+22,0.00014713554144221472,6.580127023132749e+20,4368696444033493.5
39639.639639639645,2289.555268133565,0.05000010788971592,280.0,6.393037619666473e+19,8.915402858982677e-22,536897.8078807301,0.3036625488483153,1,1,1,1.94763808580893e+22,0.00014713556196307466,6.546168184453704e+20,4365262987129482.0
39739.73973973974,2288.2662662854173,0.050000109289417886,280.0,6.361120373997438e+19,8.914147773031292e-22,536822.2248805384,0.3031250547111529,1,1,1,1.9476353748868413e+22,0.00014713558244292425,6.512271869427585e+20,4361815014733585.0
39839.83983983984,2286.9772644372697,0.05000011070727882,280.0,6.32936247520413e+19,8.912892156716574e-22,536746.6099411381,0.3025884810234799,1,1,1,1.947632669386599e+22,0.00014713560288184534,6.478438213327663e+20,4358352479144328.5
39939.93993993994,2285.688262589122,0.050000112143534295,280.0,6.297763127747141e+19,8.911636009515296e-22,536670.9630310198,0.302052826107196,1,1,1,1.9476299692973597e+22,0.00014713562327991973,6.444667351910361e+20,4354875332642861.5
40040.04004004004,2284.3992607409746,0.05000011359842296,280.0,6.266321540058785e+19,8.910379330903403e-22,536595.2841186243,0.3015180882869268,1,1,1,1.947627274608301e+22,0.000147135643637229,6.41095942142508e+20,4351383527494667.5
40140.140140140145,2283.110258892827,0.05000011507218655,280.0,6.235036924523292e+19,8.909122120356052e-22,536519.5731723447,0.30098426589001803,1,1,1,1.9476245853086226e+22,0.00014713566395385452,6.377314558624118e+20,4347877015951297.5
40240.240240240244,2281.8212570446794,0.05000011656506994,280.0,6.203908497457053e+19,8.907864377347556e-22,536443.8301605235,0.30045135724653055,1,1,1,1.947621901387546e+22,0.00014713568422987752,6.343732900772697e+20,4344355750252126.5
40340.34034034034,2280.532255196532,0.05000011807732118,280.0,6.172935479089007e+19,8.906606101351434e-22,536368.0550514552,0.2999193606892346,1,1,1,1.947619222834314e+22,0.00014713570446537908,6.310214585659059e+20,4340819682626126.0
40440.44044044044,2279.2432533483843,0.050000119609191526,280.0,6.142117093541096e+19,8.905347291840375e-22,536292.2478133845,0.29938827455360484,1,1,1,1.947616549638191e+22,0.00014713572466044017,6.276759751604689e+20,4337268765293661.5
40540.54054054054,2277.9542515002368,0.050000121160935516,280.0,6.111452568808837e+19,8.904087948286248e-22,536216.4084145066,0.29885809717781514,1,1,1,1.947613881788463e+22,0.0001471357448151415,6.24336853747461e+20,4333702950468310.5
40640.640640640646,2276.665249652089,0.050000122732810987,280.0,6.080941136741979e+19,8.90282807016011e-22,536140.5368229678,0.2983288269027326,1,1,1,1.9476112192744372e+22,0.00014713576492956368,6.210041082687791e+20,4330122190358701.5
40740.740740740745,2275.3762478039416,0.050000124325079096,280.0,6.0505820330252616e+19,8.90156765693218e-22,536064.633006864,0.2978004620719131,1,1,1,1.947608562085442e+22,0.0001471357850037872,6.176777527227655e+20,4326526437170376.5
40840.84084084084,2274.087245955794,0.05000012593800441,280.0,6.02037449715927e+19,8.900306708071856e-22,535988.6969342416,0.2972730010315955,1,1,1,1.947605910210828e+22,0.00014713580503789223,6.14357801165267e+20,4322915643107671.5
40940.94094094094,2272.7982441076465,0.05000012757185494,280.0,5.990317772441382e+19,8.899045223047718e-22,535912.7285730977,0.29674644213069645,1,1,1,1.9476032636399655e+22,0.000147135825031959,6.110442677107056e+20,4319289760375623.0
41041.04104104104,2271.509242259499,0.05000012922690214,280.0,5.960411105946814e+19,8.897783201327507e-22,535836.7278913792,0.2962207837208054,1,1,1,1.9476006223622477e+22,0.00014713584498606734,6.077371665331592e+20,4315648741181895.0
41141.14114114115,2270.2202404113514,0.05000013090342101,280.0,5.93065374850976e+19,8.896520642378133e-22,535760.6948569822,0.2956960241561787,1,1,1,1.947597986367088e+22,0.00014713586490029717,6.044365118674519e+20,4311992537738727.0
41241.241241241245,2268.931238563204,0.05000013260169011,280.0,5.901044954704627e+19,8.895257545665683e-22,535684.6294377542,0.2951721617937353,1,1,1,1.9475953556439217e+22,0.00014713588477472804,6.01142318010256e+20,4308321102264908.0
41341.341341341344,2267.6422367150562,0.05000013432199162,280.0,5.871583982827358e+19,8.893993910655396e-22,535608.5316014908,0.2946491949930504,1,1,1,1.947592730182205e+22,0.00014713590460943953,5.97854599321202e+20,4304634386987769.0
41441.44144144144,2266.3532348669087,0.05000013606461137,280.0,5.842270094876853e+19,8.892729736811692e-22,535532.4013159389,0.2941271221163514,1,1,1,1.9475901099714145e+22,0.00014713592440451084,5.945733702240015e+20,4300932344145200.0
41541.54154154154,2265.064233018761,0.05000013782983892,280.0,5.8131025565364855e+19,8.891465023598132e-22,535456.2385487934,0.2936059415285116,1,1,1,1.9475874950010487e+22,0.00014713594416002122,5.912986452075798e+20,4297214925987691.0
41641.64164164165,2263.7752311706136,0.050000139617967544,280.0,5.784080637155703e+19,8.890199770477454e-22,535380.0432676993,0.2930856515970454,1,1,1,1.947584885260627e+22,0.00014713596387604962,5.8803043882721857e+20,4293482084780394.5
41741.741741741745,2262.486229322466,0.050000141429294376,280.0,5.755203609731731e+19,8.88893397691155e-22,535303.8154402514,0.2925662506921037,1,1,1,1.9475822807396892e+22,0.00014713598355267494,5.847687657057115e+20,4289733772805212.5
41841.841841841844,2261.1972274743184,0.050000143264120354,280.0,5.72647075089135e+19,8.887667642361466e-22,535227.555033993,0.29204773718646765,1,1,1,1.9475796814277965e+22,0.00014713600318997584,5.8151364053452744e+20,4285969942362904.5
41941.94194194194,2259.908225626171,0.050000145122750354,280.0,5.697881340872788e+19,8.88640076628741e-22,535151.262016417,0.2915301094555441,1,1,1,1.947577087314531e+22,0.00014713602278803087,5.782650780749874e+20,4282190545775221.5
42042.04204204204,2258.6192237780233,0.0500001470054932,280.0,5.669434663507681e+19,8.88513334814873e-22,535074.9363549646,0.29101336587736026,1,1,1,1.9475744983894953e+22,0.00014713604234691837,5.7502309315945136e+20,4278395535387063.0
42142.14214214215,2257.3302219298757,0.050000148912661704,280.0,5.641130006203138e+19,8.883865387403937e-22,534998.5780170268,0.2904975048325586,1,1,1,1.9475719146423133e+22,0.00014713606186671658,5.717877006925165e+20,4274584863568656.5
42242.242242242246,2256.041220081728,0.050000150844572766,280.0,5.612966659923887e+19,8.882596883510689e-22,534922.1869699429,0.28998252470439156,1,1,1,1.947569336062629e+22,0.00014713608134750357,5.685589156522271e+20,4270758482717764.0
42342.342342342345,2254.7522182335806,0.050000152801547376,280.0,5.584943919174517e+19,8.881327835925788e-22,534845.7631810007,0.28946842387871663,1,1,1,1.947566762640108e+22,0.00014713610078935724,5.653367530912944e+20,4266916345261908.0
42442.44244244244,2253.463216385433,0.0500001547839107,280.0,5.5570610819818004e+19,8.880058244105187e-22,534769.3066174369,0.28895520074399084,1,1,1,1.9475641943644355e+22,0.00014713612019235533,5.621212281383292e+20,4263058403660626.0
42542.54254254254,2252.1742145372855,0.05000015679199211,280.0,5.529317449877115e+19,8.878788107503979e-22,534692.8172464366,0.2884428536912657,1,1,1,1.947561631225318e+22,0.00014713613955657552,5.589123559990858e+20,4259184610407747.0
42642.64264264265,2250.885212689138,0.050000158826125254,280.0,5.501712327878942e+19,8.877517425576399e-22,534616.2950351331,0.2879313811141826,1,1,1,1.9475590732124825e+22,0.00014713615888209514,5.5571015195771666e+20,4255294918033693.5
42742.74274274275,2249.5962108409904,0.05000016088664812,280.0,5.474245024475458e+19,8.876246197775823e-22,534539.7399506079,0.287420781408967,1,1,1,1.9475565203156764e+22,0.00014713617816899155,5.5251463137804046e+20,4251389279107809.0
42842.842842842845,2248.307208992843,0.05000016297390307,280.0,5.4469148516072145e+19,8.874974423554773e-22,534463.151959891,0.2869110529744235,1,1,1,1.947553972524668e+22,0.00014713619741734186,5.493258097048193e+20,4247467646240707.5
42942.942942942944,2247.018207144695,0.05000016508823692,280.0,5.419721124649899e+19,8.873702102364896e-22,534386.5310299599,0.28640219421193114,1,1,1,1.9475514298292454e+22,0.00014713621662722307,5.461437024650502e+20,4243529972086652.0
43043.04304304305,2245.7292052965477,0.05000016723000097,280.0,5.3926631623971865e+19,8.872429233656975e-22,534309.8771277401,0.28589420352543765,1,1,1,1.947548892219218e+22,0.00014713623579871196,5.429683252692669e+20,4239576209345953.5
43143.14314314315,2244.4402034484,0.05000016939955108,280.0,5.3657402870436766e+19,8.871155816880938e-22,534233.1902201055,0.2853870793214549,1,1,1,1.947546359684414e+22,0.00014713625493188525,5.397996938128555e+20,4235606310767401.5
43243.24324324325,2243.1512016002525,0.05000017159724773,280.0,5.3389518241679114e+19,8.869881851485827e-22,534156.4702738764,0.2848808200090537,1,1,1,1.9475438322146844e+22,0.00014713627402681946,5.366378238773792e+20,4231620229150712.5
43343.343343343346,2241.862199752105,0.05000017382345609,280.0,5.312297102715483e+19,8.868607336919828e-22,534079.717255822,0.28437542399985827,1,1,1,1.9475413097998983e+22,0.00014713629308359095,5.334827313319181e+20,4227617917349011.0
43443.443443443444,2240.5731979039574,0.05000017607854605,280.0,5.285775454982224e+19,8.867332272630248e-22,534002.9311326585,0.28387088970804214,1,1,1,1.947538792429946e+22,0.0001471363121022759,5.303344321344197e+20,4223599328271330.5
43543.54354354355,2239.28419605581,0.0500001783628923,280.0,5.2593862165974794e+19,8.866056658063517e-22,533926.111871049,0.2833672155503219,1,1,1,1.947536280094738e+22,0.00014713633108295044,5.2719294233306176e+20,4219564414885146.0
43643.64364364365,2237.9951942076623,0.05000018067687439,280.0,5.233128726507467e+19,8.86478049266519e-22,533849.2594376041,0.2828643999459532,1,1,1,1.947533772784205e+22,0.00014713635002569045,5.2405827806762874e+20,4215513130218928.0
43743.74374374375,2236.7061923595147,0.05000018302087681,280.0,5.207002326958713e+19,8.863503775879946e-22,533772.3737988814,0.28236244131672517,1,1,1,1.947531270488297e+22,0.00014713636893057166,5.209304555708983e+20,4211445427364724.5
43843.843843843846,2235.417190511367,0.05000018539528902,280.0,5.181006363481583e+19,8.862226507151586e-22,533695.4549213862,0.28186133808695535,1,1,1,1.947528773196986e+22,0.00014713638779766973,5.178094911700426e+20,4207361259480769.5
43943.943943943945,2234.1281886632196,0.05000018780050554,280.0,5.1551401848738775e+19,8.86094868592302e-22,533618.5027715695,0.2813610886834849,1,1,1,1.9475262809002622e+22,0.00014713640662706012,5.14695401288041e+20,4203260579794118.0
44044.04404404405,2232.839186815072,0.05000019023692601,280.0,5.1294031431845265e+19,8.85967031163628e-22,533541.5173158298,0.2808616915356737,1,1,1,1.9475237935881365e+22,0.0001471364254188181,5.115882024451054e+20,4199143341603307.0
44144.14414414415,2231.5501849669245,0.05000019270495526,280.0,5.103794593697364e+19,8.858391383732516e-22,533464.4985205124,0.280363145075395,1,1,1,1.94752131125064e+22,0.00014713644417301886,5.084879112601194e+20,4195009498281044.5
44244.24424424425,2230.261183118777,0.050000195205003345,280.0,5.078313894914956e+19,8.857111901651977e-22,533387.4463519083,0.2798654477370304,1,1,1,1.947518833877823e+22,0.00014713646288973739,5.0539454445208764e+20,4190859003276924.0
44344.34434434435,2228.9721812706293,0.05000019773748568,280.0,5.052960408542554e+19,8.85583186483404e-22,533310.360776256,0.2793685979574653,1,1,1,1.9475163614597567e+22,0.00014713648156904858,5.023081188416008e+20,4186691810120167.0
44444.444444444445,2227.6831794224818,0.05000020030282304,280.0,5.027733499472093e+19,8.854551272717172e-22,533233.2417597391,0.2788725941760836,1,1,1,1.9475138939865316e+22,0.00014713650021102708,4.992286513523114e+20,4182507872422392.5
44544.54454454455,2226.394177574334,0.05000020290144166,280.0,5.002632535766289e+19,8.85327012473896e-22,533156.0892684886,0.27837743483476274,1,1,1,1.947511431448258e+22,0.0001471365188157475,4.961561590124234e+20,4178307143880414.0
44644.64464464465,2225.1051757261866,0.05000020553377332,280.0,4.977656888642805e+19,8.851988420336087e-22,533078.9032685806,0.27788311837786883,1,1,1,1.947508973835066e+22,0.00014713653738328424,4.930906589561951e+20,4174089578279063.5
44744.74474474475,2223.816173878039,0.05000020820025541,280.0,4.952805932458496e+19,8.850706158944345e-22,533001.6837260376,0.2773896432522517,1,1,1,1.947506521137106e+22,0.00014713655591371157,4.90032168425453e+20,4169855129494044.0
44844.84484484485,2222.5271720298915,0.05000021090133095,280.0,4.928079044693745e+19,8.84942333999862e-22,532924.430606828,0.2768970079072398,1,1,1,1.947504073344547e+22,0.00014713657440710358,4.869807047711211e+20,4165603751494809.5
44944.944944944946,2221.238170181744,0.05000021363744875,280.0,4.903475605936863e+19,8.848139962932905e-22,532847.1438768656,0.2764052107946355,1,1,1,1.9475016304475788e+22,0.0001471365928635343,4.839362854547616e+20,4161335398347472.5
45045.04504504505,2219.9491683335964,0.05000021640906343,280.0,4.8789949998685725e+19,8.846856027180277e-22,532769.82350201,0.2759142503687098,1,1,1,1.9474991924364096e+22,0.00014713661128307748,4.80898928050129e+20,4157050024217739.5
45145.14514514515,2218.660166485449,0.0500002192166355,280.0,4.8546366132465795e+19,8.845571532172918e-22,532692.4694480662,0.27542412508619807,1,1,1,1.9474967593012685e+22,0.0001471366296658068,4.778686502447382e+20,4152747583373876.5
45245.24524524525,2217.3711646373013,0.05000022206063146,280.0,4.83039983589019e+19,8.844286477342101e-22,532615.0816807847,0.27493483340629443,1,1,1,1.9474943310324033e+22,0.00014713664801179583,4.748454698414433e+20,4148428030189700.0
45345.34534534535,2216.0821627891537,0.05000022494152385,280.0,4.806284060665046e+19,8.843000862118184e-22,532537.6601658608,0.274446373790647,1,1,1,1.9474919076200817e+22,0.00014713666632111793,4.718294047600321e+20,4144091319147599.0
45445.445445445446,2214.793160941006,0.05000022785979134,280.0,4.782288683467905e+19,8.84171468593062e-22,532460.2048689354,0.2739587447033535,1,1,1,1.9474894890545904e+22,0.00014713668459384634,4.6882047303883175e+20,4139737404841584.5
45545.54554554555,2213.5041590928586,0.05000023081591881,280.0,4.75841310321151e+19,8.84042794820795e-22,532382.7157555947,0.27347194461095575,1,1,1,1.947487075326236e+22,0.0001471367028300541,4.6581869283632854e+20,4135366241980367.5
45645.64564564565,2212.215157244711,0.05000023381039745,280.0,4.73465672180954e+19,8.839140648377787e-22,532305.1927913683,0.27298597198243524,1,1,1,1.9474846664253443e+22,0.0001471367210298142,4.6282408243280085e+20,4130977785390467.0
45745.74574574575,2210.9261553965634,0.05000023684372479,280.0,4.7110189441616085e+19,8.837852785866842e-22,532227.6359417323,0.2725008252892079,1,1,1,1.9474822623422604e+22,0.00014713673919319943,4.598366602319634e+20,4126571990019346.0
45845.84584584585,2209.637153548416,0.050000239916404836,280.0,4.687499178138376e+19,8.8365643601009e-22,532150.0451721067,0.2720165030051193,1,1,1,1.9474798630673488e+22,0.00014713675732028244,4.568564447626266e+20,4122148810938577.0
45945.94594594595,2208.3481517002683,0.050000243028948135,280.0,4.664096834566707e+19,8.835275370504819e-22,532072.4204478555,0.2715330036064403,1,1,1,1.947477468590993e+22,0.00014713677541113571,4.538834546803676e+20,4117708203347037.0
46046.04604604605,2207.0591498521208,0.05000024618187184,280.0,4.640811327214912e+19,8.833985816502546e-22,531994.761734288,0.27105032557186143,1,1,1,1.9474750789035965e+22,0.00014713679346583164,4.509177087692148e+20,4113250122574131.5
46146.14614614615,2205.770148003973,0.05000024937569983,280.0,4.617642072778073e+19,8.832695697517097e-22,531917.0689966575,0.2705684673824887,1,1,1,1.9474726939955812e+22,0.0001471368114844424,4.4795922594334546e+20,4108774524083049.5
46246.24624624625,2204.4811461558256,0.050000252610962775,280.0,4.594588490863406e+19,8.831405012970551e-22,531839.3422001608,0.27008742752183834,1,1,1,1.9474703138573884e+22,0.00014713682946704013,4.4500802524879474e+20,4104281363474046.0
46346.34634634635,2203.192144307678,0.050000255888198224,280.0,4.571650003975752e+19,8.830113762284072e-22,531761.5813099396,0.26960720447583225,1,1,1,1.9474679384794785e+22,0.00014713684741369666,4.4206412586517915e+20,4099770596487756.0
46446.44644644645,2201.9031424595305,0.05000025920795071,280.0,4.54882603750309e+19,8.828821944877888e-22,531683.7862910792,0.26912779673279286,1,1,1,1.9474655678523314e+22,0.00014713686532448388,4.391275471074319e+20,4095242179008537.0
46546.54654654655,2200.614140611383,0.050000262570771815,280.0,4.526116019702151e+19,8.827529560171287e-22,531605.9571086084,0.26864920278343896,1,1,1,1.947463201966445e+22,0.00014713688319947338,4.361983084275505e+20,4090696067067844.0
46646.64664664665,2199.3251387632354,0.05000026597722031,280.0,4.503519381684103e+19,8.82623660758263e-22,531528.0937275002,0.2681714211208802,1,1,1,1.947460840812338e+22,0.00014713690103873665,4.3327642941635835e+20,4086132216847632.0
46746.74674674675,2198.036136915088,0.05000026942786216,280.0,4.481035557400277e+19,8.824943086529337e-22,531450.1961126704,0.2676944502406128,1,1,1,1.947458484380546e+22,0.00014713691884234506,4.3036192980527625e+20,4081550584683789.5
46846.84684684685,2196.7471350669402,0.05000027292327073,280.0,4.4586639836280136e+19,8.823648996427884e-22,531372.2642289788,0.26721828864051433,1,1,1,1.9474561326616244e+22,0.00014713693661036982,4.274548294681084e+20,4076951127069604.5
46946.94694694695,2195.4581332187927,0.050000276464026785,280.0,4.43640409995654e+19,8.822354336693813e-22,531294.2980412283,0.2667429348208394,1,1,1,1.947453785646148e+22,0.00014713695434288203,4.245551484228394e+20,4072333800659258.5
47047.047047047054,2194.169131370645,0.050000280050718646,280.0,4.414255348772933e+19,8.821059106741717e-22,531216.297514165,0.2662683872842147,1,1,1,1.94745144332471e+22,0.0001471369720399526,4.2166290683344355e+20,4067698562271352.0
47147.14714714715,2192.8801295224976,0.050000283683942257,280.0,4.392217175248158e+19,8.81976330598524e-22,531138.2626124779,0.2657946445356342,1,1,1,1.9474491056879217e+22,0.00014713698970165228,4.187781250117065e+20,4063045368892462.0
47247.24724724725,2191.59112767435,0.05000028736430129,280.0,4.370289027323157e+19,8.818466933837096e-22,531060.1933007995,0.26532170508245445,1,1,1,1.9474467727264147e+22,0.0001471370073280518,4.159008234190571e+20,4058374177680727.5
47347.34734734735,2190.3021258262024,0.05000029109240725,280.0,4.348470355695031e+19,8.817169989709018e-22,530982.0895437037,0.2648495674343897,1,1,1,1.947444444430838e+22,0.0001471370249192216,4.130310226684122e+20,4053684945969469.5
47447.44744744745,2189.013123978055,0.05000029486887959,280.0,4.326760613803278e+19,8.815872473011815e-22,530903.9513057087,0.2643782301035076,1,1,1,1.9474421207918604e+22,0.00014713704247523206,4.1016874352603254e+20,4048977631270839.5
47547.547547547554,2187.7241221299073,0.05000029869434578,280.0,4.305159257816094e+19,8.814574383155326e-22,530825.7785512741,0.26390769160422395,1,1,1,1.9474398018001686e+22,0.00014713705999615343,4.073140069133885e+20,4044252191279501.5
47647.64764764765,2186.4351202817597,0.05000030256944144,280.0,4.283665746616767e+19,8.813275719548442e-22,530747.5712448024,0.26343795045329854,1,1,1,1.947437487446468e+22,0.00014713707748205575,4.044668339090392e+20,4039508583876343.0
47747.74774774775,2185.146118433612,0.05000030649481044,280.0,4.262279541790097e+19,8.811976481599086e-22,530669.3293506381,0.26296900516982974,1,1,1,1.947435177721483e+22,0.00014713709493300903,4.016272457505188e+20,4034746767132218.0
47847.84784784785,2183.8571165854646,0.05000031047110499,280.0,4.241000107608931e+19,8.810676668714232e-22,530591.0528330683,0.2625008542752507,1,1,1,1.947432872615956e+22,0.00014713711234908304,3.9879526383623635e+20,4029966699311724.0
47947.94794794795,2182.568114737317,0.050000314498985766,280.0,4.219826911020732e+19,8.809376280299879e-22,530512.7416563213,0.26203349629332373,1,1,1,1.9474305721206483e+22,0.0001471371297303474,3.959709097273838e+20,4025168338877006.5
48048.048048048055,2181.2791128891695,0.05000031857912204,280.0,4.198759421634225e+19,8.808075315761072e-22,530434.3957845684,0.2615669297501365,1,1,1,1.9474282762263394e+22,0.00014713714707687174,3.931542051498544e+20,4020351644491599.0
48148.14814814815,2179.990111041022,0.050000322712191715,280.0,4.177797111706122e+19,8.806773774501886e-22,530356.0151819219,0.26110115317409655,1,1,1,1.9474259849238274e+22,0.00014713716438872538,3.9034517199617104e+20,4015516575024294.0
48248.24824824825,2178.7011091928744,0.05000032689888154,280.0,4.156939456127888e+19,8.805471655925416e-22,530277.5998124355,0.26063616509592735,1,1,1,1.9474236982039293e+22,0.00014713718166597757,3.875438323274225e+20,4010663089553042.5
48348.34834834835,2177.412107344727,0.05000033113988715,280.0,4.136185932412591e+19,8.804168959433805e-22,530199.1496401053,0.2601719640486633,1,1,1,1.9474214160574794e+22,0.00014713719890869747,3.847502083752096e+20,4005791147368890.5
48448.44844844845,2176.1231054965792,0.0500003354359132,280.0,4.11553602068182e+19,8.802865684428205e-22,530120.664628868,0.25970854856764486,1,1,1,1.9474191384753314e+22,0.000147137216116954,3.8196432254359935e+20,4000900707979945.0
48548.548548548555,2174.8341036484317,0.0500003397876735,280.0,4.094989203652652e+19,8.801561830308802e-22,530042.1447426019,0.2592459171905145,1,1,1,1.9474168654483566e+22,0.00014713723329081604,3.791861974110868e+20,3995991731115372.5
48648.648648648654,2173.545101800284,0.05000034419589112,280.0,4.074544966624708e+19,8.800257396474802e-22,529963.5899451264,0.2587840684572116,1,1,1,1.947414596967445e+22,0.00014713725043035225,3.7641585573256554e+20,3991064176729431.0
48748.74874874875,2172.2560999521365,0.05000034866129849,280.0,4.054202797467247e+19,8.79895238232443e-22,529885.0002002018,0.2583230009099682,1,1,1,1.9474123330235037e+22,0.00014713726753563122,3.736533204413034e+20,3986118005005531.0
48848.84884884885,2170.967098103989,0.05000035318463756,280.0,4.033962186606333e+19,8.797646787254926e-22,529806.375471529,0.2578627130933037,1,1,1,1.9474100736074598e+22,0.00014713728460672137,3.708986146509267e+20,3981153176360333.0
48948.94894894895,2169.6780962558414,0.05000035776665992,280.0,4.013822627012091e+19,8.796340610662554e-22,529727.71572275,0.2574032035540214,1,1,1,1.9474078187102574e+22,0.000147137301643691,3.6815176165740977e+20,3976169651447876.0
49049.049049049056,2168.389094407694,0.05000036240812687,280.0,3.993783614185983e+19,8.795033851942584e-22,529649.0209174476,0.25694447084120264,1,1,1,1.947405568322859e+22,0.00014713731864660824,3.654127849410697e+20,3971167391163737.0
49149.149149149154,2167.1000925595463,0.050000367109809624,280.0,3.97384464614819e+19,8.793726510489297e-22,529570.2910191442,0.2564865135062033,1,1,1,1.9474033224362446e+22,0.00014713733561554115,3.626817081685678e+20,3966146356649227.5
49249.24924924925,2165.8110907113987,0.05000037187248939,280.0,3.954005223425023e+19,8.79241858569599e-22,529491.5259913034,0.25602933010264844,1,1,1,1.9474010810414136e+22,0.00014713735255055755,3.599585551949128e+20,3961106509295616.5
49349.34934934935,2164.522088863251,0.050000376696957505,280.0,3.934264849036411e+19,8.79111007695496e-22,529412.7257973286,0.2555729191864283,1,1,1,1.9473988441293822e+22,0.00014713736945172522,3.572433500654705e+20,3956047810748392.0
49449.44944944945,2163.2330870151036,0.05000038158401557,280.0,3.914623028483462e+19,8.78980098365751e-22,529333.8904005631,0.25511727931569333,1,1,1,1.9473966116911847e+22,0.00014713738631911178,3.5453611701797526e+20,3950970222911552.0
49549.549549549556,2161.944085166956,0.0500003865344756,280.0,3.895079269736068e+19,8.788491305193947e-22,529255.0197642904,0.2546624090508499,1,1,1,1.9473943837178736e+22,0.0001471374031527847,3.5183688048454415e+20,3945873707951930.5
49649.649649649655,2160.6550833188085,0.050000391549160125,280.0,3.875633083220586e+19,8.78718104095358e-22,529176.1138517337,0.2542083069545558,1,1,1,1.9473921602005194e+22,0.00014713741995281133,3.491456650936938e+20,3940758228303555.5
49749.74974974975,2159.366081470661,0.05000039662890237,280.0,3.856283981807566e+19,8.785870190324705e-22,529097.1726260557,0.25375497159171523,1,1,1,1.9473899411302104e+22,0.00014713743671925886,3.464624956723564e+20,3935623746672040.0
49849.84984984985,2158.0770796225133,0.05000040177454635,280.0,3.83703148079955e+19,8.784558752694631e-22,529018.196050359,0.25330240152947486,1,1,1,1.9473877264980525e+22,0.00014713745345219434,3.4378739724789776e+20,3930470226039006.0
49949.94994994995,2156.788077774366,0.050000406986947035,280.0,3.817875097918937e+19,8.783246727449648e-22,528939.1840876853,0.2528505953372191,1,1,1,1.9473855162951695e+22,0.00014713747015168477,3.41120395050134e+20,3925297629666542.5
50050.05005005006,2155.499075926218,0.050000412266970495,280.0,3.7988143532958925e+19,8.781934113975041e-22,528860.1367010154,0.2523995515865656,1,1,1,1.947383310512703e+22,0.00014713748681779691,3.384615145133465e+20,3920105921101695.5
50150.150150150155,2154.2100740780706,0.05000041761549402,280.0,3.77984876945634e+19,8.780620911655076e-22,528781.0538532692,0.2519492688513606,1,1,1,1.9473811091418123e+22,0.00014713750345059747,3.358107812782959e+20,3914895064180994.5
50250.250250250254,2152.921072229923,0.0500004230334063,280.0,3.760977871309988e+19,8.779307119873024e-22,528701.9355073064,0.2514997457076747,1,1,1,1.9473789121736747e+22,0.00014713752005015294,3.331682211942301e+20,3909665023035006.5
50350.35035035035,2151.6320703817755,0.05000042852160754,280.0,3.74220118613843e+19,8.777992738011122e-22,528622.7816259243,0.2510509807337981,1,1,1,1.9473767195994845e+22,0.00014713753661652973,3.305338603208906e+20,3904415762092929.0
50450.45045045045,2150.343068533628,0.050000434081009626,280.0,3.7235182435833135e+19,8.776677765450598e-22,528543.5921718597,0.25060297251023667,1,1,1,1.947374531410454e+22,0.00014713755314979418,3.27907724930512e+20,3899147246087212.5
50550.55055055056,2149.0540666854804,0.05000043971253628,280.0,3.704928575634544e+19,8.77536220157166e-22,528464.3671077879,0.2501557196197066,1,1,1,1.947372347597813e+22,0.00014713756965001237,3.2528984150981516e+20,3893859440058219.0
50650.650650650656,2147.765064837333,0.05000044541712321,280.0,3.686431716618576e+19,8.774046045753484e-22,528385.1063963219,0.24970922064713086,1,1,1,1.9473701681528088e+22,0.00014713758611725034,3.226802367619937e+20,3888552309358913.5
50750.750750750754,2146.4760629891853,0.05000045119571824,280.0,3.668027203186734e+19,8.772729297374237e-22,528305.8100000143,0.24926347417963415,1,1,1,1.9473679930667066e+22,0.00014713760255157394,3.2007893760868975e+20,3883225819659587.5
50850.85085085085,2145.1870611410377,0.050000457049281535,280.0,3.6497145743036092e+19,8.771411955811045e-22,528226.4778813546,0.2488184788065386,1,1,1,1.9473658223307885e+22,0.00014713761895304893,3.174859711919612e+20,3877879936952616.5
50950.95095095095,2143.89805929289,0.05000046297878567,280.0,3.6314933712355156e+19,8.770094020440014e-22,528147.110002771,0.24837423311935963,1,1,1,1.947363655936354e+22,0.00014713763532174095,3.1490136487623714e+20,3872514627557252.0
51051.05105105106,2142.6090574447426,0.050000468985215867,280.0,3.6133631375389946e+19,8.768775490636209e-22,528067.7063266293,0.24793073571180116,1,1,1,1.947361493874721e+22,0.00014713765165771548,3.1232514625026e+20,3867129858124446.5
51151.151151151156,2141.320055596595,0.050000475069570116,280.0,3.5953234190493856e+19,8.76745636577367e-22,527988.266815233,0.24748798517975132,1,1,1,1.9473593361372237e+22,0.00014713766796103784,3.097573431290146e+20,3861725595641713.0
51251.251251251255,2140.0310537484474,0.05000048123285936,280.0,3.577373763869442e+19,8.766136645225395e-22,527908.7914308234,0.2470459801212783,1,1,1,1.947357182715214e+22,0.00014713768423177325,3.0719798355564e+20,3856301807438014.0
51351.35135135135,2138.7420519003,0.05000048747610766,280.0,3.5595137223580123e+19,8.764816328363342e-22,527829.2801355789,0.24660471913662543,1,1,1,1.9473550336000604e+22,0.00014713770046998685,3.046470958033249e+20,3850858461188690.0
51451.45145145145,2137.4530500521523,0.050000493800352354,280.0,3.541742847118782e+19,8.763495414558436e-22,527749.7328916157,0.24616420082820728,1,1,1,1.9473528887831505e+22,0.00014713771667574356,3.0210470837718463e+20,3845395524920417.0
51551.55155155156,2136.1640482040048,0.05000050020664425,280.0,3.5240606929890615e+19,8.76217390318055e-22,527670.1496609867,0.24572442380060497,1,1,1,1.9473507482558873e+22,0.00014713773284910826,2.995708500161163e+20,3839912967016199.0
51651.65165165166,2134.875046355857,0.05000050669604777,280.0,3.5064668170286404e+19,8.76085179359851e-22,527590.5304056819,0.24528538666056224,1,1,1,1.9473486120096916e+22,0.00014713774899014558,2.9704554969463325e+20,3834410756220395.5
51751.751751751755,2133.5860445077096,0.05000051326964115,280.0,3.488960778508684e+19,8.759529085180106e-22,527510.8750876285,0.24484708801698052,1,1,1,1.947346480036002e+22,0.00014713776509892018,2.9452883662467344e+20,3828888861643779.0
51851.851851851854,2132.297042659562,0.050000519928516646,280.0,3.471542138900695e+19,8.758205777292063e-22,527431.1836686899,0.24440952648091485,1,1,1,1.947344352326273e+22,0.00014713778117549648,2.920207402573831e+20,3823347252768629.0
51951.95195195195,2131.0080408114145,0.050000526673780646,280.0,3.454210461865534e+19,8.756881869300063e-22,527351.4561106666,0.24397270066556973,1,1,1,1.947342228871977e+22,0.00014713779721993876,2.8952129028487188e+20,3817785899453858.5
52052.05205205206,2129.719038963267,0.050000533506553896,280.0,3.4369653132424806e+19,8.755557360568725e-22,527271.6923752951,0.24353660918629438,1,1,1,1.9473401096646037e+22,0.00014713781323231126,2.870305166419377e+20,3812204771940174.0
52152.15215215216,2128.4300371151194,0.0500005404279717,280.0,3.4198062610383684e+19,8.754232250461622e-22,527191.8924242489,0.2431012506605789,1,1,1,1.9473379946956587e+22,0.00014713782921267803,2.8454844950775998e+20,3806603840855269.5
52252.252252252256,2127.141035266972,0.05000054743918408,280.0,3.4027328754167546e+19,8.752906538341248e-22,527112.0562191365,0.24266662370804948,1,1,1,1.947335883956666e+22,0.00014713784516110298,2.820751193075568e+20,3800983077219050.5
52352.352352352355,2125.8520334188242,0.05000055454135598,280.0,3.38574472868715e+19,8.751580223569054e-22,527032.1837215035,0.24223272695046447,1,1,1,1.9473337774391656e+22,0.00014713786107764992,2.796105567142068e+20,3795342452448896.0
52452.45245245245,2124.5630315706767,0.05000056173566744,280.0,3.3688413952943174e+19,8.750253305505415e-22,526952.274892831,0.2417995590117097,1,1,1,1.9473316751347148e+22,0.00014713787696238255,2.7715479264983076e+20,3789681938364951.5
52552.55255255256,2123.274029722529,0.05000056902331385,280.0,3.3520224518075994e+19,8.748925783509635e-22,526872.3296945352,0.24136711851779466,1,1,1,1.9473295770348876e+22,0.0001471378928153644,2.747078582873316e+20,3784001507195454.5
52652.65265265266,2121.9850278743816,0.05000057640550607,280.0,3.3352874769103233e+19,8.747597656939964e-22,526792.3480879692,0.24093540409684797,1,1,1,1.947327483131275e+22,0.00014713790863665893,2.7226978505189058e+20,3778301131582095.5
52752.752752752756,2120.696026026234,0.05000058388347069,280.0,3.318636051389234e+19,8.746268925153562e-22,526712.3300344202,0.24050441437911302,1,1,1,1.9473253934154845e+22,0.0001471379244263294,2.698406046224146e+20,3772580784585408.5
52852.852852852855,2119.4070241780864,0.05000059145845019,280.0,3.3020677581240025e+19,8.744939587506527e-22,526632.2754951117,0.2400741479969437,1,1,1,1.947323307879141e+22,0.000147137940184439,2.6742034893293532e+20,3766840439690197.5
52952.95295295295,2118.118022329939,0.0500005991317032,280.0,3.2855821820767683e+19,8.743609643353874e-22,526552.1844312015,0.23964460358480066,1,1,1,1.9473212265138854e+22,0.00014713795591105074,2.6500905017395426e+20,3761080070810995.0
53053.05305305306,2116.8290204817913,0.050000606904504655,280.0,3.2691789102817518e+19,8.742279092049533e-22,526472.0568037827,0.2392157797792462,1,1,1,1.947319149311376e+22,0.0001471379716062276,2.6260674079373217e+20,3755299652297553.5
53153.15315315316,2115.5400186336437,0.05000061477814604,280.0,3.2528575318349074e+19,8.740947932946367e-22,526391.8925738836,0.23878767521894081,1,1,1,1.9473170762632874e+22,0.00014713798727003237,2.6021345349951983e+20,3749499158940369.5
53253.25325325326,2114.251016785496,0.05000062275393559,280.0,3.2366176378836255e+19,8.739616165396143e-22,526311.6917024669,0.23836028854463864,1,1,1,1.947315007361311e+22,0.0001471380029025277,2.578292212587249e+20,3743678565976240.0
53353.353353353355,2112.9620149373486,0.05000063083319853,280.0,3.2204588216164938e+19,8.738283788749536e-22,526231.4541504292,0.23793361839918328,1,1,1,1.947312942597155e+22,0.00014713801850377607,2.554540773000145e+20,3737837849093852.0
53453.453453453454,2111.673013089201,0.05000063901727724,280.0,3.204380678253104e+19,8.73695080235615e-22,526151.1798786027,0.23750766342750324,1,1,1,1.9473108819625434e+22,0.00014713803407384,2.5308805511434764e+20,3731976984439403.5
53553.55355355356,2110.3840112410535,0.050000647307531565,280.0,3.188382805033917e+19,8.735617205564477e-22,526070.868847753,0.23708242227660847,1,1,1,1.947308825449218e+22,0.00014713804961278174,2.5073118845593456e+20,3726095948622259.0
53653.65365365366,2109.095009392906,0.050000655705338945,280.0,3.1724648012101722e+19,8.734282997721928e-22,525990.52101858,0.2366578935955857,1,1,1,1.9473067730489353e+22,0.00014713806512066347,2.4838351134312022e+20,3720194718720636.5
53753.75375375376,2107.8060075447584,0.05000066421209472,280.0,3.156626268033847e+19,8.732948178174812e-22,525910.1363517176,0.23623407603559424,1,1,1,1.9473047247534705e+22,0.00014713808059754727,2.4604505805918523e+20,3714273272287323.0
53853.853853853856,2106.517005696611,0.05000067282921231,280.0,3.1408668087476662e+19,8.731612746268334e-22,525829.7148077333,0.235810968249862,1,1,1,1.947302680554614e+22,0.00014713809604349496,2.4371586315306372e+20,3708331587355428.0
53953.953953953955,2105.2280038484632,0.0500006815581235,280.0,3.125186028575166e+19,8.730276701346606e-22,525749.2563471284,0.23538856889368107,1,1,1,1.9473006404441723e+22,0.00014713811145856845,2.4139596143997138e+20,3702369642444164.5
54054.05405405406,2103.9390020003157,0.05000069040027863,280.0,3.109583534710805e+19,8.728940042752631e-22,525668.7609303378,0.2349668766244039,1,1,1,1.947298604413969e+22,0.00014713812684282937,2.3908538800194005e+20,3696387416564663.5
54154.15415415416,2102.650000152168,0.050000699357146856,280.0,3.094058936310127e+19,8.727602769828303e-22,525588.2285177293,0.234545890101439,1,1,1,1.9472965724558437e+22,0.00014713814219633926,2.3678417818825546e+20,3690384889225821.0
54254.25425425426,2101.3609983040205,0.0500007084302164,280.0,3.078611844479963e+19,8.726264881914407e-22,525507.6590696042,0.2341256079862468,1,1,1,1.947294544561653e+22,0.00014713815751915955,2.3449236761579048e+20,3684362040440173.0
54354.35435435436,2100.071996455873,0.05000071762099479,280.0,3.0632418722686968e+19,8.724926378350617e-22,525427.0525461969,0.23370602894233533,1,1,1,1.947292520723269e+22,0.0001471381728113516,2.3220999216923296e+20,3678318850729805.5
54454.454454454455,2098.7829946077254,0.05000072693100911,280.0,3.0479486346565624e+19,8.723587258475498e-22,525346.4089076745,0.23328715163525657,1,1,1,1.94729050093258e+22,0.00014713818807297654,2.2993708800120023e+20,3672255301132293.5
54554.55455455456,2097.493992759578,0.05000073636180626,280.0,3.0327317485460103e+19,8.72224752162648e-22,525265.7281141364,0.2328689747326018,1,1,1,1.9472884851814913e+22,0.00014713820330409543,2.276736915322361e+20,3666171373206672.0
54654.65465465466,2096.2049909114303,0.0500007459149532,280.0,3.0175908327521083e+19,8.720907167139892e-22,525185.0101256153,0.2324514969039981,1,1,1,1.9472864734619235e+22,0.00014713821850476926,2.2541983945068596e+20,3660067049039438.0
54754.75475475476,2094.9159890632827,0.050000755592037226,280.0,3.002525507992983e+19,8.719566194350932e-22,525104.254902076,0.2320347168211037,1,1,1,1.947284465765814e+22,0.00014713823367505882,2.231755687124419e+20,3653942311250581.0
54854.85485485486,2093.626987215135,0.050000765394666226,280.0,2.987535396880335e+19,8.718224602593675e-22,525023.4624034155,0.23161863315760425,1,1,1,1.947282462085116e+22,0.0001471382488150248,2.2094091654055533e+20,3647797142999646.0
54954.954954954956,2092.3379853669876,0.05000077532446895,280.0,2.9726201239099654e+19,8.71688239120106e-22,524942.6325894624,0.23120324458920857,1,1,1,1.947280462411799e+22,0.00014713826392472775,2.187159204247092e+20,3641631527991826.5
55055.05505505506,2091.04898351884,0.050000785383095256,280.0,2.957779315452388e+19,8.715539559504912e-22,524861.7654199785,0.23078854979364463,1,1,1,1.947278466737848e+22,0.00014713827900422822,2.1650061812054396e+20,3635445450484086.0
55155.15515515516,2089.7599816706925,0.05000079557221645,280.0,2.943012599743463e+19,8.714196106835908e-22,524780.8608546562,0.2303745474506559,1,1,1,1.9472764750552654e+22,0.00014713829405358647,2.1429504764883255e+20,3629238895291312.0
55255.25525525526,2088.470979822545,0.05000080589352548,280.0,2.928319606875078e+19,8.712852032523594e-22,524699.9188531197,0.22996123624199635,1,1,1,1.947274487356068e+22,0.00014713830907286273,2.1209924729449497e+20,3623011847792496.5
55355.35535535536,2087.1819779743973,0.050000816348737265,280.0,2.9136999687858926e+19,8.711507335896388e-22,524618.9393749255,0.22954861485142744,1,1,1,1.9472725036322896e+22,0.00014713832406211707,2.0991325560544923e+20,3616764293936947.5
55455.455455455456,2085.89297612625,0.050000826939588995,280.0,2.899153319252107e+19,8.710162016281545e-22,524537.92237956,0.22913668196471354,1,1,1,1.9472705238759796e+22,0.0001471383390214095,2.077371113912897e+20,3610496220250529.5
55555.55555555556,2084.603974278102,0.05000083766784038,280.0,2.884679293878297e+19,8.708816073005197e-22,524456.8678264419,0.22872543626961803,1,1,1,1.9472685480792033e+22,0.00014713835395079988,2.0557085372178606e+20,3604207613841933.0
55655.65565565566,2083.3149724299547,0.05000084853527396,280.0,2.8702775300882862e+19,8.707469505392321e-22,524375.7756749203,0.2283148764558994,1,1,1,1.947266576234042e+22,0.00014713836885034792,2.0341452192519697e+20,3597898462408972.5
55755.75575575576,2082.025970581807,0.05000085954369539,280.0,2.8559476671160558e+19,8.706122312766745e-22,524294.6458842753,0.2279050012153072,1,1,1,1.947264608332592e+22,0.00014713838372011327,2.0126815558638823e+20,3591568754244911.5
55855.85585585586,2080.7369687336595,0.05000087069493377,280.0,2.8416893459967136e+19,8.70477449445115e-22,524213.4784137179,0.22749580924157783,1,1,1,1.9472626443669666e+22,0.00014713839856015536,1.991317945447511e+20,3585218478244818.0
55955.95595595596,2079.447966885512,0.050000881990841926,280.0,2.8275022095574966e+19,8.703426049767059e-22,524132.27322238905,0.2270872992304309,1,1,1,1.947260684329295e+22,0.00014713841337053368,1.9700547889191056e+20,3578847623911945.5
56056.05605605606,2078.1589650373644,0.050000893433296716,280.0,2.81338590240883e+19,8.702076978034834e-22,524051.0302693602,0.22667946987956508,1,1,1,1.9472587282117206e+22,0.00014713842815130738,1.948892489692158e+20,3572456181364143.5
56156.15615615616,2076.869963189217,0.050000905024199335,280.0,2.799340070935424e+19,8.70072727857369e-22,523969.7495136336,0.22627231988865423,1,1,1,1.947256776006404e+22,0.00014713844290253564,1.9278314536500616e+20,3566044141340294.5
56256.25625625626,2075.5809613410693,0.050000916765475675,280.0,2.78536436328741e+19,8.69937695070167e-22,523888.43091414054,0.22586584795934347,1,1,1,1.9472548277055205e+22,0.00014713845762427753,1.906872089116407e+20,3559611495206776.5
56356.35635635636,2074.2919594929217,0.05000092865907658,280.0,2.771458429371531e+19,8.698025993735652e-22,523807.0744297429,0.22546005279524522,1,1,1,1.947252883301262e+22,0.0001471384723165919,1.886014806822864e+20,3553158234963954.0
56456.45645645646,2073.002957644774,0.05000094070697823,280.0,2.7576219208423694e+19,8.696674406991347e-22,523725.6800192315,0.225054933101935,1,1,1,1.9472509427858356e+22,0.0001471384869795375,1.8652600198745345e+20,3546684353252695.5
56556.55655655656,2071.7139557966266,0.05000095291118241,280.0,2.7438544910936236e+19,8.695322189783306e-22,523644.2476413279,0.22465048758694797,1,1,1,1.9472490061514632e+22,0.00014713850161317312,1.844608143712688e+20,3540189843360914.5
56656.65665665666,2070.424953948479,0.05000096527371691,280.0,2.7301557952494273e+19,8.69396934142489e-22,523562.7772546817,0.2242467149597748,1,1,1,1.947247073390384e+22,0.00014713851621755725,1.8240595960747993e+20,3533674699230141.0
56756.75675675676,2069.1359521003315,0.05000097779663581,280.0,2.7165254901557027e+19,8.692615861228294e-22,523481.2688178721,0.2238436139318577,1,1,1,1.9472451444948504e+22,0.0001471385307927483,1.8036147969517634e+20,3527138915462111.0
56856.85685685686,2067.846950252184,0.050000990482019836,280.0,2.702963234371571e+19,8.691261748504534e-22,523399.7222894079,0.22344118321658674,1,1,1,1.9472432194571326e+22,0.0001471385453388046,1.7832741685422178e+20,3520582487325387.5
56956.95695695696,2066.5579484040363,0.05000100333197672,280.0,2.6894686881607987e+19,8.689907002563442e-22,523318.1376277261,0.22303942152929573,1,1,1,1.947241298269515e+22,0.00014713855985578443,1.7630381352038534e+20,3514005410762004.5
57057.05705705706,2065.2689465558888,0.050001016348641514,280.0,2.6760415134832796e+19,8.688551622713666e-22,523236.5147911924,0.22263832758725843,1,1,1,1.9472393809242974e+22,0.00014713857434374577,1.7429071234016104e+20,3507407682394131.5
57157.15715715716,2063.979944707741,0.050001029534177004,280.0,2.662681373986582e+19,8.687195608262672e-22,523154.8537381016,0.22223790010968505,1,1,1,1.9472374674137958e+22,0.00014713858880274668,1.7228815616526647e+20,3500789299530769.5
57257.25725725726,2062.6909428595936,0.050001042890774,280.0,2.6493879349975085e+19,8.685838958516734e-22,523073.15442667657,0.22183813781771766,1,1,1,1.9472355577303407e+22,0.00014713860323284497,1.7029618804680747e+20,3494150260174460.5
57357.35735735736,2061.401941011446,0.05000105642065176,280.0,2.636160863513718e+19,8.684481672780927e-22,522991.4168150678,0.221439039434427,1,1,1,1.9472336518662784e+22,0.00014713861763409835,1.683148512291001e+20,3487490563028029.0
57457.45745745746,2060.1129391632985,0.05000107012605832,280.0,2.622999828195386e+19,8.683123750359137e-22,522909.64086135454,0.2210406036848085,1,1,1,1.94723174981397e+22,0.00014713863200656451,1.663441891431373e+20,3480810207501340.5
57557.557557557564,2058.823937315151,0.050001084009270884,280.0,2.609904499356899e+19,8.681765190554053e-22,522827.82652354374,0.22064282929577816,1,1,1,1.9472298515657933e+22,0.00014713864635030092,1.643842453996883e+20,3474109193718085.5
57657.65765765766,2057.5349354670034,0.050001098072596194,280.0,2.5968745489586037e+19,8.680405992667162e-22,522745.9737595699,0.2202457149961692,1,1,1,1.9472279571141394e+22,0.000147138660665365,1.624350637820211e+20,3467387522522584.5
57757.75775775776,2056.245933618856,0.05000111231837092,280.0,2.583909650598581e+19,8.679046155998745e-22,522664.08252729505,0.2198492595167279,1,1,1,1.947226066451416e+22,0.00014713867495181403,1.6049668823823254e+20,3460645195486612.0
57857.85785785786,2054.9569317707083,0.050001126748962066,280.0,2.571009479504477e+19,8.677685679847872e-22,522582.1527845082,0.21945346159011003,1,1,1,1.9472241795700454e+22,0.00014713868920970518,1.5856916287317764e+20,3453882214916244.5
57957.95795795796,2053.6679299225607,0.0500011413667673,280.0,2.5581737125253628e+19,8.676324563512424e-22,522500.1844889268,0.21905831995087696,1,1,1,1.947222296462465e+22,0.00014713870343909544,1.5665253193998336e+20,3447098583858727.5
58058.058058058064,2052.378928074413,0.05000115617421545,280.0,2.545402028123636e+19,8.674962806289036e-22,522418.1775981932,0.21866383333549175,1,1,1,1.947220417121128e+22,0.00014713871764004182,1.5474683983113493e+20,3440294306109363.5
58158.15815815816,2051.0899262262656,0.05000117117376681,280.0,2.53269410636698e+19,8.673600407473163e-22,522336.1320698787,0.2182700004823159,1,1,1,1.947218541538502e+22,0.00014713873181260119,1.5285213106912267e+20,3433469386218419.0
58258.25825825826,2049.800924378118,0.050001186367913605,280.0,2.5200496289203347e+19,8.672237366359024e-22,522254.04786148027,0.2178768201316049,1,1,1,1.94721666970707e+22,0.00014713874595683013,1.509684502966347e+20,3426623829498049.5
58358.35835835836,2048.5119225299704,0.05000120175918041,280.0,2.5074682790379287e+19,8.670873682239608e-22,522171.9249304207,0.2174842910255052,1,1,1,1.94721480161933e+22,0.00014713876007278528,1.490958422662847e+20,3419757642029243.5
58458.45845845846,2047.222920681823,0.05000121735012453,280.0,2.494949741555346e+19,8.669509354406705e-22,522089.7632340507,0.21709241190804995,1,1,1,1.947212937267795e+22,0.0001471387741605232,1.4723435182985994e+20,3412870830668786.5
58558.558558558565,2045.9339188336758,0.050001233143336446,280.0,2.4824937028816245e+19,8.66814438215086e-22,522007.56272964575,0.21670118152515527,1,1,1,1.9472110766449924e+22,0.0001471387882201002,1.4538402392707696e+20,3405963403056240.0
58658.65865865866,2044.6449169855284,0.050001249141440274,280.0,2.470099850991412e+19,8.666778764761393e-22,521925.3233744079,0.21631059862461724,1,1,1,1.9472092197434654e+22,0.00014713880225157255,1.4354490357383166e+20,3399035367620939.5
58758.75875875876,2043.355915137381,0.050001265347094134,280.0,2.4577678754171388e+19,8.665412501526394e-22,521843.04512546485,0.21592066195610735,1,1,1,1.947207366555772e+22,0.0001471388162549964,1.4171703584992892e+20,3392086733589006.5
58858.85885885886,2042.0669132892338,0.05000128176299067,280.0,2.4454974672412455e+19,8.664045591732711e-22,521760.7279398697,0.21553137027116928,1,1,1,1.9472055170744845e+22,0.00014713883023042778,1.3990046588628037e+20,3385117510990378.0
58958.95895895896,2040.7779114410864,0.05000129839185743,280.0,2.4332883190884454e+19,8.662678034665969e-22,521678.3717746016,0.215142722323215,1,1,1,1.947203671292191e+22,0.00014713884417792263,1.3809523885155497e+20,3378127710665852.5
59059.059059059065,2039.488909592939,0.05000131523645735,280.0,2.4211401251180184e+19,8.661309829610533e-22,521595.9765865642,0.21475471686752132,1,1,1,1.947201829201493e+22,0.00014713885809753677,1.3630139993826918e+20,3371117344274147.5
59159.159159159164,2038.1999077447917,0.050001332299589224,280.0,2.4090525810161623e+19,8.659940975849536e-22,521513.5423325868,0.2143673526612263,1,1,1,1.947199990795009e+22,0.00014713887198932585,1.3451899434830386e+20,3364086424298975.5
59259.25925925926,2036.9109058966444,0.050001349584088146,280.0,2.3970253839883543e+19,8.658571472664857e-22,521431.068969423,0.21398062846332513,1,1,1,1.9471981560653693e+22,0.00014713888585334548,1.3274806727783218e+20,3357034964056127.5
59359.35935935936,2035.621904048497,0.050001367092826,280.0,2.385058232751779e+19,8.657201319337135e-22,521348.55645375216,0.21359454303466707,1,1,1,1.947196325005222e+22,0.0001471388996896512,1.3098866390164759e+20,3349962977700576.0
59459.45945945946,2034.3329022003497,0.050001384828711914,280.0,2.373150827527773e+19,8.655830515145743e-22,521266.00474217685,0.21320909513795136,1,1,1,1.9471944976072274e+22,0.00014713891349829833,1.292408293568763e+20,3342870480233586.0
59559.559559559566,2033.0439003522024,0.05000140279469276,280.0,2.3613028700343157e+19,8.654459059368813e-22,521183.4137912253,0.21282428353772395,1,1,1,1.947192673864062e+22,0.00014713892727934207,1.2750460872606161e+20,3335757487509839.5
59659.659659659665,2031.754898504055,0.05000142099375366,280.0,2.3495140634785657e+19,8.653086951283197e-22,521100.78355734865,0.21244010700037372,1,1,1,1.9471908537684172e+22,0.00014713894103283765,1.2578004701960723e+20,3328624016244571.0
59759.75975975976,2030.4658966559077,0.05000143942891844,280.0,2.3377841125494157e+19,8.651714190164511e-22,521018.1139969234,0.2120565642941289,1,1,1,1.9471890373129974e+22,0.0001471389547588401,1.2406718915756481e+20,3321470084020711.5
59859.85985985986,2029.1768948077604,0.05000145810325014,280.0,2.3261127234101015e+19,8.650340775287081e-22,520935.40506624844,0.21167365418905368,1,1,1,1.9471872244905226e+22,0.0001471389684574043,1.2236607995075514e+20,3314295709296045.5
59959.95995995997,2027.887892959613,0.050001477019851595,280.0,2.314499603690837e+19,8.648966705923987e-22,520852.65672154765,0.21129137545704427,1,1,1,1.947185415293728e+22,0.0001471389821285851,1.2067676408120841e+20,3307100911410373.0
60060.06006006007,2026.5988911114657,0.05000149618186584,280.0,2.3029444624814952e+19,8.647591981347019e-22,520769.86891896726,0.21090972687182566,1,1,1,1.947183609715362e+22,0.00014713899577243724,1.1899928608191277e+20,3299885710592685.0
60160.160160160165,2025.3098892633184,0.0500015155924767,280.0,2.2914470103243158e+19,8.64621660082671e-22,520687.04161457776,0.21052870720894795,1,1,1,1.9471818077481883e+22,0.00014713900938901524,1.1733369031585705e+20,3292650127968341.0
60260.260260260264,2024.020887415171,0.05000153525490932,280.0,2.280006959206658e+19,8.644840563632302e-22,520604.174764372,0.21014831524578284,1,1,1,1.947180009384985e+22,0.00014713902297837367,1.156800209543587e+20,3285394185566257.5
60360.36036036036,2022.7318855670237,0.05000155517243067,280.0,2.2686240225537835e+19,8.643463869031767e-22,520521.268324266,0.20976854976152012,1,1,1,1.9471782146185445e+22,0.00014713903654056684,1.1403832195466371e+20,3278117906326101.0
60460.46046046047,2021.4428837188764,0.05000157534835011,280.0,2.2572979152216797e+19,8.642086516291787e-22,520438.3222500986,0.20938940953716406,1,1,1,1.947176423441674e+22,0.00014713905007564905,1.1240863703680883e+20,3270821314105486.5
60560.56056056057,2020.153881870729,0.050001595786019926,280.0,2.2460283534899143e+19,8.640708504677755e-22,520355.33649763063,0.20901089335553008,1,1,1,1.947174635847194e+22,0.0001471390635836745,1.107910096597361e+20,3263504433687182.0
60660.660660660666,2018.8648800225817,0.05000161648883591,280.0,2.234815055054531e+19,8.63932983345379e-22,520272.3110225463,0.20863300000124096,1,1,1,1.947172851827941e+22,0.00014713907706469717,1.0918548299664885e+20,3256167290786314.5
60760.760760760764,2017.5758781744344,0.05000163746023788,280.0,2.2236577390209753e+19,8.637950501882704e-22,520189.2457804512,0.20825572826072386,1,1,1,1.9471710713767644e+22,0.0001471390905187711,1.0759209990960257e+20,3248809912057580.5
60860.86086086086,2016.286876326287,0.05000165870371031,280.0,2.2125561258970587e+19,8.636570509226014e-22,520106.14072687284,0.20787907692220617,1,1,1,1.9471692944865287e+22,0.00014713910394595003,1.0601090292332066e+20,3241432325102460.0
60960.96096096097,2014.9978744781397,0.05000168022278286,280.0,2.2015099375859585e+19,8.635189854743947e-22,520022.99581726105,0.20750304477571271,1,1,1,1.9471675211501126e+22,0.0001471391173462878,1.0444193419822862e+20,3234034558476429.5
61061.06106106107,2013.7088726299924,0.05000170202103099,280.0,2.1905188973792506e+19,8.633808537695425e-22,519939.8110069872,0.20712763061306197,1,1,1,1.9471657513604088e+22,0.00014713913071983796,1.0288523550270076e+20,3226616641696179.0
61161.161161161166,2012.419870781845,0.05000172410207655,280.0,2.1795827299499774e+19,8.632426557338063e-22,519856.5862513438,0.20675283322786242,1,1,1,1.9471639851103242e+22,0.00014713914406665405,1.013408481845122e+20,3219178605246823.5
61261.261261261265,2011.1308689336977,0.05000174646958836,280.0,2.1687011613457514e+19,8.631043912928169e-22,519773.32150554453,0.20637865141550976,1,1,1,1.94716222239278e+22,0.0001471391573867895,9.980881314149419e+19,3211720480589120.0
61361.36136136136,2009.8418670855503,0.050001769127282845,280.0,2.1578739189818933e+19,8.629660603720735e-22,519690.0167247242,0.20600508397318285,1,1,1,1.947160463200712e+22,0.00014713917068029755,9.828917079138753e+19,3204242300166678.5
61461.46146146147,2008.552865237403,0.050001792078924655,280.0,2.1471007316346024e+19,8.628276628969448e-22,519606.67186393874,0.20563212969984063,1,1,1,1.947158707527069e+22,0.00014713918394723146,9.678196104089279e+19,3196744097413170.5
61561.56156156157,2007.2638633892557,0.05000181532832726,280.0,2.136381329434163e+19,8.626891987926673e-22,519523.2868781645,0.20525978739621864,1,1,1,1.9471569553648152e+22,0.00014713919718764432,9.528722325391665e+19,3189225906759537.5
61661.66166166167,2005.9748615411083,0.050001838879353624,280.0,2.125715443858185e+19,8.625506679843451e-22,519439.86172229826,0.20488805586482567,1,1,1,1.947155206706928e+22,0.0001471392104015891,9.380499621901355e+19,3181687763641187.5
61761.761761761765,2004.685859692961,0.0500018627359168,280.0,2.115102807724875e+19,8.624120703969508e-22,519356.3963511574,0.20451693390994052,1,1,1,1.947153461546399e+22,0.00014713922358911867,9.233531811602656e+19,3174129704505195.5
61861.861861861864,2003.3968578448137,0.05000188690198064,280.0,2.104543155186347e+19,8.622734059553237e-22,519272.890719479,0.20414642033760821,1,1,1,1.9471517198762346e+22,0.00014713923675028581,9.087822648192926e+19,3166551766817489.0
61961.96196196197,2002.1078559966663,0.050001911381560384,280.0,2.0940362217219584e+19,8.621346745841699e-22,519189.34478192026,0.20377651395563726,1,1,1,1.947149981689454e+22,0.00014713924988514325,8.943375817587425e+19,3158953989070033.0
62062.06206206207,2000.818854148519,0.050001936178723394,280.0,2.0835817441316884e+19,8.619958762080624e-22,519105.7584930579,0.20340721357359587,1,1,1,1.947148246979091e+22,0.00014713926299374344,8.80019493434557e+19,3151336410788003.0
62162.16216216217,1999.5298523003717,0.05000196129758977,280.0,2.0731794605295415e+19,8.618570107514405e-22,519022.1318073883,0.20303851800280873,1,1,1,1.9471465157381935e+22,0.0001471392760761389,8.658283538019272e+19,3143699072536948.0
62262.262262262266,1998.2408504522243,0.05000198674233309,280.0,2.062829110336988e+19,8.617180781386095e-22,518938.4646793269,0.2026704260563539,1,1,1,1.947144787959823e+22,0.00014713928913238203,8.517645089424608e+19,3136042015929946.5
62362.362362362364,1996.951848604077,0.05000201251718106,280.0,2.052530434276437e+19,8.615790782937408e-22,518854.75706320885,0.20230293654905918,1,1,1,1.947143063637055e+22,0.000147139302162525,8.378282966837946e+19,3128365283634749.0
62462.46246246247,1995.6628467559296,0.05000203862641624,280.0,2.0422831743647416e+19,8.614400111408708e-22,518771.0089132877,0.201936048297499,1,1,1,1.9471413427629785e+22,0.00014713931516662,8.240200462117975e+19,3120668919380908.0
62562.56256256257,1994.3738449077823,0.05000206507437674,280.0,2.032087073906735e+19,8.613008766039007e-22,518687.22018373583,0.20156976011999134,1,1,1,1.9471396253306968e+22,0.00014713932814471907,8.103400776755406e+19,3112952967966898.0
62662.66266266267,1993.084843059635,0.050002091865456955,280.0,2.021941877488802e+19,8.611616746065968e-22,518603.39082864416,0.20120407083659406,1,1,1,1.947137911333327e+22,0.00014713934109687412,7.967887017852058e+19,3105217475267215.0
62762.762762762766,1991.7958412114876,0.050002119004108295,280.0,2.0118473309724807e+19,8.610224050725892e-22,518519.5208020218,0.200838979269102,1,1,1,1.9471362007639995e+22,0.00014713935402313702,7.83366219403167e+19,3097462488239466.5
62862.862862862865,1990.5068393633403,0.0500021464948399,280.0,2.0018031814880936e+19,8.608830679253733e-22,518435.6100577964,0.20047448424104347,1,1,1,1.947134493615859e+22,0.00014713936692355948,7.700729211284668e+19,3089688054931443.0
62962.96296296297,1989.217837515193,0.050002174342219444,280.0,1.9918091774284177e+19,8.607436630883069e-22,518351.65854981326,0.2001105845776773,1,1,1,1.9471327898820634e+22,0.00014713937979819315,7.569090868749556e+19,3081894224488170.0
63063.06306306307,1987.9288356670456,0.05000220255087382,280.0,1.9818650684423774e+19,8.606041904846118e-22,518267.6662318353,0.19974727910598944,1,1,1,1.9471310895557846e+22,0.0001471393926470895,7.438749854433886e+19,3074081047158945.5
63163.16316316317,1986.6398338188983,0.05000223112548997,280.0,1.9719706054287757e+19,8.60464650037373e-22,518183.6330575433,0.1993845666546898,1,1,1,1.9471293926302084e+22,0.0001471394054703,7.309708740877815e+19,3066248574304352.0
63263.26326326327,1985.350831970751,0.05000226007081562,280.0,1.9621255405300543e+19,8.603250416695376e-22,518099.558980535,0.19902244605420893,1,1,1,1.947127699098534e+22,0.00014713941826787597,7.181969980763888e+19,3058396858403254.0
63363.363363363365,1984.0618301226036,0.05000228939166011,280.0,1.952329627126083e+19,8.601853653039158e-22,518015.44395432563,0.1986609161366953,1,1,1,1.947126008953974e+22,0.00014713943103986855,7.055535902476632e+19,3050525953059768.0
63463.46346346347,1982.7728282744563,0.050002319092895174,280.0,1.942582619827983e+19,8.600456208631793e-22,517931.2879323469,0.19829997573601146,1,1,1,1.9471243221897543e+22,0.00014713944378632896,6.930408705616031e+19,3042635913010211.5
63563.56356356357,1981.483826426309,0.05000234917945572,280.0,1.9328842744719802e+19,8.599058082698623e-22,517847.090867948,0.19793962368773144,1,1,1,1.9471226387991154e+22,0.00014713945650730818,6.8065904564692525e+19,3034726794130031.0
63663.66366366367,1980.1948245781616,0.05000237965634071,280.0,1.923234348113287e+19,8.597659274463594e-22,517762.8527143938,0.1975798588291375,1,1,1,1.9471209587753106e+22,0.00014713946920285708,6.684083083445113e+19,3026798653440695.0
63763.76376376377,1978.9058227300143,0.050002410528613934,280.0,1.91363259902002e+19,8.596259783149265e-22,517678.57342486567,0.19722067999921666,1,1,1,1.9471192821116067e+22,0.00014713948187302652,6.562888372476408e+19,3018851549116571.0
63863.863863863866,1977.616820881867,0.05000244180140489,280.0,1.9040787866671403e+19,8.594859607976812e-22,517594.25295246195,0.19686208603865799,1,1,1,1.947117608801284e+22,0.00014713949451786715,6.443007962395224e+19,3010885540491767.0
63963.96396396397,1976.3278190337196,0.05000247347990962,280.0,1.8945726717304316e+19,8.593458748165997e-22,517509.89125019556,0.19650407578984946,1,1,1,1.947115938837637e+22,0.0001471395071374296,6.324443340286846e+19,3002900688066947.0
64064.06406406407,1975.0388171855723,0.050002505569391564,280.0,1.885114016080504e+19,8.5920572029352e-22,517425.48827099614,0.19614664809687463,1,1,1,1.9471142722139725e+22,0.0001471395197317644,6.207195836828206e+19,2994897053516116.5
64164.16416416417,1973.749815337425,0.05000253807518246,280.0,1.8757025827768283e+19,8.590654971501385e-22,517341.0439677084,0.19578980180550962,1,1,1,1.947112608923611e+22,0.00014713953230092192,6.091266621616947e+19,2986874699693372.0
64264.26426426427,1972.4608134892776,0.050002571002683203,280.0,1.8663381360618017e+19,8.589252053080119e-22,517256.55829309253,0.19543353576322034,1,1,1,1.947110948959887e+22,0.00014713954484495245,5.9766566984978235e+19,2978833690639622.5
64364.364364364366,1971.1718116411303,0.050002604357364776,280.0,1.8570204413548397e+19,8.587848446885545e-22,517172.03119982325,0.195077848819159,1,1,1,1.947109292316147e+22,0.00014713955736390626,5.8633669008931594e+19,2970774091589273.5
64464.46446446447,1969.882809792983,0.0500026381447691,280.0,1.847749265246505e+19,8.586444152130411e-22,517087.46264049114,0.19472273982416158,1,1,1,1.9471076389857524e+22,0.00014713956985783338,5.75139788714459e+19,2962695968976875.5
64564.56456456457,1968.5938079448356,0.05000267237051004,280.0,1.8385243754926529e+19,8.585039168026035e-22,517002.8525676006,0.1943682076307443,1,1,1,1.947105988962077e+22,0.00014713958232678387,5.640750135873617e+19,2954599390443739.0
64664.66466466467,1967.3048060966883,0.050002707040274236,280.0,1.8293455410086214e+19,8.583633493782321e-22,516918.2009335711,0.1940142510931008,1,1,1,1.9471043422385074e+22,0.00014713959477080754,5.531423941368656e+19,2946484424844503.0
64764.76476476477,1966.015804248541,0.05000274215982216,280.0,1.8202125318634365e+19,8.58222712860774e-22,516833.50769073557,0.19366086906709945,1,1,1,1.947102698808445e+22,0.0001471396071899543,5.423419409006845e+19,2938351142253673.5
64864.86486486487,1964.7268024003936,0.050002777734988964,280.0,1.811125119274056e+19,8.580820071709346e-22,516748.77279134176,0.1933080604102798,1,1,1,1.9471010586653033e+22,0.00014713961958427382,5.316736450718892e+19,2930199613972114.0
64964.96496496497,1963.4378005522462,0.05000281377168553,280.0,1.8020830755996373e+19,8.579412322292757e-22,516663.9961875509,0.1929558239818501,1,1,1,1.9470994218025086e+22,0.00014713963195381563,5.211374780505677e+19,2922029912533495.0
65065.06506506507,1962.148798704099,0.050002850275899416,280.0,1.7930861743358335e+19,8.578003879562154e-22,516579.1778314376,0.19260415864268401,1,1,1,1.947097788213501e+22,0.00014713964429862936,5.107333910015615e+19,2913842111710703.5
65165.16516516517,1960.8597968559516,0.05000288725369585,280.0,1.7841341901091224e+19,8.576594742720286e-22,516494.31767499045,0.19225306325531796,1,1,1,1.947096157891734e+22,0.0001471396566187643,5.004613144191864e+19,2905636286522199.5
65265.26526526527,1959.5707950078042,0.05000292471121876,280.0,1.7752268986711587e+19,8.57518491096846e-22,516409.4156701109,0.19190253668394783,1,1,1,1.9470945308306737e+22,0.00014713966891426986,4.903211576998997e+19,2897412513238333.0
65365.36536536537,1958.281793159657,0.05000296265469177,280.0,1.7663640768931568e+19,8.57377438350653e-22,516324.4717686132,0.19155257779442647,1,1,1,1.947092907023799e+22,0.00014713968118519515,4.803128087238702e+19,2889170869387608.5
65465.46546546547,1956.9927913115096,0.05000300109041923,280.0,1.7575455027603024e+19,8.572363159532907e-22,516239.4859222245,0.19120318545426043,1,1,1,1.947091286464603e+22,0.00014713969343158935,4.704361334464426e+19,2880911433762900.5
65565.56556556557,1955.7037894633622,0.05000304002478731,280.0,1.7487709553661903e+19,8.570951238244553e-22,516154.4580825848,0.19085435853260732,1,1,1,1.94708966914659e+22,0.00014713970565350144,4.606909755005092e+19,2872634286427621.0
65665.66566566567,1954.414787615215,0.05000307946426499,280.0,1.74004021490729e+19,8.569538618836969e-22,516069.3882012459,0.19050609590027273,1,1,1,1.947088055063279e+22,0.00014713971785098033,4.5107715581079855e+19,2864339508721827.0
65765.76576576577,1953.1257857670676,0.050003119415405216,280.0,1.7313530626774405e+19,8.568125300504198e-22,515984.27622967213,0.1901583964297076,1,1,1,1.9470864442082017e+22,0.00014713973002407484,4.4159447222113485e+19,2856027183268282.0
65865.86586586587,1951.8367839189202,0.050003159884845896,280.0,1.722709281062373e+19,8.566711282438815e-22,515899.12211923924,0.1898112589950052,1,1,1,1.9470848365749017e+22,0.00014713974217283373,4.322426991357027e+19,2847697393978456.0
65965.96596596597,1950.5477820707729,0.0500032008793111,280.0,1.7141086535342555e+19,8.56529656383194e-22,515813.92582123535,0.18946468247189813,1,1,1,1.9470832321569367e+22,0.00014713975429730557,4.23021587175379e+19,2839350226058471.0
66066.06606606607,1949.2587802226255,0.05000324240561209,280.0,1.7055509646462736e+19,8.563881143873214e-22,515728.6872868593,0.18911866573775615,1,1,1,1.9470816309478764e+22,0.00014713976639753893,4.139308628501901e+19,2830985766014986.5
66166.16616616616,1947.9697783744782,0.05000328447064852,280.0,1.6970360000272312e+19,8.562465021750804e-22,515643.4064672218,0.18877320767158248,1,1,1,1.947080032941304e+22,0.00014713977847358216,4.049702282489565e+19,2822604101661024.0
66266.26626626628,1946.6807765263306,0.050003327081409546,280.0,1.6885635463761764e+19,8.5610481966514e-22,515558.08331334393,0.1884283071540117,1,1,1,1.947078438130815e+22,0.00014713979052548366,3.961393607471844e+19,2814205322121730.0
66366.36636636638,1945.3917746781833,0.05000337024497498,280.0,1.68013339145707e+19,8.559630667760217e-22,515472.71777615824,0.18808396306730682,1,1,1,1.9470768465100184e+22,0.00014713980255329166,3.8743791273426444e+19,2805789517840080.0
66466.46646646647,1944.102772830036,0.0500034139685165,280.0,1.671745324093456e+19,8.558212434260972e-22,515387.309806507,0.1877401742953561,1,1,1,1.9470752580725354e+22,0.00014713981455705423,3.788655113610051e+19,2797356780582505.5
66566.56656656657,1942.8137709818886,0.050003458259298805,280.0,1.6633991341631783e+19,8.556793495335907e-22,515301.8593551439,0.18739693972367108,1,1,1,1.9470736728120002e+22,0.00014713982653681953,3.704217583085561e+19,2788907203444465.5
66666.66666666667,1941.5247691337413,0.05000350312468086,280.0,1.6550946125931155e+19,8.555373850165764e-22,515216.36637273204,0.18705425823938288,1,1,1,1.94707209072206e+22,0.0001471398384926354,3.6210622957971812e+19,2780440880855944.5
66766.76676676677,1940.235767285594,0.050003548572117085,280.0,1.646831551353944e+19,8.55395349792979e-22,515130.83080984437,0.18671212873124035,1,1,1,1.9470705117963737e+22,0.00014713985042454975,3.539184753136383e+19,2771957908586881.0
66866.86686686687,1938.9467654374466,0.050003594609158604,280.0,1.6386097434549283e+19,8.55253243780573e-22,515045.2526169637,0.18637055008960704,1,1,1,1.9470689360286142e+22,0.0001471398623326103,3.4585801962485707e+19,2763458383752524.0
66966.96696696697,1937.6577635892993,0.05000364124345451,280.0,1.6304289829387321e+19,8.55111066896983e-22,514959.6317444825,0.1860295212064581,1,1,1,1.9470673634124666e+22,0.00014713987421686474,3.379243604676432e+19,2754942404818715.5
67067.06706706707,1936.368761741152,0.05000368848275311,280.0,1.6222890648762628e+19,8.549688190596826e-22,514873.9681427021,0.1856890409753784,1,1,1,1.947065793941628e+22,0.00014713988607736062,3.3011696952651895e+19,2746410071607098.0
67167.16716716716,1935.0797598930046,0.050003736334903265,280.0,1.6141897853615366e+19,8.548265001859947e-22,514788.26176183333,0.18534910829155923,1,1,1,1.947064227609809e+22,0.0001471398979141454,3.224352921338386e+19,2737861485300245.5
67267.26726726728,1933.790758044857,0.05000378480785563,280.0,1.606130941506567e+19,8.5468411019309e-22,514702.51255199517,0.18500972205179586,1,1,1,1.9470626644107322e+22,0.00014713990972726643,3.1487874721523847e+19,2729296748446713.5
67367.36736736738,1932.5017561967097,0.05000383390966401,280.0,1.5981123314362925e+19,8.545416489979877e-22,514616.72046321543,0.18467088115448507,1,1,1,1.9470611043381334e+22,0.00014713992151677106,3.07446727263738e+19,2720715964966015.0
67467.46746746748,1931.2127543485624,0.05000388364848669,280.0,1.5901337542835077e+19,8.543991165175549e-22,514530.88544543035,0.1843325844996222,1,1,1,1.9470595473857604e+22,0.0001471399332827064,3.0013859834319438e+19,2712119240153502.0
67567.56756756757,1929.923752500415,0.0500039340325878,280.0,1.5821950101838391e+19,8.542565126685058e-22,514445.0074484841,0.1839948309887989,1,1,1,1.9470579935473733e+22,0.00014713994502511956,2.929537001217967e+19,2703506680685175.0
67667.66766766767,1928.6347506522677,0.05000398507033868,280.0,1.5742959002707347e+19,8.541138373674014e-22,514359.0864221286,0.18365761952520018,1,1,1,1.9470564428167453e+22,0.00014713995674405758,2.8589134593618612e+19,2694878394622400.5
67767.76776776777,1927.3457488041204,0.05000403677021927,280.0,1.5664362266704855e+19,8.539710905306501e-22,514273.1223160238,0.18332094901360216,1,1,1,1.9470548951876617e+22,0.00014713996843956732,2.7895082288674677e+19,2686234491416541.5
67867.86786786787,1926.056746955973,0.05000408914081951,280.0,1.5586157924972659e+19,8.538282720745058e-22,514187.1150797366,0.18298481836036942,1,1,1,1.9470533506539203e+22,0.0001471399801116956,2.721313919645362e+19,2677575081913500.0
67967.96796796797,1924.7677451078257,0.05000414219084079,280.0,1.5508344018482045e+19,8.536853819150683e-22,514101.06466274126,0.18264922647345225,1,1,1,1.9470518092093316e+22,0.00014713999176048915,2.6543228821025374e+19,2668900278358166.0
68068.06806806807,1923.4787432596784,0.05000419592909737,280.0,1.5430918597984735e+19,8.535424199682834e-22,514014.97101441905,0.18231417226238442,1,1,1,1.947050270847718e+22,0.00014714000338599456,2.5885272090556756e+19,2660210194398776.0
68168.16816816817,1922.189741411531,0.05000425036451788,280.0,1.5353879723964099e+19,8.533993861499411e-22,513928.8340840577,0.18197965463828072,1,1,1,1.947048735562914e+22,0.0001471400149882584,2.5239187379704537e+19,2651504945091172.5
68268.26826826828,1920.9007395633835,0.05000430550614675,280.0,1.5277225466586489e+19,8.532562803756769e-22,513842.6538208516,0.1816456725138338,1,1,1,1.947047203348768e+22,0.00014714002656732706,2.460489053528481e+19,2642784646902970.0
68368.36836836838,1919.6117377152361,0.05000436136314577,280.0,1.5200953905653033e+19,8.531131025609698e-22,513756.43017390114,0.18131222480331272,1,1,1,1.9470456741991394e+22,0.0001471400381232469,2.398229490522697e+19,2634049417717624.0
68468.46846846848,1918.3227358670888,0.050004417944795564,280.0,1.5125063130551398e+19,8.529698526211436e-22,513670.16309221316,0.18097931042255966,1,1,1,1.9470441481079e+22,0.00014714004965606415,2.3371311370809962e+19,2625299376838390.5
68568.56856856857,1917.0337340189415,0.050004475260497165,280.0,1.5049551240208011e+19,8.528265304713646e-22,513583.8525246996,0.18064692828898782,1,1,1,1.9470426250689334e+22,0.00014714006116582504,2.2771848382172807e+19,2616534644992191.5
68668.66866866867,1915.7447321707941,0.050004533319773566,280.0,1.497441634304038e+19,8.526831360266432e-22,513497.49842017854,0.18031507732157895,1,1,1,1.947041105076137e+22,0.00014714007265257558,2.2183811997079163e+19,2607755344333374.5
68768.76876876877,1914.4557303226468,0.05000459213227129,280.0,1.489965655690977e+19,8.525396692018312e-22,513411.10072737257,0.17998375644088085,1,1,1,1.947039588123419e+22,0.00014714008411636175,2.1607105922908504e+19,2598961598447361.0
68868.86886886887,1913.1667284744995,0.05000465170776202,280.0,1.4825270009074012e+19,8.523961299116242e-22,513324.6593949102,0.1796529645690052,1,1,1,1.9470380742047e+22,0.0001471400955572294,2.104163156183658e+19,2590153532354192.0
68968.96896896897,1911.8777266263521,0.05000471205614419,280.0,1.4751254836140605e+19,8.522525180705587e-22,513238.1743713242,0.1793227006296248,1,1,1,1.947036563313914e+22,0.00014714010697522436,2.0487288059158733e+19,2581331272511959.0
69069.06906906907,1910.5887247782048,0.05000477318744466,280.0,1.4677609184020042e+19,8.521088335930131e-22,513151.64560505206,0.17899296354797165,1,1,1,1.947035055445005e+22,0.00014714011837039238,1.99439723547003e+19,2572494946820125.0
69169.16916916918,1909.2997229300572,0.05000483511182034,280.0,1.460433120787935e+19,8.519650763932062e-22,513065.07304443506,0.17866375225083425,1,1,1,1.9470335505919314e+22,0.00014714012974277897,1.9411579237249225e+19,2563644684622729.0
69269.26926926928,1908.0107210819099,0.05000489783955994,280.0,1.45314190720959e+19,8.518212463851991e-22,512978.45663771976,0.1783350656665553,1,1,1,1.947032048748662e+22,0.00014714014109242965,1.8890001401937265e+19,2554780616711480.5
69369.36936936938,1906.7217192337625,0.05000496138108563,280.0,1.4458870950211398e+19,8.516773434828915e-22,512891.79633305524,0.1780069027250296,1,1,1,1.9470305499091785e+22,0.00014714015241938994,1.8379129510485805e+19,2545902875328722.5
69469.46946946948,1905.4327173856152,0.05000502574695477,280.0,1.4386685024886147e+19,8.51533367600024e-22,512805.092078495,0.17767926235770165,1,1,1,1.947029054067474e+22,0.00014714016372370506,1.7878852254226106e+19,2537011594170287.5
69569.56956956958,1904.1437155374679,0.0500050909478617,280.0,1.4314859487853533e+19,8.513893186501763e-22,512718.3438219955,0.17735214349756323,1,1,1,1.9470275612175547e+22,0.00014714017500542037,1.738905641979271e+19,2528106908388225.0
69669.66966966967,1902.8547136893205,0.05000515699463949,280.0,1.4243392539874683e+19,8.512451965467669e-22,512631.5515114161,0.17702554507915128,1,1,1,1.947026071353438e+22,0.00014714018626458088,1.690962695738205e+19,2519188954593404.5
69769.76976976977,1901.5657118411732,0.05000522389826173,280.0,1.417228239069346e+19,8.511010012030538e-22,512544.7150945198,0.17669946603854556,1,1,1,1.947024584469153e+22,0.0001471401975012318,1.644044705145994e+19,2510257870857993.0
69869.86986986987,1900.2767099930259,0.0500052916698444,280.0,1.410152725899156e+19,8.509567325321325e-22,512457.83451897127,0.1763739053133666,1,1,1,1.9470231005587415e+22,0.00014714020871541803,1.5981398193794128e+19,2501313796717805.0
69969.96996996997,1898.9877081448785,0.05000536032064766,280.0,1.4031125372343929e+19,8.50812390446937e-22,512370.9097323382,0.17604886184277316,1,1,1,1.947021619616257e+22,0.00014714021990718445,1.5532360258680992e+19,2492356873174519.0
70070.07007007007,1897.6987062967312,0.05000542986207775,280.0,1.396107496717433e+19,8.506679748602377e-22,512283.94068209,0.17572433456746042,1,1,1,1.9470201416357643e+22,0.00014714023107657585,1.5093211580228819e+19,2483387242697763.5
70170.17017017018,1896.4097044485836,0.050005500305688885,280.0,1.3891374288711188e+19,8.505234856846431e-22,512196.927315598,0.17540032242965742,1,1,1,1.9470186666113412e+22,0.00014714024222363693,1.4663829031553835e+19,2474405049227067.5
70270.27027027028,1895.1207026004363,0.05000557166318518,280.0,1.382202159094364e+19,8.503789228325981e-22,512109.86958013545,0.17507682437312533,1,1,1,1.9470171945370766e+22,0.00014714025334841238,1.4244088105739913e+19,2465410438173678.0
70370.37037037038,1893.831700752289,0.05000564394642257,280.0,1.3753015136577765e+19,8.502342862163833e-22,512022.7674228765,0.1747538393431547,1,1,1,1.9470157254070712e+22,0.0001471402644509466,1.3833862998406496e+19,2456403556422228.0
70470.47047047048,1892.5426989041416,0.050005717167410785,280.0,1.368435319699309e+19,8.500895757481153e-22,511935.62079089653,0.17443136628656394,1,1,1,1.947014259215438e+22,0.00014714027553128415,1.343302669172688e+19,2447384552332276.5
70570.57057057058,1891.2536970559943,0.05000579133831539,280.0,1.361603405219928e+19,8.499447913397465e-22,511848.4296311721,0.17410940415169682,1,1,1,1.947012795956301e+22,0.00014714028658946928,1.3041451039732886e+19,2438353575739696.0
70670.67067067068,1889.964695207847,0.05000586647145974,280.0,1.3548055990793064e+19,8.497999329030633e-22,511761.19389057974,0.17378795188842067,1,1,1,1.947011335623797e+22,0.0001471402976255463,1.2659006854739886e+19,2429310777957920.5
70770.77077077077,1888.6756933596996,0.05000594257932707,280.0,1.348041730991533e+19,8.496550003496874e-22,511673.9135158969,0.17346700844812385,1,1,1,1.947009878212074e+22,0.00014714030863955936,1.2285563994723086e+19,2420256311779041.0
70870.87087087087,1887.3866915115523,0.05000601967456256,280.0,1.3413116315208511e+19,8.495099935910747e-22,511586.588453801,0.1731465727837143,1,1,1,1.947008423715291e+22,0.0001471403196315526,1.1920991451473877e+19,2411190331474756.5
70970.97097097097,1886.097689663405,0.05000609776997541,280.0,1.3346151320774117e+19,8.493649125385134e-22,511499.2186508686,0.17282664384961688,1,1,1,1.94700697212762e+22,0.00014714033060156991,1.156515743936373e+19,2402112992797170.0
71071.07107107107,1884.8086878152576,0.050006176878541024,280.0,1.3279520649130506e+19,8.49219757103127e-22,511411.8040535771,0.17250722060177187,1,1,1,1.947005523443244e+22,0.00014714034154965526,1.1217929484542329e+19,2393024452979432.0
71171.17117117118,1883.51968596711,0.05000625701340311,280.0,1.3213222631170861e+19,8.490745271958701e-22,511324.3446083022,0.17218830199763271,1,1,1,1.947004077656358e+22,0.00014714035247585246,1.0879174514396477e+19,2383924870736226.0
71271.27127127128,1882.2306841189627,0.05000633818787589,280.0,1.3147255606121394e+19,8.489292227275304e-22,511236.8402613189,0.17186988699616398,1,1,1,1.947002634761168e+22,0.00014714036338020524,1.054875894709722e+19,2374814406264104.0
71371.37137137138,1880.9416822708154,0.05000642041544631,280.0,1.3081617921499722e+19,8.487838436087274e-22,511149.29095880105,0.1715519745578395,1,1,1,1.9470011947518918e+22,0.0001471403742627573,1.0226548781062756e+19,2365693221241647.0
71471.47147147148,1879.652680422668,0.05000650370977628,280.0,1.301630793307348e+19,8.486383897499125e-22,511061.6966468212,0.1712345636446404,1,1,1,1.9469997576227595e+22,0.00014714038512355206,9.91240968416833e+18,2356561478829478.0
71571.57157157158,1878.3636785745207,0.05000658808470493,280.0,1.295132400481914e+19,8.484928610613674e-22,510974.05727134994,0.17091765322005323,1,1,1,1.946998323368012e+22,0.00014714039596263307,9.606207082534865e+18,2347419343670101.5
71671.67167167168,1877.0746767263734,0.05000667355425093,280.0,1.2886664508881025e+19,8.483472574532054e-22,510886.37277825613,0.17060124224906792,1,1,1,1.9469968919819014e+22,0.00014714040678004376,9.307806248732316e+18,2338266981887579.5
71771.77177177178,1875.785674878226,0.05000676013261481,280.0,1.2822327825530518e+19,8.48201578835369e-22,510798.64311330585,0.17028532969817597,1,1,1,1.9469954634586924e+22,0.00014714041757582735,9.01707238923682e+18,2329104561087039.5
71871.87187187187,1874.4966730300787,0.050006847834181314,280.0,1.2758312343125502e+19,8.48055825117631e-22,510710.8682221633,0.16996991453536847,1,1,1,1.9469940377926605e+22,0.00014714042835002706,8.733870730985044e+18,2319932250354008.0
71971.97197197197,1873.2076711819313,0.0500069366735218,280.0,1.2694616458069996e+19,8.479099962095942e-22,510623.04805038974,0.1696549957301346,1,1,1,1.946992614978093e+22,0.00014714043910268602,8.458066606873674e+18,2310750220253575.5
72072.07207207207,1871.918669333784,0.05000702666539665,280.0,1.263123857477396e+19,8.477640920206885e-22,510535.1825434428,0.16934057225345928,1,1,1,1.9469911950092883e+22,0.00014714044983384729,8.189525540057188e+18,2301558642829381.5
72172.17217217218,1870.6296674856364,0.05000711782475773,280.0,1.2568177105613343e+19,8.47618112460174e-22,510447.2716466776,0.16902664307782167,1,1,1,1.946989777880556e+22,0.0001471404605435538,7.928113326902595e+18,2292357691602424.0
72272.27227227228,1869.340665637489,0.05000721016675086,280.0,1.2505430470890314e+19,8.47472057437138e-22,510359.3153053452,0.1687132071771934,1,1,1,1.9469883635862174e+22,0.0001471404712318484,7.673696118466061e+18,2283147541569695.5
72372.37237237238,1868.0516637893418,0.05000730370671835,280.0,1.2442997098793679e+19,8.473259268604954e-22,510271.3134645931,0.16840026352703663,1,1,1,1.9469869521206057e+22,0.0001471404818987739,7.426140500361974e+18,2273928369202622.5
72472.47247247248,1866.7626619411944,0.050007398460201545,280.0,1.238087542535951e+19,8.47179720638989e-22,510183.26606946473,0.16808781110430235,1,1,1,1.946985543478065e+22,0.00014714049254437294,7.185313570902987e+18,2264700352445335.0
72572.57257257258,1865.473660093047,0.05000749444294339,280.0,1.2319063894431975e+19,8.470334386811867e-22,510095.1730648986,0.16777584888742866,1,1,1,1.9469841376529504e+22,0.0001471405031686882,6.951083017395317e+18,2255463670712743.5
72672.67267267268,1864.1846582448998,0.05000759167089106,280.0,1.2257560957624357e+19,8.46887080895484e-22,510007.03439572913,0.16746437585633905,1,1,1,1.9469827346396288e+22,0.00014714051377176214,6.723317190481605e+18,2246218504888429.5
72772.77277277278,1862.8956563967524,0.05000769016019861,280.0,1.2196365074280241e+19,8.467406471901016e-22,509918.85000668553,0.16715339099244073,1,1,1,1.9469813344324777e+22,0.00014714052435363726,6.5018851764309e+18,2236965037322344.0
72872.87287287287,1861.606654548605,0.050007789927229644,280.0,1.2135474711434959e+19,8.465941374730851e-22,509830.61984239175,0.1668428932786228,1,1,1,1.946979937025887e+22,0.00014714053491435584,6.286656867283007e+18,2227703451828315.2
72972.97297297297,1860.3176527004578,0.05000789098856006,280.0,1.2074888343777165e+19,8.464475516523063e-22,509742.3438473667,0.16653288169925493,1,1,1,1.9469785424142566e+22,0.0001471405454539602,6.077503028762257e+18,2218433933681360.2
73073.07307307307,1859.0286508523104,0.05000799336098076,280.0,1.2014604453610631e+19,8.463008896354601e-22,509654.02196602314,0.16622335524018528,1,1,1,1.9469771505919987e+22,0.00014714055597249247,5.87429536588364e+18,2209156669614800.2
73173.17317317319,1857.7396490041629,0.0500080970615005,280.0,1.1954621530816223e+19,8.461541513300656e-22,509565.65414266783,0.1659143128887391,1,1,1,1.946975761553536e+22,0.0001471405664699948,5.676906586182181e+18,2199871847817175.5
73273.27327327328,1856.4506471560155,0.050008202107348645,280.0,1.1894938072814098e+19,8.460073366434663e-22,509477.2403215017,0.16560575363371738,1,1,1,1.9469743752933026e+22,0.00014714057694650918,5.485210460504589e+18,2190579657928965.8
73373.37337337338,1855.1616453078682,0.05000830851597811,280.0,1.1835552584526017e+19,8.458604454828272e-22,509388.7804466181,0.16529767646539467,1,1,1,1.9469729918057437e+22,0.00014714058740207758,5.299081881309572e+18,2181280291039094.5
73473.47347347348,1853.8726434597208,0.05000841630506817,280.0,1.177646357833794e+19,8.457134777551373e-22,509300.2744620047,0.16499008037551818,1,1,1,1.9469716110853156e+22,0.0001471405978367418,5.118396918432088e+18,2171973939681240.2
73573.57357357358,1852.5836416115735,0.05000852549252748,280.0,1.1717669574062731e+19,8.455664333672068e-22,509211.7223115413,0.1646829643573058,1,1,1,1.946970233126486e+22,0.0001471406082505436,4.943032872273634e+18,2162660797829934.0
73673.67367367368,1851.2946397634262,0.050008636096497,280.0,1.16591690989031e+19,8.454193122256682e-22,509123.1239390007,0.1643763274054447,1,1,1,1.9469688579237333e+22,0.0001471406186435247,4.772868324388923e+18,2153341060896449.5
73773.77377377378,1850.0056379152788,0.050008748135353026,280.0,1.1600960687414678e+19,8.452721142369742e-22,509034.47928804735,0.1640701685160899,1,1,1,1.9469674854715467e+22,0.00014714062901572666,4.6077831854466447e+18,2144014925724480.0
73873.87387387388,1848.7166360671315,0.05000886162771023,280.0,1.1543042881469352e+19,8.451248393073999e-22,508945.788302239,0.16376448668686272,1,1,1,1.9469661157644273e+22,0.000147140639367191,4.4476587405493924e+18,2134682590585603.2
73973.97397397397,1847.4276342189842,0.05000897659242477,280.0,1.14854142302187e+19,8.449774873430385e-22,508857.05092502345,0.1634592809168494,1,1,1,1.9469647487968867e+22,0.00014714064969795917,4.2923776919049697e+18,2125344255174528.5
74074.07407407407,1846.1386323708368,0.050009093048597415,280.0,1.142807329005767e+19,8.448300582498043e-22,508768.26709974126,0.1631545502065996,1,1,1,1.9469633845634477e+22,0.0001471406600080725,4.1418241988482084e+18,2116000120604128.2
74174.17417417419,1844.8496305226893,0.050009211015576704,280.0,1.13710186245884e+19,8.44682551933431e-22,508679.4367696238,0.162850293558125,1,1,1,1.9469620230586437e+22,0.00014714067029757223,3.9958839152190756e+18,2106650389400246.0
74274.27427427428,1843.560628674542,0.05000933051296218,280.0,1.1314248804584262e+19,8.445349682994709e-22,508590.5598777933,0.16254650997489803,1,1,1,1.9469606642770193e+22,0.00014714068056649956,3.854444024109395e+18,2097295265496290.8
74374.37437437438,1842.2716268263946,0.05000945156060764,280.0,1.1257762407954029e+19,8.44387307253294e-22,508501.6363672625,0.1622431984618503,1,1,1,1.94695930821313e+22,0.00014714069081489566,3.7173932699961595e+18,2087934954227593.8
74474.47447447448,1840.9826249782473,0.05000957417862443,280.0,1.1201558019706266e+19,8.44239568700089e-22,508412.6661809345,0.16194035802537143,1,1,1,1.946957954861542e+22,0.00014714070104280142,3.584621988285984e+18,2078569662325551.8
74574.57457457458,1839.6936231301,0.05000969838738478,280.0,1.114563423191389e+19,8.4409175254486175e-22,508323.6492616027,0.16163798767330748,1,1,1,1.946956604216833e+22,0.00014714071125025786,3.456022132299982e+18,2069199597911536.5
74674.67467467468,1838.4046212819526,0.05000982420752521,280.0,1.1089989643678892e+19,8.439438586924344e-22,508234.5855519496,0.16133608641496003,1,1,1,1.9469552562735912e+22,0.00014714072143730584,3.331487297733992e+18,2059824970490576.2
74774.77477477478,1837.1156194338053,0.05000995165994992,280.0,1.1034622861097255e+19,8.437958870474473e-22,508145.47499454836,0.16103465326108465,1,1,1,1.9469539110264154e+22,0.00014714073160398606,3.210912744633766e+18,2050445990944803.2
74874.87487487488,1835.826617585658,0.0500100807658343,280.0,1.0979532497224008e+19,8.436478375143545e-22,508056.3175318598,0.16073368722388953,1,1,1,1.9469525684699154e+22,0.00014714074175033927,3.094195416929277e+18,2041062871526669.8
74974.97497497498,1834.5376157375106,0.050010211546628436,280.0,1.0924717172038525e+19,8.434997099974267e-22,507967.1131062345,0.16043318731703465,1,1,1,1.946951228598712e+22,0.00014714075187640606,2.9812339595764813e+18,2031675825851927.0
75075.07507507507,1833.2486138893632,0.050010344024060654,280.0,1.0870175512409928e+19,8.433515044007498e-22,507877.86165991175,0.16013315255563013,1,1,1,1.9469498914074364e+22,0.00014714076198222694,2.8719287333587103e+18,2022285068892367.0
75175.17517517519,1831.9596120412157,0.05001047822014116,280.0,1.0815906152062687e+19,8.432032206282238e-22,507788.56313501863,0.15983358195623523,1,1,1,1.9469485568907314e+22,0.00014714077206784236,2.7661818274033546e+18,2012890816968323.2
75275.27527527529,1830.6706101930683,0.05001061415716568,280.0,1.0761907731542428e+19,8.430548585835623e-22,507699.21747357026,0.15953447453685723,1,1,1,1.946947225043249e+22,0.00014714078213329273,2.6638970694727895e+18,2003493287740937.2
75375.37537537538,1829.381608344921,0.050010751857719145,280.0,1.0708178898181827e+19,8.429064181702933e-22,507609.8246174698,0.15923582931695032,1,1,1,1.9469458958596537e+22,0.0001471407921786183,2.5649800340909906e+18,1994092700204167.8
75475.47547547548,1828.0926064967737,0.05001089134467948,280.0,1.0654718306066764e+19,8.427578992917574e-22,507520.38450850773,0.15893764531741425,1,1,1,1.9469445693346194e+22,0.00014714080220385925,2.469338048570363e+18,1984689274676568.8
75575.57557557558,1826.8036046486263,0.050011032641221385,280.0,1.0601524616002599e+19,8.4260930185110735e-22,507430.89708836126,0.15863992156059345,1,1,1,1.9469432454628315e+22,0.00014714081220905577,2.3768801970049434e+18,1975283232792814.5
75675.67567567568,1825.514602800479,0.050011175770820177,280.0,1.0548596495480617e+19,8.424606257513084e-22,507341.3622985947,0.15834265707027584,1,1,1,1.9469419242389852e+22,0.00014714082219424783,2.2875173222983603e+18,1965874797494976.0
75775.77577577578,1824.2256009523317,0.05001132075725571,280.0,1.0495932618644664e+19,8.423118708951373e-22,507251.78008065885,0.1580458508716919,1,1,1,1.946940605657787e+22,0.00014714083215947542,2.2011620262964024e+18,1956464193023548.5
75875.87587587588,1822.9365991041843,0.05001146762461629,280.0,1.0443531666257904e+19,8.42163037185182e-22,507162.15037589095,0.15774950199151336,1,1,1,1.9469392897139538e+22,0.0001471408421047784,2.1177286680953646e+18,1947051644908226.2
75975.97597597598,1821.647597256037,0.050011616397302734,280.0,1.039139232566981e+19,8.420141245238399e-22,507072.4731255133,0.15745360945785272,1,1,1,1.946937976402213e+22,0.00014714085203019664,2.0371333605983485e+18,1937637379958423.5
76076.07607607607,1820.3585954078897,0.05001176710003235,280.0,1.0339513290783257e+19,8.418651328133196e-22,506982.7482706346,0.15715817230026155,1,1,1,1.9469366657173024e+22,0.00014714086193576983,1.9592939653924431e+18,1928221626253540.8
76176.17617617619,1819.069593559742,0.0500119197578431,280.0,1.0287893262021808e+19,8.399114152985088e-22,505806.1927436309,0.15686318954973025,1,1,1,1.946935357653971e+22,0.00014714087182153757,1.8842912424934285e+18,1918824804724830.8
76276.27627627629,1817.7805917115948,0.05001207439609775,280.0,1.023653094629718e+19,8.355700862804214e-22,503191.78476906393,0.15656866023868665,1,1,1,1.946934052206978e+22,0.0001471408816875395,1.812235312746143e+18,1909473780091738.8
76376.37637637639,1816.4915898634474,0.05001223104048804,280.0,1.018542505697681e+19,8.312510922919871e-22,500590.827256186,0.1562745834009953,1,1,1,1.946932749371093e+22,0.00014714089153381504,1.7430094980909673e+18,1900168329156848.2
76476.47647647648,1815.2025880153,0.050012389717039016,280.0,1.0134574313851662e+19,8.269543188202614e-22,498003.2512437288,0.1559809580719564,1,1,1,1.946931449141096e+22,0.0001471409013604036,1.6765016405568148e+18,1890908229810528.5
76576.57657657658,1813.9135861671527,0.0500125504521133,280.0,1.0083977443104145e+19,8.22679651937835e-22,495428.98812304134,0.1556877832883052,1,1,1,1.9469301515117776e+22,0.00014714091116734454,1.6126039407605422e+18,1881693261025631.2
76676.67667667668,1812.6245843190054,0.05001271327241549,280.0,1.0033633177276197e+19,8.184269782998457e-22,492867.96963629045,0.1553950580882109,1,1,1,1.946928856477939e+22,0.00014714092095467713,1.5512128009056422e+18,1872523202852215.2
76776.77677677678,1811.335582470858,0.050012878204996614,280.0,9.983540255237554e+18,8.141961851410074e-22,490320.1278746718,0.1551027815112762,1,1,1,1.9469275640343917e+22,0.00014714093072244047,1.4922286722667387e+18,1863397836412296.5
76876.87687687688,1810.0465806227107,0.05001304527725857,280.0,9.933697422154127e+18,8.099871602726513e-22,487785.3952766277,0.154810952598536,1,1,1,1.9469262741759576e+22,0.0001471409404706737,1.4355559071348672e+18,1854316943894623.8
76976.97697697698,1808.7575787745634,0.05001321451695874,280.0,9.884103429456603e+18,8.057997920797857e-22,485263.7046260769,0.15451957039245706,1,1,1,1.946924986897469e+22,0.00014714095019941582,1.3811026151881462e+18,1845280308549479.8
77077.07707707708,1807.468576926416,0.05001338595221456,280.0,9.834757034809143e+18,8.016339695181673e-22,482754.98905065056,0.15422863393693703,1,1,1,1.9469237021937676e+22,0.00014714095990870575,1.328780524243167e+18,1836287714683507.5
77177.17717717719,1806.1795750782685,0.0500135596115082,280.0,9.785657002078276e+18,7.974895821113899e-22,480259.18201993924,0.153938142277304,1,1,1,1.9469224200597076e+22,0.0001471409695985824,1.2785048453341734e+18,1827338947654561.0
77277.27727727729,1804.8905732301212,0.050013735523691295,280.0,9.736802101301934e+18,7.9336651994798795e-22,477776.2173437484,0.1536480944603154,1,1,1,1.9469211404901517e+22,0.00014714097926908447,1.2301941420598748e+18,1818433793866586.5
77377.37737737739,1803.6015713819738,0.050013913717989744,280.0,9.688191108658622e+18,7.892646736785512e-22,475306.029170361,0.15335848953415782,1,1,1,1.946919863479974e+22,0.00014714098892025068,1.1837702041311877e+18,1809572040764517.5
77477.47747747749,1802.3125695338265,0.05001409422400856,280.0,9.639822806436784e+18,7.851839345128588e-22,472848.5519848115,0.15306932654844596,1,1,1,1.9469185890240575e+22,0.00014714099855211974,1.1391579250479133e+18,1800753476829205.5
77577.57757757758,1801.0235676856792,0.050014277071736765,280.0,9.591695983004287e+18,7.811241942170265e-22,470403.72060716787,0.15278060455422224,1,1,1,1.946917317117297e+22,0.00014714100816473012,1.0962851838273147e+18,1791977891572370.8
77677.67767767768,1799.7345658375318,0.05001446229155242,280.0,9.543809432778074e+18,7.770853451106663e-22,467971.4701908212,0.15249232260395615,1,1,1,1.9469160477545965e+22,0.00014714101775812024,1.0550827307036457e+18,1783245075531577.8
77777.77777777778,1798.4455639893845,0.050014649914227625,280.0,9.496161956193962e+18,7.730672800640625e-22,465551.7362207851,0.15220447975154366,1,1,1,1.946914780930871e+22,0.0001471410273323286,1.0154840767142271e+18,1774554820265235.8
77877.87787787788,1797.1565621412371,0.05001483997093365,280.0,9.448752359676588e+18,7.690698924953623e-22,463144.4545120035,0.1519170750523069,1,1,1,1.946913516641045e+22,0.0001471410368873935,9.774253870848666e+17,1765906918347623.8
77977.97797797798,1795.8675602930898,0.050015032493246105,280.0,9.401579455609524e+18,7.650930763677806e-22,460749.56120766775,0.15163010756299325,1,1,1,1.9469122548800533e+22,0.0001471410464233531,9.408453783251712e+17,1757301163363939.2
78078.07807807808,1794.5785584449425,0.0500152275131502,280.0,9.354642062305511e+18,7.6113672618681715e-22,458366.9927775405,0.15134357634177528,1,1,1,1.9469109956428415e+22,0.00014714105594024565,9.056852189425585e+17,1748737349905371.5
78178.17817817819,1793.289556596795,0.05001542506304603,280.0,9.307939003976866e+18,7.572007369974901e-22,455996.68601629,0.15105748044825001,1,1,1,1.9469097389243645e+22,0.00014714106543810916,8.718884336824863e+17,1740215273564197.2
78278.27827827829,1792.0005547486476,0.050015625175753975,280.0,9.261469110706035e+18,7.532850043815846e-22,453638.57804183254,0.15077181894343863,1,1,1,1.9469084847195877e+22,0.00014714107491698174,8.39400811201598e+17,1731734730928907.0
78378.37837837839,1790.7115529005002,0.05001582788452016,280.0,9.215231218416266e+18,7.493894244549099e-22,451292.60629368154,0.15048659088978597,1,1,1,1.9469072330234865e+22,0.00014714108437690118,8.081703150798889e+17,1723295519579342.2
78478.47847847849,1789.422551052353,0.05001603322302195,280.0,9.169224168842469e+18,7.455138938645769e-22,448958.70853130723,0.15020179535116038,1,1,1,1.946905983831047e+22,0.00014714109381790545,7.781469980780406e+17,1714897438081869.2
78578.57857857858,1788.1335492042056,0.05001624122537356,280.0,9.123446809502193e+18,7.416583097862874e-22,446636.8228325047,0.14991743139285296,1,1,1,1.9469047371372643e+22,0.0001471411032400323,7.492829195460584e+17,1706540285984569.0
78678.67867867868,1786.8445473560582,0.05001645192613173,280.0,9.077897993666749e+18,7.378225699216343e-22,444326.88759176794,0.14963349808157772,1,1,1,1.9469034929371444e+22,0.00014714111264331944,7.215320658899013e+17,1698223863812453.8
78778.77877877878,1785.555545507911,0.050016665360301436,280.0,9.032576580332502e+18,7.340065724954198e-22,442028.8415186745,0.1493499944854709,1,1,1,1.946902251225703e+22,0.0001471411220278045,6.948502740034454e+17,1689947973062705.2
78878.87887887888,1784.2665436597636,0.05001688156334173,280.0,8.987481434192278e+18,7.302102162529848e-22,439742.62363627786,0.14906691967409094,1,1,1,1.946901011997966e+22,0.000147141131393525,6.69195157574032e+17,1681712416199936.5
78978.97897897898,1782.9775418116162,0.050017100571171605,280.0,8.942611425606914e+18,7.264334004575522e-22,437468.1732795068,0.1487842727184181,1,1,1,1.9468997752489683e+22,0.00014714114074051846,6.445260361709555e+17,1673516996651477.5
79079.07907907908,1781.6885399634689,0.050017322420175994,280.0,8.89796543057698e+18,7.226760248875835e-22,435205.4300935741,0.14850205269085434,1,1,1,1.946898540973756e+22,0.00014714115006882227,6.208038670275062e+17,1665361518802682.8
79179.17917917919,1780.3995381153213,0.05001754714721178,280.0,8.853542330714607e+18,7.189379898341506e-22,432954.33403239347,0.14822025866522312,1,1,1,1.9468973091673847e+22,0.00014714115937847376,5.979911794285958e+17,1657245787992261.2
79279.27927927929,1779.110536267174,0.05001777478961394,280.0,8.809341013215504e+18,7.15219196098321e-22,430714.825357005,0.14793888971676936,1,1,1,1.94689607982492e+22,0.00014714116866951024,5.7605201161755494e+17,1649169610507634.8
79379.37937937939,1777.8215344190266,0.05001800538520171,280.0,8.765360370831021e+18,7.115195449885501e-22,428486.8446340047,0.14765794492215892,1,1,1,1.946894852941437e+22,0.00014714117794196877,5.5495185013726234e+17,1641132793580307.5
79479.47947947949,1776.5325325708793,0.050018238972284926,280.0,8.721599301840468e+18,7.078389383180964e-22,426270.332733988,0.14737742335947895,1,1,1,1.9468936285120214e+22,0.00014714118719588652,5.3465757152262515e+17,1633135145381269.0
79579.57957957959,1775.243530722732,0.05001847558967033,280.0,8.678056710023492e+18,7.041772784024439e-22,424065.23082999745,0.14709732410823767,1,1,1,1.946892406531768e+22,0.00014714119643130058,5.1513738626311616e+17,1625176475016414.8
79679.67967967968,1773.9545288745846,0.05001871527666805,280.0,8.634731504632619e+18,7.005344680567382e-22,421871.48039597855,0.14681764624936414,1,1,1,1.946891186995782e+22,0.0001471412056482478,4.9636078495601837e+17,1617256592521989.5
79779.77977977978,1772.6655270264373,0.05001895807309808,280.0,8.591622600365936e+18,6.969104105932375e-22,419689.023205245,0.14653838886520856,1,1,1,1.9468899698991784e+22,0.00014714121484676513,4.782984865729235e+17,1609375308860053.5
79879.87987987988,1771.37652517829,0.05001920401929697,280.0,8.548728917339901e+18,6.933050098187746e-22,417517.80132895,0.14625955103954208,1,1,1,1.9468887552370816e+22,0.00014714122402688937,4.609223887639882e+17,1601532435913970.2
79979.97997997998,1770.0875233301426,0.050019453156124466,280.0,8.506049381062287e+18,6.897181700322326e-22,415357.75713456626,0.1459811318575569,1,1,1,1.946887543004626e+22,0.00014714123318865723,4.442055201264346e+17,1593727786483915.8
80080.08008008008,1768.7985214819953,0.050019705524970294,280.0,8.463582922405271e+18,6.861497960220345e-22,413208.8332843741,0.1457031304058663,1,1,1,1.9468863331969563e+22,0.0001471412423321054,4.281219943657804e+17,1585961174282411.2
80180.18018018019,1767.5095196338477,0.05001996116776108,280.0,8.421328477578658e+18,6.825997930636453e-22,411070.97273395717,0.1454255457725049,1,1,1,1.946885125809226e+22,0.00014714125145727044,4.126469662802864e+17,1578232413929875.0
80280.28028028029,1766.2205177857004,0.050020220126967246,280.0,8.379284988103222e+18,6.790680669170834e-22,408944.1187307041,0.14514837704692857,1,1,1,1.9468839208365985e+22,0.0001471412605641889,3.977565895011348e+17,1570541320950202.5
80380.38038038039,1764.931515937553,0.050020482445610144,280.0,8.337451400784196e+18,6.755545238244501e-22,406828.21481232013,0.14487162332001483,1,1,1,1.9468827182742475e+22,0.00014714126965289717,3.8342797592280326e+17,1562887711766356.0
80480.48048048049,1763.6425140894057,0.05002074816726912,280.0,8.295826667684887e+18,6.720590705074682e-22,404723.20480534533,0.14459528368406277,1,1,1,1.9468815181173563e+22,0.0001471412787234317,3.696391567601695e+17,1555271403695987.8
80580.58058058059,1762.3535122412584,0.050021017336088804,280.0,8.254409746100428e+18,6.68581614165033e-22,402629.0328236797,0.1443193572327935,1,1,1,1.9468803203611174e+22,0.00014714128777582869,3.5636904517077235e+17,1547692214947078.0
80680.68068068069,1761.064510393111,0.05002128999678642,280.0,8.213199598531658e+18,6.651220624707791e-22,400545.64326711744,0.14404384306135032,1,1,1,1.9468791250007332e+22,0.00014714129681012443,3.435974003826554e+17,1540149964613596.5
80780.78078078078,1759.7755085449637,0.050021566194659216,280.0,8.172195192659128e+18,6.616803235706547e-22,398472.9808198867,0.143768740266299,1,1,1,1.946877932031416e+22,0.00014714130582635504,3.313047932701245e+17,1532644472671183.8
80880.88088088088,1758.4865066968164,0.05002184597559198,280.0,8.131395501317253e+18,6.582563060805131e-22,396410.9904491991,0.14349404794562812,1,1,1,1.9468767414483874e+22,0.0001471413148245566,3.1947257332164934e+17,1525175559972854.5
80980.98098098098,1757.197504848669,0.050022129386064665,280.0,8.090799502468561e+18,6.548499190837119e-22,394359.61740380357,0.14321976519874932,1,1,1,1.9468755532468783e+22,0.0001471413238047651,3.080828369460021e+17,1517743048244722.0
81081.08108108108,1755.9085030005217,0.050022416473160115,280.0,8.050406179178113e+18,6.514610721287294e-22,392318.807212551,0.1429458911264978,1,1,1,1.9468743674221298e+22,0.00014714133276701652,2.9711839706455136e+17,1510346760081742.2
81181.1811811812,1754.6195011523741,0.05002270728457187,280.0,8.010214519588012e+18,6.480896752267877e-22,390288.5056829632,0.14267242483113265,1,1,1,1.9468731839693923e+22,0.00014714134171134668,2.865627539394202e+17,1502986518943478.8
81281.28128128129,1753.3304993042268,0.05002300186861209,280.0,7.970223516892068e+18,6.447356388494928e-22,388268.6588998114,0.14239936541633744,1,1,1,1.946872002883926e+22,0.00014714135063779136,2.7640006718897875e+17,1495662149149893.0
81381.38138138139,1752.0414974560795,0.05002330027421958,280.0,7.930432169310568e+18,6.413988739264838e-22,386259.2132237006,0.1421267119872203,1,1,1,1.9468708241609998e+22,0.00014714135954638636,2.666151289438199e+17,1488373475877145.0
81481.48148148149,1750.7524956079321,0.0500236025509679,280.0,7.890839480065187e+18,6.380792918430944e-22,384260.11528966145,0.1418544636503148,1,1,1,1.946869647795893e+22,0.00014714136843716722,2.5719333809809072e+17,1481120325153424.2
81581.58158158159,1749.4634937597848,0.050023908749073635,280.0,7.851444457354012e+18,6.347768044380276e-22,382271.31200574967,0.14158261951358037,1,1,1,1.946868473783894e+22,0.00014714137731016956,2.4812067561262534e+17,1473902523854796.8
81681.68168168169,1748.1744919116375,0.050024218919404694,280.0,7.812246114326707e+18,6.314913240010414e-22,380292.75055165275,0.14131117868640286,1,1,1,1.9468673021203007e+22,0.00014714138616542886,2.3938368082794157e+17,1466719899701072.5
81781.78178178178,1746.8854900634901,0.05002453311348878,280.0,7.773243469059789e+18,6.282227632706461e-22,378324.37837730267,0.14104014027959502,1,1,1,1.9468661328004208e+22,0.00014714139500298057,2.3096942874669325e+17,1459572281251693.0
81881.88188188188,1745.5964882153428,0.05002485138352191,280.0,7.734435544532021e+18,6.249710354318131e-22,376366.14320149657,0.14076950340539726,1,1,1,1.9468649658195707e+22,0.00014714140382286007,2.2286550824667005e+17,1452459497901640.0
81981.98198198198,1744.3074863671955,0.050025173782377155,280.0,7.695821368599951e+18,6.2173605411369665e-22,374417.99301052466,0.14049926717747824,1,1,1,1.946863801173077e+22,0.00014714141262510262,2.1506000118688877e+17,1445381379877362.8
82082.08208208208,1743.0184845190481,0.050025500363613334,280.0,7.657399973973555e+18,6.185177333873661e-22,372479.8760568045,0.14022943071093563,1,1,1,1.946862638856275e+22,0.00014714142140974346,2.0754146237073152e+17,1438337758232726.0
82182.1821821822,1741.7294826709006,0.05002583118148397,280.0,7.619170398192e+18,6.153159877635498e-22,370551.7408575221,0.13995999312229673,1,1,1,1.9468614788645095e+22,0.00014714143017681772,2.002989003314512e+17,1431328464844976.2
82282.2822822823,1740.4404808227532,0.05002616629094626,280.0,7.581131683599544e+18,6.121307321903912e-22,368633.53619328124,0.13969095352951932,1,1,1,1.9468603211931353e+22,0.00014714143892636045,1.9332175890669645e+17,1424353332410733.0
82382.38238238239,1739.1514789746059,0.05002650574767021,280.0,7.543282877321542e+18,6.089618820512154e-22,366725.2111067577,0.1394223110519923,1,1,1,1.946859165837516e+22,0.00014714144765840673,1.8659989956996736e+17,1417412194441990.0
82482.48248248249,1737.8624771264585,0.0500268496080479,280.0,7.505623031240572e+18,6.058093531623072e-22,364826.71490136173,0.1391540648105367,1,1,1,1.9468580127930245e+22,0.00014714145637299142,1.8012358448819062e+17,1410504885262144.2
82582.58258258259,1736.5734752783112,0.05002719792920282,280.0,7.468151201972694e+18,6.026730617707025e-22,362937.9971399078,0.13888621392740638,1,1,1,1.9468568620550433e+22,0.00014714146507014943,1.7388346027576346e+17,1403631240002041.2
82682.68268268269,1735.2844734301639,0.050027550768999354,280.0,7.43086645084381e+18,5.9955292455198705e-22,361059.007643289,0.138618757526289,1,1,1,1.9468557136189637e+22,0.00014714147374991554,1.6787054241659674e+17,1396791094596039.8
82782.78278278279,1733.9954715820165,0.05002790818605241,280.0,7.393767843866156e+18,5.964488586081108e-22,359189.69648916065,0.13835169473230688,1,1,1,1.9468545674801865e+22,0.0001471414824123245,1.6207620032679885e+17,1389984285778095.8
82882.88288288288,1732.7064697338692,0.05002827023973714,280.0,7.3568544517149e+18,5.933607814652088e-22,357330.0140106284,0.13808502467201797,1,1,1,1.946853423634122e+22,0.0001471414910574109,1.564921430317216e+17,1383210651077865.2
82982.98298298298,1731.4174678857219,0.05002863699019878,280.0,7.320125349704867e+18,5.902886110714389e-22,355479.91079494555,0.13781874647341685,1,1,1,1.9468522820761897e+22,0.0001471414996852094,1.511104054321322e+17,1376470028816826.5
83083.08308308308,1730.1284660375745,0.05002900849836266,280.0,7.283579617767372e+18,5.872322657948242e-22,353639.33768221433,0.13755285926593572,1,1,1,1.946851142801818e+22,0.00014714150829575446,1.4592333513527904e+17,1369762258104421.0
83183.1831831832,1728.839464189427,0.05002938482594433,280.0,7.247216340427174e+18,5.841916644211104e-22,351808.2457640951,0.13728736218044552,1,1,1,1.946850005806445e+22,0.00014714151688908063,1.4092357982758683e+17,1363087178834212.0
83283.2832832833,1727.5504623412796,0.05002976603545975,280.0,7.211034606779544e+18,5.811667261516345e-22,349986.58638252283,0.1370222543492568,1,1,1,1.946848871085517e+22,0.00014714152546522216,1.3610407516665477e+17,1356444631680067.2
83383.38338338339,1726.2614604931323,0.05003015219023573,280.0,7.175033510467445e+18,5.781573706012014e-22,348174.31112842896,0.13675753490612116,1,1,1,1.9468477386344907e+22,0.00014714153402421343,1.3145803317111462e+17,1349834458092350.0
83483.48348348349,1724.972458644985,0.05003054335442043,280.0,7.139212149658826e+18,5.751635177959738e-22,346371.37184046983,0.13649320298623221,1,1,1,1.946846608448831e+22,0.00014714154256608865,1.2697893108779693e+17,1343256500294138.5
83583.58358358359,1723.6834567968376,0.050030939592993956,280.0,7.103569627024038e+18,5.721850881713716e-22,344577.72060376237,0.13622925772622677,1,1,1,1.9468454805240124e+22,0.00014714155109088204,1.226605007164603e+17,1336710601277459.2
83683.68368368369,1722.3944549486903,0.05003134097177924,280.0,7.068105049713348e+18,5.692220025699825e-22,342793.3097486255,0.135965698264186,1,1,1,1.9468443548555183e+22,0.00014714155959862763,1.1849671817315614e+17,1330196604799539.5
83783.78378378379,1721.105453100543,0.05003174755745289,280.0,7.032817529334575e+18,5.662741822394838e-22,341018.0918493284,0.13570252373963695,1,1,1,1.946843231438841e+22,0.00014714156808935954,1.1448179407406669e+17,1323714355379077.2
83883.88388388389,1719.8164512523956,0.05003215941755629,280.0,6.99770618193084e+18,5.633415488305731e-22,339252.01972284506,0.13543973329355352,1,1,1,1.9468421102694826e+22,0.00014714157656311165,1.1061016412239678e+17,1317263698292531.2
83983.98398398398,1718.5274494042483,0.050032576620506815,280.0,6.962770127958415e+18,5.604240243949111e-22,337495.0464276146,0.13517732606835797,1,1,1,1.9468409913429534e+22,0.00014714158501991792,1.0687648008161234e+17,1310844479570427.0
84084.08408408408,1717.238447556101,0.05003299923560919,280.0,6.928008492264701e+18,5.575215313830748e-22,335747.12526230916,0.13491530120792228,1,1,1,1.9468398746547733e+22,0.00014714159345981213,1.0327560111900395e+17,1304456545993682.2
84184.1841841842,1715.9494457079534,0.05003342733306696,280.0,6.893420404066293e+18,5.546339926425201e-22,334008.2097646067,0.13465365785756941,1,1,1,1.946838760200471e+22,0.00014714160188282813,9.980258550421203e+16,1298099745089948.5
84284.2842842843,1714.660443859806,0.05003386098399421,280.0,6.859004996927176e+18,5.517613314155555e-22,332278.2537099712,0.1343923951640749,1,1,1,1.9468376479755846e+22,0.00014714161028899953,9.645268264798576e+16,1291773925129975.8
84384.3843843844,1713.3714420116587,0.050034300260427315,280.0,6.824761408737017e+18,5.489034713373263e-22,330557.21111043775,0.1341315122756683,1,1,1,1.9468365379756605e+22,0.00014714161867835995,9.322132546704557e+16,1285478935123985.0
84484.48448448449,1712.0824401635114,0.0500347452353369,280.0,6.790688781689568e+18,5.460603364338086e-22,328845.0362134056,0.13387100834203458,1,1,1,1.9468354301962542e+22,0.00014714162705094298,9.01041230615199e+16,1279214624818068.8
84584.58458458459,1710.793438315364,0.05003519598264,280.0,6.756786262261183e+18,5.432318511198135e-22,327141.6835004357,0.13361088251431566,1,1,1,1.9468343246329307e+22,0.00014714163540678217,8.709685369196971e+16,1272980844690602.8
84684.68468468469,1709.5044364672167,0.05003565257721227,280.0,6.723053001189431e+18,5.404179401970025e-22,325447.1076860554,0.1333511339451121,1,1,1,1.9468332212812633e+22,0.00014714164374591082,8.419545804356242e+16,1266777445948677.5
84784.78478478479,1708.2154346190694,0.05003611509490046,280.0,6.689488153451823e+18,5.376185288519104e-22,323761.26371656836,0.13309176178848472,1,1,1,1.9468321201368345e+22,0.00014714165206836238,8.139603276547032e+16,1260604280524547.2
84884.88488488489,1706.926432770922,0.05003658361253498,280.0,6.65609087824465e+18,5.348335426539833e-22,322084.10676887236,0.13283276519995615,1,1,1,1.946831021195236e+22,0.00014714166037417008,7.869482427406395e+16,1254461201072095.2
84984.98498498499,1705.6374309227747,0.05003705820794265,280.0,6.622860338961912e+18,5.320629075536196e-22,320415.59224928013,0.13257414333651252,1,1,1,1.946829924452068e+22,0.0001471416686633672,7.608822280894638e+16,1248348060963316.8
85085.08508508508,1704.3484290746273,0.05003753895995966,280.0,6.589795703174366e+18,5.293065498802271e-22,318755.6757923489,0.13231589535660518,1,1,1,1.9468288299029393e+22,0.00014714167693598686,7.357275673133083e+16,1242264714284819.5
85185.1851851852,1703.0594272264798,0.05003802594844459,280.0,6.556896142608675e+18,5.265643963402875e-22,317104.3132597153,0.13205802042015247,1,1,1,1.946827737543468e+22,0.00014714168519206215,7.114508705470072e+16,1236211015834339.8
85285.2852852853,1701.7704253783324,0.05003851925429171,280.0,6.524160833126654e+18,5.238363740154303e-22,315461.4607389345,0.13180051768854173,1,1,1,1.9468266473692812e+22,0.00014714169343162613,6.880200219811385e+16,1230186821117280.5
85385.3853853854,1700.481423530185,0.050039018959444403,280.0,6.491588954704632e+18,5.21122410360517e-22,313827.0745423278,0.1315433863246306,1,1,1,1.9468255593760146e+22,0.00014714170165471167,6.654041295290698e+16,1224191986343257.0
85485.4854854855,1699.1924216820378,0.05003952514690876,280.0,6.459179691412903e+18,5.18422433201736e-22,312201.11120583426,0.1312866254927495,1,1,1,1.946824473559312e+22,0.0001471417098613517,6.435734765395573e+16,1218226368422668.0
85585.58558558559,1697.9034198338904,0.05004003790076733,280.0,6.426932231395295e+18,5.157363707347063e-22,310583.5274878692,0.131030234358703,1,1,1,1.9468233899148273e+22,0.0001471417180515791,6.2249947547002104e+16,1212289824963279.8
85685.68568568569,1696.614417985743,0.05004055730619315,280.0,6.394845766848825e+18,5.130641515225896e-22,308974.28036818723,0.13077421208977225,1,1,1,1.946822308438222e+22,0.00014714172622542658,6.021546234392428e+16,1206382214266827.2
85785.78578578579,1695.3254161375958,0.05004108344946377,280.0,6.362919494003469e+18,5.104057044942157e-22,307373.3270467533,0.13051855785471655,1,1,1,1.9468212291251667e+22,0.00014714173438292683,5.825124595816076e+16,1200503395325632.0
85885.88588588589,1694.0364142894484,0.05004161641797569,280.0,6.331152613102026e+18,5.077609589422134e-22,305780.6249426171,0.13026327082377556,1,1,1,1.9468201519713415e+22,0.00014714174252411245,5.6354752412827416e+16,1194653227819236.8
85985.98598598599,1692.747412441301,0.05004215630025879,280.0,6.299544328380081e+18,5.051298445211531e-22,304196.13169279456,0.13000835016867135,1,1,1,1.9468190769724342e+22,0.00014714175064901603,5.452353191437827e+16,1188831572111055.5
86086.0860860861,1691.4584105931535,0.05004270318599103,280.0,6.268093848046076e+18,5.025122912456985e-22,302619.80515115475,0.12975379506261053,1,1,1,1.9468180041241417e+22,0.0001471417587576701,5.275522708496012e+16,1183038289245040.2
86186.1861861862,1690.1694087450062,0.05004325716601336,280.0,6.23680038426147e+18,4.999082294887687e-22,301051.60338731296,0.12949960468028618,1,1,1,1.9468169334221693e+22,0.000147141766850107,5.104756934689978e+16,1177273240942367.8
86286.2862862863,1688.8804068968589,0.05004381833234477,280.0,6.205663153121013e+18,4.973175899797063e-22,299491.4846855278,0.12924577819788033,1,1,1,1.9468158648622313e+22,0.00014714177492635919,4.939837545303233e+16,1171536289598133.2
86386.3863863864,1687.5914050487115,0.050044386778197586,280.0,6.174681374633094e+18,4.947403038024597e-22,297939.4075436061,0.12899231479306586,1,1,1,1.9468147984400508e+22,0.0001471417829864589,4.780554415685126e+16,1165827298278070.2
86486.4864864865,1686.3024032005642,0.05004496259799292,280.0,6.143854272700218e+18,4.921763023937702e-22,296395.3306718117,0.1287392136450089,1,1,1,1.9468137341513588e+22,0.00014714179103043838,4.626705301670477e+16,1160146130715280.5
86586.58658658659,1685.0134013524168,0.05004554588737634,280.0,6.113181075099552e+18,4.896255175413718e-22,294859.21299178083,0.1284864739343712,1,1,1,1.9468126719918956e+22,0.0001471417990583298,4.47809553285097e+16,1154492651306982.0
86686.68668668669,1683.7243995042695,0.050046136743233764,280.0,6.082661013463591e+18,4.870878813821974e-22,293331.01363544236,0.1282340948433123,1,1,1,1.94681161195741e+22,0.00014714180707016522,4.3345377181684824e+16,1148866725111272.2
86786.78678678679,1682.4353976561222,0.050046735263707495,280.0,6.052293323260901e+18,4.845633264005963e-22,291810.69194394373,0.1279820755554919,1,1,1,1.9468105540436597e+22,0.00014714181506597678,4.195851463322699e+16,1143268217843907.0
86886.88688688689,1681.1463958079748,0.050047341548212554,280.0,6.022077243776975e+18,4.820517854265594e-22,290298.2074665828,0.12773041525607234,1,1,1,1.9468094982464096e+22,0.00014714182304579639,4.061863099506663e+16,1137696995875095.2
86986.98698698699,1679.8573939598275,0.050047955697453135,280.0,5.992012018095173e+18,4.795531916339539e-22,288793.51995974436,0.12747911313172106,1,1,1,1.9468084445614344e+22,0.00014714183100965594,3.932405423004271e+16,1132152926226310.0
87087.0870870871,1678.56839211168,0.05004857781343937,280.0,5.962096893077759e+18,4.770674785387673e-22,287296.58938584273,0.12722816837061288,1,1,1,1.9468073929845173e+22,0.00014714183895758729,3.807317445203226e+16,1126635876567113.2
87187.1871871872,1677.2793902635326,0.050049207999504186,280.0,5.932331119347043e+18,4.745945799973602e-22,285807.37591226964,0.12697758016243285,1,1,1,1.9468063435114496e+22,0.00014714184688962225,3.68644415259576e+16,1121145715212000.2
87287.2872872873,1675.9903884153853,0.05004984636032051,280.0,5.902713951266601e+18,4.7213443020472755e-22,284325.83991034696,0.12672734769837854,1,1,1,1.946805296138031e+22,0.0001471418548057925,3.5696362763569904e+16,1115682311117252.0
87387.3873873874,1674.701386567238,0.05005049300191861,280.0,5.873244646922597e+18,4.696869636927688e-22,282851.94195428526,0.12647747017116268,1,1,1,1.9468042508600703e+22,0.0001471418627061297,3.456750071108529e+16,1110245533877810.5
87487.4874874875,1673.4123847190906,0.05005114803170369,280.0,5.843922468105207e+18,4.672521153285684e-22,281385.6428201479,0.12622794677501598,1,1,1,1.946803207673384e+22,0.0001471418705906655,3.347647102490775e+16,1104835253724165.1
87587.5875875876,1672.1233828709433,0.05005181155847372,280.0,5.814746680290113e+18,4.648298203126822e-22,279926.9034848195,0.12597877670568952,1,1,1,1.9468021665737975e+22,0.0001471418784594313,3.242194043183426e+16,1099451341519255.6
87687.68768768769,1670.834381022796,0.05005248369243748,280.0,5.785716552620115e+18,4.624200141774357e-22,278475.68512498087,0.12572995916045773,1,1,1,1.946801127557145e+22,0.0001471418863124587,3.1402624770286716e+16,1094093668755389.4
87787.78778778779,1669.5453791746486,0.05005316454523284,280.0,5.756831357886816e+18,4.600226327852282e-22,277031.9491160877,0.12548149333812103,1,1,1,1.946800090619268e+22,0.00014714189414977898,3.0417287109260132e+16,1088762107551174.4
87887.88788788789,1668.2563773265013,0.0500538542299453,280.0,5.728090372512409e+18,4.576376123268479e-22,275595.657031356,0.12523337843900853,1,1,1,1.9467990557560173e+22,0.00014714190197142354,2.9464735941814404e+16,1083456530648466.5
87987.98798798799,1666.967375478354,0.05005455286112674,280.0,5.699492876531547e+18,4.552648893197944e-22,274166.77064075205,0.1249856136649812,1,1,1,1.946798022963252e+22,0.00014714190977742364,2.8543823450069544e+16,1078176811409332.5
88088.0880880881,1665.6783736302064,0.05005526055481442,280.0,5.671038153573309e+18,4.529044006066088e-22,272745.2519099864,0.1247381982194343,1,1,1,1.9467969922368396e+22,0.0001471419175678105,2.7653443838790856e+16,1072922823813026.2
88188.1881881882,1664.389371782059,0.05005597742855025,280.0,5.642725490843276e+18,4.505560833532163e-22,271331.062999516,0.1244911313073008,1,1,1,1.9467959635726557e+22,0.0001471419253426152,2.679253173477288e+16,1067694442452983.8
88288.2882882883,1663.1003699339117,0.05005670360140027,280.0,5.614554179105624e+18,4.482198750472698e-22,269924.1662635467,0.12424441213505374,1,1,1,1.946794936966584e+22,0.0001471419331018689,2.5960060649344452e+16,1062491542533825.6
88388.3883883884,1661.8113680857643,0.050057439193974415,280.0,5.586523512665409e+18,4.458957134965111e-22,268524.52424904617,0.12399803991070993,1,1,1,1.946793912414517e+22,0.0001471419408456026,2.5155041501433212e+16,1057313999868381.2
88488.4884884885,1660.522366237617,0.05005818432844651,280.0,5.558632789350867e+18,4.435835368271333e-22,267132.09969475796,0.12375201384383236,1,1,1,1.946792889912356e+22,0.0001471419485738472,2.4376521198729972e+16,1052161690874723.6
88588.5885885886,1659.2333643894697,0.05005893912857457,280.0,5.530881310495826e+18,4.41283283482155e-22,265746.8555302221,0.12350633314553376,1,1,1,1.9467918694560093e+22,0.00014714195628663367,2.3623581274598224e+16,1047034492573220.0
88688.6886886887,1657.9443625413223,0.05005970371972129,280.0,5.503268380922204e+18,4.389948922198016e-22,264368.75487480074,0.12326099702847944,1,1,1,1.946790851041394e+22,0.00014714196398399283,2.289533657847108e+16,1041932282583596.2
88788.78878878879,1656.655360693175,0.05006047822887485,280.0,5.475793308922598e+18,4.367183021118952e-22,262997.7610367081,0.12301600470689046,1,1,1,1.9467898346644364e+22,0.0001471419716659554,2.2190934017571696e+16,1036854939122015.9
88888.88888888889,1655.3663588450277,0.05006126278467001,280.0,5.448455406242956e+18,4.344534525422533e-22,261633.83751204624,0.1227713553965472,1,1,1,1.9467888203210693e+22,0.00014714197933255214,2.1509551347883036e+16,1031802340998173.4
88988.98898898899,1654.0773569968803,0.050062057517409414,280.0,5.421253988065331e+18,4.322002832050937e-22,260276.94798384485,0.12252704831479207,1,1,1,1.9467878080072353e+22,0.00014714198698381365,2.0850396012378776e+16,1026774367612401.2
89089.0890890891,1652.7883551487328,0.050062862559085215,280.0,5.39418837299073e+18,4.299587341034503e-22,258927.05632110656,0.12228308268053321,1,1,1,1.9467867977188844e+22,0.00014714199461977054,2.0212704024609416e+16,1021770898952791.0
89189.1891891892,1651.4993533005854,0.05006367804340098,280.0,5.367257883022058e+18,4.277287455475956e-22,257584.12657785756,0.12203945771424776,1,1,1,1.9467857894519754e+22,0.00014714200224045333,1.9595738895817164e+16,1016791815592331.2
89289.2892892893,1650.210351452438,0.05006450410579383,280.0,5.340461843547101e+18,4.255102581534691e-22,256248.12299220078,0.12179617263798505,1,1,1,1.9467847832024746e+22,0.00014714200984589247,1.8998790603826704e+16,1011836998686053.1
89389.3893893894,1648.9213496042908,0.05006534088345696,280.0,5.313799583321658e+18,4.2330321284111795e-22,254919.00998537702,0.12155322667537014,1,1,1,1.9467837789663568e+22,0.00014714201743611837,1.842117460203469e+16,1006906329968196.2
89489.4894894895,1647.6323477561434,0.050066188515362355,280.0,5.287270434452714e+18,4.2110755083314333e-22,253596.7521608292,0.12131061905160745,1,1,1,1.9467827767396046e+22,0.00014714202501116134,1.7862230866886678e+16,1001999691749385.2
89589.5895895896,1646.343345907996,0.05006704714228383,280.0,5.260873732381711e+18,4.189232136531532e-22,252281.31430327074,0.1210683489934839,1,1,1,1.9467817765182095e+22,0.00014714203257105169,1.7321322982298748e+16,997116966913820.6
89689.6896896897,1645.0543440598487,0.050067916906820414,280.0,5.234608815867901e+18,4.1675014312422684e-22,250972.66137776076,0.12082641572937282,1,1,1,1.94678077829817e+22,0.00014714204011581958,1.6797837259543802e+16,992258038916483.4
89789.7897897898,1643.7653422117014,0.05006879795341997,280.0,5.208475026971776e+18,4.1458828136738255e-22,249670.75852878133,0.12058481848923736,1,1,1,1.9467797820754945e+22,0.00014714204764549525,1.6291181891183716e+16,987422791780353.2
89889.88988988989,1642.476340363554,0.05006969042840319,280.0,5.182471711038597e+18,4.1243757080005725e-22,248375.57107932193,0.12034355650463402,1,1,1,1.9467787878461975e+22,0.00014714205516010872,1.5800786137686758e+16,982611110093640.5
89989.98998998999,1641.1873385154067,0.05007059447998778,280.0,5.156598216681987e+18,4.102979541345919e-22,247087.06452996732,0.1201026290087167,1,1,1,1.946777795606303e+22,0.00014714206265969003,1.5326099545425636e+16,977822879007031.1
90090.0900900901,1639.8983366672592,0.05007151025831315,280.0,5.130853895767611e+18,4.0816937437672375e-22,245805.20455798943,0.11986203523623981,1,1,1,1.946776805351842e+22,0.00014714207014426917,1.4866591194805006e+16,973057984230945.0
90190.1901901902,1638.6093348191118,0.05007243791546521,280.0,5.105238103396965e+18,4.0605177482409015e-22,244529.95701644654,0.11962177442356285,1,1,1,1.9467758170788543e+22,0.00014714207761387603,1.442174897731907e+16,968316312032810.4
90290.2902902903,1637.3203329709645,0.05007337760550165,280.0,5.079750197891173e+18,4.039450990647328e-22,243261.28793328244,0.11938184580865341,1,1,1,1.946774830783388e+22,0.00014714208506854046,1.3991078900387606e+16,963597749234345.5
90390.3903903904,1636.0313311228172,0.05007432948447747,280.0,5.054389540774959e+18,4.0184929097561837e-22,241999.16351043538,0.11914224863109142,1,1,1,1.9467738464614978e+22,0.00014714209250829227,1.3574104418868248e+16,958902183208859.8
90490.4904904905,1634.7423292746698,0.05007529371047087,280.0,5.029155496760632e+18,3.997642947211605e-22,240743.55012294828,0.11890298213207315,1,1,1,1.946772864109248e+22,0.00014714209993316115,1.317036579218557e+16,954229501878564.6
90590.5905905906,1633.4533274265225,0.050076270443609426,280.0,5.004047433732176e+18,3.976900547517509e-22,239494.41431808381,0.11866404555441482,1,1,1,1.94677188372271e+22,0.0001471421073431768,1.2779419466062198e+16,949579593711898.8
90690.6906906907,1632.1643255783752,0.050077259846096664,280.0,4.979064722729411e+18,3.9562651580229877e-22,238251.72281444518,0.11842543814255684,1,1,1,1.9467709052979637e+22,0.00014714211473836883,1.2400837477878118e+16,944952347720865.5
90790.7907907908,1630.8753237302278,0.05007826208223898,280.0,4.954206737932246e+18,3.9357362289077753e-22,237015.44250110057,0.11818715914256771,1,1,1,1.9467699288310966e+22,0.00014714212211876674,1.203420688472409e+16,940347653458384.4
90890.89089089089,1629.5863218820805,0.050079277318472816,280.0,4.929472856644993e+18,3.915313213167776e-22,235785.54043671192,0.1179492078021481,1,1,1,1.946768954318204e+22,0.00014714212948440007,1.167912921325314e+16,935765401015654.1
90990.99099099099,1628.2973200339331,0.05008030572339233,280.0,4.904862459280777e+18,3.894995566600684e-22,234561.98384866875,0.11771158337063502,1,1,1,1.9467679817553894e+22,0.0001471421368352982,1.1335219930470536e+16,931205481019529.9
91091.0910910911,1627.0083181857856,0.050081347467777294,280.0,4.880374929346004e+18,3.8747827477916615e-22,233344.74013222576,0.11747428509900583,1,1,1,1.9467670111387644e+22,0.00014714214417149054,1.1002107934637514e+16,926667784629911.8
91191.1911911912,1625.7193163376382,0.05008240272462142,280.0,4.856009653424942e+18,3.85467421809911e-22,232133.7768496459,0.11723731223988267,1,1,1,1.946766042464448e+22,0.00014714215149300638,1.0679435065497872e+16,922152203537149.2
91291.2912912913,1624.430314489491,0.05008347166916106,280.0,4.831766021164313e+18,3.834669441640471e-22,230929.06172934533,0.1170006640475364,1,1,1,1.9467650757285676e+22,0.00014714215879987495,1.0366855633067556e+16,917658629959452.8
91391.3913913914,1623.1413126413436,0.05008455447890421,280.0,4.807643425258044e+18,3.8147678852781634e-22,229730.5626650465,0.11676433977789119,1,1,1,1.9467641109272578e+22,0.00014714216609212547,1.006403596425987e+16,913186956640323.0
91491.4914914915,1621.8523107931962,0.05008565133366,280.0,4.783641261432034e+18,3.7949690186055364e-22,228538.24771493228,0.11652833868852865,1,1,1,1.946763148056662e+22,0.00014714217336978704,9770653966646636.0,908737076845990.6
91591.5915915916,1620.563308945049,0.05008676241556844,280.0,4.759758928429023e+18,3.7752723139329223e-22,227352.0851008059,0.11629266003869228,1,1,1,1.9467621871129308e+22,0.00014714218063288875,9486398708684948.0,904308884362868.5
91691.6916916917,1619.2743070969016,0.05008788790913065,280.0,4.735995827993525e+18,3.7556772462737515e-22,226172.04320725496,0.11605730308929177,1,1,1,1.9467612280922225e+22,0.00014714218788145958,9210970015765880.0,899902273495016.6
91791.7917917918,1617.9853052487542,0.05008902800123943,280.0,4.712351364856849e+18,3.7361832933307444e-22,224998.09058081976,0.11582226710290774,1,1,1,1.9467602709907035e+22,0.00014714219511552853,8944078081467483.0,895517139061619.0
91891.8918918919,1616.696303400607,0.05009018288121023,280.0,4.68882494672218e+18,3.7167899354821627e-22,223830.19592916538,0.115587551343796,1,1,1,1.9467593158045483e+22,0.0001471422023351245,8685443093419311.0,891153376394473.5
91991.99199199199,1615.4073015524596,0.05009135274081254,280.0,4.665415984249746e+18,3.6974966557681433e-22,222668.32812025867,0.11535315507789205,1,1,1,1.946758362529939e+22,0.00014714220954027628,8434794873209549.0,886810881335493.4
92092.0920920921,1614.118299704312,0.05009253777430168,280.0,4.642123891042053e+18,3.6783029398770937e-22,221512.456181549,0.11511907757281593,1,1,1,1.946757411163065e+22,0.00014714221673101265,8191872529788633.0,882489550234220.4
92192.1921921922,1612.8292978561647,0.050093738178450954,280.0,4.618948083629206e+18,3.659208276132169e-22,220362.54929915385,0.11488531809787673,1,1,1,1.946756461700124e+22,0.00014714222390736233,7956424125845427.0,878189279945353.6
92292.2922922923,1611.5402960080173,0.05009495415258433,280.0,4.5958879814542756e+18,3.640212155477791e-22,219218.5768170469,0.11465187592407722,1,1,1,1.9467555141373212e+22,0.00014714223106935398,7728206356652280.0,873909967826283.6
92392.3923923924,1610.25129415987,0.050096185898609424,280.0,4.572943006858757e+18,3.6213140714662597e-22,218080.50823625206,0.11441875032411858,1,1,1,1.9467545684708696e+22,0.00014714223821701622,7506984240896690.0,869651511734644.9
92492.4924924925,1608.9622923117226,0.05009743362105095,280.0,4.5501125850681196e+18,3.602513520244439e-22,216948.31321404115,0.11418594057240525,1,1,1,1.94675362469699e+22,0.00014714224535037758,7292530823035352.0,865413810025877.4
92592.5925925926,1607.6732904635753,0.050098697527084665,280.0,4.527396144177387e+18,3.5838100005404815e-22,215821.96156313497,0.11395344594504976,1,1,1,1.9467526828119105e+22,0.00014714225246946654,7084626886725651.0,861196761550800.1
92692.6926926927,1606.384288615428,0.05009997782657164,280.0,4.504793115136822e+18,3.565203013650648e-22,214701.42325090923,0.11372126571987759,1,1,1,1.946751742811868e+22,0.00014714225957431152,6883060678907169.0,857000265653197.2
92792.7927927928,1605.0952867672806,0.05010127473209309,280.0,4.4823029317376666e+18,3.54669206342618e-22,213586.66839860406,0.11348939917643193,1,1,1,1.9467508046931054e+22,0.00014714226666494087,6687627644122853.0,852824222167415.4
92892.8928928929,1603.8062849191333,0.05010258845898554,280.0,4.4599250305979633e+18,3.5282766562602426e-22,212477.66728053783,0.11325784559597882,1,1,1,1.9467498684518748e+22,0.00014714227374138298,6498130168685794.0,848668531415972.6
92992.992992993,1602.517283070986,0.050103919225376575,280.0,4.437658851148437e+18,3.509956301074937e-22,211374.39032332477,0.113026604261512,1,1,1,1.946748934084435e+22,0.00014714228080366603,6314377334313276.0,844533094207179.6
93093.0930930931,1601.2282812228384,0.0501052672522209,280.0,4.415503835618451e+18,3.4917305093083643e-22,210276.8081050962,0.11279567445775805,1,1,1,1.9467480015870525e+22,0.0001471422878518182,6136184680864707.0,840417811832771.1
93193.1931931932,1599.939279374691,0.05010663276333701,280.0,4.393459429022053e+18,3.4735987949017972e-22,209184.89135472782,0.11256505547118156,1,1,1,1.946747070956002e+22,0.0001471422948858677,5963373977834672.0,836322586065552.6
93293.2932932933,1598.6502775265437,0.05010801598544424,280.0,4.371525079144049e+18,3.455560674286855e-22,208098.61095106744,0.11233474658999007,1,1,1,1.946746142187566e+22,0.0001471423019058426,5795773004265601.0,832247319157052.0
93393.3933933934,1597.3612756783964,0.05010941714820034,280.0,4.3497002365261727e+18,3.4376156663727845e-22,207017.93792216896,0.11210474710413919,1,1,1,1.946745215278033e+22,0.00014714230891177085,5633215336758717.0,828191913835188.9
93493.4934934935,1596.072273830249,0.0501108364842395,280.0,4.3279843544533396e+18,3.419763292533813e-22,205942.84344453088,0.11187505630533816,1,1,1,1.9467442902237006e+22,0.00014714231590368045,5475540145273748.0,824156273301952.2
93593.5935935936,1594.7832719821017,0.05011227422921092,280.0,4.306376888939939e+18,3.402003076596538e-22,204873.29884233672,0.11164567348705486,1,1,1,1.9467433670208737e+22,0.00014714232288159931,5322591996420612.0,820140301231090.1
93693.6936936937,1593.4942701339544,0.0501137306218178,280.0,4.284877298716204e+18,3.384334544827391e-22,203809.27558670018,0.11141659794452113,1,1,1,1.9467424456658647e+22,0.00014714232984555534,5174220663957828.0,816143901765810.1
93793.7937937938,1592.205268285807,0.050115205903856916,280.0,4.2634850452146637e+18,3.3667572259201793e-22,202750.74529491487,0.11118782897473826,1,1,1,1.946741526154993e+22,0.00014714233679557625,5030280946223643.0,812166979516491.8
93893.8938938939,1590.9162664376597,0.050116700320258646,280.0,4.2421995925566413e+18,3.349270650983669e-22,201697.67972970655,0.11095936587648221,1,1,1,1.946740608484586e+22,0.0001471423437316898,4890632490236650.0,808209439558409.4
93993.993993994,1589.6272645895124,0.05011821411912756,280.0,4.2210204075388355e+18,3.331874353529248e-22,200650.05079849012,0.11073120795030922,1,1,1,1.946739692650979e+22,0.00014714235065392368,4755139622213003.0,804271187429466.8
94094.09409409411,1588.3382627413648,0.05011974755178349,280.0,4.199946959619961e+18,3.314567869458642e-22,199607.83055262998,0.11050335449856125,1,1,1,1.9467387786505142e+22,0.00014714235756230556,4623671184257232.0,800352129127941.2
94194.1941941942,1587.0492608932175,0.05012130087280316,280.0,4.1789787209074703e+18,3.2973507370517126e-22,198570.9911867051,0.11027580482537144,1,1,1,1.946737866479541e+22,0.00014714236445686295,4496100376993321.0,796452171110243.1
94294.2942942943,1585.7602590450701,0.05012287434006234,280.0,4.1581151661443113e+18,3.2802224969542805e-22,197539.5050377757,0.11004855823666991,1,1,1,1.9467369561344174e+22,0.00014714237133762337,4372304607911431.0,792571220288678.9
94394.3943943944,1584.4712571969228,0.05012446821477856,280.0,4.1373557726957727e+18,3.263182692166036e-22,196513.34458465537,0.109821614040189,1,1,1,1.9467360476115077e+22,0.00014714237820461425,4252165345215103.0,788709184029231.6
94494.4944944945,1583.1822553487755,0.05012608276155436,280.0,4.1167000205364076e+18,3.2462308680285257e-22,195492.48244718742,0.10959497154546934,1,1,1,1.9467351409071846e+22,0.00014714238505786302,4135567976961490.5,784865970149349.8
94594.5945945946,1581.8932535006281,0.0501277182484211,280.0,4.096147392236993e+18,3.2293665722131713e-22,194476.89138552346,0.10936863006386538,1,1,1,1.9467342360178277e+22,0.00014714239189739706,4022401675295675.0,781041486915746.4
94694.6946946947,1580.6042516524808,0.05012937494688334,280.0,4.0756973729515725e+18,3.2125893547093553e-22,193466.54429940594,0.10914258890855112,1,1,1,1.946733332939824e+22,0.00014714239872324359,3912559265587710.0,777235643042210.0
94794.7947947948,1579.3152498043335,0.05013105313196381,280.0,4.055349450404557e+18,3.1958987678125825e-22,192461.41422745507,0.10891684739452605,1,1,1,1.946732431669568e+22,0.00014714240553542987,3805937100288511.5,773448347687425.6
94894.8948948949,1578.0262479561861,0.05013275308224892,280.0,4.035103114877894e+18,3.179294366112688e-22,191461.47434645888,0.10869140483862082,1,1,1,1.9467315322034617e+22,0.00014714241233398307,3702434937327839.5,769679510452806.2
94994.994994995,1576.7372461080388,0.05013447507993488,280.0,4.0149578591983007e+18,3.1627757064821103e-22,190466.6979706668,0.10846626055950334,1,1,1,1.9467306345379144e+22,0.00014714241911893035,3601955822884480.0,765929041380335.4
95095.09509509511,1575.4482442598912,0.05013621941087444,280.0,3.9949131787245517e+18,3.146342348064223e-22,189477.05855108716,0.10824141387768449,1,1,1,1.946729738669343e+22,0.0001471424258902987,3504405978365292.5,762196850950419.1
95195.1951951952,1574.159242411744,0.0501379863646242,280.0,3.9749685713348536e+18,3.1299938522617305e-22,188492.52967478835,0.10801686411552446,1,1,1,1.946728844594171e+22,0.00014714243264811518,3409694691436208.0,758482850079752.0
95295.2952952953,1572.8702405635966,0.05013977623449252,280.0,3.9551235374142525e+18,3.113729782725121e-22,187513.08506420327,0.10779261059723835,1,1,1,1.94672795230883e+22,0.00014714243939240672,3317734210954026.5,754786950119187.0
95395.3953953954,1571.5812387154492,0.050141589317588095,280.0,3.9353775798421125e+18,3.0975497053411563e-22,186538.69857643635,0.10756865264890245,1,1,1,1.946727061809759e+22,0.0001471424461232002,3228439645654189.0,751109062851622.1
95495.4954954955,1570.2922368673019,0.050143425914869116,280.0,3.9157302039796844e+18,3.081453188221471e-22,185569.34420257693,0.10734498959846052,1,1,1,1.946726173093404e+22,0.00014714245284052252,3141728866454780.0,747449100489893.8
95595.5955955956,1569.0032350191545,0.05014528633119309,280.0,3.8961809176577004e+18,3.065439801691179e-22,184604.99606701307,0.10712162077572959,1,1,1,1.946725286156218e+22,0.00014714245954440043,3057522412242694.0,743806975674681.9
95695.6956956957,1567.7142331710072,0.05014717087536728,280.0,3.8767292311640474e+18,3.0495091182775627e-22,183645.6284267505,0.10689854551240655,1,1,1,1.9467244009946624e+22,0.00014714246623486062,2975743399012951.0,740182601472424.5
95795.7957957958,1566.4252313228599,0.05014907986019984,280.0,3.8573746572315003e+18,3.0336607126988213e-22,182691.2156707349,0.10667576314207405,1,1,1,1.9467235176052047e+22,0.0001471424729119299,2896317432237108.0,736575891373242.8
95895.8958958959,1565.1362294747125,0.05015101360255152,280.0,3.8381167110255176e+18,3.0178941618528633e-22,181741.7323191771,0.10645327300020717,1,1,1,1.94672263598432e+22,0.00014714247957563472,2819172522341475.0,732986759288876.2
95995.995995996,1563.8472276265652,0.05015297242338814,280.0,3.818954910132092e+18,3.0022090448061694e-22,180797.1530228823,0.10623107442417935,1,1,1,1.946721756128491e+22,0.00014714248622600177,2744239003180399.5,729415119550627.9
96096.09609609611,1562.5582257784176,0.05015495664783372,280.0,3.7998887745456676e+18,2.9866049427826987e-22,179857.45256258198,0.10600916675326912,1,1,1,1.9467208780342075e+22,0.0001471424928630575,2671449453394272.0,725860886907318.9
96196.19619619621,1561.2692239302703,0.05015696660522421,280.0,3.7809178266571264e+18,2.9710814391528763e-22,178922.60584827082,0.10578754932866644,1,1,1,1.946720001697966e+22,0.0001471424994868284,2600738620546176.5,722323976523255.6
96296.2962962963,1559.980222082123,0.05015900262916202,280.0,3.762041591241802e+18,2.955638119422599e-22,177992.58791854454,0.10556622149347894,1,1,1,1.946719127116271e+22,0.00014714250609734088,2532043347934945.5,718804303976202.1
96396.3963963964,1558.6912202339756,0.05016106505757121,280.0,3.7432595954475976e+18,2.9402745712223343e-22,177067.3739399433,0.10534518259273885,1,1,1,1.9467182542856345e+22,0.00014714251269462125,2465302503986634.5,715301785255366.8
96496.4964964965,1557.4022183858283,0.05016315423275335,280.0,3.724571368783119e+18,2.9249903842962446e-22,176146.93920629704,0.10512443197340905,1,1,1,1.9467173832025746e+22,0.00014714251927869584,2400456914129788.5,711816336759396.4
96596.5965965966,1556.113216537681,0.050165270501444204,280.0,3.705976443105909e+18,2.909785150491397e-22,175231.25913807537,0.10490396898439024,1,1,1,1.946716513863617e+22,0.00014714252584959085,2337449295063689.0,708347875294381.1
96696.6966966967,1554.8242146895336,0.05016741421487104,280.0,3.6874743526107136e+18,2.894658463747003e-22,174320.30928173987,0.10468379297652715,1,1,1,1.946715646265295e+22,0.00014714253240733253,2276224191332140.0,704896318071868.6
96796.7967967968,1553.5352128413863,0.050169585728810716,280.0,3.669064633817806e+18,2.8796099200837234e-22,173414.06530909965,0.10446390330261544,1,1,1,1.9467147804041487e+22,0.00014714253895194696,2216727914118673.0,701461582706887.9
96896.8968968969,1552.246210993239,0.05017178540364856,280.0,3.6507468255613865e+18,2.8646391175930276e-22,172512.50301667093,0.10424429931740835,1,1,1,1.946713916276725e+22,0.00014714254548346022,2158908482182235.8,698043587215982.9
96996.996996997,1550.9572091450916,0.05017401360443794,280.0,3.632520468978024e+18,2.8497456564266083e-22,171615.59832503935,0.1040249803776235,1,1,1,1.946713053879579e+22,0.00014714255200189835,2102715564855483.2,694642250015255.8
97097.09709709711,1549.668207296944,0.05017627070096062,280.0,3.6143851074951624e+18,2.8349291387858416e-22,170723.32727822525,0.10380594584194976,1,1,1,1.946712193209272e+22,0.0001471425585072873,2048100427030721.5,691257489918419.0
97197.19719719721,1548.3792054487967,0.05017855706778795,280.0,3.5963402868196915e+18,2.820189168911324e-22,169835.6660430537,0.10358719507105407,1,1,1,1.9467113342623724e+22,0.000147142564999653,1995015876061433.2,687889226134859.6
97297.29729729731,1547.0902036006494,0.05018087308434275,280.0,3.5783855549265516e+18,2.8055253530724223e-22,168952.59090852508,0.10336872742758832,1,1,1,1.9467104770354563e+22,0.00014714257147902137,1943416210509863.5,684537378267707.8
97397.3973973974,1545.801201752502,0.050183219134962084,280.0,3.560520462047425e+18,2.7909372995569222e-22,168074.0782851917,0.10315054227619637,1,1,1,1.9467096215251065e+22,0.00014714257794541812,1893257170674025.2,681201866311919.8
97497.4974974975,1544.5121999043547,0.05018559560896078,280.0,3.5427445606594524e+18,2.7764246186606917e-22,167200.1047045354,0.10293263898352087,1,1,1,1.946708767727913e+22,0.00014714258439886904,1844495890829717.8,677882610652368.1
97597.5975975976,1543.2231980562074,0.05018800290069577,280.0,3.525057405474043e+18,2.761986922677427e-22,166330.6468183499,0.10271501691821051,1,1,1,1.946707915640473e+22,0.0001471425908393999,1797090853125721.8,674579532061941.1
97697.6976976977,1541.93419620806,0.05019044140963133,280.0,3.507458553425706e+18,2.747623825888436e-22,165465.68139812566,0.10249767545092711,1,1,1,1.9467070652593906e+22,0.00014714259726703624,1751001843072602.8,671292551699651.8
97797.7977977978,1540.6451943599127,0.05019291154040506,280.0,3.4899475636609556e+18,2.7333349445524647e-22,164605.1853344373,0.10228061395435238,1,1,1,1.9467062165812768e+22,0.00014714260368180372,1706189906567780.8,668021591108755.8
97897.8978978979,1539.3561925117654,0.050195413702894785,280.0,3.4725239975272684e+18,2.7191198968955996e-22,163749.13563633515,0.10206383180319557,1,1,1,1.94670536960275e+22,0.00014714261008372788,1662617308401670.8,664766572214879.2
97997.997997998,1538.067190663618,0.05019794831228629,280.0,3.455187418562091e+18,2.7049783031012e-22,162897.5094307394,0.10184732837420027,1,1,1,1.9467045243204353e+22,0.00014714261647283421,1620247492191752.0,661527417324155.0
98098.09809809811,1536.7781888154705,0.05020051578914195,280.0,3.437937392481911e+18,2.690909785299892e-22,162050.28396183724,0.10163110304615189,1,1,1,1.9467036807309652e+22,0.0001471426228491481,1579045041693399.5,658304049121367.6
98198.19819819821,1535.4891869673231,0.05020311655947018,280.0,3.4207734871713823e+18,2.67691396755962e-22,161207.43659048382,0.10141515519988488,1,1,1,1.946702838830979e+22,0.000147142629212695,1538975643438252.8,655096390668109.9
98298.29829829831,1534.2001851191758,0.05020575105479589,280.0,3.4036952726724874e+18,2.6629904758757213e-22,160368.94479360458,0.10119948421828992,1,1,1,1.9467019986171224e+22,0.00014714263556350022,1500006050652600.5,651904365400943.5
98398.3983983984,1532.9111832710284,0.05020841971223172,280.0,3.386702321173781e+18,2.649138938161095e-22,159534.7861636031,0.10098408948632158,1,1,1,1.946701160086049e+22,0.000147142641901589,1462104048410232.2,648727897129573.6
98498.4984984985,1531.622181422881,0.05021112297455032,280.0,3.369794206999657e+18,2.635358984236369e-22,158704.9384077691,0.10076897039100535,1,1,1,1.9467003232344194e+22,0.00014714264822698664,1425238419975680.5,645566910035029.9
98598.5985985986,1530.3331795747338,0.05021386129025743,280.0,3.352970506599704e+18,2.6216502458201726e-22,157879.37934769248,0.10055412632144542,1,1,1,1.9466994880589e+22,0.00014714265453971825,1389378914295540.5,642421328667856.6
98698.6986986987,1529.0441777265864,0.05021663511366602,280.0,3.3362307985380844e+18,2.6080123565194117e-22,157058.08691867776,0.100339556668832,1,1,1,1.9466986545561653e+22,0.00014714266083980896,1354496214597066.8,639291077946311.8
98798.7987987988,1527.755175878439,0.050219444904971294,280.0,3.319574663482979e+18,2.594444951819625e-22,156241.03916916333,0.10012526082644882,1,1,1,1.9466978227228965e+22,0.00014714266712728387,1320561908054763.5,636176083154575.1
98898.8988988989,1526.4661740302918,0.05022229113032672,280.0,3.303001684196081e+18,2.5809476690753644e-22,155428.21426014215,0.0999112381896808,1,1,1,1.9466969925557814e+22,0.00014714267340216797,1287548456487128.5,633076269940964.8
98998.998998999,1525.1771721821444,0.050225174261921,280.0,3.286511445522151e+18,2.567520147500652e-22,154619.59046458695,0.0996974881560216,1,1,1,1.946696164051515e+22,0.00014714267966448624,1255429168047103.8,629991564316162.4
99099.09909909911,1523.8881703339969,0.050228094778056065,280.0,3.2701035343786035e+18,2.554162028159457e-22,153815.14616687686,0.0994840101250812,1,1,1,1.946695337206799e+22,0.00014714268591426355,1224178169871120.2,626921892651446.8
99199.19919919921,1522.5991684858495,0.05023105316322602,280.0,3.2537775397451817e+18,2.5408729539562514e-22,153014.85986222865,0.09927080349859377,1,1,1,1.9466945120183425e+22,0.00014714269215152482,1193770381652942.2,623867181676938.4
99299.29929929931,1521.3101666377022,0.05023404990819716,280.0,3.237533052653637e+18,2.5276525696265827e-22,152218.7101561289,0.09905786768042515,1,1,1,1.9466936884828607e+22,0.00014714269837629482,1164181490109664.5,620827358479847.8
99399.39939939941,1520.0211647895549,0.050237085510089,280.0,3.221369666177501e+18,2.514500521727717e-22,151426.67576377065,0.09884520207658082,1,1,1,1.9466928665970763e+22,0.00014714270458859833,1135387924308560.8,617802350502736.6
99499.4994994995,1518.7321629414075,0.05024016047245632,280.0,3.205286975421878e+18,2.5014164586293206e-22,150638.73550949214,0.0986328060952135,1,1,1,1.9466920463577186e+22,0.00014714271078846005,1107366831824475.8,614792085541786.0
99599.5995995996,1517.4431610932602,0.050243275305372294,280.0,3.1892845775133184e+18,2.4884000305041953e-22,149854.86832621892,0.09842067914663112,1,1,1,1.9466912277615235e+22,0.0001471427169759046,1080096055698646.4,611796491745072.6
99699.6996996997,1516.1541592451129,0.05024643052551269,280.0,3.1733620715897155e+18,2.475450889319051e-22,149075.05325490813,0.09820882064330476,1,1,1,1.9466904108052345e+22,0.00014714272315095658,1053554112170872.0,608815497610854.0
99799.7997997998,1514.8651573969655,0.050249626656241116,280.0,3.1575190587902684e+18,2.4625686888253387e-22,148299.26944399645,0.09799722999987631,1,1,1,1.946689595485601e+22,0.0001471427293136406,1027720169157978.0,605849031985861.8
99899.8998998999,1513.5761555488182,0.05025286422769541,280.0,3.1417551422454876e+18,2.449753084550117e-22,147527.4961488502,0.09778590663316672,1,1,1,1.9466887817993803e+22,0.00014714273546398115,1002574025452500.0,602897024063603.1
100000.0,1512.2871537006708,0.05025614377687512,280.0,3.126069927067256e+18,2.4370037337869703e-22,146759.71273121817,0.09757484996218371,1,1,1,1.9466879697433353e+22,0.00014714274160200258,978096090616463.2,599959403382671.0
