time_s,temperature_K,pressure_Pa,quench_active,NH3_mol,N2_mol,H2_mol,CO2_mol,CO_mol,H2O_mol,Fe_mol,FeO_mol,CN_mol,HCN_mol,H2S_mol,HS_mol,cumulative_H2_from_NH3_mol,cumulative_H2_from_Fe_H2O_mol,cumulative_N2_from_NH3_mol
0.0,2800.0,298875739.68200165,0,1.974396553951377e+23,0.0,0.0,9.997841375157636e+19,0.0,5.550843506179199e+22,1.0027755394395202e+20,0.0,0.0,0.0,9.976262363963394e+16,0.0,0.0,0.0,0.0
3158918918.918919,2797.6563602760957,298782973.45136607,0,2.9615948309270656e+22,8.391185354293352e+22,2.517535375276173e+23,9.995183946629094e+19,2.6574285285419852e+16,5.549045816297526e+22,8.227408084194225e+19,1.8003473102009758e+19,0.0,0.0,9.976262363963394e+16,0.0,2.5173556062880057e+23,1.7976898816724339e+19,8.391185354293352e+22
6317837837.837838,2795.3127205521914,298690208.13275677,0,2.9615948309270656e+22,8.391185354293352e+22,2.5176240409064757e+23,9.993758978056307e+19,4.082397101328804e+16,5.548159159994499e+22,7.3393268125944996e+19,2.6884285818007007e+19,0.0,0.0,9.976262363963394e+16,0.0,2.5173556062880057e+23,2.6843461846993723e+19,8.391185354293352e+22
9476756756.756758,2792.969080828287,298597444.1471727,0,2.9615948309270656e+22,8.391185354293352e+22,2.5177031231704748e+23,9.992487979855417e+19,5.3533953022193144e+16,5.547368337354506e+22,6.547233174400968e+19,3.480522219994233e+19,0.0,0.0,9.976262363963394e+16,0.0,2.5173556062880057e+23,3.475168824692014e+19,8.391185354293352e+22
12635675675.675676,2790.625441104383,298504681.9153726,0,2.9615948309270656e+22,8.391185354293352e+22,2.5177736604600327e+23,9.991354278264362e+19,6.487096893273488e+16,5.546662964458927e+22,5.8407265772302926e+19,4.187028817164909e+19,0.0,0.0,9.976262363963394e+16,0.0,2.5173556062880057e+23,4.180541720271636e+19,8.391185354293352e+22
15794594594.594597,2788.2818013804786,298411921.8578688,0,2.9615948309270656e+22,8.391185354293352e+22,2.5178365781268658e+23,9.9903430127071e+19,7.498362450534202e+16,5.546033787790596e+22,5.210538643342434e+19,4.817216751052767e+19,0.0,0.0,9.976262363963394e+16,0.0,2.5173556062880057e+23,4.809718388602234e+19,8.391185354293352e+22
18953513513.513515,2785.9381616565743,298319164.39492106,0,2.9615948309270656e+22,8.391185354293352e+22,2.5178927008956048e+23,9.989440937078931e+19,8.400438078702842e+16,5.545472560103207e+22,4.648408880324608e+19,5.3793465140705935e+19,0.0,0.0,9.976262363963394e+16,0.0,2.5173556062880057e+23,5.370946075991892e+19,8.391185354293352e+22
22112432432.432434,2783.59452193267,298226409.9465299,0,2.9615948309270656e+22,8.391185354293352e+22,2.517942763891907e+23,9.98863624312321e+19,9.20513203442491e+16,5.544971930140185e+22,4.146974223346971e+19,5.880781171048231e+19,0.0,0.0,9.976262363963394e+16,0.0,2.5173556062880057e+23,5.871576039013807e+19,8.391185354293352e+22
25271351351.351353,2781.2508822087657,298133658.93243057,0,2.9615948309270656e+22,8.391185354293352e+22,2.5179874224445642e+23,9.987918403380045e+19,9.922971777588822e+16,5.5445253446136114e+22,3.699670857030601e+19,6.3280845373646004e+19,0.0,0.0,9.976262363963394e+16,0.0,2.5173556062880057e+23,6.318161565587012e+19,8.391185354293352e+22
28430270270.27027,2778.9072424848614,298040911.7720868,0,2.9615948309270656e+22,8.391185354293352e+22,2.518027260801425e+23,9.987278031487643e+19,1.0563343669991978e+17,5.544126961045004e+22,3.3006469165307695e+19,6.7271084778644324e+19,0.0,0.0,9.976262363963394e+16,0.0,2.5173556062880057e+23,6.716545134194441e+19,8.391185354293352e+22
31589189189.189194,2776.563602760957,297948168.8846851,0,2.9615948309270656e+22,8.391185354293352e+22,2.5180627998822956e+23,9.986706757878718e+19,1.1134617278915654e+17,5.5437715702362965e+22,2.944684834214065e+19,7.0830705601811366e+19,0.0,0.0,9.976262363963394e+16,0.0,2.5173556062880057e+23,7.071935942902221e+19,8.391185354293352e+22
34748108108.10811,2774.219963037053,297855430.68912786,0,2.9615948309270656e+22,8.391185354293352e+22,2.5180945041774602e+23,9.986197119143408e+19,1.1644256014226e+17,5.54345452728465e+22,2.627132243831563e+19,7.400623150563638e+19,0.0,0.0,9.976262363963394e+16,0.0,2.5173556062880057e+23,7.388978894549413e+19,8.391185354293352e+22
37907027027.02703,2771.8763233131485,297762697.60402775,0,2.9615948309270656e+22,8.391185354293352e+22,2.5181227878877488e+23,9.985742459530566e+19,1.2098915627068104e+17,5.543171690181765e+22,2.3438404813342835e+19,7.683914913060918e+19,0.0,0.0,9.976262363963394e+16,0.0,2.5173556062880057e+23,7.671815997433851e+19,8.391185354293352e+22
41065945945.94595,2769.5326835892442,297669970.0477016,0,2.9615948309270656e+22,8.391185354293352e+22,2.5181480203909577e+23,9.985336843235415e+19,1.2504531922218779e+17,5.542919365149677e+22,2.091109832950631e+19,7.936645561444572e+19,0.0,0.0,9.976262363963394e+16,0.0,2.5173556062880057e+23,7.924141029522353e+19,8.391185354293352e+22
44224864864.86487,2767.18904386534,297577248.43816435,0,2.9615948309270656e+22,8.391185354293352e+22,2.5181705311096595e+23,9.984974976276175e+19,1.2866398881458437e+17,5.5426942579626595e+22,1.8656407789742707e+19,8.162114615420931e+19,0.0,0.0,9.976262363963394e+16,0.0,2.5173556062880057e+23,8.149248216539474e+19,8.391185354293352e+22
47383783783.78379,2764.8454041414357,297484533.19312304,0,2.9615948309270656e+22,8.391185354293352e+22,2.518190613846849e+23,9.984652136898496e+19,1.3189238259137394e+17,5.542493430590766e+22,1.664490567702777e+19,8.363264826692424e+19,0.0,0.0,9.976262363963394e+16,0.0,2.5173556062880057e+23,8.350075588433288e+19,8.391185354293352e+22
50542702702.702705,2762.5017644175314,297391824.729971,0,2.9615948309270656e+22,8.391185354293352e+22,2.5182085306483195e+23,9.984364113566563e+19,1.3477261591070184e+17,5.54231426257606e+22,1.4850345296652868e+19,8.542720864729915e+19,0.0,0.0,9.976262363963394e+16,0.0,2.5173556062880057e+23,8.529243603138845e+19,8.391185354293352e+22
53701621621.62162,2760.158124693627,297299123.4657817,0,2.9615948309270656e+22,8.391185354293352e+22,2.5182245152439998e+23,9.984107149705681e+19,1.3734225451951141e+17,5.542154416619258e+22,1.324931609002385e+19,8.702823785392818e+19,0.0,0.0,9.976262363963394e+16,0.0,2.5173556062880057e+23,8.689089559940866e+19,8.391185354293352e+22
56860540540.54054,2757.814484969723,297206429.8173033,0,2.9615948309270656e+22,8.391185354293352e+22,2.5182387761146e+23,9.983877894454745e+19,1.3963480702886374e+17,5.542011807913255e+22,1.1820936477483723e+19,8.845661746646832e+19,0.0,0.0,9.976262363963394e+16,0.0,2.5173556062880057e+23,8.831698265943944e+19,8.391185354293352e+22
60019459459.459465,2755.4708452458185,297113744.20095223,0,2.9615948309270656e+22,8.391185354293352e+22,2.518251499224727e+23,9.983673358769771e+19,1.4168016387861098e+17,5.541884576811985e+22,1.0546580107927624e+19,8.973097383602441e+19,0.0,0.0,9.976262363963394e+16,0.0,2.5173556062880057e+23,8.95892936721458e+19,8.391185354293352e+22
63178378378.37839,2753.127205521914,297021067.03280807,0,2.9615948309270656e+22,8.391185354293352e+22,2.518262850459028e+23,9.983490876292943e+19,1.4350498864689926e+17,5.541771064468978e+22,9.409631853092884e+18,9.086792209085915e+19,0.0,0.0,9.976262363963394e+16,0.0,2.5173556062880057e+23,9.072441710221225e+19,8.391185354293352e+22
66337297297.29731,2750.78356579801,296928398.7286074,0,2.9615948309270656e+22,8.391185354293352e+22,2.5182729777938592e+23,9.983328068466545e+19,1.4513306691087053e+17,5.541669791120664e+22,8.395270291689353e+18,9.188228365226269e+19,0.0,0.0,9.976262363963394e+16,0.0,2.5173556062880057e+23,9.173715058535182e+19,8.391185354293352e+22
69496216216.21622,2748.4399260741056,296835739.70373803,0,2.9615948309270656e+22,8.391185354293352e+22,2.518282013233379e+23,9.983182813428685e+19,1.4658561728947034e+17,5.541579436725467e+22,7.4902737893454e+18,9.278728015460665e+19,0.0,0.0,9.976262363963394e+16,0.0,2.5173556062880057e+23,9.264069453731717e+19,8.391185354293352e+22
72655135135.13515,2746.0962863502014,296743090.3732336,0,2.9615948309270656e+22,8.391185354293352e+22,2.518290074535755e+23,9.983053218278756e+19,1.4788156878875974e+17,5.5414988237017046e+22,6.682847600219804e+18,9.359470634373225e+19,0.0,0.0,9.976262363963394e+16,0.0,2.5173556062880057e+23,9.344682477494347e+19,8.391185354293352e+22
75814054054.05406,2743.752646626297,296650451.1517679,0,2.9615948309270656e+22,8.391185354293352e+22,2.518297266752365e+23,9.982937594345934e+19,1.490378081169706e+17,5.541426901535606e+22,5.962469699900908e+18,9.431508424405115e+19,0.0,0.0,9.976262363963394e+16,0.0,2.5173556062880057e+23,9.416604643593416e+19,8.391185354293352e+22
78972972972.97298,2741.409006902393,296557822.4536491,0,2.9615948309270656e+22,8.391185354293352e+22,2.5183036836003318e+23,9.982834435134223e+19,1.5006940023407984e+17,5.541362733055938e+22,5.319753311106606e+18,9.495780063284545e+19,0.0,0.0,9.976262363963394e+16,0.0,2.5173556062880057e+23,9.480773123261135e+19,8.391185354293352e+22
82131891891.8919,2739.0653671784885,296465204.6928143,0,2.9615948309270656e+22,8.391185354293352e+22,2.5183094086865207e+23,9.982742396653324e+19,1.5098978504306445e+17,5.54130548219405e+22,4.746324307412835e+18,9.553122963653924e+19,0.0,0.0,9.976262363963394e+16,0.0,2.5173556062880057e+23,9.538023985149614e+19,8.391185354293352e+22
85290810810.81082,2736.721727454584,296372598.28282404,0,2.9615948309270656e+22,8.391185354293352e+22,2.518314516599127e+23,9.98266027987642e+19,1.5181095281209962e+17,5.541254403067988e+22,4.234711879021856e+18,9.604284206493023e+19,0.0,0.0,9.976262363963394e+16,0.0,2.5173556062880057e+23,9.589103111211809e+19,8.391185354293352e+22
88449729729.72974,2734.37808773068,296280003.63685685,0,2.9615948309270656e+22,8.391185354293352e+22,2.518319073881226e+23,9.982587015094203e+19,1.5254360063426048e+17,5.541208830246997e+22,3.7782510212893343e+18,9.649930292266276e+19,0.0,0.0,9.976262363963394e+16,0.0,2.5173556062880057e+23,9.634675932202846e+19,8.391185354293352e+22
91608648648.64865,2732.0344480067756,296187421.1677039,0,2.9615948309270656e+22,8.391185354293352e+22,2.518323139899087e+23,9.98252164795965e+19,1.5319727197979478e+17,5.541168170068389e+22,3.370995563873378e+18,9.690655838007871e+19,0.0,0.0,9.976262363963394e+16,0.0,2.5173556062880057e+23,9.675336110809888e+19,8.391185354293352e+22
94767567567.56758,2729.6908082828713,296094851.2877634,0,2.9615948309270656e+22,8.391185354293352e+22,2.518326767616652e+23,9.982463327040406e+19,1.5378048117223853e+17,5.541131892892738e+22,3.007640598163808e+18,9.726991334578828e+19,0.0,0.0,9.976262363963394e+16,0.0,2.5173556062880057e+23,9.7116132864616e+19,8.391185354293352e+22
97926486486.4865,2727.347168558967,296002294.4090352,0,2.9615948309270656e+22,8.391185354293352e+22,2.5183300042863506e+23,9.982411292715585e+19,1.5430082442044013e+17,5.541099526195751e+22,2.683453285050107e+18,9.759410065890199e+19,0.0,0.0,9.976262363963394e+16,0.0,2.5173556062880057e+23,9.743979983448151e+19,8.391185354293352e+22
101085405405.40541,2725.0035288350628,295909750.94311595,0,2.9615948309270656e+22,8.391185354293352e+22,2.5183328920652986e+23,9.98236486727151e+19,1.5476507886119696e+17,5.541070648406272e+22,2.3942111358178826e+18,9.78833428081342e+19,0.0,0.0,9.976262363963394e+16,0.0,2.5173556062880057e+23,9.772857772927297e+19,8.391185354293352e+22
104244324324.32433,2722.6598891111585,295817221.3011932,0,2.9615948309270656e+22,8.391185354293352e+22,2.5183354685649606e+23,9.982323446066704e+19,1.5517929090925994e+17,5.54104488340965e+22,2.1361469575529009e+18,9.814140698639919e+19,0.0,0.0,9.976262363963394e+16,0.0,2.5173556062880057e+23,9.79862276954899e+19,8.391185354293352e+22
107403243243.24324,2720.316249387254,295724705.8940408,0,2.9615948309270656e+22,8.391185354293352e+22,2.5183377673414723e+23,9.982286489650553e+19,1.5554885507077293e+17,5.5410218956445335e+22,1.9058997422297646e+18,9.837165420172232e+19,0.0,0.0,9.976262363963394e+16,0.0,2.5173556062880057e+23,9.821610534665152e+19,8.391185354293352e+22
110562162162.16217,2717.97260966335,295632205.13201326,0,2.9615948309270656e+22,8.391185354293352e+22,2.518339818333034e+23,9.982253516732542e+19,1.5587858425087795e+17,5.541001385728915e+22,1.7004708568660076e+18,9.857708308708608e+19,0.0,0.0,9.976262363963394e+16,0.0,2.5173556062880057e+23,9.842120450283517e+19,8.391185354293352e+22
113721081081.08109,2715.6289699394456,295539719.42504066,0,2.9615948309270656e+22,8.391185354293352e+22,2.5183416482501027e+23,9.982224097910176e+19,1.5617277247453878e+17,5.5409830865582305e+22,1.517184961792615e+18,9.876036898215947e+19,0.0,0.0,9.976262363963394e+16,0.0,2.5173556062880057e+23,9.86041962096849e+19,8.391185354293352e+22
116880000000.0,2713.2853302155413,295447249.1826238,0,2.9615948309270656e+22,8.391185354293352e+22,2.5183432809234752e+23,9.982197850073619e+19,1.5643525084011405e+17,5.540966759824505e+22,1.3536551461698668e+18,9.892389879778222e+19,0.0,0.0,9.976262363963394e+16,0.0,2.5173556062880057e+23,9.876746354694208e+19,8.391185354293352e+22
120038918918.91893,2710.941690491637,295354794.813829,0,2.9615948309270656e+22,8.391185354293352e+22,2.518344737614819e+23,9.982174431413979e+19,1.5666943743651037e+17,5.540952192911068e+22,1.2077518251982295e+18,9.906980211875386e+19,0.0,0.0,9.976262363963394e+16,0.0,2.5173556062880057e+23,9.891313268131732e+19,8.391185354293352e+22
123197837837.83786,2708.5980507677327,295262356.72728306,0,2.9615948309270656e+22,8.391185354293352e+22,2.518346037293699e+23,9.982153536970062e+19,1.5687838187568134e+17,5.54093919612227e+22,1.0775749927795895e+18,9.919997895117249e+19,0.0,0.0,9.976262363963394e+16,0.0,2.5173556062880057e+23,9.904310056929678e+19,8.391185354293352e+22
126356756756.75677,2706.2544110438284,295169935.3311682,0,2.9615948309270656e+22,8.391185354293352e+22,2.518347196884722e+23,9.982134894655455e+19,1.5706480502175533e+17,5.54092760021204e+22,9.614294673335199e+17,9.931612447661856e+19,0.0,0.0,9.976262363963394e+16,0.0,2.5173556062880057e+23,9.915905967159678e+19,8.391185354293352e+22
129515675675.67569,2703.910771319924,295077531.0332173,0,2.9615948309270656e+22,8.391185354293352e+22,2.518348231488025e+23,9.982118261714107e+19,1.572311344352369e+17,5.5409172541790134e+22,8.578028076523468e+17,9.941975113629973e+19,0.0,0.0,9.976262363963394e+16,0.0,2.5173556062880057e+23,9.926252000186447e+19,8.391185354293352e+22
132674594594.59462,2701.56713159602,294985144.2407089,0,2.9615948309270656e+22,8.391185354293352e+22,2.5183491545759796e+23,9.98210342155816e+19,1.5737953599469907e+17,5.540908023299465e+22,7.653456106085092e+17,9.951220833334357e+19,0.0,0.0,9.976262363963394e+16,0.0,2.5173556062880057e+23,9.935482879734884e+19,8.391185354293352e+22
135833513513.51352,2699.2234918721156,294892775.3604625,0,2.9615948309270656e+22,8.391185354293352e+22,2.518349978168688e+23,9.982090180946787e+19,1.575119421084252e+17,5.5408997873723824e+22,6.828539336714931e+17,9.95947000102806e+19,0.0,0.0,9.976262363963394e+16,0.0,2.5173556062880057e+23,9.943718806817214e+19,8.391185354293352e+22
138992432432.43243,2696.8798521482113,294800424.79883355,0,2.9615948309270656e+22,8.391185354293352e+22,2.5183507129905473e+23,9.982078367469239e+19,1.5763007688390986e+17,5.540892439153789e+22,6.09253612961853e+17,9.966830033099024e+19,0.0,0.0,9.976262363963394e+16,0.0,2.5173556062880057e+23,9.95106702541063e+19,8.391185354293352e+22
142151351351.35135,2694.536212424307,294708092.9617087,0,2.9615948309270656e+22,8.391185354293352e+22,2.5183513686099365e+23,9.98206782729929e+19,1.5773547858339866e+17,5.540885882959896e+22,5.4358627233353466e+17,9.973396767161855e+19,0.0,0.0,9.976262363963394e+16,0.0,2.5173556062880057e+23,9.957623219303512e+19,8.391185354293352e+22
145310270270.2703,2692.1925727004027,294615780.2545015,0,2.9615948309270656e+22,8.391185354293352e+22,2.5183519535638385e+23,9.98205842319181e+19,1.5782951965821632e+17,5.540880033420876e+22,4.849968410596829e+17,9.97925571028924e+19,0.0,0.0,9.976262363963394e+16,0.0,2.5173556062880057e+23,9.963472758323416e+19,8.391185354293352e+22
148469189189.1892,2689.8489329764984,294523487.082147,0,2.9615948309270656e+22,8.391185354293352e+22,2.5183524754690255e+23,9.982050032695327e+19,1.5791342462303094e+17,5.540874814369006e+22,4.3272241739234157e+17,9.984483152655974e+19,0.0,0.0,9.976262363963394e+16,0.0,2.5173556062880057e+23,9.968691810193669e+19,8.391185354293352e+22
151628108108.10812,2687.505293252594,294431213.84909785,0,2.9615948309270656e+22,8.391185354293352e+22,2.5183529411212572e+23,9.982042546557328e+19,1.5798828600301802e+17,5.540870157846688e+22,3.860823328321346e+17,9.989147161111996e+19,0.0,0.0,9.976262363963394e+16,0.0,2.5173556062880057e+23,9.97334833251169e+19,8.391185354293352e+22
154787027027.02704,2685.16165352869,294338960.95931906,0,2.9615948309270656e+22,8.391185354293352e+22,2.518353356583784e+23,9.982035867301455e+19,1.5805507856174832e+17,5.540866003221422e+22,3.444692876110606e+17,9.993308465634102e+19,0.0,0.0,9.976262363963394e+16,0.0,2.5173556062880057e+23,9.977502957777925e+19,8.391185354293352e+22
157945945945.94595,2682.8180138047856,294246728.81628406,0,2.9615948309270656e+22,8.391185354293352e+22,2.518353727266307e+23,9.98202990795811e+19,1.5811467199520026e+17,5.5408622963961906e+22,3.073414418656682e+17,9.997021250208642e+19,0.0,0.0,9.976262363963394e+16,0.0,2.5173556062880057e+23,9.98120978300912e+19,8.391185354293352e+22
161104864864.86487,2680.4743740808813,294154517.8229698,0,2.9615948309270656e+22,8.391185354293352e+22,2.518354057995429e+23,9.982024590931901e+19,1.5816784225729504e+17,5.5408589891049745e+22,2.742153594424509e+17,1.0000333858450964e+20,0.0,0.0,9.976262363963394e+16,0.0,2.5173556062880057e+23,9.984517074225232e+19,8.391185354293352e+22
164263783783.7838,2678.130734356977,294062328.38185227,0,2.9615948309270656e+22,8.391185354293352e+22,2.5183543530775052e+23,9.982019846991179e+19,1.5821528166451152e+17,5.54085603828421e+22,2.44659712395701e+17,1.0003289423155639e+20,0.0,0.0,9.976262363963394e+16,0.0,2.5173556062880057e+23,9.987467894989185e+19,8.391185354293352e+22
167422702702.7027,2675.7870946330727,293970160.89490247,0,2.9615948309270656e+22,8.391185354293352e+22,2.5183546163547253e+23,9.982015614366509e+19,1.582576079112206e+17,5.540853405512011e+22,2.1828966415594224e+17,1.0005926427979614e+20,0.0,0.0,9.976262363963394e+16,0.0,2.5173556062880057e+23,9.99010066718849e+19,8.391185354293352e+22
170581621621.62164,2673.4434549091684,293878015.7635817,0,2.9615948309270656e+22,8.391185354293352e+22,2.5183548512551428e+23,9.982011837946313e+19,1.5829537211318218e+17,5.540851056507835e+22,1.9476185819425302e+17,1.0008279208575782e+20,0.0,0.0,9.976262363963394e+16,0.0,2.5173556062880057e+23,9.992449671364462e+19,8.391185354293352e+22
173740540540.54056,2671.099815185264,293785893.3888372,0,2.9615948309270656e+22,8.391185354293352e+22,2.518355060837317e+23,9.982008468559233e+19,1.5832906598398054e+17,5.540848960686093e+22,1.737699469000481e+17,1.0010378399705203e+20,0.0,0.0,9.976262363963394e+16,0.0,2.5173556062880057e+23,9.994545493106803e+19,8.391185354293352e+22
176899459459.45947,2668.75617546136,293693794.17109823,0,2.9615948309270656e+22,8.391185354293352e+22,2.518355247830139e+23,9.982005462333843e+19,1.5835912823787616e+17,5.540847090757871e+22,1.550406024304108e+17,1.0012251334152167e+20,0.0,0.0,9.976262363963394e+16,0.0,2.5173556062880057e+23,9.996415421328377e+19,8.391185354293352e+22
180058378378.3784,2666.4125357374555,293601718.51027155,0,2.9615948309270656e+22,8.391185354293352e+22,2.518355414668367e+23,9.982002780127384e+19,1.583859503024709e+17,5.540845422375592e+22,1.3832995756988312e+17,1.001392239863822e+20,0.0,0.0,9.976262363963394e+16,0.0,2.5173556062880057e+23,9.99808380360797e+19,8.391185354293352e+22
183217297297.2973,2664.0688960135512,293509666.80573714,0,2.9615948309270656e+22,8.391185354293352e+22,2.5183555635243292e+23,9.982000387016072e+19,1.5840988141559168e+17,5.540843933815971e+22,1.2342043024278683e+17,1.0015413351370929e+20,0.0,0.0,9.976262363963394e+16,0.0,2.5173556062880057e+23,9.999572363229368e+19,8.391185354293352e+22
186376216216.21622,2661.725256289647,293417639.45634437,0,2.9615948309270656e+22,8.391185354293352e+22,2.5183556963362107e+23,9.981998251840353e+19,1.5843123317277446e+17,5.540842605697154e+22,1.1011789031884627e+17,1.0016743605363324e+20,0.0,0.0,9.976262363963394e+16,0.0,2.5173556062880057e+23,1.0000900482046044e+20,8.391185354293352e+22
189535135135.13516,2659.3816165657427,293325636.86040777,0,2.9615948309270656e+22,8.391185354293352e+22,2.5183558148332917e+23,9.981996346799173e+19,1.5845028358457395e+17,5.540841420726345e+22,9.824913181237138e+16,1.0017930481213971e+20,0.0,0.0,9.976262363963394e+16,0.0,2.5173556062880057e+23,1.000208545285551e+20,8.391185354293352e+22
192694054054.05408,2657.0379768418384,293233659.41570276,0,2.9615948309270656e+22,8.391185354293352e+22,2.518355920558463e+23,9.981994647087976e+19,1.5846728069653834e+17,5.54084036347463e+22,8.765961755374965e+16,1.0018989432639834e+20,0.0,0.0,9.976262363963394e+16,0.0,2.5173556062880057e+23,1.0003142704570176e+20,8.391185354293352e+22
195852972972.973,2654.694337117934,293141707.51946205,0,2.9615948309270656e+22,8.391185354293352e+22,2.5183560148883177e+23,9.98199313057573e+19,1.584824458189919e+17,5.540839420176083e+22,7.82114669613961e+16,1.001993424769907e+20,0.0,0.0,9.976262363963394e+16,0.0,2.5173556062880057e+23,1.0004086003117166e+20,8.391185354293352e+22
199011891891.8919,2652.35069739403,293049781.5683713,0,2.9615948309270656e+22,8.391185354293352e+22,2.5183560990510744e+23,9.98199177751676e+19,1.584959764086864e+17,5.540838578548517e+22,6.9781660708930984e+16,1.0020777228324315e+20,0.0,0.0,9.976262363963394e+16,0.0,2.5173556062880057e+23,1.0004927630683442e+20,8.391185354293352e+22
202170810810.81082,2650.0070576701255,292957881.9585654,0,2.9615948309270656e+22,8.391185354293352e+22,2.51835617414257e+23,9.981990570293644e+19,1.5850804863984694e+17,5.540837827633561e+22,6.226043890749327e+16,1.0021529350504458e+20,0.0,0.0,9.976262363963394e+16,0.0,2.5173556062880057e+23,1.000567854564047e+20,8.391185354293352e+22
205329729729.72977,2647.663417946221,292866009.08562446,0,2.9615948309270656e+22,8.391185354293352e+22,2.5183562411405293e+23,9.98198949318782e+19,1.5851881969809338e+17,5.54083715765397e+22,5.554987194359858e+16,1.0022200407200847e+20,0.0,0.0,9.976262363963394e+16,0.0,2.5173556062880057e+23,1.0006348525231034e+20,8.391185354293352e+22
208488648648.64865,2645.319778222317,292774163.34457016,0,2.9615948309270656e+22,8.391185354293352e+22,2.518356300917294e+23,9.981988532174918e+19,1.5852842982710864e+17,5.540836559886325e+22,4.9562585361674104e+16,1.0022799135859039e+20,0.0,0.0,9.976262363963394e+16,0.0,2.5173556062880057e+23,1.0006946292876324e+20,8.391185354293352e+22
211647567567.5676,2642.9761384984126,292682345.12986207,0,2.9615948309270656e+22,8.391185354293352e+22,2.5183563542511824e+23,9.981987674742158e+19,1.5853700415470528e+17,5.5408360265474405e+22,4.422062218666663e+16,1.002333333217654e+20,0.0,0.0,9.976262363963394e+16,0.0,2.5173556062880057e+23,1.0007479631761066e+20,8.391185354293352e+22
214806486486.48648,2640.6324987745083,292590554.8353933,0,2.9615948309270656e+22,8.391185354293352e+22,2.518356401836624e+23,9.981986909725422e+19,1.5854465432206883e+17,5.540835550693026e+22,3.945442787207351e+16,1.0023809951608e+20,0.0,0.0,9.976262363963394e+16,0.0,2.5173556062880057e+23,1.0007955486175789e+20,8.391185354293352e+22
217965405405.40543,2638.288859050604,292498792.85448766,0,2.9615948309270656e+22,8.391185354293352e+22,2.5183564442932e+23,9.98198622716389e+19,1.5855147993739315e+17,5.540835126127266e+22,3.5201944655719136e+16,1.0024235199929636e+20,0.0,0.0,9.976262363963394e+16,0.0,2.5173556062880057e+23,1.0008380051935892e+20,8.391185354293352e+22
221124324324.32434,2635.9452193266998,292407059.5798953,0,2.9615948309270656e+22,8.391185354293352e+22,2.518356482173712e+23,9.981985618170346e+19,1.5855756987283606e+17,5.540834747322147e+22,3.1407803530402532e+16,1.0024614614042167e+20,0.0,0.0,9.976262363963394e+16,0.0,2.5173556062880057e+23,1.000875885705488e+20,8.391185354293352e+22
224283243243.24326,2633.6015796027955,292315355.4037895,0,2.9615948309270656e+22,8.391185354293352e+22,2.5183565159713788e+23,9.981985074815461e+19,1.585630034216835e+17,5.54083440934548e+22,2.802260330774093e+16,1.0024953134064434e+20,0.0,0.0,9.976262363963394e+16,0.0,2.5173556062880057e+23,1.0009096833722262e+20,8.391185354293352e+22
227442162162.16217,2631.257939878891,292223680.71776307,0,2.9615948309270656e+22,8.391185354293352e+22,2.518356546126259e+23,9.98198459002455e+19,1.5856785133078957e+17,5.540834107796679e+22,2.5002267387692576e+16,1.0025255167656439e+20,0.0,0.0,9.976262363963394e+16,0.0,2.5173556062880057e+23,1.0009398382523356e+20,8.391185354293352e+22
230601081081.0811,2628.914300154987,292132035.9128247,0,2.9615948309270656e+22,8.391185354293352e+22,2.5183565730309803e+23,9.981984157485456e+19,1.5857217672173626e+17,5.540833838749465e+22,2.2307469858136116e+16,1.0025524647409394e+20,0.0,0.0,9.976262363963394e+16,0.0,2.5173556062880057e+23,1.0009667429737216e+20,8.391185354293352e+22
233760000000.0,2626.5706604310826,292040421.3793956,0,2.9615948309270656e+22,8.391185354293352e+22,2.5183565970358525e+23,9.981983771566359e+19,1.5857603591270704e+17,5.540833598700743e+22,1.9903123451695812e+16,1.0025765082050037e+20,0.0,0.0,9.976262363963394e+16,0.0,2.5173556062880057e+23,1.0009907478458763e+20,8.391185354293352e+22
236918918918.91895,2624.2270207071783,291948837.50730616,0,2.9615948309270656e+22,8.391185354293352e+22,2.5183566184534277e+23,9.981983427242451e+19,1.5857947915177606e+17,5.540833384524992e+22,1.7757922692492636e+16,1.0025979602125958e+20,0.0,0.0,9.976262363963394e+16,0.0,2.5173556062880057e+23,1.0010121654210776e+20,8.391185354293352e+22
240077837837.83786,2621.883380983274,291857284.68579257,0,2.9615948309270656e+22,8.391185354293352e+22,2.5183566375625707e+23,9.981983120030512e+19,1.5858255127116096e+17,5.540833193433563e+22,1.584393628416334e+16,1.0026171000766792e+20,0.0,0.0,9.976262363963394e+16,0.0,2.5173556062880057e+23,1.001031274563967e+20,8.391185354293352e+22
243236756756.75677,2619.5397412593697,291765763.3034932,0,2.9615948309270656e+22,8.391185354293352e+22,2.5183566546120893e+23,9.981982845930532e+19,1.5858529227095798e+17,5.540833022938377e+22,1.4136243431683438e+16,1.002634177005204e+20,0.0,0.0,9.976262363963394e+16,0.0,2.5173556062880057e+23,1.0010483240824938e+20,8.391185354293352e+22
246395675675.67572,2617.1961015354655,291674273.7484457,0,2.9615948309270656e+22,8.391185354293352e+22,2.5183566698239742e+23,9.981982601373632e+19,1.5858773783996064e+17,5.540832870819528e+22,1.261260936160782e+16,1.0026494133459047e+20,0.0,0.0,9.976262363963394e+16,0.0,2.5173556062880057e+23,1.0010635359675046e+20,8.391185354293352e+22
249554594594.5946,2614.852461811561,291582816.4080837,0,2.9615948309270656e+22,8.391185354293352e+22,2.51835668339629e+23,9.981982383175593e+19,1.585899198203427e+17,5.540832735096371e+22,1.1253195815754732e+16,1.0026630074813633e+20,0.0,0.0,9.976262363963394e+16,0.0,2.5173556062880057e+23,1.0010771082831593e+20,8.391185354293352e+22
252713513513.51355,2612.508822087657,291491391.6692333,0,2.9615948309270656e+22,8.391185354293352e+22,2.5183566955057527e+23,9.981982188495402e+19,1.5859186662225632e+17,5.540832614001744e+22,1.0040302748753262e+16,1.0026751364120334e+20,0.0,0.0,9.976262363963394e+16,0.0,2.5173556062880057e+23,1.0010892177458102e+20,8.391185354293352e+22
255872432432.43243,2610.1651823637526,291399999.91811067,0,2.9615948309270656e+22,8.391185354293352e+22,2.5183567063100318e+23,9.981982014798253e+19,1.585936035937438e+17,5.540832505958953e+22,8958137866181737.0,1.002685958060859e+20,0.0,0.0,9.976262363963394e+16,0.0,2.5173556062880057e+23,1.0011000220249211e+20,8.391185354293352e+22
259031351351.35138,2607.8215426398483,291308641.5403181,0,2.9615948309270656e+22,8.391185354293352e+22,2.518356715949803e+23,9.98198185982255e+19,1.58595153350779e+17,5.540832409561242e+22,7992611002536259.0,1.0026956133294955e+20,0.0,0.0,9.976262363963394e+16,0.0,2.5173556062880057e+23,1.0011096617959871e+20,8.391185354293352e+22
262190270270.2703,2605.477902915944,291217316.92084134,0,2.9615948309270656e+22,8.391185354293352e+22,2.5183567245505794e+23,9.981981721550453e+19,1.5859653607173613e+17,5.54083232355348e+22,7131150661705825.0,1.0027042279329038e+20,0.0,0.0,9.976262363963394e+16,0.0,2.5173556062880057e+23,1.0011182625721858e+20,8.391185354293352e+22
265349189189.18924,2603.1342631920397,291126026.4440469,0,2.9615948309270656e+22,8.391185354293352e+22,2.5183567322243458e+23,9.981981598181615e+19,1.5859776976011997e+17,5.540832246815816e+22,6362540331205101.0,1.0027119140362088e+20,0.0,0.0,9.976262363963394e+16,0.0,2.5173556062880057e+23,1.001125936338607e+20,8.391185354293352e+22
268508108108.1081,2600.7906234681354,291034770.4936787,0,2.9615948309270656e+22,8.391185354293352e+22,2.5183567390710176e+23,9.981981488109729e+19,1.585988704789782e+17,5.540832178349099e+22,5676772438885965.0,1.002718771715132e+20,0.0,0.0,9.976262363963394e+16,0.0,2.5173556062880057e+23,1.0011327830103415e+20,8.391185354293352e+22
271667027027.02704,2598.446983744231,290943549.4528551,0,2.9615948309270656e+22,8.391185354293352e+22,2.5183567451797405e+23,9.981981389901621e+19,1.5859985256004845e+17,5.540832117261868e+22,5064918050567101.0,1.0027248902590153e+20,0.0,0.0,9.976262363963394e+16,0.0,2.5173556062880057e+23,1.001138891733414e+20,8.391185354293352e+22
274825945945.94595,2596.103344020327,290852363.70406663,0,2.9615948309270656e+22,8.391185354293352e+22,2.5183567506300527e+23,9.98198130227859e+19,1.586007287903626e+17,5.540832062758748e+22,4519010611978734.0,1.0027303493334011e+20,0.0,0.0,9.976262363963394e+16,0.0,2.5173556062880057e+23,1.0011443420454968e+20,8.391185354293352e+22
277984864864.86487,2593.7597042964226,290761213.6291725,0,2.9615948309270656e+22,8.391185354293352e+22,2.5183567554929187e+23,9.981981224099752e+19,1.5860151057873875e+17,5.540832014130088e+22,4031942221285810.0,1.0027352200173081e+20,0.0,0.0,9.976262363963394e+16,0.0,2.5173556062880057e+23,1.00114920491152e+20,8.391185354293352e+22
281143783783.7838,2591.4160645725183,290670099.6093983,0,2.9615948309270656e+22,8.391185354293352e+22,2.5183567598316547e+23,9.981981154347193e+19,1.5860220810432813e+17,5.540831970742727e+22,3597371081608946.5,1.002739565728705e+20,0.0,0.0,9.976262363963394e+16,0.0,2.5173556062880057e+23,1.001153543647661e+20,8.391185354293352e+22
284302702702.7027,2589.072424848614,290579022.02533305,0,2.9615948309270656e+22,8.391185354293352e+22,2.5183567637027527e+23,9.98198109211271e+19,1.586028304491513e+17,5.540831932031746e+22,3209638928532648.0,1.0027434430502358e+20,0.0,0.0,9.976262363963394e+16,0.0,2.5173556062880057e+23,1.0011574147457435e+20,8.391185354293352e+22
287461621621.62164,2586.7287851247097,290487981.25692666,0,2.9615948309270656e+22,8.391185354293352e+22,2.5183567671566157e+23,9.98198103658599e+19,1.586033857163493e+17,5.5408318974931155e+22,2863697357470288.0,1.0027469024659464e+20,0.0,0.0,9.976262363963394e+16,0.0,2.5173556062880057e+23,1.0011608686087822e+20,8.391185354293352e+22
290620540540.5406,2584.3851454008054,290396977.68348736,0,2.9615948309270656e+22,8.391185354293352e+22,2.518356770238214e+23,9.981980987044056e+19,1.586038811356894e+17,5.540831866677131e+22,2555042091636308.0,1.0027499890186048e+20,0.0,0.0,9.976262363963394e+16,0.0,2.5173556062880057e+23,1.0011639502072472e+20,8.391185354293352e+22
293779459459.4595,2582.041505676901,290306011.6836789,0,2.9615948309270656e+22,8.391185354293352e+22,2.5183567729876714e+23,9.981980942841856e+19,1.5860432315769926e+17,5.5408318391825574e+22,2279654334766906.0,1.0027527428961734e+20,0.0,0.0,9.976262363963394e+16,0.0,2.5173556062880057e+23,1.0011666996645957e+20,8.391185354293352e+22
296938378378.3784,2579.697865952997,290215083.6355185,0,2.9615948309270656e+22,8.391185354293352e+22,2.5183567754407866e+23,9.98198090340386e+19,1.5860471753765498e+17,5.540831814651406e+22,2033948444977450.8,1.0027551999550713e+20,0.0,0.0,9.976262363963394e+16,0.0,2.5173556062880057e+23,1.001169152779694e+20,8.391185354293352e+22
300097297297.2973,2577.3542262290925,290124193.9163735,0,2.9615948309270656e+22,8.391185354293352e+22,2.5183567776295e+23,9.981980868216575e+19,1.5860506941051686e+17,5.540831792764274e+22,1814725248449106.8,1.0027573921870366e+20,0.0,0.0,9.976262363963394e+16,0.0,2.5173556062880057e+23,1.0011713414929308e+20,8.391185354293352e+22
303256216216.21625,2575.0105865051883,290033342.90296006,0,2.9615948309270656e+22,8.391185354293352e+22,2.518356779582309e+23,9.981980836821847e+19,1.586053833577884e+17,5.5408317732361825e+22,1619130385070353.0,1.0027593481356704e+20,0.0,0.0,9.976262363963394e+16,0.0,2.5173556062880057e+23,1.0011732943020918e+20,8.391185354293352e+22
306415135135.13513,2572.666946781284,289942530.97134,0,2.9615948309270656e+22,8.391185354293352e+22,2.5183567813246404e+23,9.981980808810909e+19,1.5860566346716902e+17,5.540831755812869e+22,1444617143677403.2,1.0027610932680843e+20,0.0,0.0,9.976262363963394e+16,0.0,2.5173556062880057e+23,1.0011750366334119e+20,8.391185354293352e+22
309574054054.0541,2570.3233070573797,289851758.49691874,0,2.9615948309270656e+22,8.391185354293352e+22,2.5183567828791797e+23,9.981980783819049e+19,1.586059133857772e+17,5.540831740267477e+22,1288913302994089.0,1.0027626503064912e+20,0.0,0.0,9.976262363963394e+16,0.0,2.5173556062880057e+23,1.0011765911726327e+20,8.391185354293352e+22
312732972972.973,2567.9796673334754,289761025.8544429,0,2.9615948309270656e+22,8.391185354293352e+22,2.5183567842661676e+23,9.981980761520862e+19,1.586061363676375e+17,5.5408317263975996e+22,1149991546527682.2,1.002764039524056e+20,0.0,0.0,9.976262363963394e+16,0.0,2.5173556062880057e+23,1.0011779781603788e+20,8.391185354293352e+22
315891891891.8919,2565.636027609571,289670333.4179982,0,2.9615948309270656e+22,8.391185354293352e+22,2.5183567855036627e+23,9.981980741626021e+19,1.5860633531604874e+17,5.540831714022646e+22,1026043066211536.4,1.0027652790088591e+20,0.0,0.0,9.976262363963394e+16,0.0,2.5173556062880057e+23,1.001179215655698e+20,8.391185354293352e+22
319050810810.8108,2563.292387885667,289579681.56100726,0,2.9615948309270656e+22,8.391185354293352e+22,2.5183567866077784e+23,9.981980723875488e+19,1.5860651282138618e+17,5.5408317029814916e+22,915454011104213.6,1.0027663848994102e+20,0.0,0.0,9.976262363963394e+16,0.0,2.5173556062880057e+23,1.0011803197711956e+20,8.391185354293352e+22
322209729729.72974,2560.9487481617625,289489070.6562274,0,2.9615948309270656e+22,8.391185354293352e+22,2.51835678759289e+23,9.981980708038143e+19,1.5860667119482902e+17,5.540831693130375e+22,816784474498537.6,1.0027673715947762e+20,0.0,0.0,9.976262363963394e+16,0.0,2.5173556062880057e+23,1.0011813048828273e+20,8.391185354293352e+22
325368648648.6487,2558.6051084378582,289398501.07574844,0,2.9615948309270656e+22,8.391185354293352e+22,2.518356788471824e+23,9.98198069390778e+19,1.5860681249845274e+17,5.540831684341032e+22,728749745845112.9,1.0027682519420628e+20,0.0,0.0,9.976262363963394e+16,0.0,2.5173556062880057e+23,1.0011821838170776e+20,8.391185354293352e+22
328527567567.5676,2556.261468713954,289307973.19099104,0,2.9615948309270656e+22,8.391185354293352e+22,2.518356789256025e+23,9.981980681300419e+19,1.5860693857207798e+17,5.5408316764990235e+22,650203583383610.0,1.0027690374036873e+20,0.0,0.0,9.976262363963394e+16,0.0,2.5173556062880057e+23,1.0011829680179659e+20,8.391185354293352e+22
331686486486.4865,2553.9178289900497,289217487.3727042,0,2.9615948309270656e+22,8.391185354293352e+22,2.518356789955703e+23,9.981980670051903e+19,1.586070510572257e+17,5.5408316695022425e+22,580123289685504.2,1.0027697382066243e+20,0.0,0.0,9.976262363963394e+16,0.0,2.5173556062880057e+23,1.0011836676960513e+20,8.391185354293352e+22
334845405405.4054,2551.5741892661454,289127043.9909638,0,2.9615948309270656e+22,8.391185354293352e+22,2.5183567905799685e+23,9.981980660015777e+19,1.586071514184903e+17,5.540831663259589e+22,517596395786541.9,1.0027703634755632e+20,0.0,0.0,9.976262363963394e+16,0.0,2.5173556062880057e+23,1.0011842919613776e+20,8.391185354293352e+22
338004324324.32434,2549.230549542241,289036643.4151704,0,2.9615948309270656e+22,8.391185354293352e+22,2.5183567911369492e+23,9.981980651061366e+19,1.5860724096260915e+17,5.540831657689782e+22,461808780531643.6,1.0027709213517157e+20,0.0,0.0,9.976262363963394e+16,0.0,2.5173556062880057e+23,1.001184848942089e+20,8.391185354293352e+22
341163243243.2433,2546.886909818337,288946286.01404727,0,2.9615948309270656e+22,8.391185354293352e+22,2.5183567916338974e+23,9.981980643072079e+19,1.586073208554767e+17,5.5408316527203e+22,412034070441951.5,1.0027714190988167e+20,0.0,0.0,9.976262363963394e+16,0.0,2.5173556062880057e+23,1.0011853458902612e+20,8.391185354293352e+22
344322162162.16223,2544.5432700944325,288855972.1556392,0,2.9615948309270656e+22,8.391185354293352e+22,2.5183567920772833e+23,9.981980635943893e+19,1.586073921373249e+17,5.5408316482864395e+22,367624182086588.6,1.0027718631977003e+20,0.0,0.0,9.976262363963394e+16,0.0,2.5173556062880057e+23,1.0011857892763263e+20,8.391185354293352e+22
347481081081.0811,2542.199630370528,288765702.20730984,0,2.9615948309270656e+22,8.391185354293352e+22,2.5183567924728803e+23,9.981980629584e+19,1.5860745573626733e+17,5.540831644330469e+22,328000883817526.2,1.002772259430683e+20,0.0,0.0,9.976262363963394e+16,0.0,2.5173556062880057e+23,1.0011861848733196e+20,8.391185354293352e+22
350640000000.0,2539.855990646624,288675476.5357409,0,2.9615948309270656e+22,8.391185354293352e+22,2.518356792825839e+23,9.981980623909588e+19,1.5860751248038355e+17,5.540831640800882e+22,292648266998426.0,1.002772612956851e+20,0.0,0.0,9.976262363963394e+16,0.0,2.5173556062880057e+23,1.0011865378320466e+20,8.391185354293352e+22
353798918918.91895,2537.5123509227196,288585295.5069298,0,2.9615948309270656e+22,8.391185354293352e+22,2.518356793140755e+23,9.981980618846777e+19,1.58607563108501e+17,5.540831637651721e+22,261106028700261.38,1.002772928379234e+20,0.0,0.0,9.976262363963394e+16,0.0,2.5173556062880057e+23,1.0011868527481484e+20,8.391185354293352e+22
356957837837.8379,2535.1687111988153,288495159.4861886,0,2.9615948309270656e+22,8.391185354293352e+22,2.518356793421729e+23,9.981980614329645e+19,1.5860760827981472e+17,5.540831634841983e+22,232963478402103.72,1.0027732098047371e+20,0.0,0.0,9.976262363963394e+16,0.0,2.5173556062880057e+23,1.0011871337219383e+20,8.391185354293352e+22
360116756756.7568,2532.825071474911,288405068.8381418,0,2.9615948309270656e+22,8.391185354293352e+22,2.5183567936724187e+23,9.98198061029938e+19,1.5860764858247037e+17,5.5408316323350845e+22,207854190662264.56,1.0027734608976146e+20,0.0,0.0,9.976262363963394e+16,0.0,2.5173556062880057e+23,1.0011873844117892e+20,8.391185354293352e+22
363275675675.6757,2530.4814317510068,288315023.9267257,0,2.9615948309270656e+22,8.391185354293352e+22,2.5183567938960886e+23,9.981980606703505e+19,1.5860768454122205e+17,5.540831630098385e+22,185451234135742.3,1.0027736849271798e+20,0.0,0.0,9.976262363963394e+16,0.0,2.5173556062880057e+23,1.001187608081767e+20,8.391185354293352e+22
366434594594.5946,2528.1377920271025,288225025.1151859,0,2.9615948309270656e+22,8.391185354293352e+22,2.518356794095651e+23,9.9819806034952e+19,1.5860771662426477e+17,5.540831628102761e+22,165462914818153.1,1.002773884810373e+20,0.0,0.0,9.976262363963394e+16,0.0,2.5173556062880057e+23,1.0011878076441297e+20,8.391185354293352e+22
369593513513.51355,2525.794152303198,288135072.76607686,0,2.9615948309270656e+22,8.391185354293352e+22,2.518356794273704e+23,9.981980600632694e+19,1.5860774524933046e+17,5.540831626322229e+22,147628978091731.88,1.0027740631497402e+20,0.0,0.0,9.976262363963394e+16,0.0,2.5173556062880057e+23,1.0011879856972462e+20,8.391185354293352e+22
372752432432.43243,2523.450512579294,288045167.24125993,0,2.9615948309270656e+22,8.391185354293352e+22,2.5183567944325662e+23,9.981980598078715e+19,1.586077707891271e+17,5.540831624733607e+22,131717220122751.7,1.0027742222673197e+20,0.0,0.0,9.976262363963394e+16,0.0,2.5173556062880057e+23,1.0011881445594279e+20,8.391185354293352e+22
375911351351.3514,2521.1068728553896,287955308.90190214,0,2.9615948309270656e+22,8.391185354293352e+22,2.518356794574306e+23,9.981980595800008e+19,1.586077935761914e+17,5.54083162331621e+22,117520464489605.4,1.002774364234876e+20,0.0,0.0,9.976262363963394e+16,0.0,2.5173556062880057e+23,1.0011882862991136e+20,8.391185354293352e+22
379070270270.2703,2518.7632331314853,287865498.108475,0,2.9615948309270656e+22,8.391185354293352e+22,2.5183567947007685e+23,9.981980593766906e+19,1.5860781390721856e+17,5.540831622051583e+22,104853864676222.7,1.002774490900874e+20,0.0,0.0,9.976262363963394e+16,0.0,2.5173556062880057e+23,1.0011884127618014e+20,8.391185354293352e+22
382229189189.1892,2516.419593407581,287775735.2207533,0,2.9615948309270656e+22,8.391185354293352e+22,2.5183567948136006e+23,9.981980591952935e+19,1.5860783204692538e+17,5.54083162092326e+22,93552497308373.77,1.0027746039145477e+20,0.0,0.0,9.976262363963394e+16,0.0,2.5173556062880057e+23,1.001188525594078e+20,8.391185354293352e+22
385388108108.10815,2514.0759536836767,287686020.597814,0,2.9615948309270656e+22,8.391185354293352e+22,2.5183567949142716e+23,9.981980590334478e+19,1.586078482314969e+17,5.54083161991655e+22,83469214795982.39,1.0027747047473729e+20,0.0,0.0,9.976262363963394e+16,0.0,2.5173556062880057e+23,1.0011886262650574e+20,8.391185354293352e+22
388547027027.02704,2511.7323139597725,287596354.5980348,0,2.9615948309270656e+22,8.391185354293352e+22,2.518356795004092e+23,9.981980588890461e+19,1.5860786267166166e+17,5.540831619018345e+22,74472729422126.17,1.0027747947122267e+20,0.0,0.0,9.976262363963394e+16,0.0,2.5173556062880057e+23,1.0011887160855095e+20,8.391185354293352e+22
391705945945.946,2509.388674235868,287506737.57909334,0,2.9615948309270656e+22,8.391185354293352e+22,2.5183567950842315e+23,9.981980587602084e+19,1.586078755554355e+17,5.5408316182169515e+22,66445903932916.125,1.0027748749804816e+20,0.0,0.0,9.976262363963394e+16,0.0,2.5173556062880057e+23,1.0011887962249267e+20,8.391185354293352e+22
394864864864.8649,2507.045034511964,287417169.89796597,0,2.9615948309270656e+22,8.391185354293352e+22,2.5183567951557333e+23,9.981980586452571e+19,1.586078870505694e+17,5.540831617501933e+22,59284226371159.4,1.0027749465972572e+20,0.0,0.0,9.976262363963394e+16,0.0,2.5173556062880057e+23,1.001188867726751e+20,8.391185354293352e+22
398023783783.7838,2504.7013947880596,287327651.9109271,0,2.9615948309270656e+22,8.391185354293352e+22,2.5183567952195287e+23,9.981980585426954e+19,1.586078973067339e+17,5.5408316168639814e+22,52894449295625.59,1.0027750104950281e+20,0.0,0.0,9.976262363963394e+16,0.0,2.5173556062880057e+23,1.0011889315219602e+20,8.391185354293352e+22
401182702702.7027,2502.3577550641553,287238183.9735479,0,2.9615948309270656e+22,8.391185354293352e+22,2.518356795276448e+23,9.981980584511881e+19,1.5860790645746768e+17,5.540831616294789e+22,47193375668093.26,1.0027750675057643e+20,0.0,0.0,9.976262363963394e+16,0.0,2.5173556062880057e+23,1.0011889884411891e+20,8.391185354293352e+22
404341621621.62164,2500.014115340251,287148766.4406955,0,2.9615948309270656e+22,8.391185354293352e+22,2.5183567953272324e+23,9.981980583695437e+19,1.5860791462191635e+17,5.540831615786945e+22,42106775600017.41,1.002775118371765e+20,0.0,0.0,9.976262363963394e+16,0.0,2.5173556062880057e+23,1.0011890392255454e+20,8.391185354293352e+22
407500540540.5406,2497.6704756163467,287059399.6665325,0,2.9615948309270656e+22,8.391185354293352e+22,2.518356795372543e+23,9.98198058296699e+19,1.586079219063838e+17,5.540831615333838e+22,37568419854495.18,1.0027751637553224e+20,0.0,0.0,9.976262363963394e+16,0.0,2.5173556062880057e+23,1.001189084536258e+20,8.391185354293352e+22
410659459459.45953,2495.3268358924424,286970084.00451547,0,2.9615948309270656e+22,8.391185354293352e+22,2.51835679541297e+23,9.981980582317056e+19,1.5860792840571622e+17,5.540831614929568e+22,33519217519400.418,1.0027752042473457e+20,0.0,0.0,9.976262363963394e+16,0.0,2.5173556062880057e+23,1.001189124963288e+20,8.391185354293352e+22
413818378378.37836,2492.983196168538,286880819.8073949,0,2.9615948309270656e+22,8.391185354293352e+22,2.5183567954490397e+23,9.981980581737174e+19,1.586079342045371e+17,5.54083161456887e+22,29906446623901.438,1.0027752403750547e+20,0.0,0.0,9.976262363963394e+16,0.0,2.5173556062880057e+23,1.0011891610330087e+20,8.391185354293352e+22
416977297297.2973,2490.639556444634,286791607.4272142,0,2.9615948309270656e+22,8.391185354293352e+22,2.5183567954812217e+23,9.981980581219793e+19,1.58607939378349e+17,5.5408316142470495e+22,26683067680730.734,1.002775272608844e+20,0.0,0.0,9.976262363963394e+16,0.0,2.5173556062880057e+23,1.00118919321506e+20,8.391185354293352e+22
420136216216.21625,2488.2959167207296,286702447.21530896,0,2.9615948309270656e+22,8.391185354293352e+22,2.5183567955099353e+23,9.981980580758176e+19,1.586079439945167e+17,5.540831613959916e+22,23807111216296.31,1.0027753013684088e+20,0.0,0.0,9.976262363963394e+16,0.0,2.5173556062880057e+23,1.001189221928463e+20,8.391185354293352e+22
423295135135.1352,2485.9522769968253,286613339.5223067,0,2.9615948309270656e+22,8.391185354293352e+22,2.5183567955355537e+23,9.981980580346313e+19,1.5860794811314426e+17,5.540831613703729e+22,21241131314071.105,1.0027753270282078e+20,0.0,0.0,9.976262363963394e+16,0.0,2.5173556062880057e+23,1.0011892475470758e+20,8.391185354293352e+22
426454054054.0541,2483.608637272921,286524284.6981258,0,2.9615948309270656e+22,8.391185354293352e+22,2.518356795558411e+23,9.981980579978841e+19,1.5860795178785757e+17,5.540831613475156e+22,18951718056212.055,1.0027753499223404e+20,0.0,0.0,9.976262363963394e+16,0.0,2.5173556062880057e+23,1.0011892704044612e+20,8.391185354293352e+22
429612972972.97296,2481.2649975490167,286435283.0919756,0,2.9615948309270656e+22,8.391185354293352e+22,2.5183567955788047e+23,9.981980579650976e+19,1.5860795506650266e+17,5.540831613271218e+22,16909062515234.959,1.0027753703488958e+20,0.0,0.0,9.976262363963394e+16,0.0,2.5173556062880057e+23,1.00118929079823e+20,8.391185354293352e+22
432771891891.8919,2478.9213578251124,286346335.0523554,0,2.9615948309270656e+22,8.391185354293352e+22,2.5183567955970003e+23,9.98198057935845e+19,1.5860795799176858e+17,5.540831613089261e+22,15086568631790.943,1.0027753885738346e+20,0.0,0.0,9.976262363963394e+16,0.0,2.5173556062880057e+23,1.0011893089939163e+20,8.391185354293352e+22
435930810810.81085,2476.577718101208,286257440.9270544,0,2.9615948309270656e+22,8.391185354293352e+22,2.518356795613235e+23,9.981980579097453e+19,1.5860796060174326e+17,5.540831612926916e+22,13460506925062.863,1.0027754048344516e+20,0.0,0.0,9.976262363963394e+16,0.0,2.5173556062880057e+23,1.0011893252284336e+20,8.391185354293352e+22
439089729729.7298,2474.234078377304,286168601.0631513,0,2.9615948309270656e+22,8.391185354293352e+22,2.5183567956277197e+23,9.981980578864585e+19,1.5860796293040944e+17,5.540831612782069e+22,12009705526974.934,1.0027754193424658e+20,0.0,0.0,9.976262363963394e+16,0.0,2.5173556062880057e+23,1.001189339713161e+20,8.391185354293352e+22
442248648648.6487,2471.8904386533995,286079815.80701375,0,2.9615948309270656e+22,8.391185354293352e+22,2.5183567956406432e+23,9.981980578656818e+19,1.5860796500808714e+17,5.540831612652833e+22,10715274517377.361,1.0027754322867759e+20,0.0,0.0,9.976262363963394e+16,0.0,2.5173556062880057e+23,1.0011893526366944e+20,8.391185354293352e+22
445407567567.56757,2469.5467989294953,285991085.5042984,0,2.9615948309270656e+22,8.391185354293352e+22,2.518356795652174e+23,9.981980578471444e+19,1.586079668618284e+17,5.540831612537527e+22,9560359970957.652,1.0027754438359212e+20,0.0,0.0,9.976262363963394e+16,0.0,2.5173556062880057e+23,1.0011893641673023e+20,8.391185354293352e+22
448566486486.4865,2467.203159205591,285902410.4999505,0,2.9615948309270656e+22,8.391185354293352e+22,2.5183567956624616e+23,9.98198057830605e+19,1.586079685157696e+17,5.540831612434649e+22,8529924513486.939,1.0027754541402759e+20,0.0,0.0,9.976262363963394e+16,0.0,2.5173556062880057e+23,1.0011893744551176e+20,8.391185354293352e+22
451725405405.40546,2464.8595194816867,285813791.1382039,0,2.9615948309270656e+22,8.391185354293352e+22,2.5183567956716405e+23,9.981980578158482e+19,1.5860796999144557e+17,5.540831612342859e+22,7610551530170.079,1.0027754633340058e+20,0.0,0.0,9.976262363963394e+16,0.0,2.5173556062880057e+23,1.0011893836340907e+20,8.391185354293352e+22
454884324324.32434,2462.5158797577824,285725227.76258063,0,2.9615948309270656e+22,8.391185354293352e+22,2.51835679567983e+23,9.98198057802682e+19,1.586079713080701e+17,5.540831612260963e+22,6790270476826.617,1.0027754715368163e+20,0.0,0.0,9.976262363963394e+16,0.0,2.5173556062880057e+23,1.001189391823735e+20,8.391185354293352e+22
458043243243.2433,2460.172240033878,285636720.7158911,0,2.9615948309270656e+22,8.391185354293352e+22,2.518356795687137e+23,9.981980577909349e+19,1.5860797248278614e+17,5.540831612187893e+22,6058401019395.642,1.0027754788555109e+20,0.0,0.0,9.976262363963394e+16,0.0,2.5173556062880057e+23,1.0011893991306825e+20,8.391185354293352e+22
461202162162.1622,2457.828600309974,285548270.3402341,0,2.9615948309270656e+22,8.391185354293352e+22,2.5183567956936562e+23,9.981980577804539e+19,1.5860797353088883e+17,5.540831612122699e+22,5405413972408.659,1.0027754853853813e+20,0.0,0.0,9.976262363963394e+16,0.0,2.5173556062880057e+23,1.0011894056500719e+20,8.391185354293352e+22
464361081081.0811,2455.4849605860695,285459876.97699666,0,2.9615948309270656e+22,8.391185354293352e+22,2.518356795699473e+23,9.981980577711025e+19,1.5860797446602483e+17,5.540831612064532e+22,4822807225802.787,1.0027754912114488e+20,0.0,0.0,9.976262363963394e+16,0.0,2.5173556062880057e+23,1.001189411466788e+20,8.391185354293352e+22
467520000000.0,2453.1413208621652,285371540.966854,0,2.9615948309270656e+22,8.391185354293352e+22,2.5183567957046627e+23,9.981980577627591e+19,1.5860797530036995e+17,5.540831612012634e+22,4302995044599.8154,1.0027754964095705e+20,0.0,0.0,9.976262363963394e+16,0.0,2.5173556062880057e+23,1.0011894166565664e+20,8.391185354293352e+22
470678918918.91895,2450.797681138261,285283262.6497701,0,2.9615948309270656e+22,8.391185354293352e+22,2.5183567957092932e+23,9.981980577553149e+19,1.5860797604478762e+17,5.5408316119663296e+22,3839209300095.846,1.002775501047428e+20,0.0,0.0,9.976262363963394e+16,0.0,2.5173556062880057e+23,1.0011894212869797e+20,8.391185354293352e+22
473837837837.8379,2448.4540414143567,285195042.3649975,0,2.9615948309270656e+22,8.391185354293352e+22,2.5183567957134244e+23,9.981980577486732e+19,1.586079767089704e+17,5.5408316119250165e+22,3425411346558.525,1.0027755051854075e+20,0.0,0.0,9.976262363963394e+16,0.0,2.5173556062880057e+23,1.0011894254183173e+20,8.391185354293352e+22
476996756756.75684,2446.1104016904524,285106880.45107764,0,2.9615948309270656e+22,8.391185354293352e+22,2.5183567957171104e+23,9.981980577427472e+19,1.5860797730156618e+17,5.540831611888156e+22,3056213396036.9194,1.0027755088773869e+20,0.0,0.0,9.976262363963394e+16,0.0,2.5173556062880057e+23,1.0011894291043708e+20,8.391185354293352e+22
480155675675.6757,2443.766761966548,285018777.245841,0,2.9615948309270656e+22,8.391185354293352e+22,2.518356795720399e+23,9.9819805773746e+19,1.5860797783029075e+17,5.540831611855269e+22,2726808367557.7437,1.0027755121714373e+20,0.0,0.0,9.976262363963394e+16,0.0,2.5173556062880057e+23,1.0011894323931339e+20,8.391185354293352e+22
483314594594.5946,2441.423122242644,284930733.08640784,0,2.9615948309270656e+22,8.391185354293352e+22,2.5183567957233334e+23,9.981980577327425e+19,1.586079783020283e+17,5.540831611825925e+22,2432907297320.9478,1.002775515110448e+20,0.0,0.0,9.976262363963394e+16,0.0,2.5173556062880057e+23,1.0011894353274272e+20,8.391185354293352e+22
486473513513.51355,2439.0794825187395,284842748.3091878,0,2.9615948309270656e+22,8.391185354293352e+22,2.5183567957259513e+23,9.981980577285336e+19,1.58607978722921e+17,5.540831611799745e+22,2170683494954.458,1.0027755177326859e+20,0.0,0.0,9.976262363963394e+16,0.0,2.5173556062880057e+23,1.0011894379454562e+20,8.391185354293352e+22
489632432432.4325,2436.735842794835,284754823.24988115,0,2.9615948309270656e+22,8.391185354293352e+22,2.518356795728287e+23,9.981980577247784e+19,1.58607979098449e+17,5.540831611776386e+22,1936722718723.7961,1.0027755200722936e+20,0.0,0.0,9.976262363963394e+16,0.0,2.5173556062880057e+23,1.0011894402813087e+20,8.391185354293352e+22
492791351351.35144,2434.392203070931,284666958.2434787,0,2.9615948309270656e+22,8.391185354293352e+22,2.518356795730371e+23,9.981980577214279e+19,1.586079794335018e+17,5.540831611755546e+22,1727978720961.1125,1.0027755221597336e+20,0.0,0.0,9.976262363963394e+16,0.0,2.5173556062880057e+23,1.0011894423653982e+20,8.391185354293352e+22
495950270270.27026,2432.0485633470266,284579153.6242623,0,2.9615948309270656e+22,8.391185354293352e+22,2.5183567957322307e+23,9.981980577184385e+19,1.5860797973244192e+17,5.540831611736951e+22,1541733584900.2302,1.002775524022185e+20,0.0,0.0,9.976262363963394e+16,0.0,2.5173556062880057e+23,1.0011894442248602e+20,8.391185354293352e+22
499109189189.1892,2429.7049236231223,284491409.7258058,0,2.9615948309270656e+22,8.391185354293352e+22,2.5183567957338896e+23,9.981980577157713e+19,1.5860797999916166e+17,5.5408316117203605e+22,1375562336490.0051,1.0027755256838975e+20,0.0,0.0,9.976262363963394e+16,0.0,2.5173556062880057e+23,1.0011894458839055e+20,8.391185354293352e+22
502268108108.10815,2427.361283899218,284403726.88097525,0,2.9615948309270656e+22,8.391185354293352e+22,2.5183567957353697e+23,9.981980577133915e+19,1.586079802371338e+17,5.540831611705558e+22,1227301370419.9575,1.0027755271665073e+20,0.0,0.0,9.976262363963394e+16,0.0,2.5173556062880057e+23,1.0011894473641355e+20,8.391185354293352e+22
505427027027.0271,2425.0176441753138,284316105.4219298,0,2.9615948309270656e+22,8.391185354293352e+22,2.5183567957366904e+23,9.981980577112683e+19,1.586079804494568e+17,5.540831611692351e+22,1095020279254.4518,1.0027755284893182e+20,0.0,0.0,9.976262363963394e+16,0.0,2.5173556062880057e+23,1.0011894486848232e+20,8.391185354293352e+22
508585945945.946,2422.6740044514095,284228545.6801221,0,2.9615948309270656e+22,8.391185354293352e+22,2.518356795737869e+23,9.98198057709374e+19,1.586079806388952e+17,5.5408316116805674e+22,976996718881.3173,1.0027755296695537e+20,0.0,0.0,9.976262363963394e+16,0.0,2.5173556062880057e+23,1.0011894498631644e+20,8.391185354293352e+22
511744864864.86487,2420.330364727505,284141047.9862994,0,2.9615948309270656e+22,8.391185354293352e+22,2.51835679573892e+23,9.981980577076838e+19,1.5860798080791552e+17,5.540831611670054e+22,871693983014.6295,1.002775530722581e+20,0.0,0.0,9.976262363963394e+16,0.0,2.5173556062880057e+23,1.0011894509145016e+20,8.391185354293352e+22
514903783783.7838,2417.986725003601,284053612.67050415,0,2.9615948309270656e+22,8.391185354293352e+22,2.5183567957398583e+23,9.981980577061759e+19,1.586079809587185e+17,5.540831611660674e+22,777740994764.1674,1.0027755316621109e+20,0.0,0.0,9.976262363963394e+16,0.0,2.5173556062880057e+23,1.0011894518525234e+20,8.391185354293352e+22
518062702702.70276,2415.6430852796966,283966240.0620747,0,2.9615948309270656e+22,8.391185354293352e+22,2.518356795740695e+23,9.981980577048304e+19,1.5860798109326762e+17,5.5408316116523045e+22,693914454755.0796,1.0027755325003763e+20,0.0,0.0,9.976262363963394e+16,0.0,2.5173556062880057e+23,1.0011894526894434e+20,8.391185354293352e+22
521221621621.62164,2413.2994455557923,283878930.4896466,0,2.9615948309270656e+22,8.391185354293352e+22,2.5183567957414417e+23,9.9819805770363e+19,1.5860798121331475e+17,5.540831611644837e+22,619122913360.2975,1.0027755332482916e+20,0.0,0.0,9.976262363963394e+16,0.0,2.5173556062880057e+23,1.0011894534361583e+20,8.391185354293352e+22
524380540540.5406,2410.955805831888,283791684.281153,0,2.9615948309270656e+22,8.391185354293352e+22,2.518356795742108e+23,9.98198057702559e+19,1.5860798132042294e+17,5.540831611638175e+22,552392559660.826,1.002775533915595e+20,0.0,0.0,9.976262363963394e+16,0.0,2.5173556062880057e+23,1.0011894541023907e+20,8.391185354293352e+22
527539459459.4595,2408.6121661079837,283704501.7638262,0,2.9615948309270656e+22,8.391185354293352e+22,2.5183567957427027e+23,9.981980577016032e+19,1.5860798141598678e+17,5.540831611632231e+22,492854542101.41516,1.0027755345109752e+20,0.0,0.0,9.976262363963394e+16,0.0,2.5173556062880057e+23,1.0011894546968152e+20,8.391185354293352e+22
530698378378.3785,2406.2685263840795,283617383.26419795,0,2.9615948309270656e+22,8.391185354293352e+22,2.5183567957432332e+23,9.981980577007506e+19,1.5860798150125056e+17,5.540831611626927e+22,439733655752.3028,1.0027755350421842e+20,0.0,0.0,9.976262363963394e+16,0.0,2.5173556062880057e+23,1.0011894552271715e+20,8.391185354293352e+22
533857297297.29736,2403.924886660175,283530329.1081014,0,2.9615948309270656e+22,8.391185354293352e+22,2.5183567957437063e+23,9.981980576999899e+19,1.5860798157732445e+17,5.540831611622195e+22,392338248881.3871,1.0027755355161382e+20,0.0,0.0,9.976262363963394e+16,0.0,2.5173556062880057e+23,1.0011894557003648e+20,8.391185354293352e+22
537016216216.2162,2401.581246936271,283443339.6206716,0,2.9615948309270656e+22,8.391185354293352e+22,2.5183567957441284e+23,9.981980576993111e+19,1.586079816451989e+17,5.540831611617973e+22,350051217417.01715,1.0027755359390086e+20,0.0,0.0,9.976262363963394e+16,0.0,2.5173556062880057e+23,1.0011894561225564e+20,8.391185354293352e+22
540175135135.1352,2399.2376072123666,283356415.12634665,0,2.9615948309270656e+22,8.391185354293352e+22,2.5183567957445052e+23,9.981980576987056e+19,1.5860798170575773e+17,5.540831611614207e+22,312321970046.2916,1.002775536316301e+20,0.0,0.0,9.976262363963394e+16,0.0,2.5173556062880057e+23,1.0011894564992433e+20,8.391185354293352e+22
543334054054.0541,2396.8939674884623,283269555.9488694,0,2.9615948309270656e+22,8.391185354293352e+22,2.5183567957448415e+23,9.981980576981652e+19,1.586079817597894e+17,5.540831611610846e+22,278659259331.7537,1.0027755366529281e+20,0.0,0.0,9.976262363963394e+16,0.0,2.5173556062880057e+23,1.00118945683533e+20,8.391185354293352e+22
546492972972.9731,2394.550327764558,283182762.4112883,0,2.9615948309270656e+22,8.391185354293352e+22,2.5183567957451414e+23,9.981980576976832e+19,1.5860798180799744e+17,5.5408316116078474e+22,248624785505.22086,1.0027755369532727e+20,0.0,0.0,9.976262363963394e+16,0.0,2.5173556062880057e+23,1.0011894571351926e+20,8.391185354293352e+22
549651891891.8919,2392.2066880406537,283096034.83595884,0,2.9615948309270656e+22,8.391185354293352e+22,2.518356795745409e+23,9.981980576972531e+19,1.586079818510095e+17,5.540831611605172e+22,221827489658.00208,1.0027755372212457e+20,0.0,0.0,9.976262363963394e+16,0.0,2.5173556062880057e+23,1.0011894574027355e+20,8.391185354293352e+22
552810810810.8108,2389.8630483167494,283009373.5445448,0,2.9615948309270656e+22,8.391185354293352e+22,2.5183567957456474e+23,9.981980576968694e+19,1.5860798188938563e+17,5.540831611602785e+22,197918462022.92883,1.0027755374603359e+20,0.0,0.0,9.976262363963394e+16,0.0,2.5173556062880057e+23,1.001189457641442e+20,8.391185354293352e+22
555969729729.7297,2387.519408592845,282922778.8580199,0,2.9615948309270656e+22,8.391185354293352e+22,2.5183567957458605e+23,9.98198057696527e+19,1.586079819236255e+17,5.540831611600655e+22,176586399052.3255,1.0027755376736566e+20,0.0,0.0,9.976262363963394e+16,0.0,2.5173556062880057e+23,1.0011894578544203e+20,8.391185354293352e+22
559128648648.6487,2385.175768868941,282836251.096669,0,2.9615948309270656e+22,8.391185354293352e+22,2.5183567957460504e+23,9.981980576962214e+19,1.5860798195417494e+17,5.540831611598755e+22,157553550141.5531,1.002775537863985e+20,0.0,0.0,9.976262363963394e+16,0.0,2.5173556062880057e+23,1.0011894580444432e+20,8.391185354293352e+22
562287567567.5676,2382.8321291450366,282749790.58008975,0,2.9615948309270656e+22,8.391185354293352e+22,2.51835679574622e+23,9.981980576959488e+19,1.5860798198143168e+17,5.54083161159706e+22,140572101223.10956,1.0027755380337997e+20,0.0,0.0,9.976262363963394e+16,0.0,2.5173556062880057e+23,1.0011894582139852e+20,8.391185354293352e+22
565446486486.4866,2380.4884894211323,282663397.6271941,0,2.9615948309270656e+22,8.391185354293352e+22,2.5183567957463712e+23,9.981980576957057e+19,1.5860798200575062e+17,5.540831611595547e+22,125420948144.47002,1.0027755381853112e+20,0.0,0.0,9.976262363963394e+16,0.0,2.5173556062880057e+23,1.0011894583652536e+20,8.391185354293352e+22
568605405405.4054,2378.144849697228,282577072.55620986,0,2.9615948309270656e+22,8.391185354293352e+22,2.518356795746506e+23,9.981980576954887e+19,1.5860798202744845e+17,5.5408316115941975e+22,111902817817.96637,1.0027755383204925e+20,0.0,0.0,9.976262363963394e+16,0.0,2.5173556062880057e+23,1.0011894585002179e+20,8.391185354293352e+22
571764324324.3243,2375.8012099733237,282490815.6846822,0,2.9615948309270656e+22,8.391185354293352e+22,2.5183567957466266e+23,9.98198057695295e+19,1.586079820468076e+17,5.540831611592994e+22,99841699659.11282,1.0027755384411038e+20,0.0,0.0,9.976262363963394e+16,0.0,2.5173556062880057e+23,1.0011894586206355e+20,8.391185354293352e+22
574923243243.2433,2373.4575702494194,282404627.3294758,0,2.9615948309270656e+22,8.391185354293352e+22,2.518356795746734e+23,9.981980576951224e+19,1.5860798206408022e+17,5.540831611591919e+22,89080553869.84453,1.0027755385487152e+20,0.0,0.0,9.976262363963394e+16,0.0,2.5173556062880057e+23,1.0011894587280743e+20,8.391185354293352e+22
578082162162.1622,2371.113930525515,282318507.8067761,0,2.9615948309270656e+22,8.391185354293352e+22,2.51835679574683e+23,9.981980576949682e+19,1.5860798207949114e+17,5.54083161159096e+22,79479266727.74924,1.002775538644728e+20,0.0,0.0,9.976262363963394e+16,0.0,2.5173556062880057e+23,1.001189458823933e+20,8.391185354293352e+22
581241081081.0812,2368.770290801611,282232457.43209124,0,2.9615948309270656e+22,8.391185354293352e+22,2.5183567957469155e+23,9.981980576948308e+19,1.5860798209324106e+17,5.540831611590105e+22,70912826258.47311,1.0027755387303925e+20,0.0,0.0,9.976262363963394e+16,0.0,2.5173556062880057e+23,1.0011894589094599e+20,8.391185354293352e+22
584400000000.0,2366.4266510777065,282146476.520254,0,2.9615948309270656e+22,8.391185354293352e+22,2.5183567957469916e+23,9.98198057694708e+19,1.5860798210550896e+17,5.540831611589341e+22,63269694537.94422,1.0027755388068238e+20,0.0,0.0,9.976262363963394e+16,0.0,2.5173556062880057e+23,1.0011894589857686e+20,8.391185354293352e+22
587558918918.919,2364.0830113538022,282060565.3854234,0,2.9615948309270656e+22,8.391185354293352e+22,2.5183567957470597e+23,9.981980576945986e+19,1.5860798211645462e+17,5.54083161158866e+22,56450355431.24365,1.0027755388750171e+20,0.0,0.0,9.976262363963394e+16,0.0,2.5173556062880057e+23,1.0011894590538524e+20,8.391185354293352e+22
590717837837.8379,2361.739371629898,281974724.3410871,0,2.9615948309270656e+22,8.391185354293352e+22,2.5183567957471205e+23,9.98198057694501e+19,1.5860798212622054e+17,5.540831611588053e+22,50366018859.19787,1.0027755389358604e+20,0.0,0.0,9.976262363963394e+16,0.0,2.5173556062880057e+23,1.001189459114598e+20,8.391185354293352e+22
593876756756.7568,2359.3957319059937,281888953.7000627,0,2.9615948309270656e+22,8.391185354293352e+22,2.518356795747175e+23,9.981980576944138e+19,1.5860798213493386e+17,5.540831611587511e+22,44937464721.80932,1.002775538990146e+20,0.0,0.0,9.976262363963394e+16,0.0,2.5173556062880057e+23,1.0011894591687965e+20,8.391185354293352e+22
597035675675.6757,2357.0520921820894,281803253.77450037,0,2.9615948309270656e+22,8.391185354293352e+22,2.518356795747223e+23,9.981980576943361e+19,1.5860798214270803e+17,5.540831611587028e+22,40094011426.02125,1.0027755390385804e+20,0.0,0.0,9.976262363963394e+16,0.0,2.5173556062880057e+23,1.0011894592171532e+20,8.391185354293352e+22
600194594594.5946,2354.708452458185,281717624.87588465,0,2.9615948309270656e+22,8.391185354293352e+22,2.5183567957472664e+23,9.981980576942668e+19,1.586079821496443e+17,5.5408316115865966e+22,35772595587.702644,1.0027755390817945e+20,0.0,0.0,9.976262363963394e+16,0.0,2.5173556062880057e+23,1.001189459260298e+20,8.391185354293352e+22
603353513513.5135,2352.364812734281,281632067.3150364,0,2.9615948309270656e+22,8.391185354293352e+22,2.518356795747305e+23,9.981980576942049e+19,1.5860798215583293e+17,5.5408316115862115e+22,31916950925.265015,1.002775539120351e+20,0.0,0.0,9.976262363963394e+16,0.0,2.5173556062880057e+23,1.0011894592987926e+20,8.391185354293352e+22
606512432432.4325,2350.0211730103765,281546581.4021152,0,2.9615948309270656e+22,8.391185354293352e+22,2.5183567957473393e+23,9.981980576941497e+19,1.5860798216135456e+17,5.5408316115858684e+22,28476875653.83078,1.0027755391547518e+20,0.0,0.0,9.976262363963394e+16,0.0,2.5173556062880057e+23,1.0011894593331382e+20,8.391185354293352e+22
609671351351.3514,2347.677533286472,281461167.44662166,0,2.9615948309270656e+22,8.391185354293352e+22,2.5183567957473698e+23,9.981980576941004e+19,1.5860798216628106e+17,5.540831611585562e+22,25407578841.180073,1.0027755391854448e+20,0.0,0.0,9.976262363963394e+16,0.0,2.5173556062880057e+23,1.0011894593637818e+20,8.391185354293352e+22
612830270270.2703,2345.333893562568,281375825.7573992,0,2.9615948309270656e+22,8.391185354293352e+22,2.518356795747397e+23,9.981980576940564e+19,1.5860798217067658e+17,5.540831611585289e+22,22669097214.811394,1.0027755392128295e+20,0.0,0.0,9.976262363963394e+16,0.0,2.5173556062880057e+23,1.0011894593911226e+20,8.391185354293352e+22
615989189189.1892,2342.9902538386636,281290556.6426366,0,2.9615948309270656e+22,8.391185354293352e+22,2.5183567957474215e+23,9.981980576940173e+19,1.5860798217459834e+17,5.540831611585045e+22,20225774826.748695,1.0027755392372626e+20,0.0,0.0,9.976262363963394e+16,0.0,2.5173556062880057e+23,1.0011894594155166e+20,8.391185354293352e+22
619148108108.1082,2340.6466141147594,281205360.4098706,0,2.9615948309270656e+22,8.391185354293352e+22,2.5183567957474433e+23,9.981980576939822e+19,1.586079821780974e+17,5.540831611584827e+22,18045798801.156494,1.0027755392590625e+20,0.0,0.0,9.976262363963394e+16,0.0,2.5173556062880057e+23,1.0011894594372814e+20,8.391185354293352e+22
622307027027.0271,2338.302974390855,281120237.36598796,0,2.9615948309270656e+22,8.391185354293352e+22,2.5183567957474627e+23,9.98198057693951e+19,1.5860798218121933e+17,5.540831611584634e+22,16100785120.041367,1.0027755392785128e+20,0.0,0.0,9.976262363963394e+16,0.0,2.5173556062880057e+23,1.0011894594567004e+20,8.391185354293352e+22
625465945945.946,2335.959334666951,281035187.8172278,0,2.9615948309270656e+22,8.391185354293352e+22,2.5183567957474802e+23,9.981980576939231e+19,1.5860798218400477e+17,5.54083161158446e+22,14365409053.831028,1.0027755392958666e+20,0.0,0.0,9.976262363963394e+16,0.0,2.5173556062880057e+23,1.0011894594740263e+20,8.391185354293352e+22
628624864864.8649,2333.6156949430465,280950212.0691845,0,2.9615948309270656e+22,8.391185354293352e+22,2.5183567957474956e+23,9.981980576938982e+19,1.5860798218649e+17,5.540831611584306e+22,12817075424.913258,1.00277553931135e+20,0.0,0.0,9.976262363963394e+16,0.0,2.5173556062880057e+23,1.0011894594894848e+20,8.391185354293352e+22
631783783783.7838,2331.272055219142,280865310.4268097,0,2.9615948309270656e+22,8.391185354293352e+22,2.5183567957475094e+23,9.98198057693876e+19,1.5860798218870733e+17,5.540831611584168e+22,11435624410.855581,1.0027755393251644e+20,0.0,0.0,9.976262363963394e+16,0.0,2.5173556062880057e+23,1.0011894595032772e+20,8.391185354293352e+22
634942702702.7028,2328.928415495238,280780483.19441557,0,2.9615948309270656e+22,8.391185354293352e+22,2.5183567957475218e+23,9.981980576938562e+19,1.586079821906857e+17,5.540831611584045e+22,10203069056.765068,1.00277553933749e+20,0.0,0.0,9.976262363963394e+16,0.0,2.5173556062880057e+23,1.0011894595155829e+20,8.391185354293352e+22
638101621621.6216,2326.5847757713336,280695730.6756765,0,2.9615948309270656e+22,8.391185354293352e+22,2.518356795747533e+23,9.981980576938385e+19,1.586079821924508e+17,5.540831611583935e+22,9103361079.11124,1.002775539348487e+20,0.0,0.0,9.976262363963394e+16,0.0,2.5173556062880057e+23,1.0011894595265623e+20,8.391185354293352e+22
641260540540.5406,2324.2411360474293,280611053.1736326,0,2.9615948309270656e+22,8.391185354293352e+22,2.5183567957475426e+23,9.981980576938228e+19,1.586079821940257e+17,5.540831611583837e+22,8122181911.699447,1.0027755393582988e+20,0.0,0.0,9.976262363963394e+16,0.0,2.5173556062880057e+23,1.0011894595363583e+20,8.391185354293352e+22
644419459459.4595,2321.897496323525,280526450.9906921,0,2.9615948309270656e+22,8.391185354293352e+22,2.5183567957475513e+23,9.981980576938087e+19,1.5860798219543085e+17,5.5408316115837495e+22,7246756273.143287,1.002775539367053e+20,0.0,0.0,9.976262363963394e+16,0.0,2.5173556062880057e+23,1.0011894595450985e+20,8.391185354293352e+22
647578378378.3784,2319.5538565996208,280441924.42863375,0,2.9615948309270656e+22,8.391185354293352e+22,2.518356795747559e+23,9.981980576937961e+19,1.5860798219668454e+17,5.5408316115836715e+22,6465685828.42213,1.0027755393748638e+20,0.0,0.0,9.976262363963394e+16,0.0,2.5173556062880057e+23,1.0011894595528966e+20,8.391185354293352e+22
650737297297.2974,2317.2102168757165,280357473.78861034,0,2.9615948309270656e+22,8.391185354293352e+22,2.518356795747566e+23,9.98198057693785e+19,1.586079821978031e+17,5.540831611583602e+22,5768800778.741499,1.0027755393818326e+20,0.0,0.0,9.976262363963394e+16,0.0,2.5173556062880057e+23,1.0011894595598542e+20,8.391185354293352e+22
653896216216.2162,2314.866577151812,280273099.3711509,0,2.9615948309270656e+22,8.391185354293352e+22,2.5183567957475725e+23,9.98198057693775e+19,1.5860798219880112e+17,5.54083161158354e+22,5147027447.34659,1.0027755393880503e+20,0.0,0.0,9.976262363963394e+16,0.0,2.5173556062880057e+23,1.001189459566062e+20,8.391185354293352e+22
657055135135.1353,2312.522937427908,280188801.476164,0,2.9615948309270656e+22,8.391185354293352e+22,2.518356795747578e+23,9.981980576937661e+19,1.5860798219969155e+17,5.540831611583484e+22,4592270137.211875,1.0027755393935978e+20,0.0,0.0,9.976262363963394e+16,0.0,2.5173556062880057e+23,1.0011894595716006e+20,8.391185354293352e+22
660214054054.0541,2310.1792977040036,280104580.4029405,0,2.9615948309270656e+22,8.391185354293352e+22,2.5183567957475832e+23,9.981980576937583e+19,1.58607982200486e+17,5.540831611583435e+22,4097305722.3543324,1.0027755393985474e+20,0.0,0.0,9.976262363963394e+16,0.0,2.5173556062880057e+23,1.0011894595765423e+20,8.391185354293352e+22
663372972972.973,2307.8356579800993,280020436.45015657,0,2.9615948309270656e+22,8.391185354293352e+22,2.5183567957475876e+23,9.981980576937512e+19,1.5860798220119485e+17,5.5408316115833904e+22,3655689600.313908,1.0027755394029635e+20,0.0,0.0,9.976262363963394e+16,0.0,2.5173556062880057e+23,1.0011894595809514e+20,8.391185354293352e+22
666531891891.892,2305.492018256195,279936369.91587675,0,2.9615948309270656e+22,8.391185354293352e+22,2.5183567957475916e+23,9.981980576937448e+19,1.586079822018273e+17,5.540831611583351e+22,3261671781.2709894,1.0027755394069037e+20,0.0,0.0,9.976262363963394e+16,0.0,2.5173556062880057e+23,1.0011894595848852e+20,8.391185354293352e+22
669690810810.8108,2303.1483785322907,279852381.097557,0,2.9615948309270656e+22,8.391185354293352e+22,2.518356795747595e+23,9.981980576937393e+19,1.5860798220239155e+17,5.540831611583316e+22,2910122021.2531085,1.002775539410419e+20,0.0,0.0,9.976262363963394e+16,0.0,2.5173556062880057e+23,1.001189459588395e+20,8.391185354293352e+22
672849729729.7299,2300.8047388083864,279768470.29204786,0,2.9615948309270656e+22,8.391185354293352e+22,2.518356795747598e+23,9.981980576937342e+19,1.58607982202895e+17,5.540831611583285e+22,2596463024.640146,1.0027755394135556e+20,0.0,0.0,9.976262363963394e+16,0.0,2.5173556062880057e+23,1.0011894595915265e+20,8.391185354293352e+22
676008648648.6487,2298.461099084482,279684637.7955975,0,2.9615948309270656e+22,8.391185354293352e+22,2.5183567957476006e+23,9.981980576937298e+19,1.586079822033442e+17,5.540831611583257e+22,2316610846.24228,1.002775539416354e+20,0.0,0.0,9.976262363963394e+16,0.0,2.5173556062880057e+23,1.0011894595943204e+20,8.391185354293352e+22
679167567567.5676,2296.117459360578,279600883.90385514,0,2.9615948309270656e+22,8.391185354293352e+22,2.518356795747603e+23,9.981980576937258e+19,1.5860798220374496e+17,5.540831611583232e+22,2066921716.9657815,1.0027755394188508e+20,0.0,0.0,9.976262363963394e+16,0.0,2.5173556062880057e+23,1.0011894595968133e+20,8.391185354293352e+22
682326486486.4866,2293.7738196366736,279517208.9118742,0,2.9615948309270656e+22,8.391185354293352e+22,2.5183567957476053e+23,9.981980576937222e+19,1.5860798220410253e+17,5.540831611583209e+22,1844144600.7190008,1.0027755394210785e+20,0.0,0.0,9.976262363963394e+16,0.0,2.5173556062880057e+23,1.0011894595990374e+20,8.391185354293352e+22
685485405405.4054,2291.4301799127693,279433613.1141155,0,2.9615948309270656e+22,8.391185354293352e+22,2.5183567957476074e+23,9.981980576937191e+19,1.5860798220442157e+17,5.540831611583189e+22,1645378864.8335862,1.002775539423066e+20,0.0,0.0,9.976262363963394e+16,0.0,2.5173556062880057e+23,1.0011894596010218e+20,8.391185354293352e+22
688644324324.3245,2289.086540188865,279350096.80445075,0,2.9615948309270656e+22,8.391185354293352e+22,2.518356795747609e+23,9.981980576937163e+19,1.586079822047062e+17,5.5408316115831715e+22,1468036512.855631,1.0027755394248394e+20,0.0,0.0,9.976262363963394e+16,0.0,2.5173556062880057e+23,1.0011894596027924e+20,8.391185354293352e+22
691803243243.2433,2286.7429004649607,279266660.2761661,0,2.9615948309270656e+22,8.391185354293352e+22,2.5183567957476107e+23,9.981980576937137e+19,1.586079822049602e+17,5.5408316115831556e+22,1309808487.9650455,1.0027755394264218e+20,0.0,0.0,9.976262363963394e+16,0.0,2.5173556062880057e+23,1.0011894596043722e+20,8.391185354293352e+22
694962162162.1622,2284.3992607410564,279183303.8219651,0,2.9615948309270656e+22,8.391185354293352e+22,2.518356795747612e+23,9.981980576937114e+19,1.5860798220518678e+17,5.540831611583141e+22,1168634608.2823853,1.0027755394278336e+20,0.0,0.0,9.976262363963394e+16,0.0,2.5173556062880057e+23,1.0011894596057817e+20,8.391185354293352e+22
698121081081.0812,2282.055621017152,279100027.7339726,0,2.9615948309270656e+22,8.391185354293352e+22,2.5183567957476134e+23,9.981980576937094e+19,1.5860798220538896e+17,5.540831611583129e+22,1042676742.6107646,1.0027755394290932e+20,0.0,0.0,9.976262363963394e+16,0.0,2.5173556062880057e+23,1.0011894596070393e+20,8.391185354293352e+22
701280000000.0,2279.711981293248,279016832.30373836,0,2.9615948309270656e+22,8.391185354293352e+22,2.5183567957476144e+23,9.981980576937076e+19,1.5860798220556934e+17,5.540831611583118e+22,930294877.3520262,1.002775539430217e+20,0.0,0.0,9.976262363963394e+16,0.0,2.5173556062880057e+23,1.0011894596081613e+20,8.391185354293352e+22
704438918918.919,2277.3683415693436,278933717.8222402,0,2.9615948309270656e+22,8.391185354293352e+22,2.5183567957476154e+23,9.98198057693706e+19,1.5860798220573027e+17,5.540831611583108e+22,830025762.9804035,1.0027755394312197e+20,0.0,0.0,9.976262363963394e+16,0.0,2.5173556062880057e+23,1.0011894596091624e+20,8.391185354293352e+22
707597837837.8379,2275.0247018454393,278850684.579888,0,2.9615948309270656e+22,8.391185354293352e+22,2.5183567957476164e+23,9.981980576937045e+19,1.5860798220587386e+17,5.5408316115830985e+22,740563862.0436081,1.0027755394321144e+20,0.0,0.0,9.976262363963394e+16,0.0,2.5173556062880057e+23,1.0011894596100556e+20,8.391185354293352e+22
710756756756.7568,2272.681062121535,278767732.86652714,0,2.9615948309270656e+22,8.391185354293352e+22,2.518356795747617e+23,9.981980576937032e+19,1.58607982206002e+17,5.540831611583091e+22,660744350.6279365,1.0027755394329127e+20,0.0,0.0,9.976262363963394e+16,0.0,2.5173556062880057e+23,1.0011894596108526e+20,8.391185354293352e+22
713915675675.6758,2270.3374223976307,278684862.97144246,0,2.9615948309270656e+22,8.391185354293352e+22,2.5183567957476178e+23,9.98198057693702e+19,1.586079822061163e+17,5.540831611583084e+22,589527951.9607795,1.0027755394336249e+20,0.0,0.0,9.976262363963394e+16,0.0,2.5173556062880057e+23,1.0011894596115636e+20,8.391185354293352e+22
717074594594.5946,2267.9937826737264,278602075.1833617,0,2.9615948309270656e+22,8.391185354293352e+22,2.5183567957476184e+23,9.98198057693701e+19,1.5860798220621827e+17,5.5408316115830775e+22,525987404.6789572,1.0027755394342602e+20,0.0,0.0,9.976262363963394e+16,0.0,2.5173556062880057e+23,1.001189459612198e+20,8.391185354293352e+22
720233513513.5135,2265.650142949822,278519369.7904597,0,2.9615948309270656e+22,8.391185354293352e+22,2.518356795747619e+23,9.981980576937001e+19,1.5860798220630928e+17,5.540831611583072e+22,469295389.5752023,1.0027755394348273e+20,0.0,0.0,9.976262363963394e+16,0.0,2.5173556062880057e+23,1.001189459612764e+20,8.391185354293352e+22
723392432432.4325,2263.306503225918,278436747.0803619,0,2.9615948309270656e+22,8.391185354293352e+22,2.5183567957476198e+23,9.981980576936993e+19,1.5860798220639046e+17,5.540831611583067e+22,418713757.6249871,1.002775539435333e+20,0.0,0.0,9.976262363963394e+16,0.0,2.5173556062880057e+23,1.001189459613269e+20,8.391185354293352e+22
726551351351.3514,2260.9628635020135,278354207.3401484,0,2.9615948309270656e+22,8.391185354293352e+22,2.51835679574762e+23,9.981980576936986e+19,1.586079822064629e+17,5.5408316115830624e+22,373583919.03899604,1.0027755394357843e+20,0.0,0.0,9.976262363963394e+16,0.0,2.5173556062880057e+23,1.0011894596137196e+20,8.391185354293352e+22
729710270270.2704,2258.6192237781092,278271750.8563579,0,2.9615948309270656e+22,8.391185354293352e+22,2.5183567957476204e+23,9.98198057693698e+19,1.5860798220652755e+17,5.540831611583058e+22,333318268.2034866,1.002775539436187e+20,0.0,0.0,9.976262363963394e+16,0.0,2.5173556062880057e+23,1.0011894596141217e+20,8.391185354293352e+22
732869189189.1892,2256.275584054205,278189377.91499174,0,2.9615948309270656e+22,8.391185354293352e+22,2.5183567957476208e+23,9.981980576936973e+19,1.586079822065852e+17,5.540831611583055e+22,297392532.8583919,1.0027755394365463e+20,0.0,0.0,9.976262363963394e+16,0.0,2.5173556062880057e+23,1.0011894596144803e+20,8.391185354293352e+22
736028108108.1082,2253.9319443303007,278107088.80151767,0,2.9615948309270656e+22,8.391185354293352e+22,2.518356795747621e+23,9.981980576936968e+19,1.5860798220663667e+17,5.5408316115830515e+22,265338947.8968995,1.0027755394368668e+20,0.0,0.0,9.976262363963394e+16,0.0,2.5173556062880057e+23,1.0011894596148003e+20,8.391185354293352e+22
739187027027.0271,2251.5883046063964,278024883.8008744,0,2.9615948309270656e+22,8.391185354293352e+22,2.5183567957476214e+23,9.981980576936963e+19,1.5860798220668256e+17,5.540831611583049e+22,236740164.90709227,1.0027755394371528e+20,0.0,0.0,9.976262363963394e+16,0.0,2.5173556062880057e+23,1.0011894596150859e+20,8.391185354293352e+22
742345945945.946,2249.244664882492,277942763.19747525,0,2.9615948309270656e+22,8.391185354293352e+22,2.5183567957476218e+23,9.98198057693696e+19,1.5860798220672352e+17,5.5408316115830465e+22,211223818.15584242,1.002775539437408e+20,0.0,0.0,9.976262363963394e+16,0.0,2.5173556062880057e+23,1.0011894596153406e+20,8.391185354293352e+22
745504864864.8649,2246.901025158588,277860727.2752126,0,2.9615948309270656e+22,8.391185354293352e+22,2.518356795747622e+23,9.981980576936957e+19,1.5860798220676006e+17,5.540831611583044e+22,188457676.26224965,1.0027755394376355e+20,0.0,0.0,9.976262363963394e+16,0.0,2.5173556062880057e+23,1.0011894596155679e+20,8.391185354293352e+22
748663783783.7838,2244.5573854346835,277778776.317462,0,2.9615948309270656e+22,8.391185354293352e+22,2.5183567957476225e+23,9.981980576936953e+19,1.5860798220679267e+17,5.540831611583042e+22,168145316.4337874,1.0027755394378387e+20,0.0,0.0,9.976262363963394e+16,0.0,2.5173556062880057e+23,1.0011894596157707e+20,8.391185354293352e+22
751822702702.7028,2242.213745710779,277696910.60708654,0,2.9615948309270656e+22,8.391185354293352e+22,2.5183567957476228e+23,9.98198057693695e+19,1.5860798220682176e+17,5.540831611583041e+22,150022264.9422633,1.0027755394380199e+20,0.0,0.0,9.976262363963394e+16,0.0,2.5173556062880057e+23,1.0011894596159516e+20,8.391185354293352e+22
754981621621.6217,2239.870105986875,277615130.426441,0,2.9615948309270656e+22,8.391185354293352e+22,2.5183567957476228e+23,9.981980576936947e+19,1.586079822068477e+17,5.540831611583039e+22,133852553.58729762,1.0027755394381816e+20,0.0,0.0,9.976262363963394e+16,0.0,2.5173556062880057e+23,1.001189459616113e+20,8.391185354293352e+22
758140540540.5406,2237.5264662629706,277533436.05737644,0,2.9615948309270656e+22,8.391185354293352e+22,2.5183567957476228e+23,9.981980576936945e+19,1.5860798220687088e+17,5.540831611583037e+22,119425647.31132159,1.0027755394383258e+20,0.0,0.0,9.976262363963394e+16,0.0,2.5173556062880057e+23,1.001189459616257e+20,8.391185354293352e+22
761299459459.4595,2235.1828265390664,277451827.78124404,0,2.9615948309270656e+22,8.391185354293352e+22,2.5183567957476228e+23,9.981980576936944e+19,1.5860798220689155e+17,5.540831611583036e+22,106553702.96261318,1.0027755394384544e+20,0.0,0.0,9.976262363963394e+16,0.0,2.5173556062880057e+23,1.0011894596163854e+20,8.391185354293352e+22
764458378378.3784,2232.839186815162,277370305.8789004,0,2.9615948309270656e+22,8.391185354293352e+22,2.5183567957476228e+23,9.981980576936942e+19,1.5860798220690998e+17,5.540831611583035e+22,95069123.51454733,1.0027755394385692e+20,0.0,0.0,9.976262363963394e+16,0.0,2.5173556062880057e+23,1.0011894596165001e+20,8.391185354293352e+22
767617297297.2974,2230.495547091258,277288870.63071126,0,2.9615948309270656e+22,8.391185354293352e+22,2.5183567957476228e+23,9.98198057693694e+19,1.5860798220692643e+17,5.540831611583034e+22,84822375.89617601,1.0027755394386716e+20,0.0,0.0,9.976262363963394e+16,0.0,2.5173556062880057e+23,1.0011894596166024e+20,8.391185354293352e+22
770776216216.2163,2228.1519073673535,277207522.31655645,0,2.9615948309270656e+22,8.391185354293352e+22,2.5183567957476228e+23,9.981980576936939e+19,1.5860798220694112e+17,5.540831611583033e+22,75680044.0215612,1.002775539438763e+20,0.0,0.0,9.976262363963394e+16,0.0,2.5173556062880057e+23,1.0011894596166936e+20,8.391185354293352e+22
773935135135.1353,2225.808267643449,277126261.21583444,0,2.9615948309270656e+22,8.391185354293352e+22,2.5183567957476228e+23,9.981980576936937e+19,1.586079822069542e+17,5.540831611583032e+22,67523091.66765097,1.0027755394388446e+20,0.0,0.0,9.976262363963394e+16,0.0,2.5173556062880057e+23,1.001189459616775e+20,8.391185354293352e+22
777094054054.0541,2223.464627919545,277045087.6074667,0,2.9615948309270656e+22,8.391185354293352e+22,2.5183567957476228e+23,9.981980576936935e+19,1.586079822069659e+17,5.540831611583031e+22,60245312.58278648,1.0027755394389174e+20,0.0,0.0,9.976262363963394e+16,0.0,2.5173556062880057e+23,1.0011894596168476e+20,8.391185354293352e+22
780252972972.973,2221.1209881956406,276964001.7699026,0,2.9615948309270656e+22,8.391185354293352e+22,2.5183567957476228e+23,9.981980576936934e+19,1.5860798220697632e+17,5.5408316115830306e+22,53751947.64573368,1.0027755394389824e+20,0.0,0.0,9.976262363963394e+16,0.0,2.5173556062880057e+23,1.0011894596169125e+20,8.391185354293352e+22
783411891891.892,2218.7773484717363,276883003.98112404,0,2.9615948309270656e+22,8.391185354293352e+22,2.5183567957476228e+23,9.981980576936932e+19,1.5860798220698563e+17,5.54083161158303e+22,47958451.07018713,1.0027755394390404e+20,0.0,0.0,9.976262363963394e+16,0.0,2.5173556062880057e+23,1.0011894596169703e+20,8.391185354293352e+22
786570810810.8108,2216.433708747832,276802094.5186504,0,2.9615948309270656e+22,8.391185354293352e+22,2.5183567957476228e+23,9.98198057693693e+19,1.5860798220699392e+17,5.540831611583029e+22,42789389.590315364,1.0027755394390922e+20,0.0,0.0,9.976262363963394e+16,0.0,2.5173556062880057e+23,1.001189459617022e+20,8.391185354293352e+22
789729729729.7299,2214.0900690239278,276721273.6595429,0,2.9615948309270656e+22,8.391185354293352e+22,2.5183567957476228e+23,9.98198057693693e+19,1.586079822070013e+17,5.540831611583028e+22,38177460.29437486,1.0027755394391382e+20,0.0,0.0,9.976262363963394e+16,0.0,2.5173556062880057e+23,1.001189459617068e+20,8.391185354293352e+22
792888648648.6487,2211.7464293000235,276640541.68040997,0,2.9615948309270656e+22,8.391185354293352e+22,2.5183567957476228e+23,9.98198057693693e+19,1.586079822070079e+17,5.540831611583028e+22,34062614.31825738,1.0027755394391794e+20,0.0,0.0,9.976262363963394e+16,0.0,2.5173556062880057e+23,1.0011894596171091e+20,8.391185354293352e+22
796047567567.5676,2209.402789576119,276559898.8574116,0,2.9615948309270656e+22,8.391185354293352e+22,2.5183567957476228e+23,9.98198057693693e+19,1.586079822070138e+17,5.540831611583028e+22,30391274.989167042,1.002775539439216e+20,0.0,0.0,9.976262363963394e+16,0.0,2.5173556062880057e+23,1.0011894596171458e+20,8.391185354293352e+22
799206486486.4866,2207.059149852215,276479345.466265,0,2.9615948309270656e+22,8.391185354293352e+22,2.5183567957476228e+23,9.98198057693693e+19,1.5860798220701904e+17,5.540831611583028e+22,27115640.239396118,1.0027755394392488e+20,0.0,0.0,9.976262363963394e+16,0.0,2.5173556062880057e+23,1.0011894596171786e+20,8.391185354293352e+22
802365405405.4054,2204.7155101283106,276398881.7822486,0,2.9615948309270656e+22,8.391185354293352e+22,2.5183567957476228e+23,9.98198057693693e+19,1.5860798220702374e+17,5.540831611583028e+22,24193060.207393087,1.002775539439278e+20,0.0,0.0,9.976262363963394e+16,0.0,2.5173556062880057e+23,1.0011894596172077e+20,8.391185354293352e+22
805524324324.3245,2202.3718704044063,276318508.08020806,0,2.9615948309270656e+22,8.391185354293352e+22,2.5183567957476228e+23,9.98198057693693e+19,1.5860798220702794e+17,5.540831611583028e+22,21585481.922280513,1.002775539439304e+20,0.0,0.0,9.976262363963394e+16,0.0,2.5173556062880057e+23,1.0011894596172338e+20,8.391185354293352e+22
808683243243.2433,2200.028230680502,276238224.63456076,0,2.9615948309270656e+22,8.391185354293352e+22,2.5183567957476228e+23,9.98198057693693e+19,1.5860798220703168e+17,5.540831611583028e+22,19258953.841429107,1.0027755394393273e+20,0.0,0.0,9.976262363963394e+16,0.0,2.5173556062880057e+23,1.001189459617257e+20,8.391185354293352e+22
811842162162.1622,2197.6845909565977,276158031.71930087,0,2.9615948309270656e+22,8.391185354293352e+22,2.5183567957476228e+23,9.98198057693693e+19,1.58607982207035e+17,5.540831611583028e+22,17183183.790001318,1.002775539439348e+20,0.0,0.0,9.976262363963394e+16,0.0,2.5173556062880057e+23,1.0011894596172777e+20,8.391185354293352e+22
815001081081.0812,2195.3409512326934,276077929.6080051,0,2.9615948309270656e+22,8.391185354293352e+22,2.5183567957476228e+23,9.98198057693693e+19,1.5860798220703798e+17,5.540831611583028e+22,15331144.546689156,1.0027755394393665e+20,0.0,0.0,9.976262363963394e+16,0.0,2.5173556062880057e+23,1.0011894596172962e+20,8.391185354293352e+22
818160000000.0,2192.997311508789,275997918.5738371,0,2.9615948309270656e+22,8.391185354293352e+22,2.5183567957476228e+23,9.98198057693693e+19,1.5860798220704064e+17,5.540831611583028e+22,13678721.940240541,1.002775539439383e+20,0.0,0.0,9.976262363963394e+16,0.0,2.5173556062880057e+23,1.0011894596173128e+20,8.391185354293352e+22
821318918918.9191,2190.653671784885,275917998.88955337,0,2.9615948309270656e+22,8.391185354293352e+22,2.5183567957476228e+23,9.98198057693693e+19,1.58607982207043e+17,5.540831611583028e+22,12204400.874873027,1.0027755394393978e+20,0.0,0.0,9.976262363963394e+16,0.0,2.5173556062880057e+23,1.0011894596173275e+20,8.391185354293352e+22
824477837837.8379,2188.3100320609806,275838170.8275081,0,2.9615948309270656e+22,8.391185354293352e+22,2.5183567957476228e+23,9.98198057693693e+19,1.5860798220704512e+17,5.540831611583028e+22,10888985.196520653,1.0027755394394109e+20,0.0,0.0,9.976262363963394e+16,0.0,2.5173556062880057e+23,1.0011894596173406e+20,8.391185354293352e+22
827636756756.7567,2185.9663923370763,275758434.6596589,0,2.9615948309270656e+22,8.391185354293352e+22,2.5183567957476228e+23,9.98198057693693e+19,1.58607982207047e+17,5.540831611583028e+22,9715347.752478631,1.0027755394394227e+20,0.0,0.0,9.976262363963394e+16,0.0,2.5173556062880057e+23,1.0011894596173524e+20,8.391185354293352e+22
830795675675.6758,2183.622752613172,275678790.65757185,0,2.9615948309270656e+22,8.391185354293352e+22,2.5183567957476228e+23,9.98198057693693e+19,1.586079822070487e+17,5.540831611583028e+22,8668207.390138734,1.0027755394394332e+20,0.0,0.0,9.976262363963394e+16,0.0,2.5173556062880057e+23,1.0011894596173629e+20,8.391185354293352e+22
833954594594.5946,2181.2791128892677,275599239.09242713,0,2.9615948309270656e+22,8.391185354293352e+22,2.5183567957476228e+23,9.98198057693693e+19,1.586079822070502e+17,5.540831611583028e+22,7733929.991264204,1.0027755394394425e+20,0.0,0.0,9.976262363963394e+16,0.0,2.5173556062880057e+23,1.0011894596173722e+20,8.391185354293352e+22
837113513513.5137,2178.9354731653634,275519780.23502445,0,2.9615948309270656e+22,8.391185354293352e+22,2.5183567957476228e+23,9.98198057693693e+19,1.5860798220705155e+17,5.540831611583028e+22,6900350.951203834,1.0027755394394508e+20,0.0,0.0,9.976262363963394e+16,0.0,2.5173556062880057e+23,1.0011894596173806e+20,8.391185354293352e+22
840272432432.4325,2176.591833441459,275440414.35578847,0,2.9615948309270656e+22,8.391185354293352e+22,2.5183567957476228e+23,9.98198057693693e+19,1.5860798220705274e+17,5.540831611583028e+22,6156616.791665119,1.0027755394394582e+20,0.0,0.0,9.976262363963394e+16,0.0,2.5173556062880057e+23,1.001189459617388e+20,8.391185354293352e+22
843431351351.3513,2174.248193717555,275361141.7247745,0,2.9615948309270656e+22,8.391185354293352e+22,2.5183567957476228e+23,9.98198057693693e+19,1.586079822070538e+17,5.540831611583028e+22,5493043.84479172,1.0027755394394648e+20,0.0,0.0,9.976262363963394e+16,0.0,2.5173556062880057e+23,1.0011894596173945e+20,8.391185354293352e+22
846590270270.2704,2171.9045539936506,275281962.61167395,0,2.9615948309270656e+22,8.391185354293352e+22,2.5183567957476228e+23,9.98198057693693e+19,1.5860798220705475e+17,5.540831611583028e+22,4900992.168564621,1.0027755394394707e+20,0.0,0.0,9.976262363963394e+16,0.0,2.5173556062880057e+23,1.0011894596174004e+20,8.391185354293352e+22
849749189189.1892,2169.5609142697463,275202877.2858203,0,2.9615948309270656e+22,8.391185354293352e+22,2.5183567957476228e+23,9.98198057693693e+19,1.5860798220705558e+17,5.540831611583028e+22,4372753.051863272,1.0027755394394759e+20,0.0,0.0,9.976262363963394e+16,0.0,2.5173556062880057e+23,1.0011894596174057e+20,8.391185354293352e+22
852908108108.1082,2167.217274545842,275123886.01619434,0,2.9615948309270656e+22,8.391185354293352e+22,2.5183567957476228e+23,9.98198057693693e+19,1.5860798220705635e+17,5.540831611583028e+22,3901448.6444649044,1.0027755394394807e+20,0.0,0.0,9.976262363963394e+16,0.0,2.5173556062880057e+23,1.0011894596174104e+20,8.391185354293352e+22
856067027027.0271,2164.8736348219377,275044989.0714302,0,2.9615948309270656e+22,8.391185354293352e+22,2.5183567957476228e+23,9.98198057693693e+19,1.5860798220705702e+17,5.540831611583028e+22,3480942.405131042,1.002775539439485e+20,0.0,0.0,9.976262363963394e+16,0.0,2.5173556062880057e+23,1.0011894596174147e+20,8.391185354293352e+22
859225945945.9459,2162.5299950980334,274966186.7198212,0,2.9615948309270656e+22,8.391185354293352e+22,2.5183567957476228e+23,9.98198057693693e+19,1.5860798220705763e+17,5.540831611583028e+22,3105759.2017852543,1.0027755394394887e+20,0.0,0.0,9.976262363963394e+16,0.0,2.5173556062880057e+23,1.0011894596174184e+20,8.391185354293352e+22
862384864864.865,2160.186355374129,274887479.22932535,0,2.9615948309270656e+22,8.391185354293352e+22,2.5183567957476228e+23,9.98198057693693e+19,1.5860798220705818e+17,5.540831611583028e+22,2771014.0234597363,1.002775539439492e+20,0.0,0.0,9.976262363963394e+16,0.0,2.5173556062880057e+23,1.0011894596174217e+20,8.391185354293352e+22
865543783783.7838,2157.842715650225,274808866.86757165,0,2.9615948309270656e+22,8.391185354293352e+22,2.5183567957476228e+23,9.98198057693693e+19,1.5860798220705866e+17,5.540831611583028e+22,2472348.3758163685,1.002775539439495e+20,0.0,0.0,9.976262363963394e+16,0.0,2.5173556062880057e+23,1.0011894596174247e+20,8.391185354293352e+22
868702702702.7028,2155.4990759263205,274730349.9018656,0,2.9615948309270656e+22,8.391185354293352e+22,2.5183567957476228e+23,9.98198057693693e+19,1.5860798220705907e+17,5.540831611583028e+22,2205873.5320906444,1.0027755394394975e+20,0.0,0.0,9.976262363963394e+16,0.0,2.5173556062880057e+23,1.0011894596174273e+20,8.391185354293352e+22
871861621621.6217,2153.1554362024162,274651928.5991956,0,2.9615948309270656e+22,8.391185354293352e+22,2.5183567957476228e+23,9.98198057693693e+19,1.5860798220705946e+17,5.540831611583028e+22,1968119.900566741,1.0027755394394998e+20,0.0,0.0,9.976262363963394e+16,0.0,2.5173556062880057e+23,1.0011894596174296e+20,8.391185354293352e+22
875020540540.5405,2150.811796478512,274573603.22623837,0,2.9615948309270656e+22,8.391185354293352e+22,2.5183567957476228e+23,9.98198057693693e+19,1.586079822070598e+17,5.540831611583028e+22,1755991.8493313096,1.002775539439502e+20,0.0,0.0,9.976262363963394e+16,0.0,2.5173556062880057e+23,1.0011894596174317e+20,8.391185354293352e+22
878179459459.4596,2148.4681567546077,274495374.0493656,0,2.9615948309270656e+22,8.391185354293352e+22,2.5183567957476228e+23,9.98198057693693e+19,1.586079822070601e+17,5.540831611583028e+22,1566727.4001091416,1.002775539439504e+20,0.0,0.0,9.976262363963394e+16,0.0,2.5173556062880057e+23,1.0011894596174337e+20,8.391185354293352e+22
881338378378.3784,2146.1245170307034,274417241.3346497,0,2.9615948309270656e+22,8.391185354293352e+22,2.5183567957476228e+23,9.98198057693693e+19,1.5860798220706035e+17,5.540831611583028e+22,1397862.266380956,1.0027755394395056e+20,0.0,0.0,9.976262363963394e+16,0.0,2.5173556062880057e+23,1.0011894596174353e+20,8.391185354293352e+22
884497297297.2974,2143.780877306799,274339205.34787,0,2.9615948309270656e+22,8.391185354293352e+22,2.5183567957476228e+23,9.98198057693693e+19,1.586079822070606e+17,5.540831611583028e+22,1247197.7675475525,1.002775539439507e+20,0.0,0.0,9.976262363963394e+16,0.0,2.5173556062880057e+23,1.0011894596174368e+20,8.391185354293352e+22
887656216216.2163,2141.437237582895,274261266.35451895,0,2.9615948309270656e+22,8.391185354293352e+22,2.5183567957476228e+23,9.98198057693693e+19,1.5860798220706083e+17,5.540831611583028e+22,1112772.201372007,1.0027755394395084e+20,0.0,0.0,9.976262363963394e+16,0.0,2.5173556062880057e+23,1.0011894596174381e+20,8.391185354293352e+22
890815135135.1351,2139.0935978589905,274183424.6198085,0,2.9615948309270656e+22,8.391185354293352e+22,2.5183567957476228e+23,9.98198057693693e+19,1.5860798220706102e+17,5.540831611583028e+22,992835.3019595109,1.0027755394395095e+20,0.0,0.0,9.976262363963394e+16,0.0,2.5173556062880057e+23,1.0011894596174393e+20,8.391185354293352e+22
893974054054.0541,2136.749958135086,274105680.40867597,0,2.9615948309270656e+22,8.391185354293352e+22,2.5183567957476228e+23,9.98198057693693e+19,1.586079822070612e+17,5.540831611583028e+22,885825.4507092058,1.0027755394395107e+20,0.0,0.0,9.976262363963394e+16,0.0,2.5173556062880057e+23,1.0011894596174404e+20,8.391185354293352e+22
897132972972.973,2134.406318411182,274028033.98579097,0,2.9615948309270656e+22,8.391185354293352e+22,2.5183567957476228e+23,9.98198057693693e+19,1.5860798220706134e+17,5.540831611583028e+22,790349.3435169655,1.0027755394395116e+20,0.0,0.0,9.976262363963394e+16,0.0,2.5173556062880057e+23,1.0011894596174414e+20,8.391185354293352e+22
900291891891.892,2132.0626786872776,273950485.6155611,0,2.9615948309270656e+22,8.391185354293352e+22,2.5183567957476228e+23,9.98198057693693e+19,1.5860798220706147e+17,5.540831611583028e+22,705163.8494893006,1.0027755394395125e+20,0.0,0.0,9.976262363963394e+16,0.0,2.5173556062880057e+23,1.0011894596174422e+20,8.391185354293352e+22
903450810810.8109,2129.7190389633734,273873035.5621388,0,2.9615948309270656e+22,8.391185354293352e+22,2.5183567957476228e+23,9.98198057693693e+19,1.586079822070616e+17,5.540831611583028e+22,629159.8249627636,1.0027755394395133e+20,0.0,0.0,9.976262363963394e+16,0.0,2.5173556062880057e+23,1.001189459617443e+20,8.391185354293352e+22
906609729729.7297,2127.375399239469,273795684.0894277,0,2.9615948309270656e+22,8.391185354293352e+22,2.5183567957476228e+23,9.98198057693693e+19,1.586079822070617e+17,5.540831611583028e+22,561347.6720819639,1.002775539439514e+20,0.0,0.0,9.976262363963394e+16,0.0,2.5173556062880057e+23,1.0011894596174437e+20,8.391185354293352e+22
909768648648.6487,2125.0317595155648,273718431.4610891,0,2.9615948309270656e+22,8.391185354293352e+22,2.5183567957476228e+23,9.98198057693693e+19,1.586079822070618e+17,5.540831611583028e+22,500844.4539040453,1.0027755394395146e+20,0.0,0.0,9.976262363963394e+16,0.0,2.5173556062880057e+23,1.0011894596174443e+20,8.391185354293352e+22
912927567567.5676,2122.6881197916605,273641277.94054836,0,2.9615948309270656e+22,8.391185354293352e+22,2.5183567957476228e+23,9.98198057693693e+19,1.586079822070619e+17,5.540831611583028e+22,446862.3982639671,1.002775539439515e+20,0.0,0.0,9.976262363963394e+16,0.0,2.5173556062880057e+23,1.0011894596174448e+20,8.391185354293352e+22
916086486486.4866,2120.344480067756,273564223.79100174,0,2.9615948309270656e+22,8.391185354293352e+22,2.5183567957476228e+23,9.98198057693693e+19,1.5860798220706195e+17,5.540831611583028e+22,398698.64071706653,1.0027755394395156e+20,0.0,0.0,9.976262363963394e+16,0.0,2.5173556062880057e+23,1.0011894596174453e+20,8.391185354293352e+22
919245405405.4055,2118.000840343852,273487269.27542293,0,2.9615948309270656e+22,8.391185354293352e+22,2.5183567957476228e+23,9.98198057693693e+19,1.58607982207062e+17,5.540831611583028e+22,355726.0730085786,1.002775539439516e+20,0.0,0.0,9.976262363963394e+16,0.0,2.5173556062880057e+23,1.0011894596174458e+20,8.391185354293352e+22
922404324324.3243,2115.6572006199476,273410414.65656954,0,2.9615948309270656e+22,8.391185354293352e+22,2.5183567957476228e+23,9.98198057693693e+19,1.5860798220706208e+17,5.540831611583028e+22,317385.1779141216,1.0027755394395164e+20,0.0,0.0,9.976262363963394e+16,0.0,2.5173556062880057e+23,1.0011894596174461e+20,8.391185354293352e+22
925563243243.2433,2113.3135608960433,273333660.19699,0,2.9615948309270656e+22,8.391185354293352e+22,2.5183567957476228e+23,9.98198057693693e+19,1.5860798220706214e+17,5.540831611583028e+22,283176.7441380361,1.0027755394395167e+20,0.0,0.0,9.976262363963394e+16,0.0,2.5173556062880057e+23,1.0011894596174465e+20,8.391185354293352e+22
928722162162.1622,2110.969921172139,273257006.15903044,0,2.9615948309270656e+22,8.391185354293352e+22,2.5183567957476228e+23,9.98198057693693e+19,1.586079822070622e+17,5.540831611583028e+22,252655.3664151147,1.002775539439517e+20,0.0,0.0,9.976262363963394e+16,0.0,2.5173556062880057e+23,1.0011894596174468e+20,8.391185354293352e+22
931881081081.0812,2108.6262814482347,273180452.8048411,0,2.9615948309270656e+22,8.391185354293352e+22,2.5183567957476228e+23,9.98198057693693e+19,1.5860798220706224e+17,5.540831611583028e+22,225423.64618486917,1.0027755394395174e+20,0.0,0.0,9.976262363963394e+16,0.0,2.5173556062880057e+23,1.0011894596174471e+20,8.391185354293352e+22
935040000000.0,2106.2826417243305,273104000.3963836,0,2.9615948309270656e+22,8.391185354293352e+22,2.5183567957476228e+23,9.98198057693693e+19,1.5860798220706227e+17,5.540831611583028e+22,201127.01732917203,1.0027755394395175e+20,0.0,0.0,9.976262363963394e+16,0.0,2.5173556062880057e+23,1.0011894596174473e+20,8.391185354293352e+22
938198918918.919,2103.939002000426,273027649.19543743,0,2.9615948309270656e+22,8.391185354293352e+22,2.5183567957476228e+23,9.98198057693693e+19,1.586079822070623e+17,5.540831611583028e+22,179449.12960264363,1.0027755394395177e+20,0.0,0.0,9.976262363963394e+16,0.0,2.5173556062880057e+23,1.0011894596174474e+20,8.391185354293352e+22
941357837837.8379,2101.595362276522,272951399.4636074,0,2.9615948309270656e+22,8.391185354293352e+22,2.5183567957476228e+23,9.98198057693693e+19,1.5860798220706234e+17,5.540831611583028e+22,160107.72964650195,1.0027755394395179e+20,0.0,0.0,9.976262363963394e+16,0.0,2.5173556062880057e+23,1.0011894596174476e+20,8.391185354293352e+22
944516756756.7568,2099.2517225526176,272875251.46232986,0,2.9615948309270656e+22,8.391185354293352e+22,2.5183567957476228e+23,9.98198057693693e+19,1.5860798220706237e+17,5.540831611583028e+22,142850.9859552961,1.002775539439518e+20,0.0,0.0,9.976262363963394e+16,0.0,2.5173556062880057e+23,1.0011894596174478e+20,8.391185354293352e+22
947675675675.6758,2096.9080828287133,272799205.45288056,0,2.9615948309270656e+22,8.391185354293352e+22,2.5183567957476228e+23,9.98198057693693e+19,1.586079822070624e+17,5.540831611583028e+22,127454.20994635939,1.0027755394395182e+20,0.0,0.0,9.976262363963394e+16,0.0,2.5173556062880057e+23,1.001189459617448e+20,8.391185354293352e+22
950834594594.5946,2094.564443104809,272723261.69638115,0,2.9615948309270656e+22,8.391185354293352e+22,2.5183567957476228e+23,9.98198057693693e+19,1.5860798220706243e+17,5.540831611583028e+22,113716.93043920779,1.0027755394395184e+20,0.0,0.0,9.976262363963394e+16,0.0,2.5173556062880057e+23,1.0011894596174481e+20,8.391185354293352e+22
953993513513.5137,2092.2208033809047,272647420.45380646,0,2.9615948309270656e+22,8.391185354293352e+22,2.5183567957476228e+23,9.98198057693693e+19,1.5860798220706246e+17,5.540831611583028e+22,101460.28345362631,1.0027755394395185e+20,0.0,0.0,9.976262363963394e+16,0.0,2.5173556062880057e+23,1.0011894596174483e+20,8.391185354293352e+22
957152432432.4325,2089.8771636570004,272571681.9859916,0,2.9615948309270656e+22,8.391185354293352e+22,2.5183567957476228e+23,9.98198057693693e+19,1.586079822070625e+17,5.540831611583028e+22,90524.6833407396,1.0027755394395187e+20,0.0,0.0,9.976262363963394e+16,0.0,2.5173556062880057e+23,1.0011894596174484e+20,8.391185354293352e+22
960311351351.3514,2087.533523933096,272496046.5536392,0,2.9615948309270656e+22,8.391185354293352e+22,2.5183567957476228e+23,9.98198057693693e+19,1.586079822070625e+17,5.540831611583028e+22,80767.74492441346,1.0027755394395188e+20,0.0,0.0,9.976262363963394e+16,0.0,2.5173556062880057e+23,1.0011894596174486e+20,8.391185354293352e+22
963470270270.2704,2085.189884209192,272420514.4173267,0,2.9615948309270656e+22,8.391185354293352e+22,2.5183567957476228e+23,9.98198057693693e+19,1.586079822070625e+17,5.540831611583028e+22,72062.4295985725,1.002775539439519e+20,0.0,0.0,9.976262363963394e+16,0.0,2.5173556062880057e+23,1.0011894596174488e+20,8.391185354293352e+22
966629189189.1892,2082.8462444852876,272345085.8375135,0,2.9615948309270656e+22,8.391185354293352e+22,2.5183567957476228e+23,9.98198057693693e+19,1.586079822070625e+17,5.540831611583028e+22,64295.39124199994,1.002775539439519e+20,0.0,0.0,9.976262363963394e+16,0.0,2.5173556062880057e+23,1.0011894596174488e+20,8.391185354293352e+22
969788108108.1083,2080.5026047613833,272269761.0745485,0,2.9615948309270656e+22,8.391185354293352e+22,2.5183567957476228e+23,9.98198057693693e+19,1.586079822070625e+17,5.540831611583028e+22,57365.500413876296,1.002775539439519e+20,0.0,0.0,9.976262363963394e+16,0.0,2.5173556062880057e+23,1.0011894596174488e+20,8.391185354293352e+22
972947027027.0271,2078.158965037479,272194540.3886771,0,2.9615948309270656e+22,8.391185354293352e+22,2.5183567957476228e+23,9.98198057693693e+19,1.586079822070625e+17,5.540831611583028e+22,51182.527614588624,1.002775539439519e+20,0.0,0.0,9.976262363963394e+16,0.0,2.5173556062880057e+23,1.0011894596174488e+20,8.391185354293352e+22
976105945945.9459,2075.8153253135747,272119424.0400491,0,2.9615948309270656e+22,8.391185354293352e+22,2.5183567957476228e+23,9.98198057693693e+19,1.586079822070625e+17,5.540831611583028e+22,45665.968467424944,1.002775539439519e+20,0.0,0.0,9.976262363963394e+16,0.0,2.5173556062880057e+23,1.0011894596174488e+20,8.391185354293352e+22
979264864864.865,2073.4716855896704,272044412.28872555,0,2.9615948309270656e+22,8.391185354293352e+22,2.5183567957476228e+23,9.98198057693693e+19,1.586079822070625e+17,5.540831611583028e+22,40743.995524626065,1.002775539439519e+20,0.0,0.0,9.976262363963394e+16,0.0,2.5173556062880057e+23,1.0011894596174488e+20,8.391185354293352e+22
982423783783.7838,2071.128045865766,271969505.3946868,0,2.9615948309270656e+22,8.391185354293352e+22,2.5183567957476228e+23,9.98198057693693e+19,1.586079822070625e+17,5.540831611583028e+22,36352.52304995862,1.002775539439519e+20,0.0,0.0,9.976262363963394e+16,0.0,2.5173556062880057e+23,1.0011894596174488e+20,8.391185354293352e+22
985582702702.7029,2068.784406141862,271894703.61783993,0,2.9615948309270656e+22,8.391185354293352e+22,2.5183567957476228e+23,9.98198057693693e+19,1.586079822070625e+17,5.540831611583028e+22,32434.372600965016,1.002775539439519e+20,0.0,0.0,9.976262363963394e+16,0.0,2.5173556062880057e+23,1.0011894596174488e+20,8.391185354293352e+22
988741621621.6217,2066.4407664179575,271820007.21802586,0,2.9615948309270656e+22,8.391185354293352e+22,2.5183567957476228e+23,9.98198057693693e+19,1.586079822070625e+17,5.540831611583028e+22,28938.52854649184,1.002775539439519e+20,0.0,0.0,9.976262363963394e+16,0.0,2.5173556062880057e+23,1.0011894596174488e+20,8.391185354293352e+22
991900540540.5405,2064.0971266940533,271745416.45502776,0,2.9615948309270656e+22,8.391185354293352e+22,2.5183567957476228e+23,9.98198057693693e+19,1.586079822070625e+17,5.540831611583028e+22,25819.47382608557,1.002775539439519e+20,0.0,0.0,9.976262363963394e+16,0.0,2.5173556062880057e+23,1.0011894596174488e+20,8.391185354293352e+22
995059459459.4596,2061.753486970149,271670931.58857787,0,2.9615948309270656e+22,8.391185354293352e+22,2.5183567957476228e+23,9.98198057693693e+19,1.586079822070625e+17,5.540831611583028e+22,23036.597302620416,1.002775539439519e+20,0.0,0.0,9.976262363963394e+16,0.0,2.5173556062880057e+23,1.0011894596174488e+20,8.391185354293352e+22
998218378378.3784,2059.4098472462447,271596552.87836593,0,2.9615948309270656e+22,8.391185354293352e+22,2.5183567957476228e+23,9.98198057693693e+19,1.586079822070625e+17,5.540831611583028e+22,20553.664991691043,1.002775539439519e+20,0.0,0.0,9.976262363963394e+16,0.0,2.5173556062880057e+23,1.0011894596174488e+20,8.391185354293352e+22
1001377297297.2974,2057.0662075223404,271522280.58404666,0,2.9615948309270656e+22,8.391185354293352e+22,2.5183567957476228e+23,9.98198057693693e+19,1.586079822070625e+17,5.540831611583028e+22,18338.34828299976,1.002775539439519e+20,0.0,0.0,9.976262363963394e+16,0.0,2.5173556062880057e+23,1.0011894596174488e+20,8.391185354293352e+22
1004536216216.2163,2054.722567798436,271448114.96524715,0,2.9615948309270656e+22,8.391185354293352e+22,2.5183567957476228e+23,9.98198057693693e+19,1.586079822070625e+17,5.540831611583028e+22,16361.803011022595,1.002775539439519e+20,0.0,0.0,9.976262363963394e+16,0.0,2.5173556062880057e+23,1.0011894596174488e+20,8.391185354293352e+22
1007695135135.1351,2052.378928074532,271374056.28157556,0,2.9615948309270656e+22,8.391185354293352e+22,2.5183567957476228e+23,9.98198057693693e+19,1.586079822070625e+17,5.540831611583028e+22,14598.293894313403,1.002775539439519e+20,0.0,0.0,9.976262363963394e+16,0.0,2.5173556062880057e+23,1.0011894596174488e+20,8.391185354293352e+22
1010854054054.0542,2050.0352883506275,271300104.7926282,0,2.9615948309270656e+22,8.391185354293352e+22,2.5183567957476228e+23,9.98198057693693e+19,1.586079822070625e+17,5.540831611583028e+22,13024.859453519899,1.002775539439519e+20,0.0,0.0,9.976262363963394e+16,0.0,2.5173556062880057e+23,1.0011894596174488e+20,8.391185354293352e+22
1014012972972.973,2047.6916486267232,271226260.757998,0,2.9615948309270656e+22,8.391185354293352e+22,2.5183567957476228e+23,9.98198057693693e+19,1.586079822070625e+17,5.540831611583028e+22,11621.013045231997,1.002775539439519e+20,0.0,0.0,9.976262363963394e+16,0.0,2.5173556062880057e+23,1.0011894596174488e+20,8.391185354293352e+22
1017171891891.892,2045.348008902819,271152524.4372819,0,2.9615948309270656e+22,8.391185354293352e+22,2.5183567957476228e+23,9.98198057693693e+19,1.586079822070625e+17,5.540831611583028e+22,10368.476119023017,1.002775539439519e+20,0.0,0.0,9.976262363963394e+16,0.0,2.5173556062880057e+23,1.0011894596174488e+20,8.391185354293352e+22
1020330810810.8109,2043.0043691789147,271078896.0900895,0,2.9615948309270656e+22,8.391185354293352e+22,2.5183567957476228e+23,9.98198057693693e+19,1.586079822070625e+17,5.540831611583028e+22,9250.940224601081,1.002775539439519e+20,0.0,0.0,9.976262363963394e+16,0.0,2.5173556062880057e+23,1.0011894596174488e+20,8.391185354293352e+22
1023489729729.7297,2040.6607294550104,271005375.9760508,0,2.9615948309270656e+22,8.391185354293352e+22,2.5183567957476228e+23,9.98198057693693e+19,1.586079822070625e+17,5.540831611583028e+22,8253.854670324128,1.002775539439519e+20,0.0,0.0,9.976262363963394e+16,0.0,2.5173556062880057e+23,1.0011894596174488e+20,8.391185354293352e+22
1026648648648.6488,2038.317089731106,270931964.35482407,0,2.9615948309270656e+22,8.391185354293352e+22,2.5183567957476228e+23,9.98198057693693e+19,1.586079822070625e+17,5.540831611583028e+22,7364.237068321253,1.002775539439519e+20,0.0,0.0,9.976262363963394e+16,0.0,2.5173556062880057e+23,1.0011894596174488e+20,8.391185354293352e+22
1029807567567.5676,2035.9734500072018,270858661.4861043,0,2.9615948309270656e+22,8.391185354293352e+22,2.5183567957476228e+23,9.98198057693693e+19,1.586079822070625e+17,5.540831611583028e+22,6570.504299454441,1.002775539439519e+20,0.0,0.0,9.976262363963394e+16,0.0,2.5173556062880057e+23,1.0011894596174488e+20,8.391185354293352e+22
1032966486486.4866,2033.6298102832975,270785467.6296316,0,2.9615948309270656e+22,8.391185354293352e+22,2.5183567957476228e+23,9.98198057693693e+19,1.586079822070625e+17,5.540831611583028e+22,5862.321697227851,1.002775539439519e+20,0.0,0.0,9.976262363963394e+16,0.0,2.5173556062880057e+23,1.0011894596174488e+20,8.391185354293352e+22
1036125405405.4055,2031.2861705593932,270712383.0451985,0,2.9615948309270656e+22,8.391185354293352e+22,2.5183567957476228e+23,9.98198057693693e+19,1.586079822070625e+17,5.540831611583028e+22,5230.468486968642,1.002775539439519e+20,0.0,0.0,9.976262363963394e+16,0.0,2.5173556062880057e+23,1.0011894596174488e+20,8.391185354293352e+22
1039284324324.3243,2028.942530835489,270639407.9926592,0,2.9615948309270656e+22,8.391185354293352e+22,2.5183567957476228e+23,9.98198057693693e+19,1.586079822070625e+17,5.540831611583028e+22,4666.717728252421,1.002775539439519e+20,0.0,0.0,9.976262363963394e+16,0.0,2.5173556062880057e+23,1.0011894596174488e+20,8.391185354293352e+22
1042443243243.2433,2026.5988911115846,270566542.73193747,0,2.9615948309270656e+22,8.391185354293352e+22,2.5183567957476228e+23,9.98198057693693e+19,1.586079822070625e+17,5.540831611583028e+22,4163.729197383463,1.002775539439519e+20,0.0,0.0,9.976262363963394e+16,0.0,2.5173556062880057e+23,1.0011894596174488e+20,8.391185354293352e+22
1045602162162.1624,2024.2552513876801,270493787.5230348,0,2.9615948309270656e+22,8.391185354293352e+22,2.5183567957476228e+23,9.98198057693693e+19,1.586079822070625e+17,5.540831611583028e+22,3714.953815223727,1.002775539439519e+20,0.0,0.0,9.976262363963394e+16,0.0,2.5173556062880057e+23,1.0011894596174488e+20,8.391185354293352e+22
1048761081081.0812,2021.9116116637758,270421142.626039,0,2.9615948309270656e+22,8.391185354293352e+22,2.5183567957476228e+23,9.98198057693693e+19,1.586079822070625e+17,5.540831611583028e+22,3314.548375988996,1.002775539439519e+20,0.0,0.0,9.976262363963394e+16,0.0,2.5173556062880057e+23,1.0011894596174488e+20,8.391185354293352e+22
1051920000000.0001,2019.5679719398715,270348608.30113274,0,2.9615948309270656e+22,8.391185354293352e+22,2.5183567957476228e+23,9.98198057693693e+19,1.586079822070625e+17,5.540831611583028e+22,2957.2994667525,1.002775539439519e+20,0.0,0.0,9.976262363963394e+16,0.0,2.5173556062880057e+23,1.0011894596174488e+20,8.391185354293352e+22
1055078918918.919,2017.2243322159673,270276184.8086016,0,2.9615948309270656e+22,8.391185354293352e+22,2.5183567957476228e+23,9.98198057693693e+19,1.586079822070625e+17,5.540831611583028e+22,2638.5555870624758,1.002775539439519e+20,0.0,0.0,9.976262363963394e+16,0.0,2.5173556062880057e+23,1.0011894596174488e+20,8.391185354293352e+22
1058237837837.8378,2014.880692492063,270203872.408843,0,2.9615948309270656e+22,8.391185354293352e+22,2.5183567957476228e+23,9.98198057693693e+19,1.586079822070625e+17,5.540831611583028e+22,2354.166584848359,1.002775539439519e+20,0.0,0.0,9.976262363963394e+16,0.0,2.5173556062880057e+23,1.0011894596174488e+20,8.391185354293352e+22
1061396756756.757,2012.5370527681584,270131671.3623744,0,2.9615948309270656e+22,8.391185354293352e+22,2.5183567957476228e+23,9.98198057693693e+19,1.586079822070625e+17,5.540831611583028e+22,2100.429620050813,1.002775539439519e+20,0.0,0.0,9.976262363963394e+16,0.0,2.5173556062880057e+23,1.0011894596174488e+20,8.391185354293352e+22
1064555675675.6758,2010.1934130442542,270059581.9298423,0,2.9615948309270656e+22,8.391185354293352e+22,2.5183567957476228e+23,9.98198057693693e+19,1.586079822070625e+17,5.540831611583028e+22,1874.0409524039624,1.002775539439519e+20,0.0,0.0,9.976262363963394e+16,0.0,2.5173556062880057e+23,1.0011894596174488e+20,8.391185354293352e+22
1067714594594.5947,2007.8497733203499,269987604.3720303,0,2.9615948309270656e+22,8.391185354293352e+22,2.5183567957476228e+23,9.98198057693693e+19,1.586079822070625e+17,5.540831611583028e+22,1672.052925630609,1.002775539439519e+20,0.0,0.0,9.976262363963394e+16,0.0,2.5173556062880057e+23,1.0011894596174488e+20,8.391185354293352e+22
1070873513513.5135,2005.5061335964456,269915738.9498682,0,2.9615948309270656e+22,8.391185354293352e+22,2.5183567957476228e+23,9.98198057693693e+19,1.586079822070625e+17,5.540831611583028e+22,1491.8355879702428,1.002775539439519e+20,0.0,0.0,9.976262363963394e+16,0.0,2.5173556062880057e+23,1.0011894596174488e+20,8.391185354293352e+22
1074032432432.4324,2003.1624938725413,269843985.9244405,0,2.9615948309270656e+22,8.391185354293352e+22,2.5183567957476228e+23,9.98198057693693e+19,1.586079822070625e+17,5.540831611583028e+22,1331.042449326269,1.002775539439519e+20,0.0,0.0,9.976262363963394e+16,0.0,2.5173556062880057e+23,1.0011894596174488e+20,8.391185354293352e+22
1077191351351.3516,2000.8188541486368,269772345.55699533,0,2.9615948309270656e+22,8.391185354293352e+22,2.5183567957476228e+23,9.98198057693693e+19,1.586079822070625e+17,5.540831611583028e+22,1187.5799291790408,1.002775539439519e+20,0.0,0.0,9.976262363963394e+16,0.0,2.5173556062880057e+23,1.0011894596174488e+20,8.391185354293352e+22
1080350270270.2704,1998.4752144247325,269700818.1089529,0,2.9615948309270656e+22,8.391185354293352e+22,2.5183567957476228e+23,9.98198057693693e+19,1.586079822070625e+17,5.540831611583028e+22,1059.5800974662886,1.002775539439519e+20,0.0,0.0,9.976262363963394e+16,0.0,2.5173556062880057e+23,1.0011894596174488e+20,8.391185354293352e+22
1083509189189.1892,1996.1315747008282,269629403.8419145,0,2.9615948309270656e+22,8.391185354293352e+22,2.5183567957476228e+23,9.98198057693693e+19,1.586079822070625e+17,5.540831611583028e+22,945.3763535080835,1.002775539439519e+20,0.0,0.0,9.976262363963394e+16,0.0,2.5173556062880057e+23,1.0011894596174488e+20,8.391185354293352e+22
1086668108108.1082,1993.787934976924,269558103.0176715,0,2.9615948309270656e+22,8.391185354293352e+22,2.5183567957476228e+23,9.98198057693693e+19,1.586079822070625e+17,5.540831611583028e+22,843.4817263077895,1.002775539439519e+20,0.0,0.0,9.976262363963394e+16,0.0,2.5173556062880057e+23,1.0011894596174488e+20,8.391185354293352e+22
1089827027027.027,1991.4442952530196,269486915.8982141,0,2.9615948309270656e+22,8.391185354293352e+22,2.5183567957476228e+23,9.98198057693693e+19,1.586079822070625e+17,5.540831611583028e+22,752.5695136916551,1.002775539439519e+20,0.0,0.0,9.976262363963394e+16,0.0,2.5173556062880057e+23,1.0011894596174488e+20,8.391185354293352e+22
1092985945945.9462,1989.100655529115,269415842.7457402,0,2.9615948309270656e+22,8.391185354293352e+22,2.5183567957476228e+23,9.98198057693693e+19,1.586079822070625e+17,5.540831611583028e+22,671.4560082021588,1.002775539439519e+20,0.0,0.0,9.976262363963394e+16,0.0,2.5173556062880057e+23,1.0011894596174488e+20,8.391185354293352e+22
1096144864864.865,1986.7570158052108,269344883.8226643,0,2.9615948309270656e+22,8.391185354293352e+22,2.5183567957476228e+23,9.98198057693693e+19,1.586079822070625e+17,5.540831611583028e+22,599.0850848304526,1.002775539439519e+20,0.0,0.0,9.976262363963394e+16,0.0,2.5173556062880057e+23,1.0011894596174488e+20,8.391185354293352e+22
1099303783783.7838,1984.4133760813065,269274039.39162695,0,2.9615948309270656e+22,8.391185354293352e+22,2.5183567957476228e+23,9.98198057693693e+19,1.586079822070625e+17,5.540831611583028e+22,534.5144499150177,1.002775539439519e+20,0.0,0.0,9.976262363963394e+16,0.0,2.5173556062880057e+23,1.0011894596174488e+20,8.391185354293352e+22
1102462702702.7026,1982.0697363574022,269203309.7155031,0,2.9615948309270656e+22,8.391185354293352e+22,2.5183567957476228e+23,9.98198057693693e+19,1.586079822070625e+17,5.540831611583028e+22,476.9033721625898,1.002775539439519e+20,0.0,0.0,9.976262363963394e+16,0.0,2.5173556062880057e+23,1.0011894596174488e+20,8.391185354293352e+22
1105621621621.6216,1979.726096633498,269132695.05741197,0,2.9615948309270656e+22,8.391185354293352e+22,2.5183567957476228e+23,9.98198057693693e+19,1.586079822070625e+17,5.540831611583028e+22,425.5017360451335,1.002775539439519e+20,0.0,0.0,9.976262363963394e+16,0.0,2.5173556062880057e+23,1.0011894596174488e+20,8.391185354293352e+22
1108780540540.5408,1977.3824569095934,269062195.68072534,0,2.9615948309270656e+22,8.391185354293352e+22,2.5183567957476228e+23,9.98198057693693e+19,1.586079822070625e+17,5.540831611583028e+22,379.6402750444315,1.002775539439519e+20,0.0,0.0,9.976262363963394e+16,0.0,2.5173556062880057e+23,1.0011894596174488e+20,8.391185354293352e+22
1111939459459.4595,1975.0388171856891,268991811.84907746,0,2.9615948309270656e+22,8.391185354293352e+22,2.5183567957476228e+23,9.98198057693693e+19,1.586079822070625e+17,5.540831611583028e+22,338.72185757785934,1.002775539439519e+20,0.0,0.0,9.976262363963394e+16,0.0,2.5173556062880057e+23,1.0011894596174488e+20,8.391185354293352e+22
1115098378378.3784,1972.6951774617849,268921543.8263737,0,2.9615948309270656e+22,8.391185354293352e+22,2.5183567957476228e+23,9.98198057693693e+19,1.586079822070625e+17,5.540831611583028e+22,302.21371214518217,1.002775539439519e+20,0.0,0.0,9.976262363963394e+16,0.0,2.5173556062880057e+23,1.0011894596174488e+20,8.391185354293352e+22
1118257297297.2974,1970.3515377378806,268851391.8768001,0,2.9615948309270656e+22,8.391185354293352e+22,2.5183567957476228e+23,9.98198057693693e+19,1.586079822070625e+17,5.540831611583028e+22,269.64049046518056,1.002775539439519e+20,0.0,0.0,9.976262363963394e+16,0.0,2.5173556062880057e+23,1.0011894596174488e+20,8.391185354293352e+22
1121416216216.2163,1968.0078980139763,268781356.26483244,0,2.9615948309270656e+22,8.391185354293352e+22,2.5183567957476228e+23,9.98198057693693e+19,1.586079822070625e+17,5.540831611583028e+22,240.5780782818203,1.002775539439519e+20,0.0,0.0,9.976262363963394e+16,0.0,2.5173556062880057e+23,1.0011894596174488e+20,8.391185354293352e+22
1124575135135.1353,1965.6642582900718,268711437.2552457,0,2.9615948309270656e+22,8.391185354293352e+22,2.5183567957476228e+23,9.98198057693693e+19,1.586079822070625e+17,5.540831611583028e+22,214.64807325458997,1.002775539439519e+20,0.0,0.0,9.976262363963394e+16,0.0,2.5173556062880057e+23,1.0011894596174488e+20,8.391185354293352e+22
1127734054054.0542,1963.3206185661675,268641635.11312324,0,2.9615948309270656e+22,8.391185354293352e+22,2.5183567957476228e+23,9.98198057693693e+19,1.586079822070625e+17,5.540831611583028e+22,191.51285803328938,1.002775539439519e+20,0.0,0.0,9.976262363963394e+16,0.0,2.5173556062880057e+23,1.0011894596174488e+20,8.391185354293352e+22
1130892972972.9731,1960.9769788422632,268571950.10386616,0,2.9615948309270656e+22,8.391185354293352e+22,2.5183567957476228e+23,9.98198057693693e+19,1.586079822070625e+17,5.540831611583028e+22,170.87120436705135,1.002775539439519e+20,0.0,0.0,9.976262363963394e+16,0.0,2.5173556062880057e+23,1.0011894596174488e+20,8.391185354293352e+22
1134051891891.8918,1958.633339118359,268502382.4932028,0,2.9615948309270656e+22,8.391185354293352e+22,2.5183567957476228e+23,9.98198057693693e+19,1.586079822070625e+17,5.540831611583028e+22,152.45435101162514,1.002775539439519e+20,0.0,0.0,9.976262363963394e+16,0.0,2.5173556062880057e+23,1.0011894596174488e+20,8.391185354293352e+22
1137210810810.8108,1956.2896993944546,268432932.54719833,0,2.9615948309270656e+22,8.391185354293352e+22,2.5183567957476228e+23,9.98198057693693e+19,1.586079822070625e+17,5.540831611583028e+22,136.02250436795984,1.002775539439519e+20,0.0,0.0,9.976262363963394e+16,0.0,2.5173556062880057e+23,1.0011894596174488e+20,8.391185354293352e+22
1140369729729.73,1953.94605967055,268363600.53226385,0,2.9615948309270656e+22,8.391185354293352e+22,2.5183567957476228e+23,9.98198057693693e+19,1.586079822070625e+17,5.540831611583028e+22,121.3617162892308,1.002775539439519e+20,0.0,0.0,9.976262363963394e+16,0.0,2.5173556062880057e+23,1.0011894596174488e+20,8.391185354293352e+22
1143528648648.6487,1951.6024199466458,268294386.7151661,0,2.9615948309270656e+22,8.391185354293352e+22,2.5183567957476228e+23,9.98198057693693e+19,1.586079822070625e+17,5.540831611583028e+22,108.28109840431,1.002775539439519e+20,0.0,0.0,9.976262363963394e+16,0.0,2.5173556062880057e+23,1.0011894596174488e+20,8.391185354293352e+22
1146687567567.5676,1949.2587802227415,268225291.36303705,0,2.9615948309270656e+22,8.391185354293352e+22,2.5183567957476228e+23,9.98198057693693e+19,1.586079822070625e+17,5.540831611583028e+22,96.61033668723984,1.002775539439519e+20,0.0,0.0,9.976262363963394e+16,0.0,2.5173556062880057e+23,1.0011894596174488e+20,8.391185354293352e+22
1149846486486.4866,1946.9151404988372,268156314.74338326,0,2.9615948309270656e+22,8.391185354293352e+22,2.5183567957476228e+23,9.98198057693693e+19,1.586079822070625e+17,5.540831611583028e+22,86.1974739115717,1.002775539439519e+20,0.0,0.0,9.976262363963394e+16,0.0,2.5173556062880057e+23,1.0011894596174488e+20,8.391185354293352e+22
1153005405405.4053,1944.571500774933,268087457.1240957,0,2.9615948309270656e+22,8.391185354293352e+22,2.5183567957476228e+23,9.98198057693693e+19,1.586079822070625e+17,5.540831611583028e+22,76.9069311163826,1.002775539439519e+20,0.0,0.0,9.976262363963394e+16,0.0,2.5173556062880057e+23,1.0011894596174488e+20,8.391185354293352e+22
1156164324324.3245,1942.2278610510284,268018718.77345937,0,2.9615948309270656e+22,8.391185354293352e+22,2.5183567957476228e+23,9.98198057693693e+19,1.586079822070625e+17,5.540831611583028e+22,68.61774232279437,1.002775539439519e+20,0.0,0.0,9.976262363963394e+16,0.0,2.5173556062880057e+23,1.0011894596174488e+20,8.391185354293352e+22
1159323243243.2434,1939.8842213271241,267950099.9601627,0,2.9615948309270656e+22,8.391185354293352e+22,2.5183567957476228e+23,9.98198057693693e+19,1.586079822070625e+17,5.540831611583028e+22,61.22197951641359,1.002775539439519e+20,0.0,0.0,9.976262363963394e+16,0.0,2.5173556062880057e+23,1.0011894596174488e+20,8.391185354293352e+22
1162482162162.1624,1937.5405816032198,267881600.95330757,0,2.9615948309270656e+22,8.391185354293352e+22,2.5183567957476228e+23,9.98198057693693e+19,1.586079822070625e+17,5.540831611583028e+22,54.62334738843572,1.002775539439519e+20,0.0,0.0,9.976262363963394e+16,0.0,2.5173556062880057e+23,1.0011894596174488e+20,8.391185354293352e+22
1165641081081.081,1935.1969418793155,267813222.02241877,0,2.9615948309270656e+22,8.391185354293352e+22,2.5183567957476228e+23,9.98198057693693e+19,1.586079822070625e+17,5.540831611583028e+22,48.7359295384723,1.002775539439519e+20,0.0,0.0,9.976262363963394e+16,0.0,2.5173556062880057e+23,1.0011894596174488e+20,8.391185354293352e+22
1168800000000.0,1932.8533021554113,267744963.43745396,0,2.9615948309270656e+22,8.391185354293352e+22,2.5183567957476228e+23,9.98198057693693e+19,1.586079822070625e+17,5.540831611583028e+22,43.48306981424187,1.002775539439519e+20,0.0,0.0,9.976262363963394e+16,0.0,2.5173556062880057e+23,1.0011894596174488e+20,8.391185354293352e+22
1171958918918.9192,1930.5096624315067,267676825.46881324,0,2.9615948309270656e+22,8.391185354293352e+22,2.5183567957476228e+23,9.98198057693693e+19,1.586079822070625e+17,5.540831611583028e+22,38.7963742227928,1.002775539439519e+20,0.0,0.0,9.976262363963394e+16,0.0,2.5173556062880057e+23,1.0011894596174488e+20,8.391185354293352e+22
1175117837837.838,1928.1660227076025,267608808.3873493,0,2.9615948309270656e+22,8.391185354293352e+22,2.5183567957476228e+23,9.98198057693693e+19,1.586079822070625e+17,5.540831611583028e+22,34.6148204178078,1.002775539439519e+20,0.0,0.0,9.976262363963394e+16,0.0,2.5173556062880057e+23,1.0011894596174488e+20,8.391185354293352e+22
1178276756756.7568,1925.8223829836982,267540912.46437678,0,2.9615948309270656e+22,8.391185354293352e+22,2.5183567957476228e+23,9.98198057693693e+19,1.586079822070625e+17,5.540831611583028e+22,30.883963168216674,1.002775539439519e+20,0.0,0.0,9.976262363963394e+16,0.0,2.5173556062880057e+23,1.0011894596174488e+20,8.391185354293352e+22
1181435675675.6758,1923.4787432597939,267473137.97168246,0,2.9615948309270656e+22,8.391185354293352e+22,2.5183567957476228e+23,9.98198057693693e+19,1.586079822070625e+17,5.540831611583028e+22,27.555225463052416,1.002775539439519e+20,0.0,0.0,9.976262363963394e+16,0.0,2.5173556062880057e+23,1.0011894596174488e+20,8.391185354293352e+22
1184594594594.5945,1921.1351035358896,267405485.1815352,0,2.9615948309270656e+22,8.391185354293352e+22,2.5183567957476228e+23,9.98198057693693e+19,1.586079822070625e+17,5.540831611583028e+22,24.585266022498487,1.002775539439519e+20,0.0,0.0,9.976262363963394e+16,0.0,2.5173556062880057e+23,1.0011894596174488e+20,8.391185354293352e+22
1187753513513.5137,1918.791463811985,267337954.3666956,0,2.9615948309270656e+22,8.391185354293352e+22,2.5183567957476228e+23,9.98198057693693e+19,1.586079822070625e+17,5.540831611583028e+22,21.935414979909318,1.002775539439519e+20,0.0,0.0,9.976262363963394e+16,0.0,2.5173556062880057e+23,1.0011894596174488e+20,8.391185354293352e+22
1190912432432.4326,1916.4478240880808,267270545.8004261,0,2.9615948309270656e+22,8.391185354293352e+22,2.5183567957476228e+23,9.98198057693693e+19,1.586079822070625e+17,5.540831611583028e+22,19.57117038719485,1.002775539439519e+20,0.0,0.0,9.976262363963394e+16,0.0,2.5173556062880057e+23,1.0011894596174488e+20,8.391185354293352e+22
1194071351351.3513,1914.1041843641765,267203259.75650105,0,2.9615948309270656e+22,8.391185354293352e+22,2.5183567957476228e+23,9.98198057693693e+19,1.586079822070625e+17,5.540831611583028e+22,17.461748987900663,1.002775539439519e+20,0.0,0.0,9.976262363963394e+16,0.0,2.5173556062880057e+23,1.0011894596174488e+20,8.391185354293352e+22
1197230270270.2703,1911.7605446402722,267136096.50921625,0,2.9615948309270656e+22,8.391185354293352e+22,2.5183567957476228e+23,9.98198057693693e+19,1.586079822070625e+17,5.540831611583028e+22,15.579685408898698,1.002775539439519e+20,0.0,0.0,9.976262363963394e+16,0.0,2.5173556062880057e+23,1.0011894596174488e+20,8.391185354293352e+22
1200389189189.1892,1909.416904916368,267069056.33339974,0,2.9615948309270656e+22,8.391185354293352e+22,2.5183567957476228e+23,9.98198057693693e+19,1.586079822070625e+17,5.540831611583028e+22,13.900474552030126,1.002775539439519e+20,0.0,0.0,9.976262363963394e+16,0.0,2.5173556062880057e+23,1.0011894596174488e+20,8.391185354293352e+22
1203548108108.1082,1907.0732651924634,267002139.50442103,0,2.9615948309270656e+22,8.391185354293352e+22,2.5183567957476228e+23,9.98198057693693e+19,1.586079822070625e+17,5.540831611583028e+22,12.402252529519833,1.002775539439519e+20,0.0,0.0,9.976262363963394e+16,0.0,2.5173556062880057e+23,1.0011894596174488e+20,8.391185354293352e+22
1206707027027.027,1904.729625468559,266935346.29820168,0,2.9615948309270656e+22,8.391185354293352e+22,2.5183567957476228e+23,9.98198057693693e+19,1.586079822070625e+17,5.540831611583028e+22,11.065511988834707,1.002775539439519e+20,0.0,0.0,9.976262363963394e+16,0.0,2.5173556062880057e+23,1.0011894596174488e+20,8.391185354293352e+22
1209865945945.946,1902.3859857446548,266868676.9912252,0,2.9615948309270656e+22,8.391185354293352e+22,2.5183567957476228e+23,9.98198057693693e+19,1.586079822070625e+17,5.540831611583028e+22,9.872848120420047,1.002775539439519e+20,0.0,0.0,9.976262363963394e+16,0.0,2.5173556062880057e+23,1.0011894596174488e+20,8.391185354293352e+22
1213024864864.865,1900.0423460207505,266802131.86054716,0,2.9615948309270656e+22,8.391185354293352e+22,2.5183567957476228e+23,9.98198057693693e+19,1.586079822070625e+17,5.540831611583028e+22,8.80873204124976,1.002775539439519e+20,0.0,0.0,9.976262363963394e+16,0.0,2.5173556062880057e+23,1.0011894596174488e+20,8.391185354293352e+22
1216183783783.7837,1897.6987062968462,266735711.18380544,0,2.9615948309270656e+22,8.391185354293352e+22,2.5183567957476228e+23,9.98198057693693e+19,1.586079822070625e+17,5.540831611583028e+22,7.859308603568277,1.002775539439519e+20,0.0,0.0,9.976262363963394e+16,0.0,2.5173556062880057e+23,1.0011894596174488e+20,8.391185354293352e+22
1219342702702.703,1895.3550665729417,266669415.23922998,0,2.9615948309270656e+22,8.391185354293352e+22,2.5183567957476228e+23,9.98198057693693e+19,1.586079822070625e+17,5.540831611583028e+22,7.0122159962262565,1.002775539439519e+20,0.0,0.0,9.976262363963394e+16,0.0,2.5173556062880057e+23,1.0011894596174488e+20,8.391185354293352e+22
1222501621621.6218,1893.0114268490374,266603244.3056535,0,2.9615948309270656e+22,8.391185354293352e+22,2.5183567957476228e+23,9.98198057693693e+19,1.586079822070625e+17,5.540831611583028e+22,6.256424789759081,1.002775539439519e+20,0.0,0.0,9.976262363963394e+16,0.0,2.5173556062880057e+23,1.0011894596174488e+20,8.391185354293352e+22
1225660540540.5405,1890.6677871251331,266537198.66252124,0,2.9615948309270656e+22,8.391185354293352e+22,2.5183567957476228e+23,9.98198057693693e+19,1.586079822070625e+17,5.540831611583028e+22,5.582094329521132,1.002775539439519e+20,0.0,0.0,9.976262363963394e+16,0.0,2.5173556062880057e+23,1.0011894596174488e+20,8.391185354293352e+22
1228819459459.4595,1888.3241474012289,266471278.58990148,0,2.9615948309270656e+22,8.391185354293352e+22,2.5183567957476228e+23,9.98198057693693e+19,1.586079822070625e+17,5.540831611583028e+22,4.980444607066372,1.002775539439519e+20,0.0,0.0,9.976262363963394e+16,0.0,2.5173556062880057e+23,1.0011894596174488e+20,8.391185354293352e+22
1231978378378.3784,1885.9805076773246,266405484.36849537,0,2.9615948309270656e+22,8.391185354293352e+22,2.5183567957476228e+23,9.98198057693693e+19,1.586079822070625e+17,5.540831611583028e+22,4.4436419414976855,1.002775539439519e+20,0.0,0.0,9.976262363963394e+16,0.0,2.5173556062880057e+23,1.0011894596174488e+20,8.391185354293352e+22
1235137297297.2974,1883.63686795342,266339816.27964753,0,2.9615948309270656e+22,8.391185354293352e+22,2.5183567957476228e+23,9.98198057693693e+19,1.586079822070625e+17,5.540831611583028e+22,3.9646969823178635,1.002775539439519e+20,0.0,0.0,9.976262363963394e+16,0.0,2.5173556062880057e+23,1.0011894596174488e+20,8.391185354293352e+22
1238296216216.2163,1881.2932282295158,266274274.60535595,0,2.9615948309270656e+22,8.391185354293352e+22,2.5183567957476228e+23,9.98198057693693e+19,1.586079822070625e+17,5.540831611583028e+22,3.53737370574518,1.002775539439519e+20,0.0,0.0,9.976262363963394e+16,0.0,2.5173556062880057e+23,1.0011894596174488e+20,8.391185354293352e+22
1241455135135.1353,1878.9495885056115,266208859.62828267,0,2.9615948309270656e+22,8.391185354293352e+22,2.5183567957476228e+23,9.98198057693693e+19,1.586079822070625e+17,5.540831611583028e+22,3.1561082195951227,1.002775539439519e+20,0.0,0.0,9.976262363963394e+16,0.0,2.5173556062880057e+23,1.0011894596174488e+20,8.391185354293352e+22
1244614054054.0542,1876.6059487817072,266143571.6317636,0,2.9615948309270656e+22,8.391185354293352e+22,2.5183567957476228e+23,9.98198057693693e+19,1.586079822070625e+17,5.540831611583028e+22,2.8159363195406337,1.002775539439519e+20,0.0,0.0,9.976262363963394e+16,0.0,2.5173556062880057e+23,1.0011894596174488e+20,8.391185354293352e+22
1247772972972.973,1874.262309057803,266078410.89981896,0,2.9615948309270656e+22,8.391185354293352e+22,2.5183567957476228e+23,9.98198057693693e+19,1.586079822070625e+17,5.540831611583028e+22,2.512428853509109,1.002775539439519e+20,0.0,0.0,9.976262363963394e+16,0.0,2.5173556062880057e+23,1.0011894596174488e+20,8.391185354293352e+22
1250931891891.892,1871.9186693338984,266013377.71716377,0,2.9615948309270656e+22,8.391185354293352e+22,2.5183567957476228e+23,9.98198057693693e+19,1.586079822070625e+17,5.540831611583028e+22,2.2416340526389558,1.002775539439519e+20,0.0,0.0,9.976262363963394e+16,0.0,2.5173556062880057e+23,1.0011894596174488e+20,8.391185354293352e+22
1254090810810.811,1869.575029609994,265948472.36921772,0,2.9615948309270656e+22,8.391185354293352e+22,2.5183567957476228e+23,9.98198057693693e+19,1.586079822070625e+17,5.540831611583028e+22,2.000026077925446,1.002775539439519e+20,0.0,0.0,9.976262363963394e+16,0.0,2.5173556062880057e+23,1.0011894596174488e+20,8.391185354293352e+22
1257249729729.7297,1867.2313898860898,265883695.14211595,0,2.9615948309270656e+22,8.391185354293352e+22,2.5183567957476228e+23,9.98198057693693e+19,1.586079822070625e+17,5.540831611583028e+22,1.7844591126159661,1.002775539439519e+20,0.0,0.0,9.976262363963394e+16,0.0,2.5173556062880057e+23,1.0011894596174488e+20,8.391185354293352e+22
1260408648648.6487,1864.8877501621855,265819046.32271895,0,2.9615948309270656e+22,8.391185354293352e+22,2.5183567957476228e+23,9.98198057693693e+19,1.586079822070625e+17,5.540831611583028e+22,1.5921264026222663,1.002775539439519e+20,0.0,0.0,9.976262363963394e+16,0.0,2.5173556062880057e+23,1.0011894596174488e+20,8.391185354293352e+22
1263567567567.5676,1862.5441104382812,265754526.19862318,0,2.9615948309270656e+22,8.391185354293352e+22,2.5183567957476228e+23,9.98198057693693e+19,1.586079822070625e+17,5.540831611583028e+22,1.4205237116421667,1.002775539439519e+20,0.0,0.0,9.976262363963394e+16,0.0,2.5173556062880057e+23,1.0011894596174488e+20,8.391185354293352e+22
1266726486486.4866,1860.2004707143767,265690135.058171,0,2.9615948309270656e+22,8.391185354293352e+22,2.5183567957476228e+23,9.98198057693693e+19,1.586079822070625e+17,5.540831611583028e+22,1.2674167151641562,1.002775539439519e+20,0.0,0.0,9.976262363963394e+16,0.0,2.5173556062880057e+23,1.0011894596174488e+20,8.391185354293352e+22
1269885405405.4055,1857.8568309904724,265625873.19046155,0,2.9615948309270656e+22,8.391185354293352e+22,2.5183567957476228e+23,9.98198057693693e+19,1.586079822070625e+17,5.540831611583028e+22,1.1308119088139106,1.002775539439519e+20,0.0,0.0,9.976262363963394e+16,0.0,2.5173556062880057e+23,1.0011894596174488e+20,8.391185354293352e+22
1273044324324.3245,1855.5131912665681,265561740.8853605,0,2.9615948309270656e+22,8.391185354293352e+22,2.5183567957476228e+23,9.98198057693693e+19,1.586079822070625e+17,5.540831611583028e+22,1.0089306522596537,1.002775539439519e+20,0.0,0.0,9.976262363963394e+16,0.0,2.5173556062880057e+23,1.0011894596174488e+20,8.391185354293352e+22
1276203243243.2432,1853.1695515426638,265497738.4335108,0,2.9615948309270656e+22,8.391185354293352e+22,2.5183567957476228e+23,9.98198057693693e+19,1.586079822070625e+17,5.540831611583028e+22,0.9001860107193171,1.002775539439519e+20,0.0,0.0,9.976262363963394e+16,0.0,2.5173556062880057e+23,1.0011894596174488e+20,8.391185354293352e+22
1279362162162.162,1850.8259118187596,265433866.1263427,0,2.9615948309270656e+22,8.391185354293352e+22,2.5183567957476228e+23,9.98198057693693e+19,1.586079822070625e+17,5.540831611583028e+22,0.8031620925381645,1.002775539439519e+20,0.0,0.0,9.976262363963394e+16,0.0,2.5173556062880057e+23,1.0011894596174488e+20,8.391185354293352e+22
1282521081081.0813,1848.482272094855,265370124.2560843,0,2.9615948309270656e+22,8.391185354293352e+22,2.5183567957476228e+23,9.98198057693693e+19,1.586079822070625e+17,5.540831611583028e+22,0.7165956138052219,1.002775539439519e+20,0.0,0.0,9.976262363963394e+16,0.0,2.5173556062880057e+23,1.0011894596174488e+20,8.391185354293352e+22
1285680000000.0,1846.1386323709507,265306513.11577165,0,2.9615948309270656e+22,8.391185354293352e+22,2.5183567957476228e+23,9.98198057693693e+19,1.586079822070625e+17,5.540831611583028e+22,0.639359449973645,1.002775539439519e+20,0.0,0.0,9.976262363963394e+16,0.0,2.5173556062880057e+23,1.0011894596174488e+20,8.391185354293352e+22
1288838918918.919,1843.7949926470465,265243032.99925923,0,2.9615948309270656e+22,8.391185354293352e+22,2.5183567957476228e+23,9.98198057693693e+19,1.586079822070625e+17,5.540831611583028e+22,0.5704479603216114,1.002775539439519e+20,0.0,0.0,9.976262363963394e+16,0.0,2.5173556062880057e+23,1.0011894596174488e+20,8.391185354293352e+22
1291997837837.838,1841.4513529231422,265179684.20123008,0,2.9615948309270656e+22,8.391185354293352e+22,2.5183567957476228e+23,9.98198057693693e+19,1.586079822070625e+17,5.540831611583028e+22,0.5089638941733018,1.002775539439519e+20,0.0,0.0,9.976262363963394e+16,0.0,2.5173556062880057e+23,1.0011894596174488e+20,8.391185354293352e+22
1295156756756.7568,1839.1077131992379,265116467.01720637,0,2.9615948309270656e+22,8.391185354293352e+22,2.5183567957476228e+23,9.98198057693693e+19,1.586079822070625e+17,5.540831611583028e+22,0.4541067083945852,1.002775539439519e+20,0.0,0.0,9.976262363963394e+16,0.0,2.5173556062880057e+23,1.0011894596174488e+20,8.391185354293352e+22
1298315675675.6758,1836.7640734753334,265053381.74355936,0,2.9615948309270656e+22,8.391185354293352e+22,2.5183567957476228e+23,9.98198057693693e+19,1.586079822070625e+17,5.540831611583028e+22,0.4051621440532863,1.002775539439519e+20,0.0,0.0,9.976262363963394e+16,0.0,2.5173556062880057e+23,1.0011894596174488e+20,8.391185354293352e+22
1301474594594.5947,1834.420433751429,264990428.67751992,0,2.9615948309270656e+22,8.391185354293352e+22,2.5183567957476228e+23,9.98198057693693e+19,1.586079822070625e+17,5.540831611583028e+22,0.36149292652866116,1.002775539439519e+20,0.0,0.0,9.976262363963394e+16,0.0,2.5173556062880057e+23,1.0011894596174488e+20,8.391185354293352e+22
1304633513513.5137,1832.0767940275248,264927608.1171886,0,2.9615948309270656e+22,8.391185354293352e+22,2.5183567957476228e+23,9.98198057693693e+19,1.586079822070625e+17,5.540831611583028e+22,0.3225304679823926,1.002775539439519e+20,0.0,0.0,9.976262363963394e+16,0.0,2.5173556062880057e+23,1.0011894596174488e+20,8.391185354293352e+22
1307792432432.4324,1829.7331543036205,264864920.361546,0,2.9615948309270656e+22,8.391185354293352e+22,2.5183567957476228e+23,9.98198057693693e+19,1.586079822070625e+17,5.540831611583028e+22,0.2877674641544983,1.002775539439519e+20,0.0,0.0,9.976262363963394e+16,0.0,2.5173556062880057e+23,1.0011894596174488e+20,8.391185354293352e+22
1310951351351.3513,1827.3895145797162,264802365.710463,0,2.9615948309270656e+22,8.391185354293352e+22,2.5183567957476228e+23,9.98198057693693e+19,1.586079822070625e+17,5.540831611583028e+22,0.2567512890919538,1.002775539439519e+20,0.0,0.0,9.976262363963394e+16,0.0,2.5173556062880057e+23,1.0011894596174488e+20,8.391185354293352e+22
1314110270270.2705,1825.0458748558117,264739944.46471077,0,2.9615948309270656e+22,8.391185354293352e+22,2.5183567957476228e+23,9.98198057693693e+19,1.586079822070625e+17,5.540831611583028e+22,0.22907810180718652,1.002775539439519e+20,0.0,0.0,9.976262363963394e+16,0.0,2.5173556062880057e+23,1.0011894596174488e+20,8.391185354293352e+22
1317269189189.1892,1822.7022351319074,264677656.9259712,0,2.9615948309270656e+22,8.391185354293352e+22,2.5183567957476228e+23,9.98198057693693e+19,1.586079822070625e+17,5.540831611583028e+22,0.20438758813315827,1.002775539439519e+20,0.0,0.0,9.976262363963394e+16,0.0,2.5173556062880057e+23,1.0011894596174488e+20,8.391185354293352e+22
1320428108108.1082,1820.358595408003,264615503.39684713,0,2.9615948309270656e+22,8.391185354293352e+22,2.5183567957476228e+23,9.98198057693693e+19,1.586079822070625e+17,5.540831611583028e+22,0.1823582693122308,1.002775539439519e+20,0.0,0.0,9.976262363963394e+16,0.0,2.5173556062880057e+23,1.0011894596174488e+20,8.391185354293352e+22
1323587027027.027,1818.0149556840988,264553484.18087196,0,2.9615948309270656e+22,8.391185354293352e+22,2.5183567957476228e+23,9.98198057693693e+19,1.586079822070625e+17,5.540831611583028e+22,0.16270331623506804,1.002775539439519e+20,0.0,0.0,9.976262363963394e+16,0.0,2.5173556062880057e+23,1.0011894596174488e+20,8.391185354293352e+22
1326745945945.946,1815.6713159601945,264491599.58252054,0,2.9615948309270656e+22,8.391185354293352e+22,2.5183567957476228e+23,9.98198057693693e+19,1.586079822070625e+17,5.540831611583028e+22,0.14516681482956503,1.002775539439519e+20,0.0,0.0,9.976262363963394e+16,0.0,2.5173556062880057e+23,1.0011894596174488e+20,8.391185354293352e+22
1329904864864.865,1813.32767623629,264429849.90721855,0,2.9615948309270656e+22,8.391185354293352e+22,2.5183567957476228e+23,9.98198057693693e+19,1.586079822070625e+17,5.540831611583028e+22,0.12952043397391547,1.002775539439519e+20,0.0,0.0,9.976262363963394e+16,0.0,2.5173556062880057e+23,1.0011894596174488e+20,8.391185354293352e+22
1333063783783.784,1810.9840365123857,264368235.461353,0,2.9615948309270656e+22,8.391185354293352e+22,2.5183567957476228e+23,9.98198057693693e+19,1.586079822070625e+17,5.540831611583028e+22,0.11556045254893096,1.002775539439519e+20,0.0,0.0,9.976262363963394e+16,0.0,2.5173556062880057e+23,1.0011894596174488e+20,8.391185354293352e+22
1336222702702.703,1808.6403967884814,264306756.55228204,0,2.9615948309270656e+22,8.391185354293352e+22,2.5183567957476228e+23,9.98198057693693e+19,1.586079822070625e+17,5.540831611583028e+22,0.1031051069208367,1.002775539439519e+20,0.0,0.0,9.976262363963394e+16,0.0,2.5173556062880057e+23,1.0011894596174488e+20,8.391185354293352e+22
1339381621621.6216,1806.2967570645772,264245413.4883451,0,2.9615948309270656e+22,8.391185354293352e+22,2.5183567957476228e+23,9.98198057693693e+19,1.586079822070625e+17,5.540831611583028e+22,0.09199222431788158,1.002775539439519e+20,0.0,0.0,9.976262363963394e+16,0.0,2.5173556062880057e+23,1.0011894596174488e+20,8.391185354293352e+22
1342540540540.5405,1803.9531173406729,264184206.57887265,0,2.9615948309270656e+22,8.391185354293352e+22,2.5183567957476228e+23,9.98198057693693e+19,1.586079822070625e+17,5.540831611583028e+22,0.08207711128653344,1.002775539439519e+20,0.0,0.0,9.976262363963394e+16,0.0,2.5173556062880057e+23,1.0011894596174488e+20,8.391185354293352e+22
1345699459459.4597,1801.6094776167683,264123136.13419634,0,2.9615948309270656e+22,8.391185354293352e+22,2.5183567957476228e+23,9.98198057693693e+19,1.586079822070625e+17,5.540831611583028e+22,0.07323066973425182,1.002775539439519e+20,0.0,0.0,9.976262363963394e+16,0.0,2.5173556062880057e+23,1.0011894596174488e+20,8.391185354293352e+22
1348858378378.3784,1799.265837892864,264062202.46565858,0,2.9615948309270656e+22,8.391185354293352e+22,2.5183567957476228e+23,9.98198057693693e+19,1.586079822070625e+17,5.540831611583028e+22,0.06533771602908424,1.002775539439519e+20,0.0,0.0,9.976262363963394e+16,0.0,2.5173556062880057e+23,1.0011894596174488e+20,8.391185354293352e+22
1352017297297.2974,1796.9221981689598,264001405.88562262,0,2.9615948309270656e+22,8.391185354293352e+22,2.5183567957476228e+23,9.98198057693693e+19,1.586079822070625e+17,5.540831611583028e+22,0.058295481270199616,1.002775539439519e+20,0.0,0.0,9.976262363963394e+16,0.0,2.5173556062880057e+23,1.0011894596174488e+20,8.391185354293352e+22
1355176216216.2163,1794.5785584450555,263940746.70748225,0,2.9615948309270656e+22,8.391185354293352e+22,2.5183567957476228e+23,9.98198057693693e+19,1.586079822070625e+17,5.540831611583028e+22,0.05201227320237911,1.002775539439519e+20,0.0,0.0,9.976262363963394e+16,0.0,2.5173556062880057e+23,1.0011894596174488e+20,8.391185354293352e+22
1358335135135.1353,1792.234918721151,263880225.24567154,0,2.9615948309270656e+22,8.391185354293352e+22,2.5183567957476228e+23,9.98198057693693e+19,1.586079822070625e+17,5.540831611583028e+22,0.04640628235214261,1.002775539439519e+20,0.0,0.0,9.976262363963394e+16,0.0,2.5173556062880057e+23,1.0011894596174488e+20,8.391185354293352e+22
1361494054054.0542,1789.8912789972467,263819841.81567442,0,2.9615948309270656e+22,8.391185354293352e+22,2.5183567957476228e+23,9.98198057693693e+19,1.586079822070625e+17,5.540831611583028e+22,0.041404516841003526,1.002775539439519e+20,0.0,0.0,9.976262363963394e+16,0.0,2.5173556062880057e+23,1.0011894596174488e+20,8.391185354293352e+22
1364652972972.9731,1787.5476392733424,263759596.73403445,0,2.9615948309270656e+22,8.391185354293352e+22,2.5183567957476228e+23,9.98198057693693e+19,1.586079822070625e+17,5.540831611583028e+22,0.03694185200676375,1.002775539439519e+20,0.0,0.0,9.976262363963394e+16,0.0,2.5173556062880057e+23,1.0011894596174488e+20,8.391185354293352e+22
1367811891891.8918,1785.203999549438,263699490.31836408,0,2.9615948309270656e+22,8.391185354293352e+22,2.5183567957476228e+23,9.98198057693693e+19,1.586079822070625e+17,5.540831611583028e+22,0.03296018245859958,1.002775539439519e+20,0.0,0.0,9.976262363963394e+16,0.0,2.5173556062880057e+23,1.0011894596174488e+20,8.391185354293352e+22
1370970810810.8108,1782.8603598255338,263639522.88735476,0,2.9615948309270656e+22,8.391185354293352e+22,2.5183567957476228e+23,9.98198057693693e+19,1.586079822070625e+17,5.540831611583028e+22,0.02940766552541191,1.002775539439519e+20,0.0,0.0,9.976262363963394e+16,0.0,2.5173556062880057e+23,1.0011894596174488e+20,8.391185354293352e+22
1374129729729.73,1780.5167201016293,263579694.76078567,0,2.9615948309270656e+22,8.391185354293352e+22,2.5183567957476228e+23,9.98198057693693e+19,1.586079822070625e+17,5.540831611583028e+22,0.0262380462468849,1.002775539439519e+20,0.0,0.0,9.976262363963394e+16,0.0,2.5173556062880057e+23,1.0011894596174488e+20,8.391185354293352e+22
1377288648648.649,1778.173080377725,263520006.25953358,0,2.9615948309270656e+22,8.391185354293352e+22,2.5183567957476228e+23,9.98198057693693e+19,1.586079822070625e+17,5.540831611583028e+22,0.02341005511841042,1.002775539439519e+20,0.0,0.0,9.976262363963394e+16,0.0,2.5173556062880057e+23,1.0011894596174488e+20,8.391185354293352e+22
1380447567567.5676,1775.8294406538207,263460457.705582,0,2.9615948309270656e+22,8.391185354293352e+22,2.5183567957476228e+23,9.98198057693693e+19,1.586079822070625e+17,5.540831611583028e+22,0.020886870748315668,1.002775539439519e+20,0.0,0.0,9.976262363963394e+16,0.0,2.5173556062880057e+23,1.0011894596174488e+20,8.391185354293352e+22
1383606486486.4866,1773.4858009299164,263401049.42203027,0,2.9615948309270656e+22,8.391185354293352e+22,2.5183567957476228e+23,9.98198057693693e+19,1.586079822070625e+17,5.540831611583028e+22,0.01863564043101098,1.002775539439519e+20,0.0,0.0,9.976262363963394e+16,0.0,2.5173556062880057e+23,1.0011894596174488e+20,8.391185354293352e+22
1386765405405.4055,1771.1421612060121,263341781.733103,0,2.9615948309270656e+22,8.391185354293352e+22,2.5183567957476228e+23,9.98198057693693e+19,1.586079822070625e+17,5.540831611583028e+22,0.01662705239375968,1.002775539439519e+20,0.0,0.0,9.976262363963394e+16,0.0,2.5173556062880057e+23,1.0011894596174488e+20,8.391185354293352e+22
1389924324324.3245,1768.7985214821076,263282654.96415892,0,2.9615948309270656e+22,8.391185354293352e+22,2.5183567957476228e+23,9.98198057693693e+19,1.586079822070625e+17,5.540831611583028e+22,0.01483495414757966,1.002775539439519e+20,0.0,0.0,9.976262363963394e+16,0.0,2.5173556062880057e+23,1.0011894596174488e+20,8.391185354293352e+22
1393083243243.2434,1766.4548817582033,263223669.44169998,0,2.9615948309270656e+22,8.391185354293352e+22,2.5183567957476228e+23,9.98198057693693e+19,1.586079822070625e+17,5.540831611583028e+22,0.013236011973077553,1.002775539439519e+20,0.0,0.0,9.976262363963394e+16,0.0,2.5173556062880057e+23,1.0011894596174488e+20,8.391185354293352e+22
1396242162162.1624,1764.111242034299,263164825.49338025,0,2.9615948309270656e+22,8.391185354293352e+22,2.5183567957476228e+23,9.98198057693693e+19,1.586079822070625e+17,5.540831611583028e+22,0.011809407107607079,1.002775539439519e+20,0.0,0.0,9.976262363963394e+16,0.0,2.5173556062880057e+23,1.0011894596174488e+20,8.391185354293352e+22
1399401081081.081,1761.7676023103948,263106123.44801465,0,2.9615948309270656e+22,8.391185354293352e+22,2.5183567957476228e+23,9.98198057693693e+19,1.586079822070625e+17,5.540831611583028e+22,0.01053656467800654,1.002775539439519e+20,0.0,0.0,9.976262363963394e+16,0.0,2.5173556062880057e+23,1.0011894596174488e+20,8.391185354293352e+22
1402560000000.0,1759.4239625864905,263047563.63558775,0,2.9615948309270656e+22,8.391185354293352e+22,2.5183567957476228e+23,9.98198057693693e+19,1.586079822070625e+17,5.540831611583028e+22,0.009400911849528973,1.002775539439519e+20,0.0,0.0,9.976262363963394e+16,0.0,2.5173556062880057e+23,1.0011894596174488e+20,8.391185354293352e+22
1405718918918.9192,1757.080322862586,262989146.38726246,0,2.9615948309270656e+22,8.391185354293352e+22,2.5183567957476228e+23,9.98198057693693e+19,1.586079822070625e+17,5.540831611583028e+22,0.008387662041982998,1.002775539439519e+20,0.0,0.0,9.976262363963394e+16,0.0,2.5173556062880057e+23,1.0011894596174488e+20,8.391185354293352e+22
1408877837837.838,1754.7366831386817,262930872.0353883,0,2.9615948309270656e+22,8.391185354293352e+22,2.5183567957476228e+23,9.98198057693693e+19,1.586079822070625e+17,5.540831611583028e+22,0.007483622403506249,1.002775539439519e+20,0.0,0.0,9.976262363963394e+16,0.0,2.5173556062880057e+23,1.0011894596174488e+20,8.391185354293352e+22
1412036756756.7568,1752.3930434147774,262872740.91351023,0,2.9615948309270656e+22,8.391185354293352e+22,2.5183567957476228e+23,9.98198057693693e+19,1.586079822070625e+17,5.540831611583028e+22,0.006677022035215444,1.002775539439519e+20,0.0,0.0,9.976262363963394e+16,0.0,2.5173556062880057e+23,1.0011894596174488e+20,8.391185354293352e+22
1415195675675.6758,1750.049403690873,262814753.35637656,0,2.9615948309270656e+22,8.391185354293352e+22,2.5183567957476228e+23,9.98198057693693e+19,1.586079822070625e+17,5.540831611583028e+22,0.005957358730160491,1.002775539439519e+20,0.0,0.0,9.976262363963394e+16,0.0,2.5173556062880057e+23,1.0011894596174488e+20,8.391185354293352e+22
1418354594594.5947,1747.7057639669688,262756909.69994742,0,2.9615948309270656e+22,8.391185354293352e+22,2.5183567957476228e+23,9.98198057693693e+19,1.586079822070625e+17,5.540831611583028e+22,0.00531526223107249,1.002775539439519e+20,0.0,0.0,9.976262363963394e+16,0.0,2.5173556062880057e+23,1.0011894596174488e+20,8.391185354293352e+22
1421513513513.5137,1745.3621242430643,262699210.28140253,0,2.9615948309270656e+22,8.391185354293352e+22,2.5183567957476228e+23,9.98198057693693e+19,1.586079822070625e+17,5.540831611583028e+22,0.004742372226475708,1.002775539439519e+20,0.0,0.0,9.976262363963394e+16,0.0,2.5173556062880057e+23,1.0011894596174488e+20,8.391185354293352e+22
1424672432432.4326,1743.01848451916,262641655.4391497,0,2.9615948309270656e+22,8.391185354293352e+22,2.5183567957476228e+23,9.98198057693693e+19,1.586079822070625e+17,5.540831611583028e+22,0.004231229496632043,1.002775539439519e+20,0.0,0.0,9.976262363963394e+16,0.0,2.5173556062880057e+23,1.0011894596174488e+20,8.391185354293352e+22
1427831351351.3516,1740.6748447952557,262584245.512832,0,2.9615948309270656e+22,8.391185354293352e+22,2.5183567957476228e+23,9.98198057693693e+19,1.586079822070625e+17,5.540831611583028e+22,0.0037751787920017165,1.002775539439519e+20,0.0,0.0,9.976262363963394e+16,0.0,2.5173556062880057e+23,1.0011894596174488e+20,8.391185354293352e+22
1430990270270.2703,1738.3312050713514,262526980.84333593,0,2.9615948309270656e+22,8.391185354293352e+22,2.5183567957476228e+23,9.98198057693693e+19,1.586079822070625e+17,5.540831611583028e+22,0.003368282179665218,1.002775539439519e+20,0.0,0.0,9.976262363963394e+16,0.0,2.5173556062880057e+23,1.0011894596174488e+20,8.391185354293352e+22
1434149189189.1892,1735.9875653474471,262469861.77279887,0,2.9615948309270656e+22,8.391185354293352e+22,2.5183567957476228e+23,9.98198057693693e+19,1.586079822070625e+17,5.540831611583028e+22,0.0030052417294478993,1.002775539439519e+20,0.0,0.0,9.976262363963394e+16,0.0,2.5173556062880057e+23,1.0011894596174488e+20,8.391185354293352e+22
1437308108108.1084,1733.6439256235426,262412888.64461634,0,2.9615948309270656e+22,8.391185354293352e+22,2.5183567957476228e+23,9.98198057693693e+19,1.586079822070625e+17,5.540831611583028e+22,0.0026813305330946656,1.002775539439519e+20,0.0,0.0,9.976262363963394e+16,0.0,2.5173556062880057e+23,1.0011894596174488e+20,8.391185354293352e+22
1440467027027.027,1731.3002858996383,262356061.8034495,0,2.9615948309270656e+22,8.391185354293352e+22,2.5183567957476228e+23,9.98198057693693e+19,1.586079822070625e+17,5.540831611583028e+22,0.0023923311583413064,1.002775539439519e+20,0.0,0.0,9.976262363963394e+16,0.0,2.5173556062880057e+23,1.0011894596174488e+20,8.391185354293352e+22
1443625945945.946,1728.956646175734,262299381.5952322,0,2.9615948309270656e+22,8.391185354293352e+22,2.5183567957476228e+23,9.98198057693693e+19,1.586079822070625e+17,5.540831611583028e+22,0.00213448073653387,1.002775539439519e+20,0.0,0.0,9.976262363963394e+16,0.0,2.5173556062880057e+23,1.0011894596174488e+20,8.391185354293352e+22
1446784864864.865,1726.6130064518297,262242848.36717784,0,2.9615948309270656e+22,8.391185354293352e+22,2.5183567957476228e+23,9.98198057693693e+19,1.586079822070625e+17,5.540831611583028e+22,0.0019044219688184915,1.002775539439519e+20,0.0,0.0,9.976262363963394e+16,0.0,2.5173556062880057e+23,1.0011894596174488e+20,8.391185354293352e+22
1449943783783.7837,1724.2693667279254,262186462.46778637,0,2.9615948309270656e+22,8.391185354293352e+22,2.5183567957476228e+23,9.98198057693693e+19,1.586079822070625e+17,5.540831611583028e+22,0.001699159412985852,1.002775539439519e+20,0.0,0.0,9.976262363963394e+16,0.0,2.5173556062880057e+23,1.0011894596174488e+20,8.391185354293352e+22
1453102702702.703,1721.925727004021,262130224.24685073,0,2.9615948309270656e+22,8.391185354293352e+22,2.5183567957476228e+23,9.98198057693693e+19,1.586079822070625e+17,5.540831611583028e+22,0.0015160204818103497,1.002775539439519e+20,0.0,0.0,9.976262363963394e+16,0.0,2.5173556062880057e+23,1.0011894596174488e+20,8.391185354293352e+22
1456261621621.6218,1719.5820872801166,262074134.05546352,0,2.9615948309270656e+22,8.391185354293352e+22,2.5183567957476228e+23,9.98198057693693e+19,1.586079822070625e+17,5.540831611583028e+22,0.0013526206450692937,1.002775539439519e+20,0.0,0.0,9.976262363963394e+16,0.0,2.5173556062880057e+23,1.0011894596174488e+20,8.391185354293352e+22
1459420540540.5408,1717.2384475562123,262018192.2460232,0,2.9615948309270656e+22,8.391185354293352e+22,2.5183567957476228e+23,9.98198057693693e+19,1.586079822070625e+17,5.540831611583028e+22,0.0012068323821607498,1.002775539439519e+20,0.0,0.0,9.976262363963394e+16,0.0,2.5173556062880057e+23,1.0011894596174488e+20,8.391185354293352e+22
1462579459459.4595,1714.894807832308,261962399.17224014,0,2.9615948309270656e+22,8.391185354293352e+22,2.5183567957476228e+23,9.98198057693693e+19,1.586079822070625e+17,5.540831611583028e+22,0.0010767574810727346,1.002775539439519e+20,0.0,0.0,9.976262363963394e+16,0.0,2.5173556062880057e+23,1.0011894596174488e+20,8.391185354293352e+22
1465738378378.3784,1712.5511681084038,261906755.1891425,0,2.9615948309270656e+22,8.391185354293352e+22,2.5183567957476228e+23,9.98198057693693e+19,1.586079822070625e+17,5.540831611583028e+22,0.0009607023230270496,1.002775539439519e+20,0.0,0.0,9.976262363963394e+16,0.0,2.5173556062880057e+23,1.0011894596174488e+20,8.391185354293352e+22
1468897297297.2976,1710.2075283844993,261851260.65308225,0,2.9615948309270656e+22,8.391185354293352e+22,2.5183567957476228e+23,9.98198057693693e+19,1.586079822070625e+17,5.540831611583028e+22,0.0008571558309955448,1.002775539439519e+20,0.0,0.0,9.976262363963394e+16,0.0,2.5173556062880057e+23,1.0011894596174488e+20,8.391185354293352e+22
1472056216216.2163,1707.863888660595,261795915.9217404,0,2.9615948309270656e+22,8.391185354293352e+22,2.5183567957476228e+23,9.98198057693693e+19,1.586079822070625e+17,5.540831611583028e+22,0.0007647697949711071,1.002775539439519e+20,0.0,0.0,9.976262363963394e+16,0.0,2.5173556062880057e+23,1.0011894596174488e+20,8.391185354293352e+22
1475215135135.1353,1705.5202489366907,261740721.35413235,0,2.9615948309270656e+22,8.391185354293352e+22,2.5183567957476228e+23,9.98198057693693e+19,1.586079822070625e+17,5.540831611583028e+22,0.0006823413178218106,1.002775539439519e+20,0.0,0.0,9.976262363963394e+16,0.0,2.5173556062880057e+23,1.0011894596174488e+20,8.391185354293352e+22
1478374054054.0542,1703.1766092127864,261685677.3106132,0,2.9615948309270656e+22,8.391185354293352e+22,2.5183567957476228e+23,9.98198057693693e+19,1.586079822070625e+17,5.540831611583028e+22,0.0006087971531673725,1.002775539439519e+20,0.0,0.0,9.976262363963394e+16,0.0,2.5173556062880057e+23,1.0011894596174488e+20,8.391185354293352e+22
1481532972972.973,1700.832969488882,261630784.15288216,0,2.9615948309270656e+22,8.391185354293352e+22,2.5183567957476228e+23,9.98198057693693e+19,1.586079822070625e+17,5.540831611583028e+22,0.0005431797313518189,1.002775539439519e+20,0.0,0.0,9.976262363963394e+16,0.0,2.5173556062880057e+23,1.0011894596174488e+20,8.391185354293352e+22
1484691891891.892,1698.4893297649776,261576042.2439878,0,2.9615948309270656e+22,8.391185354293352e+22,2.5183567957476228e+23,9.98198057693693e+19,1.586079822070625e+17,5.540831611583028e+22,0.0004846346915658452,1.002775539439519e+20,0.0,0.0,9.976262363963394e+16,0.0,2.5173556062880057e+23,1.0011894596174488e+20,8.391185354293352e+22
1487850810810.811,1696.1456900410733,261521451.94833198,0,2.9615948309270656e+22,8.391185354293352e+22,2.5183567957476228e+23,9.98198057693693e+19,1.586079822070625e+17,5.540831611583028e+22,0.0004323997577829271,1.002775539439519e+20,0.0,0.0,9.976262363963394e+16,0.0,2.5173556062880057e+23,1.0011894596174488e+20,8.391185354293352e+22
1491009729729.7297,1693.802050317169,261467013.63167423,0,2.9615948309270656e+22,8.391185354293352e+22,2.5183567957476228e+23,9.98198057693693e+19,1.586079822070625e+17,5.540831611583028e+22,0.0003857948136701462,1.002775539439519e+20,0.0,0.0,9.976262363963394e+16,0.0,2.5173556062880057e+23,1.0011894596174488e+20,8.391185354293352e+22
1494168648648.6487,1691.4584105932647,261412727.66113555,0,2.9615948309270656e+22,8.391185354293352e+22,2.5183567957476228e+23,9.98198057693693e+19,1.586079822070625e+17,5.540831611583028e+22,0.00034421304724574373,1.002775539439519e+20,0.0,0.0,9.976262363963394e+16,0.0,2.5173556062880057e+23,1.0011894596174488e+20,8.391185354293352e+22
1497327567567.5676,1689.1147708693604,261358594.40520236,0,2.9615948309270656e+22,8.391185354293352e+22,2.5183567957476228e+23,9.98198057693693e+19,1.586079822070625e+17,5.540831611583028e+22,0.00030711304998387823,1.002775539439519e+20,0.0,0.0,9.976262363963394e+16,0.0,2.5173556062880057e+23,1.0011894596174488e+20,8.391185354293352e+22
1500486486486.4866,1686.771131145456,261304614.23372942,0,2.9615948309270656e+22,8.391185354293352e+22,2.5183567957476228e+23,9.98198057693693e+19,1.586079822070625e+17,5.540831611583028e+22,0.0002740117674942851,1.002775539439519e+20,0.0,0.0,9.976262363963394e+16,0.0,2.5173556062880057e+23,1.0011894596174488e+20,8.391185354293352e+22
1503645405405.4055,1684.4274914215516,261250787.51794332,0,2.9615948309270656e+22,8.391185354293352e+22,2.5183567957476228e+23,9.98198057693693e+19,1.586079822070625e+17,5.540831611583028e+22,0.0002444782099923255,1.002775539439519e+20,0.0,0.0,9.976262363963394e+16,0.0,2.5173556062880057e+23,1.0011894596174488e+20,8.391185354293352e+22
1506804324324.3245,1682.0838516976473,261197114.63044515,0,2.9615948309270656e+22,8.391185354293352e+22,2.5183567957476228e+23,9.98198057693693e+19,1.586079822070625e+17,5.540831611583028e+22,0.0002181278406676392,1.002775539439519e+20,0.0,0.0,9.976262363963394e+16,0.0,2.5173556062880057e+23,1.0011894596174488e+20,8.391185354293352e+22
1509963243243.2434,1679.740211973743,261143595.94521308,0,2.9615948309270656e+22,8.391185354293352e+22,2.5183567957476228e+23,9.98198057693693e+19,1.586079822070625e+17,5.540831611583028e+22,0.00019461756888608018,1.002775539439519e+20,0.0,0.0,9.976262363963394e+16,0.0,2.5173556062880057e+23,1.0011894596174488e+20,8.391185354293352e+22
1513122162162.162,1677.3965722498388,261090231.8376046,0,2.9615948309270656e+22,8.391185354293352e+22,2.5183567957476228e+23,9.98198057693693e+19,1.586079822070625e+17,5.540831611583028e+22,0.00017364128303474897,1.002775539439519e+20,0.0,0.0,9.976262363963394e+16,0.0,2.5173556062880057e+23,1.0011894596174488e+20,8.391185354293352e+22
1516281081081.0813,1675.0529325259342,261037022.68435845,0,2.9615948309270656e+22,8.391185354293352e+22,2.5183567957476228e+23,9.98198057693693e+19,1.586079822070625e+17,5.540831611583028e+22,0.00015492586484626642,1.002775539439519e+20,0.0,0.0,9.976262363963394e+16,0.0,2.5173556062880057e+23,1.0011894596174488e+20,8.391185354293352e+22
1519440000000.0002,1672.70929280203,260983968.86359623,0,2.9615948309270656e+22,8.391185354293352e+22,2.5183567957476228e+23,9.98198057693693e+19,1.586079822070625e+17,5.540831611583028e+22,0.00013822763330745684,1.002775539439519e+20,0.0,0.0,9.976262363963394e+16,0.0,2.5173556062880057e+23,1.0011894596174488e+20,8.391185354293352e+22
1522598918918.919,1670.3656530781257,260931070.7548238,0,2.9615948309270656e+22,8.391185354293352e+22,2.5183567957476228e+23,9.98198057693693e+19,1.586079822070625e+17,5.540831611583028e+22,0.00012332917185094036,1.002775539439519e+20,0.0,0.0,9.976262363963394e+16,0.0,2.5173556062880057e+23,1.0011894596174488e+20,8.391185354293352e+22
1525757837837.838,1668.0220133542214,260878328.73893198,0,2.9615948309270656e+22,8.391185354293352e+22,2.5183567957476228e+23,9.98198057693693e+19,1.586079822070625e+17,5.540831611583028e+22,0.00011003649751860619,1.002775539439519e+20,0.0,0.0,9.976262363963394e+16,0.0,2.5173556062880057e+23,1.0011894596174488e+20,8.391185354293352e+22
1528916756756.7568,1665.678373630317,260825743.19819742,0,2.9615948309270656e+22,8.391185354293352e+22,2.5183567957476228e+23,9.98198057693693e+19,1.586079822070625e+17,5.540831611583028e+22,9.817653523852722e-05,1.002775539439519e+20,0.0,0.0,9.976262363963394e+16,0.0,2.5173556062880057e+23,1.0011894596174488e+20,8.391185354293352e+22
1532075675675.6758,1663.3347339064126,260773314.51628274,0,2.9615948309270656e+22,8.391185354293352e+22,2.5183567957476228e+23,9.98198057693693e+19,1.586079822070625e+17,5.540831611583028e+22,8.759486432955548e-05,1.002775539439519e+20,0.0,0.0,9.976262363963394e+16,0.0,2.5173556062880057e+23,1.0011894596174488e+20,8.391185354293352e+22
1535234594594.5947,1660.9910941825083,260721043.07823637,0,2.9615948309270656e+22,8.391185354293352e+22,2.5183567957476228e+23,9.98198057693693e+19,1.586079822070625e+17,5.540831611583028e+22,7.815370789233338e-05,1.002775539439519e+20,0.0,0.0,9.976262363963394e+16,0.0,2.5173556062880057e+23,1.0011894596174488e+20,8.391185354293352e+22
1538393513513.5137,1658.647454458604,260668929.2704923,0,2.9615948309270656e+22,8.391185354293352e+22,2.5183567957476228e+23,9.98198057693693e+19,1.586079822070625e+17,5.540831611583028e+22,6.973013890791844e-05,1.002775539439519e+20,0.0,0.0,9.976262363963394e+16,0.0,2.5173556062880057e+23,1.0011894596174488e+20,8.391185354293352e+22
1541552432432.4326,1656.3038147346997,260616973.4808688,0,2.9615948309270656e+22,8.391185354293352e+22,2.5183567957476228e+23,9.98198057693693e+19,1.586079822070625e+17,5.540831611583028e+22,6.221447968682463e-05,1.002775539439519e+20,0.0,0.0,9.976262363963394e+16,0.0,2.5173556062880057e+23,1.0011894596174488e+20,8.391185354293352e+22
1544711351351.3513,1653.9601750107954,260565176.09856755,0,2.9615948309270656e+22,8.391185354293352e+22,2.5183567957476228e+23,9.98198057693693e+19,1.586079822070625e+17,5.540831611583028e+22,5.550887382877091e-05,1.002775539439519e+20,0.0,0.0,9.976262363963394e+16,0.0,2.5173556062880057e+23,1.0011894596174488e+20,8.391185354293352e+22
1547870270270.2705,1651.616535286891,260513537.51417172,0,2.9615948309270656e+22,8.391185354293352e+22,2.5183567957476228e+23,9.98198057693693e+19,1.586079822070625e+17,5.540831611583028e+22,4.9526012099574496e-05,1.002775539439519e+20,0.0,0.0,9.976262363963394e+16,0.0,2.5173556062880057e+23,1.0011894596174488e+20,8.391185354293352e+22
1551029189189.1895,1649.2728955629866,260462058.1196441,0,2.9615948309270656e+22,8.391185354293352e+22,2.5183567957476228e+23,9.98198057693693e+19,1.586079822070625e+17,5.540831611583028e+22,4.418799563567925e-05,1.002775539439519e+20,0.0,0.0,9.976262363963394e+16,0.0,2.5173556062880057e+23,1.0011894596174488e+20,8.391185354293352e+22
1554188108108.1082,1646.9292558390823,260410738.3083243,0,2.9615948309270656e+22,8.391185354293352e+22,2.5183567957476228e+23,9.98198057693693e+19,1.586079822070625e+17,5.540831611583028e+22,3.942532167486153e-05,1.002775539439519e+20,0.0,0.0,9.976262363963394e+16,0.0,2.5173556062880057e+23,1.0011894596174488e+20,8.391185354293352e+22
1557347027027.027,1644.585616115178,260359578.4749259,0,2.9615948309270656e+22,8.391185354293352e+22,2.5183567957476228e+23,9.98198057693693e+19,1.586079822070625e+17,5.540831611583028e+22,3.5175978606987405e-05,1.002775539439519e+20,0.0,0.0,9.976262363963394e+16,0.0,2.5173556062880057e+23,1.0011894596174488e+20,8.391185354293352e+22
1560505945945.946,1642.2419763912737,260308579.01553324,0,2.9615948309270656e+22,8.391185354293352e+22,2.5183567957476228e+23,9.98198057693693e+19,1.586079822070625e+17,5.540831611583028e+22,3.138463856207919e-05,1.002775539439519e+20,0.0,0.0,9.976262363963394e+16,0.0,2.5173556062880057e+23,1.0011894596174488e+20,8.391185354293352e+22
1563664864864.865,1639.8983366673692,260257740.32759708,0,2.9615948309270656e+22,8.391185354293352e+22,2.5183567957476228e+23,9.98198057693693e+19,1.586079822070625e+17,5.540831611583028e+22,2.8001937022917315e-05,1.002775539439519e+20,0.0,0.0,9.976262363963394e+16,0.0,2.5173556062880057e+23,1.0011894596174488e+20,8.391185354293352e+22
1566823783783.784,1637.554696943465,260207062.80993068,0,2.9615948309270656e+22,8.391185354293352e+22,2.5183567957476228e+23,9.98198057693693e+19,1.586079822070625e+17,5.540831611583028e+22,2.4983830082492476e-05,1.002775539439519e+20,0.0,0.0,9.976262363963394e+16,0.0,2.5173556062880057e+23,1.0011894596174488e+20,8.391185354293352e+22
1569982702702.703,1635.2110572195606,260156546.86270472,0,2.9615948309270656e+22,8.391185354293352e+22,2.5183567957476228e+23,9.98198057693693e+19,1.586079822070625e+17,5.540831611583028e+22,2.2291020977584714e-05,1.002775539439519e+20,0.0,0.0,9.976262363963394e+16,0.0,2.5173556062880057e+23,1.0011894596174488e+20,8.391185354293352e+22
1573141621621.6216,1632.8674174956564,260106192.88744187,0,2.9615948309270656e+22,8.391185354293352e+22,2.5183567957476228e+23,9.98198057693693e+19,1.586079822070625e+17,5.540831611583028e+22,1.9888448431744632e-05,1.002775539439519e+20,0.0,0.0,9.976262363963394e+16,0.0,2.5173556062880057e+23,1.0011894596174488e+20,8.391185354293352e+22
1576300540540.5405,1630.523777771752,260056001.2870112,0,2.9615948309270656e+22,8.391185354293352e+22,2.5183567957476228e+23,9.98198057693693e+19,1.586079822070625e+17,5.540831611583028e+22,1.7744830145730916e-05,1.002775539439519e+20,0.0,0.0,9.976262363963394e+16,0.0,2.5173556062880057e+23,1.0011894596174488e+20,8.391185354293352e+22
1579459459459.4597,1628.1801380478475,260005972.46562147,0,2.9615948309270656e+22,8.391185354293352e+22,2.5183567957476228e+23,9.98198057693693e+19,1.586079822070625e+17,5.540831611583028e+22,1.5832255491496842e-05,1.002775539439519e+20,0.0,0.0,9.976262363963394e+16,0.0,2.5173556062880057e+23,1.0011894596174488e+20,8.391185354293352e+22
1582618378378.3784,1625.8364983239433,259956106.82881418,0,2.9615948309270656e+22,8.391185354293352e+22,2.5183567957476228e+23,9.98198057693693e+19,1.586079822070625e+17,5.540831611583028e+22,1.4125822106464977e-05,1.002775539439519e+20,0.0,0.0,9.976262363963394e+16,0.0,2.5173556062880057e+23,1.0011894596174488e+20,8.391185354293352e+22
1585777297297.2974,1623.492858600039,259906404.7834564,0,2.9615948309270656e+22,8.391185354293352e+22,2.5183567957476228e+23,9.98198057693693e+19,1.586079822070625e+17,5.540831611583028e+22,1.260331165642587e-05,1.002775539439519e+20,0.0,0.0,9.976262363963394e+16,0.0,2.5173556062880057e+23,1.0011894596174488e+20,8.391185354293352e+22
1588936216216.2163,1621.1492188761347,259856866.73773217,0,2.9615948309270656e+22,8.391185354293352e+22,2.5183567957476228e+23,9.98198057693693e+19,1.586079822070625e+17,5.540831611583028e+22,1.124490054538505e-05,1.002775539439519e+20,0.0,0.0,9.976262363963394e+16,0.0,2.5173556062880057e+23,1.0011894596174488e+20,8.391185354293352e+22
1592095135135.1353,1618.8055791522304,259807493.10113427,0,2.9615948309270656e+22,8.391185354293352e+22,2.5183567957476228e+23,9.98198057693693e+19,1.586079822070625e+17,5.540831611583028e+22,1.003290180570365e-05,1.002775539439519e+20,0.0,0.0,9.976262363963394e+16,0.0,2.5173556062880057e+23,1.0011894596174488e+20,8.391185354293352e+22
1595254054054.0542,1616.4619394283259,259758284.2844545,0,2.9615948309270656e+22,8.391185354293352e+22,2.5183567957476228e+23,9.98198057693693e+19,1.586079822070625e+17,5.540831611583028e+22,8.951534807855856e-06,1.002775539439519e+20,0.0,0.0,9.976262363963394e+16,0.0,2.5173556062880057e+23,1.0011894596174488e+20,8.391185354293352e+22
1598412972972.9731,1614.1182997044216,259709240.69977427,0,2.9615948309270656e+22,8.391185354293352e+22,2.5183567957476228e+23,9.98198057693693e+19,1.586079822070625e+17,5.540831611583028e+22,7.986719791347058e-06,1.002775539439519e+20,0.0,0.0,9.976262363963394e+16,0.0,2.5173556062880057e+23,1.0011894596174488e+20,8.391185354293352e+22
1601571891891.892,1611.7746599805173,259660362.76045358,0,2.9615948309270656e+22,8.391185354293352e+22,2.5183567957476228e+23,9.98198057693693e+19,1.586079822070625e+17,5.540831611583028e+22,7.125894541516477e-06,1.002775539439519e+20,0.0,0.0,9.976262363963394e+16,0.0,2.5173556062880057e+23,1.0011894596174488e+20,8.391185354293352e+22
1604730810810.8108,1609.431020256613,259611650.8811201,0,2.9615948309270656e+22,8.391185354293352e+22,2.5183567957476228e+23,9.98198057693693e+19,1.586079822070625e+17,5.540831611583028e+22,6.3578508252948144e-06,1.002775539439519e+20,0.0,0.0,9.976262363963394e+16,0.0,2.5173556062880057e+23,1.0011894596174488e+20,8.391185354293352e+22
1607889729729.7297,1607.0873805327087,259563105.4776572,0,2.9615948309270656e+22,8.391185354293352e+22,2.5183567957476228e+23,9.98198057693693e+19,1.586079822070625e+17,5.540831611583028e+22,5.672588456255712e-06,1.002775539439519e+20,0.0,0.0,9.976262363963394e+16,0.0,2.5173556062880057e+23,1.0011894596174488e+20,8.391185354293352e+22
1611048648648.649,1604.7437408088042,259514726.96719143,0,2.9615948309270656e+22,8.391185354293352e+22,2.5183567957476228e+23,9.98198057693693e+19,1.586079822070625e+17,5.540831611583028e+22,5.061185088839112e-06,1.002775539439519e+20,0.0,0.0,9.976262363963394e+16,0.0,2.5173556062880057e+23,1.0011894596174488e+20,8.391185354293352e+22
1614207567567.5676,1602.4001010849,259466515.76807922,0,2.9615948309270656e+22,8.391185354293352e+22,2.5183567957476228e+23,9.98198057693693e+19,1.586079822070625e+17,5.540831611583028e+22,4.515680046423707e-06,1.002775539439519e+20,0.0,0.0,9.976262363963394e+16,0.0,2.5173556062880057e+23,1.0011894596174488e+20,8.391185354293352e+22
1617366486486.4866,1600.0564613609956,259418472.29989284,0,2.9615948309270656e+22,8.391185354293352e+22,2.5183567957476228e+23,9.98198057693693e+19,1.586079822070625e+17,5.540831611583028e+22,4.028970670651049e-06,1.002775539439519e+20,0.0,0.0,9.976262363963394e+16,0.0,2.5173556062880057e+23,1.0011894596174488e+20,8.391185354293352e+22
1620525405405.4055,1597.7128216370913,259370596.983406,0,2.9615948309270656e+22,8.391185354293352e+22,2.5183567957476228e+23,9.98198057693693e+19,1.586079822070625e+17,5.540831611583028e+22,3.594719842434837e-06,1.002775539439519e+20,0.0,0.0,9.976262363963394e+16,0.0,2.5173556062880057e+23,1.0011894596174488e+20,8.391185354293352e+22
1623684324324.3245,1595.369181913187,259322890.24057782,0,2.9615948309270656e+22,8.391185354293352e+22,2.5183567957476228e+23,9.98198057693693e+19,1.586079822070625e+17,5.540831611583028e+22,3.207273470547912e-06,1.002775539439519e+20,0.0,0.0,9.976262363963394e+16,0.0,2.5173556062880057e+23,1.0011894596174488e+20,8.391185354293352e+22
1626843243243.2434,1593.0255421892825,259275352.49453712,0,2.9615948309270656e+22,8.391185354293352e+22,2.5183567957476228e+23,9.98198057693693e+19,1.586079822070625e+17,5.540831611583028e+22,2.8615868734607567e-06,1.002775539439519e+20,0.0,0.0,9.976262363963394e+16,0.0,2.5173556062880057e+23,1.0011894596174488e+20,8.391185354293352e+22
1630002162162.1624,1590.6819024653782,259227984.16956502,0,2.9615948309270656e+22,8.391185354293352e+22,2.5183567957476228e+23,9.98198057693693e+19,1.586079822070625e+17,5.540831611583028e+22,2.553159095898362e-06,1.002775539439519e+20,0.0,0.0,9.976262363963394e+16,0.0,2.5173556062880057e+23,1.0011894596174488e+20,8.391185354293352e+22
1633161081081.0813,1588.338262741474,259180785.6910772,0,2.9615948309270656e+22,8.391185354293352e+22,2.5183567957476228e+23,9.98198057693693e+19,1.586079822070625e+17,5.540831611583028e+22,2.277974304895041e-06,1.002775539439519e+20,0.0,0.0,9.976262363963394e+16,0.0,2.5173556062880057e+23,1.0011894596174488e+20,8.391185354293352e+22
1636320000000.0,1585.9946230175697,259133757.48560515,0,2.9615948309270656e+22,8.391185354293352e+22,2.5183567957476228e+23,9.98198057693693e+19,1.586079822070625e+17,5.540831611583028e+22,2.0324495023041916e-06,1.002775539439519e+20,0.0,0.0,9.976262363963394e+16,0.0,2.5173556062880057e+23,1.0011894596174488e+20,8.391185354293352e+22
1639478918918.919,1583.6509832936654,259086899.9807768,0,2.9615948309270656e+22,8.391185354293352e+22,2.5183567957476228e+23,9.98198057693693e+19,1.586079822070625e+17,5.540831611583028e+22,1.8133878729623719e-06,1.002775539439519e+20,0.0,0.0,9.976262363963394e+16,0.0,2.5173556062880057e+23,1.0011894596174488e+20,8.391185354293352e+22
1642637837837.8381,1581.3073435697609,259040213.6052957,0,2.9615948309270656e+22,8.391185354293352e+22,2.5183567957476228e+23,9.98198057693693e+19,1.586079822070625e+17,5.540831611583028e+22,1.6179371610851626e-06,1.002775539439519e+20,0.0,0.0,9.976262363963394e+16,0.0,2.5173556062880057e+23,1.0011894596174488e+20,8.391185354293352e+22
1645796756756.7568,1578.9637038458566,258993698.78892004,0,2.9615948309270656e+22,8.391185354293352e+22,2.5183567957476228e+23,9.98198057693693e+19,1.586079822070625e+17,5.540831611583028e+22,1.4435525329415466e-06,1.002775539439519e+20,0.0,0.0,9.976262363963394e+16,0.0,2.5173556062880057e+23,1.0011894596174488e+20,8.391185354293352e+22
1648955675675.6758,1576.6200641219523,258947355.96244037,0,2.9615948309270656e+22,8.391185354293352e+22,2.5183567957476228e+23,9.98198057693693e+19,1.586079822070625e+17,5.540831611583028e+22,1.2879634422663888e-06,1.002775539439519e+20,0.0,0.0,9.976262363963394e+16,0.0,2.5173556062880057e+23,1.0011894596174488e+20,8.391185354293352e+22
1652114594594.5947,1574.276424398048,258901185.55765626,0,2.9615948309270656e+22,8.391185354293352e+22,2.5183567957476228e+23,9.98198057693693e+19,1.586079822070625e+17,5.540831611583028e+22,1.14914406698759e-06,1.002775539439519e+20,0.0,0.0,9.976262363963394e+16,0.0,2.5173556062880057e+23,1.0011894596174488e+20,8.391185354293352e+22
1655273513513.5134,1571.9327846741437,258855188.00735205,0,2.9615948309270656e+22,8.391185354293352e+22,2.5183567957476228e+23,9.98198057693693e+19,1.586079822070625e+17,5.540831611583028e+22,1.0252869323441973e-06,1.002775539439519e+20,0.0,0.0,9.976262363963394e+16,0.0,2.5173556062880057e+23,1.0011894596174488e+20,8.391185354293352e+22
1658432432432.4326,1569.5891449502392,258809363.74527222,0,2.9615948309270656e+22,8.391185354293352e+22,2.5183567957476228e+23,9.98198057693693e+19,1.586079822070625e+17,5.540831611583028e+22,9.147793769596402e-07,1.002775539439519e+20,0.0,0.0,9.976262363963394e+16,0.0,2.5173556062880057e+23,1.0011894596174488e+20,8.391185354293352e+22
1661591351351.3516,1567.245505226335,258763713.2060946,0,2.9615948309270656e+22,8.391185354293352e+22,2.5183567957476228e+23,9.98198057693693e+19,1.586079822070625e+17,5.540831611583028e+22,8.161825554504772e-07,1.002775539439519e+20,0.0,0.0,9.976262363963394e+16,0.0,2.5173556062880057e+23,1.0011894596174488e+20,8.391185354293352e+22
1664750270270.2703,1564.9018655024306,258718236.8254036,0,2.9615948309270656e+22,8.391185354293352e+22,2.5183567957476228e+23,9.98198057693693e+19,1.586079822070625e+17,5.540831611583028e+22,7.282127041775907e-07,1.002775539439519e+20,0.0,0.0,9.976262363963394e+16,0.0,2.5173556062880057e+23,1.0011894596174488e+20,8.391185354293352e+22
1667909189189.1892,1562.5582257785263,258672935.03966197,0,2.9615948309270656e+22,8.391185354293352e+22,2.5183567957476228e+23,9.98198057693693e+19,1.586079822070625e+17,5.540831611583028e+22,6.497244262136347e-07,1.002775539439519e+20,0.0,0.0,9.976262363963394e+16,0.0,2.5173556062880057e+23,1.0011894596174488e+20,8.391185354293352e+22
1671068108108.1082,1560.214586054622,258627808.2861813,0,2.9615948309270656e+22,8.391185354293352e+22,2.5183567957476228e+23,9.98198057693693e+19,1.586079822070625e+17,5.540831611583028e+22,5.796957778914116e-07,1.002775539439519e+20,0.0,0.0,9.976262363963394e+16,0.0,2.5173556062880057e+23,1.0011894596174488e+20,8.391185354293352e+22
1674227027027.0273,1557.8709463307175,258582857.0030917,0,2.9615948309270656e+22,8.391185354293352e+22,2.5183567957476228e+23,9.98198057693693e+19,1.586079822070625e+17,5.540831611583028e+22,5.172149627550461e-07,1.002775539439519e+20,0.0,0.0,9.976262363963394e+16,0.0,2.5173556062880057e+23,1.0011894596174488e+20,8.391185354293352e+22
1677385945945.946,1555.5273066068132,258538081.62931016,0,2.9615948309270656e+22,8.391185354293352e+22,2.5183567957476228e+23,9.98198057693693e+19,1.586079822070625e+17,5.540831611583028e+22,4.6146845966474133e-07,1.002775539439519e+20,0.0,0.0,9.976262363963394e+16,0.0,2.5173556062880057e+23,1.0011894596174488e+20,8.391185354293352e+22
1680544864864.865,1553.183666882909,258493482.60450822,0,2.9615948309270656e+22,8.391185354293352e+22,2.5183567957476228e+23,9.98198057693693e+19,1.586079822070625e+17,5.540831611583028e+22,4.1173043047906555e-07,1.002775539439519e+20,0.0,0.0,9.976262363963394e+16,0.0,2.5173556062880057e+23,1.0011894596174488e+20,8.391185354293352e+22
1683703783783.784,1550.8400271590046,258449060.36907744,0,2.9615948309270656e+22,8.391185354293352e+22,2.5183567957476228e+23,9.98198057693693e+19,1.586079822070625e+17,5.540831611583028e+22,3.673532693992456e-07,1.002775539439519e+20,0.0,0.0,9.976262363963394e+16,0.0,2.5173556062880057e+23,1.0011894596174488e+20,8.391185354293352e+22
1686862702702.7026,1548.4963874351004,258404815.36409494,0,2.9615948309270656e+22,8.391185354293352e+22,2.5183567957476228e+23,9.98198057693693e+19,1.586079822070625e+17,5.540831611583028e+22,3.27759170924764e-07,1.002775539439519e+20,0.0,0.0,9.976262363963394e+16,0.0,2.5173556062880057e+23,1.0011894596174488e+20,8.391185354293352e+22
1690021621621.6218,1546.1527477111958,258360748.0312867,0,2.9615948309270656e+22,8.391185354293352e+22,2.5183567957476228e+23,9.98198057693693e+19,1.586079822070625e+17,5.540831611583028e+22,2.9243260663221767e-07,1.002775539439519e+20,0.0,0.0,9.976262363963394e+16,0.0,2.5173556062880057e+23,1.0011894596174488e+20,8.391185354293352e+22
1693180540540.5408,1543.8091079872916,258316858.81298992,0,2.9615948309270656e+22,8.391185354293352e+22,2.5183567957476228e+23,9.98198057693693e+19,1.586079822070625e+17,5.540831611583028e+22,2.60913612822579e-07,1.002775539439519e+20,0.0,0.0,9.976262363963394e+16,0.0,2.5173556062880057e+23,1.0011894596174488e+20,8.391185354293352e+22
1696339459459.4595,1541.4654682633873,258273148.15211454,0,2.9615948309270656e+22,8.391185354293352e+22,2.5183567957476228e+23,9.98198057693693e+19,1.586079822070625e+17,5.540831611583028e+22,2.3279180163977873e-07,1.002775539439519e+20,0.0,0.0,9.976262363963394e+16,0.0,2.5173556062880057e+23,1.0011894596174488e+20,8.391185354293352e+22
1699498378378.3784,1539.121828539483,258229616.4921026,0,2.9615948309270656e+22,8.391185354293352e+22,2.5183567957476228e+23,9.98198057693693e+19,1.586079822070625e+17,5.540831611583028e+22,2.0770101768336866e-07,1.002775539439519e+20,0.0,0.0,9.976262363963394e+16,0.0,2.5173556062880057e+23,1.0011894596174488e+20,8.391185354293352e+22
1702657297297.2974,1536.7781888155787,258186264.27688697,0,2.9615948309270656e+22,8.391185354293352e+22,2.5183567957476228e+23,9.98198057693693e+19,1.586079822070625e+17,5.540831611583028e+22,1.853145705425712e-07,1.002775539439519e+20,0.0,0.0,9.976262363963394e+16,0.0,2.5173556062880057e+23,1.0011894596174488e+20,8.391185354293352e+22
1705816216216.2163,1534.4345490916742,258143091.9508482,0,2.9615948309270656e+22,8.391185354293352e+22,2.5183567957476228e+23,9.98198057693693e+19,1.586079822070625e+17,5.540831611583028e+22,1.6534098117771258e-07,1.002775539439519e+20,0.0,0.0,9.976262363963394e+16,0.0,2.5173556062880057e+23,1.0011894596174488e+20,8.391185354293352e+22
1708975135135.1353,1532.0909093677699,258100099.95877036,0,2.9615948309270656e+22,8.391185354293352e+22,2.5183567957476228e+23,9.98198057693693e+19,1.586079822070625e+17,5.540831611583028e+22,1.4752018676550094e-07,1.002775539439519e+20,0.0,0.0,9.976262363963394e+16,0.0,2.5173556062880057e+23,1.0011894596174488e+20,8.391185354293352e+22
1712134054054.0542,1529.7472696438656,258057288.74579534,0,2.9615948309270656e+22,8.391185354293352e+22,2.5183567957476228e+23,9.98198057693693e+19,1.586079822070625e+17,5.540831611583028e+22,1.3162015459396434e-07,1.002775539439519e+20,0.0,0.0,9.976262363963394e+16,0.0,2.5173556062880057e+23,1.0011894596174488e+20,8.391185354293352e+22
1715292972972.9731,1527.4036299199613,258014658.7573753,0,2.9615948309270656e+22,8.391185354293352e+22,2.5183567957476228e+23,9.98198057693693e+19,1.586079822070625e+17,5.540831611583028e+22,1.17433860918826e-07,1.002775539439519e+20,0.0,0.0,9.976262363963394e+16,0.0,2.5173556062880057e+23,1.0011894596174488e+20,8.391185354293352e+22
1718451891891.8918,1525.059990196057,257972210.4392243,0,2.9615948309270656e+22,8.391185354293352e+22,2.5183567957476228e+23,9.98198057693693e+19,1.586079822070625e+17,5.540831611583028e+22,1.0477659544501527e-07,1.002775539439519e+20,0.0,0.0,9.976262363963394e+16,0.0,2.5173556062880057e+23,1.0011894596174488e+20,8.391185354293352e+22
1721610810810.811,1522.7163504721525,257929944.23726767,0,2.9615948309270656e+22,8.391185354293352e+22,2.5183567957476228e+23,9.98198057693693e+19,1.586079822070625e+17,5.540831611583028e+22,9.348355633676072e-08,1.002775539439519e+20,0.0,0.0,9.976262363963394e+16,0.0,2.5173556062880057e+23,1.0011894596174488e+20,8.391185354293352e+22
1724769729729.73,1520.3727107482482,257887860.59759068,0,2.9615948309270656e+22,8.391185354293352e+22,2.5183567957476228e+23,9.98198057693693e+19,1.586079822070625e+17,5.540831611583028e+22,8.340770444249131e-08,1.002775539439519e+20,0.0,0.0,9.976262363963394e+16,0.0,2.5173556062880057e+23,1.0011894596174488e+20,8.391185354293352e+22
1727928648648.6487,1518.029071024344,257845959.96638453,0,2.9615948309270656e+22,8.391185354293352e+22,2.5183567957476228e+23,9.98198057693693e+19,1.586079822070625e+17,5.540831611583028e+22,7.441784879583502e-08,1.002775539439519e+20,0.0,0.0,9.976262363963394e+16,0.0,2.5173556062880057e+23,1.0011894596174488e+20,8.391185354293352e+22
1731087567567.5676,1515.6854313004396,257804242.78989184,0,2.9615948309270656e+22,8.391185354293352e+22,2.5183567957476228e+23,9.98198057693693e+19,1.586079822070625e+17,5.540831611583028e+22,6.639693846529687e-08,1.002775539439519e+20,0.0,0.0,9.976262363963394e+16,0.0,2.5173556062880057e+23,1.0011894596174488e+20,8.391185354293352e+22
1734246486486.4866,1513.3417915765353,257762709.51434958,0,2.9615948309270656e+22,8.391185354293352e+22,2.5183567957476228e+23,9.98198057693693e+19,1.586079822070625e+17,5.540831611583028e+22,5.924053851192693e-08,1.002775539439519e+20,0.0,0.0,9.976262363963394e+16,0.0,2.5173556062880057e+23,1.0011894596174488e+20,8.391185354293352e+22
1737405405405.4055,1510.9981518526308,257721360.585931,0,2.9615948309270656e+22,8.391185354293352e+22,2.5183567957476228e+23,9.98198057693693e+19,1.586079822070625e+17,5.540831611583028e+22,5.285547021143675e-08,1.002775539439519e+20,0.0,0.0,9.976262363963394e+16,0.0,2.5173556062880057e+23,1.0011894596174488e+20,8.391185354293352e+22
1740564324324.3245,1508.6545121287265,257680196.45068517,0,2.9615948309270656e+22,8.391185354293352e+22,2.5183567957476228e+23,9.98198057693693e+19,1.586079822070625e+17,5.540831611583028e+22,4.715859783600077e-08,1.002775539439519e+20,0.0,0.0,9.976262363963394e+16,0.0,2.5173556062880057e+23,1.0011894596174488e+20,8.391185354293352e+22
1743723243243.2434,1506.3108724048222,257639217.5544755,0,2.9615948309270656e+22,8.391185354293352e+22,2.5183567957476228e+23,9.98198057693693e+19,1.586079822070625e+17,5.540831611583028e+22,4.207574619923534e-08,1.002775539439519e+20,0.0,0.0,9.976262363963394e+16,0.0,2.5173556062880057e+23,1.0011894596174488e+20,8.391185354293352e+22
1746882162162.162,1503.967232680918,257598424.34291565,0,2.9615948309270656e+22,8.391185354293352e+22,2.5183567957476228e+23,9.98198057693693e+19,1.586079822070625e+17,5.540831611583028e+22,3.754073487042848e-08,1.002775539439519e+20,0.0,0.0,9.976262363963394e+16,0.0,2.5173556062880057e+23,1.0011894596174488e+20,8.391185354293352e+22
1750041081081.081,1501.6235929570137,257557817.26130453,0,2.9615948309270656e+22,8.391185354293352e+22,2.5183567957476228e+23,9.98198057693693e+19,1.586079822070625e+17,5.540831611583028e+22,3.3494516483166176e-08,1.002775539439519e+20,0.0,0.0,9.976262363963394e+16,0.0,2.5173556062880057e+23,1.0011894596174488e+20,8.391185354293352e+22
1753200000000.0002,1499.2799532331092,257517396.75455856,1,2.961582348273755e+22,8.391185354293352e+22,2.5183555941433815e+23,9.98198057693693e+19,3.3781449102619264e+16,5.540844094236338e+22,2.988440791884492e-08,1.002775539439519e+20,4666108993986992.0,1.2016042411045624e+17,9.972892654848997e+16,33697091143968.273,2.5173556062880057e+23,1.0011894596174488e+20,8.391185354293352e+22
1756358918918.9192,1496.9363135092049,257477163.26714256,1,2.9615796896455543e+22,8.391185354293352e+22,2.518355293303606e+23,9.98198057693693e+19,7195167093439732.0,5.540846752864539e+22,2.666339619222814e-08,1.002775539439519e+20,1168413430942260.0,1.502444016826805e+17,9.969444231996637e+16,68181319667573.11,2.5173556062880057e+23,1.0011894596174488e+20,8.391185354293352e+22
1759517837837.838,1494.5926737853006,257437117.24299857,1,2.9615791233832e+22,8.391185354293352e+22,2.5183552275474952e+23,9.98198057693693e+19,1532543551900043.0,5.540847319126893e+22,2.3789551098467358e-08,1.002775539439519e+20,255425912562284.0,1.568200127426002e+17,9.965915285651416e+16,103470783119777.56,2.5173556062880057e+23,1.0011894596174488e+20,8.391185354293352e+22
1762676756756.7568,1492.2490340613963,257397259.12547287,1,2.961579002772145e+22,8.391185354293352e+22,2.5183552134787094e+23,9.98198057693693e+19,326433000931772.0,5.540847439737948e+22,2.122545565254786e-08,1.002775539439519e+20,54657870028680.75,1.5822689133610208e+17,9.96230396583702e+16,139583981263732.3,2.5173556062880057e+23,1.0011894596174488e+20,8.391185354293352e+22
1765835675675.6758,1489.905394337492,257357589.3572406,1,2.9615789770820416e+22,8.391185354293352e+22,2.5183552104796532e+23,9.98198057693693e+19,69531970911688.56,5.540847465428051e+22,1.8937724567778816e-08,1.002775539439519e+20,11653265605730.062,1.5852679697054512e+17,9.958608381528885e+16,176539824345097.34,2.5173556062880057e+23,1.0011894596174488e+20,8.391185354293352e+22
1768994594594.5947,1487.5617546135875,257318108.38022858,1,2.961578971609944e+22,8.391185354293352e+22,2.5183552098407406e+23,9.98198057693693e+19,14810994833981.625,5.540847470900149e+22,1.6896570676476022e-08,1.002775539439519e+20,2482968403660.383,1.585906882438249e+17,9.954826599813677e+16,214357641497184.7,2.5173556062880057e+23,1.0011894596174488e+20,8.391185354293352e+22
1772153513513.5137,1485.2181148896832,257278816.63553634,1,2.96157897044434e+22,8.391185354293352e+22,2.5183552097046405e+23,9.98198057693693e+19,3154954409409.328,5.540847472065752e+22,1.5075417300749244e-08,1.002775539439519e+20,528998482042.5469,1.5860429825417107e+17,9.950956645035051e+16,253057189283442.56,2.5173556062880057e+23,1.0011894596174488e+20,8.391185354293352e+22
1775312432432.4326,1482.874475165779,257239714.5633545,1,2.961578970196051e+22,8.391185354293352e+22,2.5183552096756488e+23,9.98198057693693e+19,672064677483.2134,5.540847472314042e+22,1.3450552253273946e-08,1.002775539439519e+20,112703615886.20215,1.5860719743876915e+17,9.946996497925626e+16,292658660377694.6,2.5173556062880057e+23,1.0011894596174488e+20,8.391185354293352e+22
1778471351351.3513,1480.5308354418746,257200802.60288122,1,2.9615789701431613e+22,8.391185354293352e+22,2.5183552096694727e+23,9.98198057693693e+19,143165421338.67114,5.540847472366932e+22,1.2000819102230305e-08,1.002775539439519e+20,24012011407.92627,1.5860781502962976e+17,9.942944094725152e+16,333182692382426.44,2.5173556062880057e+23,1.0011894596174488e+20,8.391185354293352e+22
1781630270270.2703,1478.1871957179703,257162081.19223672,1,2.9615789701318945e+22,8.391185354293352e+22,2.518355209668157e+23,9.98198057693693e+19,30498202399.879745,5.540847472378199e+22,1.0707341707044721e-08,1.002775539439519e+20,5115966672.2453,1.5860794659289344e+17,9.938797326284866e+16,374650376785289.0,2.5173556062880057e+23,1.0011894596174488e+20,8.391185354293352e+22
1784789189189.1895,1475.8435559940658,257123550.7683752,1,2.9615789701294945e+22,8.391185354293352e+22,2.518355209667877e+23,9.98198057693693e+19,6497096954.311951,5.540847472380599e+22,9.55327844330894e-09,1.002775539439519e+20,1090022651.8425102,1.586079746199429e+17,9.93455403715801e+16,417083268053852.5,2.5173556062880057e+23,1.0011894596174488e+20,8.391185354293352e+22
1787948108108.1082,1473.4999162701615,257085211.76699466,1,2.9615789701289833e+22,8.391185354293352e+22,2.518355209667817e+23,9.98198057693693e+19,1384118934.0347338,5.54084747238111e+22,8.523602917738152e-09,1.002775539439519e+20,232248001.71756554,1.5860798059069558e+17,9.930212024676544e+16,460503392868500.75,2.5173556062880057e+23,1.0011894596174488e+20,8.391185354293352e+22
1791107027027.027,1471.1562765462572,257047064.62244457,1,2.961578970128874e+22,8.391185354293352e+22,2.5183552096678044e+23,9.98198057693693e+19,294873935.20960903,5.540847472381219e+22,7.604908318165718e-09,1.002775539439519e+20,49485396.98090434,1.586079818627032e+17,9.925769038014074e+16,504933259493203.9,2.5173556062880057e+23,1.0011894596174488e+20,8.391185354293352e+22
1794265945945.946,1468.812636822353,257009109.76763096,1,2.961578970128851e+22,8.391185354293352e+22,2.5183552096678017e+23,9.98198057693693e+19,62821490.063156515,5.540847472381243e+22,6.785232851163032e-09,1.002775539439519e+20,10544128.71427381,1.5860798213369693e+17,9.921222777235019e+16,550395867283743.5,2.5173556062880057e+23,1.0011894596174488e+20,8.391185354293352e+22
1797424864864.865,1466.4689970984487,256971347.6339192,1,2.961578970128846e+22,8.391185354293352e+22,2.518355209667801e+23,9.98198057693693e+19,13384091.887010463,5.540847472381248e+22,6.053903994414826e-09,1.002775539439519e+20,2246740.2371833846,1.586079821914317e+17,9.916570892330115e+16,596914716332790.9,2.5173556062880057e+23,1.0011894596174488e+20,8.391185354293352e+22
1800583783783.784,1464.1253573745441,256933778.65103462,1,2.961578970128845e+22,8.391185354293352e+22,2.518355209667801e+23,9.98198057693693e+19,2851532.8025364988,5.540847472381249e+22,5.401399535951044e-09,1.002775539439519e+20,478744.18090652674,1.5860798220373226e+17,9.91181098223829e+16,644513817251054.0,2.5173556062880057e+23,1.0011894596174488e+20,8.391185354293352e+22
1803742702702.703,1461.7817176506398,256896403.24696037,1,2.9615789701288444e+22,8.391185354293352e+22,2.518355209667801e+23,9.98198057693693e+19,607542.3784555397,5.540847472381249e+22,4.819223590907348e-09,1.002775539439519e+20,102014.66081459774,1.5860798220635296e+17,9.906940593855043e+16,693217701083514.5,2.5173556062880057e+23,1.0011894596174488e+20,8.391185354293352e+22
1806901621621.6218,1459.4380779267356,256859221.84783277,1,2.9615789701288444e+22,8.391185354293352e+22,2.518355209667801e+23,9.98198057693693e+19,129444.46416772605,5.540847472381249e+22,4.299795981499935e-09,1.002775539439519e+20,21738.524570576847,1.5860798220691133e+17,9.901957221027438e+16,743051429359565.9,2.5173556062880057e+23,1.0011894596174488e+20,8.391185354293352e+22
1810060540540.5405,1457.0944382028313,256822234.87783483,1,2.9615789701288444e+22,8.391185354293352e+22,2.518355209667801e+23,9.98198057693693e+19,27580.30367374301,5.540847472381249e+22,3.836353539895019e-09,1.002775539439519e+20,4632.39823776875,1.586079822070303e+17,9.89685830353583e+16,794040604275645.4,2.5173556062880057e+23,1.0011894596174488e+20,8.391185354293352e+22
1813219459459.4595,1454.750798478927,256785442.75908613,1,2.9615789701288444e+22,8.391185354293352e+22,2.518355209667801e+23,9.98198057693693e+19,5876.5605918267065,5.540847472381249e+22,3.4228620488944625e-09,1.002775539439519e+20,987.1656057136206,1.5860798220705565e+17,9.891641226062523e+16,846211379008715.6,2.5173556062880057e+23,1.0011894596174488e+20,8.391185354293352e+22
1816378378378.3787,1452.4071587550225,256748845.9115311,1,2.9615789701288444e+22,8.391185354293352e+22,2.518355209667801e+23,9.98198057693693e+19,1252.1488609931503,5.540847472381249e+22,3.053937673867931e-09,1.002775539439519e+20,210.36932015099683,1.5860798220706106e+17,9.886303317147523e+16,899590468158708.2,2.5173556062880057e+23,1.0011894596174488e+20,8.391185354293352e+22
1819537297297.2974,1450.0635190311182,256712444.75282407,1,2.9615789701288444e+22,8.391185354293352e+22,2.518355209667801e+23,9.98198057693693e+19,266.80700830045737,5.540847472381249e+22,2.724776862941997e-09,1.002775539439519e+20,44.83147286028657,1.586079822070622e+17,9.880841848131616e+16,954205158317774.9,2.5173556062880057e+23,1.0011894596174488e+20,8.391185354293352e+22
1822696216216.2163,1447.719879307214,256676239.698212,1,2.9615789701288444e+22,8.391185354293352e+22,2.518355209667801e+23,9.98198057693693e+19,56.85216210261294,5.540847472381249e+22,2.431093802716913e-09,1.002775539439519e+20,9.554143981723456,1.5860798220706246e+17,9.875254032087002e+16,1010083318763919.8,2.5173556062880057e+23,1.0011894596174488e+20,8.391185354293352e+22
1825855135135.1353,1445.3762395833096,256640231.16041443,1,2.9615789701288444e+22,8.391185354293352e+22,2.518355209667801e+23,9.98198057693693e+19,12.114491134992967,5.540847472381249e+22,2.169064615157954e-09,1.002775539439519e+20,2.0361449100560236,1.5860798220706253e+17,9.869537022735765e+16,1067253412276288.6,2.5173556062880057e+23,1.0011894596174488e+20,8.391185354293352e+22
1829014054054.054,1443.0325998594053,256604419.54950058,1,2.9615789701288444e+22,8.391185354293352e+22,2.518355209667801e+23,9.98198057693693e+19,2.581497813131083,5.540847472381249e+22,1.9352775690811852e-09,1.002775539439519e+20,0.4339439778030467,1.5860798220706253e+17,9.863687913356485e+16,1125744506069085.8,2.5173556062880057e+23,1.0011894596174488e+20,8.391185354293352e+22
1832172972972.9731,1440.6889601355008,256568805.27276373,1,2.9615789701288444e+22,8.391185354293352e+22,2.518355209667801e+23,9.98198057693693e+19,0.5501063986266481,5.540847472381249e+22,1.7266886579660723e-09,1.002775539439519e+20,0.09248401701711462,1.5860798220706253e+17,9.857703735679317e+16,1185586282840759.5,2.5173556062880057e+23,1.0011894596174488e+20,8.391185354293352e+22
1835331891891.892,1438.3453204115965,256533388.73459348,1,2.9615789701288444e+22,8.391185354293352e+22,2.518355209667801e+23,9.98198057693693e+19,0.11722761714923335,5.540847472381249e+22,1.5405819656992071e-09,1.002775539439519e+20,0.019710956326675078,1.5860798220706253e+17,9.851581458769917e+16,1246809051934755.8,2.5173556062880057e+23,1.0011894596174488e+20,8.391185354293352e+22
1838490810810.811,1436.0016806876922,256498170.33634377,1,2.9615789701288444e+22,8.391185354293352e+22,2.518355209667801e+23,9.98198057693693e+19,0.024981668401123147,5.540847472381249e+22,1.3745343041943278e-09,1.002775539439519e+20,0.004201038413650368,1.5860798220706253e+17,9.845317987902614e+16,1309443760607773.5,2.5173556062880057e+23,1.0011894596174488e+20,8.391185354293352e+22
1841649729729.7297,1433.658040963788,256463150.47619972,1,2.9615789701288444e+22,8.391185354293352e+22,2.518355209667801e+23,9.98198057693693e+19,0.0053237929669427385,5.540847472381249e+22,1.2263836624554338e-09,1.002775539439519e+20,0.0008953926201589225,1.5860798220706253e+17,9.838910163423283e+16,1373522005401077.8,2.5173556062880057e+23,1.0011894596174488e+20,8.391185354293352e+22
1844808648648.6487,1431.3144012398836,256428329.5490402,1,2.9615789701288444e+22,8.391185354293352e+22,2.518355209667801e+23,9.98198057693693e+19,0.0011345641302474571,5.540847472381249e+22,1.094201056276417e-09,1.002775539439519e+20,0.00019084387406071487,1.5860798220706253e+17,9.832354759602389e+16,1439076043610016.2,2.5173556062880057e+23,1.0011894596174488e+20,8.391185354293352e+22
1847967567567.5679,1428.9707615159791,256393707.9462986,1,2.9615789701288444e+22,8.391185354293352e+22,2.518355209667801e+23,9.98198057693693e+19,0.00024179374797018982,5.540847472381249e+22,9.762654120483565e-10,1.002775539439519e+20,4.067717157740531e-05,1.5860798220706253e+17,9.825648483478744e+16,1506138804846470.0,2.5173556062880057e+23,1.0011894596174488e+20,8.391185354293352e+22
1851126486486.4866,1426.6271217920748,256359286.05581984,1,2.9615789701288444e+22,8.391185354293352e+22,2.518355209667801e+23,9.98198057693693e+19,5.1531070891984454e-05,5.540847472381249e+22,8.710411576509908e-10,1.002775539439519e+20,8.670238317732502e-06,1.5860798220706253e+17,9.818787973694539e+16,1574743902688514.8,2.5173556062880057e+23,1.0011894596174488e+20,8.391185354293352e+22
1854285405405.4055,1424.2834820681705,256325064.26171488,1,2.9615789701288444e+22,8.391185354293352e+22,2.518355209667801e+23,9.98198057693693e+19,1.0982502396331233e-05,5.540847472381249e+22,7.77158228652269e-10,1.002775539439519e+20,1.848072658895854e-06,1.5860798220706253e+17,9.81176979932228e+16,1644925646411109.0,2.5173556062880057e+23,1.0011894596174488e+20,8.391185354293352e+22
1857444324324.3245,1421.9398423442663,256291042.94421223,1,2.9615789701288444e+22,8.391185354293352e+22,2.518355209667801e+23,9.98198057693693e+19,2.340676751912044e-06,5.540847472381249e+22,6.933942294882161e-10,1.002775539439519e+20,3.939260713309442e-07,1.5860798220706253e+17,9.804590458684278e+16,1716719052791124.5,2.5173556062880057e+23,1.0011894596174488e+20,8.391185354293352e+22
1860603243243.2432,1419.596202620362,256257222.47950637,1,2.9615789701288444e+22,8.391185354293352e+22,2.518355209667801e+23,9.98198057693693e+19,4.988724722858305e-07,5.540847472381249e+22,6.18658517354107e-10,1.002775539439519e+20,8.3968819703524e-08,1.5860798220706253e+17,9.797246378165438e+16,1790159857979523.0,2.5173556062880057e+23,1.0011894596174488e+20,8.391185354293352e+22
1863762162162.1624,1417.2525628964574,256223603.2396032,1,2.9615789701288444e+22,8.391185354293352e+22,2.518355209667801e+23,9.98198057693693e+19,1.063275020592855e-07,5.540847472381249e+22,5.51978001572461e-10,1.002775539439519e+20,1.7899010123796436e-08,1.5860798220706253e+17,9.789733911020098e+16,1865284529432938.5,2.5173556062880057e+23,1.0011894596174488e+20,8.391185354293352e+22
1866921081081.0813,1414.9089231725532,256190185.5921624,1,2.9615789701288444e+22,8.391185354293352e+22,2.518355209667801e+23,9.98198057693693e+19,2.266260528173571e-08,5.540847472381249e+22,4.924844735396014e-10,1.002775539439519e+20,3.815467582606001e-09,1.5860798220706253e+17,9.782049336173757e+16,1942130277896352.8,2.5173556062880057e+23,1.0011894596174488e+20,8.391185354293352e+22
1870080000000.0,1412.5652834486489,256156969.90033674,1,2.9615789701288444e+22,8.391185354293352e+22,2.518355209667801e+23,9.98198057693693e+19,4.830400170188622e-09,5.540847472381249e+22,4.3940330228131157e-10,1.002775539439519e+20,8.133455194510376e-10,1.5860798220706253e+17,9.774188857020597e+16,2020735069427957.8,2.5173556062880057e+23,1.0011894596174488e+20,8.391185354293352e+22
1873238918918.919,1410.2216437247446,256123956.52260864,1,2.9615789701288444e+22,8.391185354293352e+22,2.518355209667801e+23,9.98198057693693e+19,1.0296019428428682e-09,5.540847472381249e+22,3.9204334842892506e-10,1.002775539439519e+20,1.733861101349419e-10,1.5860798220706253e+17,9.766148600217726e+16,2101137637456669.0,2.5173556062880057e+23,1.0011894596174488e+20,8.391185354293352e+22
1876397837837.838,1407.8780040008403,256091145.81262293,1,2.9615789701288444e+22,8.391185354293352e+22,2.518355209667801e+23,9.98198057693693e+19,2.1947501496477852e-10,5.540847472381249e+22,3.4978796529154014e-10,1.002775539439519e+20,3.696405825392816e-11,1.5860798220706253e+17,9.757924614477184e+16,2183377494862099.5,2.5173556062880057e+23,1.0011894596174488e+20,8.391185354293352e+22
1879556756756.757,1405.5343642769358,256058538.11901748,1,2.9615789701288444e+22,8.391185354293352e+22,2.518355209667801e+23,9.98198057693693e+19,4.67950173394515e-11,5.540847472381249e+22,3.1208696985450136e-10,1.002775539439519e+20,7.881895865458646e-12,1.5860798220706253e+17,9.749512869356782e+16,2267494946066117.0,2.5173556062880057e+23,1.0011894596174488e+20,8.391185354293352e+22
1882715675675.6758,1403.1907245530315,256026133.78524986,1,2.9615789701288444e+22,8.391185354293352e+22,2.518355209667801e+23,9.98198057693693e+19,9.986259049897746e-12,5.540847472381249e+22,2.7844947916314165e-10,1.002775539439519e+20,1.6819642690077856e-12,1.5860798220706253e+17,9.740909254050955e+16,2353531099124384.0,2.5173556062880057e+23,1.0011894596174488e+20,8.391185354293352e+22
1885874594594.5947,1400.8470848291272,255993933.1494214,1,2.9615789701288444e+22,8.391185354293352e+22,2.518355209667801e+23,9.98198057693693e+19,2.138960411160028e-12,5.540847472381249e+22,2.484375188184633e-10,1.002775539439519e+20,3.6006214586251973e-13,1.5860798220706253e+17,9.73210957618284e+16,2441527877805535.0,2.5173556062880057e+23,1.0011894596174488e+20,8.391185354293352e+22
1889033513513.5137,1398.503445105223,255961936.54409814,1,2.9615789701288444e+22,8.391185354293352e+22,2.518355209667801e+23,9.98198057693693e+19,4.651150125719058e-13,5.540847472381249e+22,2.2166032036465858e-10,1.002775539439519e+20,7.808964070660393e-14,1.5860798220706253e+17,9.723109560598909e+16,2531528033644849.5,2.5173556062880057e+23,1.0011894596174488e+20,8.391185354293352e+22
1892192432432.4326,1396.1598053813184,255930144.29612818,1,2.9615789701288444e+22,8.391185354293352e+22,2.518355209667801e+23,9.98198057693693e+19,1.0732278027523776e-13,5.540847472381249e+22,1.9776923331803778e-10,1.002775539439519e+20,1.7832844192628023e-14,1.5860798220706253e+17,9.713904848167547e+16,2623575157958464.0,2.5173556062880057e+23,1.0011894596174488e+20,8.391185354293352e+22
1895351351351.3516,1393.816165657414,255898556.72645676,1,2.9615789701288444e+22,8.391185354293352e+22,2.518355209667801e+23,9.98198057693693e+19,3.017185045225519e-14,5.540847472381249e+22,1.7645318558982185e-10,1.002775539439519e+20,4.858914250115201e-15,1.5860798220706253e+17,9.704490994583064e+16,2717713693803300.0,2.5173556062880057e+23,1.0011894596174488e+20,8.391185354293352e+22
1898510270270.2705,1391.4725259335098,255867174.14993733,1,2.9615789701288444e+22,8.391185354293352e+22,2.518355209667801e+23,9.98198057693693e+19,1.2939452391968112e-14,5.540847472381249e+22,1.5743463319557876e-10,1.002775539439519e+20,1.9790970169107606e-15,1.5860798220706253e+17,9.694863469176694e+16,2813988947866995.0,2.5173556062880057e+23,1.0011894596174488e+20,8.391185354293352e+22
1901669189189.1892,1389.1288862096055,255835996.8751403,1,2.9615789701288444e+22,8.391185354293352e+22,2.518355209667801e+23,9.98198057693693e+19,8.564654713714203e-15,5.540847472381249e+22,1.4046594651480248e-10,1.002775539439519e+20,1.2635635703210346e-15,1.5860798220706253e+17,9.685017653736275e+16,2912447102271179.5,2.5173556062880057e+23,1.0011894596174488e+20,8.391185354293352e+22
1904828108108.1082,1386.7852464857012,255805025.20415798,1,2.9615789701288444e+22,8.391185354293352e+22,2.518355209667801e+23,9.98198057693693e+19,7.006343302039633e-15,5.540847472381249e+22,1.2532618604820077e-10,1.002775539439519e+20,1.0203895714443563e-15,1.5860798220706253e+17,9.674948841336346e+16,3013135226270469.5,2.5173556062880057e+23,1.0011894596174488e+20,8.391185354293352e+22
1907987027027.0273,1384.4416067617967,255774259.43240726,1,2.9615789701288444e+22,8.391185354293352e+22,2.518355209667801e+23,9.98198057693693e+19,6.115871996411685e-15,5.540847472381249e+22,1.1181822569168426e-10,1.002775539439519e+20,8.876810230374467e-16,1.5860798220706253e+17,9.66465223518054e+16,3116101287828523.0,2.5173556062880057e+23,1.0011894596174488e+20,8.391185354293352e+22
1911145945945.946,1382.0979670378924,255743699.84842855,1,2.9615789701288444e+22,8.391185354293352e+22,2.518355209667801e+23,9.98198057693693e+19,5.4279320068580935e-15,5.540847472381249e+22,9.976618607086336e-11,1.002775539439519e+20,7.872307494091596e-16,1.5860798220706253e+17,9.654122947458248e+16,3221394165051448.0,2.5173556062880057e+23,1.0011894596174488e+20,8.391185354293352e+22
1914304864864.865,1379.7543273139881,255713346.73368192,1,2.9615789701288444e+22,8.391185354293352e+22,2.518355209667801e+23,9.98198057693693e+19,4.8368454392140055e-15,5.540847472381249e+22,8.901314451697959e-11,1.002775539439519e+20,7.014271681640333e-16,1.5860798220706253e+17,9.64335599821762e+16,3329063657457743.0,2.5173556062880057e+23,1.0011894596174488e+20,8.391185354293352e+22
1917463783783.784,1377.4106875900839,255683200.36234054,1,2.9615789701288444e+22,8.391185354293352e+22,2.518355209667801e+23,9.98198057693693e+19,4.314299137664992e-15,5.540847472381249e+22,7.941909186718624e-11,1.002775539439519e+20,6.256788992317833e-16,1.5860798220706253e+17,9.632346314257114e+16,3439160497062796.0,2.5173556062880057e+23,1.0011894596174488e+20,8.391185354293352e+22
1920622702702.703,1375.0670478661796,255653261.00108048,1,2.9615789701288444e+22,8.391185354293352e+22,2.518355209667801e+23,9.98198057693693e+19,3.849096156335999e-15,5.540847472381249e+22,7.085910948585137e-11,1.002775539439519e+20,5.582606283304915e-16,1.5860798220706253e+17,9.621088728037917e+16,3551736359254771.0,2.5173556062880057e+23,1.0011894596174488e+20,8.391185354293352e+22
1923781621621.6218,1372.723408142275,255623528.90886834,1,2.9615789701288444e+22,8.391185354293352e+22,2.518355209667801e+23,9.98198057693693e+19,3.4342446477300325e-15,5.540847472381249e+22,6.322174277092703e-11,1.002775539439519e+20,4.981384737865735e-16,1.5860798220706253e+17,9.609577976619648e+16,3666843873437466.5,2.5173556062880057e+23,1.0011894596174488e+20,8.391185354293352e+22
1926940540540.5408,1370.3797684183708,255594004.33674535,1,2.9615789701288444e+22,8.391185354293352e+22,2.518355209667801e+23,9.98198057693693e+19,3.0641454617120837e-15,5.540847472381249e+22,5.640754996774768e-11,1.002775539439519e+20,4.444976805182631e-16,1.5860798220706253e+17,9.597808700621952e+16,3784536633414423.5,2.5173556062880057e+23,1.0011894596174488e+20,8.391185354293352e+22
1930099459459.4597,1368.0361286944665,255564687.5276088,1,2.9615789701288444e+22,8.391185354293352e+22,2.518355209667801e+23,9.98198057693693e+19,2.733939099112581e-15,5.540847472381249e+22,5.0327807395197754e-11,1.002775539439519e+20,3.9663419857427624e-16,1.5860798220706253e+17,9.585775443214672e+16,3904869207487229.5,2.5173556062880057e+23,1.0011894596174488e+20,8.391185354293352e+22
1933258378378.3784,1365.6924889705622,255535578.71599114,1,2.9615789701288444e+22,8.391185354293352e+22,2.518355209667801e+23,9.98198057693693e+19,2.4393187776453336e-15,5.540847472381249e+22,4.4903354225743876e-11,1.002775539439519e+20,3.539246777097301e-16,1.5860798220706253e+17,9.57347264913944e+16,4027897148239546.0,2.5173556062880057e+23,1.0011894596174488e+20,8.391185354293352e+22
1936417297297.2974,1363.348849246658,255506678.12783524,1,2.9615789701288444e+22,8.391185354293352e+22,2.518355209667801e+23,9.98198057693693e+19,2.1764480104637686e-15,5.540847472381249e+22,4.00635617778776e-11,1.002775539439519e+20,3.158139230704123e-16,1.5860798220706253e+17,9.5608946637657e+16,4153677001976955.5,2.5173556062880057e+23,1.0011894596174488e+20,8.391185354293352e+22
1939576216216.2166,1361.0052095227534,255477985.9802682,1,2.9615789701288444e+22,8.391185354293352e+22,2.518355209667801e+23,9.98198057693693e+19,1.941905053413805e-15,5.540847472381249e+22,3.5745413900719006e-11,1.002775539439519e+20,2.818067356052286e-16,1.5860798220706253e+17,9.548035732184275e+16,4282266317791197.5,2.5173556062880057e+23,1.0011894596174488e+20,8.391185354293352e+22
1942735135135.1353,1358.661569798849,255449502.48137164,1,2.9615789701288444e+22,8.391185354293352e+22,2.518355209667801e+23,9.98198057693693e+19,1.7326371733995616e-15,5.540847472381249e+22,3.1892686476998623e-11,1.002775539439519e+20,2.514612778457827e-16,1.5860798220706253e+17,9.534889998341813e+16,4413723656215816.5,2.5173556062880057e+23,1.0011894596174488e+20,8.391185354293352e+22
1945894054054.0542,1356.3179300749448,255421227.82994953,1,2.9615789701288444e+22,8.391185354293352e+22,2.518355209667801e+23,9.98198057693693e+19,1.5459206623212038e-15,5.540847472381249e+22,2.84552153611983e-11,1.002775539439519e+20,2.2438329181517536e-16,1.5860798220706253e+17,9.521451504219533e+16,4548108597438622.0,2.5173556062880057e+23,1.0011894596174488e+20,8.391185354293352e+22
1949052972972.9731,1353.9742903510405,255393162.2152941,1,2.9615789701288444e+22,8.391185354293352e+22,2.518355209667801e+23,9.98198057693693e+19,1.3793253341746262e-15,5.540847472381249e+22,2.5388243221095228e-11,1.002775539439519e+20,2.0022096879839657e-16,1.5860798220706253e+17,9.507714189059926e+16,4685481749034679.0,2.5173556062880057e+23,1.0011894596174488e+20,8.391185354293352e+22
1952211891891.8918,1351.6306506271362,255365305.81694847,1,2.9615789701288444e+22,8.391185354293352e+22,2.518355209667801e+23,9.98198057693693e+19,1.2306828850668118e-15,5.540847472381249e+22,2.2651836778308753e-11,1.002775539439519e+20,1.7866037766059863e-16,1.5860798220706253e+17,9.493671888645211e+16,4825904753181824.0,2.5173556062880057e+23,1.0011894596174488e+20,8.391185354293352e+22
1955370810810.811,1349.2870109032317,255337658.8044678,1,2.9615789701288444e+22,8.391185354293352e+22,2.518355209667801e+23,9.98198057693693e+19,1.0980586706457124e-15,5.540847472381249e+22,2.0210366860074773e-11,1.002775539439519e+20,1.5942138665295339e-16,1.5860798220706253e+17,9.479318334631504e+16,4969440293318902.0,2.5173556062880057e+23,1.0011894596174488e+20,8.391185354293352e+22
1958529729729.73,1346.9433711793274,255310221.33717743,1,2.9615789701288444e+22,8.391185354293352e+22,2.518355209667801e+23,9.98198057693693e+19,9.797265264564191e-16,5.540847472381249e+22,1.8032044492301225e-11,1.002775539439519e+20,1.422540245316205e-16,1.5860798220706253e+17,9.464647153942888e+16,5116152100205067.0,2.5173556062880057e+23,1.0011894596174488e+20,8.391185354293352e+22
1961688648648.649,1344.5997314554231,255282993.5639294,1,2.9615789701288444e+22,8.391185354293352e+22,2.518355209667801e+23,9.98198057693693e+19,8.741463019944649e-16,5.540847472381249e+22,1.6088506993639398e-11,1.002775539439519e+20,1.2693523347470916e-16,1.5860798220706253e+17,9.449651868229736e+16,5266104957336585.0,2.5173556062880057e+23,1.0011894596174488e+20,8.391185354293352e+22
1964847567567.5676,1342.2560917315188,255255975.62285686,1,2.9615789701288444e+22,8.391185354293352e+22,2.518355209667801e+23,9.98198057693693e+19,7.799438157497854e-16,5.540847472381249e+22,1.435444868134035e-11,1.002775539439519e+20,1.1326597157324966e-16,1.5860798220706253e+17,9.434325893395835e+16,5419364705675586.0,2.5173556062880057e+23,1.0011894596174488e+20,8.391185354293352e+22
1968006486486.4866,1339.9124520076145,255229167.64112613,1,2.9615789701288444e+22,8.391185354293352e+22,2.518355209667801e+23,9.98198057693693e+19,6.958929702991138e-16,5.540847472381249e+22,1.2807291380529953e-11,1.002775539439519e+20,1.0106862725492353e-16,1.5860798220706253e+17,9.418662539199074e+16,5575998247643194.0,2.5173556062880057e+23,1.0011894596174488e+20,8.391185354293352e+22
1971165405405.4058,1337.56881228371,255202569.73468757,1,2.9615789701288444e+22,8.391185354293352e+22,2.518355209667801e+23,9.98198057693693e+19,6.208997946705507e-16,5.540847472381249e+22,1.1426890446793586e-11,1.002775539439519e+20,9.01847120591409e-17,1.5860798220706253e+17,9.402655008930658e+16,5736073550327360.0,2.5173556062880057e+23,1.0011894596174488e+20,8.391185354293352e+22
1974324324324.3245,1335.2251725598057,255176182.00802428,1,2.9615789701288444e+22,8.391185354293352e+22,2.518355209667801e+23,9.98198057693693e+19,5.539882062975812e-16,5.540847472381249e+22,1.0195272474359796e-11,1.002775539439519e+20,8.047280179859398e-17,1.5860798220706253e+17,9.386296399178038e+16,5899659647853557.0,2.5173556062880057e+23,1.0011894596174488e+20,8.391185354293352e+22
1977483243243.2434,1332.8815328359015,255150004.55389944,1,2.9615789701288444e+22,8.391185354293352e+22,2.518355209667801e+23,9.98198057693693e+19,4.942873072613495e-16,5.540847472381249e+22,9.096401274732212e-12,1.002775539439519e+20,7.180669936830788e-17,1.5860798220706253e+17,9.369579699676965e+16,6066826642864285.0,2.5173556062880057e+23,1.0011894596174488e+20,8.391185354293352e+22
1980642162162.1624,1330.5378931119972,255124037.4531023,1,2.9615789701288444e+22,8.391185354293352e+22,2.518355209667801e+23,9.98198057693693e+19,4.4102004948808627e-16,5.540847472381249e+22,8.11596907871221e-12,1.002775539439519e+20,6.407379534161344e-17,1.5860798220706253e+17,9.352497793258288e+16,6237645707051049.0,2.5173556062880057e+23,1.0011894596174488e+20,8.391185354293352e+22
1983801081081.081,1328.1942533880929,255098280.77419248,1,2.9615789701288444e+22,8.391185354293352e+22,2.518355209667801e+23,9.98198057693693e+19,3.934931213846093e-16,5.540847472381249e+22,7.241210243174086e-12,1.002775539439519e+20,5.717360506095651e-17,1.5860798220706253e+17,9.335043455895381e+16,6412189080680121.0,2.5173556062880057e+23,1.0011894596174488e+20,8.391185354293352e+22
1986960000000.0002,1325.8506136641884,255072734.57324404,1,2.9615789701288444e+22,8.391185354293352e+22,2.518355209667801e+23,9.98198057693693e+19,3.5108792429097195e-16,5.540847472381249e+22,6.460735036975939e-12,1.002775539439519e+20,5.1016463223476006e-17,1.5860798220706253e+17,9.317209356858293e+16,6590530071051007.0,2.5173556062880057e+23,1.0011894596174488e+20,8.391185354293352e+22
1990118918918.9192,1323.506973940284,255047398.89358735,1,2.9615789701288444e+22,8.391185354293352e+22,2.518355209667801e+23,9.98198057693693e+19,3.1325252131254607e-16,5.540847472381249e+22,5.764381341828276e-12,1.002775539439519e+20,4.5522359006575005e-17,1.5860798220706253e+17,9.298988058980987e+16,6772743049824060.0,2.5173556062880057e+23,1.0011894596174488e+20,8.391185354293352e+22
1993277837837.838,1321.1633342163798,255022273.76555145,1,2.9615789701288444e+22,8.391185354293352e+22,2.518355209667801e+23,9.98198057693693e+19,2.7949445374869337e-16,5.540847472381249e+22,5.143082337202757e-12,1.002775539439519e+20,4.061989660384975e-17,1.5860798220706253e+17,9.280372019048275e+16,6958903449151177.0,2.5173556062880057e+23,1.0011894596174488e+20,8.391185354293352e+22
1996436756756.7568,1318.8196944924755,254997359.20620462,1,2.9615789701288444e+22,8.391185354293352e+22,2.518355209667801e+23,9.98198057693693e+19,2.4937433162639665e-16,5.540847472381249e+22,4.588748446482458e-12,1.002775539439519e+20,3.6245367670414854e-17,1.5860798220706253e+17,9.261353588309301e+16,7149087756540924.0,2.5173556062880057e+23,1.0011894596174488e+20,8.391185354293352e+22
1999595675675.6758,1316.4760547685712,254972655.21909547,1,2.9615789701288444e+22,8.391185354293352e+22,2.518355209667801e+23,9.98198057693693e+19,2.2250011492172167e-16,5.540847472381249e+22,4.0941620072424396e-12,1.002775539439519e+20,3.234192363002461e-17,1.5860798220706253e+17,9.241925013124712e+16,7343373508386804.0,2.5173556062880057e+23,1.0011894596174488e+20,8.391185354293352e+22
2002754594594.5947,1314.1324150446667,254948161.79399318,1,2.9615789701288444e+22,8.391185354293352e+22,2.518355209667801e+23,9.98198057693693e+19,1.9852201104088792e-16,5.540847472381249e+22,3.652883294222984e-12,1.002775539439519e+20,2.885883709330626e-17,1.5860798220706253e+17,9.222078435754922e+16,7541839282084701.0,2.5173556062880057e+23,1.0011894596174488e+20,8.391185354293352e+22
2005913513513.5137,1311.7887753207624,254923878.9066281,1,2.9615789701288444e+22,8.391185354293352e+22,2.518355209667801e+23,9.98198057693693e+19,1.7712792215300253e-16,5.540847472381249e+22,3.2591666713747625e-12,1.002775539439519e+20,2.575084279373307e-17,1.5860798220706253e+17,9.201805895297112e+16,7744564686662792.0,2.5173556062880057e+23,1.0011894596174488e+20,8.391185354293352e+22
2009072432432.4326,1309.445135596858,254899806.5184322,1,2.9615789701288444e+22,8.391185354293352e+22,2.518355209667801e+23,9.98198057693693e+19,1.5803938312254695e-16,5.540847472381249e+22,2.9078857812399735e-12,1.002775539439519e+20,2.2977549480696197e-17,1.5860798220706253e+17,9.181099328778947e+16,7951630351844445.0,2.5173556062880057e+23,1.0011894596174488e+20,8.391185354293352e+22
2012231351351.3516,1307.1014958729538,254875944.57628003,1,2.9615789701288444e+22,8.391185354293352e+22,2.518355209667801e+23,9.98198057693693e+19,1.4100793717462088e-16,5.540847472381249e+22,2.5944667976034608e-12,1.002775539439519e+20,2.050291513060214e-17,1.5860798220706253e+17,9.159950572417214e+16,8163117915461774.0,2.5173556062880057e+23,1.0011894596174488e+20,8.391185354293352e+22
2015390270270.2703,1304.7578561490495,254852293.01223037,1,2.9615789701288444e+22,8.391185354293352e+22,2.518355209667801e+23,9.98198057693693e+19,1.2581190212284e-16,5.540847472381249e+22,2.314828872335017e-12,1.002775539439519e+20,1.8294778659279295e-17,1.5860798220706253e+17,9.138351363049923e+16,8379110009134688.0,2.5173556062880057e+23,1.0011894596174488e+20,8.391185354293352e+22
2018549189189.1895,1302.414216425145,254828851.74326858,1,2.9615789701288444e+22,8.391185354293352e+22,2.518355209667801e+23,9.98198057693693e+19,1.1225348507278915e-16,5.540847472381249e+22,2.0653310010154892e-12,1.002775539439519e+20,1.6324442052819923e-17,1.5860798220706253e+17,9.11629333975066e+16,8599690242127333.0,2.5173556062880057e+23,1.0011894596174488e+20,8.391185354293352e+22
2021708108108.1084,1300.0705767012407,254805620.67105016,1,2.9615789701288444e+22,8.391185354293352e+22,2.518355209667801e+23,9.98198057693693e+19,1.0015620804920247e-16,5.540847472381249e+22,1.8427246155146015e-12,1.002775539439519e+20,1.4566297488820987e-17,1.5860798220706253e+17,9.0937680456343e+16,8824943183290920.0,2.5173556062880057e+23,1.0011894596174488e+20,8.391185354293352e+22
2024867027027.027,1297.7269369773364,254782599.68164557,1,2.9615789701288444e+22,8.391185354293352e+22,2.518355209667801e+23,9.98198057693693e+19,8.936261104160174e-17,5.540847472381249e+22,1.6441112862557423e-12,1.002775539439519e+20,1.2997494604341214e-17,1.5860798220706253e+17,9.070766929863496e+16,9054954340998974.0,2.5173556062880057e+23,1.0011894596174488e+20,8.391185354293352e+22
2028025945945.946,1295.3832972534321,254759788.64528656,1,2.9615789701288444e+22,8.391185354293352e+22,2.518355209667801e+23,9.98198057693693e+19,7.97322025736312e-17,5.540847472381249e+22,1.4669049834332622e-12,1.002775539439519e+20,1.1597643588333224e-17,1.5860798220706253e+17,9.047281349865589e+16,9289810140978048.0,2.5173556062880057e+23,1.0011894596174488e+20,8.391185354293352e+22
2031184864864.865,1293.0396575295279,254737187.41611448,1,2.9615789701288444e+22,8.391185354293352e+22,2.518355209667801e+23,9.98198057693693e+19,7.1139631122772e-17,5.540847472381249e+22,1.308798405807321e-12,1.002775539439519e+20,1.0348550241625359e-17,1.5860798220706253e+17,9.023302573769997e+16,9529597901933974.0,2.5173556062880057e+23,1.0011894596174488e+20,8.391185354293352e+22
2034343783783.784,1290.6960178056233,254714795.8319306,1,2.9615789701288444e+22,8.391185354293352e+22,2.518355209667801e+23,9.98198057693693e+19,6.347305359142724e-17,5.540847472381249e+22,1.167732938662906e-12,1.002775539439519e+20,9.233979562745767e-18,1.5860798220706253e+17,8.998821783076322e+16,9774405808870728.0,2.5173556062880057e+23,1.0011894596174488e+20,8.391185354293352e+22
2037502702702.703,1288.352378081719,254692613.71394905,1,2.9615789701288444e+22,8.391185354293352e+22,2.518355209667801e+23,9.98198057693693e+19,5.663267959494443e-17,5.540847472381249e+22,1.0418718497729078e-12,1.002775539439519e+20,8.239444788407649e-18,1.5860798220706253e+17,8.973830075563794e+16,1.002432288399601e+16,2.5173556062880057e+23,1.0011894596174488e+20,8.391185354293352e+22
2040661621621.6218,1286.0087383578148,254670640.8665521,1,2.9615789701288444e+22,8.391185354293352e+22,2.518355209667801e+23,9.98198057693693e+19,5.0529472620360306e-17,5.540847472381249e+22,9.295763743653163e-13,1.002775539439519e+20,7.352019148106808e-18,1.5860798220706253e+17,8.94831846845293e+16,1.0279438955104646e+16,2.5173556062880057e+23,1.0011894596174488e+20,8.391185354293352e+22
2043820540540.5405,1283.6650986339105,254648877.07704872,1,2.9615789701288444e+22,8.391185354293352e+22,2.518355209667801e+23,9.98198057693693e+19,4.5083991151300195e-17,5.540847472381249e+22,8.293843777106689e-13,1.002775539439519e+20,6.560167887327447e-18,1.5860798220706253e+17,8.922277901830595e+16,1.0539844621327998e+16,2.5173556062880057e+23,1.0011894596174488e+20,8.391185354293352e+22
2046979459459.4595,1281.3214589100062,254627322.115436,1,2.9615789701288444e+22,8.391185354293352e+22,2.518355209667801e+23,9.98198057693693e+19,4.022535467609925e-17,5.540847472381249e+22,7.39991317507584e-13,1.002775539439519e+20,5.853598377130131e-18,1.5860798220706253e+17,8.895699242349931e+16,1.0805631216134642e+16,2.5173556062880057e+23,1.0011894596174488e+20,8.391185354293352e+22
2050138378378.3787,1278.9778191861017,254605975.73416486,1,2.9615789701288444e+22,8.391185354293352e+22,2.518355209667801e+23,9.98198057693693e+19,3.5890321121555886e-17,5.540847472381249e+22,6.602332581885646e-13,1.002775539439519e+20,5.223126362834417e-18,1.5860798220706253e+17,8.868573287216925e+16,1.10768907674647e+16,2.5173556062880057e+23,1.0011894596174488e+20,8.391185354293352e+22
2053297297297.2976,1276.6341794621974,254584837.66790906,1,2.9615789701288444e+22,8.391185354293352e+22,2.518355209667801e+23,9.98198057693693e+19,3.202246370492101e-17,5.540847472381249e+22,5.890717159851274e-13,1.002775539439519e+20,4.660556614153265e-18,1.5860798220706253e+17,8.840890768475651e+16,1.135371595487743e+16,2.5173556062880057e+23,1.0011894596174488e+20,8.391185354293352e+22
2056456216216.2163,1274.290539738293,254563907.6333385,1,2.9615789701288444e+22,8.391185354293352e+22,2.518355209667801e+23,9.98198057693693e+19,2.8571436490650304e-17,5.540847472381249e+22,5.255801374285766e-13,1.002775539439519e+20,4.15857642621247e-18,1.5860798220706253e+17,8.812642357604502e+16,1.1636200063588924e+16,2.5173556062880057e+23,1.0011894596174488e+20,8.391185354293352e+22
2059615135135.1353,1271.9469000143888,254543185.3288975,1,2.9615789701288444e+22,8.391185354293352e+22,2.518355209667801e+23,9.98198057693693e+19,2.5492319092936717e-17,5.540847472381249e+22,4.689318352307643e-13,1.002775539439519e+20,3.710660587825146e-18,1.5860798220706253e+17,8.783818670435982e+16,1.192443693527413e+16,2.5173556062880057e+23,1.0011894596174488e+20,8.391185354293352e+22
2062774054054.0542,1269.6032602904845,254522670.43458718,1,2.9615789701288444e+22,8.391185354293352e+22,2.518355209667801e+23,9.98198057693693e+19,2.2745031995124023e-17,5.540847472381249e+22,4.1838922446489054e-13,1.002775539439519e+20,3.3109865823551418e-18,1.5860798220706253e+17,8.754410272412906e+16,1.2218520915504892e+16,2.5173556062880057e+23,1.0011894596174488e+20,8.391185354293352e+22
2065932972972.9731,1267.25962056658,254502362.61175388,1,2.9615789701288444e+22,8.391185354293352e+22,2.518355209667801e+23,9.98198057693693e+19,2.0293814876182595e-17,5.540847472381249e+22,3.732942188968458e-13,1.002775539439519e+20,2.9543589194321076e-18,1.5860798220706253e+17,8.724407684194069e+16,1.251854679769326e+16,2.5173556062880057e+23,1.0011894596174488e+20,8.391185354293352e+22
2069091891891.892,1264.9159808426757,254482261.50288284,1,2.9615789701288444e+22,8.391185354293352e+22,2.518355209667801e+23,9.98198057693693e+19,1.8106761154471475e-17,5.540847472381249e+22,3.330596624232605e-13,1.002775539439519e+20,2.6361416143968875e-18,1.5860798220706253e+17,8.693801387622686e+16,1.2824609763407082e+16,2.5173556062880057e+23,1.0011894596174488e+20,8.391185354293352e+22
2072250810810.811,1262.5723411187714,254462366.7313973,1,2.9615789701288444e+22,8.391185354293352e+22,2.518355209667801e+23,9.98198057693693e+19,1.615540269068341e-17,5.540847472381249e+22,2.9716168404994703e-13,1.002775539439519e+20,2.3521979382038044e-18,1.5860798220706253e+17,8.662581832071118e+16,1.3136805318922764e+16,2.5173556062880057e+23,1.0011894596174488e+20,8.391185354293352e+22
2075409729729.7297,1260.2287013948671,254442677.90146467,1,2.9615789701288444e+22,8.391185354293352e+22,2.518355209667801e+23,9.98198057693693e+19,1.4414339244698782e-17,5.540847472381249e+22,2.6513287686931075e-13,1.002775539439519e+20,2.0988366549573942e-18,1.5860798220706253e+17,8.630739441175578e+16,1.3455229227878178e+16,2.5173556062880057e+23,1.0011894596174488e+20,8.391185354293352e+22
2078568648648.6487,1257.8850616709628,254423194.5978086,1,2.9615789701288444e+22,8.391185354293352e+22,2.518355209667801e+23,9.98198057693693e+19,1.2860907863553941e-17,5.540847472381249e+22,2.365562122241232e-13,1.002775539439519e+20,1.8727640485450276e-18,1.5860798220706253e+17,8.598264619974698e+16,1.3779977439886974e+16,2.5173556062880057e+23,1.0011894596174488e+20,8.391185354293352e+22
2081727567567.5676,1255.5414219470586,254403916.3855287,1,2.9615789701288444e+22,8.391185354293352e+22,2.518355209667801e+23,9.98198057693693e+19,1.1474887897440672e-17,5.540847472381249e+22,2.1105960981748646e-13,1.002775539439519e+20,1.6710411150351206e-18,1.5860798220706253e+17,8.565147762465987e+16,1.4111146014974082e+16,2.5173556062880057e+23,1.0011894596174488e+20,8.391185354293352e+22
2084886486486.4866,1253.1977822231543,254384842.80992672,1,2.9615789701288444e+22,8.391185354293352e+22,2.518355209667801e+23,9.98198057693693e+19,1.0238237804360858e-17,5.540847472381249e+22,1.8831109306951847e-13,1.002775539439519e+20,1.4910453646236919e-18,1.5860798220706253e+17,8.531379259594299e+16,1.4448831043690962e+16,2.5173556062880057e+23,1.0011894596174488e+20,8.391185354293352e+22
2088045405405.4053,1250.85414249925,254365973.3963412,1,2.9615789701288444e+22,8.391185354293352e+22,2.518355209667801e+23,9.98198057693693e+19,9.134860317798187e-18,5.540847472381249e+22,1.6801446664144676e-13,1.002775539439519e+20,1.3304367367979818e-18,1.5860798220706253e+17,8.49694950768657e+16,1.4793128562768258e+16,2.5173556062880057e+23,1.0011894596174488e+20,8.391185354293352e+22
2091204324324.3247,1248.5105027753455,254347307.64998987,1,2.9615789701288444e+22,8.391185354293352e+22,2.518355209667801e+23,9.98198057693693e+19,8.150392920921706e-18,5.540847472381249e+22,1.4990545984664125e-13,1.002775539439519e+20,1.187127185825686e-18,1.5860798220706253e+17,8.461848917347109e+16,1.514413446616286e+16,2.5173556062880057e+23,1.0011894596174488e+20,8.391185354293352e+22
2094363243243.2437,1246.1668630514412,254328845.05582026,1,2.9615789701288444e+22,8.391185354293352e+22,2.518355209667801e+23,9.98198057693693e+19,7.272020900209142e-18,5.540847472381249e+22,1.3374828573416153e-13,1.002775539439519e+20,1.0592535413637542e-18,1.5860798220706253e+17,8.426067922827781e+16,1.5501944411356148e+16,2.5173556062880057e+23,1.0011894596174488e+20,8.391185354293352e+22
2097522162162.1624,1243.8232233275369,254310585.0783693,1,2.9615789701288444e+22,8.391185354293352e+22,2.518355209667801e+23,9.98198057693693e+19,6.488310545257069e-18,5.540847472381249e+22,1.1933257104262651e-13,1.002775539439519e+20,9.45153291532789e-19,1.5860798220706253e+17,8.389596991887362e+16,1.5866653720760336e+16,2.5173556062880057e+23,1.0011894596174488e+20,8.391185354293352e+22
2100681081081.0813,1241.4795836036326,254292527.16163203,1,2.9615789701288444e+22,8.391185354293352e+22,2.518355209667801e+23,9.98198057693693e+19,5.789060323755613e-18,5.540847472381249e+22,1.0647061705110369e-13,1.002775539439519e+20,8.43342973773356e-19,1.5860798220706253e+17,8.352426636154362e+16,1.623835727809033e+16,2.5173556062880057e+23,1.0011894596174488e+20,8.391185354293352e+22
2103840000000.0002,1239.1359438797283,254274670.72893977,1,2.9615789701288444e+22,8.391185354293352e+22,2.518355209667801e+23,9.98198057693693e+19,5.165168094560046e-18,5.540847472381249e+22,9.499495566213408e-14,1.002775539439519e+20,7.524988926831238e-19,1.5860798220706253e+17,8.31454742200744e+16,1.6617149419559552e+16,2.5173556062880057e+23,1.0011894596174488e+20,8.391185354293352e+22
2106998918918.919,1236.792304155824,254257015.18284792,1,2.9615789701288444e+22,8.391185354293352e+22,2.518355209667801e+23,9.98198057693693e+19,4.608512630534677e-18,5.540847472381249e+22,8.475616889605765e-14,1.002775539439519e+20,6.714399142681282e-19,1.5860798220706253e+17,8.275949981987426e+16,1.7003123819759704e+16,2.5173556062880057e+23,1.0011894596174488e+20,8.391185354293352e+22
2110157837837.838,1234.4486644319197,254239559.9050345,1,2.9615789701288444e+22,8.391185354293352e+22,2.518355209667801e+23,9.98198057693693e+19,4.111847909093233e-18,5.540847472381249e+22,7.562094340552976e-14,1.002775539439519e+20,5.991121130206277e-19,1.5860798220706253e+17,8.236625026754752e+16,1.7396373372086432e+16,2.5173556062880057e+23,1.0011894596174488e+20,8.391185354293352e+22
2113316756756.7568,1232.1050247080154,254222304.25620854,1,2.9615789701288444e+22,8.391185354293352e+22,2.518355209667801e+23,9.98198057693693e+19,3.668708794538345e-18,5.540847472381249e+22,6.747033467918259e-14,1.002775539439519e+20,5.34575072310576e-19,1.5860798220706253e+17,8.196563357605842e+16,1.7796990063575542e+16,2.5173556062880057e+23,1.0011894596174488e+20,8.391185354293352e+22
2116475675675.6755,1229.7613849841111,254205247.57602984,1,2.9615789701288444e+22,8.391185354293352e+22,2.518355209667801e+23,9.98198057693693e+19,3.2733268845733347e-18,5.540847472381249e+22,6.01982183336267e-14,1.002775539439519e+20,4.769896600601037e-19,1.5860798220706253e+17,8.155755879561634e+16,1.8205064844017616e+16,2.5173556062880057e+23,1.0011894596174488e+20,8.391185354293352e+22
2119634594594.5945,1227.4177452602069,254188389.18303964,1,2.9615789701288444e+22,8.391185354293352e+22,2.518355209667801e+23,9.98198057693693e+19,2.9205554256522115e-18,5.540847472381249e+22,5.370990832895766e-14,1.002775539439519e+20,4.25607120839835e-19,1.5860798220706253e+17,8.114193615041109e+16,1.862068748922286e+16,2.5173556062880057e+23,1.0011894596174488e+20,8.391185354293352e+22
2122793513513.514,1225.0741055363023,254171728.3746032,1,2.9615789701288444e+22,8.391185354293352e+22,2.518355209667801e+23,9.98198057693693e+19,2.6058023198705163e-18,5.540847472381249e+22,4.7920924116347356e-14,1.002775539439519e+20,3.7975934263139587e-19,1.5860798220706253e+17,8.071867718132133e+16,1.9043946458312628e+16,2.5173556062880057e+23,1.0011894596174488e+20,8.391185354293352e+22
2125952432432.4326,1222.730465812398,254155264.42686406,1,2.9615789701288444e+22,8.391185354293352e+22,2.518355209667801e+23,9.98198057693693e+19,2.3249703514162868e-18,5.540847472381249e+22,4.2755890665458675e-14,1.002775539439519e+20,3.38850171764161e-19,1.5860798220706253e+17,8.028769489471442e+16,1.9474928744919544e+16,2.5173556062880057e+23,1.0011894596174488e+20,8.391185354293352e+22
2129111351351.3516,1220.3868260884938,254138996.59471008,1,2.9615789701288444e+22,8.391185354293352e+22,2.518355209667801e+23,9.98198057693693e+19,2.074403854568118e-18,5.540847472381249e+22,3.814755704957377e-14,1.002775539439519e+20,3.0234766315466166e-19,1.5860798220706253e+17,7.984890391744957e+16,1.9913719722184396e+16,2.5173556062880057e+23,1.0011894596174488e+20,8.391185354293352e+22
2132270270270.2705,1218.0431863645895,254122924.1117529,1,2.9615789701288444e+22,8.391185354293352e+22,2.518355209667801e+23,9.98198057693693e+19,1.850841129068606e-18,5.540847472381249e+22,3.4035920809998025e-14,1.002775539439519e+20,2.6977716513075064e-19,1.5860798220706253e+17,7.940222065818886e+16,2.0360402981445108e+16,2.5173556062880057e+23,1.0011894596174488e+20,8.391185354293352e+22
2135429189189.1895,1215.6995466406852,254107046.19031927,1,2.9615789701288444e+22,8.391185354293352e+22,2.518355209667801e+23,9.98198057693693e+19,1.6513719835080401e-18,5.540847472381249e+22,3.036744669859273e-14,1.002775539439519e+20,2.407151489678734e-19,1.5860798220706253e+17,7.89475634751127e+16,2.0815060164521264e+16,2.5173556062880057e+23,1.0011894596174488e+20,8.391185354293352e+22
2138588108108.1082,1213.355906916781,254091362.02145594,1,2.9615789701288444e+22,8.391185354293352e+22,2.518355209667801e+23,9.98198057693693e+19,1.4733998540982668e-18,5.540847472381249e+22,2.7094369626132763e-14,1.002775539439519e+20,2.147837029421964e-19,1.5860798220706253e+17,7.848485285012728e+16,2.127777078950669e+16,2.5173556062880057e+23,1.0011894596174488e+20,8.391185354293352e+22
2141747027027.027,1211.0122671928766,254075870.77494797,1,2.9615789701288444e+22,8.391185354293352e+22,2.518355209667801e+23,9.98198057693693e+19,1.3146080057691546e-18,5.540847472381249e+22,2.4174072740581278e-14,1.002775539439519e+20,1.9164561934074044e-19,1.5860798220706253e+17,7.801401156964114e+16,2.1748612069992828e+16,2.5173556062880057e+23,1.0011894596174488e+20,8.391185354293352e+22
2144905945945.946,1208.6686274689723,254060571.59935012,1,2.9615789701288444e+22,8.391185354293352e+22,2.518355209667801e+23,9.98198057693693e+19,1.1729293756550945e-18,5.540847472381249e+22,2.1568532537596652e-14,1.002775539439519e+20,1.710000105743562e-19,1.5860798220706253e+17,7.753496491197702e+16,2.222765872765694e+16,2.5173556062880057e+23,1.0011894596174488e+20,8.391185354293352e+22
2148064864864.8647,1206.324987745068,254045463.6220327,1,2.9615789701288444e+22,8.391185354293352e+22,2.518355209667801e+23,9.98198057693693e+19,1.0465196664478663e-18,5.540847472381249e+22,1.924382377837502e-14,1.002775539439519e+20,1.5257839741524364e-19,1.5860798220706253e+17,7.704764084147238e+16,2.271498279816158e+16,2.5173556062880057e+23,1.0011894596174488e+20,8.391185354293352e+22
2151223783783.7837,1203.9813480211637,254030545.9492411,1,2.9615789701288444e+22,8.391185354293352e+22,2.518355209667801e+23,9.98198057693693e+19,9.337333393922843e-19,5.540847472381249e+22,1.7169677768648818e-14,1.002775539439519e+20,1.3614121851628883e-19,1.5860798220706253e+17,7.655197020930829e+16,2.3210653430325676e+16,2.5173556062880057e+23,1.0011894596174488e+20,8.391185354293352e+22
2154382702702.7031,1201.6377082972592,254015817.66616964,1,2.9615789701288444e+22,8.391185354293352e+22,2.518355209667801e+23,9.98198057693693e+19,8.331021944426799e-19,5.540847472381249e+22,1.5319088247446353e-14,1.002775539439519e+20,1.2147471584440636e-19,1.5860798220706253e+17,7.604788696109149e+16,2.3714736678542484e+16,2.5173556062880057e+23,1.0011894596174488e+20,8.391185354293352e+22
2157541621621.6218,1199.294068573355,254001277.83705008,1,2.9615789701288444e+22,8.391185354293352e+22,2.518355209667801e+23,9.98198057693693e+19,7.433162587727437e-19,5.540847472381249e+22,1.3667959754116975e-14,1.002775539439519e+20,1.0838815554542914e-19,1.5860798220706253e+17,7.553532835119774e+16,2.4227295288436224e+16,2.5173556062880057e+23,1.0011894596174488e+20,8.391185354293352e+22
2160700540540.5408,1196.9504288494506,253986925.5052548,1,2.9615789701288444e+22,8.391185354293352e+22,2.518355209667801e+23,9.98198057693693e+19,6.632067348768622e-19,5.540847472381249e+22,1.2194793895211259e-14,1.002775539439519e+20,9.671134811743079e-20,1.5860798220706253e+17,7.501423516386688e+16,2.4748388475767092e+16,2.5173556062880057e+23,1.0011894596174488e+20,8.391185354293352e+22
2163859459459.4597,1194.6067891255464,253972759.69341442,1,2.9615789701288444e+22,8.391185354293352e+22,2.518355209667801e+23,9.98198057693693e+19,5.917307863088671e-19,5.540847472381249e+22,1.0880409426277935e-14,1.002775539439519e+20,8.629243565930229e-20,1.5860798220706253e+17,7.448455194102022e+16,2.527807169861374e+16,2.5173556062880057e+23,1.0011894596174488e+20,8.391185354293352e+22
2167018378378.3784,1192.263149401642,253958779.4035507,1,2.9615789701288444e+22,8.391185354293352e+22,2.518355209667801e+23,9.98198057693693e+19,5.279579630229766e-19,5.540847472381249e+22,9.707692503923776e-15,1.002775539439519e+20,7.699591743245441e-20,1.5860798220706253e+17,7.394622721675058e+16,2.581639642288338e+16,2.5173556062880057e+23,1.0011894596174488e+20,8.391185354293352e+22
2170177297297.2974,1189.9195096777378,253944983.6172246,1,2.9615789701288444e+22,8.391185354293352e+22,2.518355209667801e+23,9.98198057693693e+19,4.710580896230127e-19,5.540847472381249e+22,8.661373856312323e-15,1.002775539439519e+20,6.870088807082279e-20,1.5860798220706253e+17,7.339921375841165e+16,2.6363409881222308e+16,2.5173556062880057e+23,1.0011894596174488e+20,8.391185354293352e+22
2173336216216.2163,1187.5758699538335,253931371.2956993,1,2.9615789701288444e+22,8.391185354293352e+22,2.518355209667801e+23,9.98198057693693e+19,4.202904588674148e-19,5.540847472381249e+22,7.727829970766825e-15,1.002775539439519e+20,6.129946553813148e-20,1.5860798220706253e+17,7.284346881420997e+16,2.691915482542399e+16,2.5173556062880057e+23,1.0011894596174488e+20,8.391185354293352e+22
2176495135135.1353,1185.2322302299292,253917941.38011855,1,2.9615789701288444e+22,8.391185354293352e+22,2.518355209667801e+23,9.98198057693693e+19,3.7499418976706604e-19,5.540847472381249e+22,6.8949057098556154e-15,1.002775539439519e+20,5.469538839755055e-20,1.5860798220706253e+17,7.227895436717587e+16,2.748366927245809e+16,2.5173556062880057e+23,1.0011894596174488e+20,8.391185354293352e+22
2179654054054.054,1182.888590506025,253904692.7917001,1,2.9615789701288444e+22,8.391185354293352e+22,2.518355209667801e+23,9.98198057693693e+19,3.3457962477155376e-19,5.540847472381249e+22,6.151756046346119e-15,1.002775539439519e+20,4.8802764159479984e-20,1.5860798220706253e+17,7.170563739536232e+16,2.8056986244271636e+16,2.5173556062880057e+23,1.0011894596174488e+20,8.391185354293352e+22
2182812972972.9734,1180.5449507821204,253891624.431945,1,2.9615789701288444e+22,8.391185354293352e+22,2.518355209667801e+23,9.98198057693693e+19,2.9852065406454923e-19,5.540847472381249e+22,5.488704856349445e-15,1.002775539439519e+20,4.3544952436851205e-20,1.5860798220706253e+17,7.112349013809031e+16,2.8639133501543644e+16,2.5173556062880057e+23,1.0011894596174488e+20,8.391185354293352e+22
2185971891891.8923,1178.201311058216,253878735.18286183,1,2.9615789701288444e+22,8.391185354293352e+22,2.518355209667801e+23,9.98198057693693e+19,2.6634786705652526e-19,5.540847472381249e+22,4.897118932082405e-15,1.002775539439519e+20,3.885356838951388e-20,1.5860798220706253e+17,7.053249036802795e+16,2.9230133271606004e+16,2.5173556062880057e+23,1.0011894596174488e+20,8.391185354293352e+22
2189130810810.811,1175.8576713343118,253866023.90720618,1,2.9615789701288444e+22,8.391185354293352e+22,2.518355209667801e+23,9.98198057693693e+19,2.376424419301134e-19,5.540847472381249e+22,4.369295573839666e-15,1.002775539439519e+20,3.4667593502793675e-20,1.5860798220706253e+17,6.993262166885643e+16,2.9830001970777524e+16,2.5173556062880057e+23,1.0011894596174488e+20,8.391185354293352e+22
2192289729729.73,1173.5140316104075,253853489.448736,1,2.9615789701288444e+22,8.391185354293352e+22,2.518355209667801e+23,9.98198057693693e+19,2.1203069370017588e-19,5.540847472381249e+22,3.8983622975758384e-15,1.002775539439519e+20,3.093258214043824e-20,1.5860798220706253e+17,6.93238737182403e+16,3.043874992139365e+16,2.5173556062880057e+23,1.0011894596174488e+20,8.391185354293352e+22
2195448648648.649,1171.1703918865032,253841130.63248116,1,2.9615789701288444e+22,8.391185354293352e+22,2.518355209667801e+23,9.98198057693693e+19,1.891792098221583e-19,5.540847472381249e+22,3.4781873522476508e-15,1.002775539439519e+20,2.759995355708277e-20,1.5860798220706253e+17,6.870624257578163e+16,3.1056381063852324e+16,2.5173556062880057e+23,1.0011894596174488e+20,8.391185354293352e+22
2198607567567.5676,1168.826752162599,253828946.2650293,1,2.9615789701288444e+22,8.391185354293352e+22,2.518355209667801e+23,9.98198057693693e+19,1.687905100300865e-19,5.540847472381249e+22,3.1032998818140694e-15,1.002775539439519e+20,2.462636016620068e-20,1.5860798220706253e+17,6.807973097559755e+16,3.1682892664036404e+16,2.5173556062880057e+23,1.0011894596174488e+20,8.391185354293352e+22
2201766486486.487,1166.4831124386947,253816935.1348259,1,2.9615789701288444e+22,8.391185354293352e+22,2.518355209667801e+23,9.98198057693693e+19,1.5059917390918905e-19,5.540847472381249e+22,2.768818692369714e-15,1.002775539439519e+20,2.19731238507348e-20,1.5860798220706253e+17,6.744434862311886e+16,3.2318275016515096e+16,2.5173556062880057e+23,1.0011894596174488e+20,8.391185354293352e+22
2204925405405.4053,1164.1394727147904,253805096.0124893,1,2.9615789701288444e+22,8.391185354293352e+22,2.518355209667801e+23,9.98198057693693e+19,1.343683857964053e-19,5.540847472381249e+22,2.4703886969294364e-15,1.002775539439519e+20,1.960573298807751e-20,1.5860798220706253e+17,6.68001124956629e+16,3.2962511143971064e+16,2.5173556062880057e+23,1.0011894596174488e+20,8.391185354293352e+22
2208084324324.324,1161.795832990886,253793427.65114084,1,2.9615789701288444e+22,8.391185354293352e+22,2.518355209667801e+23,9.98198057693693e+19,1.1988685203420195e-19,5.540847472381249e+22,2.2041242103481954e-15,1.002775539439519e+20,1.7493393650299077e-20,1.5860798220706253e+17,6.614704714628783e+16,3.3615576493346132e+16,2.5173556062880057e+23,1.0011894596174488e+20,8.391185354293352e+22
2211243243243.243,1159.4521932669818,253781928.786749,1,2.9615789701288444e+22,8.391185354293352e+22,2.518355209667801e+23,9.98198057693693e+19,1.0696605044989631e-19,5.540847472381249e+22,1.966558356052024e-15,1.002775539439519e+20,1.5608629144763852e-20,1.5860798220706253e+17,6.54851850103871e+16,3.427743862924686e+16,2.5173556062880057e+23,1.0011894596174488e+20,8.391185354293352e+22
2214402162162.1626,1157.1085535430773,253770598.13848823,1,2.9615789701288444e+22,8.391185354293352e+22,2.518355209667801e+23,9.98198057693693e+19,9.543777625712911e-20,5.540847472381249e+22,1.7545979258342693e-15,1.002775539439519e+20,1.3926922688668718e-20,1.5860798220706253e+17,6.481456671443222e+16,3.494805692520174e+16,2.5173556062880057e+23,1.0011894596174488e+20,8.391185354293352e+22
2217561081081.0815,1154.764913819173,253759434.4091115,1,2.9615789701288444e+22,8.391185354293352e+22,2.518355209667801e+23,9.98198057693693e+19,8.515195243455924e-20,5.540847472381249e+22,1.565483104972491e-15,1.002775539439519e+20,1.2426398571768355e-20,1.5860798220706253e+17,6.413524138621982e+16,3.5627382253414136e+16,2.5173556062880057e+23,1.0011894596174488e+20,8.391185354293352e+22
2220720000000.0005,1152.4212740952687,253748436.28533655,1,2.9615789701288444e+22,8.391185354293352e+22,2.518355209667801e+23,9.98198057693693e+19,7.597467607946664e-20,5.540847472381249e+22,1.3967515382699683e-15,1.002775539439519e+20,1.1087537661887971e-20,1.5860798220706253e+17,6.344726696592437e+16,3.631535667370959e+16,2.5173556062880057e+23,1.0011894596174488e+20,8.391185354293352e+22
2223878918918.919,1150.0776343713644,253737602.4382462,1,2.9615789701288444e+22,8.391185354293352e+22,2.518355209667801e+23,9.98198057693693e+19,6.778647530557004e-20,5.540847472381249e+22,1.2462062691464208e-15,1.002775539439519e+20,9.892923554283468e-21,1.5860798220706253e+17,6.275071051720164e+16,3.701191312243232e+16,2.5173556062880057e+23,1.0011894596174488e+20,8.391185354293352e+22
2227037837837.838,1147.7339946474601,253726931.52370077,1,2.9615789701288444e+22,8.391185354293352e+22,2.518355209667801e+23,9.98198057693693e+19,6.048075399497068e-20,5.540847472381249e+22,1.1118871343313082e-15,1.002775539439519e+20,8.827016064286548e-21,1.5860798220706253e+17,6.20456485375302e+16,3.771697510210376e+16,2.5173556062880057e+23,1.0011894596174488e+20,8.391185354293352e+22
2230196756756.757,1145.3903549235558,253716422.18276447,1,2.9615789701288444e+22,8.391185354293352e+22,2.518355209667801e+23,9.98198057693693e+19,5.396240415938667e-20,5.540847472381249e+22,9.920452417064772e-16,1.002775539439519e+20,7.87594911814381e-21,1.5860798220706253e+17,6.133216726691808e+16,3.843045637271588e+16,2.5173556062880057e+23,1.0011894596174488e+20,8.391185354293352e+22
2233355675675.676,1143.0467151996515,253706073.04214302,1,2.9615789701288444e+22,8.391185354293352e+22,2.518355209667801e+23,9.98198057693693e+19,4.814656784758858e-20,5.540847472381249e+22,8.851201989888438e-16,1.002775539439519e+20,7.02735041415304e-21,1.5860798220706253e+17,6.061036299404101e+16,3.915226064559295e+16,2.5173556062880057e+23,1.0011894596174488e+20,8.391185354293352e+22
2236514594594.5947,1140.7030754757473,253695882.71463415,1,2.9615789701288444e+22,8.391185354293352e+22,2.518355209667801e+23,9.98198057693693e+19,4.295753248256465e-20,5.540847472381249e+22,7.897197967608934e-16,1.002775539439519e+20,6.270180509228799e-21,1.5860798220706253e+17,5.9880342358815704e+16,3.988228128081826e+16,2.5173556062880057e+23,1.0011894596174488e+20,8.391185354293352e+22
2239673513513.5137,1138.359435751843,253685849.79958916,1,2.9615789701288444e+22,8.391185354293352e+22,2.518355209667801e+23,9.98198057693693e+19,3.8327745248786753e-20,5.540847472381249e+22,7.046018813134412e-16,1.002775539439519e+20,5.594589238580903e-21,1.5860798220706253e+17,5.914222265034819e+16,4.062040098928577e+16,2.5173556062880057e+23,1.0011894596174488e+20,8.391185354293352e+22
2242832432432.4326,1136.0157960279387,253675972.88338584,1,2.9615789701288444e+22,8.391185354293352e+22,2.518355209667801e+23,9.98198057693693e+19,3.4196933699614616e-20,5.540847472381249e+22,6.286581812773739e-16,1.002775539439519e+20,4.9917876015394715e-21,1.5860798220706253e+17,5.839613209913241e+16,4.136649154050155e+16,2.5173556062880057e+23,1.0011894596174488e+20,8.391185354293352e+22
2245991351351.3516,1133.6721563040342,253666250.539912,1,2.9615789701288444e+22,8.391185354293352e+22,2.518355209667801e+23,9.98198057693693e+19,3.0511321137538994e-20,5.540847472381249e+22,5.608998774602568e-16,1.002775539439519e+20,4.4539334476418554e-21,1.5860798220706253e+17,5.764221016230917e+16,4.212041347732479e+16,2.5173556062880057e+23,1.0011894596174488e+20,8.391185354293352e+22
2249150270270.2705,1131.3285165801299,253656681.33105922,1,2.9615789701288444e+22,8.391185354293352e+22,2.518355209667801e+23,9.98198057693693e+19,2.7222926553622365e-20,5.540847472381249e+22,5.00444728000956e-16,1.002775539439519e+20,3.974029476521136e-21,1.5860798220706253e+17,5.6880607800729816e+16,4.288201583890414e+16,2.5173556062880057e+23,1.0011894596174488e+20,8.391185354293352e+22
2252309189189.1895,1128.9848768562256,253647263.80722603,1,2.9615789701288444e+22,8.391185354293352e+22,2.518355209667801e+23,9.98198057693693e+19,2.4288940013206587e-20,5.540847472381249e+22,4.465055812063293e-16,1.002775539439519e+20,3.545832225238094e-21,1.5860798220706253e+17,5.611148774650319e+16,4.365113589313077e+16,2.5173556062880057e+23,1.0011894596174488e+20,8.391185354293352e+22
2255468108108.1084,1126.6412371323213,253637996.50783068,1,2.9615789701288444e+22,8.391185354293352e+22,2.518355209667801e+23,9.98198057693693e+19,2.1671165357044234e-20,5.540847472381249e+22,3.98380126502244e-16,1.002775539439519e+20,3.1637708595553813e-21,1.5860798220706253e+17,5.533502475963921e+16,4.442759887999475e+16,2.5173556062880057e+23,1.0011894596174488e+20,8.391185354293352e+22
2258627027027.0273,1124.297597408417,253628877.96183178,1,2.9615789701288444e+22,8.391185354293352e+22,2.518355209667801e+23,9.98198057693693e+19,1.9335522963263603e-20,5.540847472381249e+22,3.554417500519571e-16,1.002775539439519e+20,2.8228747131259456e-21,1.5860798220706253e+17,5.455140587233756e+16,4.52112177672964e+16,2.5173556062880057e+23,1.0011894596174488e+20,8.391185354293352e+22
2261785945945.9463,1121.9539576845127,253619906.68825766,1,2.9615789701288444e+22,8.391185354293352e+22,2.518355209667801e+23,9.98198057693693e+19,1.7251606097396645e-20,5.540847472381249e+22,3.171313759781295e-16,1.002775539439519e+20,2.5187086323104545e-21,1.5860798220706253e+17,5.3760830619406504e+16,4.600179302022746e+16,2.5173556062880057e+23,1.0011894596174488e+20,8.391185354293352e+22
2264944864864.8647,1119.6103179606084,253611081.19674304,1,2.9615789701288444e+22,8.391185354293352e+22,2.518355209667801e+23,9.98198057693693e+19,1.5392285075264163e-20,5.540847472381249e+22,2.8295018695772356e-16,1.002775539439519e+20,2.2473152858314623e-21,1.5860798220706253e+17,5.296351125323473e+16,4.679911238639923e+16,2.5173556062880057e+23,1.0011894596174488e+20,8.391185354293352e+22
2268103783783.7837,1117.2666782367041,253602399.98807192,1,2.9615789701288444e+22,8.391185354293352e+22,2.518355209667801e+23,9.98198057693693e+19,1.3733354085902207e-20,5.540847472381249e+22,2.524531294088416e-16,1.002775539439519e+20,2.005163689034012e-21,1.5860798220706253e+17,5.215967294167941e+16,4.760295069795455e+16,2.5173556062880057e+23,1.0011894596174488e+20,8.391185354293352e+22
2271262702702.7026,1114.9230385127998,253593861.5547276,1,2.9615789701288444e+22,8.391185354293352e+22,2.518355209667801e+23,9.98198057693693e+19,1.2253216077029982e-20,5.540847472381249e+22,2.252431187042821e-16,1.002775539439519e+20,1.7891032733299305e-21,1.5860798220706253e+17,5.134955394717642e+16,4.8413069692457544e+16,2.5173556062880057e+23,1.0011894596174488e+20,8.391185354293352e+22
2274421621621.6216,1112.5793987888956,253585464.38144773,1,2.9615789701288444e+22,8.391185354293352e+22,2.518355209667801e+23,9.98198057693693e+19,1.093260160102937e-20,5.540847472381249e+22,2.0096586896123634e-16,1.002775539439519e+20,1.5963229035079876e-21,1.5860798220706253e+17,5.053340578532468e+16,4.922921785430928e+16,2.5173556062880057e+23,1.0011894596174488e+20,8.391185354293352e+22
2277580540540.541,1110.235759064991,253577206.94578448,1,2.9615789701288444e+22,8.391185354293352e+22,2.518355209667801e+23,9.98198057693693e+19,9.75431796148137e-21,5.540847472381249e+22,1.793052800887942e-16,1.002775539439519e+20,1.4243143099302427e-21,1.5860798220706253e+17,4.971149336114665e+16,5.005113027848731e+16,2.5173556062880057e+23,1.0011894596174488e+20,8.391185354293352e+22
2280739459459.46,1107.8921193410868,253569087.7186691,1,2.9615789701288444e+22,8.391185354293352e+22,2.518355209667801e+23,9.98198057693693e+19,8.70302539473668e-21,5.540847472381249e+22,1.5997932203065945e-16,1.002775539439519e+20,1.270839460044055e-21,1.5860798220706253e+17,4.888409508118148e+16,5.087852855845248e+16,2.5173556062880057e+23,1.0011894596174488e+20,8.391185354293352e+22
2283898378378.379,1105.5484796171825,253561105.16498032,1,2.9615789701288444e+22,8.391185354293352e+22,2.518355209667801e+23,9.98198057693693e+19,7.7650373729235e-21,5.540847472381249e+22,1.4273636261416996e-16,1.002775539439519e+20,1.1339014448644672e-21,1.5860798220706253e+17,4.805150293952727e+16,5.171112070010669e+16,2.5173556062880057e+23,1.0011894596174488e+20,8.391185354293352e+22
2287057297297.2974,1103.2048398932782,253553257.7441154,1,2.9615789701288444e+22,8.391185354293352e+22,2.518355209667801e+23,9.98198057693693e+19,6.928142428793693e-21,5.540847472381249e+22,1.273518911926585e-16,1.002775539439519e+20,1.0117185017900365e-21,1.5860798220706253e+17,4.72140225759147e+16,5.2548601063719256e+16,2.5173556062880057e+23,1.0011894596174488e+20,8.391185354293352e+22
2290216216216.2163,1100.861200169374,253545543.91056404,1,2.9615789701288444e+22,8.391185354293352e+22,2.518355209667801e+23,9.98198057693693e+19,6.181445182968189e-21,5.540847472381249e+22,1.1362559542158782e-16,1.002775539439519e+20,9.02700835899972e-22,1.5860798220706253e+17,4.6371973303867256e+16,5.33906503357667e+16,2.5173556062880057e+23,1.0011894596174488e+20,8.391185354293352e+22
2293375135135.1353,1098.5175604454696,253537962.11448348,1,2.9615789701288444e+22,8.391185354293352e+22,2.518355209667801e+23,9.98198057693693e+19,5.515224504109037e-21,5.540847472381249e+22,1.0137875310684535e-16,1.002775539439519e+20,8.05429938272747e-22,1.5860798220706253e+17,4.552568810698354e+16,5.4236935532650424e+16,2.5173556062880057e+23,1.0011894596174488e+20,8.391185354293352e+22
2296534054054.054,1096.1739207215653,253530510.80227542,1,2.9615789701288444e+22,8.391185354293352e+22,2.518355209667801e+23,9.98198057693693e+19,4.920806955573629e-21,5.540847472381249e+22,9.045190516595566e-17,1.002775539439519e+20,7.186401323383984e-22,1.5860798220706253e+17,4.46755136013664e+16,5.508711003826756e+16,2.5173556062880057e+23,1.0011894596174488e+20,8.391185354293352e+22
2299692972972.973,1093.830280997661,253523188.41716245,1,2.9615789701288444e+22,8.391185354293352e+22,2.518355209667801e+23,9.98198057693693e+19,4.3904538810991225e-21,5.540847472381249e+22,8.070277940317848e-17,1.002775539439519e+20,6.412021082515331e-22,1.5860798220706253e+17,4.382180996222209e+16,5.594081367741187e+16,2.5173556062880057e+23,1.0011894596174488e+20,8.391185354293352e+22
2302851891891.892,1091.4866412737567,253515993.39976496,1,2.9615789701288444e+22,8.391185354293352e+22,2.518355209667801e+23,9.98198057693693e+19,3.9172606596122556e-21,5.540847472381249e+22,7.200443806516342e-17,1.002775539439519e+20,5.721082311258838e-22,1.5860798220706253e+17,4.296495081266141e+16,5.679767282697255e+16,2.5173556062880057e+23,1.0011894596174488e+20,8.391185354293352e+22
2306010810810.8105,1089.1430015498524,253508924.18867677,1,2.9615789701288444e+22,8.391185354293352e+22,2.518355209667801e+23,9.98198057693693e+19,3.495066817672537e-21,5.540847472381249e+22,6.424362505754984e-17,1.002775539439519e+20,5.104594320400996e-22,1.5860798220706253e+17,4.210532307275534e+16,5.7657300566878616e+16,2.5173556062880057e+23,1.0011894596174488e+20,8.391185354293352e+22
2309169729729.73,1086.799361825948,253501979.22103924,1,2.9615789701288444e+22,8.391185354293352e+22,2.518355209667801e+23,9.98198057693693e+19,3.1183758293978102e-21,5.540847472381249e+22,5.731929130257116e-17,1.002775539439519e+20,4.554535113088145e-22,1.5860798220706253e+17,4.124332676692992e+16,5.851929687270404e+16,2.5173556062880057e+23,1.0011894596174488e+20,8.391185354293352e+22
2312328648648.649,1084.4557221020436,253495156.93311316,1,2.9615789701288444e+22,8.391185354293352e+22,2.518355209667801e+23,9.98198057693693e+19,2.7822835598295637e-21,5.540847472381249e+22,5.1141279037193775e-17,1.002775539439519e+20,4.063747018798698e-22,1.5860798220706253e+17,4.037937478783099e+16,5.938324885180297e+16,2.5173556062880057e+23,1.0011894596174488e+20,8.391185354293352e+22
2315487567567.568,1082.1120823781393,253488455.7608478,1,2.9615789701288444e+22,8.391185354293352e+22,2.518355209667801e+23,9.98198057693693e+19,2.4824144202132363e-21,5.540847472381249e+22,4.562914792079426e-17,1.002775539439519e+20,3.625843571072815e-22,1.5860798220706253e+17,3.951389261484958e+16,6.0248731024784376e+16,2.5173556062880057e+23,1.0011894596174488e+20,8.391185354293352e+22
2318646486486.487,1079.768442654235,253481874.14044654,1,2.9615789701288444e+22,8.391185354293352e+22,2.518355209667801e+23,9.98198057693693e+19,2.2148644040605222e-21,5.540847472381249e+22,4.071112766779889e-17,1.002775539439519e+20,3.2351264177275306e-22,1.5860798220706253e+17,3.864731798557362e+16,6.1115305654060344e+16,2.5173556062880057e+23,1.0011894596174488e+20,8.391185354293352e+22
2321805405405.406,1077.4248029303308,253475410.5089284,1,2.9615789701288444e+22,8.391185354293352e+22,2.518355209667801e+23,9.98198057693693e+19,1.9761502624330857e-21,5.540847472381249e+22,3.632318356811802e-17,1.002775539439519e+20,2.8865111827670704e-22,1.5860798220706253e+17,3.77801005185231e+16,6.1982523121110856e+16,2.5173556062880057e+23,1.0011894596174488e+20,8.391185354293352e+22
2324964324324.3247,1075.0811632064265,253469063.30468434,1,2.9615789701288444e+22,8.391185354293352e+22,2.518355209667801e+23,9.98198057693693e+19,1.7631641568064074e-21,5.540847472381249e+22,3.2408182728054924e-17,1.002775539439519e+20,2.575461315624427e-22,1.5860798220706253e+17,3.691270128563417e+16,6.284992235399979e+16,2.5173556062880057e+23,1.0011894596174488e+20,8.391185354293352e+22
2328123243243.243,1072.7375234825222,253462830.96802938,1,2.9615789701288444e+22,8.391185354293352e+22,2.518355209667801e+23,9.98198057693693e+19,1.573133199178702e-21,5.540847472381249e+22,2.8915150175792126e-17,1.002775539439519e+20,2.297929067255305e-22,1.5860798220706253e+17,3.6045592333083384e+16,6.371703130655058e+16,2.5173556062880057e+23,1.0011894596174488e+20,8.391185354293352e+22
2331282162162.162,1070.393883758618,253456711.9417474,1,2.9615789701288444e+22,8.391185354293352e+22,2.518355209667801e+23,9.98198057693693e+19,1.403583352711425e-21,5.540847472381249e+22,2.5798605145632974e-17,1.002775539439519e+20,2.0503028253004292e-22,1.5860798220706253e+17,3.517925614918866e+16,6.45833674904453e+16,2.5173556062880057e+23,1.0011894596174488e+20,8.391185354293352e+22
2334441081081.081,1068.0502440347136,253450704.6716305,1,2.9615789701288444e+22,8.391185354293352e+22,2.518355209667801e+23,9.98198057693693e+19,1.2523072229528616e-21,5.540847472381249e+22,2.3017968899137736e-17,1.002775539439519e+20,1.8293601232423383e-22,1.5860798220706253e+17,3.431418507828714e+16,6.544843856134682e+16,2.5173556062880057e+23,1.0011894596174488e+20,8.391185354293352e+22
2337600000000.0,1065.7066043108093,253444807.60701123,1,2.9615789701288444e+22,8.391185354293352e+22,2.518355209667801e+23,9.98198057693693e+19,1.117335320343711e-21,5.540847472381249e+22,2.05370363727342e-17,1.002775539439519e+20,1.6322257122828956e-22,1.5860798220706253e+17,3.3450880679674708e+16,6.631174295995925e+16,2.5173556062880057e+23,1.0011894596174488e+20,8.391185354293352e+22
2340758918918.9194,1063.3629645869048,253439019.20128652,1,2.9615789701288444e+22,8.391185354293352e+22,2.518355209667801e+23,9.98198057693693e+19,9.969104198925687e-22,5.540847472381249e+22,1.8323504772430514e-17,1.002775539439519e+20,1.4563341505185197e-22,1.5860798220706253e+17,3.25898530308964e+16,6.717277060873755e+16,2.5173556062880057e+23,1.0011894596174488e+20,8.391185354293352e+22
2343917837837.8384,1061.0193248630005,253433337.91243452,1,2.9615789701288444e+22,8.391185354293352e+22,2.518355209667801e+23,9.98198057693693e+19,8.89464684228255e-22,5.540847472381249e+22,1.6348552977733448e-17,1.002775539439519e+20,1.299396422747294e-22,1.5860798220706253e+17,3.1731619974902804e+16,6.803100366473115e+16,2.5173556062880057e+23,1.0011894596174488e+20,8.391185354293352e+22
2347076756756.757,1058.6756851390962,253427762.20352215,1,2.9615789701288444e+22,8.391185354293352e+22,2.518355209667801e+23,9.98198057693693e+19,7.9359925220961875e-22,5.540847472381249e+22,1.4586466278432638e-17,1.002775539439519e+20,1.159370156669708e-22,1.5860798220706253e+17,3.087670631083432e+16,6.888591732879964e+16,2.5173556062880057e+23,1.0011894596174488e+20,8.391185354293352e+22
2350235675675.676,1056.332045415192,253422290.543204,1,2.9615789701288444e+22,8.391185354293352e+22,2.518355209667801e+23,9.98198057693693e+19,7.0806602737027385e-22,5.540847472381249e+22,1.3014301558164574e-17,1.002775539439519e+20,1.0344330480248666e-22,1.5860798220706253e+17,3.0025642928463544e+16,6.973698071117042e+16,2.5173556062880057e+23,1.0011894596174488e+20,8.391185354293352e+22
2353394594594.5947,1053.9884056912877,253416921.40621164,1,2.9615789701288444e+22,8.391185354293352e+22,2.518355209667801e+23,9.98198057693693e+19,6.317514291133902e-22,5.540847472381249e+22,1.1611588565304278e-17,1.002775539439519e+20,9.229591489448014e-23,1.5860798220706253e+17,2.9178965886615504e+16,7.0583657753018456e+16,2.5173556062880057e+23,1.0011894596174488e+20,8.391185354293352e+22
2356553513513.5137,1051.6447659673834,253411653.27383277,1,2.9615789701288444e+22,8.391185354293352e+22,2.518355209667801e+23,9.98198057693693e+19,5.636618951229904e-22,5.540847472381249e+22,1.036006338160495e-17,1.002775539439519e+20,8.234977110537824e-23,1.5860798220706253e+17,2.8337215436196028e+16,7.142540820343793e+16,2.5173556062880057e+23,1.0011894596174488e+20,8.391185354293352e+22
2359712432432.4326,1049.301126243479,253406484.63438034,1,2.9615789701288444e+22,8.391185354293352e+22,2.518355209667801e+23,9.98198057693693e+19,5.029109462558379e-22,5.540847472381249e+22,9.24343061823421e-18,1.002775539439519e+20,7.347543080715846e-23,1.5860798220706253e+17,2.7500934988789604e+16,7.226168865084435e+16,2.5173556062880057e+23,1.0011894596174488e+20,8.391185354293352e+22
2362871351351.3516,1046.9574865195748,253401413.98365086,1,2.9615789701288444e+22,8.391185354293352e+22,2.518355209667801e+23,9.98198057693693e+19,4.487076455186631e-22,5.540847472381249e+22,8.247151242898418e-18,1.002775539439519e+20,6.555739923320093e-23,1.5860798220706253e+17,2.6670670032138924e+16,7.309195360749504e+16,2.5173556062880057e+23,1.0011894596174488e+20,8.391185354293352e+22
2366030270270.2705,1044.6138467956705,253396439.82537135,1,2.9615789701288444e+22,8.391185354293352e+22,2.518355209667801e+23,9.98198057693693e+19,4.003463008840051e-22,5.540847472381249e+22,7.358253275474259e-18,1.002775539439519e+20,5.849262660857569e-23,1.5860798220706253e+17,2.5846966994187972e+16,7.391565664544598e+16,2.5173556062880057e+23,1.0011894596174488e+20,8.391185354293352e+22
2369189189189.189,1042.2702070717662,253391560.67163557,1,2.9615789701288444e+22,8.391185354293352e+22,2.518355209667801e+23,9.98198057693693e+19,3.5719727789054235e-22,5.540847472381249e+22,6.5651628873243606e-18,1.002775539439519e+20,5.218916720644049e-23,1.5860798220706253e+17,2.503037205775768e+16,7.473225158187627e+16,2.5173556062880057e+23,1.0011894596174488e+20,8.391185354293352e+22
2372348108108.1084,1039.9265673478617,253386775.0433273,1,2.9615789701288444e+22,8.391185354293352e+22,2.518355209667801e+23,9.98198057693693e+19,3.186988024212827e-22,5.540847472381249e+22,5.857553705138416e-18,1.002775539439519e+20,4.656498288467522e-23,1.5860798220706253e+17,2.4221429928326372e+16,7.554119371130758e+16,2.5173556062880057e+23,1.0011894596174488e+20,8.391185354293352e+22
2375507027027.0273,1037.5829276239574,253382081.47053292,1,2.9615789701288444e+22,8.391185354293352e+22,2.518355209667801e+23,9.98198057693693e+19,2.8434964694343573e-22,5.540847472381249e+22,5.226212357171878e-18,1.002775539439519e+20,4.154687553639863e-23,1.5860798220706253e+17,2.3420682557804464e+16,7.634194108182949e+16,2.5173556062880057e+23,1.0011894596174488e+20,8.391185354293352e+22
2378665945945.9463,1035.2392879000531,253377478.49294063,1,2.9615789701288444e+22,8.391185354293352e+22,2.518355209667801e+23,9.98198057693693e+19,2.5370260499499395e-22,5.540847472381249e+22,4.662918511237213e-18,1.002775539439519e+20,3.7069534565060476e-23,1.5860798220706253e+17,2.262866782762208e+16,7.713395581201187e+16,2.5173556062880057e+23,1.0011894596174488e+20,8.391185354293352e+22
2381824864864.865,1032.8956481761488,253372964.6602278,1,2.9615789701288444e+22,8.391185354293352e+22,2.518355209667801e+23,9.98198057693693e+19,2.2635866896474323e-22,5.540847472381249e+22,4.160337842491461e-18,1.002775539439519e+20,3.307468699117107e-23,1.5860798220706253e+17,2.1845918194886844e+16,7.79167054447471e+16,2.5173556062880057e+23,1.0011894596174488e+20,8.391185354293352e+22
2384983783783.784,1030.5520084522445,253368538.53243497,1,2.9615789701288444e+22,8.391185354293352e+22,2.518355209667801e+23,9.98198057693693e+19,2.0196183536818684e-22,5.540847472381249e+22,3.711926537415311e-18,1.002775539439519e+20,2.951033913291216e-23,1.5860798220706253e+17,2.1072959305814056e+16,7.868966433381989e+16,2.5173556062880057e+23,1.0011894596174488e+20,8.391185354293352e+22
2388142702702.7026,1028.2083687283402,253364198.68032756,1,2.9615789701288444e+22,8.391185354293352e+22,2.518355209667801e+23,9.98198057693693e+19,1.8019446999087852e-22,5.540847472381249e+22,3.3118460905849623e-18,1.002775539439519e+20,2.633009999419585e-23,1.5860798220706253e+17,2.0310308581079944e+16,7.9452315058554e+16,2.5173556062880057e+23,1.0011894596174488e+20,8.391185354293352e+22
2391301621621.6216,1025.864729004436,253359943.68574375,1,2.9615789701288444e+22,8.391185354293352e+22,2.518355209667801e+23,9.98198057693693e+19,1.607731725592729e-22,5.540847472381249e+22,2.954887284854609e-18,1.002775539439519e+20,2.3492577556728372e-23,1.5860798220706253e+17,1.9558473778196536e+16,8.02041498614374e+16,2.5173556062880057e+23,1.0011894596174488e+20,8.391185354293352e+22
2394460540540.5405,1023.5210892805317,253355772.14192972,1,2.9615789701288444e+22,8.391185354293352e+22,2.518355209667801e+23,9.98198057693693e+19,1.4344508710230458e-22,5.540847472381249e+22,2.6364023651392705e-18,1.002775539439519e+20,2.096084012110908e-23,1.5860798220706253e+17,1.8817951536450624e+16,8.094467210318333e+16,2.5173556062880057e+23,1.0011894596174488e+20,8.391185354293352e+22
2397619459459.4595,1021.1774495566274,253351682.65386096,1,2.9615789701288444e+22,8.391185354293352e+22,2.518355209667801e+23,9.98198057693693e+19,1.2798460996913464e-22,5.540847472381249e+22,2.3522445226718473e-18,1.002775539439519e+20,1.8701935688275625e-23,1.5860798220706253e+17,1.8089225910384456e+16,8.167339772924949e+16,2.5173556062880057e+23,1.0011894596174488e+20,8.391185354293352e+22
2400778378378.3784,1018.8338098327231,253347673.8385503,1,2.9615789701288444e+22,8.391185354293352e+22,2.518355209667801e+23,9.98198057693693e+19,1.1419045264541612e-22,5.540847472381249e+22,2.098713901793749e-18,1.002775539439519e+20,1.668646312772642e-23,1.5860798220706253e+17,1.737276689821808e+16,8.238985674141587e+16,2.5173556062880057e+23,1.0011894596174488e+20,8.391185354293352e+22
2403937297297.298,1016.4901701088185,253343752.2304443,1,2.9615789701288444e+22,8.391185354293352e+22,2.518355209667801e+23,9.98198057693693e+19,1.0188302068461435e-22,5.540847472381249e+22,1.8725094262646144e-18,1.002775539439519e+20,1.4888189122683407e-23,1.5860798220706253e+17,1.6669028972017424e+16,8.309359466761653e+16,2.5173556062880057e+23,1.0011894596174488e+20,8.391185354293352e+22
2407096216216.2163,1014.1465303849142,253339926.2261291,1,2.9615789701288444e+22,8.391185354293352e+22,2.518355209667801e+23,9.98198057693693e+19,9.090207597514438e-23,5.540847472381249e+22,1.6706858178492286e-18,1.002775539439519e+20,1.328370726960838e-23,1.5860798220706253e+17,1.597844961679338e+16,8.378417402284058e+16,2.5173556062880057e+23,1.0011894596174488e+20,8.391185354293352e+22
2410255135135.1353,1011.8028906610099,253336193.28766727,1,2.9615789701288444e+22,8.391185354293352e+22,2.518355209667801e+23,9.98198057693693e+19,8.110465122802784e-23,5.540847472381249e+22,1.4906152475454122e-18,1.002775539439519e+20,1.1852134052691199e-23,1.5860798220706253e+17,1.530144788606966e+16,8.446117575356429e+16,2.5173556062880057e+23,1.0011894596174488e+20,8.391185354293352e+22
2413414054054.054,1009.4592509371056,253332550.94210443,1,2.9615789701288444e+22,8.391185354293352e+22,2.518355209667801e+23,9.98198057693693e+19,7.23631880266122e-23,5.540847472381249e+22,1.3299531201355952e-18,1.002775539439519e+20,1.0574836368068401e-23,1.5860798220706253e+17,1.4638422981775732e+16,8.51242006578582e+16,2.5173556062880057e+23,1.0011894596174488e+20,8.391185354293352e+22
2416572972972.973,1007.1156112132013,253328996.78013307,1,2.9615789701288444e+22,8.391185354293352e+22,2.518355209667801e+23,9.98198057693693e+19,6.456387598576165e-23,5.540847472381249e+22,1.186607546562426e-18,1.002775539439519e+20,9.435188995014439e-24,1.5860798220706253e+17,1.398975286659975e+16,8.577287077303419e+16,2.5173556062880057e+23,1.0011894596174488e+20,8.391185354293352e+22
2419731891891.892,1004.771971489297,253325528.45476297,1,2.9615789701288444e+22,8.391185354293352e+22,2.518355209667801e+23,9.98198057693693e+19,5.760517100281462e-23,5.540847472381249e+22,1.058712106645792e-18,1.002775539439519e+20,8.418358234203867e-24,1.5860798220706253e+17,1.3355792917169402e+16,8.640683072246454e+16,2.5173556062880057e+23,1.0011894596174488e+20,8.391185354293352e+22
2422890810810.811,1002.4283317653927,253322143.67999962,1,2.9615789701288444e+22,8.391185354293352e+22,2.518355209667801e+23,9.98198057693693e+19,5.1396473225497777e-23,5.540847472381249e+22,9.446015475002737e-19,1.002775539439519e+20,7.511108862554914e-24,1.5860798220706253e+17,1.2736874626610084e+16,8.702574901302386e+16,2.5173556062880057e+23,1.0011894596174488e+20,8.391185354293352e+22
2426049729729.73,1000.0846920414884,253318840.22953212,1,2.9615789701288444e+22,8.391185354293352e+22,2.518355209667801e+23,9.98198057693693e+19,4.585694750770373e-23,5.540847472381249e+22,8.42790101236119e-19,1.002775539439519e+20,6.701631889143787e-24,1.5860798220706253e+17,1.2133304365154106e+16,8.762931927447984e+16,2.5173556062880057e+23,1.0011894596174488e+20,8.391185354293352e+22
2429208648648.6484,997.7410523175841,253315615.9354319,1,2.9615789701288444e+22,8.391185354293352e+22,2.518355209667801e+23,9.98198057693693e+19,4.0914470993173316e-23,5.540847472381249e+22,7.519521396310035e-19,1.002775539439519e+20,5.9793908704575216e-24,1.5860798220706253e+17,1.1545362207536002e+16,8.821726143209795e+16,2.5173556062880057e+23,1.0011894596174488e+20,8.391185354293352e+22
2432367567567.5674,995.3974125936799,253312468.68686283,1,2.9615789701288444e+22,8.391185354293352e+22,2.518355209667801e+23,9.98198057693693e+19,3.650469412514765e-23,5.540847472381249e+22,6.709049138881981e-19,1.002775539439519e+20,5.334984785236245e-24,1.5860798220706253e+17,1.0973300835902188e+16,8.878932280373176e+16,2.5173556062880057e+23,1.0011894596174488e+20,8.391185354293352e+22
2435526486486.487,993.0537728697752,253309396.4288039,1,2.9615789701288444e+22,8.391185354293352e+22,2.518355209667801e+23,9.98198057693693e+19,3.2570202857319264e-23,5.540847472381249e+22,5.985931547454725e-19,1.002775539439519e+20,4.760025684691934e-24,1.5860798220706253e+17,1.0417344526883002e+16,8.934527911275094e+16,2.5173556062880057e+23,1.0011894596174488e+20,8.391185354293352e+22
2438685405405.406,990.7101331458709,253306397.1607855,1,2.9615789701288444e+22,8.391185354293352e+22,2.518355209667801e+23,9.98198057693693e+19,2.905977115903268e-23,5.540847472381249e+22,5.340753324216193e-19,1.002775539439519e+20,4.2470295261347605e-24,1.5860798220706253e+17,9877688231317088.0,8.988493540831686e+16,2.5173556062880057e+23,1.0011894596174488e+20,8.391185354293352e+22
2441844324324.3247,988.3664934219667,253303468.9356405,1,2.9615789701288444e+22,8.391185354293352e+22,2.518355209667801e+23,9.98198057693693e+19,2.5927694083205984e-23,5.540847472381249e+22,4.765113974992721e-19,1.002775539439519e+20,3.789318769554278e-24,1.5860798220706253e+17,9354496754877880.0,9.040812688475608e+16,2.5173556062880057e+23,1.0011894596174488e+20,8.391185354293352e+22
2445003243243.2437,986.0228536980624,253300609.85826957,1,2.9615789701288444e+22,8.391185354293352e+22,2.518355209667801e+23,9.98198057693693e+19,2.313319271425895e-23,5.540847472381249e+22,4.251518431251138e-19,1.002775539439519e+20,3.380935469741463e-24,1.5860798220706253e+17,8847904047526436.0,9.091471959210752e+16,2.5173556062880057e+23,1.0011894596174488e+20,8.391185354293352e+22
2448162162162.1626,983.6792139741581,253297818.08442384,1,2.9615789701288444e+22,8.391185354293352e+22,2.518355209667801e+23,9.98198057693693e+19,2.0639883249108647e-23,5.540847472381249e+22,3.793279461126793e-19,1.002775539439519e+20,3.016563733085735e-24,1.5860798220706253e+17,8358012609301089.0,9.140461103033286e+16,2.5173556062880057e+23,1.0011894596174488e+20,8.391185354293352e+22
2451321081081.081,981.3355742502538,253295091.81950212,1,2.9615789701288444e+22,8.391185354293352e+22,2.518355209667801e+23,9.98198057693693e+19,1.8415303299217494e-23,5.540847472381249e+22,3.3844305988277184e-19,1.002775539439519e+20,2.6914605300213602e-24,1.5860798220706253e+17,7884893019450792.0,9.187773062018317e+16,2.5173556062880057e+23,1.0011894596174488e+20,8.391185354293352e+22
2454480000000.0,978.9919345263495,253292429.31736693,1,2.9615789701288444e+22,8.391185354293352e+22,2.518355209667801e+23,9.98198057693693e+19,1.6430489246620116e-23,5.540847472381249e+22,3.019648458718839e-19,1.002775539439519e+20,2.4013939628108144e-24,1.5860798220706253e+17,7428583595324676.0,9.233404004430928e+16,2.5173556062880057e+23,1.0011894596174488e+20,8.391185354293352e+22
2457638918918.919,976.6482948024452,253289828.87917745,1,2.9615789701288444e+22,8.391185354293352e+22,2.518355209667801e+23,9.98198057693693e+19,1.465959915151168e-23,5.540847472381249e+22,2.6941834225826353e-19,1.002775539439519e+20,2.1425881853537956e-24,1.5860798220706253e+17,6989090186745564.0,9.277353345288838e+16,2.5173556062880057e+23,1.0011894596174488e+20,8.391185354293352e+22
2460797837837.838,974.3046550785409,253287288.85223994,1,2.9615789701288444e+22,8.391185354293352e+22,2.518355209667801e+23,9.98198057693693e+19,1.3079576302004715e-23,5.540847472381249e+22,2.403797797574998e-19,1.002775539439519e+20,1.9116742582620154e-24,1.5860798220706253e+17,6566386110821416.0,9.319623752881253e+16,2.5173556062880057e+23,1.0011894596174488e+20,8.391185354293352e+22
2463956756756.757,971.9610153546366,253284807.62887752,1,2.9615789701288444e+22,8.391185354293352e+22,2.518355209667801e+23,9.98198057693693e+19,1.1669849025773117e-23,5.540847472381249e+22,2.1447106396666216e-19,1.002775539439519e+20,1.7056462996663034e-24,1.5860798220706253e+17,6160412231288661.0,9.360221140834528e+16,2.5173556062880057e+23,1.0011894596174488e+20,8.391185354293352e+22
2467115675675.6763,969.617375630732,253282383.6453178,1,2.9615789701288444e+22,8.391185354293352e+22,2.518355209667801e+23,9.98198057693693e+19,1.041206285538947e-23,5.540847472381249e+22,1.9135485241477333e-19,1.002775539439519e+20,1.5218223611289786e-24,1.5860798220706253e+17,5771077185539224.0,9.399154645409472e+16,2.5173556062880057e+23,1.0011894596174488e+20,8.391185354293352e+22
2470274594594.5947,967.2737359068277,253280015.38060036,1,2.9615789701288444e+22,8.391185354293352e+22,2.518355209667801e+23,9.98198057693693e+19,9.289841560370183e-24,5.540847472381249e+22,1.7073016222072482e-19,1.002775539439519e+20,1.3578095195173792e-24,1.5860798220706253e+17,5398257761464161.0,9.436436587816978e+16,2.5173556062880057e+23,1.0011894596174488e+20,8.391185354293352e+22
2473433513513.5137,964.9300961829234,253277701.35550293,1,2.9615789701288444e+22,8.391185354293352e+22,2.518355209667801e+23,9.98198057693693e+19,8.288573934755995e-24,5.540847472381249e+22,1.5232845116847748e-19,1.002775539439519e+20,1.2114727305528261e-24,1.5860798220706253e+17,5041799425158165.0,9.472082421447578e+16,2.5173556062880057e+23,1.0011894596174488e+20,8.391185354293352e+22
2476592432432.4326,962.5864564590191,253275440.13148692,1,2.9615789701288444e+22,8.391185354293352e+22,2.518355209667801e+23,9.98198057693693e+19,7.395223564365584e-24,5.540847472381249e+22,1.3591012117348364e-19,1.002775539439519e+20,1.0809070386977594e-24,1.5860798220706253e+17,4701516999379167.0,9.506110664025477e+16,2.5173556062880057e+23,1.0011894596174488e+20,8.391185354293352e+22
2479751351351.3516,960.2428167351148,253273230.3096632,1,2.9615789701288444e+22,8.391185354293352e+22,2.518355209667801e+23,9.98198057693693e+19,6.598159097031668e-24,5.540847472381249e+22,1.2126139861398046e-19,1.002775539439519e+20,9.644127817181692e-25,1.5860798220706253e+17,4377195491455525.0,9.538542814817842e+16,2.5173556062880057e+23,1.0011894596174488e+20,8.391185354293352e+22
2482910270270.2705,957.8991770112106,253271070.52977684,1,2.9615789701288444e+22,8.391185354293352e+22,2.518355209667801e+23,9.98198057693693e+19,5.887002806058083e-24,5.540847472381249e+22,1.0819155090774438e-19,1.002775539439519e+20,8.604734672274757e-25,1.5860798220706253e+17,4068591068091235.5,9.56940325715427e+16,2.5173556062880057e+23,1.0011894596174488e+20,8.391185354293352e+22
2486069189189.1895,955.5555372873063,253268959.46921214,1,2.9615789701288444e+22,8.391185354293352e+22,2.518355209667801e+23,9.98198057693693e+19,5.2524954752966596e-24,5.540847472381249e+22,9.653040309295512e-20,1.002775539439519e+20,7.67736033288379e-25,1.5860798220706253e+17,3775432173249649.0,9.598719146638429e+16,2.5173556062880057e+23,1.0011894596174488e+20,8.391185354293352e+22
2489228108108.1084,953.211897563402,253266895.84201705,1,2.9615789701288444e+22,8.391185354293352e+22,2.518355209667801e+23,9.98198057693693e+19,4.6863758467353616e-24,5.540847472381249e+22,8.612612207799866e-20,1.002775539439519e+20,6.849932361732267e-25,1.5860798220706253e+17,3497420784012154.5,9.626520285562178e+16,2.5173556062880057e+23,1.0011894596174488e+20,8.391185354293352e+22
2492387027027.027,950.8682578394977,253264878.39794794,1,2.9615789701288444e+22,8.391185354293352e+22,2.518355209667801e+23,9.98198057693693e+19,4.1812730610803905e-24,5.540847472381249e+22,7.684323971020152e-20,1.002775539439519e+20,6.111679360649148e-25,1.5860798220706253e+17,3234233798025131.0,9.65283898416088e+16,2.5173556062880057e+23,1.0011894596174488e+20,8.391185354293352e+22
2495545945945.946,948.5246181155934,253262905.9215334,1,2.9615789701288444e+22,8.391185354293352e+22,2.518355209667801e+23,9.98198057693693e+19,3.73061069097282e-24,5.540847472381249e+22,6.856088892301262e-20,1.002775539439519e+20,5.452990761791491e-25,1.5860798220706253e+17,2985524544881986.5,9.677709909475195e+16,2.5173556062880057e+23,1.0011894596174488e+20,8.391185354293352e+22
2498704864864.865,946.1809783916888,253260977.23115844,1,2.9615789701288444e+22,8.391185354293352e+22,2.518355209667801e+23,9.98198057693693e+19,3.3285211174069005e-24,5.540847472381249e+22,6.117122999552081e-20,1.002775539439519e+20,4.865291728265242e-25,1.5860798220706253e+17,2750924412553897.0,9.701169922708005e+16,2.5173556062880057e+23,1.0011894596174488e+20,8.391185354293352e+22
2501863783783.784,943.8373386677845,253259091.17816815,1,2.9615789701288444e+22,8.391185354293352e+22,2.518355209667801e+23,9.98198057693693e+19,2.96976913457783e-24,5.540847472381249e+22,5.457804643353918e-20,1.002775539439519e+20,4.3409315359609295e-25,1.5860798220706253e+17,2530044578800118.5,9.723257906083382e+16,2.5173556062880057e+23,1.0011894596174488e+20,8.391185354293352e+22
2505022702702.703,941.4936989438802,253257246.64599034,1,2.9615789701288444e+22,8.391185354293352e+22,2.518355209667801e+23,9.98198057693693e+19,2.6496837885338548e-24,5.540847472381249e+22,4.8695492190032395e-20,1.002775539439519e+20,3.873083983864985e-25,1.5860798220706253e+17,2322477836373763.5,9.744014580326018e+16,2.5173556062880057e+23,1.0011894596174488e+20,8.391185354293352e+22
2508181621621.622,939.1500592199759,253255442.54927838,1,2.9615789701288444e+22,8.391185354293352e+22,2.518355209667801e+23,9.98198057693693e+19,2.3640975622058847e-24,5.540847472381249e+22,4.344697391316539e-20,1.002775539439519e+20,3.4556585366487846e-25,1.5860798220706253e+17,2127800499809213.5,9.763482313982472e+16,2.5173556062880057e+23,1.0011894596174488e+20,8.391185354293352e+22
2511340540540.5405,936.8064194960716,253253677.8330726,1,2.9615789701288444e+22,8.391185354293352e+22,2.518355209667801e+23,9.98198057693693e+19,2.1092921150325602e-24,5.540847472381249e+22,3.8764153668368906e-20,1.002775539439519e+20,3.083221043010316e-25,1.5860798220706253e+17,1945574380649834.2,9.78170492589841e+16,2.5173556062880057e+23,1.0011894596174488e+20,8.391185354293352e+22
2514499459459.4595,934.4627797721673,253251951.47198126,1,2.9615789701288444e+22,8.391185354293352e+22,2.518355209667801e+23,9.98198057693693e+19,1.8819498707351955e-24,5.540847472381249e+22,3.458605914944009e-20,1.002775539439519e+20,2.7509229978679653e-25,1.5860798220706253e+17,1775348817165837.2,9.79872748224681e+16,2.5173556062880057e+23,1.0011894596174488e+20,8.391185354293352e+22
2517658378378.3784,932.119140048263,253250262.46937993,1,2.9615789701288444e+22,8.391185354293352e+22,2.518355209667801e+23,9.98198057693693e+19,1.679110822936248e-24,5.540847472381249e+22,3.0858289793249116e-20,1.002775539439519e+20,2.45443842769986e-25,1.5860798220706253e+17,1616662743937387.0,9.814596089569654e+16,2.5173556062880057e+23,1.0011894596174488e+20,8.391185354293352e+22
2520817297297.2974,929.7755003243587,253248609.85662976,1,2.9615789701288444e+22,8.391185354293352e+22,2.518355209667801e+23,9.98198057693693e+19,1.4981339962481366e-24,5.540847472381249e+22,2.753230846132865e-20,1.002775539439519e+20,2.1899075775369738e-25,1.5860798220706253e+17,1469046786151480.2,9.829357685348245e+16,2.5173556062880057e+23,1.0011894596174488e+20,8.391185354293352e+22
2523976216216.2163,927.4318606004545,253246992.69231418,1,2.9615789701288444e+22,8.391185354293352e+22,2.518355209667801e+23,9.98198057693693e+19,1.3366630610707023e-24,5.540847472381249e+22,2.4564809465739845e-20,1.002775539439519e+20,1.9538866666404574e-25,1.5860798220706253e+17,1332025363095138.2,9.843059827653878e+16,2.5173556062880057e+23,1.0011894596174488e+20,8.391185354293352e+22
2527135135135.1353,925.0882208765502,253245410.06149366,1,2.9615789701288444e+22,8.391185354293352e+22,2.518355209667801e+23,9.98198057693693e+19,1.1925956544146348e-24,5.540847472381249e+22,2.1917154710643603e-20,1.002775539439519e+20,1.7433030588785055e-25,1.5860798220706253e+17,1205118785132452.8,9.855750485450147e+16,2.5173556062880057e+23,1.0011894596174488e+20,8.391185354293352e+22
2530294054054.054,922.7445811526455,253243861.07497856,1,2.9615789701288444e+22,8.391185354293352e+22,2.518355209667801e+23,9.98198057693693e+19,1.0640560073186709e-24,5.540847472381249e+22,1.955487060790111e-20,1.002775539439519e+20,1.5554152642911292e-25,1.5860798220706253e+17,1087845328437128.4,9.86747783111968e+16,2.5173556062880057e+23,1.0011894596174488e+20,8.391185354293352e+22
2533452972972.973,920.4009414287412,253242344.86861968,1,2.9615789701288444e+22,8.391185354293352e+22,2.518355209667801e+23,9.98198057693693e+19,9.493705224785235e-25,5.540847472381249e+22,1.744719921633138e-20,1.002775539439519e+20,1.3877772512110943e-25,1.5860798220706253e+17,979723271920841.6,9.878290036771309e+16,2.5173556062880057e+23,1.0011894596174488e+20,8.391185354293352e+22
2536611891891.892,918.057301704837,253240860.60261604,1,2.9615789701288444e+22,8.391185354293352e+22,2.518355209667801e+23,9.98198057693693e+19,8.470459841158564e-25,5.540847472381249e+22,1.556669776026849e-20,1.002775539439519e+20,1.238206604412875e-25,1.5860798220706253e+17,880272881153645.5,9.888235075848029e+16,2.5173556062880057e+23,1.0011894596174488e+20,8.391185354293352e+22
2539770810810.811,915.7136619809327,253239407.46083978,1,2.9615789701288444e+22,8.391185354293352e+22,2.518355209667801e+23,9.98198057693693e+19,7.55750116386167e-25,5.540847472381249e+22,1.388888131298022e-20,1.002775539439519e+20,1.1047561148199349e-25,1.5860798220706253e+17,789018324615415.2,9.897360531501851e+16,2.5173556062880057e+23,1.0011894596174488e+20,8.391185354293352e+22
2542929729729.73,913.3700222570284,253237984.6501783,1,2.9615789701288444e+22,8.391185354293352e+22,2.518355209667801e+23,9.98198057693693e+19,6.742942372013798e-25,5.540847472381249e+22,1.2391903992534641e-20,1.002775539439519e+20,9.856884309648751e-26,1.5860798220706253e+17,705489508343344.8,9.905713413129058e+16,2.5173556062880057e+23,1.0011894596174488e+20,8.391185354293352e+22
2546088648648.649,911.0263825331241,253236591.39989263,1,2.9615789701288444e+22,8.391185354293352e+22,2.518355209667801e+23,9.98198057693693e+19,6.0161778162438645e-25,5.540847472381249e+22,1.1056274519149581e-20,1.002775539439519e+20,8.794534422480292e-26,1.5860798220706253e+17,629223815942953.1,9.913339982369096e+16,2.5173556062880057e+23,1.0011894596174488e+20,8.391185354293352e+22
2549247567567.568,908.6827428092198,253235226.96099192,1,2.9615789701288444e+22,8.391185354293352e+22,2.518355209667801e+23,9.98198057693693e+19,5.367744933338574e-25,5.540847472381249e+22,9.864602430460975e-21,1.002775539439519e+20,7.846680995972444e-26,1.5860798220706253e+17,559767741998808.0,9.92028558976351e+16,2.5173556062880057e+23,1.0011894596174488e+20,8.391185354293352e+22
2552406486486.4863,906.3391030853155,253233890.60562462,1,2.9615789701288444e+22,8.391185354293352e+22,2.518355209667801e+23,9.98198057693693e+19,4.789201043752923e-25,5.540847472381249e+22,8.801371650325253e-21,1.002775539439519e+20,7.000984108567977e-26,1.5860798220706253e+17,496678408142900.5,9.9265945231491e+16,2.5173556062880057e+23,1.0011894596174488e+20,8.391185354293352e+22
2555565405405.4053,903.9954633614112,253232581.62648445,1,2.9615789701288444e+22,8.391185354293352e+22,2.518355209667801e+23,9.98198057693693e+19,4.2730134279124e-25,5.540847472381249e+22,7.85273846292548e-21,1.002775539439519e+20,6.24643376540031e-26,1.5860798220706253e+17,439524952396913.25,9.9323098687237e+16,2.5173556062880057e+23,1.0011894596174488e+20,8.391185354293352e+22
2558724324324.324,901.6518236375069,253231299.3362322,1,2.9615789701288444e+22,8.391185354293352e+22,2.518355209667801e+23,9.98198057693693e+19,3.8124612501215433e-25,5.540847472381249e+22,7.006351261718437e-21,1.002775539439519e+20,5.573206568366853e-26,1.5860798220706253e+17,387889783880275.4,9.937473385575363e+16,2.5173556062880057e+23,1.0011894596174488e+20,8.391185354293352e+22
2561883243243.2437,899.3081839136023,253230043.06693262,1,2.9615789701288444e+22,8.391185354293352e+22,2.518355209667801e+23,9.98198057693693e+19,3.401548053145701e-25,5.540847472381249e+22,6.25118972627745e-21,1.002775539439519e+20,4.972537833004175e-26,1.5860798220706253e+17,341369696547105.0,9.94212539430868e+16,2.5173556062880057e+23,1.0011894596174488e+20,8.391185354293352e+22
2565042162162.1626,896.964544189698,253228812.16950613,1,2.9615789701288444e+22,8.391185354293352e+22,2.518355209667801e+23,9.98198057693693e+19,3.0349236841596654e-25,5.540847472381249e+22,5.5774213330452256e-21,1.002775539439519e+20,4.436607487483924e-26,1.5860798220706253e+17,299576837257962.3,9.946304680237594e+16,2.5173556062880057e+23,1.0011894596174488e+20,8.391185354293352e+22
2568201081081.0815,894.6209044657937,253227606.01319453,1,2.9615789701288444e+22,8.391185354293352e+22,2.518355209667801e+23,9.98198057693693e+19,2.7078146355508104e-25,5.540847472381249e+22,4.9762733317058366e-21,1.002775539439519e+20,3.9584382684437744e-26,1.5860798220706253e+17,262139525181083.34,9.950048411445282e+16,2.5173556062880057e+23,1.0011894596174488e+20,8.391185354293352e+22
2571360000000.0,892.2772647418894,253226423.98504138,1,2.9615789701288444e+22,8.391185354293352e+22,2.518355209667801e+23,9.98198057693693e+19,2.415961893623376e-25,5.540847472381249e+22,4.439918520253902e-21,1.002775539439519e+20,3.5318048884316857e-26,1.5860798220706253e+17,228702921225564.7,9.953392071840834e+16,2.5173556062880057e+23,1.0011894596174488e+20,8.391185354293352e+22
2574518918918.919,889.9336250179852,253225265.48938584,1,2.9615789701288444e+22,8.391185354293352e+22,2.518355209667801e+23,9.98198057693693e+19,2.1555654860016413e-25,5.540847472381249e+22,3.961373331503908e-21,1.002775539439519e+20,3.1511529925561625e-26,1.5860798220706253e+17,198929547908245.56,9.956369409172565e+16,2.5173556062880057e+23,1.0011894596174488e+20,8.391185354293352e+22
2577677837837.838,887.5899852940809,253224129.9473703,1,2.9615789701288444e+22,8.391185354293352e+22,2.518355209667801e+23,9.98198057693693e+19,1.923235005745263e-25,5.540847472381249e+22,3.5344069040827754e-21,1.002775539439519e+20,2.811526849360352e-26,1.5860798220706253e+17,172499661719169.88,9.959012397791472e+16,2.5173556062880057e+23,1.0011894596174488e+20,8.391185354293352e+22
2580836756756.757,885.2463455701766,253223016.79646096,1,2.9615789701288444e+22,8.391185354293352e+22,2.518355209667801e+23,9.98198057693693e+19,1.7159454680054992e-25,5.540847472381249e+22,3.153459953971436e-21,1.002775539439519e+20,2.5085048346302352e-26,1.5860798220706253e+17,149111481650406.72,9.961351215798349e+16,2.5173556062880057e+23,1.0011894596174488e+20,8.391185354293352e+22
2583995675675.676,882.9027058462723,253221925.4899818,1,2.9615789701288444e+22,8.391185354293352e+22,2.518355209667801e+23,9.98198057693693e+19,1.530997924479714e-25,5.540847472381249e+22,2.813572390268463e-21,1.002775539439519e+20,2.2381418682880145e-26,1.5860798220706253e+17,128481279063724.16,9.963414236057018e+16,2.5173556062880057e+23,1.0011894596174488e+20,8.391185354293352e+22
2587154594594.5947,880.559066122368,253220855.49666047,1,2.9615789701288444e+22,8.391185354293352e+22,2.518355209667801e+23,9.98198057693693e+19,1.365984322867212e-25,5.540847472381249e+22,2.510318732702288e-21,1.002775539439519e+20,1.9969180550308827e-26,1.5860798220706253e+17,110343335469961.72,9.965228030416394e+16,2.5173556062880057e+23,1.0011894596174488e+20,8.391185354293352e+22
2590313513513.5137,878.2154263984637,253219806.30018702,1,2.9615789701288444e+22,8.391185354293352e+22,2.518355209667801e+23,9.98198057693693e+19,1.218756153798621e-25,5.540847472381249e+22,2.2397504900006257e-21,1.002775539439519e+20,1.781692860130511e-26,1.5860798220706253e+17,94449776055072.0,9.966817386357883e+16,2.5173556062880057e+23,1.0011894596174488e+20,8.391185354293352e+22
2593472432432.4326,875.8717866745591,253218777.3987847,1,2.9615789701288444e+22,8.391185354293352e+22,2.518355209667801e+23,9.98198057693693e+19,1.0873964770233892e-25,5.540847472381249e+22,1.9983447488590183e-21,1.002775539439519e+20,1.5896642238614045e-26,1.5860798220706253e+17,80570287895684.78,9.968205335173822e+16,2.5173556062880057e+23,1.0011894596174488e+20,8.391185354293352e+22
2596631351351.3516,873.5281469506548,253217768.30479208,1,2.9615789701288444e+22,8.391185354293352e+22,2.518355209667801e+23,9.98198057693693e+19,9.701949626374257e-26,5.540847472381249e+22,1.7829583041150704e-21,1.002775539439519e+20,1.4183320823138522e-26,1.5860798220706253e+17,68491732744977.516,9.969413190688893e+16,2.5173556062880057e+23,1.0011894596174488e+20,8.391185354293352e+22
2599790270270.2705,871.1845072267505,253216778.54425693,1,2.9615789701288444e+22,8.391185354293352e+22,2.518355209667801e+23,9.98198057693693e+19,8.656256223883368e-26,5.540847472381249e+22,1.590786732883776e-21,1.002775539439519e+20,1.2654658197070144e-26,1.5860798220706253e+17,58017665025570.734,9.970460597460834e+16,2.5173556062880057e+23,1.0011894596174488e+20,8.391185354293352e+22
2602949189189.1895,868.8408675028462,253215807.65654117,1,2.9615789701288444e+22,8.391185354293352e+22,2.518355209667801e+23,9.98198057693693e+19,7.723269411202264e-26,5.540847472381249e+22,1.4193278797818235e-21,1.002775539439519e+20,1.1290752284959232e-26,1.5860798220706253e+17,48967766232020.54,9.971365587340189e+16,2.5173556062880057e+23,1.0011894596174488e+20,8.391185354293352e+22
2606108108108.1084,866.4972277789419,253214855.1939369,1,2.9615789701288444e+22,8.391185354293352e+22,2.518355209667801e+23,9.98198057693693e+19,6.890841496695988e-26,5.540847472381249e+22,1.2663492778030014e-21,1.002775539439519e+20,1.0073845992290786e-26,1.5860798220706253e+17,41177207317282.23,9.972144643231662e+16,2.5173556062880057e+23,1.0011894596174488e+20,8.391185354293352e+22
2609267027027.0273,864.1535880550376,253213920.72129253,1,2.9615789701288444e+22,8.391185354293352e+22,2.518355209667801e+23,9.98198057693693e+19,6.148134084054122e-26,5.540847472381249e+22,1.1298590806506894e-21,1.002775539439519e+20,8.988096028551627e-27,1.5860798220706253e+17,34495950815484.273,9.972812768881842e+16,2.5173556062880057e+23,1.0011894596174488e+20,8.391185354293352e+22
2612425945945.9463,861.8099483311333,253213003.8156498,1,2.9615789701288444e+22,8.391185354293352e+22,2.518355209667801e+23,9.98198057693693e+19,5.485476954827552e-26,5.540847472381249e+22,1.008080128054064e-21,1.002775539439519e+20,8.01936664528608e-27,1.5860798220706253e+17,28788004441814.78,9.973383563519208e+16,2.5173556062880057e+23,1.0011894596174488e+20,8.391185354293352e+22
2615584864864.8647,859.466308607229,253212104.06589064,1,2.9615789701288444e+22,8.391185354293352e+22,2.518355209667801e+23,9.98198057693693e+19,4.8942421607489887e-26,5.540847472381249e+22,8.994268063874395e-22,1.002775539439519e+20,7.155045603976304e-27,1.5860798220706253e+17,23930637717565.914,9.973869300191634e+16,2.5173556062880057e+23,1.0011894596174488e+20,8.391185354293352e+22
2618743783783.7837,857.1226688833248,253211221.07239383,1,2.9615789701288444e+22,8.391185354293352e+22,2.518355209667801e+23,9.98198057693693e+19,4.366731686515228e-26,5.540847472381249e+22,8.024844033081892e-22,1.002775539439519e+20,6.3838799779644676e-27,1.5860798220706253e+17,19813572806352.203,9.974281006682755e+16,2.5173556062880057e+23,1.0011894596174488e+20,8.391185354293352e+22
2621902702702.7026,854.7790291594205,253210354.4467011,1,2.9615789701288444e+22,8.391185354293352e+22,2.518355209667801e+23,9.98198057693693e+19,3.896077220396009e-26,5.540847472381249e+22,7.1599068760187425e-22,1.002775539439519e+20,5.695829650833684e-27,1.5860798220706253e+17,16338160231437.959,9.974628547940246e+16,2.5173556062880057e+23,1.0011894596174488e+20,8.391185354293352e+22
2625061621621.622,852.4353894355158,253209503.81119284,1,2.9615789701288444e+22,8.391185354293352e+22,2.518355209667801e+23,9.98198057693693e+19,3.476150727677821e-26,5.540847472381249e+22,6.388194743963483e-22,1.002775539439519e+20,5.081936604033972e-27,1.5860798220706253e+17,13416549491999.162,9.97492070901419e+16,2.5173556062880057e+23,1.0011894596174488e+20,8.391185354293352e+22
2628220540540.541,850.0917497116116,253208668.79877257,1,2.9615789701288444e+22,8.391185354293352e+22,2.518355209667801e+23,9.98198057693693e+19,3.101484662603784e-26,5.540847472381249e+22,5.699659617569563e-22,1.002775539439519e+20,4.534208292084968e-27,1.5860798220706253e+17,10970863828277.531,9.975165277580563e+16,2.5173556062880057e+23,1.0011894596174488e+20,8.391185354293352e+22
2631379459459.46,847.7481099877073,253207849.0525602,1,2.9615789701288444e+22,8.391185354293352e+22,2.518355209667801e+23,9.98198057693693e+19,2.767200779963725e-26,5.540847472381249e+22,5.085336477390727e-22,1.002775539439519e+20,4.0455135870791274e-27,1.5860798220706253e+17,8932387523875.178,9.975369125211003e+16,2.5173556062880057e+23,1.0011894596174488e+20,8.391185354293352e+22
2634538378378.3784,845.404470263803,253207044.22559446,1,2.9615789701288444e+22,8.391185354293352e+22,2.518355209667801e+23,9.98198057693693e+19,2.4689466194561202e-26,5.540847472381249e+22,4.537226575524553e-22,1.002775539439519e+20,3.609489937838283e-27,1.5860798220706253e+17,7240773200811.728,9.975538286643309e+16,2.5173556062880057e+23,1.0011894596174488e+20,8.391185354293352e+22
2637697297297.2974,843.0608305398987,253206253.98054263,1,2.9615789701288444e+22,8.391185354293352e+22,2.518355209667801e+23,9.98198057693693e+19,2.2028388358430943e-26,5.540847472381249e+22,4.048193288521412e-22,1.002775539439519e+20,3.220460535069949e-27,1.5860798220706253e+17,5843275582702.407,9.97567803640512e+16,2.5173556062880057e+23,1.0011894596174488e+20,8.391185354293352e+22
2640856216216.2163,840.7171908159944,253205477.98941913,1,2.9615789701288444e+22,8.391185354293352e+22,2.518355209667801e+23,9.98198057693693e+19,1.9654126370519914e-26,5.540847472381249e+22,3.611869195519553e-22,1.002775539439519e+20,2.8733604041302097e-27,1.5860798220706253e+17,4694017196516.34,9.975792962243739e+16,2.5173556062880057e+23,1.0011894596174488e+20,8.391185354293352e+22
2644015135135.1353,838.3735510920901,253204715.9333122,1,2.9615789701288444e+22,8.391185354293352e+22,2.518355209667801e+23,9.98198057693693e+19,1.7535766719027502e-26,5.540847472381249e+22,3.222573171724199e-22,1.002775539439519e+20,2.5636704632220562e-27,1.5860798220706253e+17,3753290475951.9263,9.975887034915795e+16,2.5173556062880057e+23,1.0011894596174488e+20,8.391185354293352e+22
2647174054054.054,836.0299113681858,253203967.50211737,1,2.9615789701288444e+22,8.391185354293352e+22,2.518355209667801e+23,9.98198057693693e+19,1.564572780094564e-26,5.540847472381249e+22,2.8752364177525895e-22,1.002775539439519e+20,2.2873586885543308e-27,1.5860798220706253e+17,2986899740193.6797,9.975963673989371e+16,2.5173556062880057e+23,1.0011894596174488e+20,8.391185354293352e+22
2650332972972.973,833.6862716442815,253203232.39427915,1,2.9615789701288444e+22,8.391185354293352e+22,2.518355209667801e+23,9.98198057693693e+19,1.3959400803921913e-26,5.540847472381249e+22,2.5653364617156516e-22,1.002775539439519e+20,2.0408276205072965e-27,1.5860798220706253e+17,2365545569441.7676,9.976025809406446e+16,2.5173556062880057e+23,1.0011894596174488e+20,8.391185354293352e+22
2653491891891.892,831.3426319203772,253202510.31653967,1,2.9615789701288444e+22,8.391185354293352e+22,2.518355209667801e+23,9.98198057693693e+19,1.2454829294358754e-26,5.540847472381249e+22,2.288838274715419e-22,1.002775539439519e+20,1.8208675274010666e-27,1.5860798220706253e+17,1864253199560.1038,9.976075938643435e+16,2.5173556062880057e+23,1.0011894596174488e+20,8.391185354293352e+22
2656650810810.811,828.9989921964726,253201800.98369458,1,2.9615789701288444e+22,8.391185354293352e+22,2.518355209667801e+23,9.98198057693693e+19,1.1112423339945849e-26,5.540847472381249e+22,2.0421417330569778e-22,1.002775539439519e+20,1.624614617115751e-27,1.5860798220706253e+17,1461845726275.5505,9.976116179390763e+16,2.5173556062880057e+23,1.0011894596174488e+20,8.391185354293352e+22
2659809729729.73,826.6553524725683,253201104.11835554,1,2.9615789701288444e+22,8.391185354293352e+22,2.518355209667801e+23,9.98198057693693e+19,9.914704444463591e-27,5.540847472381249e+22,1.8220347431106609e-22,1.002775539439519e+20,1.4495137525281102e-27,1.5860798220706253e+17,1140462155559.7412,9.976148317747835e+16,2.5173556062880057e+23,1.0011894596174488e+20,8.391185354293352e+22
2662968648648.649,824.311712748664,253200419.45071948,1,2.9615789701288444e+22,8.391185354293352e+22,2.518355209667801e+23,9.98198057693693e+19,8.846077973873837e-27,5.540847472381249e+22,1.6256514184903081e-22,1.002775539439519e+20,1.2932851853622916e-27,1.5860798220706253e+17,885119669195.4218,9.976173851996472e+16,2.5173556062880057e+23,1.0011894596174488e+20,8.391185354293352e+22
2666127567567.568,821.9680730247597,253199746.71834457,1,2.9615789701288444e+22,8.391185354293352e+22,2.518355209667801e+23,9.98198057693693e+19,7.892630110652855e-27,5.540847472381249e+22,1.4504347649967092e-22,1.002775539439519e+20,1.1538948753663462e-27,1.5860798220706253e+17,683318898214.9153,9.97619403207357e+16,2.5173556062880057e+23,1.0011894596174488e+20,8.391185354293352e+22
2669286486486.487,819.6244333008555,253199085.66593212,1,2.9615789701288444e+22,8.391185354293352e+22,2.518355209667801e+23,9.98198057693693e+19,7.041946692681761e-27,5.540847472381249e+22,1.2941033874683641e-22,1.002775539439519e+20,1.0295280084022676e-27,1.5860798220706253e+17,524690514228.5905,9.976209894911968e+16,2.5173556062880057e+23,1.0011894596174488e+20,8.391185354293352e+22
2672445405405.406,817.2807935769512,253198436.0451148,1,2.9615789701288444e+22,8.391185354293352e+22,2.518355209667801e+23,9.98198057693693e+19,6.282951577948394e-27,5.540847472381249e+22,1.1546217850486331e-22,1.002775539439519e+20,9.185653686827674e-28,1.5860798220706253e+17,400681059337.51465,9.976222295857458e+16,2.5173556062880057e+23,1.0011894596174488e+20,8.391185354293352e+22
2675604324324.324,814.9371538530469,253197797.61425102,1,2.9615789701288444e+22,8.391185354293352e+22,2.518355209667801e+23,9.98198057693693e+19,5.605762430543266e-27,5.540847472381249e+22,1.0301738481010524e-22,1.002775539439519e+20,8.195622575453246e-28,1.5860798220706253e+17,304275636679.3541,9.976231936399723e+16,2.5173556062880057e+23,1.0011894596174488e+20,8.391185354293352e+22
2678763243243.243,812.5935141291426,253197170.13822463,1,2.9615789701288444e+22,8.391185354293352e+22,2.518355209667801e+23,9.98198057693693e+19,5.001562050259132e-27,5.540847472381249e+22,9.191392116914107e-23,1.002775539439519e+20,7.312296843067054e-28,1.5860798220706253e+17,229754870970.29474,9.976239388476294e+16,2.5173556062880057e+23,1.0011894596174488e+20,8.391185354293352e+22
2681922162162.162,810.2498744052383,253196553.3882508,1,2.9615789701288444e+22,8.391185354293352e+22,2.518355209667801e+23,9.98198057693693e+19,4.4624835704834824e-27,5.540847472381249e+22,8.200721577488906e-23,1.002775539439519e+20,6.524175843208995e-28,1.5860798220706253e+17,172483415263.45395,9.976245115621866e+16,2.5173556062880057e+23,1.0011894596174488e+20,8.391185354293352e+22
2685081081081.081,807.906234681334,253195947.14168677,1,2.9615789701288444e+22,8.391185354293352e+22,2.518355209667801e+23,9.98198057693693e+19,3.98150802964016e-27,5.540847472381249e+22,7.316827912034623e-23,1.002775539439519e+20,5.8209984575510795e-28,1.5860798220706253e+17,128727218816.64203,9.97624949124151e+16,2.5173556062880057e+23,1.0011894596174488e+20,8.391185354293352e+22
2688240000000.0005,805.5625949574294,253195351.18184847,1,2.9615789701288444e+22,8.391185354293352e+22,2.518355209667801e+23,9.98198057693693e+19,3.552372982541665e-27,5.540847472381249e+22,6.528202450048532e-23,1.002775539439519e+20,5.193609501458963e-28,1.5860798220706253e+17,95496772792.9242,9.976252814286112e+16,2.5173556062880057e+23,1.0011894596174488e+20,8.391185354293352e+22
2691398918918.9194,803.2189552335251,253194765.29783207,1,2.9615789701288444e+22,8.391185354293352e+22,2.518355209667801e+23,9.98198057693693e+19,3.169490961754758e-27,5.540847472381249e+22,5.824576953453159e-23,1.002775539439519e+20,4.633840528072092e-28,1.5860798220706253e+17,70413606300.60664,9.976255322602762e+16,2.5173556062880057e+23,1.0011894596174488e+20,8.391185354293352e+22
2694557837837.838,800.8753155096208,253194189.2843405,1,2.9615789701288444e+22,8.391185354293352e+22,2.518355209667801e+23,9.98198057693693e+19,2.827876727330778e-27,5.540847472381249e+22,5.196789919780362e-23,1.002775539439519e+20,4.134403479072079e-28,1.5860798220706253e+17,51597405615.00342,9.97625720422283e+16,2.5173556062880057e+23,1.0011894596174488e+20,8.391185354293352e+22
2697716756756.757,798.5316757857165,253193622.94151494,1,2.9615789701288444e+22,8.391185354293352e+22,2.518355209667801e+23,9.98198057693693e+19,2.5230823576777665e-27,5.540847472381249e+22,4.6366672955225765e-23,1.002775539439519e+20,3.688795797560031e-28,1.5860798220706253e+17,37571265038.107925,9.976258606836888e+16,2.5173556062880057e+23,1.0011894596174488e+20,8.391185354293352e+22
2700875675675.676,796.1880360618122,253193066.07477117,1,2.9615789701288444e+22,8.391185354293352e+22,2.518355209667801e+23,9.98198057693693e+19,2.251139336444505e-27,5.540847472381249e+22,4.1369160464884187e-23,1.002775539439519e+20,3.2912157676872124e-28,1.5860798220706253e+17,27182739870.968754,9.976259645689405e+16,2.5173556062880057e+23,1.0011894596174488e+20,8.391185354293352e+22
2704034594594.5947,793.8443963379079,253192518.49464032,1,2.9615789701288444e+22,8.391185354293352e+22,2.518355209667801e+23,9.98198057693693e+19,2.0085068813757914e-27,5.540847472381249e+22,3.691029199403561e-23,1.002775539439519e+20,2.9364869788267885e-28,1.5860798220706253e+17,19538552151.43273,9.976260410108176e+16,2.5173556062880057e+23,1.0011894596174488e+20,8.391185354293352e+22
2707193513513.5137,791.5007566140036,253191980.01661444,1,2.9615789701288444e+22,8.391185354293352e+22,2.518355209667801e+23,9.98198057693693e+19,1.792025842369751e-27,5.540847472381249e+22,3.2932011183582114e-23,1.002775539439519e+20,2.6199909308661127e-28,1.5860798220706253e+17,13950990701.482788,9.976260968864322e+16,2.5173556062880057e+23,1.0011894596174488e+20,8.391185354293352e+22
2710352432432.4326,789.1571168900994,253191450.460996,1,2.9615789701288444e+22,8.391185354293352e+22,2.518355209667801e+23,9.98198057693693e+19,1.5988775684800084e-27,5.540847472381249e+22,2.938251912964618e-23,1.002775539439519e+20,2.3376069031894174e-28,1.5860798220706253e+17,9894242107.821667,9.97626137453918e+16,2.5173556062880057e+23,1.0011894596174488e+20,8.391185354293352e+22
2713511351351.3516,786.8134771661951,253190929.6527522,1,2.9615789701288444e+22,8.391185354293352e+22,2.518355209667801e+23,9.98198057693693e+19,1.4265472083020885e-27,5.540847472381249e+22,2.621559993986727e-23,1.002775539439519e+20,2.085658304486936e-28,1.5860798220706253e+17,6969082988.525328,9.976261667055093e+16,2.5173556062880057e+23,1.0011894596174488e+20,8.391185354293352e+22
2716670270270.2705,784.4698374422904,253190417.42137277,1,2.9615789701288444e+22,8.391185354293352e+22,2.518355209667801e+23,9.98198057693693e+19,1.2727909659069094e-27,5.540847472381249e+22,2.3390018982876938e-23,1.002775539439519e+20,1.8608648049014287e-28,1.5860798220706253e+17,4874551748.187006,9.976261876508218e+16,2.5173556062880057e+23,1.0011894596174488e+20,8.391185354293352e+22
2719829189189.1895,782.1261977183862,253189913.60073256,1,2.9615789701288444e+22,8.391185354293352e+22,2.518355209667801e+23,9.98198057693693e+19,1.1356068859861624e-27,5.540847472381249e+22,2.0868985995905207e-23,1.002775539439519e+20,1.6602996273040313e-28,1.5860798220706253e+17,3385396453.376258,9.976262025423747e+16,2.5173556062880057e+23,1.0011894596174488e+20,8.391185354293352e+22
2722988108108.1084,779.7825579944819,253189418.02895764,1,2.9615789701288444e+22,8.391185354293352e+22,2.518355209667801e+23,9.98198057693693e+19,1.0132087878254788e-27,5.540847472381249e+22,1.861967605995162e-23,1.002775539439519e+20,1.4813514416589103e-28,1.5860798220706253e+17,2334261863.3441825,9.976262130537206e+16,2.5173556062880057e+23,1.0011894596174488e+20,8.391185354293352e+22
2726147027027.0273,777.4389182705776,253188930.54829475,1,2.9615789701288444e+22,8.391185354293352e+22,2.518355209667801e+23,9.98198057693693e+19,9.04003008719558e-28,5.540847472381249e+22,1.6612802205414363e-23,1.002775539439519e+20,1.3216903663647823e-28,1.5860798220706253e+17,1597731275.4666047,9.976262204190266e+16,2.5173556062880057e+23,1.0011894596174488e+20,8.391185354293352e+22
2729305945945.9463,775.0952785466733,253188451.00498578,1,2.9615789701288444e+22,8.391185354293352e+22,2.518355209667801e+23,9.98198057693693e+19,8.065676540230119e-28,5.540847472381249e+22,1.4822234083321504e-23,1.002775539439519e+20,1.1792376339308636e-28,1.5860798220706253e+17,1085476693.1501195,9.976262255415723e+16,2.5173556062880057e+23,1.0011894596174488e+20,8.391185354293352e+22
2732464864864.865,772.751638822769,253187979.2491444,1,2.9615789701288444e+22,8.391185354293352e+22,2.518355209667801e+23,9.98198057693693e+19,7.19634083667562e-28,5.540847472381249e+22,1.3224657737101966e-23,1.002775539439519e+20,1.0521385260519522e-28,1.5860798220706253e+17,731893541.865325,9.976262290774038e+16,2.5173556062880057e+23,1.0011894596174488e+20,8.391185354293352e+22
2735623783783.7837,770.4079990988647,253187515.13463724,1,2.9615789701288444e+22,8.391185354293352e+22,2.518355209667801e+23,9.98198057693693e+19,6.420703940954968e-28,5.540847472381249e+22,1.1799272044980386e-23,1.002775539439519e+20,9.387382257120915e-29,1.5860798220706253e+17,489703921.3241053,9.976262314993e+16,2.5173556062880057e+23,1.0011894596174488e+20,8.391185354293352e+22
2738782702702.7026,768.0643593749604,253187058.51896814,1,2.9615789701288444e+22,8.391185354293352e+22,2.518355209667801e+23,9.98198057693693e+19,5.728666805400672e-28,5.540847472381249e+22,1.0527517880547032e-23,1.002775539439519e+20,8.375602719243683e-29,1.5860798220706253e+17,325105778.2029926,9.976262331452814e+16,2.5173556062880057e+23,1.0011894596174488e+20,8.391185354293352e+22
2741941621621.6216,765.7207196510561,253186609.2631657,1,2.9615789701288444e+22,8.391185354293352e+22,2.518355209667801e+23,9.98198057693693e+19,5.111218877639859e-28,5.540847472381249e+22,9.392836465058528e-24,1.002775539439519e+20,7.472873365985907e-29,1.5860798220706253e+17,214125311.15555185,9.97626234255086e+16,2.5173556062880057e+23,1.0011894596174488e+20,8.391185354293352e+22
2745100540540.5405,763.3770799271518,253186167.23167425,1,2.9615789701288444e+22,8.391185354293352e+22,2.518355209667801e+23,9.98198057693693e+19,4.560320780492951e-28,5.540847472381249e+22,8.380453765113798e-24,1.002775539439519e+20,6.667440732613338e-29,1.5860798220706253e+17,139897484.53124624,9.976262349973643e+16,2.5173556062880057e+23,1.0011894596174488e+20,8.391185354293352e+22
2748259459459.46,761.0334402032472,253185732.29224798,1,2.9615789701288444e+22,8.391185354293352e+22,2.518355209667801e+23,9.98198057693693e+19,4.0687996368479525e-28,5.540847472381249e+22,7.477188128471519e-24,1.002775539439519e+20,5.948818143269179e-29,1.5860798220706253e+17,90655959.4155967,9.976262354897795e+16,2.5173556062880057e+23,1.0011894596174488e+20,8.391185354293352e+22
2751418378378.379,758.6898004793429,253185304.31584817,1,2.9615789701288444e+22,8.391185354293352e+22,2.518355209667801e+23,9.98198057693693e+19,3.630255676612852e-28,5.540847472381249e+22,6.671278653345836e-24,1.002775539439519e+20,5.307649176849899e-29,1.5860798220706253e+17,58260332.25124507,9.976262358137358e+16,2.5173556062880057e+23,1.0011894596174488e+20,8.391185354293352e+22
2754577297297.298,756.3461607554386,253184883.1765432,1,2.9615789701288444e+22,8.391185354293352e+22,2.518355209667801e+23,9.98198057693693e+19,3.2389789097439273e-28,5.540847472381249e+22,5.9522320564757154e-24,1.002775539439519e+20,4.7355858484332963e-29,1.5860798220706253e+17,37126577.947643556,9.976262360250734e+16,2.5173556062880057e+23,1.0011894596174488e+20,8.391185354293352e+22
2757736216216.2163,754.0025210315343,253184468.7514121,1,2.9615789701288444e+22,8.391185354293352e+22,2.518355209667801e+23,9.98198057693693e+19,2.8898747804104894e-28,5.540847472381249e+22,5.310686046125271e-24,1.002775539439519e+20,4.2251799202341445e-29,1.5860798220706253e+17,23457250.705758456,9.976262361617667e+16,2.5173556062880057e+23,1.0011894596174488e+20,8.391185354293352e+22
2760895135135.1353,751.65888130763,253184060.92045012,1,2.9615789701288444e+22,8.391185354293352e+22,2.518355209667801e+23,9.98198057693693e+19,2.5783978342931894e-28,5.540847472381249e+22,4.738287421073557e-24,1.002775539439519e+20,3.7697859270014724e-29,1.5860798220706253e+17,14692443.616875298,9.976262362494147e+16,2.5173556062880057e+23,1.0011894596174488e+20,8.391185354293352e+22
2764054054054.054,749.3152415837258,253183659.56647822,1,2.9615789701288444e+22,8.391185354293352e+22,2.518355209667801e+23,9.98198057693693e+19,2.300492535345969e-28,5.540847472381249e+22,4.227583308390944e-24,1.002775539439519e+20,3.363474653286842e-29,1.5860798220706253e+17,9121785.68399935,9.976262363051213e+16,2.5173556062880057e+23,1.0011894596174488e+20,8.391185354293352e+22
2767212972972.973,746.9716018598215,253183264.5750543,1,2.9615789701288444e+22,8.391185354293352e+22,2.518355209667801e+23,9.98198057693693e+19,2.052540461439568e-28,5.540847472381249e+22,3.7719241238718156e-24,1.002775539439519e+20,3.000955936091227e-29,1.5860798220706253e+17,5612785.602050313,9.976262363402114e+16,2.5173556062880057e+23,1.0011894596174488e+20,8.391185354293352e+22
2770371891891.892,744.6279621359172,253182875.8343874,1,2.9615789701288444e+22,8.391185354293352e+22,2.518355209667801e+23,9.98198057693693e+19,1.8313131913591439e-28,5.540847472381249e+22,3.365376991627219e-24,1.002775539439519e+20,2.677509787809641e-29,1.5860798220706253e+17,3422420.253291881,9.97626236362115e+16,2.5173556062880057e+23,1.0011894596174488e+20,8.391185354293352e+22
2773530810810.811,742.2843224120129,253182493.2352551,1,2.9615789701288444e+22,8.391185354293352e+22,2.518355209667801e+23,9.98198057693693e+19,1.633930269731451e-28,5.540847472381249e+22,3.0026484955238634e-24,1.002775539439519e+20,2.388924942718938e-29,1.5860798220706253e+17,2067701.0833107526,9.976262363756622e+16,2.5173556062880057e+23,1.0011894596174488e+20,8.391185354293352e+22
2776689729729.7295,739.9406826881086,253182116.6709225,1,2.9615789701288444e+22,8.391185354293352e+22,2.518355209667801e+23,9.98198057693693e+19,1.4578217025729916e-28,5.540847472381249e+22,2.6790157566604075e-24,1.002775539439519e+20,2.1314440269049527e-29,1.5860798220706253e+17,1237612.425202626,9.976262363839632e+16,2.5173556062880057e+23,1.0011894596174488e+20,8.391185354293352e+22
2779848648648.649,737.597042964204,253181746.03706437,1,2.9615789701288444e+22,8.391185354293352e+22,2.518355209667801e+23,9.98198057693693e+19,1.3006944951404427e-28,5.540847472381249e+22,2.390264939480558e-24,1.002775539439519e+20,1.9017146377597075e-29,1.5860798220706253e+17,733781.4627165871,9.976262363890014e+16,2.5173556062880057e+23,1.0011894596174488e+20,8.391185354293352e+22
2783007567567.568,735.2534032402997,253181381.23168963,1,2.9615789701288444e+22,8.391185354293352e+22,2.518355209667801e+23,9.98198057693693e+19,1.1605027963964862e-28,5.540847472381249e+22,2.132636385846469e-24,1.002775539439519e+20,1.6967456961190498e-29,1.5860798220706253e+17,430899.9118856455,9.976262363920302e+16,2.5173556062880057e+23,1.0011894596174488e+20,8.391185354293352e+22
2786166486486.487,732.9097635163954,253181022.15506795,1,2.9615789701288444e+22,8.391185354293352e+22,2.518355209667801e+23,9.98198057693693e+19,1.0354212613632976e-28,5.540847472381249e+22,1.9027756626948102e-24,1.002775539439519e+20,1.513868502758847e-29,1.5860798220706253e+17,250585.4491779194,9.976262363938334e+16,2.5173556062880057e+23,1.0011894596174488e+20,8.391185354293352e+22
2789325405405.406,730.5661237924911,253180668.70965886,1,2.9615789701288444e+22,8.391185354293352e+22,2.518355209667801e+23,9.98198057693693e+19,9.238212845337133e-29,5.540847472381249e+22,1.6976898858952144e-24,1.002775539439519e+20,1.350701992216623e-29,1.5860798220706253e+17,144293.58347724183,9.976262363948963e+16,2.5173556062880057e+23,1.0011894596174488e+20,8.391185354293352e+22
2792484324324.3247,728.2224840685868,253180320.80004323,1,2.9615789701288444e+22,8.391185354293352e+22,2.518355209667801e+23,9.98198057693693e+19,8.242497948920408e-29,5.540847472381249e+22,1.5147087516292139e-24,1.002775539439519e+20,1.2051217315529159e-29,1.5860798220706253e+17,82260.55823877727,9.976262363955166e+16,2.5173556062880057e+23,1.0011894596174488e+20,8.391185354293352e+22
2795643243243.2437,725.8788443446825,253179978.33285654,1,2.9615789701288444e+22,8.391185354293352e+22,2.518355209667801e+23,9.98198057693693e+19,7.354103364493719e-29,5.540847472381249e+22,1.3514497679016885e-24,1.002775539439519e+20,1.0752322604245898e-29,1.5860798220706253e+17,46422.79519868855,9.97626236395875e+16,2.5173556062880057e+23,1.0011894596174488e+20,8.391185354293352e+22
2798802162162.162,723.5352046207782,253179641.21672487,1,2.9615789701288444e+22,8.391185354293352e+22,2.518355209667801e+23,9.98198057693693e+19,6.561461879562799e-29,5.540847472381249e+22,1.205787233484353e-24,1.002775539439519e+20,9.593424123447693e-30,1.5860798220706253e+17,25930.28407068088,9.9762623639608e+16,2.5173556062880057e+23,1.0011894596174488e+20,8.391185354293352e+22
2801961081081.081,721.191564896874,253179309.36220253,1,2.9615789701288444e+22,8.391185354293352e+22,2.518355209667801e+23,9.98198057693693e+19,5.854253020064469e-29,5.540847472381249e+22,1.075824560383968e-24,1.002775539439519e+20,8.559432958181865e-30,1.5860798220706253e+17,14333.782173815818,9.97626236396196e+16,2.5173556062880057e+23,1.0011894596174488e+20,8.391185354293352e+22
2805120000000.0,718.8479251729697,253178982.68171185,1,2.9615789701288444e+22,8.391185354293352e+22,2.518355209667801e+23,9.98198057693693e+19,5.223268674337634e-29,5.540847472381249e+22,9.598695794620693e-25,1.002775539439519e+20,7.636886486713456e-30,1.5860798220706253e+17,7840.303850595185,9.97626236396261e+16,2.5173556062880057e+23,1.0011894596174488e+20,8.391185354293352e+22
2808278918918.919,716.5042854490654,253178661.08948544,1,2.9615789701288444e+22,8.391185354293352e+22,2.518355209667801e+23,9.98198057693693e+19,4.660293200411876e-29,5.540847472381249e+22,8.564125076749083e-25,1.002775539439519e+20,6.813773097952148e-30,1.5860798220706253e+17,4242.916137855753,9.97626236396297e+16,2.5173556062880057e+23,1.0011894596174488e+20,8.391185354293352e+22
2811437837837.8384,714.1606457251607,253178344.5015094,1,2.9615789701288444e+22,8.391185354293352e+22,2.518355209667801e+23,9.98198057693693e+19,4.157996455573539e-29,5.540847472381249e+22,7.641062900577192e-25,1.002775539439519e+20,6.079375800861551e-30,1.5860798220706253e+17,2271.4136526697566,9.976262363963166e+16,2.5173556062880057e+23,1.0011894596174488e+20,8.391185354293352e+22
2814596756756.7573,711.8170060012565,253178032.83546957,1,2.9615789701288444e+22,8.391185354293352e+22,2.518355209667801e+23,9.98198057693693e+19,3.7098383554209525e-29,5.540847472381249e+22,6.817490604976105e-25,1.002775539439519e+20,5.424132689675975e-30,1.5860798220706253e+17,1202.7321203822655,9.976262363963274e+16,2.5173556062880057e+23,1.0011894596174488e+20,8.391185354293352e+22
2817755675675.676,709.4733662773522,253177726.0106989,1,2.9615789701288444e+22,8.391185354293352e+22,2.518355209667801e+23,9.98198057693693e+19,3.309983719737904e-29,5.540847472381249e+22,6.082684929269012e-25,1.002775539439519e+20,4.839512448208012e-30,1.5860798220706253e+17,629.8295810721713,9.976262363963331e+16,2.5173556062880057e+23,1.0011894596174488e+20,8.391185354293352e+22
2820914594594.5947,707.1297265534479,253177423.9481269,1,2.9615789701288444e+22,8.391185354293352e+22,2.518355209667801e+23,9.98198057693693e+19,2.9532262964517976e-29,5.540847472381249e+22,5.427078391828022e-25,1.002775539439519e+20,4.31790327233469e-30,1.5860798220706253e+17,326.13631912646554,9.976262363963362e+16,2.5173556062880057e+23,1.0011894596174488e+20,8.391185354293352e+22
2824073513513.5137,704.7860868295436,253177126.57023072,1,2.9615789701288444e+22,8.391185354293352e+22,2.518355209667801e+23,9.98198057693693e+19,2.634920974444412e-29,5.540847472381249e+22,4.842134717404502e-25,1.002775539439519e+20,3.85251376445138e-30,1.5860798220706253e+17,166.9697066849721,9.976262363963378e+16,2.5173556062880057e+23,1.0011894596174488e+20,8.391185354293352e+22
2827232432432.4326,702.4424471056393,253176833.80098832,1,2.9615789701288444e+22,8.391185354293352e+22,2.518355209667801e+23,9.98198057693693e+19,2.3509233026044626e-29,5.540847472381249e+22,4.320237691203957e-25,1.002775539439519e+20,3.437284509554715e-30,1.5860798220706253e+17,84.50433935344039,9.976262363963386e+16,2.5173556062880057e+23,1.0011894596174488e+20,8.391185354293352e+22
2830391351351.3516,700.098807381735,253176545.56583253,1,2.9615789701288444e+22,8.391185354293352e+22,2.518355209667801e+23,9.98198057693693e+19,2.097535527640695e-29,5.540847472381249e+22,3.8545919925383403e-25,1.002775539439519e+20,3.0668091816881325e-30,1.5860798220706253e+17,42.27304380631383,9.97626236396339e+16,2.5173556062880057e+23,1.0011894596174488e+20,8.391185354293352e+22
2833550270270.2705,697.7551676578307,253176261.79160804,1,2.9615789701288444e+22,8.391185354293352e+22,2.518355209667801e+23,9.98198057693693e+19,1.8714584480504424e-29,5.540847472381249e+22,3.439134716867887e-25,1.002775539439519e+20,2.7362641535663953e-30,1.5860798220706253e+17,20.899292125439317,9.976262363963392e+16,2.5173556062880057e+23,1.0011894596174488e+20,8.391185354293352e+22
2836709189189.1895,695.4115279339264,253175982.4065286,1,2.9615789701288444e+22,8.391185354293352e+22,2.518355209667801e+23,9.98198057693693e+19,1.6697484573667538e-29,5.540847472381249e+22,3.0684564342119057e-25,1.002775539439519e+20,2.4413456929056123e-30,1.5860798220706253e+17,10.209948571024817,9.976262363963394e+16,2.5173556062880057e+23,1.0011894596174488e+20,8.391185354293352e+22
2839868108108.108,693.0678882100221,253175707.34013668,1,2.9615789701288444e+22,8.391185354293352e+22,2.518355209667801e+23,9.98198057693693e+19,1.4897792173732112e-29,5.540847472381249e+22,2.737730756075565e-25,1.002775539439519e+20,2.178213927762316e-30,1.5860798220706253e+17,4.92810384570364,9.976262363963394e+16,2.5173556062880057e+23,1.0011894596174488e+20,8.391185354293352e+22
2843027027027.0273,690.7242484861175,253175436.52326423,1,2.9615789701288444e+22,8.391185354293352e+22,2.518355209667801e+23,9.98198057693693e+19,1.32920746225915e-29,5.540847472381249e+22,2.442651493824166e-25,1.002775539439519e+20,1.9434428513164058e-30,1.5860798220706253e+17,2.349854123753466,9.976262363963394e+16,2.5173556062880057e+23,1.0011894596174488e+20,8.391185354293352e+22
2846185945945.9463,688.3806087622132,253175169.88799527,1,2.9615789701288444e+22,8.391185354293352e+22,2.518355209667801e+23,9.98198057693693e+19,1.1859424884741518e-29,5.540847472381249e+22,2.179376590280284e-25,1.002775539439519e+20,1.73397571516512e-30,1.5860798220706253e+17,1.1067440702728664,9.976262363963394e+16,2.5173556062880057e+23,1.0011894596174488e+20,8.391185354293352e+22
2849344864864.865,686.0369690383089,253174907.3676294,1,2.9615789701288444e+22,8.391185354293352e+22,2.518355209667801e+23,9.98198057693693e+19,1.0581189330296662e-29,5.540847472381249e+22,1.9444780945093849e-25,1.002775539439519e+20,1.5470852303530479e-30,1.5860798220706253e+17,0.514800927679084,9.976262363963394e+16,2.5173556062880057e+23,1.0011894596174488e+20,8.391185354293352e+22
2852503783783.784,683.6933293144047,253174648.8966471,1,2.9615789701288444e+22,8.391185354293352e+22,2.518355209667801e+23,9.98198057693693e+19,9.440724858122005e-30,5.540847472381249e+22,1.7348975284444e-25,1.002775539439519e+20,1.380338057958641e-30,1.5860798220706253e+17,0.23646012191552934,9.976262363963394e+16,2.5173556062880057e+23,1.0011894596174488e+20,8.391185354293352e+22
2855662702702.703,681.3496895905004,253174394.4106763,1,2.9615789701288444e+22,8.391185354293352e+22,2.518355209667801e+23,9.98198057693693e+19,8.42318219674312e-30,5.540847472381249e+22,1.5479060642037798e-25,1.002775539439519e+20,1.2315631269075038e-30,1.5860798220706253e+17,0.10723677115720007,9.976262363963394e+16,2.5173556062880057e+23,1.0011894596174488e+20,8.391185354293352e+22
2858821621621.6216,679.0060498665961,253174143.8464603,1,2.9615789701288444e+22,8.391185354293352e+22,2.518355209667801e+23,9.98198057693693e+19,7.515312561539421e-30,5.540847472381249e+22,1.381068993594813e-25,1.002775539439519e+20,1.0988233665123872e-30,1.5860798220706253e+17,0.04801065842428333,9.976262363963394e+16,2.5173556062880057e+23,1.0011894596174488e+20,8.391185354293352e+22
2861980540540.5405,676.6624101426918,253173897.14182672,1,2.9615789701288444e+22,8.391185354293352e+22,2.518355209667801e+23,9.98198057693693e+19,6.705295150832624e-30,5.540847472381249e+22,1.2322140271800692e-25,1.002775539439519e+20,9.803904856992627e-31,1.5860798220706253e+17,0.02121684119056422,9.976262363963394e+16,2.5173556062880057e+23,1.0011894596174488e+20,8.391185354293352e+22
2865139459459.4595,674.3187704187875,253173654.23565793,1,2.9615789701288444e+22,8.391185354293352e+22,2.518355209667801e+23,9.98198057693693e+19,5.982583234811086e-30,5.540847472381249e+22,1.0994030101473612e-25,1.002775539439519e+20,8.74722470546303e-31,1.5860798220706253e+17,0.009253671761931545,9.976262363963394e+16,2.5173556062880057e+23,1.0011894596174488e+20,8.391185354293352e+22
2868298378378.3784,671.9751306948832,253173415.0678626,1,2.9615789701288444e+22,8.391185354293352e+22,2.518355209667801e+23,9.98198057693693e+19,5.337766833315771e-30,5.540847472381249e+22,9.809066867118593e-26,1.002775539439519e+20,7.804435071546377e-31,1.5860798220706253e+17,0.003982713761905886,9.976262363963394e+16,2.5173556062880057e+23,1.0011894596174488e+20,8.391185354293352e+22
2871457297297.2974,669.6314909709789,253173179.5793484,1,2.9615789701288444e+22,8.391185354293352e+22,2.518355209667801e+23,9.98198057693693e+19,4.762450194505833e-30,5.540847472381249e+22,8.751821844721619e-26,1.002775539439519e+20,6.963260684474337e-31,1.5860798220706253e+17,0.00169128680132567,9.976262363963394e+16,2.5173556062880057e+23,1.0011894596174488e+20,8.391185354293352e+22
2874616216216.217,667.2878512470743,253172947.7119957,1,2.9615789701288444e+22,8.391185354293352e+22,2.518355209667801e+23,9.98198057693693e+19,4.249142479134227e-30,5.540847472381249e+22,7.808529255570878e-26,1.002775539439519e+20,6.212749316678978e-31,1.5860798220706253e+17,0.0007085496780697806,9.976262363963394e+16,2.5173556062880057e+23,1.0011894596174488e+20,8.391185354293352e+22
2877775135135.1357,664.94421152317,253172719.4086327,1,2.9615789701288444e+22,8.391185354293352e+22,2.518355209667801e+23,9.98198057693693e+19,3.7911602271051134e-30,5.540847472381249e+22,6.966907029978025e-26,1.002775539439519e+20,5.543129184843869e-31,1.5860798220706253e+17,0.00029280612944165754,9.976262363963394e+16,2.5173556062880057e+23,1.0011894596174488e+20,8.391185354293352e+22
2880934054054.054,662.6005717992657,253172494.61301118,1,2.9615789701288444e+22,8.391185354293352e+22,2.518355209667801e+23,9.98198057693693e+19,3.382540336394063e-30,5.540847472381249e+22,6.21599688952035e-26,1.002775539439519e+20,4.945681720389587e-31,1.5860798220706253e+17,0.00011934081424582084,9.976262363963394e+16,2.5173556062880057e+23,1.0011894596174488e+20,8.391185354293352e+22
2884092972972.973,660.2569320753614,253172273.26978356,1,2.9615789701288444e+22,8.391185354293352e+22,2.518355209667801e+23,9.98198057693693e+19,3.0179624212865426e-30,5.540847472381249e+22,5.54602166560683e-26,1.002775539439519e+20,4.412628052866511e-31,1.5860798220706253e+17,4.7966629963536436e-05,9.976262363963394e+16,2.5173556062880057e+23,1.0011894596174488e+20,8.391185354293352e+22
2887251891891.892,657.9132923514571,253172055.3244808,1,2.9615789701288444e+22,8.391185354293352e+22,2.518355209667801e+23,9.98198057693693e+19,2.692679539012033e-30,5.540847472381249e+22,4.9482579965952633e-26,1.002775539439519e+20,3.937027728268736e-31,1.5860798220706253e+17,1.900962082356974e-05,9.976262363963394e+16,2.5173556062880057e+23,1.0011894596174488e+20,8.391185354293352e+22
2890410810810.811,655.5696526275528,253171840.72349116,1,2.9615789701288444e+22,8.391185354293352e+22,2.518355209667801e+23,9.98198057693693e+19,2.402456382810452e-30,5.540847472381249e+22,4.4149227459229303e-26,1.002775539439519e+20,3.512688343580522e-31,1.5860798220706253e+17,7.4273633273074085e-06,9.976262363963394e+16,2.5173556062880057e+23,1.0011894596174488e+20,8.391185354293352e+22
2893569729729.73,653.2260129036486,253171629.41404012,1,2.9615789701288444e+22,8.391185354293352e+22,2.518355209667801e+23,9.98198057693693e+19,2.143514136682999e-30,5.540847472381249e+22,3.9390716623666687e-26,1.002775539439519e+20,3.134084920996279e-31,1.5860798220706253e+17,2.86065882790212e-06,9.976262363963394e+16,2.5173556062880057e+23,1.0011894596174488e+20,8.391185354293352e+22
2896728648648.649,650.8823731797443,253171421.34417108,1,2.9615789701288444e+22,8.391185354293352e+22,2.518355209667801e+23,9.98198057693693e+19,1.912481273816997e-30,5.540847472381249e+22,3.514508962945956e-26,1.002775539439519e+20,2.7962879720645804e-31,1.5860798220706253e+17,1.0859533151199913e-06,9.976262363963394e+16,2.5173556062880057e+23,1.0011894596174488e+20,8.391185354293352e+22
2899887567567.5674,648.53873345584,253171216.46272644,1,2.9615789701288444e+22,8.391185354293352e+22,2.518355209667801e+23,9.98198057693693e+19,1.7063496580629073e-30,5.540847472381249e+22,3.1357066612000355e-26,1.002775539439519e+20,2.4948993151495537e-31,1.5860798220706253e+17,4.062690713716727e-07,9.976262363963394e+16,2.5173556062880057e+23,1.0011894596174488e+20,8.391185354293352e+22
2903046486486.4863,646.1950937319357,253171014.7193304,1,2.9615789701288444e+22,8.391185354293352e+22,2.518355209667801e+23,9.98198057693693e+19,1.5224353768892539e-30,5.540847472381249e+22,2.7977325904590316e-26,1.002775539439519e+20,2.2259948105509614e-31,1.5860798220706253e+17,1.4976765474387493e-07,9.976262363963394e+16,2.5173556062880057e+23,1.0011894596174488e+20,8.391185354293352e+22
2906205405405.406,643.851454008031,253170816.0643716,1,2.9615789701288444e+22,8.391185354293352e+22,2.518355209667801e+23,9.98198057693693e+19,1.3583437958467028e-30,5.540847472381249e+22,2.4961861849415122e-26,1.002775539439519e+20,1.9860732676919487e-31,1.5860798220706253e+17,5.439618471570107e-08,9.976262363963394e+16,2.5173556062880057e+23,1.0011894596174488e+20,8.391185354293352e+22
2909364324324.3247,641.5078142841268,253170620.44898698,1,2.9615789701288444e+22,8.391185354293352e+22,2.518355209667801e+23,9.98198057693693e+19,1.2119383795379927e-30,5.540847472381249e+22,2.2271411825211405e-26,1.002775539439519e+20,1.772010859143804e-31,1.5860798220706253e+17,1.9463001805736733e-08,9.976262363963394e+16,2.5173556062880057e+23,1.0011894596174488e+20,8.391185354293352e+22
2912523243243.2437,639.1641745602225,253170427.8250466,1,2.9615789701288444e+22,8.391185354293352e+22,2.518355209667801e+23,9.98198057693693e+19,1.08131287313166e-30,5.540847472381249e+22,1.987094503128133e-26,1.002775539439519e+20,1.5810204479560462e-31,1.5860798220706253e+17,6.8594195531448176e-09,9.976262363963394e+16,2.5173556062880057e+23,1.0011894596174488e+20,8.391185354293352e+22
2915682162162.1626,636.8205348363182,253170238.14513826,1,2.9615789701288444e+22,8.391185354293352e+22,2.518355209667801e+23,9.98198057693693e+19,9.64766482212926e-31,5.540847472381249e+22,1.772920637160622e-26,1.002775539439519e+20,1.4106152987313026e-31,1.5860798220706253e+17,2.3809300263716114e-09,9.976262363963394e+16,2.5173556062880057e+23,1.0011894596174488e+20,8.391185354293352e+22
2918841081081.0815,634.4768951124139,253170051.36255375,1,2.9615789701288444e+22,8.391185354293352e+22,2.518355209667801e+23,9.98198057693693e+19,8.60781727804518e-31,5.540847472381249e+22,1.5818309500236896e-26,1.002775539439519e+20,1.2585766999610362e-31,1.5860798220706253e+17,8.138297458320484e-10,9.976262363963394e+16,2.5173556062880057e+23,1.0011894596174488e+20,8.391185354293352e+22
2922000000000.0,632.1332553885096,253169867.43127495,1,2.9615789701288444e+22,8.391185354293352e+22,2.518355209667801e+23,9.98198057693693e+19,7.680046882218507e-31,5.540847472381249e+22,1.4113373729239052e-26,1.002775539439519e+20,1.1229250760626313e-31,1.5860798220706253e+17,2.739015461235978e-10,9.976262363963394e+16,2.5173556062880057e+23,1.0011894596174488e+20,8.391185354293352e+22
2925158918918.919,629.7896156646053,253169686.30596113,1,2.9615789701288444e+22,8.391185354293352e+22,2.518355209667801e+23,9.98198057693693e+19,6.852273705043942e-31,5.540847472381249e+22,1.25922000715811e-26,1.002775539439519e+20,1.0018942129944834e-31,1.5860798220706253e+17,9.075616631931933e-11,9.976262363963394e+16,2.5173556062880057e+23,1.0011894596174488e+20,8.391185354293352e+22
2928317837837.838,627.445975940701,253169507.94193637,1,2.9615789701288444e+22,8.391185354293352e+22,2.518355209667801e+23,9.98198057693693e+19,6.113719818929057e-31,5.540847472381249e+22,1.123498220090543e-26,1.002775539439519e+20,8.939082618645822e-32,1.5860798220706253e+17,2.9602315664934427e-11,9.976262363963394e+16,2.5173556062880057e+23,1.0011894596174488e+20,8.391185354293352e+22
2931476756756.757,625.1023362167967,253169332.29517764,1,2.9615789701288444e+22,8.391185354293352e+22,2.518355209667801e+23,9.98198057693693e+19,5.454768965614615e-31,5.540847472381249e+22,1.0024048564756706e-26,1.002775539439519e+20,7.975612211175807e-32,1.5860798220706253e+17,9.503655516018834e-12,9.976262363963394e+16,2.5173556062880057e+23,1.0011894596174488e+20,8.391185354293352e+22
2934635675675.676,622.7586964928925,253169159.32230335,1,2.9615789701288444e+22,8.391185354293352e+22,2.518355209667801e+23,9.98198057693693e+19,4.866841348860437e-31,5.540847472381249e+22,8.943632293472005e-27,1.002775539439519e+20,7.115986301566813e-32,1.5860798220706253e+17,3.0027498086321703e-12,9.976262363963394e+16,2.5173556062880057e+23,1.0011894596174488e+20,8.391185354293352e+22
2937794594594.595,620.4150567689878,253168988.98056272,1,2.9615789701288444e+22,8.391185354293352e+22,2.518355209667801e+23,9.98198057693693e+19,4.342281922252019e-31,5.540847472381249e+22,7.979665908848949e-27,1.002775539439519e+20,6.349012360494644e-32,1.5860798220706253e+17,9.335971488554502e-13,9.976262363963394e+16,2.5173556062880057e+23,1.0011894596174488e+20,8.391185354293352e+22
2940953513513.5137,618.0714170450835,253168821.227825,1,2.9615789701288444e+22,8.391185354293352e+22,2.518355209667801e+23,9.98198057693693e+19,3.874260717594378e-31,5.540847472381249e+22,7.119598159611596e-27,1.002775539439519e+20,5.664704206565917e-32,1.5860798220706253e+17,2.8560163271589667e-13,9.976262363963394e+16,2.5173556062880057e+23,1.0011894596174488e+20,8.391185354293352e+22
2944112432432.4326,615.7277773211792,253168656.02256966,1,2.9615789701288444e+22,8.391185354293352e+22,2.518355209667801e+23,9.98198057693693e+19,3.4566839161322864e-31,5.540847472381249e+22,6.35223059879415e-27,1.002775539439519e+20,5.054151984430847e-32,1.5860798220706253e+17,8.595517047272523e-14,9.976262363963394e+16,2.5173556062880057e+23,1.0011894596174488e+20,8.391185354293352e+22
2947271351351.3516,613.384137597275,253168493.32387662,1,2.9615789701288444e+22,8.391185354293352e+22,2.518355209667801e+23,9.98198057693693e+19,3.084114504711649e-31,5.540847472381249e+22,5.667571775210694e-27,1.002775539439519e+20,4.5094061568218603e-32,1.5860798220706253e+17,2.5447392720820173e-14,9.976262363963394e+16,2.5173556062880057e+23,1.0011894596174488e+20,8.391185354293352e+22
2950430270270.2705,611.0404978733707,253168333.09141698,1,2.9615789701288444e+22,8.391185354293352e+22,2.518355209667801e+23,9.98198057693693e+19,2.751701483796007e-31,5.540847472381249e+22,5.0567071405220285e-27,1.002775539439519e+20,4.0233740000819944e-32,1.5860798220706253e+17,7.410113008481711e-15,9.976262363963394e+16,2.5173556062880057e+23,1.0011894596174488e+20,8.391185354293352e+22
2953589189189.1895,608.6968581494664,253168175.28544438,1,2.9615789701288444e+22,8.391185354293352e+22,2.518355209667801e+23,9.98198057693693e+19,2.455116705600473e-31,5.540847472381249e+22,4.51168297803443e-27,1.002775539439519e+20,3.5897272555416727e-32,1.5860798220706253e+17,2.1221075410012764e-15,9.976262363963394e+16,2.5173556062880057e+23,1.0011894596174488e+20,8.391185354293352e+22
2956748108108.1084,606.3532184255621,253168019.86678627,1,2.9615789701288444e+22,8.391185354293352e+22,2.518355209667801e+23,9.98198057693693e+19,2.19049851995227e-31,5.540847472381249e+22,4.02540284193406e-27,1.002775539439519e+20,3.202819734353939e-32,1.5860798220706253e+17,5.976159977430583e-16,9.976262363963394e+16,2.5173556062880057e+23,1.0011894596174488e+20,8.391185354293352e+22
2959907027027.0273,604.0095787016578,253167866.79683572,1,2.9615789701288444e+22,8.391185354293352e+22,2.518355209667801e+23,9.98198057693693e+19,1.9544014941260952e-31,5.540847472381249e+22,3.591535158551902e-27,1.002775539439519e+20,2.8576138029919314e-32,1.5860798220706253e+17,1.6547830010198575e-16,9.976262363963394e+16,2.5173556062880057e+23,1.0011894596174488e+20,8.391185354293352e+22
2963065945945.946,601.6659389777535,253167716.03754348,1,2.9615789701288444e+22,8.391185354293352e+22,2.518355209667801e+23,9.98198057693693e+19,1.7437515519879433e-31,5.540847472381249e+22,3.2044307865885237e-27,1.002775539439519e+20,2.549614792240569e-32,1.5860798220706253e+17,4.504806442231047e-17,9.976262363963394e+16,2.5173556062880057e+23,1.0011894596174488e+20,8.391185354293352e+22
2966224864864.8647,599.3222992538492,253167567.55141044,1,2.9615789701288444e+22,8.391185354293352e+22,2.518355209667801e+23,9.98198057693693e+19,1.5558059483423032e-31,5.540847472381249e+22,2.8590494628977897e-27,1.002775539439519e+20,2.2748124756779068e-32,1.5860798220706253e+17,1.2055360681060976e-17,9.976262363963394e+16,2.5173556062880057e+23,1.0011894596174488e+20,8.391185354293352e+22
2969383783783.784,596.9786595299446,253167421.3014801,1,2.9615789701288444e+22,8.391185354293352e+22,2.518355209667801e+23,9.98198057693693e+19,1.3881175573338524e-31,5.540847472381249e+22,2.550894176122448e-27,1.002775539439519e+20,2.029628855688045e-32,1.5860798220706253e+17,3.1710750245352704e-18,9.976262363963394e+16,2.5173556062880057e+23,1.0011894596174488e+20,8.391185354293352e+22
2972542702702.703,594.6350198060403,253167277.2513317,1,2.9615789701288444e+22,8.391185354293352e+22,2.518355209667801e+23,9.98198057693693e+19,1.2385030099252888e-31,5.540847472381249e+22,2.2759526136984667e-27,1.002775539439519e+20,1.8108715771716657e-32,1.5860798220706253e+17,8.198017102968136e-19,9.976262363963394e+16,2.5173556062880057e+23,1.0011894596174488e+20,8.391185354293352e+22
2975701621621.622,592.291380082136,253167135.36507297,1,2.9615789701288444e+22,8.391185354293352e+22,2.518355209667801e+23,9.98198057693693e+19,1.1050142655893207e-31,5.540847472381249e+22,2.0306449198432895e-27,1.002775539439519e+20,1.6156923623937176e-32,1.5860798220706253e+17,2.0827703727843081e-19,9.976262363963394e+16,2.5173556062880057e+23,1.0011894596174488e+20,8.391185354293352e+22
2978860540540.541,589.9477403582317,253166995.60733372,1,2.9615789701288444e+22,8.391185354293352e+22,2.518355209667801e+23,9.98198057693693e+19,9.859132480676008e-32,5.540847472381249e+22,1.8117770843148452e-27,1.002775539439519e+20,1.4415499257835232e-32,1.5860798220706253e+17,5.1994693720899235e-20,9.976262363963394e+16,2.5173556062880057e+23,1.0011894596174488e+20,8.391185354293352e+22
2982019459459.4595,587.6041006343274,253166857.94325927,1,2.9615789701288444e+22,8.391185354293352e+22,2.518355209667801e+23,9.98198057693693e+19,8.796492149446333e-32,5.540847472381249e+22,1.616499355043187e-27,1.002775539439519e+20,1.2861768858320114e-32,1.5860798220706253e+17,1.2753137303021672e-20,9.976262363963394e+16,2.5173556062880057e+23,1.0011894596174488e+20,8.391185354293352e+22
2985178378378.3784,585.2604609104231,253166722.33850402,1,2.9615789701288444e+22,8.391185354293352e+22,2.518355209667801e+23,9.98198057693693e+19,7.848385663800073e-32,5.540847472381249e+22,1.442269133149577e-27,1.002775539439519e+20,1.1475502432737166e-32,1.5860798220706253e+17,3.0730616056371045e-21,9.976262363963394e+16,2.5173556062880057e+23,1.0011894596174488e+20,8.391185354293352e+22
2988337297297.2974,582.9168211865189,253166588.75922564,1,2.9615789701288444e+22,8.391185354293352e+22,2.518355209667801e+23,9.98198057693693e+19,7.002468301010086e-32,5.540847472381249e+22,1.2868178672304255e-27,1.002775539439519e+20,1.023865041174414e-32,1.5860798220706253e+17,7.2740802577805465e-22,9.976262363963394e+16,2.5173556062880057e+23,1.0011894596174488e+20,8.391185354293352e+22
2991496216216.2163,580.5731814626146,253166457.17207855,1,2.9615789701288444e+22,8.391185354293352e+22,2.518355209667801e+23,9.98198057693693e+19,6.247725880934171e-32,5.540847472381249e+22,1.1481215158556185e-27,1.002775539439519e+20,9.135108639743017e-33,1.5860798220706253e+17,1.691197789429698e-22,9.976262363963394e+16,2.5173556062880057e+23,1.0011894596174488e+20,8.391185354293352e+22
2994655135135.1353,578.2295417387103,253166327.54420877,1,2.9615789701288444e+22,8.391185354293352e+22,2.518355209667801e+23,9.98198057693693e+19,5.574331357099124e-32,5.540847472381249e+22,1.0243741936904277e-27,1.002775539439519e+20,8.150508695000446e-33,1.5860798220706253e+17,3.8616920867837154e-23,9.976262363963394e+16,2.5173556062880057e+23,1.0011894596174488e+20,8.391185354293352e+22
2997814054054.054,575.885902014806,253166199.84324762,1,2.9615789701288444e+22,8.391185354293352e+22,2.518355209667801e+23,9.98198057693693e+19,4.973516864722341e-32,5.540847472381249e+22,9.139646581023342e-28,1.002775539439519e+20,7.272030809388664e-33,1.5860798220706253e+17,8.659359635138239e-24,9.976262363963394e+16,2.5173556062880057e+23,1.0011894596174488e+20,8.391185354293352e+22
3000972972972.973,573.5422622909014,253166074.03730637,1,2.9615789701288444e+22,8.391185354293352e+22,2.518355209667801e+23,9.98198057693693e+19,4.437459559687639e-32,5.540847472381249e+22,8.154553300984064e-28,1.002775539439519e+20,6.488236951926222e-33,1.5860798220706253e+17,1.906677802868357e-24,9.976262363963394e+16,2.5173556062880057e+23,1.0011894596174488e+20,8.391185354293352e+22
3004131891891.892,571.1986225669971,253165950.09497094,1,2.9615789701288444e+22,8.391185354293352e+22,2.518355209667801e+23,9.98198057693693e+19,3.9591797620552045e-32,5.540847472381249e+22,7.275635764369416e-28,1.002775539439519e+20,5.7889219028363366e-33,1.5860798220706253e+17,4.1220312952458586e-25,9.976262363963394e+16,2.5173556062880057e+23,1.0011894596174488e+20,8.391185354293352e+22
3007290810810.811,568.8549828430928,253165827.98529622,1,2.9615789701288444e+22,8.391185354293352e+22,2.518355209667801e+23,9.98198057693693e+19,3.532450077895373e-32,5.540847472381249e+22,6.491450091985215e-28,1.002775539439519e+20,5.164980379077909e-33,1.5860798220706253e+17,8.748775607805644e-26,9.976262363963394e+16,2.5173556062880057e+23,1.0011894596174488e+20,8.391185354293352e+22
3010449729729.73,566.5113431191885,253165707.67780104,1,2.9615789701288444e+22,8.391185354293352e+22,2.518355209667801e+23,9.98198057693693e+19,3.1517143161777424e-32,5.540847472381249e+22,5.791785853698116e-28,1.002775539439519e+20,4.608288481298269e-33,1.5860798220706253e+17,1.822826804159895e-26,9.976262363963394e+16,2.5173556062880057e+23,1.0011894596174488e+20,8.391185354293352e+22
3013608648648.649,564.1677033952842,253165589.1424629,1,2.9615789701288444e+22,8.391185354293352e+22,2.518355209667801e+23,9.98198057693693e+19,2.812015144982506e-32,5.540847472381249e+22,5.167533124303655e-28,1.002775539439519e+20,4.1115979186234e-33,1.5860798220706253e+17,3.7279177716991084e-27,9.976262363963394e+16,2.5173556062880057e+23,1.0011894596174488e+20,8.391185354293352e+22
3016767567567.568,561.8240636713799,253165472.34971276,1,2.9615789701288444e+22,8.391185354293352e+22,2.518355209667801e+23,9.98198057693693e+19,2.508929545090128e-32,5.540847472381249e+22,4.610563868435346e-28,1.002775539439519e+20,3.668441634071381e-33,1.5860798220706253e+17,7.482922106657754e-28,9.976262363963394e+16,2.5173556062880057e+23,1.0011894596174488e+20,8.391185354293352e+22
3019926486486.487,559.4804239474756,253165357.2704302,1,2.9615789701288444e+22,8.391185354293352e+22,2.518355209667801e+23,9.98198057693693e+19,2.2385112205303026e-32,5.540847472381249e+22,4.1136261100960055e-28,1.002775539439519e+20,3.2730496018123327e-33,1.5860798220706253e+17,1.4740826538035995e-28,9.976262363963394e+16,2.5173556062880057e+23,1.0011894596174488e+20,8.391185354293352e+22
3023085405405.4053,557.1367842235713,253165243.87593836,1,2.9615789701288444e+22,8.391185354293352e+22,2.518355209667801e+23,9.98198057693693e+19,1.9972392162533914e-32,5.540847472381249e+22,3.6702495088537324e-28,1.002775539439519e+20,2.920273699937901e-33,1.5860798220706253e+17,2.849577176341103e-29,9.976262363963394e+16,2.5173556062880057e+23,1.0011894596174488e+20,8.391185354293352e+22
3026244324324.324,554.793144499667,253165132.1379988,1,2.9615789701288444e+22,8.391185354293352e+22,2.518355209667801e+23,9.98198057693693e+19,1.7819720739066357e-32,5.540847472381249e+22,3.2746611132645398e-28,1.002775539439519e+20,2.605520680567882e-33,1.5860798220706253e+17,5.405175372887466e-30,9.976262363963394e+16,2.5173556062880057e+23,1.0011894596174488e+20,8.391185354293352e+22
3029403243243.243,552.4495047757628,253165022.02880707,1,2.9615789701288444e+22,8.391185354293352e+22,2.518355209667801e+23,9.98198057693693e+19,1.5899069288056445e-32,5.540847472381249e+22,2.921710194595467e-28,1.002775539439519e+20,2.324692364550311e-33,1.5860798220706253e+17,1.0059427566096164e-30,9.976262363963394e+16,2.5173556062880057e+23,1.0011894596174488e+20,8.391185354293352e+22
3032562162162.1626,550.1058650518581,253164913.52098757,1,2.9615789701288444e+22,8.391185354293352e+22,2.518355209667801e+23,9.98198057693693e+19,1.418543015527921e-32,5.540847472381249e+22,2.606801182151357e-28,1.002775539439519e+20,2.0741322820771083e-33,1.5860798220706253e+17,1.8366851999056807e-31,9.976262363963394e+16,2.5173556062880057e+23,1.0011894596174488e+20,8.391185354293352e+22
3035721081081.0815,547.7622253279538,253164806.5875888,1,2.9615789701288444e+22,8.391185354293352e+22,2.518355209667801e+23,9.98198057693693e+19,1.265649106957139e-32,5.540847472381249e+22,2.3258338269948054e-28,1.002775539439519e+20,1.8505780644641497e-33,1.5860798220706253e+17,3.289717184090289e-32,9.976262363963394e+16,2.5173556062880057e+23,1.0011894596174488e+20,8.391185354293352e+22
3038880000000.0005,545.4185856040496,253164701.2020787,1,2.9615789701288444e+22,8.391185354293352e+22,2.518355209667801e+23,9.98198057693693e+19,1.1292344628218913e-32,5.540847472381249e+22,2.075149814965526e-28,1.002775539439519e+20,1.651118967226331e-33,1.5860798220706253e+17,5.779758673773805e-33,9.976262363963394e+16,2.5173556062880057e+23,1.0011894596174488e+20,8.391185354293352e+22
3042038918918.9194,543.0749458801453,253164597.3383399,1,2.9615789701288444e+22,8.391185354293352e+22,2.518355209667801e+23,9.98198057693693e+19,1.0075229094676478e-32,5.540847472381249e+22,1.8514851338779988e-28,1.002775539439519e+20,1.4731579713881304e-33,1.5860798220706253e+17,9.959868523978787e-34,9.976262363963394e+16,2.5173556062880057e+23,1.0011894596174488e+20,8.391185354293352e+22
3045197837837.838,540.731306156241,253164494.97066507,1,2.9615789701288444e+22,8.391185354293352e+22,2.518355209667801e+23,9.98198057693693e+19,8.989297133706832e-33,5.540847472381249e+22,1.6519275746981094e-28,1.002775539439519e+20,1.3143779695801713e-33,1.5860798220706253e+17,1.6832795245458561e-34,9.976262363963394e+16,2.5173556062880057e+23,1.0011894596174488e+20,8.391185354293352e+22
3048356756756.757,538.3876664323367,253164394.07375216,1,2.9615789701288444e+22,8.391185354293352e+22,2.518355209667801e+23,9.98198057693693e+19,8.020409472796073e-33,5.540847472381249e+22,1.473878813346061e-28,1.002775539439519e+20,1.1727115966562563e-33,1.5860798220706253e+17,2.7898709129982584e-35,9.976262363963394e+16,2.5173556062880057e+23,1.0011894596174488e+20,8.391185354293352e+22
3051515675675.676,536.0440267084324,253164294.6227001,1,2.9615789701288444e+22,8.391185354293352e+22,2.518355209667801e+23,9.98198057693693e+19,7.155950803323058e-33,5.540847472381249e+22,1.3150205794145577e-28,1.002775539439519e+20,1.0463143120157227e-33,1.5860798220706253e+17,4.534237107075887e-36,9.976262363963394e+16,2.5173556062880057e+23,1.0011894596174488e+20,8.391185354293352e+22
3054674594594.5947,533.7003869845281,253164196.5930036,1,2.9615789701288444e+22,8.391185354293352e+22,2.518355209667801e+23,9.98198057693693e+19,6.384665524875248e-33,5.540847472381249e+22,1.17328447130461e-28,1.002775539439519e+20,9.335403831432539e-34,1.5860798220706253e+17,7.225769866400142e-37,9.976262363963394e+16,2.5173556062880057e+23,1.0011894596174488e+20,8.391185354293352e+22
3057833513513.5137,531.3567472606238,253164099.96054915,1,2.9615789701288444e+22,8.391185354293352e+22,2.518355209667801e+23,9.98198057693693e+19,5.696511195865648e-33,5.540847472381249e+22,1.0468250247592276e-28,1.002775539439519e+20,8.32921457612539e-34,1.5860798220706253e+17,1.1289945590278058e-37,9.976262363963394e+16,2.5173556062880057e+23,1.0011894596174488e+20,8.391185354293352e+22
3060992432432.4326,529.0131075367195,253164004.7016102,1,2.9615789701288444e+22,8.391185354293352e+22,2.518355209667801e+23,9.98198057693693e+19,5.0825277889771154e-33,5.540847472381249e+22,9.339956841358833e-29,1.002775539439519e+20,7.431474443704714e-34,1.5860798220706253e+17,1.7294019673532088e-38,9.976262363963394e+16,2.5173556062880057e+23,1.0011894596174488e+20,8.391185354293352e+22
3064151351351.3516,526.6694678128149,253163910.79284242,1,2.9615789701288444e+22,8.391185354293352e+22,2.518355209667801e+23,9.98198057693693e+19,4.534721069970124e-33,5.540847472381249e+22,8.333273635535213e-29,1.002775539439519e+20,6.630494548238696e-34,1.5860798220706253e+17,2.5969613231384152e-39,9.976262363963394e+16,2.5173556062880057e+23,1.0011894596174488e+20,8.391185354293352e+22
3067310270270.2705,524.3258280889106,253163818.21127957,1,2.9615789701288444e+22,8.391185354293352e+22,2.518355209667801e+23,9.98198057693693e+19,4.0459586379373864e-33,5.540847472381249e+22,7.435093187711476e-29,1.002775539439519e+20,5.915845802417332e-34,1.5860798220706253e+17,3.822698144857523e-40,9.976262363963394e+16,2.5173556062880057e+23,1.0011894596174488e+20,8.391185354293352e+22
3070469189189.1895,521.9821883650063,253163726.9343287,1,2.9615789701288444e+22,8.391185354293352e+22,2.518355209667801e+23,9.98198057693693e+19,3.609877405456939e-33,5.540847472381249e+22,6.633720807417499e-29,1.002775539439519e+20,5.278223043493547e-34,1.5860798220706253e+17,5.515432528039938e-41,9.976262363963394e+16,2.5173556062880057e+23,1.0011894596174488e+20,8.391185354293352e+22
3073628108108.1084,519.638548641102,253163636.93976566,1,2.9615789701288444e+22,8.391185354293352e+22,2.518355209667801e+23,9.98198057693693e+19,3.220801578862291e-33,5.540847472381249e+22,5.918722286291748e-29,1.002775539439519e+20,4.709323690448163e-34,1.5860798220706253e+17,7.799463694265068e-42,9.976262363963394e+16,2.5173556062880057e+23,1.0011894596174488e+20,8.391185354293352e+22
3076787027027.0273,517.2949089171977,253163548.2057306,1,2.9615789701288444e+22,8.391185354293352e+22,2.518355209667801e+23,9.98198057693693e+19,2.8736705215771524e-33,5.540847472381249e+22,5.280788040261866e-29,1.002775539439519e+20,4.201739279820849e-34,1.5860798220706253e+17,1.0809274281795776e-42,9.976262363963394e+16,2.5173556062880057e+23,1.0011894596174488e+20,8.391185354293352e+22
3079945945945.9463,514.9512691932935,253163460.7107236,1,2.9615789701288444e+22,8.391185354293352e+22,2.518355209667801e+23,9.98198057693693e+19,2.5639761944789794e-33,5.540847472381249e+22,4.711611894810595e-29,1.002775539439519e+20,3.7488583959279218e-34,1.5860798220706253e+17,1.4680690624137058e-43,9.976262363963394e+16,2.5173556062880057e+23,1.0011894596174488e+20,8.391185354293352e+22
3083104864864.865,512.6076294693892,253163374.43360016,1,2.9615789701288444e+22,8.391185354293352e+22,2.518355209667801e+23,9.98198057693693e+19,2.287710038436525e-33,5.540847472381249e+22,4.203782935059794e-29,1.002775539439519e+20,3.344779711191061e-34,1.5860798220706253e+17,1.953829179585902e-44,9.976262363963394e+16,2.5173556062880057e+23,1.0011894596174488e+20,8.391185354293352e+22
3086263783783.7837,510.2639897454849,253163289.35356647,1,2.9615789701288444e+22,8.391185354293352e+22,2.518355209667801e+23,9.98198057693693e+19,2.0413190099351805e-33,5.540847472381249e+22,3.750689012514758e-29,1.002775539439519e+20,2.9842341088863168e-34,1.5860798220706253e+17,2.5479407742136075e-45,9.976262363963394e+16,2.5173556062880057e+23,1.0011894596174488e+20,8.391185354293352e+22
3089422702702.7026,507.9203500215806,253163205.45017546,1,2.9615789701288444e+22,8.391185354293352e+22,2.518355209667801e+23,9.98198057693693e+19,1.8216698424006556e-33,5.540847472381249e+22,3.3464306520857106e-29,1.002775539439519e+20,2.6625151661389935e-34,1.5860798220706253e+17,3.2555745707445258e-46,9.976262363963394e+16,2.5173556062880057e+23,1.0011894596174488e+20,8.391185354293352e+22
3092581621621.6216,505.5767102976763,253163122.70332187,1,2.9615789701288444e+22,8.391185354293352e+22,2.518355209667801e+23,9.98198057693693e+19,1.62601948644371e-33,5.540847472381249e+22,2.985744238419378e-29,1.002775539439519e+20,2.3754175691747155e-34,1.5860798220706253e+17,4.075444304160187e-47,9.976262363963394e+16,2.5173556062880057e+23,1.0011894596174488e+20,8.391185354293352e+22
3095740540540.541,503.23307057377167,253163041.09323806,1,2.9615789701288444e+22,8.391185354293352e+22,2.518355209667801e+23,9.98198057693693e+19,1.4519883597619438e-33,5.540847472381249e+22,2.663933481394091e-29,1.002775539439519e+20,2.1191832101751906e-34,1.5860798220706253e+17,4.9981023971816295e-48,9.976262363963394e+16,2.5173556062880057e+23,1.0011894596174488e+20,8.391185354293352e+22
3098899459459.46,500.8894308498674,253162960.60048968,1,2.9615789701288444e+22,8.391185354293352e+22,2.518355209667801e+23,9.98198057693693e+19,1.2975320595767337e-33,5.540847472381249e+22,2.376808268430179e-29,1.002775539439519e+20,1.890454670084371e-34,1.5860798220706253e+17,6.004716960083495e-49,9.976262363963394e+16,2.5173556062880057e+23,1.0011894596174488e+20,8.391185354293352e+22
3102058378378.379,498.5457911259631,253162881.20597103,1,2.9615789701288444e+22,8.391185354293352e+22,2.518355209667801e+23,9.98198057693693e+19,1.1609071952823166e-33,5.540847472381249e+22,2.1206301074471781e-29,1.002775539439519e+20,1.6862354864618532e-34,1.5860798220706253e+17,7.06662299015747e-50,9.976262363963394e+16,2.5173556062880057e+23,1.0011894596174488e+20,8.391185354293352e+22
3105217297297.2974,496.2021514020588,253162802.8909008,1,2.9615789701288444e+22,8.391185354293352e+22,2.518355209667801e+23,9.98198057693693e+19,1.040628405636908e-33,5.540847472381249e+22,1.8920634501137006e-29,1.002775539439519e+20,1.5038561205774754e-34,1.5860798220706253e+17,8.145889644480642e-51,9.976262363963394e+16,2.5173556062880057e+23,1.0011894596174488e+20,8.391185354293352e+22
3108376216216.2163,493.8585116781545,253162725.63681772,1,2.9615789701288444e+22,8.391185354293352e+22,2.518355209667801e+23,9.98198057693693e+19,9.354163401665365e-34,5.540847472381249e+22,1.68813226160394e-29,1.002775539439519e+20,1.3409440668575985e-34,1.5860798220706253e+17,9.197038696226623e-52,9.976262363963394e+16,2.5173556062880057e+23,1.0011894596174488e+20,8.391185354293352e+22
3111535135135.1353,491.5148719542502,253162649.42557636,1,2.9615789701288444e+22,8.391185354293352e+22,2.518355209667801e+23,9.98198057693693e+19,8.441397024654354e-34,5.540847472381249e+22,1.5061812713977717e-29,1.002775539439519e+20,1.1953963224785152e-34,1.5860798220706253e+17,1.0169895830527297e-52,9.976262363963394e+16,2.5173556062880057e+23,1.0011894596174488e+20,8.391185354293352e+22
3114694054054.054,489.17123223034594,253162574.23934227,1,2.9615789701288444e+22,8.391185354293352e+22,2.518355209667801e+23,9.98198057693693e+19,7.657572535221137e-34,5.540847472381249e+22,1.343841400634687e-29,1.002775539439519e+20,1.0653526136097833e-34,1.5860798220706253e+17,1.1013377693768304e-53,9.976262363963394e+16,2.5173556062880057e+23,1.0011894596174488e+20,8.391185354293352e+22
3117852972972.973,486.82759250644165,253162500.06058827,1,2.9615789701288444e+22,8.391185354293352e+22,2.518355209667801e+23,9.98198057693693e+19,6.992668733913375e-34,5.540847472381249e+22,1.1989989159526459e-29,1.002775539439519e+20,9.491683559223837e-35,1.5860798220706253e+17,1.1679844592901812e-54,9.976262363963394e+16,2.5173556062880057e+23,1.0011894596174488e+20,8.391185354293352e+22
3121011891891.892,484.48395278253736,253162426.8720898,1,2.9615789701288444e+22,8.391185354293352e+22,2.518355209667801e+23,9.98198057693693e+19,6.4366783611550955e-34,5.540847472381249e+22,1.0697679083119298e-29,1.002775539439519e+20,8.453871471636531e-35,1.5860798220706253e+17,1.2129516296412735e-55,9.976262363963394e+16,2.5173556062880057e+23,1.0011894596174488e+20,8.391185354293352e+22
3124170810810.811,482.14031305863307,253162354.6569207,1,2.9615789701288444e+22,8.391185354293352e+22,2.518355209667801e+23,9.98198057693693e+19,5.9793964731521544e-34,5.540847472381249e+22,9.544657386246847e-30,1.002775539439519e+20,7.527134114920221e-35,1.5860798220706253e+17,1.233438746262952e-56,9.976262363963394e+16,2.5173556062880057e+23,1.0011894596174488e+20,8.391185354293352e+22
3127329729729.73,479.79667333472844,253162283.39844888,1,2.9615789701288444e+22,8.391185354293352e+22,2.518355209667801e+23,9.98198057693693e+19,5.610371313089817e-34,5.540847472381249e+22,8.515911305991455e-30,1.002775539439519e+20,6.69986440573836e-35,1.5860798220706253e+17,1.2281109031568302e-57,9.976262363963394e+16,2.5173556062880057e+23,1.0011894596174488e+20,8.391185354293352e+22
3130488648648.649,477.45303361082415,253162213.0803324,1,2.9615789701288444e+22,8.391185354293352e+22,2.518355209667801e+23,9.98198057693693e+19,5.318982206104704e-34,5.540847472381249e+22,7.598046255218201e-30,1.002775539439519e+20,5.96157399142157e-35,1.5860798220706253e+17,1.1972424196423787e-58,9.976262363963394e+16,2.5173556062880057e+23,1.0011894596174488e+20,8.391185354293352e+22
3133647567567.568,475.10939388691986,253162143.68651477,1,2.9615789701288444e+22,8.391185354293352e+22,2.518355209667801e+23,9.98198057693693e+19,5.094591169502193e-34,5.540847472381249e+22,6.779111441872941e-30,1.002775539439519e+20,5.302708383088707e-35,1.5860798220706253e+17,1.1426944698122975e-59,9.976262363963394e+16,2.5173556062880057e+23,1.0011894596174488e+20,8.391185354293352e+22
3136806486486.487,472.7657541630156,253162075.20122102,1,2.9615789701288444e+22,8.391185354293352e+22,2.518355209667801e+23,9.98198057693693e+19,4.926715436572419e-34,5.540847472381249e+22,6.048444283133622e-30,1.002775539439519e+20,4.714518572365771e-35,1.5860798220706253e+17,1.0677291043079424e-60,9.976262363963394e+16,2.5173556062880057e+23,1.0011894596174488e+20,8.391185354293352e+22
3139965405405.406,470.4221144391113,253162007.6089537,1,2.9615789701288444e+22,8.391185354293352e+22,2.518355209667801e+23,9.98198057693693e+19,4.8051837698167855e-34,5.540847472381249e+22,5.396531580379144e-30,1.002775539439519e+20,4.188992723268893e-35,1.5860798220706253e+17,9.766855333838282e-62,9.976262363963394e+16,2.5173556062880057e+23,1.0011894596174488e+20,8.391185354293352e+22
3143124324324.3247,468.078474715207,253161940.8944884,1,2.9615789701288444e+22,8.391185354293352e+22,2.518355209667801e+23,9.98198057693693e+19,4.720262229565995e-34,5.540847472381249e+22,4.814885639396237e-30,1.002775539439519e+20,3.718841031824499e-35,1.5860798220706253e+17,8.74563449655668e-63,9.976262363963394e+16,2.5173556062880057e+23,1.0011894596174488e+20,8.391185354293352e+22
3146283243243.243,465.7348349913027,253161875.04286987,1,2.9615789701288444e+22,8.391185354293352e+22,2.518355209667801e+23,9.98198057693693e+19,4.662755604508468e-34,5.540847472381249e+22,4.295933718077237e-30,1.002775539439519e+20,3.297516341697411e-35,1.5860798220706253e+17,7.66569149649418e-64,9.976262363963394e+16,2.5173556062880057e+23,1.0011894596174488e+20,8.391185354293352e+22
3149442162162.162,463.3911952673984,253161810.03940767,1,2.9615789701288444e+22,8.391185354293352e+22,2.518355209667801e+23,9.98198057693693e+19,4.624101901802258e-34,5.540847472381249e+22,3.832919363069856e-30,1.002775539439519e+20,2.9192461332420495e-35,1.5860798220706253e+17,6.576816443878125e-65,9.976262363963394e+16,2.5173556062880057e+23,1.0011894596174488e+20,8.391185354293352e+22
3152601081081.081,461.0475555434941,253161745.86967245,1,2.9615789701288444e+22,8.391185354293352e+22,2.518355209667801e+23,9.98198057693693e+19,4.596476625256899e-34,5.540847472381249e+22,3.419814358066744e-30,1.002775539439519e+20,2.579050793981729e-35,1.5860798220706253e+17,5.522881997359716e-66,9.976262363963394e+16,2.5173556062880057e+23,1.0011894596174488e+20,8.391185354293352e+22
3155760000000.0,458.70391581958984,253161682.51949164,1,2.9615789701288444e+22,8.391185354293352e+22,2.518355209667801e+23,9.98198057693693e+19,4.572913443893429e-34,5.540847472381249e+22,3.051240149661631e-30,1.002775539439519e+20,2.2727290701879726e-35,1.5860798220706253e+17,4.539239697153127e-67,9.976262363963394e+16,2.5173556062880057e+23,1.0011894596174488e+20,8.391185354293352e+22
