time_s,temperature_K,pressure_Pa,quench_active,NH3_mol,N2_mol,H2_mol,CO2_mol,CO_mol,H2O_mol,Fe_mol,FeO_mol,CN_mol,HCN_mol,H2S_mol,HS_mol,cumulative_H2_from_NH3_mol,cumulative_H2_from_Fe_H2O_mol,cumulative_N2_from_NH3_mol
0.0,2800.0,298875739.68200165,0,7.897586215805506e+22,0.0,0.0,9.997841375157636e+19,0.0,5.550843506179199e+22,1.0027755394395202e+20,0.0,0.0,0.0,9.976262363963394e+16,0.0,0.0,0.0,0.0
3158918918.918919,2797.6563602760957,298782973.45136607,0,1.1846379323708259e+22,3.3564741417173403e+22,1.0072801298619069e+23,9.993806184346375e+19,4.035190811260644e+16,5.5474646327121504e+22,6.64484673653571e+19,3.3829086578594914e+19,0.0,0.0,9.976262363963394e+16,0.0,1.0069422425152021e+23,3.378873467048231e+19,3.3564741417173403e+22
6317837837.837838,2795.3127205521914,298690208.13275677,0,1.1846379323708259e+22,3.3564741417173403e+22,1.007429462677229e+23,9.99172053191642e+19,6.120843241215195e+16,5.54597130455893e+22,5.149432930885413e+19,4.878322463509788e+19,0.0,0.0,9.976262363963394e+16,0.0,1.0069422425152021e+23,4.8722016202685735e+19,3.3564741417173403e+22
9476756756.756758,2792.969080828287,298597444.1471727,0,1.1846379323708259e+22,3.3564741417173403e+22,1.0075451571913341e+23,9.990104463966983e+19,7.736911190652355e+16,5.544814359417879e+22,3.990871721884801e+19,6.036883672510401e+19,0.0,0.0,9.976262363963394e+16,0.0,1.0069422425152021e+23,6.029146761319749e+19,3.3564741417173403e+22
12635675675.675676,2790.625441104383,298504681.9153726,0,1.1846379323708259e+22,3.3564741417173403e+22,1.0076348031098441e+23,9.988852118973989e+19,8.989256183646662e+16,5.543917900232779e+22,3.093160191792202e+19,6.934595202602999e+19,0.0,0.0,9.976262363963394e+16,0.0,1.0069422425152021e+23,6.925605946419353e+19,3.3564741417173403e+22
15794594594.594597,2788.2818013804786,298411921.8578688,0,1.1846379323708259e+22,3.3564741417173403e+22,1.007704272733279e+23,9.987881554205308e+19,9.959820952327331e+16,5.543223203998431e+22,2.3974933926747353e+19,7.630262001720466e+19,0.0,0.0,9.976262363963394e+16,0.0,1.0069422425152021e+23,7.620302180768139e+19,3.3564741417173403e+22
18953513513.513515,2785.9381616565743,298319164.39492106,0,1.1846379323708259e+22,3.3564741417173403e+22,1.0077581115526298e+23,9.987129319976573e+19,1.0712055181061637e+17,5.542684815804923e+22,1.858352964938105e+19,8.169402429457097e+19,0.0,0.0,9.976262363963394e+16,0.0,1.0069422425152021e+23,8.158690374276035e+19,3.3564741417173403e+22
22112432432.432434,2783.59452193267,298226409.9465299,0,1.1846379323708259e+22,3.3564741417173403e+22,1.007799839222171e+23,9.986546273221883e+19,1.1295101935751626e+17,5.542267539109511e+22,1.4404932227709614e+19,8.58726217162424e+19,0.0,0.0,9.976262363963394e+16,0.0,1.0069422425152021e+23,8.57596706968849e+19,3.3564741417173403e+22
25271351351.351353,2781.2508822087657,298133658.93243057,0,1.1846379323708259e+22,3.3564741417173403e+22,1.0078321817863095e+23,9.98609434391117e+19,1.1747031246463789e+17,5.5419441134681266e+22,1.1166156520758624e+19,8.911139742319339e+19,0.0,0.0,9.976262363963394e+16,0.0,1.0069422425152021e+23,8.899392711072876e+19,3.3564741417173403e+22
28430270270.27027,2778.9072424848614,298040911.7720868,0,1.1846379323708259e+22,3.3564741417173403e+22,1.0078572510509796e+23,9.98574403540341e+19,1.2097339754223757e+17,5.541693420821425e+22,8.655726968666406e+18,9.162182697528561e+19,0.0,0.0,9.976262363963394e+16,0.0,1.0069422425152021e+23,9.150085357774338e+19,3.3564741417173403e+22
31589189189.189194,2776.563602760957,297948168.8846851,0,1.1846379323708259e+22,3.3564741417173403e+22,1.0078766832427201e+23,9.985472490925862e+19,1.236888423177182e+17,5.541499098904021e+22,6.709792349848661e+18,9.356776159410337e+19,0.0,0.0,9.976262363963394e+16,0.0,1.0069422425152021e+23,9.344407275178566e+19,3.3564741417173403e+22
34748108108.10811,2774.219963037053,297855430.68912786,0,1.1846379323708259e+22,3.3564741417173403e+22,1.0078917462639904e+23,9.985261997224585e+19,1.2579377933048517e+17,5.541348468691318e+22,5.201385285802354e+18,9.507616865814969e+19,0.0,0.0,9.976262363963394e+16,0.0,1.0069422425152021e+23,9.49503748788192e+19,3.3564741417173403e+22
37907027027.02703,2771.8763233131485,297762697.60402775,0,1.1846379323708259e+22,3.3564741417173403e+22,1.0079034226979875e+23,9.985098826098149e+19,1.2742549059484253e+17,5.541231704351347e+22,4.032110174824599e+18,9.624544376912744e+19,0.0,0.0,9.976262363963394e+16,0.0,1.0069422425152021e+23,9.61180182785326e+19,3.3564741417173403e+22
41065945945.94595,2769.5326835892442,297669970.0477016,0,1.1846379323708259e+22,3.3564741417173403e+22,1.0079124740705891e+23,9.984972337252449e+19,1.2869037905183982e+17,5.54114119062533e+22,3.1257080261980257e+18,9.715184591775402e+19,0.0,0.0,9.976262363963394e+16,0.0,1.0069422425152021e+23,9.702315553870217e+19,3.3564741417173403e+22
44224864864.86487,2767.18904386534,297577248.43816435,0,1.1846379323708259e+22,3.3564741417173403e+22,1.0079194906164237e+23,9.98487428336899e+19,1.2967091788642398e+17,5.541071025166983e+22,2.4230729038995487e+18,9.785448104005249e+19,0.0,0.0,9.976262363963394e+16,0.0,1.0069422425152021e+23,9.772481012216606e+19,3.3564741417173403e+22
47383783783.78379,2764.8454041414357,297484533.19312304,0,1.1846379323708259e+22,3.3564741417173403e+22,1.0079249298278483e+23,9.98479827171218e+19,1.3043103445451534e+17,5.541016633052738e+22,1.878391644880724e+18,9.839916229907132e+19,0.0,0.0,9.976262363963394e+16,0.0,1.0069422425152021e+23,9.82687312646168e+19,3.3564741417173403e+22
50542702702.702705,2762.5017644175314,297391824.729971,0,1.1846379323708259e+22,3.3564741417173403e+22,1.0079291463204625e+23,9.98473934695611e+19,1.3102028201522285e+17,5.540974468126596e+22,1.456153135898733e+18,9.882140080805331e+19,0.0,0.0,9.976262363963394e+16,0.0,1.0069422425152021e+23,9.869038052603807e+19,3.3564741417173403e+22
53701621621.62162,2760.158124693627,297299123.4657817,0,1.1846379323708259e+22,3.3564741417173403e+22,1.0079324149743865e+23,9.9846936679034e+19,1.3147707254232666e+17,5.5409417815873565e+22,1.1288309529740544e+18,9.914872299097799e+19,0.0,0.0,9.976262363963394e+16,0.0,1.0069422425152021e+23,9.901724591843566e+19,3.3564741417173403e+22
56860540540.54054,2757.814484969723,297206429.8173033,0,1.1846379323708259e+22,3.3564741417173403e+22,1.0079349488671941e+23,9.984658256943196e+19,1.3183118214435898e+17,5.540916442659281e+22,8.750875626103181e+17,9.940246638134174e+19,0.0,0.0,9.976262363963394e+16,0.0,1.0069422425152021e+23,9.927063519919736e+19,3.3564741417173403e+22
60019459459.459465,2755.4708452458185,297113744.20095223,0,1.1846379323708259e+22,3.3564741417173403e+22,1.0079369131718892e+23,9.984630805869242e+19,1.3210569288389618e+17,5.540896799612331e+22,6.783825823712568e+17,9.95991713615808e+19,0.0,0.0,9.976262363963394e+16,0.0,1.0069422425152021e+23,9.946706566869688e+19,3.3564741417173403e+22
63178378378.37839,2753.127205521914,297021067.03280807,0,1.1846379323708259e+22,3.3564741417173403e+22,1.007938435928496e+23,9.984609525372132e+19,1.3231849785499347e+17,5.5408815720462624e+22,5.2589411671426234e+17,9.97516598272378e+19,0.0,0.0,9.976262363963394e+16,0.0,1.0069422425152021e+23,9.961934132938279e+19,3.3564741417173403e+22
66337297297.29731,2750.78356579801,296928398.7286074,0,1.1846379323708259e+22,3.3564741417173403e+22,1.0079396163929725e+23,9.984593028378295e+19,1.3248346779336269e+17,5.540869767401498e+22,4.07682699129416e+17,9.986987124482264e+19,0.0,0.0,9.976262363963394e+16,0.0,1.0069422425152021e+23,9.973738777702926e+19,3.3564741417173403e+22
69496216216.21622,2748.4399260741056,296835739.70373803,0,1.1846379323708259e+22,3.3564741417173403e+22,1.0079405315085887e+23,9.984580239621402e+19,1.3261135536228934e+17,5.540860616245335e+22,3.160432499361854e+17,9.996151069401588e+19,0.0,0.0,9.976262363963394e+16,0.0,1.0069422425152021e+23,9.982889933865356e+19,3.3564741417173403e+22
72655135135.13515,2746.0962863502014,296743090.3732336,0,1.1846379323708259e+22,3.3564741417173403e+22,1.0079412409221507e+23,9.984570325545933e+19,1.3271049611696893e+17,5.540853522109715e+22,2.450027529795844e+17,1.0003255119097248e+20,0.0,0.0,9.976262363963394e+16,0.0,1.0069422425152021e+23,9.989984069485548e+19,3.3564741417173403e+22
75814054054.05406,2743.752646626297,296650451.1517679,0,1.1846379323708259e+22,3.3564741417173403e+22,1.0079417908723653e+23,9.984562639970394e+19,1.3278735187236565e+17,5.540848022607567e+22,1.8993087575205312e+17,1.0008762306820001e+20,0.0,0.0,9.976262363963394e+16,0.0,1.0069422425152021e+23,9.995483571632762e+19,3.3564741417173403e+22
78972972972.97298,2741.409006902393,296557822.4536491,0,1.1846379323708259e+22,3.3564741417173403e+22,1.0079422172039921e+23,9.984556681966368e+19,1.3284693191262565e+17,5.5408437592913e+22,1.472381330396326e+17,1.0013031581091244e+20,0.0,0.0,9.976262363963394e+16,0.0,1.0069422425152021e+23,9.999746887899978e+19,3.3564741417173403e+22
82131891891.8919,2739.0653671784885,296465204.6928143,0,1.1846379323708259e+22,3.3564741417173403e+22,1.0079425477043609e+23,9.984552063206738e+19,1.3289311950892086e+17,5.540840454287612e+22,1.1414190856725254e+17,1.0016341203538482e+20,0.0,0.0,9.976262363963394e+16,0.0,1.0069422425152021e+23,1.0003051891587586e+20,3.3564741417173403e+22
85290810810.81082,2736.721727454584,296372598.28282404,0,1.1846379323708259e+22,3.3564741417173403e+22,1.007942803914621e+23,9.984548482654093e+19,1.3292892503535512e+17,5.540837892185011e+22,8.848507702522482e+16,1.0018906886692685e+20,0.0,0.0,9.976262363963394e+16,0.0,1.0069422425152021e+23,1.0005613994189146e+20,3.3564741417173403e+22
88449729729.72974,2734.37808773068,296280003.63685685,0,1.1846379323708259e+22,3.3564741417173403e+22,1.0079430025338171e+23,9.984545706939115e+19,1.3295668218513554e+17,5.5408359059930495e+22,6.859540026495465e+16,1.0020895854368712e+20,0.0,0.0,9.976262363963394e+16,0.0,1.0069422425152021e+23,1.0007600186150194e+20,3.3564741417173403e+22
91608648648.64865,2732.0344480067756,296187421.1677039,0,1.1846379323708259e+22,3.3564741417173403e+22,1.0079431565073325e+23,9.98454355514976e+19,1.3297820007867917e+17,5.5408343662578956e+22,5.31765308277279e+16,1.0022437741312436e+20,0.0,0.0,9.976262363963394e+16,0.0,1.0069422425152021e+23,1.0009139921304563e+20,3.3564741417173403e+22
94767567567.56758,2729.6908082828713,296094851.2877634,0,1.1846379323708259e+22,3.3564741417173403e+22,1.0079432758706584e+23,9.984541887039696e+19,1.3299488117931251e+17,5.5408331726246365e+22,4.122351714012168e+16,1.0023633042681197e+20,0.0,0.0,9.976262363963394e+16,0.0,1.0069422425152021e+23,1.001033355456326e+20,3.3564741417173403e+22
97926486486.4865,2727.347168558967,296002294.4090352,0,1.1846379323708259e+22,3.3564741417173403e+22,1.0079433684034914e+23,9.984540593887332e+19,1.3300781270295954e+17,5.540832247296306e+22,3.1957302310312236e+16,1.0024559664164178e+20,0.0,0.0,9.976262363963394e+16,0.0,1.0069422425152021e+23,1.0011258882893876e+20,3.3564741417173403e+22
101085405405.40541,2725.0035288350628,295909750.94311595,0,1.1846379323708259e+22,3.3564741417173403e+22,1.0079434401367987e+23,9.984539591409607e+19,1.3301783748021394e+17,5.540831529963232e+22,2.477394679592536e+16,1.0025277999715616e+20,0.0,0.0,9.976262363963394e+16,0.0,1.0069422425152021e+23,1.001197621596759e+20,3.3564741417173403e+22
104244324324.32433,2722.6598891111585,295817221.3011932,0,1.1846379323708259e+22,3.3564741417173403e+22,1.0079434957459015e+23,9.984538814268657e+19,1.3302560888971216e+17,5.540830973872204e+22,1.920526510374507e+16,1.0025834867884835e+20,0.0,0.0,9.976262363963394e+16,0.0,1.0069422425152021e+23,1.0012532306995859e+20,3.3564741417173403e+22
107403243243.24324,2720.316249387254,295724705.8940408,0,1.1846379323708259e+22,3.3564741417173403e+22,1.0079435388551994e+23,9.984538211813289e+19,1.3303163344339314e+17,5.540830542779224e+22,1.4888310751182014e+16,1.0026266563320091e+20,0.0,0.0,9.976262363963394e+16,0.0,1.0069422425152021e+23,1.0012963399975748e+20,3.3564741417173403e+22
110562162162.16217,2717.97260966335,295632205.13201326,0,1.1846379323708259e+22,3.3564741417173403e+22,1.0079435722743983e+23,9.984537744777694e+19,1.3303630379933266e+17,5.5408302085872344e+22,1.1541720503379794e+16,1.0026601222344873e+20,0.0,0.0,9.976262363963394e+16,0.0,1.0069422425152021e+23,1.0013297591964934e+20,3.3564741417173403e+22
113721081081.08109,2715.6289699394456,295539719.42504066,0,1.1846379323708259e+22,3.3564741417173403e+22,1.0079435981816377e+23,9.984537382722239e+19,1.330399243538889e+17,5.540829949514841e+22,8947376014136463.0,1.0026860656793797e+20,0.0,0.0,9.976262363963394e+16,0.0,1.0069422425152021e+23,1.0013556664358402e+20,3.3564741417173403e+22
116880000000.0,2713.2853302155413,295447249.1826238,0,1.1846379323708259e+22,3.3564741417173403e+22,1.0079436182654546e+23,9.984537102049506e+19,1.3304273108120902e+17,5.540829748676672e+22,6936187598674978.0,1.0027061775635343e+20,0.0,0.0,9.976262363963394e+16,0.0,1.0069422425152021e+23,1.0013757502527216e+20,3.3564741417173403e+22
120038918918.91893,2710.941690491637,295354794.813829,0,1.1846379323708259e+22,3.3564741417173403e+22,1.0079436338348367e+23,9.984536884466308e+19,1.3304490691319115e+17,5.54082959298285e+22,5377073550198551.0,1.002721768704019e+20,0.0,0.0,9.976262363963394e+16,0.0,1.0069422425152021e+23,1.0013913196348865e+20,3.3564741417173403e+22
123197837837.83786,2708.5980507677327,295262356.72728306,0,1.1846379323708259e+22,3.3564741417173403e+22,1.0079436459045377e+23,9.984536715791394e+19,1.3304659366232741e+17,5.540829472285839e+22,4168416696971891.5,1.0027338552725512e+20,0.0,0.0,9.976262363963394e+16,0.0,1.0069422425152021e+23,1.0014033893359274e+20,3.3564741417173403e+22
126356756756.75677,2706.2544110438284,295169935.3311682,0,1.1846379323708259e+22,3.3564741417173403e+22,1.007943655261215e+23,9.984536585031175e+19,1.330479012645246e+17,5.540829378719066e+22,3231441360630365.5,1.0027432250259146e+20,0.0,0.0,9.976262363963394e+16,0.0,1.0069422425152021e+23,1.0014127460132689e+20,3.3564741417173403e+22
129515675675.67569,2703.910771319924,295077531.0332173,0,1.1846379323708259e+22,3.3564741417173403e+22,1.0079436625147014e+23,9.984536483663195e+19,1.3304891494432098e+17,5.540829306184202e+22,2505079044969540.5,1.0027504886490713e+20,0.0,0.0,9.976262363963394e+16,0.0,1.0069422425152021e+23,1.0014199994996276e+20,3.3564741417173403e+22
132674594594.59462,2701.56713159602,294985144.2407089,0,1.1846379323708259e+22,3.3564741417173403e+22,1.0079436681377515e+23,9.984536405080677e+19,1.3304970076950443e+17,5.5408292499537015e+22,1941988216714702.5,1.002756119557354e+20,0.0,0.0,9.976262363963394e+16,0.0,1.0069422425152021e+23,1.0014256225496583e+20,3.3564741417173403e+22
135833513513.51352,2699.2234918721156,294892775.3604625,0,1.1846379323708259e+22,3.3564741417173403e+22,1.0079436724968542e+23,9.98453634416191e+19,1.3305030995716349e+17,5.540829206362675e+22,1505468760565227.2,1.0027604847519154e+20,0.0,0.0,9.976262363963394e+16,0.0,1.0069422425152021e+23,1.0014299816523432e+20,3.3564741417173403e+22
138992432432.43243,2696.8798521482113,294800424.79883355,0,1.1846379323708259e+22,3.3564741417173403e+22,1.0079436758761192e+23,9.984536296936445e+19,1.3305078221182426e+17,5.540829172570025e+22,1167070003152928.8,1.0027638687394895e+20,0.0,0.0,9.976262363963394e+16,0.0,1.0069422425152021e+23,1.0014333609173706e+20,3.3564741417173403e+22
142151351351.35135,2694.536212424307,294708092.9617087,0,1.1846379323708259e+22,3.3564741417173403e+22,1.0079436784957942e+23,9.984536260326303e+19,1.3305114831324147e+17,5.5408291463732755e+22,904736405260853.8,1.0027664920754684e+20,0.0,0.0,9.976262363963394e+16,0.0,1.0069422425152021e+23,1.0014359805923354e+20,3.3564741417173403e+22
145310270270.2703,2692.1925727004027,294615780.2545015,0,1.1846379323708259e+22,3.3564741417173403e+22,1.0079436805266195e+23,9.984536231945377e+19,1.3305143212250613e+17,5.5408291260650226e+22,701370065132598.1,1.0027685257388697e+20,0.0,0.0,9.976262363963394e+16,0.0,1.0069422425152021e+23,1.001438011417644e+20,3.3564741417173403e+22
148469189189.1892,2689.8489329764984,294523487.082147,0,1.1846379323708259e+22,3.3564741417173403e+22,1.0079436821009566e+23,9.984536209943906e+19,1.3305165213722083e+17,5.540829110321651e+22,543716342048472.9,1.0027701022761004e+20,0.0,0.0,9.976262363963394e+16,0.0,1.0069422425152021e+23,1.0014395857547277e+20,3.3564741417173403e+22
151628108108.10812,2687.505293252594,294431213.84909785,0,1.1846379323708259e+22,3.3564741417173403e+22,1.0079436833214146e+23,9.984536192887918e+19,1.3305182269710307e+17,5.54082909811707e+22,421499969203937.5,1.0027713244398289e+20,0.0,0.0,9.976262363963394e+16,0.0,1.0069422425152021e+23,1.0014408062128574e+20,3.3564741417173403e+22
154787027027.02704,2685.16165352869,294338960.95931906,0,1.1846379323708259e+22,3.3564741417173403e+22,1.0079436842675386e+23,9.98453617966577e+19,1.3305195491859334e+17,5.54082908865583e+22,326755350929784.1,1.0027722718860116e+20,0.0,0.0,9.976262363963394e+16,0.0,1.0069422425152021e+23,1.0014417523368252e+20,3.3564741417173403e+22
157945945945.94595,2682.8180138047856,294246728.81628406,0,1.1846379323708259e+22,3.3564741417173403e+22,1.0079436850009931e+23,9.98453616941569e+19,1.3305205741938237e+17,5.540829081321284e+22,253307395527738.3,1.0027730063655657e+20,0.0,0.0,9.976262363963394e+16,0.0,1.0069422425152021e+23,1.0014424857913714e+20,3.3564741417173403e+22
161104864864.86487,2680.4743740808813,294154517.8229698,0,1.1846379323708259e+22,3.3564741417173403e+22,1.007943685569582e+23,9.98453616146962e+19,1.3305213688007925e+17,5.540829075635395e+22,196369046355554.4,1.0027735757490574e+20,0.0,0.0,9.976262363963394e+16,0.0,1.0069422425152021e+23,1.0014430543802561e+20,3.3564741417173403e+22
164263783783.7838,2678.130734356977,294062328.38185227,0,1.1846379323708259e+22,3.3564741417173403e+22,1.0079436860103636e+23,9.984536155309665e+19,1.33052198479628e+17,5.540829071227578e+22,152229279755997.94,1.0027740171467234e+20,0.0,0.0,9.976262363963394e+16,0.0,1.0069422425152021e+23,1.0014434951619266e+20,3.3564741417173403e+22
167422702702.7027,2675.7870946330727,293970160.89490247,0,1.1846379323708259e+22,3.3564741417173403e+22,1.0079436863520665e+23,9.984536150534344e+19,1.3305224623285138e+17,5.540829067810549e+22,118011234715740.25,1.0027743593271737e+20,0.0,0.0,9.976262363963394e+16,0.0,1.0069422425152021e+23,1.0014438368648448e+20,3.3564741417173403e+22
170581621621.62164,2673.4434549091684,293878015.7635817,0,1.1846379323708259e+22,3.3564741417173403e+22,1.0079436866169617e+23,9.984536146832417e+19,1.3305228325212165e+17,5.540829065161599e+22,91484710063297.39,1.0027746245924202e+20,0.0,0.0,9.976262363963394e+16,0.0,1.0069422425152021e+23,1.0014441017598986e+20,3.3564741417173403e+22
173740540540.54056,2671.099815185264,293785893.3888372,0,1.1846379323708259e+22,3.3564741417173403e+22,1.0079436868223138e+23,9.984536143962608e+19,1.330523119502131e+17,5.540829063108078e+22,70920808486453.62,1.0027748302314358e+20,0.0,0.0,9.976262363963394e+16,0.0,1.0069422425152021e+23,1.0014443071119334e+20,3.3564741417173403e+22
176899459459.45947,2668.75617546136,293693794.17109823,0,1.1846379323708259e+22,3.3564741417173403e+22,1.007943686981507e+23,9.984536141737874e+19,1.3305233419755746e+17,5.540829061516148e+22,54979253619892.445,1.0027749896469845e+20,0.0,0.0,9.976262363963394e+16,0.0,1.0069422425152021e+23,1.0014444663050086e+20,3.3564741417173403e+22
180058378378.3784,2666.4125357374555,293601718.51027155,0,1.1846379323708259e+22,3.3564741417173403e+22,1.0079436871049166e+23,9.984536140013214e+19,1.3305235144415142e+17,5.540829060282051e+22,42621035960545.34,1.0027751132291611e+20,0.0,0.0,9.976262363963394e+16,0.0,1.0069422425152021e+23,1.0014445897147192e+20,3.3564741417173403e+22
183217297297.2973,2664.0688960135512,293509666.80573714,0,1.1846379323708259e+22,3.3564741417173403e+22,1.0079436872005863e+23,9.984536138676222e+19,1.3305236481406195e+17,5.540829059325354e+22,33040694204878.586,1.0027752090325787e+20,0.0,0.0,9.976262363963394e+16,0.0,1.0069422425152021e+23,1.0014446853844376e+20,3.3564741417173403e+22
186376216216.21622,2661.725256289647,293417639.45634437,0,1.1846379323708259e+22,3.3564741417173403e+22,1.0079436872747515e+23,9.984536137639759e+19,1.3305237517868859e+17,5.540829058583703e+22,25613818364375.227,1.0027752833013372e+20,0.0,0.0,9.976262363963394e+16,0.0,1.0069422425152021e+23,1.0014447595495498e+20,3.3564741417173403e+22
189535135135.13516,2659.3816165657427,293325636.86040777,0,1.1846379323708259e+22,3.3564741417173403e+22,1.0079436873322459e+23,9.984536136836271e+19,1.3305238321355803e+17,5.540829058008759e+22,19856353112937.293,1.0027753408759898e+20,0.0,0.0,9.976262363963394e+16,0.0,1.0069422425152021e+23,1.0014448170438536e+20,3.3564741417173403e+22
192694054054.05408,2657.0379768418384,293233659.41570276,0,1.1846379323708259e+22,3.3564741417173403e+22,1.0079436873768165e+23,9.984536136213393e+19,1.330523894423523e+17,5.5408290575630515e+22,15393048914014.42,1.0027753855090318e+20,0.0,0.0,9.976262363963394e+16,0.0,1.0069422425152021e+23,1.0014448616146077e+20,3.3564741417173403e+22
195852972972.973,2654.694337117934,293141707.51946205,0,1.1846379323708259e+22,3.3564741417173403e+22,1.0079436874113687e+23,9.984536135730523e+19,1.3305239427104034e+17,5.54082905721753e+22,11933004692608.047,1.002775420109474e+20,0.0,0.0,9.976262363963394e+16,0.0,1.0069422425152021e+23,1.001444896166763e+20,3.3564741417173403e+22
199011891891.8919,2652.35069739403,293049781.5683713,0,1.1846379323708259e+22,3.3564741417173403e+22,1.0079436874381542e+23,9.984536135356193e+19,1.3305239801433755e+17,5.540829056949675e+22,9250708017093.045,1.0027754469324408e+20,0.0,0.0,9.976262363963394e+16,0.0,1.0069422425152021e+23,1.0014449229522969e+20,3.3564741417173403e+22
202170810810.81082,2650.0070576701255,292957881.9585654,0,1.1846379323708259e+22,3.3564741417173403e+22,1.0079436874589189e+23,9.984536135066005e+19,1.3305240091621771e+17,5.540829056742028e+22,7171337062468.296,1.0027754677261504e+20,0.0,0.0,9.976262363963394e+16,0.0,1.0069422425152021e+23,1.0014449437169875e+20,3.3564741417173403e+22
205329729729.72977,2647.663417946221,292866009.08562446,0,1.1846379323708259e+22,3.3564741417173403e+22,1.0079436874750161e+23,9.984536134841046e+19,1.3305240316581424e+17,5.540829056581056e+22,5559366393260.206,1.002775483845857e+20,0.0,0.0,9.976262363963394e+16,0.0,1.0069422425152021e+23,1.0014449598141982e+20,3.3564741417173403e+22
208488648648.64865,2645.319778222317,292774163.34457016,0,1.1846379323708259e+22,3.3564741417173403e+22,1.007943687487495e+23,9.984536134666653e+19,1.3305240490974725e+17,5.540829056456267e+22,4309733934627.451,1.0027754963421815e+20,0.0,0.0,9.976262363963394e+16,0.0,1.0069422425152021e+23,1.0014449722930835e+20,3.3564741417173403e+22
211647567567.5676,2642.9761384984126,292682345.12986207,0,1.1846379323708259e+22,3.3564741417173403e+22,1.0079436874971689e+23,9.98453613453146e+19,1.330524062616796e+17,5.540829056359528e+22,3340993428660.9033,1.0027755060295865e+20,0.0,0.0,9.976262363963394e+16,0.0,1.0069422425152021e+23,1.0014449819669692e+20,3.3564741417173403e+22
214806486486.48648,2640.6324987745083,292590554.8353933,0,1.1846379323708259e+22,3.3564741417173403e+22,1.0079436875046683e+23,9.984536134426655e+19,1.3305240730972506e+17,5.540829056284534e+22,2590006079198.184,1.0027755135394601e+20,0.0,0.0,9.976262363963394e+16,0.0,1.0069422425152021e+23,1.0014449894663623e+20,3.3564741417173403e+22
217965405405.40543,2638.288859050604,292498792.85448766,0,1.1846379323708259e+22,3.3564741417173403e+22,1.007943687510482e+23,9.984536134345409e+19,1.3305240812219122e+17,5.540829056226397e+22,2007825406887.5942,1.0027755193612668e+20,0.0,0.0,9.976262363963394e+16,0.0,1.0069422425152021e+23,1.0014449952800444e+20,3.3564741417173403e+22
221124324324.32434,2635.9452193266998,292407059.5798953,0,1.1846379323708259e+22,3.3564741417173403e+22,1.0079436875149888e+23,9.984536134282425e+19,1.3305240875203152e+17,5.540829056181329e+22,1556507105112.132,1.0027755238744498e+20,0.0,0.0,9.976262363963394e+16,0.0,1.0069422425152021e+23,1.001444999786929e+20,3.3564741417173403e+22
224283243243.24326,2633.6015796027955,292315355.4037895,0,1.1846379323708259e+22,3.3564741417173403e+22,1.0079436875184827e+23,9.984536134233599e+19,1.3305240924029653e+17,5.54082905614639e+22,1206635975398.7776,1.0027755273731611e+20,0.0,0.0,9.976262363963394e+16,0.0,1.0069422425152021e+23,1.0014450032807577e+20,3.3564741417173403e+22
227442162162.16217,2631.257939878891,292223680.71776307,0,1.1846379323708259e+22,3.3564741417173403e+22,1.0079436875211912e+23,9.984536134195747e+19,1.330524096188095e+17,5.540829056119305e+22,935408757433.414,1.0027755300854333e+20,0.0,0.0,9.976262363963394e+16,0.0,1.0069422425152021e+23,1.0014450059892448e+20,3.3564741417173403e+22
230601081081.0811,2628.914300154987,292132035.9128247,0,1.1846379323708259e+22,3.3564741417173403e+22,1.0079436875232909e+23,9.984536134166403e+19,1.3305240991224046e+17,5.540829056098308e+22,725147899883.5503,1.002775532188042e+20,0.0,0.0,9.976262363963394e+16,0.0,1.0069422425152021e+23,1.001445008088919e+20,3.3564741417173403e+22
233760000000.0,2626.5706604310826,292040421.3793956,0,1.1846379323708259e+22,3.3564741417173403e+22,1.0079436875249186e+23,9.984536134143656e+19,1.3305241013971411e+17,5.540829056082031e+22,562149405302.6675,1.002775533818027e+20,0.0,0.0,9.976262363963394e+16,0.0,1.0069422425152021e+23,1.0014450097166293e+20,3.3564741417173403e+22
236918918918.91895,2624.2270207071783,291948837.50730616,0,1.1846379323708259e+22,3.3564741417173403e+22,1.0079436875261804e+23,9.984536134126022e+19,1.330524103160563e+17,5.540829056069413e+22,435789656059.34906,1.0027755350816245e+20,0.0,0.0,9.976262363963394e+16,0.0,1.0069422425152021e+23,1.0014450109784634e+20,3.3564741417173403e+22
240077837837.83786,2621.883380983274,291857284.68579257,0,1.1846379323708259e+22,3.3564741417173403e+22,1.0079436875271587e+23,9.984536134112351e+19,1.3305241045276037e+17,5.540829056059631e+22,337833007625.79297,1.0027755360611911e+20,0.0,0.0,9.976262363963394e+16,0.0,1.0069422425152021e+23,1.001445011956663e+20,3.3564741417173403e+22
243236756756.75677,2619.5397412593697,291765763.3034932,0,1.1846379323708259e+22,3.3564741417173403e+22,1.007943687527917e+23,9.984536134101754e+19,1.3305241055873614e+17,5.540829056052048e+22,261895020807.93826,1.002775536820571e+20,0.0,0.0,9.976262363963394e+16,0.0,1.0069422425152021e+23,1.0014450127149831e+20,3.3564741417173403e+22
246395675675.67572,2617.1961015354655,291674273.7484457,0,1.1846379323708259e+22,3.3564741417173403e+22,1.0079436875285049e+23,9.984536134093539e+19,1.3305241064089072e+17,5.540829056046169e+22,203026348449.62073,1.0027755374092576e+20,0.0,0.0,9.976262363963394e+16,0.0,1.0069422425152021e+23,1.0014450133028482e+20,3.3564741417173403e+22
249554594594.5946,2614.852461811561,291582816.4080837,0,1.1846379323708259e+22,3.3564741417173403e+22,1.0079436875289606e+23,9.98453613408717e+19,1.3305241070457862e+17,5.540829056041611e+22,157390155939.7271,1.0027755378656195e+20,0.0,0.0,9.976262363963394e+16,0.0,1.0069422425152021e+23,1.0014450137585733e+20,3.3564741417173403e+22
252713513513.51355,2612.508822087657,291491391.6692333,0,1.1846379323708259e+22,3.3564741417173403e+22,1.0079436875293139e+23,9.984536134082234e+19,1.3305241075395078e+17,5.540829056038078e+22,122012051026.39375,1.0027755382194006e+20,0.0,0.0,9.976262363963394e+16,0.0,1.0069422425152021e+23,1.0014450141118607e+20,3.3564741417173403e+22
255872432432.43243,2610.1651823637526,291399999.91811067,0,1.1846379323708259e+22,3.3564741417173403e+22,1.0079436875295877e+23,9.984536134078407e+19,1.3305241079222509e+17,5.540829056035339e+22,94586224321.24059,1.0027755384936589e+20,0.0,0.0,9.976262363963394e+16,0.0,1.0069422425152021e+23,1.0014450143857363e+20,3.3564741417173403e+22
259031351351.35138,2607.8215426398483,291308641.5403181,0,1.1846379323708259e+22,3.3564741417173403e+22,1.0079436875298e+23,9.98453613407544e+19,1.330524108218961e+17,5.540829056033216e+22,73325165474.13828,1.0027755387062695e+20,0.0,0.0,9.976262363963394e+16,0.0,1.0069422425152021e+23,1.0014450145980501e+20,3.3564741417173403e+22
262190270270.2703,2605.477902915944,291217316.92084134,0,1.1846379323708259e+22,3.3564741417173403e+22,1.0079436875299645e+23,9.98453613407314e+19,1.3305241084489766e+17,5.54082905603157e+22,56843160094.328606,1.0027755388710896e+20,0.0,0.0,9.976262363963394e+16,0.0,1.0069422425152021e+23,1.0014450147626402e+20,3.3564741417173403e+22
265349189189.18924,2603.1342631920397,291126026.4440469,0,1.1846379323708259e+22,3.3564741417173403e+22,1.0079436875300922e+23,9.984536134071357e+19,1.3305241086272894e+17,5.540829056030294e+22,44065974193.39439,1.0027755389988613e+20,0.0,0.0,9.976262363963394e+16,0.0,1.0069422425152021e+23,1.0014450148902337e+20,3.3564741417173403e+22
268508108108.1081,2600.7906234681354,291034770.4936787,0,1.1846379323708259e+22,3.3564741417173403e+22,1.0079436875301912e+23,9.984536134069974e+19,1.3305241087655213e+17,5.540829056029305e+22,34160839727.958214,1.0027755390979128e+20,0.0,0.0,9.976262363963394e+16,0.0,1.0069422425152021e+23,1.0014450149891468e+20,3.3564741417173403e+22
271667027027.02704,2598.446983744231,290943549.4528551,0,1.1846379323708259e+22,3.3564741417173403e+22,1.0079436875302678e+23,9.984536134068902e+19,1.3305241088726814e+17,5.5408290560285386e+22,26482177967.92155,1.0027755391746993e+20,0.0,0.0,9.976262363963394e+16,0.0,1.0069422425152021e+23,1.0014450150658263e+20,3.3564741417173403e+22
274825945945.94595,2596.103344020327,290852363.70406663,0,1.1846379323708259e+22,3.3564741417173403e+22,1.0079436875303272e+23,9.984536134068072e+19,1.3305241089557541e+17,5.540829056027944e+22,20529523147.252407,1.0027755392342258e+20,0.0,0.0,9.976262363963394e+16,0.0,1.0069422425152021e+23,1.0014450151252697e+20,3.3564741417173403e+22
277984864864.86487,2593.7597042964226,290761213.6291725,0,1.1846379323708259e+22,3.3564741417173403e+22,1.0079436875303734e+23,9.984536134067428e+19,1.3305241090201538e+17,5.540829056027483e+22,15914904022.022318,1.002775539280372e+20,0.0,0.0,9.976262363963394e+16,0.0,1.0069422425152021e+23,1.0014450151713515e+20,3.3564741417173403e+22
281143783783.7838,2591.4160645725183,290670099.6093983,0,1.1846379323708259e+22,3.3564741417173403e+22,1.0079436875304091e+23,9.984536134066928e+19,1.3305241090700776e+17,5.540829056027126e+22,12337557390.566416,1.0027755393161455e+20,0.0,0.0,9.976262363963394e+16,0.0,1.0069422425152021e+23,1.001445015207075e+20,3.3564741417173403e+22
284302702702.7027,2589.072424848614,290579022.02533305,0,1.1846379323708259e+22,3.3564741417173403e+22,1.0079436875304368e+23,9.984536134066541e+19,1.3305241091087797e+17,5.540829056026849e+22,9564325499.85185,1.0027755393438777e+20,0.0,0.0,9.976262363963394e+16,0.0,1.0069422425152021e+23,1.0014450152347686e+20,3.3564741417173403e+22
287461621621.62164,2586.7287851247097,290487981.25692666,0,1.1846379323708259e+22,3.3564741417173403e+22,1.0079436875304583e+23,9.984536134066242e+19,1.3305241091387822e+17,5.540829056026634e+22,7414459716.074966,1.0027755393653763e+20,0.0,0.0,9.976262363963394e+16,0.0,1.0069422425152021e+23,1.0014450152562372e+20,3.3564741417173403e+22
290620540540.5406,2584.3851454008054,290396977.68348736,0,1.1846379323708259e+22,3.3564741417173403e+22,1.0079436875304749e+23,9.984536134066009e+19,1.3305241091620408e+17,5.540829056026468e+22,5747840020.935155,1.0027755393820425e+20,0.0,0.0,9.976262363963394e+16,0.0,1.0069422425152021e+23,1.00144501527288e+20,3.3564741417173403e+22
293779459459.4595,2582.041505676901,290306011.6836789,0,1.1846379323708259e+22,3.3564741417173403e+22,1.0079436875304878e+23,9.984536134065829e+19,1.3305241091800714e+17,5.540829056026339e+22,4455842525.469065,1.0027755393949624e+20,0.0,0.0,9.976262363963394e+16,0.0,1.0069422425152021e+23,1.001445015285782e+20,3.3564741417173403e+22
296938378378.3784,2579.697865952997,290215083.6355185,0,1.1846379323708259e+22,3.3564741417173403e+22,1.0079436875304979e+23,9.98453613406569e+19,1.330524109194049e+17,5.540829056026239e+22,3454259780.9721923,1.0027755394049781e+20,0.0,0.0,9.976262363963394e+16,0.0,1.0069422425152021e+23,1.0014450152957837e+20,3.3564741417173403e+22
300097297297.2973,2577.3542262290925,290124193.9163735,0,1.1846379323708259e+22,3.3564741417173403e+22,1.0079436875305056e+23,9.984536134065581e+19,1.3305241092048848e+17,5.540829056026162e+22,2677812459.9872503,1.0027755394127425e+20,0.0,0.0,9.976262363963394e+16,0.0,1.0069422425152021e+23,1.0014450153035373e+20,3.3564741417173403e+22
303256216216.21625,2575.0105865051883,290033342.90296006,0,1.1846379323708259e+22,3.3564741417173403e+22,1.0079436875305116e+23,9.984536134065498e+19,1.330524109213285e+17,5.540829056026102e+22,2075894699.7451448,1.0027755394187616e+20,0.0,0.0,9.976262363963394e+16,0.0,1.0069422425152021e+23,1.0014450153095481e+20,3.3564741417173403e+22
306415135135.13513,2572.666946781284,289942530.97134,0,1.1846379323708259e+22,3.3564741417173403e+22,1.0079436875305163e+23,9.984536134065432e+19,1.330524109219797e+17,5.540829056026055e+22,1609275805.8383656,1.0027755394234278e+20,0.0,0.0,9.976262363963394e+16,0.0,1.0069422425152021e+23,1.0014450153142077e+20,3.3564741417173403e+22
309574054054.0541,2570.3233070573797,289851758.49691874,0,1.1846379323708259e+22,3.3564741417173403e+22,1.00794368753052e+23,9.984536134065381e+19,1.3305241092248451e+17,5.540829056026019e+22,1247543345.803942,1.0027755394270452e+20,0.0,0.0,9.976262363963394e+16,0.0,1.0069422425152021e+23,1.00144501531782e+20,3.3564741417173403e+22
312732972972.973,2567.9796673334754,289761025.8544429,0,1.1846379323708259e+22,3.3564741417173403e+22,1.0079436875305229e+23,9.984536134065342e+19,1.3305241092287586e+17,5.540829056025991e+22,967120983.2480493,1.0027755394298495e+20,0.0,0.0,9.976262363963394e+16,0.0,1.0069422425152021e+23,1.0014450153206204e+20,3.3564741417173403e+22
315891891891.8919,2565.636027609571,289670333.4179982,0,1.1846379323708259e+22,3.3564741417173403e+22,1.007943687530525e+23,9.984536134065311e+19,1.3305241092317923e+17,5.540829056025969e+22,749731862.5317456,1.0027755394320235e+20,0.0,0.0,9.976262363963394e+16,0.0,1.0069422425152021e+23,1.0014450153227913e+20,3.3564741417173403e+22
319050810810.8108,2563.292387885667,289579681.56100726,0,1.1846379323708259e+22,3.3564741417173403e+22,1.0079436875305267e+23,9.984536134065288e+19,1.3305241092341442e+17,5.540829056025952e+22,581207393.3165327,1.0027755394337087e+20,0.0,0.0,9.976262363963394e+16,0.0,1.0069422425152021e+23,1.0014450153244742e+20,3.3564741417173403e+22
322209729729.72974,2560.9487481617625,289489070.6562274,0,1.1846379323708259e+22,3.3564741417173403e+22,1.007943687530528e+23,9.98453613406527e+19,1.3305241092359674e+17,5.540829056025939e+22,450563796.10849965,1.0027755394350152e+20,0.0,0.0,9.976262363963394e+16,0.0,1.0069422425152021e+23,1.0014450153257789e+20,3.3564741417173403e+22
325368648648.6487,2558.6051084378582,289398501.07574844,0,1.1846379323708259e+22,3.3564741417173403e+22,1.007943687530529e+23,9.984536134065255e+19,1.3305241092373808e+17,5.540829056025929e+22,349286221.57623047,1.002775539436028e+20,0.0,0.0,9.976262363963394e+16,0.0,1.0069422425152021e+23,1.0014450153267903e+20,3.3564741417173403e+22
328527567567.5676,2556.261468713954,289307973.19099104,0,1.1846379323708259e+22,3.3564741417173403e+22,1.0079436875305299e+23,9.984536134065244e+19,1.3305241092384765e+17,5.540829056025921e+22,270773785.2812763,1.0027755394368132e+20,0.0,0.0,9.976262363963394e+16,0.0,1.0069422425152021e+23,1.0014450153275743e+20,3.3564741417173403e+22
331686486486.4865,2553.9178289900497,289217487.3727042,0,1.1846379323708259e+22,3.3564741417173403e+22,1.0079436875305306e+23,9.984536134065236e+19,1.3305241092393259e+17,5.5408290560259155e+22,209909347.31030965,1.0027755394374219e+20,0.0,0.0,9.976262363963394e+16,0.0,1.0069422425152021e+23,1.0014450153281821e+20,3.3564741417173403e+22
334845405405.4054,2551.5741892661454,289127043.9909638,0,1.1846379323708259e+22,3.3564741417173403e+22,1.007943687530531e+23,9.984536134065229e+19,1.3305241092399843e+17,5.54082905602591e+22,162725996.69303015,1.0027755394378937e+20,0.0,0.0,9.976262363963394e+16,0.0,1.0069422425152021e+23,1.0014450153286533e+20,3.3564741417173403e+22
338004324324.32434,2549.230549542241,289036643.4151704,0,1.1846379323708259e+22,3.3564741417173403e+22,1.0079436875305314e+23,9.984536134065224e+19,1.3305241092404947e+17,5.540829056025907e+22,126148503.33746676,1.0027755394382594e+20,0.0,0.0,9.976262363963394e+16,0.0,1.0069422425152021e+23,1.0014450153290185e+20,3.3564741417173403e+22
341163243243.2433,2546.886909818337,288946286.01404727,0,1.1846379323708259e+22,3.3564741417173403e+22,1.0079436875305318e+23,9.98453613406522e+19,1.3305241092408904e+17,5.5408290560259045e+22,97792886.30999959,1.0027755394385428e+20,0.0,0.0,9.976262363963394e+16,0.0,1.0069422425152021e+23,1.0014450153293016e+20,3.3564741417173403e+22
344322162162.16223,2544.5432700944325,288855972.1556392,0,1.1846379323708259e+22,3.3564741417173403e+22,1.007943687530532e+23,9.984536134065218e+19,1.3305241092411971e+17,5.540829056025902e+22,75811035.08819918,1.0027755394387627e+20,0.0,0.0,9.976262363963394e+16,0.0,1.0069422425152021e+23,1.0014450153295212e+20,3.3564741417173403e+22
347481081081.0811,2542.199630370528,288765702.20730984,0,1.1846379323708259e+22,3.3564741417173403e+22,1.0079436875305321e+23,9.984536134065216e+19,1.3305241092414349e+17,5.5408290560259e+22,58770256.7948083,1.0027755394389331e+20,0.0,0.0,9.976262363963394e+16,0.0,1.0069422425152021e+23,1.0014450153296914e+20,3.3564741417173403e+22
350640000000.0,2539.855990646624,288675476.5357409,0,1.1846379323708259e+22,3.3564741417173403e+22,1.0079436875305323e+23,9.984536134065214e+19,1.3305241092416192e+17,5.540829056025899e+22,45559898.762882814,1.0027755394390652e+20,0.0,0.0,9.976262363963394e+16,0.0,1.0069422425152021e+23,1.0014450153298233e+20,3.3564741417173403e+22
353798918918.91895,2537.5123509227196,288585295.5069298,0,1.1846379323708259e+22,3.3564741417173403e+22,1.0079436875305324e+23,9.984536134065213e+19,1.3305241092417621e+17,5.540829056025898e+22,35318960.44850185,1.0027755394391676e+20,0.0,0.0,9.976262363963394e+16,0.0,1.0069422425152021e+23,1.0014450153299255e+20,3.3564741417173403e+22
356957837837.8379,2535.1687111988153,288495159.4861886,0,1.1846379323708259e+22,3.3564741417173403e+22,1.0079436875305324e+23,9.984536134065211e+19,1.3305241092418728e+17,5.540829056025897e+22,27379976.712746903,1.002775539439247e+20,0.0,0.0,9.976262363963394e+16,0.0,1.0069422425152021e+23,1.0014450153300048e+20,3.3564741417173403e+22
360116756756.7568,2532.825071474911,288405068.8381418,0,1.1846379323708259e+22,3.3564741417173403e+22,1.0079436875305324e+23,9.98453613406521e+19,1.3305241092419587e+17,5.540829056025896e+22,21225515.00018347,1.0027755394393086e+20,0.0,0.0,9.976262363963394e+16,0.0,1.0069422425152021e+23,1.0014450153300663e+20,3.3564741417173403e+22
363275675675.6757,2530.4814317510068,288315023.9267257,0,1.1846379323708259e+22,3.3564741417173403e+22,1.0079436875305324e+23,9.98453613406521e+19,1.3305241092420253e+17,5.540829056025895e+22,16454451.066544194,1.0027755394393563e+20,0.0,0.0,9.976262363963394e+16,0.0,1.0069422425152021e+23,1.001445015330114e+20,3.3564741417173403e+22
366434594594.5946,2528.1377920271025,288225025.1151859,0,1.1846379323708259e+22,3.3564741417173403e+22,1.0079436875305324e+23,9.98453613406521e+19,1.330524109242077e+17,5.540829056025895e+22,12755825.236700127,1.0027755394393932e+20,0.0,0.0,9.976262363963394e+16,0.0,1.0069422425152021e+23,1.0014450153301508e+20,3.3564741417173403e+22
369593513513.51355,2525.794152303198,288135072.76607686,0,1.1846379323708259e+22,3.3564741417173403e+22,1.0079436875305324e+23,9.98453613406521e+19,1.330524109242117e+17,5.540829056025895e+22,9888575.243939076,1.0027755394394218e+20,0.0,0.0,9.976262363963394e+16,0.0,1.0069422425152021e+23,1.0014450153301795e+20,3.3564741417173403e+22
372752432432.43243,2523.450512579294,288045167.24125993,0,1.1846379323708259e+22,3.3564741417173403e+22,1.0079436875305324e+23,9.98453613406521e+19,1.330524109242148e+17,5.540829056025895e+22,7665824.714633751,1.002775539439444e+20,0.0,0.0,9.976262363963394e+16,0.0,1.0069422425152021e+23,1.0014450153302016e+20,3.3564741417173403e+22
375911351351.3514,2521.1068728553896,287955308.90190214,0,1.1846379323708259e+22,3.3564741417173403e+22,1.0079436875305324e+23,9.98453613406521e+19,1.330524109242172e+17,5.540829056025895e+22,5942703.281901799,1.0027755394394612e+20,0.0,0.0,9.976262363963394e+16,0.0,1.0069422425152021e+23,1.0014450153302188e+20,3.3564741417173403e+22
379070270270.2703,2518.7632331314853,287865498.108475,0,1.1846379323708259e+22,3.3564741417173403e+22,1.0079436875305324e+23,9.98453613406521e+19,1.3305241092421907e+17,5.540829056025895e+22,4606904.489912236,1.0027755394394744e+20,0.0,0.0,9.976262363963394e+16,0.0,1.0069422425152021e+23,1.001445015330232e+20,3.3564741417173403e+22
382229189189.1892,2516.419593407581,287775735.2207533,0,1.1846379323708259e+22,3.3564741417173403e+22,1.0079436875305324e+23,9.98453613406521e+19,1.3305241092422051e+17,5.540829056025895e+22,3571366.0892020003,1.0027755394394848e+20,0.0,0.0,9.976262363963394e+16,0.0,1.0069422425152021e+23,1.0014450153302424e+20,3.3564741417173403e+22
385388108108.10815,2514.0759536836767,287686020.597814,0,1.1846379323708259e+22,3.3564741417173403e+22,1.0079436875305324e+23,9.98453613406521e+19,1.3305241092422163e+17,5.540829056025895e+22,2768595.6526841247,1.0027755394394928e+20,0.0,0.0,9.976262363963394e+16,0.0,1.0069422425152021e+23,1.0014450153302504e+20,3.3564741417173403e+22
388547027027.02704,2511.7323139597725,287596354.5980348,0,1.1846379323708259e+22,3.3564741417173403e+22,1.0079436875305324e+23,9.98453613406521e+19,1.330524109242225e+17,5.540829056025895e+22,2146271.6777305114,1.002775539439499e+20,0.0,0.0,9.976262363963394e+16,0.0,1.0069422425152021e+23,1.0014450153302567e+20,3.3564741417173403e+22
391705945945.946,2509.388674235868,287506737.57909334,0,1.1846379323708259e+22,3.3564741417173403e+22,1.0079436875305324e+23,9.98453613406521e+19,1.3305241092422317e+17,5.540829056025895e+22,1663833.471009827,1.0027755394395038e+20,0.0,0.0,9.976262363963394e+16,0.0,1.0069422425152021e+23,1.0014450153302614e+20,3.3564741417173403e+22
394864864864.8649,2507.045034511964,287417169.89796597,0,1.1846379323708259e+22,3.3564741417173403e+22,1.0079436875305324e+23,9.98453613406521e+19,1.330524109242237e+17,5.540829056025895e+22,1289837.5578341885,1.0027755394395075e+20,0.0,0.0,9.976262363963394e+16,0.0,1.0069422425152021e+23,1.0014450153302652e+20,3.3564741417173403e+22
398023783783.7838,2504.7013947880596,287327651.9109271,0,1.1846379323708259e+22,3.3564741417173403e+22,1.0079436875305324e+23,9.98453613406521e+19,1.330524109242241e+17,5.540829056025895e+22,999908.3169002057,1.0027755394395105e+20,0.0,0.0,9.976262363963394e+16,0.0,1.0069422425152021e+23,1.0014450153302681e+20,3.3564741417173403e+22
401182702702.7027,2502.3577550641553,287238183.9735479,0,1.1846379323708259e+22,3.3564741417173403e+22,1.0079436875305324e+23,9.98453613406521e+19,1.3305241092422442e+17,5.540829056025895e+22,775149.27064539,1.0027755394395128e+20,0.0,0.0,9.976262363963394e+16,0.0,1.0069422425152021e+23,1.0014450153302704e+20,3.3564741417173403e+22
404341621621.62164,2500.014115340251,287148766.4406955,0,1.1846379323708259e+22,3.3564741417173403e+22,1.0079436875305324e+23,9.98453613406521e+19,1.3305241092422466e+17,5.540829056025895e+22,600911.4852097462,1.0027755394395146e+20,0.0,0.0,9.976262363963394e+16,0.0,1.0069422425152021e+23,1.0014450153302722e+20,3.3564741417173403e+22
407500540540.5406,2497.6704756163467,287059399.6665325,0,1.1846379323708259e+22,3.3564741417173403e+22,1.0079436875305324e+23,9.98453613406521e+19,1.3305241092422485e+17,5.540829056025895e+22,465838.809028789,1.0027755394395159e+20,0.0,0.0,9.976262363963394e+16,0.0,1.0069422425152021e+23,1.0014450153302735e+20,3.3564741417173403e+22
410659459459.45953,2495.3268358924424,286970084.00451547,0,1.1846379323708259e+22,3.3564741417173403e+22,1.0079436875305324e+23,9.98453613406521e+19,1.33052410924225e+17,5.540829056025895e+22,361127.7223659911,1.0027755394395169e+20,0.0,0.0,9.976262363963394e+16,0.0,1.0069422425152021e+23,1.0014450153302745e+20,3.3564741417173403e+22
413818378378.37836,2492.983196168538,286880819.8073949,0,1.1846379323708259e+22,3.3564741417173403e+22,1.0079436875305324e+23,9.98453613406521e+19,1.330524109242251e+17,5.540829056025895e+22,279953.55761178915,1.0027755394395177e+20,0.0,0.0,9.976262363963394e+16,0.0,1.0069422425152021e+23,1.0014450153302753e+20,3.3564741417173403e+22
416977297297.2973,2490.639556444634,286791607.4272142,0,1.1846379323708259e+22,3.3564741417173403e+22,1.0079436875305324e+23,9.98453613406521e+19,1.3305241092422518e+17,5.540829056025895e+22,217025.69358568345,1.0027755394395184e+20,0.0,0.0,9.976262363963394e+16,0.0,1.0069422425152021e+23,1.001445015330276e+20,3.3564741417173403e+22
420136216216.21625,2488.2959167207296,286702447.21530896,0,1.1846379323708259e+22,3.3564741417173403e+22,1.0079436875305324e+23,9.98453613406521e+19,1.3305241092422525e+17,5.540829056025895e+22,168242.73310954176,1.0027755394395188e+20,0.0,0.0,9.976262363963394e+16,0.0,1.0069422425152021e+23,1.0014450153302765e+20,3.3564741417173403e+22
423295135135.1352,2485.9522769968253,286613339.5223067,0,1.1846379323708259e+22,3.3564741417173403e+22,1.0079436875305324e+23,9.98453613406521e+19,1.330524109242253e+17,5.540829056025895e+22,130425.1896469264,1.0027755394395192e+20,0.0,0.0,9.976262363963394e+16,0.0,1.0069422425152021e+23,1.0014450153302768e+20,3.3564741417173403e+22
426454054054.0541,2483.608637272921,286524284.6981258,0,1.1846379323708259e+22,3.3564741417173403e+22,1.0079436875305324e+23,9.98453613406521e+19,1.3305241092422534e+17,5.540829056025895e+22,101108.26054734345,1.0027755394395195e+20,0.0,0.0,9.976262363963394e+16,0.0,1.0069422425152021e+23,1.0014450153302771e+20,3.3564741417173403e+22
429612972972.97296,2481.2649975490167,286435283.0919756,0,1.1846379323708259e+22,3.3564741417173403e+22,1.0079436875305324e+23,9.98453613406521e+19,1.3305241092422538e+17,5.540829056025895e+22,78381.18064910479,1.0027755394395197e+20,0.0,0.0,9.976262363963394e+16,0.0,1.0069422425152021e+23,1.0014450153302773e+20,3.3564741417173403e+22
432771891891.8919,2478.9213578251124,286346335.0523554,0,1.1846379323708259e+22,3.3564741417173403e+22,1.0079436875305324e+23,9.98453613406521e+19,1.330524109242254e+17,5.540829056025895e+22,60762.68592387546,1.0027755394395198e+20,0.0,0.0,9.976262363963394e+16,0.0,1.0069422425152021e+23,1.0014450153302775e+20,3.3564741417173403e+22
435930810810.81085,2476.577718101208,286257440.9270544,0,1.1846379323708259e+22,3.3564741417173403e+22,1.0079436875305324e+23,9.98453613406521e+19,1.3305241092422542e+17,5.540829056025895e+22,47104.470360203755,1.00277553943952e+20,0.0,0.0,9.976262363963394e+16,0.0,1.0069422425152021e+23,1.0014450153302776e+20,3.3564741417173403e+22
439089729729.7298,2474.234078377304,286168601.0631513,0,1.1846379323708259e+22,3.3564741417173403e+22,1.0079436875305324e+23,9.98453613406521e+19,1.3305241092422544e+17,5.540829056025895e+22,36516.34377543982,1.0027755394395202e+20,0.0,0.0,9.976262363963394e+16,0.0,1.0069422425152021e+23,1.0014450153302778e+20,3.3564741417173403e+22
442248648648.6487,2471.8904386533995,286079815.80701375,0,1.1846379323708259e+22,3.3564741417173403e+22,1.0079436875305324e+23,9.98453613406521e+19,1.3305241092422546e+17,5.540829056025895e+22,28308.21262885195,1.0027755394395203e+20,0.0,0.0,9.976262363963394e+16,0.0,1.0069422425152021e+23,1.001445015330278e+20,3.3564741417173403e+22
445407567567.56757,2469.5467989294953,285991085.5042984,0,1.1846379323708259e+22,3.3564741417173403e+22,1.0079436875305324e+23,9.98453613406521e+19,1.3305241092422547e+17,5.540829056025895e+22,21945.102367539566,1.0027755394395203e+20,0.0,0.0,9.976262363963394e+16,0.0,1.0069422425152021e+23,1.001445015330278e+20,3.3564741417173403e+22
448566486486.4865,2467.203159205591,285902410.4999505,0,1.1846379323708259e+22,3.3564741417173403e+22,1.0079436875305324e+23,9.98453613406521e+19,1.3305241092422547e+17,5.540829056025895e+22,17012.289833903287,1.0027755394395203e+20,0.0,0.0,9.976262363963394e+16,0.0,1.0069422425152021e+23,1.001445015330278e+20,3.3564741417173403e+22
451725405405.40546,2464.8595194816867,285813791.1382039,0,1.1846379323708259e+22,3.3564741417173403e+22,1.0079436875305324e+23,9.98453613406521e+19,1.3305241092422547e+17,5.540829056025895e+22,13188.27319852589,1.0027755394395203e+20,0.0,0.0,9.976262363963394e+16,0.0,1.0069422425152021e+23,1.001445015330278e+20,3.3564741417173403e+22
454884324324.32434,2462.5158797577824,285725227.76258063,0,1.1846379323708259e+22,3.3564741417173403e+22,1.0079436875305324e+23,9.98453613406521e+19,1.3305241092422547e+17,5.540829056025895e+22,10223.817702208158,1.0027755394395203e+20,0.0,0.0,9.976262363963394e+16,0.0,1.0069422425152021e+23,1.001445015330278e+20,3.3564741417173403e+22
458043243243.2433,2460.172240033878,285636720.7158911,0,1.1846379323708259e+22,3.3564741417173403e+22,1.0079436875305324e+23,9.98453613406521e+19,1.3305241092422547e+17,5.540829056025895e+22,7925.711488875456,1.0027755394395203e+20,0.0,0.0,9.976262363963394e+16,0.0,1.0069422425152021e+23,1.001445015330278e+20,3.3564741417173403e+22
461202162162.1622,2457.828600309974,285548270.3402341,0,1.1846379323708259e+22,3.3564741417173403e+22,1.0079436875305324e+23,9.98453613406521e+19,1.3305241092422547e+17,5.540829056025895e+22,6144.172796755276,1.0027755394395203e+20,0.0,0.0,9.976262363963394e+16,0.0,1.0069422425152021e+23,1.001445015330278e+20,3.3564741417173403e+22
464361081081.0811,2455.4849605860695,285459876.97699666,0,1.1846379323708259e+22,3.3564741417173403e+22,1.0079436875305324e+23,9.98453613406521e+19,1.3305241092422547e+17,5.540829056025895e+22,4763.087756774232,1.0027755394395203e+20,0.0,0.0,9.976262363963394e+16,0.0,1.0069422425152021e+23,1.001445015330278e+20,3.3564741417173403e+22
467520000000.0,2453.1413208621652,285371540.966854,0,1.1846379323708259e+22,3.3564741417173403e+22,1.0079436875305324e+23,9.98453613406521e+19,1.3305241092422547e+17,5.540829056025895e+22,3692.4425352609774,1.0027755394395203e+20,0.0,0.0,9.976262363963394e+16,0.0,1.0069422425152021e+23,1.001445015330278e+20,3.3564741417173403e+22
470678918918.91895,2450.797681138261,285283262.6497701,0,1.1846379323708259e+22,3.3564741417173403e+22,1.0079436875305324e+23,9.98453613406521e+19,1.3305241092422547e+17,5.540829056025895e+22,2862.456576999567,1.0027755394395203e+20,0.0,0.0,9.976262363963394e+16,0.0,1.0069422425152021e+23,1.001445015330278e+20,3.3564741417173403e+22
473837837837.8379,2448.4540414143567,285195042.3649975,0,1.1846379323708259e+22,3.3564741417173403e+22,1.0079436875305324e+23,9.98453613406521e+19,1.3305241092422547e+17,5.540829056025895e+22,2219.0345758837816,1.0027755394395203e+20,0.0,0.0,9.976262363963394e+16,0.0,1.0069422425152021e+23,1.001445015330278e+20,3.3564741417173403e+22
476996756756.75684,2446.1104016904524,285106880.45107764,0,1.1846379323708259e+22,3.3564741417173403e+22,1.0079436875305324e+23,9.98453613406521e+19,1.3305241092422547e+17,5.540829056025895e+22,1720.2407500375714,1.0027755394395203e+20,0.0,0.0,9.976262363963394e+16,0.0,1.0069422425152021e+23,1.001445015330278e+20,3.3564741417173403e+22
480155675675.6757,2443.766761966548,285018777.245841,0,1.1846379323708259e+22,3.3564741417173403e+22,1.0079436875305324e+23,9.98453613406521e+19,1.3305241092422547e+17,5.540829056025895e+22,1333.5656281566708,1.0027755394395203e+20,0.0,0.0,9.976262363963394e+16,0.0,1.0069422425152021e+23,1.001445015330278e+20,3.3564741417173403e+22
483314594594.5946,2441.423122242644,284930733.08640784,0,1.1846379323708259e+22,3.3564741417173403e+22,1.0079436875305324e+23,9.98453613406521e+19,1.3305241092422547e+17,5.540829056025895e+22,1033.8072066727023,1.0027755394395203e+20,0.0,0.0,9.976262363963394e+16,0.0,1.0069422425152021e+23,1.001445015330278e+20,3.3564741417173403e+22
486473513513.51355,2439.0794825187395,284842748.3091878,0,1.1846379323708259e+22,3.3564741417173403e+22,1.0079436875305324e+23,9.98453613406521e+19,1.3305241092422547e+17,5.540829056025895e+22,801.4283796784051,1.0027755394395203e+20,0.0,0.0,9.976262363963394e+16,0.0,1.0069422425152021e+23,1.001445015330278e+20,3.3564741417173403e+22
489632432432.4325,2436.735842794835,284754823.24988115,0,1.1846379323708259e+22,3.3564741417173403e+22,1.0079436875305324e+23,9.98453613406521e+19,1.3305241092422547e+17,5.540829056025895e+22,621.2835851871737,1.0027755394395203e+20,0.0,0.0,9.976262363963394e+16,0.0,1.0069422425152021e+23,1.001445015330278e+20,3.3564741417173403e+22
492791351351.35144,2434.392203070931,284666958.2434787,0,1.1846379323708259e+22,3.3564741417173403e+22,1.0079436875305324e+23,9.98453613406521e+19,1.3305241092422547e+17,5.540829056025895e+22,481.6316754067511,1.0027755394395203e+20,0.0,0.0,9.976262363963394e+16,0.0,1.0069422425152021e+23,1.001445015330278e+20,3.3564741417173403e+22
495950270270.27026,2432.0485633470266,284579153.6242623,0,1.1846379323708259e+22,3.3564741417173403e+22,1.0079436875305324e+23,9.98453613406521e+19,1.3305241092422547e+17,5.540829056025895e+22,373.3706736919967,1.0027755394395203e+20,0.0,0.0,9.976262363963394e+16,0.0,1.0069422425152021e+23,1.001445015330278e+20,3.3564741417173403e+22
499109189189.1892,2429.7049236231223,284491409.7258058,0,1.1846379323708259e+22,3.3564741417173403e+22,1.0079436875305324e+23,9.98453613406521e+19,1.3305241092422547e+17,5.540829056025895e+22,289.4445425656101,1.0027755394395203e+20,0.0,0.0,9.976262363963394e+16,0.0,1.0069422425152021e+23,1.001445015330278e+20,3.3564741417173403e+22
502268108108.10815,2427.361283899218,284403726.88097525,0,1.1846379323708259e+22,3.3564741417173403e+22,1.0079436875305324e+23,9.98453613406521e+19,1.3305241092422547e+17,5.540829056025895e+22,224.38329821834395,1.0027755394395203e+20,0.0,0.0,9.976262363963394e+16,0.0,1.0069422425152021e+23,1.001445015330278e+20,3.3564741417173403e+22
505427027027.0271,2425.0176441753138,284316105.4219298,0,1.1846379323708259e+22,3.3564741417173403e+22,1.0079436875305324e+23,9.98453613406521e+19,1.3305241092422547e+17,5.540829056025895e+22,173.9464979130834,1.0027755394395203e+20,0.0,0.0,9.976262363963394e+16,0.0,1.0069422425152021e+23,1.001445015330278e+20,3.3564741417173403e+22
508585945945.946,2422.6740044514095,284228545.6801221,0,1.1846379323708259e+22,3.3564741417173403e+22,1.0079436875305324e+23,9.98453613406521e+19,1.3305241092422547e+17,5.540829056025895e+22,134.8468641671508,1.0027755394395203e+20,0.0,0.0,9.976262363963394e+16,0.0,1.0069422425152021e+23,1.001445015330278e+20,3.3564741417173403e+22
511744864864.86487,2420.330364727505,284141047.9862994,0,1.1846379323708259e+22,3.3564741417173403e+22,1.0079436875305324e+23,9.98453613406521e+19,1.3305241092422547e+17,5.540829056025895e+22,104.53603259549348,1.0027755394395203e+20,0.0,0.0,9.976262363963394e+16,0.0,1.0069422425152021e+23,1.001445015330278e+20,3.3564741417173403e+22
514903783783.7838,2417.986725003601,284053612.67050415,0,1.1846379323708259e+22,3.3564741417173403e+22,1.0079436875305324e+23,9.98453613406521e+19,1.3305241092422547e+17,5.540829056025895e+22,81.03845927970879,1.0027755394395203e+20,0.0,0.0,9.976262363963394e+16,0.0,1.0069422425152021e+23,1.001445015330278e+20,3.3564741417173403e+22
518062702702.70276,2415.6430852796966,283966240.0620747,0,1.1846379323708259e+22,3.3564741417173403e+22,1.0079436875305324e+23,9.98453613406521e+19,1.3305241092422547e+17,5.540829056025895e+22,62.82266238131685,1.0027755394395203e+20,0.0,0.0,9.976262363963394e+16,0.0,1.0069422425152021e+23,1.001445015330278e+20,3.3564741417173403e+22
521221621621.62164,2413.2994455557923,283878930.4896466,0,1.1846379323708259e+22,3.3564741417173403e+22,1.0079436875305324e+23,9.98453613406521e+19,1.3305241092422547e+17,5.540829056025895e+22,48.70140602074766,1.0027755394395203e+20,0.0,0.0,9.976262363963394e+16,0.0,1.0069422425152021e+23,1.001445015330278e+20,3.3564741417173403e+22
524380540540.5406,2410.955805831888,283791684.281153,0,1.1846379323708259e+22,3.3564741417173403e+22,1.0079436875305324e+23,9.98453613406521e+19,1.3305241092422547e+17,5.540829056025895e+22,37.75432078954817,1.0027755394395203e+20,0.0,0.0,9.976262363963394e+16,0.0,1.0069422425152021e+23,1.001445015330278e+20,3.3564741417173403e+22
527539459459.4595,2408.6121661079837,283704501.7638262,0,1.1846379323708259e+22,3.3564741417173403e+22,1.0079436875305324e+23,9.98453613406521e+19,1.3305241092422547e+17,5.540829056025895e+22,29.267917597140173,1.0027755394395203e+20,0.0,0.0,9.976262363963394e+16,0.0,1.0069422425152021e+23,1.001445015330278e+20,3.3564741417173403e+22
530698378378.3785,2406.2685263840795,283617383.26419795,0,1.1846379323708259e+22,3.3564741417173403e+22,1.0079436875305324e+23,9.98453613406521e+19,1.3305241092422547e+17,5.540829056025895e+22,22.689085184393782,1.0027755394395203e+20,0.0,0.0,9.976262363963394e+16,0.0,1.0069422425152021e+23,1.001445015330278e+20,3.3564741417173403e+22
533857297297.29736,2403.924886660175,283530329.1081014,0,1.1846379323708259e+22,3.3564741417173403e+22,1.0079436875305324e+23,9.98453613406521e+19,1.3305241092422547e+17,5.540829056025895e+22,17.58904045004483,1.0027755394395203e+20,0.0,0.0,9.976262363963394e+16,0.0,1.0069422425152021e+23,1.001445015330278e+20,3.3564741417173403e+22
537016216216.2162,2401.581246936271,283443339.6206716,0,1.1846379323708259e+22,3.3564741417173403e+22,1.0079436875305324e+23,9.98453613406521e+19,1.3305241092422547e+17,5.540829056025895e+22,13.635382010294096,1.0027755394395203e+20,0.0,0.0,9.976262363963394e+16,0.0,1.0069422425152021e+23,1.001445015330278e+20,3.3564741417173403e+22
540175135135.1352,2399.2376072123666,283356415.12634665,0,1.1846379323708259e+22,3.3564741417173403e+22,1.0079436875305324e+23,9.98453613406521e+19,1.3305241092422547e+17,5.540829056025895e+22,10.570425549631276,1.0027755394395203e+20,0.0,0.0,9.976262363963394e+16,0.0,1.0069422425152021e+23,1.001445015330278e+20,3.3564741417173403e+22
543334054054.0541,2396.8939674884623,283269555.9488694,0,1.1846379323708259e+22,3.3564741417173403e+22,1.0079436875305324e+23,9.98453613406521e+19,1.3305241092422547e+17,5.540829056025895e+22,8.194408944021049,1.0027755394395203e+20,0.0,0.0,9.976262363963394e+16,0.0,1.0069422425152021e+23,1.001445015330278e+20,3.3564741417173403e+22
546492972972.9731,2394.550327764558,283182762.4112883,0,1.1846379323708259e+22,3.3564741417173403e+22,1.0079436875305324e+23,9.98453613406521e+19,1.3305241092422547e+17,5.540829056025895e+22,6.3524725307009495,1.0027755394395203e+20,0.0,0.0,9.976262363963394e+16,0.0,1.0069422425152021e+23,1.001445015330278e+20,3.3564741417173403e+22
549651891891.8919,2392.2066880406537,283096034.83595884,0,1.1846379323708259e+22,3.3564741417173403e+22,1.0079436875305324e+23,9.98453613406521e+19,1.3305241092422547e+17,5.540829056025895e+22,4.92456594843901,1.0027755394395203e+20,0.0,0.0,9.976262363963394e+16,0.0,1.0069422425152021e+23,1.001445015330278e+20,3.3564741417173403e+22
552810810810.8108,2389.8630483167494,283009373.5445448,0,1.1846379323708259e+22,3.3564741417173403e+22,1.0079436875305324e+23,9.98453613406521e+19,1.3305241092422547e+17,5.540829056025895e+22,3.8176237147536387,1.0027755394395203e+20,0.0,0.0,9.976262363963394e+16,0.0,1.0069422425152021e+23,1.001445015330278e+20,3.3564741417173403e+22
555969729729.7297,2387.519408592845,282922778.8580199,0,1.1846379323708259e+22,3.3564741417173403e+22,1.0079436875305324e+23,9.98453613406521e+19,1.3305241092422547e+17,5.540829056025895e+22,2.9594995741846284,1.0027755394395203e+20,0.0,0.0,9.976262363963394e+16,0.0,1.0069422425152021e+23,1.001445015330278e+20,3.3564741417173403e+22
559128648648.6487,2385.175768868941,282836251.096669,0,1.1846379323708259e+22,3.3564741417173403e+22,1.0079436875305324e+23,9.98453613406521e+19,1.3305241092422547e+17,5.540829056025895e+22,2.2942642816656473,1.0027755394395203e+20,0.0,0.0,9.976262363963394e+16,0.0,1.0069422425152021e+23,1.001445015330278e+20,3.3564741417173403e+22
562287567567.5676,2382.8321291450366,282749790.58008975,0,1.1846379323708259e+22,3.3564741417173403e+22,1.0079436875305324e+23,9.98453613406521e+19,1.3305241092422547e+17,5.540829056025895e+22,1.7785603485268204,1.0027755394395203e+20,0.0,0.0,9.976262363963394e+16,0.0,1.0069422425152021e+23,1.001445015330278e+20,3.3564741417173403e+22
565446486486.4866,2380.4884894211323,282663397.6271941,0,1.1846379323708259e+22,3.3564741417173403e+22,1.0079436875305324e+23,9.98453613406521e+19,1.3305241092422547e+17,5.540829056025895e+22,1.3787761674323282,1.0027755394395203e+20,0.0,0.0,9.976262363963394e+16,0.0,1.0069422425152021e+23,1.001445015330278e+20,3.3564741417173403e+22
568605405405.4054,2378.144849697228,282577072.55620986,0,1.1846379323708259e+22,3.3564741417173403e+22,1.0079436875305324e+23,9.98453613406521e+19,1.3305241092422547e+17,5.540829056025895e+22,1.068855336538901,1.0027755394395203e+20,0.0,0.0,9.976262363963394e+16,0.0,1.0069422425152021e+23,1.001445015330278e+20,3.3564741417173403e+22
571764324324.3243,2375.8012099733237,282490815.6846822,0,1.1846379323708259e+22,3.3564741417173403e+22,1.0079436875305324e+23,9.98453613406521e+19,1.3305241092422547e+17,5.540829056025895e+22,0.828598403013635,1.0027755394395203e+20,0.0,0.0,9.976262363963394e+16,0.0,1.0069422425152021e+23,1.001445015330278e+20,3.3564741417173403e+22
574923243243.2433,2373.4575702494194,282404627.3294758,0,1.1846379323708259e+22,3.3564741417173403e+22,1.0079436875305324e+23,9.98453613406521e+19,1.3305241092422547e+17,5.540829056025895e+22,0.6423463400575521,1.0027755394395203e+20,0.0,0.0,9.976262363963394e+16,0.0,1.0069422425152021e+23,1.001445015330278e+20,3.3564741417173403e+22
578082162162.1622,2371.113930525515,282318507.8067761,0,1.1846379323708259e+22,3.3564741417173403e+22,1.0079436875305324e+23,9.98453613406521e+19,1.3305241092422547e+17,5.540829056025895e+22,0.4979599515092749,1.0027755394395203e+20,0.0,0.0,9.976262363963394e+16,0.0,1.0069422425152021e+23,1.001445015330278e+20,3.3564741417173403e+22
581241081081.0812,2368.770290801611,282232457.43209124,0,1.1846379323708259e+22,3.3564741417173403e+22,1.0079436875305324e+23,9.98453613406521e+19,1.3305241092422547e+17,5.540829056025895e+22,0.386028685529527,1.0027755394395203e+20,0.0,0.0,9.976262363963394e+16,0.0,1.0069422425152021e+23,1.001445015330278e+20,3.3564741417173403e+22
584400000000.0,2366.4266510777065,282146476.520254,0,1.1846379323708259e+22,3.3564741417173403e+22,1.0079436875305324e+23,9.98453613406521e+19,1.3305241092422547e+17,5.540829056025895e+22,0.2992572908724747,1.0027755394395203e+20,0.0,0.0,9.976262363963394e+16,0.0,1.0069422425152021e+23,1.001445015330278e+20,3.3564741417173403e+22
587558918918.919,2364.0830113538022,282060565.3854234,0,1.1846379323708259e+22,3.3564741417173403e+22,1.0079436875305324e+23,9.98453613406521e+19,1.3305241092422547e+17,5.540829056025895e+22,0.23199034034863958,1.0027755394395203e+20,0.0,0.0,9.976262363963394e+16,0.0,1.0069422425152021e+23,1.001445015330278e+20,3.3564741417173403e+22
590717837837.8379,2361.739371629898,281974724.3410871,0,1.1846379323708259e+22,3.3564741417173403e+22,1.0079436875305324e+23,9.98453613406521e+19,1.3305241092422547e+17,5.540829056025895e+22,0.17984363173965992,1.0027755394395203e+20,0.0,0.0,9.976262363963394e+16,0.0,1.0069422425152021e+23,1.001445015330278e+20,3.3564741417173403e+22
593876756756.7568,2359.3957319059937,281888953.7000627,0,1.1846379323708259e+22,3.3564741417173403e+22,1.0079436875305324e+23,9.98453613406521e+19,1.3305241092422547e+17,5.540829056025895e+22,0.13941844228817296,1.0027755394395203e+20,0.0,0.0,9.976262363963394e+16,0.0,1.0069422425152021e+23,1.001445015330278e+20,3.3564741417173403e+22
597035675675.6757,2357.0520921820894,281803253.77450037,0,1.1846379323708259e+22,3.3564741417173403e+22,1.0079436875305324e+23,9.98453613406521e+19,1.3305241092422547e+17,5.540829056025895e+22,0.10808001296480808,1.0027755394395203e+20,0.0,0.0,9.976262363963394e+16,0.0,1.0069422425152021e+23,1.001445015330278e+20,3.3564741417173403e+22
600194594594.5946,2354.708452458185,281717624.87588465,0,1.1846379323708259e+22,3.3564741417173403e+22,1.0079436875305324e+23,9.98453613406521e+19,1.3305241092422547e+17,5.540829056025895e+22,0.08378582496516691,1.0027755394395203e+20,0.0,0.0,9.976262363963394e+16,0.0,1.0069422425152021e+23,1.001445015330278e+20,3.3564741417173403e+22
603353513513.5135,2352.364812734281,281632067.3150364,0,1.1846379323708259e+22,3.3564741417173403e+22,1.0079436875305324e+23,9.98453613406521e+19,1.3305241092422547e+17,5.540829056025895e+22,0.06495247615652479,1.0027755394395203e+20,0.0,0.0,9.976262363963394e+16,0.0,1.0069422425152021e+23,1.001445015330278e+20,3.3564741417173403e+22
606512432432.4325,2350.0211730103765,281546581.4021152,0,1.1846379323708259e+22,3.3564741417173403e+22,1.0079436875305324e+23,9.98453613406521e+19,1.3305241092422547e+17,5.540829056025895e+22,0.05035248099088185,1.0027755394395203e+20,0.0,0.0,9.976262363963394e+16,0.0,1.0069422425152021e+23,1.001445015330278e+20,3.3564741417173403e+22
609671351351.3514,2347.677533286472,281461167.44662166,0,1.1846379323708259e+22,3.3564741417173403e+22,1.0079436875305324e+23,9.98453613406521e+19,1.3305241092422547e+17,5.540829056025895e+22,0.03903426769792868,1.0027755394395203e+20,0.0,0.0,9.976262363963394e+16,0.0,1.0069422425152021e+23,1.001445015330278e+20,3.3564741417173403e+22
612830270270.2703,2345.333893562568,281375825.7573992,0,1.1846379323708259e+22,3.3564741417173403e+22,1.0079436875305324e+23,9.98453613406521e+19,1.3305241092422547e+17,5.540829056025895e+22,0.030260158481356155,1.0027755394395203e+20,0.0,0.0,9.976262363963394e+16,0.0,1.0069422425152021e+23,1.001445015330278e+20,3.3564741417173403e+22
615989189189.1892,2342.9902538386636,281290556.6426366,0,1.1846379323708259e+22,3.3564741417173403e+22,1.0079436875305324e+23,9.98453613406521e+19,1.3305241092422547e+17,5.540829056025895e+22,0.023458290505226527,1.0027755394395203e+20,0.0,0.0,9.976262363963394e+16,0.0,1.0069422425152021e+23,1.001445015330278e+20,3.3564741417173403e+22
619148108108.1082,2340.6466141147594,281205360.4098706,0,1.1846379323708259e+22,3.3564741417173403e+22,1.0079436875305324e+23,9.98453613406521e+19,1.3305241092422547e+17,5.540829056025895e+22,0.018185344064428673,1.0027755394395203e+20,0.0,0.0,9.976262363963394e+16,0.0,1.0069422425152021e+23,1.001445015330278e+20,3.3564741417173403e+22
622307027027.0271,2338.302974390855,281120237.36598796,0,1.1846379323708259e+22,3.3564741417173403e+22,1.0079436875305324e+23,9.98453613406521e+19,1.3305241092422547e+17,5.540829056025895e+22,0.014097648704110363,1.0027755394395203e+20,0.0,0.0,9.976262363963394e+16,0.0,1.0069422425152021e+23,1.001445015330278e+20,3.3564741417173403e+22
625465945945.946,2335.959334666951,281035187.8172278,0,1.1846379323708259e+22,3.3564741417173403e+22,1.0079436875305324e+23,9.98453613406521e+19,1.3305241092422547e+17,5.540829056025895e+22,0.010928784095608943,1.0027755394395203e+20,0.0,0.0,9.976262363963394e+16,0.0,1.0069422425152021e+23,1.001445015330278e+20,3.3564741417173403e+22
628624864864.8649,2333.6156949430465,280950212.0691845,0,1.1846379323708259e+22,3.3564741417173403e+22,1.0079436875305324e+23,9.98453613406521e+19,1.3305241092422547e+17,5.540829056025895e+22,0.008472215779757025,1.0027755394395203e+20,0.0,0.0,9.976262363963394e+16,0.0,1.0069422425152021e+23,1.001445015330278e+20,3.3564741417173403e+22
631783783783.7838,2331.272055219142,280865310.4268097,0,1.1846379323708259e+22,3.3564741417173403e+22,1.0079436875305324e+23,9.98453613406521e+19,1.3305241092422547e+17,5.540829056025895e+22,0.006567834041812909,1.0027755394395203e+20,0.0,0.0,9.976262363963394e+16,0.0,1.0069422425152021e+23,1.001445015330278e+20,3.3564741417173403e+22
634942702702.7028,2328.928415495238,280780483.19441557,0,1.1846379323708259e+22,3.3564741417173403e+22,1.0079436875305324e+23,9.98453613406521e+19,1.3305241092422547e+17,5.540829056025895e+22,0.005091518573436713,1.0027755394395203e+20,0.0,0.0,9.976262363963394e+16,0.0,1.0069422425152021e+23,1.001445015330278e+20,3.3564741417173403e+22
638101621621.6216,2326.5847757713336,280695730.6756765,0,1.1846379323708259e+22,3.3564741417173403e+22,1.0079436875305324e+23,9.98453613406521e+19,1.3305241092422547e+17,5.540829056025895e+22,0.003947048786344696,1.0027755394395203e+20,0.0,0.0,9.976262363963394e+16,0.0,1.0069422425152021e+23,1.001445015330278e+20,3.3564741417173403e+22
641260540540.5406,2324.2411360474293,280611053.1736326,0,1.1846379323708259e+22,3.3564741417173403e+22,1.0079436875305324e+23,9.98453613406521e+19,1.3305241092422547e+17,5.540829056025895e+22,0.0030598325228674106,1.0027755394395203e+20,0.0,0.0,9.976262363963394e+16,0.0,1.0069422425152021e+23,1.001445015330278e+20,3.3564741417173403e+22
644419459459.4595,2321.897496323525,280526450.9906921,0,1.1846379323708259e+22,3.3564741417173403e+22,1.0079436875305324e+23,9.98453613406521e+19,1.3305241092422547e+17,5.540829056025895e+22,0.002372044424783431,1.0027755394395203e+20,0.0,0.0,9.976262363963394e+16,0.0,1.0069422425152021e+23,1.001445015330278e+20,3.3564741417173403e+22
647578378378.3784,2319.5538565996208,280441924.42863375,0,1.1846379323708259e+22,3.3564741417173403e+22,1.0079436875305324e+23,9.98453613406521e+19,1.3305241092422547e+17,5.540829056025895e+22,0.0018388570979281566,1.0027755394395203e+20,0.0,0.0,9.976262363963394e+16,0.0,1.0069422425152021e+23,1.001445015330278e+20,3.3564741417173403e+22
650737297297.2974,2317.2102168757165,280357473.78861034,0,1.1846379323708259e+22,3.3564741417173403e+22,1.0079436875305324e+23,9.98453613406521e+19,1.3305241092422547e+17,5.540829056025895e+22,0.0014255194343206648,1.0027755394395203e+20,0.0,0.0,9.976262363963394e+16,0.0,1.0069422425152021e+23,1.001445015330278e+20,3.3564741417173403e+22
653896216216.2162,2314.866577151812,280273099.3711509,0,1.1846379323708259e+22,3.3564741417173403e+22,1.0079436875305324e+23,9.98453613406521e+19,1.3305241092422547e+17,5.540829056025895e+22,0.0011050916680341745,1.0027755394395203e+20,0.0,0.0,9.976262363963394e+16,0.0,1.0069422425152021e+23,1.001445015330278e+20,3.3564741417173403e+22
657055135135.1353,2312.522937427908,280188801.476164,0,1.1846379323708259e+22,3.3564741417173403e+22,1.0079436875305324e+23,9.98453613406521e+19,1.3305241092422547e+17,5.540829056025895e+22,0.000856689544425982,1.0027755394395203e+20,0.0,0.0,9.976262363963394e+16,0.0,1.0069422425152021e+23,1.001445015330278e+20,3.3564741417173403e+22
660214054054.0541,2310.1792977040036,280104580.4029405,0,1.1846379323708259e+22,3.3564741417173403e+22,1.0079436875305324e+23,9.98453613406521e+19,1.3305241092422547e+17,5.540829056025895e+22,0.000664123164401689,1.0027755394395203e+20,0.0,0.0,9.976262363963394e+16,0.0,1.0069422425152021e+23,1.001445015330278e+20,3.3564741417173403e+22
663372972972.973,2307.8356579800993,280020436.45015657,0,1.1846379323708259e+22,3.3564741417173403e+22,1.0079436875305324e+23,9.98453613406521e+19,1.3305241092422547e+17,5.540829056025895e+22,0.0005148417887957781,1.0027755394395203e+20,0.0,0.0,9.976262363963394e+16,0.0,1.0069422425152021e+23,1.001445015330278e+20,3.3564741417173403e+22
666531891891.892,2305.492018256195,279936369.91587675,0,1.1846379323708259e+22,3.3564741417173403e+22,1.0079436875305324e+23,9.98453613406521e+19,1.3305241092422547e+17,5.540829056025895e+22,0.0003991158292592187,1.0027755394395203e+20,0.0,0.0,9.976262363963394e+16,0.0,1.0069422425152021e+23,1.001445015330278e+20,3.3564741417173403e+22
669690810810.8108,2303.1483785322907,279852381.097557,0,1.1846379323708259e+22,3.3564741417173403e+22,1.0079436875305324e+23,9.98453613406521e+19,1.3305241092422547e+17,5.540829056025895e+22,0.0003094027109529383,1.0027755394395203e+20,0.0,0.0,9.976262363963394e+16,0.0,1.0069422425152021e+23,1.001445015330278e+20,3.3564741417173403e+22
672849729729.7299,2300.8047388083864,279768470.29204786,0,1.1846379323708259e+22,3.3564741417173403e+22,1.0079436875305324e+23,9.98453613406521e+19,1.3305241092422547e+17,5.540829056025895e+22,0.00023985527640611948,1.0027755394395203e+20,0.0,0.0,9.976262363963394e+16,0.0,1.0069422425152021e+23,1.001445015330278e+20,3.3564741417173403e+22
676008648648.6487,2298.461099084482,279684637.7955975,0,1.1846379323708259e+22,3.3564741417173403e+22,1.0079436875305324e+23,9.98453613406521e+19,1.3305241092422547e+17,5.540829056025895e+22,0.00018594069018550602,1.0027755394395203e+20,0.0,0.0,9.976262363963394e+16,0.0,1.0069422425152021e+23,1.001445015330278e+20,3.3564741417173403e+22
679167567567.5676,2296.117459360578,279600883.90385514,0,1.1846379323708259e+22,3.3564741417173403e+22,1.0079436875305324e+23,9.98453613406521e+19,1.3305241092422547e+17,5.540829056025895e+22,0.00014414500604156916,1.0027755394395203e+20,0.0,0.0,9.976262363963394e+16,0.0,1.0069422425152021e+23,1.001445015330278e+20,3.3564741417173403e+22
682326486486.4866,2293.7738196366736,279517208.9118742,0,1.1846379323708259e+22,3.3564741417173403e+22,1.0079436875305324e+23,9.98453613406521e+19,1.3305241092422547e+17,5.540829056025895e+22,0.00011174414134956045,1.0027755394395203e+20,0.0,0.0,9.976262363963394e+16,0.0,1.0069422425152021e+23,1.001445015330278e+20,3.3564741417173403e+22
685485405405.4054,2291.4301799127693,279433613.1141155,0,1.1846379323708259e+22,3.3564741417173403e+22,1.0079436875305324e+23,9.98453613406521e+19,1.3305241092422547e+17,5.540829056025895e+22,8.662633183663374e-05,1.0027755394395203e+20,0.0,0.0,9.976262363963394e+16,0.0,1.0069422425152021e+23,1.001445015330278e+20,3.3564741417173403e+22
688644324324.3245,2289.086540188865,279350096.80445075,0,1.1846379323708259e+22,3.3564741417173403e+22,1.0079436875305324e+23,9.98453613406521e+19,1.3305241092422547e+17,5.540829056025895e+22,6.715449487410735e-05,1.0027755394395203e+20,0.0,0.0,9.976262363963394e+16,0.0,1.0069422425152021e+23,1.001445015330278e+20,3.3564741417173403e+22
691803243243.2433,2286.7429004649607,279266660.2761661,0,1.1846379323708259e+22,3.3564741417173403e+22,1.0079436875305324e+23,9.98453613406521e+19,1.3305241092422547e+17,5.540829056025895e+22,5.205953070137243e-05,1.0027755394395203e+20,0.0,0.0,9.976262363963394e+16,0.0,1.0069422425152021e+23,1.001445015330278e+20,3.3564741417173403e+22
694962162162.1622,2284.3992607410564,279183303.8219651,0,1.1846379323708259e+22,3.3564741417173403e+22,1.0079436875305324e+23,9.98453613406521e+19,1.3305241092422547e+17,5.540829056025895e+22,4.0357607363853527e-05,1.0027755394395203e+20,0.0,0.0,9.976262363963394e+16,0.0,1.0069422425152021e+23,1.001445015330278e+20,3.3564741417173403e+22
698121081081.0812,2282.055621017152,279100027.7339726,0,1.1846379323708259e+22,3.3564741417173403e+22,1.0079436875305324e+23,9.98453613406521e+19,1.3305241092422547e+17,5.540829056025895e+22,3.1286038314057e-05,1.0027755394395203e+20,0.0,0.0,9.976262363963394e+16,0.0,1.0069422425152021e+23,1.001445015330278e+20,3.3564741417173403e+22
701280000000.0,2279.711981293248,279016832.30373836,0,1.1846379323708259e+22,3.3564741417173403e+22,1.0079436875305324e+23,9.98453613406521e+19,1.3305241092422547e+17,5.540829056025895e+22,2.4253573423317547e-05,1.0027755394395203e+20,0.0,0.0,9.976262363963394e+16,0.0,1.0069422425152021e+23,1.001445015330278e+20,3.3564741417173403e+22
704438918918.919,2277.3683415693436,278933717.8222402,0,1.1846379323708259e+22,3.3564741417173403e+22,1.0079436875305324e+23,9.98453613406521e+19,1.3305241092422547e+17,5.540829056025895e+22,1.8801863562762353e-05,1.0027755394395203e+20,0.0,0.0,9.976262363963394e+16,0.0,1.0069422425152021e+23,1.001445015330278e+20,3.3564741417173403e+22
707597837837.8379,2275.0247018454393,278850684.579888,0,1.1846379323708259e+22,3.3564741417173403e+22,1.0079436875305324e+23,9.98453613406521e+19,1.3305241092422547e+17,5.540829056025895e+22,1.4575587162461749e-05,1.0027755394395203e+20,0.0,0.0,9.976262363963394e+16,0.0,1.0069422425152021e+23,1.001445015330278e+20,3.3564741417173403e+22
710756756756.7568,2272.681062121535,278767732.86652714,0,1.1846379323708259e+22,3.3564741417173403e+22,1.0079436875305324e+23,9.98453613406521e+19,1.3305241092422547e+17,5.540829056025895e+22,1.1299291712300198e-05,1.0027755394395203e+20,0.0,0.0,9.976262363963394e+16,0.0,1.0069422425152021e+23,1.001445015330278e+20,3.3564741417173403e+22
713915675675.6758,2270.3374223976307,278684862.97144246,0,1.1846379323708259e+22,3.3564741417173403e+22,1.0079436875305324e+23,9.98453613406521e+19,1.3305241092422547e+17,5.540829056025895e+22,8.75944082228605e-06,1.0027755394395203e+20,0.0,0.0,9.976262363963394e+16,0.0,1.0069422425152021e+23,1.001445015330278e+20,3.3564741417173403e+22
717074594594.5946,2267.9937826737264,278602075.1833617,0,1.1846379323708259e+22,3.3564741417173403e+22,1.0079436875305324e+23,9.98453613406521e+19,1.3305241092422547e+17,5.540829056025895e+22,6.790496738446611e-06,1.0027755394395203e+20,0.0,0.0,9.976262363963394e+16,0.0,1.0069422425152021e+23,1.001445015330278e+20,3.3564741417173403e+22
720233513513.5135,2265.650142949822,278519369.7904597,0,1.1846379323708259e+22,3.3564741417173403e+22,1.0079436875305324e+23,9.98453613406521e+19,1.3305241092422547e+17,5.540829056025895e+22,5.264131225995313e-06,1.0027755394395203e+20,0.0,0.0,9.976262363963394e+16,0.0,1.0069422425152021e+23,1.001445015330278e+20,3.3564741417173403e+22
723392432432.4325,2263.306503225918,278436747.0803619,0,1.1846379323708259e+22,3.3564741417173403e+22,1.0079436875305324e+23,9.98453613406521e+19,1.3305241092422547e+17,5.540829056025895e+22,4.080861626455635e-06,1.0027755394395203e+20,0.0,0.0,9.976262363963394e+16,0.0,1.0069422425152021e+23,1.001445015330278e+20,3.3564741417173403e+22
726551351351.3514,2260.9628635020135,278354207.3401484,0,1.1846379323708259e+22,3.3564741417173403e+22,1.0079436875305324e+23,9.98453613406521e+19,1.3305241092422547e+17,5.540829056025895e+22,3.163566958977051e-06,1.0027755394395203e+20,0.0,0.0,9.976262363963394e+16,0.0,1.0069422425152021e+23,1.001445015330278e+20,3.3564741417173403e+22
729710270270.2704,2258.6192237781092,278271750.8563579,0,1.1846379323708259e+22,3.3564741417173403e+22,1.0079436875305324e+23,9.98453613406521e+19,1.3305241092422547e+17,5.540829056025895e+22,2.4524614701586256e-06,1.0027755394395203e+20,0.0,0.0,9.976262363963394e+16,0.0,1.0069422425152021e+23,1.001445015330278e+20,3.3564741417173403e+22
732869189189.1892,2256.275584054205,278189377.91499174,0,1.1846379323708259e+22,3.3564741417173403e+22,1.0079436875305324e+23,9.98453613406521e+19,1.3305241092422547e+17,5.540829056025895e+22,1.9011980276078735e-06,1.0027755394395203e+20,0.0,0.0,9.976262363963394e+16,0.0,1.0069422425152021e+23,1.001445015330278e+20,3.3564741417173403e+22
736028108108.1082,2253.9319443303007,278107088.80151767,0,1.1846379323708259e+22,3.3564741417173403e+22,1.0079436875305324e+23,9.98453613406521e+19,1.3305241092422547e+17,5.540829056025895e+22,1.4738473913501599e-06,1.0027755394395203e+20,0.0,0.0,9.976262363963394e+16,0.0,1.0069422425152021e+23,1.001445015330278e+20,3.3564741417173403e+22
739187027027.0271,2251.5883046063964,278024883.8008744,0,1.1846379323708259e+22,3.3564741417173403e+22,1.0079436875305324e+23,9.98453613406521e+19,1.3305241092422547e+17,5.540829056025895e+22,1.1425564835677906e-06,1.0027755394395203e+20,0.0,0.0,9.976262363963394e+16,0.0,1.0069422425152021e+23,1.001445015330278e+20,3.3564741417173403e+22
742345945945.946,2249.244664882492,277942763.19747525,0,1.1846379323708259e+22,3.3564741417173403e+22,1.0079436875305324e+23,9.98453613406521e+19,1.3305241092422547e+17,5.540829056025895e+22,8.85733031658667e-07,1.0027755394395203e+20,0.0,0.0,9.976262363963394e+16,0.0,1.0069422425152021e+23,1.001445015330278e+20,3.3564741417173403e+22
745504864864.8649,2246.901025158588,277860727.2752126,0,1.1846379323708259e+22,3.3564741417173403e+22,1.0079436875305324e+23,9.98453613406521e+19,1.3305241092422547e+17,5.540829056025895e+22,6.866382666014652e-07,1.0027755394395203e+20,0.0,0.0,9.976262363963394e+16,0.0,1.0069422425152021e+23,1.001445015330278e+20,3.3564741417173403e+22
748663783783.7838,2244.5573854346835,277778776.317462,0,1.1846379323708259e+22,3.3564741417173403e+22,1.0079436875305324e+23,9.98453613406521e+19,1.3305241092422547e+17,5.540829056025895e+22,5.322959540964201e-07,1.0027755394395203e+20,0.0,0.0,9.976262363963394e+16,0.0,1.0069422425152021e+23,1.001445015330278e+20,3.3564741417173403e+22
751822702702.7028,2242.213745710779,277696910.60708654,0,1.1846379323708259e+22,3.3564741417173403e+22,1.0079436875305324e+23,9.98453613406521e+19,1.3305241092422547e+17,5.540829056025895e+22,4.126466533096272e-07,1.0027755394395203e+20,0.0,0.0,9.976262363963394e+16,0.0,1.0069422425152021e+23,1.001445015330278e+20,3.3564741417173403e+22
754981621621.6217,2239.870105986875,277615130.426441,0,1.1846379323708259e+22,3.3564741417173403e+22,1.0079436875305324e+23,9.98453613406521e+19,1.3305241092422547e+17,5.540829056025895e+22,3.1989208104480843e-07,1.0027755394395203e+20,0.0,0.0,9.976262363963394e+16,0.0,1.0069422425152021e+23,1.001445015330278e+20,3.3564741417173403e+22
758140540540.5406,2237.5264662629706,277533436.05737644,0,1.1846379323708259e+22,3.3564741417173403e+22,1.0079436875305324e+23,9.98453613406521e+19,1.3305241092422547e+17,5.540829056025895e+22,2.4798684951019054e-07,1.0027755394395203e+20,0.0,0.0,9.976262363963394e+16,0.0,1.0069422425152021e+23,1.001445015330278e+20,3.3564741417173403e+22
761299459459.4595,2235.1828265390664,277451827.78124404,0,1.1846379323708259e+22,3.3564741417173403e+22,1.0079436875305324e+23,9.98453613406521e+19,1.3305241092422547e+17,5.540829056025895e+22,1.922444510946669e-07,1.0027755394395203e+20,0.0,0.0,9.976262363963394e+16,0.0,1.0069422425152021e+23,1.001445015330278e+20,3.3564741417173403e+22
764458378378.3784,2232.839186815162,277370305.8789004,0,1.1846379323708259e+22,3.3564741417173403e+22,1.0079436875305324e+23,9.98453613406521e+19,1.3305241092422547e+17,5.540829056025895e+22,1.490318097499402e-07,1.0027755394395203e+20,0.0,0.0,9.976262363963394e+16,0.0,1.0069422425152021e+23,1.001445015330278e+20,3.3564741417173403e+22
767617297297.2974,2230.495547091258,277288870.63071126,0,1.1846379323708259e+22,3.3564741417173403e+22,1.0079436875305324e+23,9.98453613406521e+19,1.3305241092422547e+17,5.540829056025895e+22,1.155324910075312e-07,1.0027755394395203e+20,0.0,0.0,9.976262363963394e+16,0.0,1.0069422425152021e+23,1.001445015330278e+20,3.3564741417173403e+22
770776216216.2163,2228.1519073673535,277207522.31655645,0,1.1846379323708259e+22,3.3564741417173403e+22,1.0079436875305324e+23,9.98453613406521e+19,1.3305241092422547e+17,5.540829056025895e+22,8.956313756641227e-08,1.0027755394395203e+20,0.0,0.0,9.976262363963394e+16,0.0,1.0069422425152021e+23,1.001445015330278e+20,3.3564741417173403e+22
773935135135.1353,2225.808267643449,277126261.21583444,0,1.1846379323708259e+22,3.3564741417173403e+22,1.0079436875305324e+23,9.98453613406521e+19,1.3305241092422547e+17,5.540829056025895e+22,6.943116642587745e-08,1.0027755394395203e+20,0.0,0.0,9.976262363963394e+16,0.0,1.0069422425152021e+23,1.001445015330278e+20,3.3564741417173403e+22
777094054054.0541,2223.464627919545,277045087.6074667,0,1.1846379323708259e+22,3.3564741417173403e+22,1.0079436875305324e+23,9.98453613406521e+19,1.3305241092422547e+17,5.540829056025895e+22,5.382445280775574e-08,1.0027755394395203e+20,0.0,0.0,9.976262363963394e+16,0.0,1.0069422425152021e+23,1.001445015330278e+20,3.3564741417173403e+22
780252972972.973,2221.1209881956406,276964001.7699026,0,1.1846379323708259e+22,3.3564741417173403e+22,1.0079436875305324e+23,9.98453613406521e+19,1.3305241092422547e+17,5.540829056025895e+22,4.1725810888502765e-08,1.0027755394395203e+20,0.0,0.0,9.976262363963394e+16,0.0,1.0069422425152021e+23,1.001445015330278e+20,3.3564741417173403e+22
783411891891.892,2218.7773484717363,276883003.98112404,0,1.1846379323708259e+22,3.3564741417173403e+22,1.0079436875305324e+23,9.98453613406521e+19,1.3305241092422547e+17,5.540829056025895e+22,3.234669752280739e-08,1.0027755394395203e+20,0.0,0.0,9.976262363963394e+16,0.0,1.0069422425152021e+23,1.001445015330278e+20,3.3564741417173403e+22
786570810810.8108,2216.433708747832,276802094.5186504,0,1.1846379323708259e+22,3.3564741417173403e+22,1.0079436875305324e+23,9.98453613406521e+19,1.3305241092422547e+17,5.540829056025895e+22,2.5075818021317262e-08,1.0027755394395203e+20,0.0,0.0,9.976262363963394e+16,0.0,1.0069422425152021e+23,1.001445015330278e+20,3.3564741417173403e+22
789729729729.7299,2214.0900690239278,276721273.6595429,0,1.1846379323708259e+22,3.3564741417173403e+22,1.0079436875305324e+23,9.98453613406521e+19,1.3305241092422547e+17,5.540829056025895e+22,1.9439284303903365e-08,1.0027755394395203e+20,0.0,0.0,9.976262363963394e+16,0.0,1.0069422425152021e+23,1.001445015330278e+20,3.3564741417173403e+22
792888648648.6487,2211.7464293000235,276640541.68040997,0,1.1846379323708259e+22,3.3564741417173403e+22,1.0079436875305324e+23,9.98453613406521e+19,1.3305241092422547e+17,5.540829056025895e+22,1.506972868947838e-08,1.0027755394395203e+20,0.0,0.0,9.976262363963394e+16,0.0,1.0069422425152021e+23,1.001445015330278e+20,3.3564741417173403e+22
796047567567.5676,2209.402789576119,276559898.8574116,0,1.1846379323708259e+22,3.3564741417173403e+22,1.0079436875305324e+23,9.98453613406521e+19,1.3305241092422547e+17,5.540829056025895e+22,1.1682360277476228e-08,1.0027755394395203e+20,0.0,0.0,9.976262363963394e+16,0.0,1.0069422425152021e+23,1.001445015330278e+20,3.3564741417173403e+22
799206486486.4866,2207.059149852215,276479345.466265,0,1.1846379323708259e+22,3.3564741417173403e+22,1.0079436875305324e+23,9.98453613406521e+19,1.3305241092422547e+17,5.540829056025895e+22,9.056403367636105e-09,1.0027755394395203e+20,0.0,0.0,9.976262363963394e+16,0.0,1.0069422425152021e+23,1.001445015330278e+20,3.3564741417173403e+22
802365405405.4054,2204.7155101283106,276398881.7822486,0,1.1846379323708259e+22,3.3564741417173403e+22,1.0079436875305324e+23,9.98453613406521e+19,1.3305241092422547e+17,5.540829056025895e+22,7.0207081453790995e-09,1.0027755394395203e+20,0.0,0.0,9.976262363963394e+16,0.0,1.0069422425152021e+23,1.001445015330278e+20,3.3564741417173403e+22
805524324324.3245,2202.3718704044063,276318508.08020806,0,1.1846379323708259e+22,3.3564741417173403e+22,1.0079436875305324e+23,9.98453613406521e+19,1.3305241092422547e+17,5.540829056025895e+22,5.442595792357929e-09,1.0027755394395203e+20,0.0,0.0,9.976262363963394e+16,0.0,1.0069422425152021e+23,1.001445015330278e+20,3.3564741417173403e+22
808683243243.2433,2200.028230680502,276238224.63456076,0,1.1846379323708259e+22,3.3564741417173403e+22,1.0079436875305324e+23,9.98453613406521e+19,1.3305241092422547e+17,5.540829056025895e+22,4.219210989206093e-09,1.0027755394395203e+20,0.0,0.0,9.976262363963394e+16,0.0,1.0069422425152021e+23,1.001445015330278e+20,3.3564741417173403e+22
811842162162.1622,2197.6845909565977,276158031.71930087,0,1.1846379323708259e+22,3.3564741417173403e+22,1.0079436875305324e+23,9.98453613406521e+19,1.3305241092422547e+17,5.540829056025895e+22,3.2708181997335324e-09,1.0027755394395203e+20,0.0,0.0,9.976262363963394e+16,0.0,1.0069422425152021e+23,1.001445015330278e+20,3.3564741417173403e+22
815001081081.0812,2195.3409512326934,276077929.6080051,0,1.1846379323708259e+22,3.3564741417173403e+22,1.0079436875305324e+23,9.98453613406521e+19,1.3305241092422547e+17,5.540829056025895e+22,2.53560481404632e-09,1.0027755394395203e+20,0.0,0.0,9.976262363963394e+16,0.0,1.0069422425152021e+23,1.001445015330278e+20,3.3564741417173403e+22
818160000000.0,2192.997311508789,275997918.5738371,0,1.1846379323708259e+22,3.3564741417173403e+22,1.0079436875305324e+23,9.98453613406521e+19,1.3305241092422547e+17,5.540829056025895e+22,1.9656524393617034e-09,1.0027755394395203e+20,0.0,0.0,9.976262363963394e+16,0.0,1.0069422425152021e+23,1.001445015330278e+20,3.3564741417173403e+22
821318918918.9191,2190.653671784885,275917998.88955337,0,1.1846379323708259e+22,3.3564741417173403e+22,1.0079436875305324e+23,9.98453613406521e+19,1.3305241092422547e+17,5.540829056025895e+22,1.523813762682828e-09,1.0027755394395203e+20,0.0,0.0,9.976262363963394e+16,0.0,1.0069422425152021e+23,1.001445015330278e+20,3.3564741417173403e+22
824477837837.8379,2188.3100320609806,275838170.8275081,0,1.1846379323708259e+22,3.3564741417173403e+22,1.0079436875305324e+23,9.98453613406521e+19,1.3305241092422547e+17,5.540829056025895e+22,1.1812914312031747e-09,1.0027755394395203e+20,0.0,0.0,9.976262363963394e+16,0.0,1.0069422425152021e+23,1.001445015330278e+20,3.3564741417173403e+22
827636756756.7567,2185.9663923370763,275758434.6596589,0,1.1846379323708259e+22,3.3564741417173403e+22,1.0079436875305324e+23,9.98453613406521e+19,1.3305241092422547e+17,5.540829056025895e+22,9.157611511377972e-10,1.0027755394395203e+20,0.0,0.0,9.976262363963394e+16,0.0,1.0069422425152021e+23,1.001445015330278e+20,3.3564741417173403e+22
830795675675.6758,2183.622752613172,275678790.65757185,0,1.1846379323708259e+22,3.3564741417173403e+22,1.0079436875305324e+23,9.98453613406521e+19,1.3305241092422547e+17,5.540829056025895e+22,7.099166757512748e-10,1.0027755394395203e+20,0.0,0.0,9.976262363963394e+16,0.0,1.0069422425152021e+23,1.001445015330278e+20,3.3564741417173403e+22
833954594594.5946,2181.2791128892677,275599239.09242713,0,1.1846379323708259e+22,3.3564741417173403e+22,1.0079436875305324e+23,9.98453613406521e+19,1.3305241092422547e+17,5.540829056025895e+22,5.503418504743985e-10,1.0027755394395203e+20,0.0,0.0,9.976262363963394e+16,0.0,1.0069422425152021e+23,1.001445015330278e+20,3.3564741417173403e+22
837113513513.5137,2178.9354731653634,275519780.23502445,0,1.1846379323708259e+22,3.3564741417173403e+22,1.0079436875305324e+23,9.98453613406521e+19,1.3305241092422547e+17,5.540829056025895e+22,4.266361993301033e-10,1.0027755394395203e+20,0.0,0.0,9.976262363963394e+16,0.0,1.0069422425152021e+23,1.001445015330278e+20,3.3564741417173403e+22
840272432432.4325,2176.591833441459,275440414.35578847,0,1.1846379323708259e+22,3.3564741417173403e+22,1.0079436875305324e+23,9.98453613406521e+19,1.3305241092422547e+17,5.540829056025895e+22,3.3073706174068804e-10,1.0027755394395203e+20,0.0,0.0,9.976262363963394e+16,0.0,1.0069422425152021e+23,1.001445015330278e+20,3.3564741417173403e+22
843431351351.3513,2174.248193717555,275361141.7247745,0,1.1846379323708259e+22,3.3564741417173403e+22,1.0079436875305324e+23,9.98453613406521e+19,1.3305241092422547e+17,5.540829056025895e+22,2.563940991894763e-10,1.0027755394395203e+20,0.0,0.0,9.976262363963394e+16,0.0,1.0069422425152021e+23,1.001445015330278e+20,3.3564741417173403e+22
846590270270.2704,2171.9045539936506,275281962.61167395,0,1.1846379323708259e+22,3.3564741417173403e+22,1.0079436875305324e+23,9.98453613406521e+19,1.3305241092422547e+17,5.540829056025895e+22,1.9876192209364295e-10,1.0027755394395203e+20,0.0,0.0,9.976262363963394e+16,0.0,1.0069422425152021e+23,1.001445015330278e+20,3.3564741417173403e+22
849749189189.1892,2169.5609142697463,275202877.2858203,0,1.1846379323708259e+22,3.3564741417173403e+22,1.0079436875305324e+23,9.98453613406521e+19,1.3305241092422547e+17,5.540829056025895e+22,1.540842858679211e-10,1.0027755394395203e+20,0.0,0.0,9.976262363963394e+16,0.0,1.0069422425152021e+23,1.001445015330278e+20,3.3564741417173403e+22
852908108108.1082,2167.217274545842,275123886.01619434,0,1.1846379323708259e+22,3.3564741417173403e+22,1.0079436875305324e+23,9.98453613406521e+19,1.3305241092422547e+17,5.540829056025895e+22,1.1944927328807805e-10,1.0027755394395203e+20,0.0,0.0,9.976262363963394e+16,0.0,1.0069422425152021e+23,1.001445015330278e+20,3.3564741417173403e+22
856067027027.0271,2164.8736348219377,275044989.0714302,0,1.1846379323708259e+22,3.3564741417173403e+22,1.0079436875305324e+23,9.98453613406521e+19,1.3305241092422547e+17,5.540829056025895e+22,9.259950687820559e-11,1.0027755394395203e+20,0.0,0.0,9.976262363963394e+16,0.0,1.0069422425152021e+23,1.001445015330278e+20,3.3564741417173403e+22
859225945945.9459,2162.5299950980334,274966186.7198212,0,1.1846379323708259e+22,3.3564741417173403e+22,1.0079436875305324e+23,9.98453613406521e+19,1.3305241092422547e+17,5.540829056025895e+22,7.178502169207135e-11,1.0027755394395203e+20,0.0,0.0,9.976262363963394e+16,0.0,1.0069422425152021e+23,1.001445015330278e+20,3.3564741417173403e+22
862384864864.865,2160.186355374129,274887479.22932535,0,1.1846379323708259e+22,3.3564741417173403e+22,1.0079436875305324e+23,9.98453613406521e+19,1.3305241092422547e+17,5.540829056025895e+22,5.564920929988232e-11,1.0027755394395203e+20,0.0,0.0,9.976262363963394e+16,0.0,1.0069422425152021e+23,1.001445015330278e+20,3.3564741417173403e+22
865543783783.7838,2157.842715650225,274808866.86757165,0,1.1846379323708259e+22,3.3564741417173403e+22,1.0079436875305324e+23,9.98453613406521e+19,1.3305241092422547e+17,5.540829056025895e+22,4.3140399246325704e-11,1.0027755394395203e+20,0.0,0.0,9.976262363963394e+16,0.0,1.0069422425152021e+23,1.001445015330278e+20,3.3564741417173403e+22
868702702702.7028,2155.4990759263205,274730349.9018656,0,1.1846379323708259e+22,3.3564741417173403e+22,1.0079436875305324e+23,9.98453613406521e+19,1.3305241092422547e+17,5.540829056025895e+22,3.344331519794505e-11,1.0027755394395203e+20,0.0,0.0,9.976262363963394e+16,0.0,1.0069422425152021e+23,1.001445015330278e+20,3.3564741417173403e+22
871861621621.6217,2153.1554362024162,274651928.5991956,0,1.1846379323708259e+22,3.3564741417173403e+22,1.0079436875305324e+23,9.98453613406521e+19,1.3305241092422547e+17,5.540829056025895e+22,2.592593835404436e-11,1.0027755394395203e+20,0.0,0.0,9.976262363963394e+16,0.0,1.0069422425152021e+23,1.001445015330278e+20,3.3564741417173403e+22
875020540540.5405,2150.811796478512,274573603.22623837,0,1.1846379323708259e+22,3.3564741417173403e+22,1.0079436875305324e+23,9.98453613406521e+19,1.3305241092422547e+17,5.540829056025895e+22,2.0098314881743827e-11,1.0027755394395203e+20,0.0,0.0,9.976262363963394e+16,0.0,1.0069422425152021e+23,1.001445015330278e+20,3.3564741417173403e+22
878179459459.4596,2148.4681567546077,274495374.0493656,0,1.1846379323708259e+22,3.3564741417173403e+22,1.0079436875305324e+23,9.98453613406521e+19,1.3305241092422547e+17,5.540829056025895e+22,1.558062260156195e-11,1.0027755394395203e+20,0.0,0.0,9.976262363963394e+16,0.0,1.0069422425152021e+23,1.001445015330278e+20,3.3564741417173403e+22
881338378378.3784,2146.1245170307034,274417241.3346497,0,1.1846379323708259e+22,3.3564741417173403e+22,1.0079436875305324e+23,9.98453613406521e+19,1.3305241092422547e+17,5.540829056025895e+22,1.2078415632387604e-11,1.0027755394395203e+20,0.0,0.0,9.976262363963394e+16,0.0,1.0069422425152021e+23,1.001445015330278e+20,3.3564741417173403e+22
884497297297.2974,2143.780877306799,274339205.34787,0,1.1846379323708259e+22,3.3564741417173403e+22,1.0079436875305324e+23,9.98453613406521e+19,1.3305241092422547e+17,5.540829056025895e+22,9.363433536608483e-12,1.0027755394395203e+20,0.0,0.0,9.976262363963394e+16,0.0,1.0069422425152021e+23,1.001445015330278e+20,3.3564741417173403e+22
887656216216.2163,2141.437237582895,274261266.35451895,0,1.1846379323708259e+22,3.3564741417173403e+22,1.0079436875305324e+23,9.98453613406521e+19,1.3305241092422547e+17,5.540829056025895e+22,7.2587241789719294e-12,1.0027755394395203e+20,0.0,0.0,9.976262363963394e+16,0.0,1.0069422425152021e+23,1.001445015330278e+20,3.3564741417173403e+22
890815135135.1351,2139.0935978589905,274183424.6198085,0,1.1846379323708259e+22,3.3564741417173403e+22,1.0079436875305324e+23,9.98453613406521e+19,1.3305241092422547e+17,5.540829056025895e+22,5.627110664094718e-12,1.0027755394395203e+20,0.0,0.0,9.976262363963394e+16,0.0,1.0069422425152021e+23,1.001445015330278e+20,3.3564741417173403e+22
893974054054.0541,2136.749958135086,274105680.40867597,0,1.1846379323708259e+22,3.3564741417173403e+22,1.0079436875305324e+23,9.98453613406521e+19,1.3305241092422547e+17,5.540829056025895e+22,4.362250671777585e-12,1.0027755394395203e+20,0.0,0.0,9.976262363963394e+16,0.0,1.0069422425152021e+23,1.001445015330278e+20,3.3564741417173403e+22
897132972972.973,2134.406318411182,274028033.98579097,0,1.1846379323708259e+22,3.3564741417173403e+22,1.0079436875305324e+23,9.98453613406521e+19,1.3305241092422547e+17,5.540829056025895e+22,3.3817054718410073e-12,1.0027755394395203e+20,0.0,0.0,9.976262363963394e+16,0.0,1.0069422425152021e+23,1.001445015330278e+20,3.3564741417173403e+22
900291891891.892,2132.0626786872776,273950485.6155611,0,1.1846379323708259e+22,3.3564741417173403e+22,1.0079436875305324e+23,9.98453613406521e+19,1.3305241092422547e+17,5.540829056025895e+22,2.6215668834132705e-12,1.0027755394395203e+20,0.0,0.0,9.976262363963394e+16,0.0,1.0069422425152021e+23,1.001445015330278e+20,3.3564741417173403e+22
903450810810.8109,2129.7190389633734,273873035.5621388,0,1.1846379323708259e+22,3.3564741417173403e+22,1.0079436875305324e+23,9.98453613406521e+19,1.3305241092422547e+17,5.540829056025895e+22,2.0322919844547264e-12,1.0027755394395203e+20,0.0,0.0,9.976262363963394e+16,0.0,1.0069422425152021e+23,1.001445015330278e+20,3.3564741417173403e+22
906609729729.7297,2127.375399239469,273795684.0894277,0,1.1846379323708259e+22,3.3564741417173403e+22,1.0079436875305324e+23,9.98453613406521e+19,1.3305241092422547e+17,5.540829056025895e+22,1.575474093837122e-12,1.0027755394395203e+20,0.0,0.0,9.976262363963394e+16,0.0,1.0069422425152021e+23,1.001445015330278e+20,3.3564741417173403e+22
909768648648.6487,2125.0317595155648,273718431.4610891,0,1.1846379323708259e+22,3.3564741417173403e+22,1.0079436875305324e+23,9.98453613406521e+19,1.3305241092422547e+17,5.540829056025895e+22,1.2213395709563186e-12,1.0027755394395203e+20,0.0,0.0,9.976262363963394e+16,0.0,1.0069422425152021e+23,1.001445015330278e+20,3.3564741417173403e+22
912927567567.5676,2122.6881197916605,273641277.94054836,0,1.1846379323708259e+22,3.3564741417173403e+22,1.0079436875305324e+23,9.98453613406521e+19,1.3305241092422547e+17,5.540829056025895e+22,9.468072838638363e-13,1.0027755394395203e+20,0.0,0.0,9.976262363963394e+16,0.0,1.0069422425152021e+23,1.001445015330278e+20,3.3564741417173403e+22
916086486486.4866,2120.344480067756,273564223.79100174,0,1.1846379323708259e+22,3.3564741417173403e+22,1.0079436875305324e+23,9.98453613406521e+19,1.3305241092422547e+17,5.540829056025895e+22,7.339842694818218e-13,1.0027755394395203e+20,0.0,0.0,9.976262363963394e+16,0.0,1.0069422425152021e+23,1.001445015330278e+20,3.3564741417173403e+22
919245405405.4055,2118.000840343852,273487269.27542293,0,1.1846379323708259e+22,3.3564741417173403e+22,1.0079436875305324e+23,9.98453613406521e+19,1.3305241092422547e+17,5.540829056025895e+22,5.689995387955218e-13,1.0027755394395203e+20,0.0,0.0,9.976262363963394e+16,0.0,1.0069422425152021e+23,1.001445015330278e+20,3.3564741417173403e+22
922404324324.3243,2115.6572006199476,273410414.65656954,0,1.1846379323708259e+22,3.3564741417173403e+22,1.0079436875305324e+23,9.98453613406521e+19,1.3305241092422547e+17,5.540829056025895e+22,4.411000189119652e-13,1.0027755394395203e+20,0.0,0.0,9.976262363963394e+16,0.0,1.0069422425152021e+23,1.001445015330278e+20,3.3564741417173403e+22
925563243243.2433,2113.3135608960433,273333660.19699,0,1.1846379323708259e+22,3.3564741417173403e+22,1.0079436875305324e+23,9.98453613406521e+19,1.3305241092422547e+17,5.540829056025895e+22,3.419497089505679e-13,1.0027755394395203e+20,0.0,0.0,9.976262363963394e+16,0.0,1.0069422425152021e+23,1.001445015330278e+20,3.3564741417173403e+22
928722162162.1622,2110.969921172139,273257006.15903044,0,1.1846379323708259e+22,3.3564741417173403e+22,1.0079436875305324e+23,9.98453613406521e+19,1.3305241092422547e+17,5.540829056025895e+22,2.650863714306821e-13,1.0027755394395203e+20,0.0,0.0,9.976262363963394e+16,0.0,1.0069422425152021e+23,1.001445015330278e+20,3.3564741417173403e+22
931881081081.0812,2108.6262814482347,273180452.8048411,0,1.1846379323708259e+22,3.3564741417173403e+22,1.0079436875305324e+23,9.98453613406521e+19,1.3305241092422547e+17,5.540829056025895e+22,2.0550034838147458e-13,1.0027755394395203e+20,0.0,0.0,9.976262363963394e+16,0.0,1.0069422425152021e+23,1.001445015330278e+20,3.3564741417173403e+22
935040000000.0,2106.2826417243305,273104000.3963836,0,1.1846379323708259e+22,3.3564741417173403e+22,1.0079436875305324e+23,9.98453613406521e+19,1.3305241092422547e+17,5.540829056025895e+22,1.593080510212134e-13,1.0027755394395203e+20,0.0,0.0,9.976262363963394e+16,0.0,1.0069422425152021e+23,1.001445015330278e+20,3.3564741417173403e+22
938198918918.919,2103.939002000426,273027649.19543743,0,1.1846379323708259e+22,3.3564741417173403e+22,1.0079436875305324e+23,9.98453613406521e+19,1.3305241092422547e+17,5.540829056025895e+22,1.2349884231371647e-13,1.0027755394395203e+20,0.0,0.0,9.976262363963394e+16,0.0,1.0069422425152021e+23,1.001445015330278e+20,3.3564741417173403e+22
941357837837.8379,2101.595362276522,272951399.4636074,0,1.1846379323708259e+22,3.3564741417173403e+22,1.0079436875305324e+23,9.98453613406521e+19,1.3305241092422547e+17,5.540829056025895e+22,9.573881517637335e-14,1.0027755394395203e+20,0.0,0.0,9.976262363963394e+16,0.0,1.0069422425152021e+23,1.001445015330278e+20,3.3564741417173403e+22
944516756756.7568,2099.2517225526176,272875251.46232986,0,1.1846379323708259e+22,3.3564741417173403e+22,1.0079436875305324e+23,9.98453613406521e+19,1.3305241092422547e+17,5.540829056025895e+22,7.421867735482212e-14,1.0027755394395203e+20,0.0,0.0,9.976262363963394e+16,0.0,1.0069422425152021e+23,1.001445015330278e+20,3.3564741417173403e+22
947675675675.6758,2096.9080828287133,272799205.45288056,0,1.1846379323708259e+22,3.3564741417173403e+22,1.0079436875305324e+23,9.98453613406521e+19,1.3305241092422547e+17,5.540829056025895e+22,5.753582868297878e-14,1.0027755394395203e+20,0.0,0.0,9.976262363963394e+16,0.0,1.0069422425152021e+23,1.001445015330278e+20,3.3564741417173403e+22
950834594594.5946,2094.564443104809,272723261.69638115,0,1.1846379323708259e+22,3.3564741417173403e+22,1.0079436875305324e+23,9.98453613406521e+19,1.3305241092422547e+17,5.540829056025895e+22,4.460294497584445e-14,1.0027755394395203e+20,0.0,0.0,9.976262363963394e+16,0.0,1.0069422425152021e+23,1.001445015330278e+20,3.3564741417173403e+22
953993513513.5137,2092.2208033809047,272647420.45380646,0,1.1846379323708259e+22,3.3564741417173403e+22,1.0079436875305324e+23,9.98453613406521e+19,1.3305241092422547e+17,5.540829056025895e+22,3.457711040332599e-14,1.0027755394395203e+20,0.0,0.0,9.976262363963394e+16,0.0,1.0069422425152021e+23,1.001445015330278e+20,3.3564741417173403e+22
957152432432.4325,2089.8771636570004,272571681.9859916,0,1.1846379323708259e+22,3.3564741417173403e+22,1.0079436875305324e+23,9.98453613406521e+19,1.3305241092422547e+17,5.540829056025895e+22,2.6804879464602194e-14,1.0027755394395203e+20,0.0,0.0,9.976262363963394e+16,0.0,1.0069422425152021e+23,1.001445015330278e+20,3.3564741417173403e+22
960311351351.3514,2087.533523933096,272496046.5536392,0,1.1846379323708259e+22,3.3564741417173403e+22,1.0079436875305324e+23,9.98453613406521e+19,1.3305241092422547e+17,5.540829056025895e+22,2.0779687912924596e-14,1.0027755394395203e+20,0.0,0.0,9.976262363963394e+16,0.0,1.0069422425152021e+23,1.001445015330278e+20,3.3564741417173403e+22
963470270270.2704,2085.189884209192,272420514.4173267,0,1.1846379323708259e+22,3.3564741417173403e+22,1.0079436875305324e+23,9.98453613406521e+19,1.3305241092422547e+17,5.540829056025895e+22,1.610883683803772e-14,1.0027755394395203e+20,0.0,0.0,9.976262363963394e+16,0.0,1.0069422425152021e+23,1.001445015330278e+20,3.3564741417173403e+22
966629189189.1892,2082.8462444852876,272345085.8375135,0,1.1846379323708259e+22,3.3564741417173403e+22,1.0079436875305324e+23,9.98453613406521e+19,1.3305241092422547e+17,5.540829056025895e+22,1.248789805515414e-14,1.0027755394395203e+20,0.0,0.0,9.976262363963394e+16,0.0,1.0069422425152021e+23,1.001445015330278e+20,3.3564741417173403e+22
969788108108.1083,2080.5026047613833,272269761.0745485,0,1.1846379323708259e+22,3.3564741417173403e+22,1.0079436875305324e+23,9.98453613406521e+19,1.3305241092422547e+17,5.540829056025895e+22,9.680872641759226e-15,1.0027755394395203e+20,0.0,0.0,9.976262363963394e+16,0.0,1.0069422425152021e+23,1.001445015330278e+20,3.3564741417173403e+22
972947027027.0271,2078.158965037479,272194540.3886771,0,1.1846379323708259e+22,3.3564741417173403e+22,1.0079436875305324e+23,9.98453613406521e+19,1.3305241092422547e+17,5.540829056025895e+22,7.504809431662635e-15,1.0027755394395203e+20,0.0,0.0,9.976262363963394e+16,0.0,1.0069422425152021e+23,1.001445015330278e+20,3.3564741417173403e+22
976105945945.9459,2075.8153253135747,272119424.0400491,0,1.1846379323708259e+22,3.3564741417173403e+22,1.0079436875305324e+23,9.98453613406521e+19,1.3305241092422547e+17,5.540829056025895e+22,5.817880958646458e-15,1.0027755394395203e+20,0.0,0.0,9.976262363963394e+16,0.0,1.0069422425152021e+23,1.001445015330278e+20,3.3564741417173403e+22
979264864864.865,2073.4716855896704,272044412.28872555,0,1.1846379323708259e+22,3.3564741417173403e+22,1.0079436875305324e+23,9.98453613406521e+19,1.3305241092422547e+17,5.540829056025895e+22,4.5101396853833655e-15,1.0027755394395203e+20,0.0,0.0,9.976262363963394e+16,0.0,1.0069422425152021e+23,1.001445015330278e+20,3.3564741417173403e+22
982423783783.7838,2071.128045865766,271969505.3946868,0,1.1846379323708259e+22,3.3564741417173403e+22,1.0079436875305324e+23,9.98453613406521e+19,1.3305241092422547e+17,5.540829056025895e+22,3.4963520440271126e-15,1.0027755394395203e+20,0.0,0.0,9.976262363963394e+16,0.0,1.0069422425152021e+23,1.001445015330278e+20,3.3564741417173403e+22
985582702702.7029,2068.784406141862,271894703.61783993,0,1.1846379323708259e+22,3.3564741417173403e+22,1.0079436875305324e+23,9.98453613406521e+19,1.3305241092422547e+17,5.540829056025895e+22,2.710443238685074e-15,1.0027755394395203e+20,0.0,0.0,9.976262363963394e+16,0.0,1.0069422425152021e+23,1.001445015330278e+20,3.3564741417173403e+22
988741621621.6217,2066.4407664179575,271820007.21802586,0,1.1846379323708259e+22,3.3564741417173403e+22,1.0079436875305324e+23,9.98453613406521e+19,1.3305241092422547e+17,5.540829056025895e+22,2.1011907432730663e-15,1.0027755394395203e+20,0.0,0.0,9.976262363963394e+16,0.0,1.0069422425152021e+23,1.001445015330278e+20,3.3564741417173403e+22
991900540540.5405,2064.0971266940533,271745416.45502776,0,1.1846379323708259e+22,3.3564741417173403e+22,1.0079436875305324e+23,9.98453613406521e+19,1.3305241092422547e+17,5.540829056025895e+22,1.6288858134355489e-15,1.0027755394395203e+20,0.0,0.0,9.976262363963394e+16,0.0,1.0069422425152021e+23,1.001445015330278e+20,3.3564741417173403e+22
995059459459.4596,2061.753486970149,271670931.58857787,0,1.1846379323708259e+22,3.3564741417173403e+22,1.0079436875305324e+23,9.98453613406521e+19,1.3305241092422547e+17,5.540829056025895e+22,1.2627454226637893e-15,1.0027755394395203e+20,0.0,0.0,9.976262363963394e+16,0.0,1.0069422425152021e+23,1.001445015330278e+20,3.3564741417173403e+22
998218378378.3784,2059.4098472462447,271596552.87836593,0,1.1846379323708259e+22,3.3564741417173403e+22,1.0079436875305324e+23,9.98453613406521e+19,1.3305241092422547e+17,5.540829056025895e+22,9.789059425198581e-16,1.0027755394395203e+20,0.0,0.0,9.976262363963394e+16,0.0,1.0069422425152021e+23,1.001445015330278e+20,3.3564741417173403e+22
1001377297297.2974,2057.0662075223404,271522280.58404666,0,1.1846379323708259e+22,3.3564741417173403e+22,1.0079436875305324e+23,9.98453613406521e+19,1.3305241092422547e+17,5.540829056025895e+22,7.588678027271942e-16,1.0027755394395203e+20,0.0,0.0,9.976262363963394e+16,0.0,1.0069422425152021e+23,1.001445015330278e+20,3.3564741417173403e+22
1004536216216.2163,2054.722567798436,271448114.96524715,0,1.1846379323708259e+22,3.3564741417173403e+22,1.0079436875305324e+23,9.98453613406521e+19,1.3305241092422547e+17,5.540829056025895e+22,5.882897600290309e-16,1.0027755394395203e+20,0.0,0.0,9.976262363963394e+16,0.0,1.0069422425152021e+23,1.001445015330278e+20,3.3564741417173403e+22
1007695135135.1351,2052.378928074532,271374056.28157556,0,1.1846379323708259e+22,3.3564741417173403e+22,1.0079436875305324e+23,9.98453613406521e+19,1.3305241092422547e+17,5.540829056025895e+22,4.560541908765484e-16,1.0027755394395203e+20,0.0,0.0,9.976262363963394e+16,0.0,1.0069422425152021e+23,1.001445015330278e+20,3.3564741417173403e+22
1010854054054.0542,2050.0352883506275,271300104.7926282,0,1.1846379323708259e+22,3.3564741417173403e+22,1.0079436875305324e+23,9.98453613406521e+19,1.3305241092422547e+17,5.540829056025895e+22,3.5354248730387495e-16,1.0027755394395203e+20,0.0,0.0,9.976262363963394e+16,0.0,1.0069422425152021e+23,1.001445015330278e+20,3.3564741417173403e+22
1014012972972.973,2047.6916486267232,271226260.757998,0,1.1846379323708259e+22,3.3564741417173403e+22,1.0079436875305324e+23,9.98453613406521e+19,1.3305241092422547e+17,5.540829056025895e+22,2.740733290681356e-16,1.0027755394395203e+20,0.0,0.0,9.976262363963394e+16,0.0,1.0069422425152021e+23,1.001445015330278e+20,3.3564741417173403e+22
1017171891891.892,2045.348008902819,271152524.4372819,0,1.1846379323708259e+22,3.3564741417173403e+22,1.0079436875305324e+23,9.98453613406521e+19,1.3305241092422547e+17,5.540829056025895e+22,2.124672207839254e-16,1.0027755394395203e+20,0.0,0.0,9.976262363963394e+16,0.0,1.0069422425152021e+23,1.001445015330278e+20,3.3564741417173403e+22
1020330810810.8109,2043.0043691789147,271078896.0900895,0,1.1846379323708259e+22,3.3564741417173403e+22,1.0079436875305324e+23,9.98453613406521e+19,1.3305241092422547e+17,5.540829056025895e+22,1.647089122503517e-16,1.0027755394395203e+20,0.0,0.0,9.976262363963394e+16,0.0,1.0069422425152021e+23,1.001445015330278e+20,3.3564741417173403e+22
1023489729729.7297,2040.6607294550104,271005375.9760508,0,1.1846379323708259e+22,3.3564741417173403e+22,1.0079436875305324e+23,9.98453613406521e+19,1.3305241092422547e+17,5.540829056025895e+22,1.276856998204146e-16,1.0027755394395203e+20,0.0,0.0,9.976262363963394e+16,0.0,1.0069422425152021e+23,1.001445015330278e+20,3.3564741417173403e+22
1026648648648.6488,2038.317089731106,270931964.35482407,0,1.1846379323708259e+22,3.3564741417173403e+22,1.0079436875305324e+23,9.98453613406521e+19,1.3305241092422547e+17,5.540829056025895e+22,9.898455229822703e-17,1.0027755394395203e+20,0.0,0.0,9.976262363963394e+16,0.0,1.0069422425152021e+23,1.001445015330278e+20,3.3564741417173403e+22
1029807567567.5676,2035.9734500072018,270858661.4861043,0,1.1846379323708259e+22,3.3564741417173403e+22,1.0079436875305324e+23,9.98453613406521e+19,1.3305241092422547e+17,5.540829056025895e+22,7.673483880701519e-17,1.0027755394395203e+20,0.0,0.0,9.976262363963394e+16,0.0,1.0069422425152021e+23,1.001445015330278e+20,3.3564741417173403e+22
1032966486486.4866,2033.6298102832975,270785467.6296316,0,1.1846379323708259e+22,3.3564741417173403e+22,1.0079436875305324e+23,9.98453613406521e+19,1.3305241092422547e+17,5.540829056025895e+22,5.948640823265179e-17,1.0027755394395203e+20,0.0,0.0,9.976262363963394e+16,0.0,1.0069422425152021e+23,1.001445015330278e+20,3.3564741417173403e+22
1036125405405.4055,2031.2861705593932,270712383.0451985,0,1.1846379323708259e+22,3.3564741417173403e+22,1.0079436875305324e+23,9.98453613406521e+19,1.3305241092422547e+17,5.540829056025895e+22,4.61150739277789e-17,1.0027755394395203e+20,0.0,0.0,9.976262363963394e+16,0.0,1.0069422425152021e+23,1.001445015330278e+20,3.3564741417173403e+22
1039284324324.3243,2028.942530835489,270639407.9926592,0,1.1846379323708259e+22,3.3564741417173403e+22,1.0079436875305324e+23,9.98453613406521e+19,1.3305241092422547e+17,5.540829056025895e+22,3.5749343531506634e-17,1.0027755394395203e+20,0.0,0.0,9.976262363963394e+16,0.0,1.0069422425152021e+23,1.001445015330278e+20,3.3564741417173403e+22
1042443243243.2433,2026.5988911115846,270566542.73193747,0,1.1846379323708259e+22,3.3564741417173403e+22,1.0079436875305324e+23,9.98453613406521e+19,1.3305241092422547e+17,5.540829056025895e+22,2.771361843494349e-17,1.0027755394395203e+20,0.0,0.0,9.976262363963394e+16,0.0,1.0069422425152021e+23,1.001445015330278e+20,3.3564741417173403e+22
1045602162162.1624,2024.2552513876801,270493787.5230348,0,1.1846379323708259e+22,3.3564741417173403e+22,1.0079436875305324e+23,9.98453613406521e+19,1.3305241092422547e+17,5.540829056025895e+22,2.14841608512544e-17,1.0027755394395203e+20,0.0,0.0,9.976262363963394e+16,0.0,1.0069422425152021e+23,1.001445015330278e+20,3.3564741417173403e+22
1048761081081.0812,2021.9116116637758,270421142.626039,0,1.1846379323708259e+22,3.3564741417173403e+22,1.0079436875305324e+23,9.98453613406521e+19,1.3305241092422547e+17,5.540829056025895e+22,1.6654958592508796e-17,1.0027755394395203e+20,0.0,0.0,9.976262363963394e+16,0.0,1.0069422425152021e+23,1.001445015330278e+20,3.3564741417173403e+22
1051920000000.0001,2019.5679719398715,270348608.30113274,0,1.1846379323708259e+22,3.3564741417173403e+22,1.0079436875305324e+23,9.98453613406521e+19,1.3305241092422547e+17,5.540829056025895e+22,1.2911262750203561e-17,1.0027755394395203e+20,0.0,0.0,9.976262363963394e+16,0.0,1.0069422425152021e+23,1.001445015330278e+20,3.3564741417173403e+22
1055078918918.919,2017.2243322159673,270276184.8086016,0,1.1846379323708259e+22,3.3564741417173403e+22,1.0079436875305324e+23,9.98453613406521e+19,1.3305241092422547e+17,5.540829056025895e+22,1.0009073566821957e-17,1.0027755394395203e+20,0.0,0.0,9.976262363963394e+16,0.0,1.0069422425152021e+23,1.001445015330278e+20,3.3564741417173403e+22
1058237837837.8378,2014.880692492063,270203872.408843,0,1.1846379323708259e+22,3.3564741417173403e+22,1.0079436875305324e+23,9.98453613406521e+19,1.3305241092422547e+17,5.540829056025895e+22,7.759237466101025e-18,1.0027755394395203e+20,0.0,0.0,9.976262363963394e+16,0.0,1.0069422425152021e+23,1.001445015330278e+20,3.3564741417173403e+22
1061396756756.757,2012.5370527681584,270131671.3623744,0,1.1846379323708259e+22,3.3564741417173403e+22,1.0079436875305324e+23,9.98453613406521e+19,1.3305241092422547e+17,5.540829056025895e+22,6.015118747344981e-18,1.0027755394395203e+20,0.0,0.0,9.976262363963394e+16,0.0,1.0069422425152021e+23,1.001445015330278e+20,3.3564741417173403e+22
1064555675675.6758,2010.1934130442542,270059581.9298423,0,1.1846379323708259e+22,3.3564741417173403e+22,1.0079436875305324e+23,9.98453613406521e+19,1.3305241092422547e+17,5.540829056025895e+22,4.6630424320345145e-18,1.0027755394395203e+20,0.0,0.0,9.976262363963394e+16,0.0,1.0069422425152021e+23,1.001445015330278e+20,3.3564741417173403e+22
1067714594594.5947,2007.8497733203499,269987604.3720303,0,1.1846379323708259e+22,3.3564741417173403e+22,1.0079436875305324e+23,9.98453613406521e+19,1.3305241092422547e+17,5.540829056025895e+22,3.614885364075639e-18,1.0027755394395203e+20,0.0,0.0,9.976262363963394e+16,0.0,1.0069422425152021e+23,1.001445015330278e+20,3.3564741417173403e+22
1070873513513.5135,2005.5061335964456,269915738.9498682,0,1.1846379323708259e+22,3.3564741417173403e+22,1.0079436875305324e+23,9.98453613406521e+19,1.3305241092422547e+17,5.540829056025895e+22,2.802332679976682e-18,1.0027755394395203e+20,0.0,0.0,9.976262363963394e+16,0.0,1.0069422425152021e+23,1.001445015330278e+20,3.3564741417173403e+22
1074032432432.4324,2003.1624938725413,269843985.9244405,0,1.1846379323708259e+22,3.3564741417173403e+22,1.0079436875305324e+23,9.98453613406521e+19,1.3305241092422547e+17,5.540829056025895e+22,2.1724253076759455e-18,1.0027755394395203e+20,0.0,0.0,9.976262363963394e+16,0.0,1.0069422425152021e+23,1.001445015330278e+20,3.3564741417173403e+22
1077191351351.3516,2000.8188541486368,269772345.55699533,0,1.1846379323708259e+22,3.3564741417173403e+22,1.0079436875305324e+23,9.98453613406521e+19,1.3305241092422547e+17,5.540829056025895e+22,1.6841082970456587e-18,1.0027755394395203e+20,0.0,0.0,9.976262363963394e+16,0.0,1.0069422425152021e+23,1.001445015330278e+20,3.3564741417173403e+22
1080350270270.2704,1998.4752144247325,269700818.1089529,0,1.1846379323708259e+22,3.3564741417173403e+22,1.0079436875305324e+23,9.98453613406521e+19,1.3305241092422547e+17,5.540829056025895e+22,1.3055550154735627e-18,1.0027755394395203e+20,0.0,0.0,9.976262363963394e+16,0.0,1.0069422425152021e+23,1.001445015330278e+20,3.3564741417173403e+22
1083509189189.1892,1996.1315747008282,269629403.8419145,0,1.1846379323708259e+22,3.3564741417173403e+22,1.0079436875305324e+23,9.98453613406521e+19,1.3305241092422547e+17,5.540829056025895e+22,1.0120928098378484e-18,1.0027755394395203e+20,0.0,0.0,9.976262363963394e+16,0.0,1.0069422425152021e+23,1.001445015330278e+20,3.3564741417173403e+22
1086668108108.1082,1993.787934976924,269558103.0176715,0,1.1846379323708259e+22,3.3564741417173403e+22,1.0079436875305324e+23,9.98453613406521e+19,1.3305241092422547e+17,5.540829056025895e+22,7.845949374672015e-19,1.0027755394395203e+20,0.0,0.0,9.976262363963394e+16,0.0,1.0069422425152021e+23,1.001445015330278e+20,3.3564741417173403e+22
1089827027027.027,1991.4442952530196,269486915.8982141,0,1.1846379323708259e+22,3.3564741417173403e+22,1.0079436875305324e+23,9.98453613406521e+19,1.3305241092422547e+17,5.540829056025895e+22,6.08233958304464e-19,1.0027755394395203e+20,0.0,0.0,9.976262363963394e+16,0.0,1.0069422425152021e+23,1.001445015330278e+20,3.3564741417173403e+22
1092985945945.9462,1989.100655529115,269415842.7457402,0,1.1846379323708259e+22,3.3564741417173403e+22,1.0079436875305324e+23,9.98453613406521e+19,1.3305241092422547e+17,5.540829056025895e+22,4.715153391493575e-19,1.0027755394395203e+20,0.0,0.0,9.976262363963394e+16,0.0,1.0069422425152021e+23,1.001445015330278e+20,3.3564741417173403e+22
1096144864864.865,1986.7570158052108,269344883.8226643,0,1.1846379323708259e+22,3.3564741417173403e+22,1.0079436875305324e+23,9.98453613406521e+19,1.3305241092422547e+17,5.540829056025895e+22,3.655282840058783e-19,1.0027755394395203e+20,0.0,0.0,9.976262363963394e+16,0.0,1.0069422425152021e+23,1.001445015330278e+20,3.3564741417173403e+22
1099303783783.7838,1984.4133760813065,269274039.39162695,0,1.1846379323708259e+22,3.3564741417173403e+22,1.0079436875305324e+23,9.98453613406521e+19,1.3305241092422547e+17,5.540829056025895e+22,2.8336496252555497e-19,1.0027755394395203e+20,0.0,0.0,9.976262363963394e+16,0.0,1.0069422425152021e+23,1.001445015330278e+20,3.3564741417173403e+22
1102462702702.7026,1982.0697363574022,269203309.7155031,0,1.1846379323708259e+22,3.3564741417173403e+22,1.0079436875305324e+23,9.98453613406521e+19,1.3305241092422547e+17,5.540829056025895e+22,2.196702840807194e-19,1.0027755394395203e+20,0.0,0.0,9.976262363963394e+16,0.0,1.0069422425152021e+23,1.001445015330278e+20,3.3564741417173403e+22
1105621621621.6216,1979.726096633498,269132695.05741197,0,1.1846379323708259e+22,3.3564741417173403e+22,1.0079436875305324e+23,9.98453613406521e+19,1.3305241092422547e+17,5.540829056025895e+22,1.7029287346614754e-19,1.0027755394395203e+20,0.0,0.0,9.976262363963394e+16,0.0,1.0069422425152021e+23,1.001445015330278e+20,3.3564741417173403e+22
1108780540540.5408,1977.3824569095934,269062195.68072534,0,1.1846379323708259e+22,3.3564741417173403e+22,1.0079436875305324e+23,9.98453613406521e+19,1.3305241092422547e+17,5.540829056025895e+22,1.320145001619846e-19,1.0027755394395203e+20,0.0,0.0,9.976262363963394e+16,0.0,1.0069422425152021e+23,1.001445015330278e+20,3.3564741417173403e+22
1111939459459.4595,1975.0388171856891,268991811.84907746,0,1.1846379323708259e+22,3.3564741417173403e+22,1.0079436875305324e+23,9.98453613406521e+19,1.3305241092422547e+17,5.540829056025895e+22,1.023403263935358e-19,1.0027755394395203e+20,0.0,0.0,9.976262363963394e+16,0.0,1.0069422425152021e+23,1.001445015330278e+20,3.3564741417173403e+22
1115098378378.3784,1972.6951774617849,268921543.8263737,0,1.1846379323708259e+22,3.3564741417173403e+22,1.0079436875305324e+23,9.98453613406521e+19,1.3305241092422547e+17,5.540829056025895e+22,7.933630315976034e-20,1.0027755394395203e+20,0.0,0.0,9.976262363963394e+16,0.0,1.0069422425152021e+23,1.001445015330278e+20,3.3564741417173403e+22
1118257297297.2974,1970.3515377378806,268851391.8768001,0,1.1846379323708259e+22,3.3564741417173403e+22,1.0079436875305324e+23,9.98453613406521e+19,1.3305241092422547e+17,5.540829056025895e+22,6.150311632634159e-20,1.0027755394395203e+20,0.0,0.0,9.976262363963394e+16,0.0,1.0069422425152021e+23,1.001445015330278e+20,3.3564741417173403e+22
1121416216216.2163,1968.0078980139763,268781356.26483244,0,1.1846379323708259e+22,3.3564741417173403e+22,1.0079436875305324e+23,9.98453613406521e+19,1.3305241092422547e+17,5.540829056025895e+22,4.76784670724369e-20,1.0027755394395203e+20,0.0,0.0,9.976262363963394e+16,0.0,1.0069422425152021e+23,1.001445015330278e+20,3.3564741417173403e+22
1124575135135.1353,1965.6642582900718,268711437.2552457,0,1.1846379323708259e+22,3.3564741417173403e+22,1.0079436875305324e+23,9.98453613406521e+19,1.3305241092422547e+17,5.540829056025895e+22,3.696131770486937e-20,1.0027755394395203e+20,0.0,0.0,9.976262363963394e+16,0.0,1.0069422425152021e+23,1.001445015330278e+20,3.3564741417173403e+22
1127734054054.0542,1963.3206185661675,268641635.11312324,0,1.1846379323708259e+22,3.3564741417173403e+22,1.0079436875305324e+23,9.98453613406521e+19,1.3305241092422547e+17,5.540829056025895e+22,2.865316547205143e-20,1.0027755394395203e+20,0.0,0.0,9.976262363963394e+16,0.0,1.0069422425152021e+23,1.001445015330278e+20,3.3564741417173403e+22
1130892972972.9731,1960.9769788422632,268571950.10386616,0,1.1846379323708259e+22,3.3564741417173403e+22,1.0079436875305324e+23,9.98453613406521e+19,1.3305241092422547e+17,5.540829056025895e+22,2.2212516829739517e-20,1.0027755394395203e+20,0.0,0.0,9.976262363963394e+16,0.0,1.0069422425152021e+23,1.001445015330278e+20,3.3564741417173403e+22
1134051891891.8918,1958.633339118359,268502382.4932028,0,1.1846379323708259e+22,3.3564741417173403e+22,1.0079436875305324e+23,9.98453613406521e+19,1.3305241092422547e+17,5.540829056025895e+22,1.721959496561469e-20,1.0027755394395203e+20,0.0,0.0,9.976262363963394e+16,0.0,1.0069422425152021e+23,1.001445015330278e+20,3.3564741417173403e+22
1137210810810.8108,1956.2896993944546,268432932.54719833,0,1.1846379323708259e+22,3.3564741417173403e+22,1.0079436875305324e+23,9.98453613406521e+19,1.3305241092422547e+17,5.540829056025895e+22,1.3348980354303231e-20,1.0027755394395203e+20,0.0,0.0,9.976262363963394e+16,0.0,1.0069422425152021e+23,1.001445015330278e+20,3.3564741417173403e+22
1140369729729.73,1953.94605967055,268363600.53226385,0,1.1846379323708259e+22,3.3564741417173403e+22,1.0079436875305324e+23,9.98453613406521e+19,1.3305241092422547e+17,5.540829056025895e+22,1.034840115899396e-20,1.0027755394395203e+20,0.0,0.0,9.976262363963394e+16,0.0,1.0069422425152021e+23,1.001445015330278e+20,3.3564741417173403e+22
1143528648648.6487,1951.6024199466458,268294386.7151661,0,1.1846379323708259e+22,3.3564741417173403e+22,1.0079436875305324e+23,9.98453613406521e+19,1.3305241092422547e+17,5.540829056025895e+22,8.022291119257342e-21,1.0027755394395203e+20,0.0,0.0,9.976262363963394e+16,0.0,1.0069422425152021e+23,1.001445015330278e+20,3.3564741417173403e+22
1146687567567.5676,1949.2587802227415,268225291.36303705,0,1.1846379323708259e+22,3.3564741417173403e+22,1.0079436875305324e+23,9.98453613406521e+19,1.3305241092422547e+17,5.540829056025895e+22,6.219043291164006e-21,1.0027755394395203e+20,0.0,0.0,9.976262363963394e+16,0.0,1.0069422425152021e+23,1.001445015330278e+20,3.3564741417173403e+22
1149846486486.4866,1946.9151404988372,268156314.74338326,0,1.1846379323708259e+22,3.3564741417173403e+22,1.0079436875305324e+23,9.98453613406521e+19,1.3305241092422547e+17,5.540829056025895e+22,4.821128887298781e-21,1.0027755394395203e+20,0.0,0.0,9.976262363963394e+16,0.0,1.0069422425152021e+23,1.001445015330278e+20,3.3564741417173403e+22
1153005405405.4053,1944.571500774933,268087457.1240957,0,1.1846379323708259e+22,3.3564741417173403e+22,1.0079436875305324e+23,9.98453613406521e+19,1.3305241092422547e+17,5.540829056025895e+22,3.737437200504899e-21,1.0027755394395203e+20,0.0,0.0,9.976262363963394e+16,0.0,1.0069422425152021e+23,1.001445015330278e+20,3.3564741417173403e+22
1156164324324.3245,1942.2278610510284,268018718.77345937,0,1.1846379323708259e+22,3.3564741417173403e+22,1.0079436875305324e+23,9.98453613406521e+19,1.3305241092422547e+17,5.540829056025895e+22,2.8973373569243532e-21,1.0027755394395203e+20,0.0,0.0,9.976262363963394e+16,0.0,1.0069422425152021e+23,1.001445015330278e+20,3.3564741417173403e+22
1159323243243.2434,1939.8842213271241,267950099.9601627,0,1.1846379323708259e+22,3.3564741417173403e+22,1.0079436875305324e+23,9.98453613406521e+19,1.3305241092422547e+17,5.540829056025895e+22,2.246074866139652e-21,1.0027755394395203e+20,0.0,0.0,9.976262363963394e+16,0.0,1.0069422425152021e+23,1.001445015330278e+20,3.3564741417173403e+22
1162482162162.1624,1937.5405816032198,267881600.95330757,0,1.1846379323708259e+22,3.3564741417173403e+22,1.0079436875305324e+23,9.98453613406521e+19,1.3305241092422547e+17,5.540829056025895e+22,1.741202933185379e-21,1.0027755394395203e+20,0.0,0.0,9.976262363963394e+16,0.0,1.0069422425152021e+23,1.001445015330278e+20,3.3564741417173403e+22
1165641081081.081,1935.1969418793155,267813222.02241877,0,1.1846379323708259e+22,3.3564741417173403e+22,1.0079436875305324e+23,9.98453613406521e+19,1.3305241092422547e+17,5.540829056025895e+22,1.3498159390137008e-21,1.0027755394395203e+20,0.0,0.0,9.976262363963394e+16,0.0,1.0069422425152021e+23,1.001445015330278e+20,3.3564741417173403e+22
1168800000000.0,1932.8533021554113,267744963.43745396,0,1.1846379323708259e+22,3.3564741417173403e+22,1.0079436875305324e+23,9.98453613406521e+19,1.3305241092422547e+17,5.540829056025895e+22,1.0464047782657034e-21,1.0027755394395203e+20,0.0,0.0,9.976262363963394e+16,0.0,1.0069422425152021e+23,1.001445015330278e+20,3.3564741417173403e+22
1171958918918.9192,1930.5096624315067,267676825.46881324,0,1.1846379323708259e+22,3.3564741417173403e+22,1.0079436875305324e+23,9.98453613406521e+19,1.3305241092422547e+17,5.540829056025895e+22,8.111942734780388e-22,1.0027755394395203e+20,0.0,0.0,9.976262363963394e+16,0.0,1.0069422425152021e+23,1.001445015330278e+20,3.3564741417173403e+22
1175117837837.838,1928.1660227076025,267608808.3873493,0,1.1846379323708259e+22,3.3564741417173403e+22,1.0079436875305324e+23,9.98453613406521e+19,1.3305241092422547e+17,5.540829056025895e+22,6.288543047501972e-22,1.0027755394395203e+20,0.0,0.0,9.976262363963394e+16,0.0,1.0069422425152021e+23,1.001445015330278e+20,3.3564741417173403e+22
1178276756756.7568,1925.8223829836982,267540912.46437678,0,1.1846379323708259e+22,3.3564741417173403e+22,1.0079436875305324e+23,9.98453613406521e+19,1.3305241092422547e+17,5.540829056025895e+22,4.875006512401866e-22,1.0027755394395203e+20,0.0,0.0,9.976262363963394e+16,0.0,1.0069422425152021e+23,1.001445015330278e+20,3.3564741417173403e+22
1181435675675.6758,1923.4787432597939,267473137.97168246,0,1.1846379323708259e+22,3.3564741417173403e+22,1.0079436875305324e+23,9.98453613406521e+19,1.3305241092422547e+17,5.540829056025895e+22,3.779204231638545e-22,1.0027755394395203e+20,0.0,0.0,9.976262363963394e+16,0.0,1.0069422425152021e+23,1.001445015330278e+20,3.3564741417173403e+22
1184594594594.5945,1921.1351035358896,267405485.1815352,0,1.1846379323708259e+22,3.3564741417173403e+22,1.0079436875305324e+23,9.98453613406521e+19,1.3305241092422547e+17,5.540829056025895e+22,2.929716009219832e-22,1.0027755394395203e+20,0.0,0.0,9.976262363963394e+16,0.0,1.0069422425152021e+23,1.001445015330278e+20,3.3564741417173403e+22
1187753513513.5137,1918.791463811985,267337954.3666956,0,1.1846379323708259e+22,3.3564741417173403e+22,1.0079436875305324e+23,9.98453613406521e+19,1.3305241092422547e+17,5.540829056025895e+22,2.271175456150872e-22,1.0027755394395203e+20,0.0,0.0,9.976262363963394e+16,0.0,1.0069422425152021e+23,1.001445015330278e+20,3.3564741417173403e+22
1190912432432.4326,1916.4478240880808,267270545.8004261,0,1.1846379323708259e+22,3.3564741417173403e+22,1.0079436875305324e+23,9.98453613406521e+19,1.3305241092422547e+17,5.540829056025895e+22,1.7606614212398468e-22,1.0027755394395203e+20,0.0,0.0,9.976262363963394e+16,0.0,1.0069422425152021e+23,1.001445015330278e+20,3.3564741417173403e+22
1194071351351.3513,1914.1041843641765,267203259.75650105,0,1.1846379323708259e+22,3.3564741417173403e+22,1.0079436875305324e+23,9.98453613406521e+19,1.3305241092422547e+17,5.540829056025895e+22,1.364900554841322e-22,1.0027755394395203e+20,0.0,0.0,9.976262363963394e+16,0.0,1.0069422425152021e+23,1.001445015330278e+20,3.3564741417173403e+22
1197230270270.2703,1911.7605446402722,267136096.50921625,0,1.1846379323708259e+22,3.3564741417173403e+22,1.0079436875305324e+23,9.98453613406521e+19,1.3305241092422547e+17,5.540829056025895e+22,1.0580986793555503e-22,1.0027755394395203e+20,0.0,0.0,9.976262363963394e+16,0.0,1.0069422425152021e+23,1.001445015330278e+20,3.3564741417173403e+22
1200389189189.1892,1909.416904916368,267069056.33339974,0,1.1846379323708259e+22,3.3564741417173403e+22,1.0079436875305324e+23,9.98453613406521e+19,1.3305241092422547e+17,5.540829056025895e+22,8.202596235182255e-23,1.0027755394395203e+20,0.0,0.0,9.976262363963394e+16,0.0,1.0069422425152021e+23,1.001445015330278e+20,3.3564741417173403e+22
1203548108108.1082,1907.0732651924634,267002139.50442103,0,1.1846379323708259e+22,3.3564741417173403e+22,1.0079436875305324e+23,9.98453613406521e+19,1.3305241092422547e+17,5.540829056025895e+22,6.358819485381598e-23,1.0027755394395203e+20,0.0,0.0,9.976262363963394e+16,0.0,1.0069422425152021e+23,1.001445015330278e+20,3.3564741417173403e+22
1206707027027.027,1904.729625468559,266935346.29820168,0,1.1846379323708259e+22,3.3564741417173403e+22,1.0079436875305324e+23,9.98453613406521e+19,1.3305241092422547e+17,5.540829056025895e+22,4.9294862368378264e-23,1.0027755394395203e+20,0.0,0.0,9.976262363963394e+16,0.0,1.0069422425152021e+23,1.001445015330278e+20,3.3564741417173403e+22
1209865945945.946,1902.3859857446548,266868676.9912252,0,1.1846379323708259e+22,3.3564741417173403e+22,1.0079436875305324e+23,9.98453613406521e+19,1.3305241092422547e+17,5.540829056025895e+22,3.821438022424897e-23,1.0027755394395203e+20,0.0,0.0,9.976262363963394e+16,0.0,1.0069422425152021e+23,1.001445015330278e+20,3.3564741417173403e+22
1213024864864.865,1900.0423460207505,266802131.86054716,0,1.1846379323708259e+22,3.3564741417173403e+22,1.0079436875305324e+23,9.98453613406521e+19,1.3305241092422547e+17,5.540829056025895e+22,2.9624565030944297e-23,1.0027755394395203e+20,0.0,0.0,9.976262363963394e+16,0.0,1.0069422425152021e+23,1.001445015330278e+20,3.3564741417173403e+22
1216183783783.7837,1897.6987062968462,266735711.18380544,0,1.1846379323708259e+22,3.3564741417173403e+22,1.0079436875305324e+23,9.98453613406521e+19,1.3305241092422547e+17,5.540829056025895e+22,2.296556553115982e-23,1.0027755394395203e+20,0.0,0.0,9.976262363963394e+16,0.0,1.0069422425152021e+23,1.001445015330278e+20,3.3564741417173403e+22
1219342702702.703,1895.3550665729417,266669415.23922998,0,1.1846379323708259e+22,3.3564741417173403e+22,1.0079436875305324e+23,9.98453613406521e+19,1.3305241092422547e+17,5.540829056025895e+22,1.7803373639919547e-23,1.0027755394395203e+20,0.0,0.0,9.976262363963394e+16,0.0,1.0069422425152021e+23,1.001445015330278e+20,3.3564741417173403e+22
1222501621621.6218,1893.0114268490374,266603244.3056535,0,1.1846379323708259e+22,3.3564741417173403e+22,1.0079436875305324e+23,9.98453613406521e+19,1.3305241092422547e+17,5.540829056025895e+22,1.3801537459747233e-23,1.0027755394395203e+20,0.0,0.0,9.976262363963394e+16,0.0,1.0069422425152021e+23,1.001445015330278e+20,3.3564741417173403e+22
1225660540540.5405,1890.6677871251331,266537198.66252124,0,1.1846379323708259e+22,3.3564741417173403e+22,1.0079436875305324e+23,9.98453613406521e+19,1.3305241092422547e+17,5.540829056025895e+22,1.069923263452145e-23,1.0027755394395203e+20,0.0,0.0,9.976262363963394e+16,0.0,1.0069422425152021e+23,1.001445015330278e+20,3.3564741417173403e+22
1228819459459.4595,1888.3241474012289,266471278.58990148,0,1.1846379323708259e+22,3.3564741417173403e+22,1.0079436875305324e+23,9.98453613406521e+19,1.3305241092422547e+17,5.540829056025895e+22,8.294262816840213e-24,1.0027755394395203e+20,0.0,0.0,9.976262363963394e+16,0.0,1.0069422425152021e+23,1.001445015330278e+20,3.3564741417173403e+22
1231978378378.3784,1885.9805076773246,266405484.36849537,0,1.1846379323708259e+22,3.3564741417173403e+22,1.0079436875305324e+23,9.98453613406521e+19,1.3305241092422547e+17,5.540829056025895e+22,6.429881284462338e-24,1.0027755394395203e+20,0.0,0.0,9.976262363963394e+16,0.0,1.0069422425152021e+23,1.001445015330278e+20,3.3564741417173403e+22
1235137297297.2974,1883.63686795342,266339816.27964753,0,1.1846379323708259e+22,3.3564741417173403e+22,1.0079436875305324e+23,9.98453613406521e+19,1.3305241092422547e+17,5.540829056025895e+22,4.98457478925526e-24,1.0027755394395203e+20,0.0,0.0,9.976262363963394e+16,0.0,1.0069422425152021e+23,1.001445015330278e+20,3.3564741417173403e+22
1238296216216.2163,1881.2932282295158,266274274.60535595,0,1.1846379323708259e+22,3.3564741417173403e+22,1.0079436875305324e+23,9.98453613406521e+19,1.3305241092422547e+17,5.540829056025895e+22,3.864143789049245e-24,1.0027755394395203e+20,0.0,0.0,9.976262363963394e+16,0.0,1.0069422425152021e+23,1.001445015330278e+20,3.3564741417173403e+22
1241455135135.1353,1878.9495885056115,266208859.62828267,0,1.1846379323708259e+22,3.3564741417173403e+22,1.0079436875305324e+23,9.98453613406521e+19,1.3305241092422547e+17,5.540829056025895e+22,2.995562882241108e-24,1.0027755394395203e+20,0.0,0.0,9.976262363963394e+16,0.0,1.0069422425152021e+23,1.001445015330278e+20,3.3564741417173403e+22
1244614054054.0542,1876.6059487817072,266143571.6317636,0,1.1846379323708259e+22,3.3564741417173403e+22,1.0079436875305324e+23,9.98453613406521e+19,1.3305241092422547e+17,5.540829056025895e+22,2.3222212917880366e-24,1.0027755394395203e+20,0.0,0.0,9.976262363963394e+16,0.0,1.0069422425152021e+23,1.001445015330278e+20,3.3564741417173403e+22
1247772972972.973,1874.262309057803,266078410.89981896,0,1.1846379323708259e+22,3.3564741417173403e+22,1.0079436875305324e+23,9.98453613406521e+19,1.3305241092422547e+17,5.540829056025895e+22,1.800233191566047e-24,1.0027755394395203e+20,0.0,0.0,9.976262363963394e+16,0.0,1.0069422425152021e+23,1.001445015330278e+20,3.3564741417173403e+22
1250931891891.892,1871.9186693338984,266013377.71716377,0,1.1846379323708259e+22,3.3564741417173403e+22,1.0079436875305324e+23,9.98453613406521e+19,1.3305241092422547e+17,5.540829056025895e+22,1.3955773962957392e-24,1.0027755394395203e+20,0.0,0.0,9.976262363963394e+16,0.0,1.0069422425152021e+23,1.001445015330278e+20,3.3564741417173403e+22
1254090810810.811,1869.575029609994,265948472.36921772,0,1.1846379323708259e+22,3.3564741417173403e+22,1.0079436875305324e+23,9.98453613406521e+19,1.3305241092422547e+17,5.540829056025895e+22,1.0818799909790129e-24,1.0027755394395203e+20,0.0,0.0,9.976262363963394e+16,0.0,1.0069422425152021e+23,1.001445015330278e+20,3.3564741417173403e+22
1257249729729.7297,1867.2313898860898,265883695.14211595,0,1.1846379323708259e+22,3.3564741417173403e+22,1.0079436875305324e+23,9.98453613406521e+19,1.3305241092422547e+17,5.540829056025895e+22,8.38695380125456e-25,1.0027755394395203e+20,0.0,0.0,9.976262363963394e+16,0.0,1.0069422425152021e+23,1.001445015330278e+20,3.3564741417173403e+22
1260408648648.6487,1864.8877501621855,265819046.32271895,0,1.1846379323708259e+22,3.3564741417173403e+22,1.0079436875305324e+23,9.98453613406521e+19,1.3305241092422547e+17,5.540829056025895e+22,6.501737221401559e-25,1.0027755394395203e+20,0.0,0.0,9.976262363963394e+16,0.0,1.0069422425152021e+23,1.001445015330278e+20,3.3564741417173403e+22
1263567567567.5676,1862.5441104382812,265754526.19862318,0,1.1846379323708259e+22,3.3564741417173403e+22,1.0079436875305324e+23,9.98453613406521e+19,1.3305241092422547e+17,5.540829056025895e+22,5.040278973497521e-25,1.0027755394395203e+20,0.0,0.0,9.976262363963394e+16,0.0,1.0069422425152021e+23,1.001445015330278e+20,3.3564741417173403e+22
1266726486486.4866,1860.2004707143767,265690135.058171,0,1.1846379323708259e+22,3.3564741417173403e+22,1.0079436875305324e+23,9.98453613406521e+19,1.3305241092422547e+17,5.540829056025895e+22,3.90732680598938e-25,1.0027755394395203e+20,0.0,0.0,9.976262363963394e+16,0.0,1.0069422425152021e+23,1.001445015330278e+20,3.3564741417173403e+22
1269885405405.4055,1857.8568309904724,265625873.19046155,0,1.1846379323708259e+22,3.3564741417173403e+22,1.0079436875305324e+23,9.98453613406521e+19,1.3305241092422547e+17,5.540829056025895e+22,3.029039235542362e-25,1.0027755394395203e+20,0.0,0.0,9.976262363963394e+16,0.0,1.0069422425152021e+23,1.001445015330278e+20,3.3564741417173403e+22
1273044324324.3245,1855.5131912665681,265561740.8853605,0,1.1846379323708259e+22,3.3564741417173403e+22,1.0079436875305324e+23,9.98453613406521e+19,1.3305241092422547e+17,5.540829056025895e+22,2.3481728419519343e-25,1.0027755394395203e+20,0.0,0.0,9.976262363963394e+16,0.0,1.0069422425152021e+23,1.001445015330278e+20,3.3564741417173403e+22
1276203243243.2432,1853.1695515426638,265497738.4335108,0,1.1846379323708259e+22,3.3564741417173403e+22,1.0079436875305324e+23,9.98453613406521e+19,1.3305241092422547e+17,5.540829056025895e+22,1.820351361243868e-25,1.0027755394395203e+20,0.0,0.0,9.976262363963394e+16,0.0,1.0069422425152021e+23,1.001445015330278e+20,3.3564741417173403e+22
1279362162162.162,1850.8259118187596,265433866.1263427,0,1.1846379323708259e+22,3.3564741417173403e+22,1.0079436875305324e+23,9.98453613406521e+19,1.3305241092422547e+17,5.540829056025895e+22,1.4111734107391709e-25,1.0027755394395203e+20,0.0,0.0,9.976262363963394e+16,0.0,1.0069422425152021e+23,1.001445015330278e+20,3.3564741417173403e+22
1282521081081.0813,1848.482272094855,265370124.2560843,0,1.1846379323708259e+22,3.3564741417173403e+22,1.0079436875305324e+23,9.98453613406521e+19,1.3305241092422547e+17,5.540829056025895e+22,1.0939703386803688e-25,1.0027755394395203e+20,0.0,0.0,9.976262363963394e+16,0.0,1.0069422425152021e+23,1.001445015330278e+20,3.3564741417173403e+22
1285680000000.0,1846.1386323709507,265306513.11577165,0,1.1846379323708259e+22,3.3564741417173403e+22,1.0079436875305324e+23,9.98453613406521e+19,1.3305241092422547e+17,5.540829056025895e+22,8.480680636446896e-26,1.0027755394395203e+20,0.0,0.0,9.976262363963394e+16,0.0,1.0069422425152021e+23,1.001445015330278e+20,3.3564741417173403e+22
1288838918918.919,1843.7949926470465,265243032.99925923,0,1.1846379323708259e+22,3.3564741417173403e+22,1.0079436875305324e+23,9.98453613406521e+19,1.3305241092422547e+17,5.540829056025895e+22,6.57439617093852e-26,1.0027755394395203e+20,0.0,0.0,9.976262363963394e+16,0.0,1.0069422425152021e+23,1.001445015330278e+20,3.3564741417173403e+22
1291997837837.838,1841.4513529231422,265179684.20123008,0,1.1846379323708259e+22,3.3564741417173403e+22,1.0079436875305324e+23,9.98453613406521e+19,1.3305241092422547e+17,5.540829056025895e+22,5.0966056694430423e-26,1.0027755394395203e+20,0.0,0.0,9.976262363963394e+16,0.0,1.0069422425152021e+23,1.001445015330278e+20,3.3564741417173403e+22
1295156756756.7568,1839.1077131992379,265116467.01720637,0,1.1846379323708259e+22,3.3564741417173403e+22,1.0079436875305324e+23,9.98453613406521e+19,1.3305241092422547e+17,5.540829056025895e+22,3.9509924066670406e-26,1.0027755394395203e+20,0.0,0.0,9.976262363963394e+16,0.0,1.0069422425152021e+23,1.001445015330278e+20,3.3564741417173403e+22
1298315675675.6758,1836.7640734753334,265053381.74355936,0,1.1846379323708259e+22,3.3564741417173403e+22,1.0079436875305324e+23,9.98453613406521e+19,1.3305241092422547e+17,5.540829056025895e+22,3.0628896975752317e-26,1.0027755394395203e+20,0.0,0.0,9.976262363963394e+16,0.0,1.0069422425152021e+23,1.001445015330278e+20,3.3564741417173403e+22
1301474594594.5947,1834.420433751429,264990428.67751992,0,1.1846379323708259e+22,3.3564741417173403e+22,1.0079436875305324e+23,9.98453613406521e+19,1.3305241092422547e+17,5.540829056025895e+22,2.3744144088159164e-26,1.0027755394395203e+20,0.0,0.0,9.976262363963394e+16,0.0,1.0069422425152021e+23,1.001445015330278e+20,3.3564741417173403e+22
1304633513513.5137,1832.0767940275248,264927608.1171886,0,1.1846379323708259e+22,3.3564741417173403e+22,1.0079436875305324e+23,9.98453613406521e+19,1.3305241092422547e+17,5.540829056025895e+22,1.8406943577680564e-26,1.0027755394395203e+20,0.0,0.0,9.976262363963394e+16,0.0,1.0069422425152021e+23,1.001445015330278e+20,3.3564741417173403e+22
1307792432432.4324,1829.7331543036205,264864920.361546,0,1.1846379323708259e+22,3.3564741417173403e+22,1.0079436875305324e+23,9.98453613406521e+19,1.3305241092422547e+17,5.540829056025895e+22,1.426943715528065e-26,1.0027755394395203e+20,0.0,0.0,9.976262363963394e+16,0.0,1.0069422425152021e+23,1.001445015330278e+20,3.3564741417173403e+22
1310951351351.3513,1827.3895145797162,264802365.710463,0,1.1846379323708259e+22,3.3564741417173403e+22,1.0079436875305324e+23,9.98453613406521e+19,1.3305241092422547e+17,5.540829056025895e+22,1.1061957998035078e-26,1.0027755394395203e+20,0.0,0.0,9.976262363963394e+16,0.0,1.0069422425152021e+23,1.001445015330278e+20,3.3564741417173403e+22
1314110270270.2705,1825.0458748558117,264739944.46471077,0,1.1846379323708259e+22,3.3564741417173403e+22,1.0079436875305324e+23,9.98453613406521e+19,1.3305241092422547e+17,5.540829056025895e+22,8.575454898374057e-27,1.0027755394395203e+20,0.0,0.0,9.976262363963394e+16,0.0,1.0069422425152021e+23,1.001445015330278e+20,3.3564741417173403e+22
1317269189189.1892,1822.7022351319074,264677656.9259712,0,1.1846379323708259e+22,3.3564741417173403e+22,1.0079436875305324e+23,9.98453613406521e+19,1.3305241092422547e+17,5.540829056025895e+22,6.647867106990476e-27,1.0027755394395203e+20,0.0,0.0,9.976262363963394e+16,0.0,1.0069422425152021e+23,1.001445015330278e+20,3.3564741417173403e+22
1320428108108.1082,1820.358595408003,264615503.39684713,0,1.1846379323708259e+22,3.3564741417173403e+22,1.0079436875305324e+23,9.98453613406521e+19,1.3305241092422547e+17,5.540829056025895e+22,5.153561833855056e-27,1.0027755394395203e+20,0.0,0.0,9.976262363963394e+16,0.0,1.0069422425152021e+23,1.001445015330278e+20,3.3564741417173403e+22
1323587027027.027,1818.0149556840988,264553484.18087196,0,1.1846379323708259e+22,3.3564741417173403e+22,1.0079436875305324e+23,9.98453613406521e+19,1.3305241092422547e+17,5.540829056025895e+22,3.9951459841066186e-27,1.0027755394395203e+20,0.0,0.0,9.976262363963394e+16,0.0,1.0069422425152021e+23,1.001445015330278e+20,3.3564741417173403e+22
1326745945945.946,1815.6713159601945,264491599.58252054,0,1.1846379323708259e+22,3.3564741417173403e+22,1.0079436875305324e+23,9.98453613406521e+19,1.3305241092422547e+17,5.540829056025895e+22,3.09711844912195e-27,1.0027755394395203e+20,0.0,0.0,9.976262363963394e+16,0.0,1.0069422425152021e+23,1.001445015330278e+20,3.3564741417173403e+22
1329904864864.865,1813.32767623629,264429849.90721855,0,1.1846379323708259e+22,3.3564741417173403e+22,1.0079436875305324e+23,9.98453613406521e+19,1.3305241092422547e+17,5.540829056025895e+22,2.4009492334074283e-27,1.0027755394395203e+20,0.0,0.0,9.976262363963394e+16,0.0,1.0069422425152021e+23,1.001445015330278e+20,3.3564741417173403e+22
1333063783783.784,1810.9840365123857,264368235.461353,0,1.1846379323708259e+22,3.3564741417173403e+22,1.0079436875305324e+23,9.98453613406521e+19,1.3305241092422547e+17,5.540829056025895e+22,1.8612646936490278e-27,1.0027755394395203e+20,0.0,0.0,9.976262363963394e+16,0.0,1.0069422425152021e+23,1.001445015330278e+20,3.3564741417173403e+22
1336222702702.703,1808.6403967884814,264306756.55228204,0,1.1846379323708259e+22,3.3564741417173403e+22,1.0079436875305324e+23,9.98453613406521e+19,1.3305241092422547e+17,5.540829056025895e+22,1.4428902584116133e-27,1.0027755394395203e+20,0.0,0.0,9.976262363963394e+16,0.0,1.0069422425152021e+23,1.001445015330278e+20,3.3564741417173403e+22
1339381621621.6216,1806.2967570645772,264245413.4883451,0,1.1846379323708259e+22,3.3564741417173403e+22,1.0079436875305324e+23,9.98453613406521e+19,1.3305241092422547e+17,5.540829056025895e+22,1.1185578842832308e-27,1.0027755394395203e+20,0.0,0.0,9.976262363963394e+16,0.0,1.0069422425152021e+23,1.001445015330278e+20,3.3564741417173403e+22
1342540540540.5405,1803.9531173406729,264184206.57887265,0,1.1846379323708259e+22,3.3564741417173403e+22,1.0079436875305324e+23,9.98453613406521e+19,1.3305241092422547e+17,5.540829056025895e+22,8.67128829235782e-28,1.0027755394395203e+20,0.0,0.0,9.976262363963394e+16,0.0,1.0069422425152021e+23,1.001445015330278e+20,3.3564741417173403e+22
1345699459459.4597,1801.6094776167683,264123136.13419634,0,1.1846379323708259e+22,3.3564741417173403e+22,1.0079436875305324e+23,9.98453613406521e+19,1.3305241092422547e+17,5.540829056025895e+22,6.722159103761018e-28,1.0027755394395203e+20,0.0,0.0,9.976262363963394e+16,0.0,1.0069422425152021e+23,1.001445015330278e+20,3.3564741417173403e+22
1348858378378.3784,1799.265837892864,264062202.46565858,0,1.1846379323708259e+22,3.3564741417173403e+22,1.0079436875305324e+23,9.98453613406521e+19,1.3305241092422547e+17,5.540829056025895e+22,5.211154501240802e-28,1.0027755394395203e+20,0.0,0.0,9.976262363963394e+16,0.0,1.0069422425152021e+23,1.001445015330278e+20,3.3564741417173403e+22
1352017297297.2974,1796.9221981689598,264001405.88562262,0,1.1846379323708259e+22,3.3564741417173403e+22,1.0079436875305324e+23,9.98453613406521e+19,1.3305241092422547e+17,5.540829056025895e+22,4.039792991601246e-28,1.0027755394395203e+20,0.0,0.0,9.976262363963394e+16,0.0,1.0069422425152021e+23,1.001445015330278e+20,3.3564741417173403e+22
1355176216216.2163,1794.5785584450555,263940746.70748225,0,1.1846379323708259e+22,3.3564741417173403e+22,1.0079436875305324e+23,9.98453613406521e+19,1.3305241092422547e+17,5.540829056025895e+22,3.131729717686299e-28,1.0027755394395203e+20,0.0,0.0,9.976262363963394e+16,0.0,1.0069422425152021e+23,1.001445015330278e+20,3.3564741417173403e+22
1358335135135.1353,1792.234918721151,263880225.24567154,0,1.1846379323708259e+22,3.3564741417173403e+22,1.0079436875305324e+23,9.98453613406521e+19,1.3305241092422547e+17,5.540829056025895e+22,2.427780592973412e-28,1.0027755394395203e+20,0.0,0.0,9.976262363963394e+16,0.0,1.0069422425152021e+23,1.001445015330278e+20,3.3564741417173403e+22
1361494054054.0542,1789.8912789972467,263819841.81567442,0,1.1846379323708259e+22,3.3564741417173403e+22,1.0079436875305324e+23,9.98453613406521e+19,1.3305241092422547e+17,5.540829056025895e+22,1.8820649094752875e-28,1.0027755394395203e+20,0.0,0.0,9.976262363963394e+16,0.0,1.0069422425152021e+23,1.001445015330278e+20,3.3564741417173403e+22
1364652972972.9731,1787.5476392733424,263759596.73403445,0,1.1846379323708259e+22,3.3564741417173403e+22,1.0079436875305324e+23,9.98453613406521e+19,1.3305241092422547e+17,5.540829056025895e+22,1.459015008905714e-28,1.0027755394395203e+20,0.0,0.0,9.976262363963394e+16,0.0,1.0069422425152021e+23,1.001445015330278e+20,3.3564741417173403e+22
1367811891891.8918,1785.203999549438,263699490.31836408,0,1.1846379323708259e+22,3.3564741417173403e+22,1.0079436875305324e+23,9.98453613406521e+19,1.3305241092422547e+17,5.540829056025895e+22,1.131058118928332e-28,1.0027755394395203e+20,0.0,0.0,9.976262363963394e+16,0.0,1.0069422425152021e+23,1.001445015330278e+20,3.3564741417173403e+22
1370970810810.8108,1782.8603598255338,263639522.88735476,0,1.1846379323708259e+22,3.3564741417173403e+22,1.0079436875305324e+23,9.98453613406521e+19,1.3305241092422547e+17,5.540829056025895e+22,8.768192654530594e-29,1.0027755394395203e+20,0.0,0.0,9.976262363963394e+16,0.0,1.0069422425152021e+23,1.001445015330278e+20,3.3564741417173403e+22
1374129729729.73,1780.5167201016293,263579694.76078567,0,1.1846379323708259e+22,3.3564741417173403e+22,1.0079436875305324e+23,9.98453613406521e+19,1.3305241092422547e+17,5.540829056025895e+22,6.797281336860793e-29,1.0027755394395203e+20,0.0,0.0,9.976262363963394e+16,0.0,1.0069422425152021e+23,1.001445015330278e+20,3.3564741417173403e+22
1377288648648.649,1778.173080377725,263520006.25953358,0,1.1846379323708259e+22,3.3564741417173403e+22,1.0079436875305324e+23,9.98453613406521e+19,1.3305241092422547e+17,5.540829056025895e+22,5.269390784720336e-29,1.0027755394395203e+20,0.0,0.0,9.976262363963394e+16,0.0,1.0069422425152021e+23,1.001445015330278e+20,3.3564741417173403e+22
1380447567567.5676,1775.8294406538207,263460457.705582,0,1.1846379323708259e+22,3.3564741417173403e+22,1.0079436875305324e+23,9.98453613406521e+19,1.3305241092422547e+17,5.540829056025895e+22,4.0849389433863073e-29,1.0027755394395203e+20,0.0,0.0,9.976262363963394e+16,0.0,1.0069422425152021e+23,1.001445015330278e+20,3.3564741417173403e+22
1383606486486.4866,1773.4858009299164,263401049.42203027,0,1.1846379323708259e+22,3.3564741417173403e+22,1.0079436875305324e+23,9.98453613406521e+19,1.3305241092422547e+17,5.540829056025895e+22,3.1667277780157394e-29,1.0027755394395203e+20,0.0,0.0,9.976262363963394e+16,0.0,1.0069422425152021e+23,1.001445015330278e+20,3.3564741417173403e+22
1386765405405.4055,1771.1421612060121,263341781.733103,0,1.1846379323708259e+22,3.3564741417173403e+22,1.0079436875305324e+23,9.98453613406521e+19,1.3305241092422547e+17,5.540829056025895e+22,2.4549118013850694e-29,1.0027755394395203e+20,0.0,0.0,9.976262363963394e+16,0.0,1.0069422425152021e+23,1.001445015330278e+20,3.3564741417173403e+22
1389924324324.3245,1768.7985214821076,263282654.96415892,0,1.1846379323708259e+22,3.3564741417173403e+22,1.0079436875305324e+23,9.98453613406521e+19,1.3305241092422547e+17,5.540829056025895e+22,1.9030975742272132e-29,1.0027755394395203e+20,0.0,0.0,9.976262363963394e+16,0.0,1.0069422425152021e+23,1.001445015330278e+20,3.3564741417173403e+22
1393083243243.2434,1766.4548817582033,263223669.44169998,0,1.1846379323708259e+22,3.3564741417173403e+22,1.0079436875305324e+23,9.98453613406521e+19,1.3305241092422547e+17,5.540829056025895e+22,1.4753199585362222e-29,1.0027755394395203e+20,0.0,0.0,9.976262363963394e+16,0.0,1.0069422425152021e+23,1.001445015330278e+20,3.3564741417173403e+22
1396242162162.1624,1764.111242034299,263164825.49338025,0,1.1846379323708259e+22,3.3564741417173403e+22,1.0079436875305324e+23,9.98453613406521e+19,1.3305241092422547e+17,5.540829056025895e+22,1.1436980476101734e-29,1.0027755394395203e+20,0.0,0.0,9.976262363963394e+16,0.0,1.0069422425152021e+23,1.001445015330278e+20,3.3564741417173403e+22
1399401081081.081,1761.7676023103948,263106123.44801465,0,1.1846379323708259e+22,3.3564741417173403e+22,1.0079436875305324e+23,9.98453613406521e+19,1.3305241092422547e+17,5.540829056025895e+22,8.866179953297276e-30,1.0027755394395203e+20,0.0,0.0,9.976262363963394e+16,0.0,1.0069422425152021e+23,1.001445015330278e+20,3.3564741417173403e+22
1402560000000.0,1759.4239625864905,263047563.63558775,0,1.1846379323708259e+22,3.3564741417173403e+22,1.0079436875305324e+23,9.98453613406521e+19,1.3305241092422547e+17,5.540829056025895e+22,6.873243084440783e-30,1.0027755394395203e+20,0.0,0.0,9.976262363963394e+16,0.0,1.0069422425152021e+23,1.001445015330278e+20,3.3564741417173403e+22
1405718918918.9192,1757.080322862586,262989146.38726246,0,1.1846379323708259e+22,3.3564741417173403e+22,1.0079436875305324e+23,9.98453613406521e+19,1.3305241092422547e+17,5.540829056025895e+22,5.328277876905063e-30,1.0027755394395203e+20,0.0,0.0,9.976262363963394e+16,0.0,1.0069422425152021e+23,1.001445015330278e+20,3.3564741417173403e+22
1408877837837.838,1754.7366831386817,262930872.0353883,0,1.1846379323708259e+22,3.3564741417173403e+22,1.0079436875305324e+23,9.98453613406521e+19,1.3305241092422547e+17,5.540829056025895e+22,4.130589415320501e-30,1.0027755394395203e+20,0.0,0.0,9.976262363963394e+16,0.0,1.0069422425152021e+23,1.001445015330278e+20,3.3564741417173403e+22
1412036756756.7568,1752.3930434147774,262872740.91351023,0,1.1846379323708259e+22,3.3564741417173403e+22,1.0079436875305324e+23,9.98453613406521e+19,1.3305241092422547e+17,5.540829056025895e+22,3.202116952629376e-30,1.0027755394395203e+20,0.0,0.0,9.976262363963394e+16,0.0,1.0069422425152021e+23,1.001445015330278e+20,3.3564741417173403e+22
1415195675675.6758,1750.049403690873,262814753.35637656,0,1.1846379323708259e+22,3.3564741417173403e+22,1.0079436875305324e+23,9.98453613406521e+19,1.3305241092422547e+17,5.540829056025895e+22,2.4823462095471535e-30,1.0027755394395203e+20,0.0,0.0,9.976262363963394e+16,0.0,1.0069422425152021e+23,1.001445015330278e+20,3.3564741417173403e+22
1418354594594.5947,1747.7057639669688,262756909.69994742,0,1.1846379323708259e+22,3.3564741417173403e+22,1.0079436875305324e+23,9.98453613406521e+19,1.3305241092422547e+17,5.540829056025895e+22,1.924365285594344e-30,1.0027755394395203e+20,0.0,0.0,9.976262363963394e+16,0.0,1.0069422425152021e+23,1.001445015330278e+20,3.3564741417173403e+22
1421513513513.5137,1745.3621242430643,262699210.28140253,0,1.1846379323708259e+22,3.3564741417173403e+22,1.0079436875305324e+23,9.98453613406521e+19,1.3305241092422547e+17,5.540829056025895e+22,1.4918071210849196e-30,1.0027755394395203e+20,0.0,0.0,9.976262363963394e+16,0.0,1.0069422425152021e+23,1.001445015330278e+20,3.3564741417173403e+22
1424672432432.4326,1743.01848451916,262641655.4391497,0,1.1846379323708259e+22,3.3564741417173403e+22,1.0079436875305324e+23,9.98453613406521e+19,1.3305241092422547e+17,5.540829056025895e+22,1.1564792314533619e-30,1.0027755394395203e+20,0.0,0.0,9.976262363963394e+16,0.0,1.0069422425152021e+23,1.001445015330278e+20,3.3564741417173403e+22
1427831351351.3516,1740.6748447952557,262584245.512832,0,1.1846379323708259e+22,3.3564741417173403e+22,1.0079436875305324e+23,9.98453613406521e+19,1.3305241092422547e+17,5.540829056025895e+22,8.965262290813436e-31,1.0027755394395203e+20,0.0,0.0,9.976262363963394e+16,0.0,1.0069422425152021e+23,1.001445015330278e+20,3.3564741417173403e+22
1430990270270.2703,1738.3312050713514,262526980.84333593,0,1.1846379323708259e+22,3.3564741417173403e+22,1.0079436875305324e+23,9.98453613406521e+19,1.3305241092422547e+17,5.540829056025895e+22,6.950053728338204e-31,1.0027755394395203e+20,0.0,0.0,9.976262363963394e+16,0.0,1.0069422425152021e+23,1.001445015330278e+20,3.3564741417173403e+22
1434149189189.1892,1735.9875653474471,262469861.77279887,0,1.1846379323708259e+22,3.3564741417173403e+22,1.0079436875305324e+23,9.98453613406521e+19,1.3305241092422547e+17,5.540829056025895e+22,5.3878230507860715e-31,1.0027755394395203e+20,0.0,0.0,9.976262363963394e+16,0.0,1.0069422425152021e+23,1.001445015330278e+20,3.3564741417173403e+22
1437308108108.1084,1733.6439256235426,262412888.64461634,0,1.1846379323708259e+22,3.3564741417173403e+22,1.0079436875305324e+23,9.98453613406521e+19,1.3305241092422547e+17,5.540829056025895e+22,4.1767500455744875e-31,1.0027755394395203e+20,0.0,0.0,9.976262363963394e+16,0.0,1.0069422425152021e+23,1.001445015330278e+20,3.3564741417173403e+22
1440467027027.027,1731.3002858996383,262356061.8034495,0,1.1846379323708259e+22,3.3564741417173403e+22,1.0079436875305324e+23,9.98453613406521e+19,1.3305241092422547e+17,5.540829056025895e+22,3.2379016123518126e-31,1.0027755394395203e+20,0.0,0.0,9.976262363963394e+16,0.0,1.0069422425152021e+23,1.001445015330278e+20,3.3564741417173403e+22
1443625945945.946,1728.956646175734,262299381.5952322,0,1.1846379323708259e+22,3.3564741417173403e+22,1.0079436875305324e+23,9.98453613406521e+19,1.3305241092422547e+17,5.540829056025895e+22,2.5100872058118227e-31,1.0027755394395203e+20,0.0,0.0,9.976262363963394e+16,0.0,1.0069422425152021e+23,1.001445015330278e+20,3.3564741417173403e+22
1446784864864.865,1726.6130064518297,262242848.36717784,0,1.1846379323708259e+22,3.3564741417173403e+22,1.0079436875305324e+23,9.98453613406521e+19,1.3305241092422547e+17,5.540829056025895e+22,1.9458706702962109e-31,1.0027755394395203e+20,0.0,0.0,9.976262363963394e+16,0.0,1.0069422425152021e+23,1.001445015330278e+20,3.3564741417173403e+22
1449943783783.7837,1724.2693667279254,262186462.46778637,0,1.1846379323708259e+22,3.3564741417173403e+22,1.0079436875305324e+23,9.98453613406521e+19,1.3305241092422547e+17,5.540829056025895e+22,1.5084785328382278e-31,1.0027755394395203e+20,0.0,0.0,9.976262363963394e+16,0.0,1.0069422425152021e+23,1.001445015330278e+20,3.3564741417173403e+22
1453102702702.703,1721.925727004021,262130224.24685073,0,1.1846379323708259e+22,3.3564741417173403e+22,1.0079436875305324e+23,9.98453613406521e+19,1.3305241092422547e+17,5.540829056025895e+22,1.1694032490285607e-31,1.0027755394395203e+20,0.0,0.0,9.976262363963394e+16,0.0,1.0069422425152021e+23,1.001445015330278e+20,3.3564741417173403e+22
1456261621621.6218,1719.5820872801166,262074134.05546352,0,1.1846379323708259e+22,3.3564741417173403e+22,1.0079436875305324e+23,9.98453613406521e+19,1.3305241092422547e+17,5.540829056025895e+22,9.065451904480021e-32,1.0027755394395203e+20,0.0,0.0,9.976262363963394e+16,0.0,1.0069422425152021e+23,1.001445015330278e+20,3.3564741417173403e+22
1459420540540.5408,1717.2384475562123,262018192.2460232,0,1.1846379323708259e+22,3.3564741417173403e+22,1.0079436875305324e+23,9.98453613406521e+19,1.3305241092422547e+17,5.540829056025895e+22,7.027722755235245e-32,1.0027755394395203e+20,0.0,0.0,9.976262363963394e+16,0.0,1.0069422425152021e+23,1.001445015330278e+20,3.3564741417173403e+22
1462579459459.4595,1714.894807832308,261962399.17224014,0,1.1846379323708259e+22,3.3564741417173403e+22,1.0079436875305324e+23,9.98453613406521e+19,1.3305241092422547e+17,5.540829056025895e+22,5.448033660632402e-32,1.0027755394395203e+20,0.0,0.0,9.976262363963394e+16,0.0,1.0069422425152021e+23,1.001445015330278e+20,3.3564741417173403e+22
1465738378378.3784,1712.5511681084038,261906755.1891425,0,1.1846379323708259e+22,3.3564741417173403e+22,1.0079436875305324e+23,9.98453613406521e+19,1.3305241092422547e+17,5.540829056025895e+22,4.223426535327253e-32,1.0027755394395203e+20,0.0,0.0,9.976262363963394e+16,0.0,1.0069422425152021e+23,1.001445015330278e+20,3.3564741417173403e+22
1468897297297.2976,1710.2075283844993,261851260.65308225,0,1.1846379323708259e+22,3.3564741417173403e+22,1.0079436875305324e+23,9.98453613406521e+19,1.3305241092422547e+17,5.540829056025895e+22,3.2740861768529937e-32,1.0027755394395203e+20,0.0,0.0,9.976262363963394e+16,0.0,1.0069422425152021e+23,1.001445015330278e+20,3.3564741417173403e+22
1472056216216.2163,1707.863888660595,261795915.9217404,0,1.1846379323708259e+22,3.3564741417173403e+22,1.0079436875305324e+23,9.98453613406521e+19,1.3305241092422547e+17,5.540829056025895e+22,2.538138216397137e-32,1.0027755394395203e+20,0.0,0.0,9.976262363963394e+16,0.0,1.0069422425152021e+23,1.001445015330278e+20,3.3564741417173403e+22
1475215135135.1353,1705.5202489366907,261740721.35413235,0,1.1846379323708259e+22,3.3564741417173403e+22,1.0079436875305324e+23,9.98453613406521e+19,1.3305241092422547e+17,5.540829056025895e+22,1.9676163844067604e-32,1.0027755394395203e+20,0.0,0.0,9.976262363963394e+16,0.0,1.0069422425152021e+23,1.001445015330278e+20,3.3564741417173403e+22
1478374054054.0542,1703.1766092127864,261685677.3106132,0,1.1846379323708259e+22,3.3564741417173403e+22,1.0079436875305324e+23,9.98453613406521e+19,1.3305241092422547e+17,5.540829056025895e+22,1.5253362528387084e-32,1.0027755394395203e+20,0.0,0.0,9.976262363963394e+16,0.0,1.0069422425152021e+23,1.001445015330278e+20,3.3564741417173403e+22
1481532972972.973,1700.832969488882,261630784.15288216,0,1.1846379323708259e+22,3.3564741417173403e+22,1.0079436875305324e+23,9.98453613406521e+19,1.3305241092422547e+17,5.540829056025895e+22,1.1824716965474555e-32,1.0027755394395203e+20,0.0,0.0,9.976262363963394e+16,0.0,1.0069422425152021e+23,1.001445015330278e+20,3.3564741417173403e+22
1484691891891.892,1698.4893297649776,261576042.2439878,0,1.1846379323708259e+22,3.3564741417173403e+22,1.0079436875305324e+23,9.98453613406521e+19,1.3305241092422547e+17,5.540829056025895e+22,9.166761168454769e-33,1.0027755394395203e+20,0.0,0.0,9.976262363963394e+16,0.0,1.0069422425152021e+23,1.001445015330278e+20,3.3564741417173403e+22
1487850810810.811,1696.1456900410733,261521451.94833198,0,1.1846379323708259e+22,3.3564741417173403e+22,1.0079436875305324e+23,9.98453613406521e+19,1.3305241092422547e+17,5.540829056025895e+22,7.106259757830739e-33,1.0027755394395203e+20,0.0,0.0,9.976262363963394e+16,0.0,1.0069422425152021e+23,1.001445015330278e+20,3.3564741417173403e+22
1491009729729.7297,1693.802050317169,261467013.63167423,0,1.1846379323708259e+22,3.3564741417173403e+22,1.0079436875305324e+23,9.98453613406521e+19,1.3305241092422547e+17,5.540829056025895e+22,5.508917142899353e-33,1.0027755394395203e+20,0.0,0.0,9.976262363963394e+16,0.0,1.0069422425152021e+23,1.001445015330278e+20,3.3564741417173403e+22
1494168648648.6487,1691.4584105932647,261412727.66113555,0,1.1846379323708259e+22,3.3564741417173403e+22,1.0079436875305324e+23,9.98453613406521e+19,1.3305241092422547e+17,5.540829056025895e+22,4.27062464947024e-33,1.0027755394395203e+20,0.0,0.0,9.976262363963394e+16,0.0,1.0069422425152021e+23,1.001445015330278e+20,3.3564741417173403e+22
1497327567567.5676,1689.1147708693604,261358594.40520236,0,1.1846379323708259e+22,3.3564741417173403e+22,1.0079436875305324e+23,9.98453613406521e+19,1.3305241092422547e+17,5.540829056025895e+22,3.3106751151940536e-33,1.0027755394395203e+20,0.0,0.0,9.976262363963394e+16,0.0,1.0069422425152021e+23,1.001445015330278e+20,3.3564741417173403e+22
1500486486486.4866,1686.771131145456,261304614.23372942,0,1.1846379323708259e+22,3.3564741417173403e+22,1.0079436875305324e+23,9.98453613406521e+19,1.3305241092422547e+17,5.540829056025895e+22,2.566502705810212e-33,1.0027755394395203e+20,0.0,0.0,9.976262363963394e+16,0.0,1.0069422425152021e+23,1.001445015330278e+20,3.3564741417173403e+22
1503645405405.4055,1684.4274914215516,261250787.51794332,0,1.1846379323708259e+22,3.3564741417173403e+22,1.0079436875305324e+23,9.98453613406521e+19,1.3305241092422547e+17,5.540829056025895e+22,1.9896051136823946e-33,1.0027755394395203e+20,0.0,0.0,9.976262363963394e+16,0.0,1.0069422425152021e+23,1.001445015330278e+20,3.3564741417173403e+22
1506804324324.3245,1682.0838516976473,261197114.63044515,0,1.1846379323708259e+22,3.3564741417173403e+22,1.0079436875305324e+23,9.98453613406521e+19,1.3305241092422547e+17,5.540829056025895e+22,1.542382363139367e-33,1.0027755394395203e+20,0.0,0.0,9.976262363963394e+16,0.0,1.0069422425152021e+23,1.001445015330278e+20,3.3564741417173403e+22
1509963243243.2434,1679.740211973743,261143595.94521308,0,1.1846379323708259e+22,3.3564741417173403e+22,1.0079436875305324e+23,9.98453613406521e+19,1.3305241092422547e+17,5.540829056025895e+22,1.1956861880598959e-33,1.0027755394395203e+20,0.0,0.0,9.976262363963394e+16,0.0,1.0069422425152021e+23,1.001445015330278e+20,3.3564741417173403e+22
1513122162162.162,1677.3965722498388,261090231.8376046,0,1.1846379323708259e+22,3.3564741417173403e+22,1.0079436875305324e+23,9.98453613406521e+19,1.3305241092422547e+17,5.540829056025895e+22,9.269202595180496e-34,1.0027755394395203e+20,0.0,0.0,9.976262363963394e+16,0.0,1.0069422425152021e+23,1.001445015330278e+20,3.3564741417173403e+22
1516281081081.0813,1675.0529325259342,261037022.68435845,0,1.1846379323708259e+22,3.3564741417173403e+22,1.0079436875305324e+23,9.98453613406521e+19,1.3305241092422547e+17,5.540829056025895e+22,7.185674436024925e-34,1.0027755394395203e+20,0.0,0.0,9.976262363963394e+16,0.0,1.0069422425152021e+23,1.001445015330278e+20,3.3564741417173403e+22
1519440000000.0002,1672.70929280203,260983968.86359623,0,1.1846379323708259e+22,3.3564741417173403e+22,1.0079436875305324e+23,9.98453613406521e+19,1.3305241092422547e+17,5.540829056025895e+22,5.570481017146942e-34,1.0027755394395203e+20,0.0,0.0,9.976262363963394e+16,0.0,1.0069422425152021e+23,1.001445015330278e+20,3.3564741417173403e+22
1522598918918.919,1670.3656530781257,260931070.7548238,0,1.1846379323708259e+22,3.3564741417173403e+22,1.0079436875305324e+23,9.98453613406521e+19,1.3305241092422547e+17,5.540829056025895e+22,4.3183502173193625e-34,1.0027755394395203e+20,0.0,0.0,9.976262363963394e+16,0.0,1.0069422425152021e+23,1.001445015330278e+20,3.3564741417173403e+22
1525757837837.838,1668.0220133542214,260878328.73893198,0,1.1846379323708259e+22,3.3564741417173403e+22,1.0079436875305324e+23,9.98453613406521e+19,1.3305241092422547e+17,5.540829056025895e+22,3.3476729463792864e-34,1.0027755394395203e+20,0.0,0.0,9.976262363963394e+16,0.0,1.0069422425152021e+23,1.001445015330278e+20,3.3564741417173403e+22
1528916756756.7568,1665.678373630317,260825743.19819742,0,1.1846379323708259e+22,3.3564741417173403e+22,1.0079436875305324e+23,9.98453613406521e+19,1.3305241092422547e+17,5.540829056025895e+22,2.595184177275117e-34,1.0027755394395203e+20,0.0,0.0,9.976262363963394e+16,0.0,1.0069422425152021e+23,1.001445015330278e+20,3.3564741417173403e+22
1532075675675.6758,1663.3347339064126,260773314.51628274,0,1.1846379323708259e+22,3.3564741417173403e+22,1.0079436875305324e+23,9.98453613406521e+19,1.3305241092422547e+17,5.540829056025895e+22,2.011839573893687e-34,1.0027755394395203e+20,0.0,0.0,9.976262363963394e+16,0.0,1.0069422425152021e+23,1.001445015330278e+20,3.3564741417173403e+22
1535234594594.5947,1660.9910941825083,260721043.07823637,0,1.1846379323708259e+22,3.3564741417173403e+22,1.0079436875305324e+23,9.98453613406521e+19,1.3305241092422547e+17,5.540829056025895e+22,1.559618969060805e-34,1.0027755394395203e+20,0.0,0.0,9.976262363963394e+16,0.0,1.0069422425152021e+23,1.001445015330278e+20,3.3564741417173403e+22
1538393513513.5137,1658.647454458604,260668929.2704923,0,1.1846379323708259e+22,3.3564741417173403e+22,1.0079436875305324e+23,9.98453613406521e+19,1.3305241092422547e+17,5.540829056025895e+22,1.2090483556532455e-34,1.0027755394395203e+20,0.0,0.0,9.976262363963394e+16,0.0,1.0069422425152021e+23,1.001445015330278e+20,3.3564741417173403e+22
1541552432432.4326,1656.3038147346997,260616973.4808688,0,1.1846379323708259e+22,3.3564741417173403e+22,1.0079436875305324e+23,9.98453613406521e+19,1.3305241092422547e+17,5.540829056025895e+22,9.372788836930499e-35,1.0027755394395203e+20,0.0,0.0,9.976262363963394e+16,0.0,1.0069422425152021e+23,1.001445015330278e+20,3.3564741417173403e+22
1544711351351.3513,1653.9601750107954,260565176.09856755,0,1.1846379323708259e+22,3.3564741417173403e+22,1.0079436875305324e+23,9.98453613406521e+19,1.3305241092422547e+17,5.540829056025895e+22,7.265976598117477e-35,1.0027755394395203e+20,0.0,0.0,9.976262363963394e+16,0.0,1.0069422425152021e+23,1.001445015330278e+20,3.3564741417173403e+22
1547870270270.2705,1651.616535286891,260513537.51417172,0,1.1846379323708259e+22,3.3564741417173403e+22,1.0079436875305324e+23,9.98453613406521e+19,1.3305241092422547e+17,5.540829056025895e+22,5.632732886968626e-35,1.0027755394395203e+20,0.0,0.0,9.976262363963394e+16,0.0,1.0069422425152021e+23,1.001445015330278e+20,3.3564741417173403e+22
1551029189189.1895,1649.2728955629866,260462058.1196441,0,1.1846379323708259e+22,3.3564741417173403e+22,1.0079436875305324e+23,9.98453613406521e+19,1.3305241092422547e+17,5.540829056025895e+22,4.366609133334966e-35,1.0027755394395203e+20,0.0,0.0,9.976262363963394e+16,0.0,1.0069422425152021e+23,1.001445015330278e+20,3.3564741417173403e+22
1554188108108.1082,1646.9292558390823,260410738.3083243,0,1.1846379323708259e+22,3.3564741417173403e+22,1.0079436875305324e+23,9.98453613406521e+19,1.3305241092422547e+17,5.540829056025895e+22,3.385084239914278e-35,1.0027755394395203e+20,0.0,0.0,9.976262363963394e+16,0.0,1.0069422425152021e+23,1.001445015330278e+20,3.3564741417173403e+22
1557347027027.027,1644.585616115178,260359578.4749259,0,1.1846379323708259e+22,3.3564741417173403e+22,1.0079436875305324e+23,9.98453613406521e+19,1.3305241092422547e+17,5.540829056025895e+22,2.6241861731655497e-35,1.0027755394395203e+20,0.0,0.0,9.976262363963394e+16,0.0,1.0069422425152021e+23,1.001445015330278e+20,3.3564741417173403e+22
1560505945945.946,1642.2419763912737,260308579.01553324,0,1.1846379323708259e+22,3.3564741417173403e+22,1.0079436875305324e+23,9.98453613406521e+19,1.3305241092422547e+17,5.540829056025895e+22,2.0343225111607972e-35,1.0027755394395203e+20,0.0,0.0,9.976262363963394e+16,0.0,1.0069422425152021e+23,1.001445015330278e+20,3.3564741417173403e+22
1563664864864.865,1639.8983366673692,260257740.32759708,0,1.1846379323708259e+22,3.3564741417173403e+22,1.0079436875305324e+23,9.98453613406521e+19,1.3305241092422547e+17,5.540829056025895e+22,1.577048199451241e-35,1.0027755394395203e+20,0.0,0.0,9.976262363963394e+16,0.0,1.0069422425152021e+23,1.001445015330278e+20,3.3564741417173403e+22
1566823783783.784,1637.554696943465,260207062.80993068,0,1.1846379323708259e+22,3.3564741417173403e+22,1.0079436875305324e+23,9.98453613406521e+19,1.3305241092422547e+17,5.540829056025895e+22,1.2225598496539553e-35,1.0027755394395203e+20,0.0,0.0,9.976262363963394e+16,0.0,1.0069422425152021e+23,1.001445015330278e+20,3.3564741417173403e+22
1569982702702.703,1635.2110572195606,260156546.86270472,0,1.1846379323708259e+22,3.3564741417173403e+22,1.0079436875305324e+23,9.98453613406521e+19,1.3305241092422547e+17,5.540829056025895e+22,9.47753268737119e-36,1.0027755394395203e+20,0.0,0.0,9.976262363963394e+16,0.0,1.0069422425152021e+23,1.001445015330278e+20,3.3564741417173403e+22
1573141621621.6216,1632.8674174956564,260106192.88744187,0,1.1846379323708259e+22,3.3564741417173403e+22,1.0079436875305324e+23,9.98453613406521e+19,1.3305241092422547e+17,5.540829056025895e+22,7.34717616201889e-36,1.0027755394395203e+20,0.0,0.0,9.976262363963394e+16,0.0,1.0069422425152021e+23,1.001445015330278e+20,3.3564741417173403e+22
1576300540540.5405,1630.523777771752,260056001.2870112,0,1.1846379323708259e+22,3.3564741417173403e+22,1.0079436875305324e+23,9.98453613406521e+19,1.3305241092422547e+17,5.540829056025895e+22,5.695680440930401e-36,1.0027755394395203e+20,0.0,0.0,9.976262363963394e+16,0.0,1.0069422425152021e+23,1.001445015330278e+20,3.3564741417173403e+22
1579459459459.4597,1628.1801380478475,260005972.46562147,0,1.1846379323708259e+22,3.3564741417173403e+22,1.0079436875305324e+23,9.98453613406521e+19,1.3305241092422547e+17,5.540829056025895e+22,4.415407357849836e-36,1.0027755394395203e+20,0.0,0.0,9.976262363963394e+16,0.0,1.0069422425152021e+23,1.001445015330278e+20,3.3564741417173403e+22
1582618378378.3784,1625.8364983239433,259956106.82881418,0,1.1846379323708259e+22,3.3564741417173403e+22,1.0079436875305324e+23,9.98453613406521e+19,1.3305241092422547e+17,5.540829056025895e+22,3.422913616370265e-36,1.0027755394395203e+20,0.0,0.0,9.976262363963394e+16,0.0,1.0069422425152021e+23,1.001445015330278e+20,3.3564741417173403e+22
1585777297297.2974,1623.492858600039,259906404.7834564,0,1.1846379323708259e+22,3.3564741417173403e+22,1.0079436875305324e+23,9.98453613406521e+19,1.3305241092422547e+17,5.540829056025895e+22,2.65351227544234e-36,1.0027755394395203e+20,0.0,0.0,9.976262363963394e+16,0.0,1.0069422425152021e+23,1.001445015330278e+20,3.3564741417173403e+22
1588936216216.2163,1621.1492188761347,259856866.73773217,0,1.1846379323708259e+22,3.3564741417173403e+22,1.0079436875305324e+23,9.98453613406521e+19,1.3305241092422547e+17,5.540829056025895e+22,2.0570567022926377e-36,1.0027755394395203e+20,0.0,0.0,9.976262363963394e+16,0.0,1.0069422425152021e+23,1.001445015330278e+20,3.3564741417173403e+22
1592095135135.1353,1618.8055791522304,259807493.10113427,0,1.1846379323708259e+22,3.3564741417173403e+22,1.0079436875305324e+23,9.98453613406521e+19,1.3305241092422547e+17,5.540829056025895e+22,1.594672206949438e-36,1.0027755394395203e+20,0.0,0.0,9.976262363963394e+16,0.0,1.0069422425152021e+23,1.001445015330278e+20,3.3564741417173403e+22
1595254054054.0542,1616.4619394283259,259758284.2844545,0,1.1846379323708259e+22,3.3564741417173403e+22,1.0079436875305324e+23,9.98453613406521e+19,1.3305241092422547e+17,5.540829056025895e+22,1.2362223388313902e-36,1.0027755394395203e+20,0.0,0.0,9.976262363963394e+16,0.0,1.0069422425152021e+23,1.001445015330278e+20,3.3564741417173403e+22
1598412972972.9731,1614.1182997044216,259709240.69977427,0,1.1846379323708259e+22,3.3564741417173403e+22,1.0079436875305324e+23,9.98453613406521e+19,1.3305241092422547e+17,5.540829056025895e+22,9.583447083142199e-37,1.0027755394395203e+20,0.0,0.0,9.976262363963394e+16,0.0,1.0069422425152021e+23,1.001445015330278e+20,3.3564741417173403e+22
1601571891891.892,1611.7746599805173,259660362.76045358,0,1.1846379323708259e+22,3.3564741417173403e+22,1.0079436875305324e+23,9.98453613406521e+19,1.3305241092422547e+17,5.540829056025895e+22,7.4292831564754e-37,1.0027755394395203e+20,0.0,0.0,9.976262363963394e+16,0.0,1.0069422425152021e+23,1.001445015330278e+20,3.3564741417173403e+22
1604730810810.8108,1609.431020256613,259611650.8811201,0,1.1846379323708259e+22,3.3564741417173403e+22,1.0079436875305324e+23,9.98453613406521e+19,1.3305241092422547e+17,5.540829056025895e+22,5.759331453520389e-37,1.0027755394395203e+20,0.0,0.0,9.976262363963394e+16,0.0,1.0069422425152021e+23,1.001445015330278e+20,3.3564741417173403e+22
1607889729729.7297,1607.0873805327087,259563105.4776572,0,1.1846379323708259e+22,3.3564741417173403e+22,1.0079436875305324e+23,9.98453613406521e+19,1.3305241092422547e+17,5.540829056025895e+22,4.464750917805337e-37,1.0027755394395203e+20,0.0,0.0,9.976262363963394e+16,0.0,1.0069422425152021e+23,1.001445015330278e+20,3.3564741417173403e+22
1611048648648.649,1604.7437408088042,259514726.96719143,0,1.1846379323708259e+22,3.3564741417173403e+22,1.0079436875305324e+23,9.98453613406521e+19,1.3305241092422547e+17,5.540829056025895e+22,3.461165747954817e-37,1.0027755394395203e+20,0.0,0.0,9.976262363963394e+16,0.0,1.0069422425152021e+23,1.001445015330278e+20,3.3564741417173403e+22
1614207567567.5676,1602.4001010849,259466515.76807922,0,1.1846379323708259e+22,3.3564741417173403e+22,1.0079436875305324e+23,9.98453613406521e+19,1.3305241092422547e+17,5.540829056025895e+22,2.683166106095852e-37,1.0027755394395203e+20,0.0,0.0,9.976262363963394e+16,0.0,1.0069422425152021e+23,1.001445015330278e+20,3.3564741417173403e+22
1617366486486.4866,1600.0564613609956,259418472.29989284,0,1.1846379323708259e+22,3.3564741417173403e+22,1.0079436875305324e+23,9.98453613406521e+19,1.3305241092422547e+17,5.540829056025895e+22,2.080044955129828e-37,1.0027755394395203e+20,0.0,0.0,9.976262363963394e+16,0.0,1.0069422425152021e+23,1.001445015330278e+20,3.3564741417173403e+22
1620525405405.4055,1597.7128216370913,259370596.983406,0,1.1846379323708259e+22,3.3564741417173403e+22,1.0079436875305324e+23,9.98453613406521e+19,1.3305241092422547e+17,5.540829056025895e+22,1.6124931682505716e-37,1.0027755394395203e+20,0.0,0.0,9.976262363963394e+16,0.0,1.0069422425152021e+23,1.001445015330278e+20,3.3564741417173403e+22
1623684324324.3245,1595.369181913187,259322890.24057782,0,1.1846379323708259e+22,3.3564741417173403e+22,1.0079436875305324e+23,9.98453613406521e+19,1.3305241092422547e+17,5.540829056025895e+22,1.250037510603936e-37,1.0027755394395203e+20,0.0,0.0,9.976262363963394e+16,0.0,1.0069422425152021e+23,1.001445015330278e+20,3.3564741417173403e+22
1626843243243.2434,1593.0255421892825,259275352.49453712,0,1.1846379323708259e+22,3.3564741417173403e+22,1.0079436875305324e+23,9.98453613406521e+19,1.3305241092422547e+17,5.540829056025895e+22,9.690545105454163e-38,1.0027755394395203e+20,0.0,0.0,9.976262363963394e+16,0.0,1.0069422425152021e+23,1.001445015330278e+20,3.3564741417173403e+22
1630002162162.1624,1590.6819024653782,259227984.16956502,0,1.1846379323708259e+22,3.3564741417173403e+22,1.0079436875305324e+23,9.98453613406521e+19,1.3305241092422547e+17,5.540829056025895e+22,7.512307722307638e-38,1.0027755394395203e+20,0.0,0.0,9.976262363963394e+16,0.0,1.0069422425152021e+23,1.001445015330278e+20,3.3564741417173403e+22
1633161081081.0813,1588.338262741474,259180785.6910772,0,1.1846379323708259e+22,3.3564741417173403e+22,1.0079436875305324e+23,9.98453613406521e+19,1.3305241092422547e+17,5.540829056025895e+22,5.823693786109059e-38,1.0027755394395203e+20,0.0,0.0,9.976262363963394e+16,0.0,1.0069422425152021e+23,1.001445015330278e+20,3.3564741417173403e+22
1636320000000.0,1585.9946230175697,259133757.48560515,0,1.1846379323708259e+22,3.3564741417173403e+22,1.0079436875305324e+23,9.98453613406521e+19,1.3305241092422547e+17,5.540829056025895e+22,4.5146459074958e-38,1.0027755394395203e+20,0.0,0.0,9.976262363963394e+16,0.0,1.0069422425152021e+23,1.001445015330278e+20,3.3564741417173403e+22
1639478918918.919,1583.6509832936654,259086899.9807768,0,1.1846379323708259e+22,3.3564741417173403e+22,1.0079436875305324e+23,9.98453613406521e+19,1.3305241092422547e+17,5.540829056025895e+22,3.4998453590888867e-38,1.0027755394395203e+20,0.0,0.0,9.976262363963394e+16,0.0,1.0069422425152021e+23,1.001445015330278e+20,3.3564741417173403e+22
1642637837837.8381,1581.3073435697609,259040213.6052957,0,1.1846379323708259e+22,3.3564741417173403e+22,1.0079436875305324e+23,9.98453613406521e+19,1.3305241092422547e+17,5.540829056025895e+22,2.7131513275933285e-38,1.0027755394395203e+20,0.0,0.0,9.976262363963394e+16,0.0,1.0069422425152021e+23,1.001445015330278e+20,3.3564741417173403e+22
1645796756756.7568,1578.9637038458566,258993698.78892004,0,1.1846379323708259e+22,3.3564741417173403e+22,1.0079436875305324e+23,9.98453613406521e+19,1.3305241092422547e+17,5.540829056025895e+22,2.10329010889149e-38,1.0027755394395203e+20,0.0,0.0,9.976262363963394e+16,0.0,1.0069422425152021e+23,1.001445015330278e+20,3.3564741417173403e+22
1648955675675.6758,1576.6200641219523,258947355.96244037,0,1.1846379323708259e+22,3.3564741417173403e+22,1.0079436875305324e+23,9.98453613406521e+19,1.3305241092422547e+17,5.540829056025895e+22,1.6305132843750686e-38,1.0027755394395203e+20,0.0,0.0,9.976262363963394e+16,0.0,1.0069422425152021e+23,1.001445015330278e+20,3.3564741417173403e+22
1652114594594.5947,1574.276424398048,258901185.55765626,0,1.1846379323708259e+22,3.3564741417173403e+22,1.0079436875305324e+23,9.98453613406521e+19,1.3305241092422547e+17,5.540829056025895e+22,1.2640070712474076e-38,1.0027755394395203e+20,0.0,0.0,9.976262363963394e+16,0.0,1.0069422425152021e+23,1.001445015330278e+20,3.3564741417173403e+22
1655273513513.5134,1571.9327846741437,258855188.00735205,0,1.1846379323708259e+22,3.3564741417173403e+22,1.0079436875305324e+23,9.98453613406521e+19,1.3305241092422547e+17,5.540829056025895e+22,9.798839981704346e-39,1.0027755394395203e+20,0.0,0.0,9.976262363963394e+16,0.0,1.0069422425152021e+23,1.001445015330278e+20,3.3564741417173403e+22
1658432432432.4326,1569.5891449502392,258809363.74527222,0,1.1846379323708259e+22,3.3564741417173403e+22,1.0079436875305324e+23,9.98453613406521e+19,1.3305241092422547e+17,5.540829056025895e+22,7.596260113663075e-39,1.0027755394395203e+20,0.0,0.0,9.976262363963394e+16,0.0,1.0069422425152021e+23,1.001445015330278e+20,3.3564741417173403e+22
1661591351351.3516,1567.245505226335,258763713.2060946,0,1.1846379323708259e+22,3.3564741417173403e+22,1.0079436875305324e+23,9.98453613406521e+19,1.3305241092422547e+17,5.540829056025895e+22,5.888775387920156e-39,1.0027755394395203e+20,0.0,0.0,9.976262363963394e+16,0.0,1.0069422425152021e+23,1.001445015330278e+20,3.3564741417173403e+22
1664750270270.2703,1564.9018655024306,258718236.8254036,0,1.1846379323708259e+22,3.3564741417173403e+22,1.0079436875305324e+23,9.98453613406521e+19,1.3305241092422547e+17,5.540829056025895e+22,4.5650984893211996e-39,1.0027755394395203e+20,0.0,0.0,9.976262363963394e+16,0.0,1.0069422425152021e+23,1.001445015330278e+20,3.3564741417173403e+22
1667909189189.1892,1562.5582257785263,258672935.03966197,0,1.1846379323708259e+22,3.3564741417173403e+22,1.0079436875305324e+23,9.98453613406521e+19,1.3305241092422547e+17,5.540829056025895e+22,3.538957226990309e-39,1.0027755394395203e+20,0.0,0.0,9.976262363963394e+16,0.0,1.0069422425152021e+23,1.001445015330278e+20,3.3564741417173403e+22
1671068108108.1082,1560.214586054622,258627808.2861813,0,1.1846379323708259e+22,3.3564741417173403e+22,1.0079436875305324e+23,9.98453613406521e+19,1.3305241092422547e+17,5.540829056025895e+22,2.7434716433312282e-39,1.0027755394395203e+20,0.0,0.0,9.976262363963394e+16,0.0,1.0069422425152021e+23,1.001445015330278e+20,3.3564741417173403e+22
1674227027027.0273,1557.8709463307175,258582857.0030917,0,1.1846379323708259e+22,3.3564741417173403e+22,1.0079436875305324e+23,9.98453613406521e+19,1.3305241092422547e+17,5.540829056025895e+22,2.1267950345259033e-39,1.0027755394395203e+20,0.0,0.0,9.976262363963394e+16,0.0,1.0069422425152021e+23,1.001445015330278e+20,3.3564741417173403e+22
1677385945945.946,1555.5273066068132,258538081.62931016,0,1.1846379323708259e+22,3.3564741417173403e+22,1.0079436875305324e+23,9.98453613406521e+19,1.3305241092422547e+17,5.540829056025895e+22,1.648734780940446e-39,1.0027755394395203e+20,0.0,0.0,9.976262363963394e+16,0.0,1.0069422425152021e+23,1.001445015330278e+20,3.3564741417173403e+22
1680544864864.865,1553.183666882909,258493482.60450822,0,1.1846379323708259e+22,3.3564741417173403e+22,1.0079436875305324e+23,9.98453613406521e+19,1.3305241092422547e+17,5.540829056025895e+22,1.278132746105785e-39,1.0027755394395203e+20,0.0,0.0,9.976262363963394e+16,0.0,1.0069422425152021e+23,1.001445015330278e+20,3.3564741417173403e+22
1683703783783.784,1550.8400271590046,258449060.36907744,0,1.1846379323708259e+22,3.3564741417173403e+22,1.0079436875305324e+23,9.98453613406521e+19,1.3305241092422547e+17,5.540829056025895e+22,9.908345087110304e-40,1.0027755394395203e+20,0.0,0.0,9.976262363963394e+16,0.0,1.0069422425152021e+23,1.001445015330278e+20,3.3564741417173403e+22
1686862702702.7026,1548.4963874351004,258404815.36409494,0,1.1846379323708259e+22,3.3564741417173403e+22,1.0079436875305324e+23,9.98453613406521e+19,1.3305241092422547e+17,5.540829056025895e+22,7.681150699282484e-40,1.0027755394395203e+20,0.0,0.0,9.976262363963394e+16,0.0,1.0069422425152021e+23,1.001445015330278e+20,3.3564741417173403e+22
1690021621621.6218,1546.1527477111958,258360748.0312867,0,1.1846379323708259e+22,3.3564741417173403e+22,1.0079436875305324e+23,9.98453613406521e+19,1.3305241092422547e+17,5.540829056025895e+22,5.9545842970124806e-40,1.0027755394395203e+20,0.0,0.0,9.976262363963394e+16,0.0,1.0069422425152021e+23,1.001445015330278e+20,3.3564741417173403e+22
1693180540540.5408,1543.8091079872916,258316858.81298992,0,1.1846379323708259e+22,3.3564741417173403e+22,1.0079436875305324e+23,9.98453613406521e+19,1.3305241092422547e+17,5.540829056025895e+22,4.616114894548256e-40,1.0027755394395203e+20,0.0,0.0,9.976262363963394e+16,0.0,1.0069422425152021e+23,1.001445015330278e+20,3.3564741417173403e+22
1696339459459.4595,1541.4654682633873,258273148.15211454,0,1.1846379323708259e+22,3.3564741417173403e+22,1.0079436875305324e+23,9.98453613406521e+19,1.3305241092422547e+17,5.540829056025895e+22,3.578506182263825e-40,1.0027755394395203e+20,0.0,0.0,9.976262363963394e+16,0.0,1.0069422425152021e+23,1.001445015330278e+20,3.3564741417173403e+22
1699498378378.3784,1539.121828539483,258229616.4921026,0,1.1846379323708259e+22,3.3564741417173403e+22,1.0079436875305324e+23,9.98453613406521e+19,1.3305241092422547e+17,5.540829056025895e+22,2.7741307980926268e-40,1.0027755394395203e+20,0.0,0.0,9.976262363963394e+16,0.0,1.0069422425152021e+23,1.001445015330278e+20,3.3564741417173403e+22
1702657297297.2974,1536.7781888155787,258186264.27688697,0,1.1846379323708259e+22,3.3564741417173403e+22,1.0079436875305324e+23,9.98453613406521e+19,1.3305241092422547e+17,5.540829056025895e+22,2.1505626350650977e-40,1.0027755394395203e+20,0.0,0.0,9.976262363963394e+16,0.0,1.0069422425152021e+23,1.001445015330278e+20,3.3564741417173403e+22
1705816216216.2163,1534.4345490916742,258143091.9508482,0,1.1846379323708259e+22,3.3564741417173403e+22,1.0079436875305324e+23,9.98453613406521e+19,1.3305241092422547e+17,5.540829056025895e+22,1.6671599084361967e-40,1.0027755394395203e+20,0.0,0.0,9.976262363963394e+16,0.0,1.0069422425152021e+23,1.001445015330278e+20,3.3564741417173403e+22
1708975135135.1353,1532.0909093677699,258100099.95877036,0,1.1846379323708259e+22,3.3564741417173403e+22,1.0079436875305324e+23,9.98453613406521e+19,1.3305241092422547e+17,5.540829056025895e+22,1.29241627980431e-40,1.0027755394395203e+20,0.0,0.0,9.976262363963394e+16,0.0,1.0069422425152021e+23,1.001445015330278e+20,3.3564741417173403e+22
1712134054054.0542,1529.7472696438656,258057288.74579534,0,1.1846379323708259e+22,3.3564741417173403e+22,1.0079436875305324e+23,9.98453613406521e+19,1.3305241092422547e+17,5.540829056025895e+22,1.0019073946361863e-40,1.0027755394395203e+20,0.0,0.0,9.976262363963394e+16,0.0,1.0069422425152021e+23,1.001445015330278e+20,3.3564741417173403e+22
1715292972972.9731,1527.4036299199613,258014658.7573753,0,1.1846379323708259e+22,3.3564741417173403e+22,1.0079436875305324e+23,9.98453613406521e+19,1.3305241092422547e+17,5.540829056025895e+22,7.766989963780578e-41,1.0027755394395203e+20,0.0,0.0,9.976262363963394e+16,0.0,1.0069422425152021e+23,1.001445015330278e+20,3.3564741417173403e+22
1718451891891.8918,1525.059990196057,257972210.4392243,0,1.1846379323708259e+22,3.3564741417173403e+22,1.0079436875305324e+23,9.98453613406521e+19,1.3305241092422547e+17,5.540829056025895e+22,6.021128641272671e-41,1.0027755394395203e+20,0.0,0.0,9.976262363963394e+16,0.0,1.0069422425152021e+23,1.001445015330278e+20,3.3564741417173403e+22
1721610810810.811,1522.7163504721525,257929944.23726767,0,1.1846379323708259e+22,3.3564741417173403e+22,1.0079436875305324e+23,9.98453613406521e+19,1.3305241092422547e+17,5.540829056025895e+22,4.667701424080052e-41,1.0027755394395203e+20,0.0,0.0,9.976262363963394e+16,0.0,1.0069422425152021e+23,1.001445015330278e+20,3.3564741417173403e+22
1724769729729.73,1520.3727107482482,257887860.59759068,0,1.1846379323708259e+22,3.3564741417173403e+22,1.0079436875305324e+23,9.98453613406521e+19,1.3305241092422547e+17,5.540829056025895e+22,3.618497109497696e-41,1.0027755394395203e+20,0.0,0.0,9.976262363963394e+16,0.0,1.0069422425152021e+23,1.001445015330278e+20,3.3564741417173403e+22
1727928648648.6487,1518.029071024344,257845959.96638453,0,1.1846379323708259e+22,3.3564741417173403e+22,1.0079436875305324e+23,9.98453613406521e+19,1.3305241092422547e+17,5.540829056025895e+22,2.8051325785097226e-41,1.0027755394395203e+20,0.0,0.0,9.976262363963394e+16,0.0,1.0069422425152021e+23,1.001445015330278e+20,3.3564741417173403e+22
1731087567567.5676,1515.6854313004396,257804242.78989184,0,1.1846379323708259e+22,3.3564741417173403e+22,1.0079436875305324e+23,9.98453613406521e+19,1.3305241092422547e+17,5.540829056025895e+22,2.174595845983393e-41,1.0027755394395203e+20,0.0,0.0,9.976262363963394e+16,0.0,1.0069422425152021e+23,1.001445015330278e+20,3.3564741417173403e+22
1734246486486.4866,1513.3417915765353,257762709.51434958,0,1.1846379323708259e+22,3.3564741417173403e+22,1.0079436875305324e+23,9.98453613406521e+19,1.3305241092422547e+17,5.540829056025895e+22,1.6857909425017355e-41,1.0027755394395203e+20,0.0,0.0,9.976262363963394e+16,0.0,1.0069422425152021e+23,1.001445015330278e+20,3.3564741417173403e+22
1737405405405.4055,1510.9981518526308,257721360.585931,0,1.1846379323708259e+22,3.3564741417173403e+22,1.0079436875305324e+23,9.98453613406521e+19,1.3305241092422547e+17,5.540829056025895e+22,1.3068594364649553e-41,1.0027755394395203e+20,0.0,0.0,9.976262363963394e+16,0.0,1.0069422425152021e+23,1.001445015330278e+20,3.3564741417173403e+22
1740564324324.3245,1508.6545121287265,257680196.45068517,0,1.1846379323708259e+22,3.3564741417173403e+22,1.0079436875305324e+23,9.98453613406521e+19,1.3305241092422547e+17,5.540829056025895e+22,1.0131040235291468e-41,1.0027755394395203e+20,0.0,0.0,9.976262363963394e+16,0.0,1.0069422425152021e+23,1.001445015330278e+20,3.3564741417173403e+22
1743723243243.2434,1506.3108724048222,257639217.5544755,0,1.1846379323708259e+22,3.3564741417173403e+22,1.0079436875305324e+23,9.98453613406521e+19,1.3305241092422547e+17,5.540829056025895e+22,7.853788508940909e-42,1.0027755394395203e+20,0.0,0.0,9.976262363963394e+16,0.0,1.0069422425152021e+23,1.001445015330278e+20,3.3564741417173403e+22
1746882162162.162,1503.967232680918,257598424.34291565,0,1.1846379323708259e+22,3.3564741417173403e+22,1.0079436875305324e+23,9.98453613406521e+19,1.3305241092422547e+17,5.540829056025895e+22,6.088416639419033e-42,1.0027755394395203e+20,0.0,0.0,9.976262363963394e+16,0.0,1.0069422425152021e+23,1.001445015330278e+20,3.3564741417173403e+22
1750041081081.081,1501.6235929570137,257557817.26130453,0,1.1846379323708259e+22,3.3564741417173403e+22,1.0079436875305324e+23,9.98453613406521e+19,1.3305241092422547e+17,5.540829056025895e+22,4.719864449234234e-42,1.0027755394395203e+20,0.0,0.0,9.976262363963394e+16,0.0,1.0069422425152021e+23,1.001445015330278e+20,3.3564741417173403e+22
1753200000000.0002,1499.2799532331092,257517396.75455856,1,1.1846274609740236e+22,3.3564741417173403e+22,1.0079426795337151e+23,9.98453613406521e+19,2.833844290225997e+16,5.5408395274226976e+22,3.658934947866988e-42,1.0027755394395203e+20,3914286296604416.0,1.0079968172536109e+17,9.972892654848997e+16,33697091143968.273,1.0069422425152021e+23,1.001445015330278e+20,3.3564741417173403e+22
1756358918918.9192,1496.9363135092049,257477163.26714256,1,1.1846252307149473e+22,3.3564741417173403e+22,1.007942427166483e+23,9.98453613406521e+19,6035852139742940.0,5.540841757681774e+22,2.836478851379997e-42,1.0027755394395203e+20,980153847113196.0,1.2603640493736934e+17,9.969444231996637e+16,68181319667573.11,1.0069422425152021e+23,1.001445015330278e+20,3.3564741417173403e+22
1759517837837.838,1494.5926737853006,257437117.24299857,1,1.1846247556911156e+22,3.3564741417173403e+22,1.0079423720052678e+23,9.98453613406521e+19,1285613823398082.0,5.540842232705606e+22,2.1988942574900453e-42,1.0027755394395203e+20,214270637618761.0,1.3155252646320864e+17,9.965915285651416e+16,103470783119777.56,1.0069422425152021e+23,1.001445015330278e+20,3.3564741417173403e+22
1762676756756.7568,1492.2490340613963,257397259.12547287,1,1.1846246545134105e+22,3.3564741417173403e+22,1.0079423602033027e+23,9.98453613406521e+19,273836771484179.62,5.540842333883311e+22,1.7046260700968814e-42,1.0027755394395203e+20,45851168914089.5,1.3273272298382722e+17,9.96230396583702e+16,139583981263732.3,1.0069422425152021e+23,1.001445015330278e+20,3.3564741417173403e+22
1765835675675.6758,1489.905394337492,257357589.3572406,1,1.1846246329626026e+22,3.3564741417173403e+22,1.0079423576874667e+23,9.98453613406521e+19,58328693407344.375,5.540842355434119e+22,1.3214596421240195e-42,1.0027755394395203e+20,9775643460103.875,1.3298430658735803e+17,9.958608381528885e+16,176539824345097.34,1.0069422425152021e+23,1.001445015330278e+20,3.3564741417173403e+22
1768994594594.5947,1487.5617546135875,257318108.38022858,1,1.1846246283721918e+22,3.3564741417173403e+22,1.0079423571514982e+23,9.98453613406521e+19,12424586350735.102,5.54084236002453e+22,1.0244214926658413e-42,1.0027755394395203e+20,2082902308941.7969,1.3303790343556581e+17,9.954826599813677e+16,214357641497184.7,1.0069422425152021e+23,1.001445015330278e+20,3.3564741417173403e+22
1772153513513.5137,1485.2181148896832,257278816.63553634,1,1.1846246273943947e+22,3.3564741417173403e+22,1.0079423570373271e+23,9.98453613406521e+19,2646615162028.3047,5.540842361002327e+22,7.941516795900736e-43,1.0027755394395203e+20,443764068060.1406,1.330493205449954e+17,9.950956645035051e+16,253057189283442.56,1.0069422425152021e+23,1.001445015330278e+20,3.3564741417173403e+22
1775312432432.4326,1482.874475165779,257239714.5633545,1,1.184624627186111e+22,3.3564741417173403e+22,1.0079423570130065e+23,9.98453613406521e+19,563778848906.9622,5.54084236121061e+22,6.156419937187933e-43,1.0027755394395203e+20,94544345151.3081,1.3305175260103142e+17,9.946996497925626e+16,292658660377694.6,1.0069422425152021e+23,1.001445015330278e+20,3.3564741417173403e+22
1778471351351.3513,1480.5308354418746,257200802.60288122,1,1.1846246271417428e+22,3.3564741417173403e+22,1.0079423570078257e+23,9.98453613406521e+19,120098019059.50085,5.540842361254978e+22,4.772577760211296e-43,1.0027755394395203e+20,20143097242.065186,1.3305227068310918e+17,9.942944094725152e+16,333182692382426.44,1.0069422425152021e+23,1.001445015330278e+20,3.3564741417173403e+22
1781630270270.2703,1478.1871957179703,257162081.19223672,1,1.1846246271322914e+22,3.3564741417173403e+22,1.0079423570067221e+23,9.98453613406521e+19,25584206429.544464,5.54084236126443e+22,3.699796100588585e-43,1.0027755394395203e+20,4291661053.1088104,1.33052381048358e+17,9.938797326284866e+16,374650376785289.0,1.0069422425152021e+23,1.001445015330278e+20,3.3564741417173403e+22
1784789189189.1895,1475.8435559940658,257123550.7683752,1,1.184624627130278e+22,3.3564741417173403e+22,1.007942357006487e+23,9.98453613406521e+19,5450257936.268959,5.540842361266443e+22,2.868154668959346e-43,1.0027755394395203e+20,914393713.1759682,1.3305240455957384e+17,9.93455403715801e+16,417083268053852.5,1.0069422425152021e+23,1.001445015330278e+20,3.3564741417173403e+22
1787948108108.1082,1473.4999162701615,257085211.76699466,1,1.184624627129849e+22,3.3564741417173403e+22,1.0079423570064369e+23,9.98453613406521e+19,1161103991.2150788,5.540842361266872e+22,2.223449882485001e-43,1.0027755394395203e+20,194827247.22211266,1.3305240956829426e+17,9.930212024676544e+16,460503392868500.75,1.0069422425152021e+23,1.001445015330278e+20,3.3564741417173403e+22
1791107027027.027,1471.1562765462572,257047064.62244457,1,1.1846246271297576e+22,3.3564741417173403e+22,1.0079423570064261e+23,9.98453613406521e+19,247362632.3997543,5.540842361266963e+22,1.72366205819582e-43,1.0027755394395203e+20,41512106.02538359,1.3305241063535075e+17,9.925769038014074e+16,504933259493203.9,1.0069422425152021e+23,1.001445015330278e+20,3.3564741417173403e+22
1794265945945.946,1468.812636822353,257009109.76763096,1,1.1846246271297381e+22,3.3564741417173403e+22,1.0079423570064238e+23,9.98453613406521e+19,52699432.86866343,5.5408423612669825e+22,1.3362167118169231e-43,1.0027755394395203e+20,8845215.272318214,1.3305241086268085e+17,9.921222777235019e+16,550395867283743.5,1.0069422425152021e+23,1.001445015330278e+20,3.3564741417173403e+22
1797424864864.865,1466.4689970984487,256971347.6339192,1,1.184624627129734e+22,3.3564741417173403e+22,1.0079423570064233e+23,9.98453613406521e+19,11227591.882943802,5.540842361266987e+22,1.0358614627786774e-43,1.0027755394395203e+20,1884736.1974976584,1.3305241091111317e+17,9.916570892330115e+16,596914716332790.9,1.0069422425152021e+23,1.001445015330278e+20,3.3564741417173403e+22
1800583783783.784,1464.1253573745441,256933778.65103462,1,1.184624627129733e+22,3.3564741417173403e+22,1.0079423570064231e+23,9.98453613406521e+19,2392082.094025282,5.5408423612669875e+22,8.030201692440703e-44,1.0027755394395203e+20,401606.94688366354,1.330524109214318e+17,9.91181098223829e+16,644513817251054.0,1.0069422425152021e+23,1.001445015330278e+20,3.3564741417173403e+22
1803742702702.703,1461.7817176506398,256896403.24696037,1,1.1846246271297329e+22,3.3564741417173403e+22,1.0079423570064231e+23,9.98453613406521e+19,509652.64841852593,5.5408423612669875e+22,6.225170212269519e-44,1.0027755394395203e+20,85577.63854078576,1.3305241092363027e+17,9.906940593855043e+16,693217701083514.5,1.0069422425152021e+23,1.001445015330278e+20,3.3564741417173403e+22
1806901621621.6218,1459.4380779267356,256859221.84783277,1,1.1846246271297329e+22,3.3564741417173403e+22,1.0079423570064231e+23,9.98453613406521e+19,108587.83901447034,5.5408423612669875e+22,4.825874324951009e-44,1.0027755394395203e+20,18235.92396676977,1.3305241092409867e+17,9.901957221027438e+16,743051429359565.9,1.0069422425152021e+23,1.001445015330278e+20,3.3564741417173403e+22
1810060540540.5405,1457.0944382028313,256822234.87783483,1,1.1846246271297329e+22,3.3564741417173403e+22,1.0079423570064231e+23,9.98453613406521e+19,23136.451562841845,5.5408423612669875e+22,3.7411126452927676e-44,1.0027755394395203e+20,3886.007156257867,1.3305241092419848e+17,9.89685830353583e+16,794040604275645.4,1.0069422425152021e+23,1.001445015330278e+20,3.3564741417173403e+22
1813219459459.4595,1454.750798478927,256785442.75908613,1,1.1846246271297329e+22,3.3564741417173403e+22,1.0079423570064231e+23,9.98453613406521e+19,4929.704948040257,5.5408423612669875e+22,2.900184066627456e-44,1.0027755394395203e+20,828.1094179118954,1.3305241092421974e+17,9.891641226062523e+16,846211379008715.6,1.0069422425152021e+23,1.001445015330278e+20,3.3564741417173403e+22
1816378378378.3787,1452.4071587550225,256748845.9115311,1,1.1846246271297329e+22,3.3564741417173403e+22,1.0079423570064231e+23,9.98453613406521e+19,1050.3974798296322,5.5408423612669875e+22,2.2482797012014443e-44,1.0027755394395203e+20,176.47374893174856,1.3305241092422427e+17,9.886303317147523e+16,899590468158708.2,1.0069422425152021e+23,1.001445015330278e+20,3.3564741417173403e+22
1819537297297.2974,1450.0635190311182,256712444.75282407,1,1.1846246271297329e+22,3.3564741417173403e+22,1.0079423570064231e+23,9.98453613406521e+19,223.8179643412359,5.5408423612669875e+22,1.7429106217773615e-44,1.0027755394395203e+20,37.60804132517046,1.3305241092422523e+17,9.880841848131616e+16,954205158317774.9,1.0069422425152021e+23,1.001445015330278e+20,3.3564741417173403e+22
1822696216216.2163,1447.719879307214,256676239.698212,1,1.1846246271297329e+22,3.3564741417173403e+22,1.0079423570064231e+23,9.98453613406521e+19,47.69190761239443,5.5408423612669875e+22,1.35113857669979e-44,1.0027755394395203e+20,8.014740956895423,1.3305241092422544e+17,9.875254032087002e+16,1010083318763919.8,1.0069422425152021e+23,1.001445015330278e+20,3.3564741417173403e+22
1825855135135.1353,1445.3762395833096,256640231.16041443,1,1.1846246271297329e+22,3.3564741417173403e+22,1.0079423570064231e+23,9.98453613406521e+19,10.162554432643077,5.5408423612669875e+22,1.0474291857746981e-44,1.0027755394395203e+20,1.7080728567643249,1.3305241092422549e+17,9.869537022735765e+16,1067253412276288.6,1.0069422425152021e+23,1.001445015330278e+20,3.3564741417173403e+22
1829014054054.054,1443.0325998594053,256604419.54950058,1,1.1846246271297329e+22,3.3564741417173403e+22,1.0079423570064231e+23,9.98453613406521e+19,2.1655562541883118,5.5408423612669875e+22,8.119876955126075e-45,1.0027755394395203e+20,0.36402513700329564,1.330524109242255e+17,9.863687913356485e+16,1125744506069085.8,1.0069422425152021e+23,1.001445015330278e+20,3.3564741417173403e+22
1832172972972.9731,1440.6889601355008,256568805.27276373,1,1.1846246271297329e+22,3.3564741417173403e+22,1.0079423570064231e+23,9.98453613406521e+19,0.461470990196148,5.5408423612669875e+22,6.294688238768396e-45,1.0027755394395203e+20,0.07758261132165423,1.330524109242255e+17,9.857703735679317e+16,1185586282840759.5,1.0069422425152021e+23,1.001445015330278e+20,3.3564741417173403e+22
1835331891891.892,1438.3453204115965,256533388.73459348,1,1.1846246271297329e+22,3.3564741417173403e+22,1.0079423570064231e+23,9.98453613406521e+19,0.09833942069973539,5.5408423612669875e+22,4.879766065700678e-45,1.0027755394395203e+20,0.016535045868377785,1.330524109242255e+17,9.851581458769917e+16,1246809051934755.8,1.0069422425152021e+23,1.001445015330278e+20,3.3564741417173403e+22
1838490810810.811,1436.0016806876922,256498170.33634377,1,1.1846246271297329e+22,3.3564741417173403e+22,1.0079423570064231e+23,9.98453613406521e+19,0.02095651910715149,5.5408423612669875e+22,3.782890582143096e-45,1.0027755394395203e+20,0.003524149803446272,1.330524109242255e+17,9.845317987902614e+16,1309443760607773.5,1.0069422425152021e+23,1.001445015330278e+20,3.3564741417173403e+22
1841649729729.7297,1433.658040963788,256463150.47619972,1,1.1846246271297329e+22,3.3564741417173403e+22,1.0079423570064231e+23,9.98453613406521e+19,0.004466001519265073,5.5408423612669875e+22,2.93257114455796e-45,1.0027755394395203e+20,0.0007511232737271237,1.330524109242255e+17,9.838910163423283e+16,1373522005401077.8,1.0069422425152021e+23,1.001445015330278e+20,3.3564741417173403e+22
1844808648648.6487,1431.3144012398836,256428329.5490402,1,1.1846246271297329e+22,3.3564741417173403e+22,1.0079423570064231e+23,9.98453613406521e+19,0.0009517584850968846,5.5408423612669875e+22,2.2733868006887734e-45,1.0027755394395203e+20,0.0001600943231192765,1.330524109242255e+17,9.832354759602389e+16,1439076043610016.2,1.0069422425152021e+23,1.001445015330278e+20,3.3564741417173403e+22
1847967567567.5679,1428.9707615159791,256393707.9462986,1,1.1846246271297329e+22,3.3564741417173403e+22,1.0079423570064231e+23,9.98453613406521e+19,0.00020283494348214304,5.5408423612669875e+22,1.762374138863382e-45,1.0027755394395203e+20,3.412309816706578e-05,1.330524109242255e+17,9.825648483478744e+16,1506138804846470.0,1.0069422425152021e+23,1.001445015330278e+20,3.3564741417173403e+22
1851126486486.4866,1426.6271217920748,256359286.05581984,1,1.1846246271297329e+22,3.3564741417173403e+22,1.0079423570064231e+23,9.98453613406521e+19,4.322817249161317e-05,5.5408423612669875e+22,1.3662270777649564e-45,1.0027755394395203e+20,7.273253807903537e-06,1.330524109242255e+17,9.818787973694539e+16,1574743902688514.8,1.0069422425152021e+23,1.001445015330278e+20,3.3564741417173403e+22
1854285405405.4055,1424.2834820681705,256325064.26171488,1,1.1846246271297329e+22,3.3564741417173403e+22,1.0079423570064231e+23,9.98453613406521e+19,9.212956345987908e-06,5.5408423612669875e+22,1.0591260884150253e-45,1.0027755394395203e+20,1.5503035761198599e-06,1.330524109242255e+17,9.81176979932228e+16,1644925646411109.0,1.0069422425152021e+23,1.001445015330278e+20,3.3564741417173403e+22
1857444324324.3245,1421.9398423442663,256291042.94421223,1,1.1846246271297329e+22,3.3564741417173403e+22,1.0079423570064231e+23,9.98453613406521e+19,1.963537242536271e-06,5.5408423612669875e+22,8.21055364380866e-46,1.0027755394395203e+20,3.3045507585529346e-07,1.330524109242255e+17,9.804590458684278e+16,1716719052791124.5,1.0069422425152021e+23,1.001445015330278e+20,3.3564741417173403e+22
1860603243243.2432,1419.596202620362,256257222.47950637,1,1.1846246271297329e+22,3.3564741417173403e+22,1.0079423570064231e+23,9.98453613406521e+19,4.184920568840162e-07,5.5408423612669875e+22,6.364982590386668e-46,1.0027755394395203e+20,7.043941358818553e-08,1.330524109242255e+17,9.797246378165438e+16,1790159857979523.0,1.0069422425152021e+23,1.001445015330278e+20,3.3564741417173403e+22
1863762162162.1624,1417.2525628964574,256223603.2396032,1,1.1846246271297329e+22,3.3564741417173403e+22,1.0079423570064231e+23,9.98453613406521e+19,8.919555190094092e-08,5.5408423612669875e+22,4.9342596289441525e-46,1.0027755394395203e+20,1.501504426004992e-08,1.330524109242255e+17,9.789733911020098e+16,1865284529432938.5,1.0069422425152021e+23,1.001445015330278e+20,3.3564741417173403e+22
1866921081081.0813,1414.9089231725532,256190185.5921624,1,1.1846246271297329e+22,3.3564741417173403e+22,1.0079423570064231e+23,9.98453613406521e+19,1.9011090555677376e-08,5.5408423612669875e+22,3.825135063621444e-46,1.0027755394395203e+20,3.2007004847222277e-09,1.330524109242255e+17,9.782049336173757e+16,1942130277896352.8,1.0069422425152021e+23,1.001445015330278e+20,3.3564741417173403e+22
1870080000000.0,1412.5652834486489,256156969.90033674,1,1.1846246271297329e+22,3.3564741417173403e+22,1.0079423570064231e+23,9.98453613406521e+19,4.052086186792662e-09,5.5408423612669875e+22,2.965319897055589e-46,1.0027755394395203e+20,6.822930415989823e-10,1.330524109242255e+17,9.774188857020597e+16,2020735069427957.8,1.0069422425152021e+23,1.001445015330278e+20,3.3564741417173403e+22
1873238918918.919,1410.2216437247446,256123956.52260864,1,1.1846246271297329e+22,3.3564741417173403e+22,1.0079423570064231e+23,9.98453613406521e+19,8.636903793863453e-10,5.5408423612669875e+22,2.2987742774104522e-46,1.0027755394395203e+20,1.454468398705195e-10,1.330524109242255e+17,9.766148600217726e+16,2101137637456669.0,1.0069422425152021e+23,1.001445015330278e+20,3.3564741417173403e+22
1876397837837.838,1407.8780040008403,256091145.81262293,1,1.1846246271297329e+22,3.3564741417173403e+22,1.0079423570064231e+23,9.98453613406521e+19,1.840963628780234e-10,5.5408423612669875e+22,1.7820550098932156e-46,1.0027755394395203e+20,3.1005949253186426e-11,1.330524109242255e+17,9.757924614477184e+16,2183377494862099.5,1.0069422425152021e+23,1.001445015330278e+20,3.3564741417173403e+22
1879556756756.757,1405.5343642769358,256058538.11901748,1,1.1846246271297329e+22,3.3564741417173403e+22,1.0079423570064231e+23,9.98453613406521e+19,3.9240994667110156e-11,5.5408423612669875e+22,1.3814840758801808e-46,1.0027755394395203e+20,6.609873101889718e-12,1.330524109242255e+17,9.749512869356782e+16,2267494946066117.0,1.0069422425152021e+23,1.001445015330278e+20,3.3564741417173403e+22
1882715675675.6758,1403.1907245530315,256026133.78524986,1,1.1846246271297329e+22,3.3564741417173403e+22,1.0079423570064231e+23,9.98453613406521e+19,8.36454712550781e-12,5.5408423612669875e+22,1.0709536132809268e-46,1.0027755394395203e+20,1.4091217321435392e-12,1.330524109242255e+17,9.740909254050955e+16,2353531099124384.0,1.0069422425152021e+23,1.001445015330278e+20,3.3564741417173403e+22
1885874594594.5947,1400.8470848291272,255993933.1494214,1,1.1846246271297329e+22,3.3564741417173403e+22,1.0079423570064231e+23,9.98453613406521e+19,1.7830044927288879e-12,5.5408423612669875e+22,8.302242941662036e-47,1.0027755394395203e+20,3.0040776758745546e-13,1.330524109242255e+17,9.73210957618284e+16,2441527877805535.0,1.0069422425152021e+23,1.001445015330278e+20,3.3564741417173403e+22
1889033513513.5137,1398.503445105223,255961936.54409814,1,1.1846246271297329e+22,3.3564741417173403e+22,1.0079423570064231e+23,9.98453613406521e+19,3.800755883179768e-13,5.5408423612669875e+22,6.436061936540334e-47,1.0027755394395203e+20,6.404437770800868e-14,1.330524109242255e+17,9.723109560598909e+16,2531528033644849.5,1.0069422425152021e+23,1.001445015330278e+20,3.3564741417173403e+22
1892192432432.4326,1396.1598053813184,255930144.29612818,1,1.1846246271297329e+22,3.3564741417173403e+22,1.0079423570064231e+23,9.98453613406521e+19,8.102051560122632e-14,5.5408423612669875e+22,4.989361735383138e-47,1.0027755394395203e+20,1.3653941014690977e-14,1.330524109242255e+17,9.713904848167547e+16,2623575157958464.0,1.0069422425152021e+23,1.001445015330278e+20,3.3564741417173403e+22
1895351351351.3516,1393.816165657414,255898556.72645676,1,1.1846246271297329e+22,3.3564741417173403e+22,1.0079423570064231e+23,9.98453613406521e+19,1.7271397103671778e-14,5.5408423612669875e+22,3.8678512997478886e-47,1.0027755394395203e+20,2.9109996107227467e-15,1.330524109242255e+17,9.704490994583064e+16,2717713693803300.0,1.0069422425152021e+23,1.001445015330278e+20,3.3564741417173403e+22
1898510270270.2705,1391.4725259335098,255867174.14993733,1,1.1846246271297329e+22,3.3564741417173403e+22,1.0079423570064231e+23,9.98453613406521e+19,3.681860507294112e-15,5.5408423612669875e+22,2.998434363030328e-47,1.0027755394395203e+20,6.206308191245457e-16,1.330524109242255e+17,9.694863469176694e+16,2813988947866995.0,1.0069422425152021e+23,1.001445015330278e+20,3.3564741417173403e+22
1901669189189.1892,1389.1288862096055,255835996.8751403,1,1.1846246271297329e+22,3.3564741417173403e+22,1.0079423570064231e+23,9.98453613406521e+19,7.849003792128037e-16,5.5408423612669875e+22,2.3244452624089007e-47,1.0027755394395203e+20,1.323218446167775e-16,1.330524109242255e+17,9.685017653736275e+16,2912447102271179.5,1.0069422425152021e+23,1.001445015330278e+20,3.3564741417173403e+22
1904828108108.1082,1386.7852464857012,255805025.20415798,1,1.1846246271297329e+22,3.3564741417173403e+22,1.0079423570064231e+23,9.98453613406521e+19,1.6732816470984763e-16,5.5408423612669875e+22,1.8019556621124985e-47,1.0027755394395203e+20,2.8212185173841593e-17,1.330524109242255e+17,9.674948841336346e+16,3013135226270469.5,1.0069422425152021e+23,1.001445015330278e+20,3.3564741417173403e+22
1907987027027.0273,1384.4416067617967,255774259.43240726,1,1.1846246271297329e+22,3.3564741417173403e+22,1.0079423570064231e+23,9.98453613406521e+19,3.5672275204559034e-17,5.5408423612669875e+22,1.3969114526939955e-47,1.0027755394395203e+20,6.01518277279927e-18,1.330524109242255e+17,9.66465223518054e+16,3116101287828523.0,1.0069422425152021e+23,1.001445015330278e+20,3.3564741417173403e+22
1911145945945.946,1382.0979670378924,255743699.84842855,1,1.1846246271297329e+22,3.3564741417173403e+22,1.0079423570064231e+23,9.98453613406521e+19,7.605009807212533e-18,5.5408423612669875e+22,1.0829132190633351e-47,1.0027755394395203e+20,1.282530806547259e-18,1.330524109242255e+17,9.654122947458248e+16,3221394165051448.0,1.0069422425152021e+23,1.001445015330278e+20,3.3564741417173403e+22
1914304864864.865,1379.7543273139881,255713346.73368192,1,1.1846246271297329e+22,3.3564741417173403e+22,1.0079423570064231e+23,9.98453613406521e+19,1.6213467533930401e-18,5.5408423612669875e+22,8.394956156745062e-48,1.0027755394395203e+20,2.7345987507543123e-19,1.330524109242255e+17,9.64335599821762e+16,3329063657457743.0,1.0069422425152021e+23,1.001445015330278e+20,3.3564741417173403e+22
1917463783783.784,1377.4106875900839,255683200.36234054,1,1.1846246271297329e+22,3.3564741417173403e+22,1.0079423570064231e+23,9.98453613406521e+19,3.456679754705208e-19,5.5408423612669875e+22,6.507935043458919e-48,1.0027755394395203e+20,5.830773834722036e-20,1.330524109242255e+17,9.632346314257114e+16,3439160497062796.0,1.0069422425152021e+23,1.001445015330278e+20,3.3564741417173403e+22
1920622702702.703,1375.0670478661796,255653261.00108048,1,1.1846246271297329e+22,3.3564741417173403e+22,1.0079423570064231e+23,9.98453613406521e+19,7.369693910315222e-20,5.5408423612669875e+22,5.0450791807710947e-48,1.0027755394395203e+20,1.2432701690541063e-20,1.330524109242255e+17,9.621088728037917e+16,3551736359254771.0,1.0069422425152021e+23,1.001445015330278e+20,3.3564741417173403e+22
1923781621621.6218,1372.723408142275,255623528.90886834,1,1.1846246271297329e+22,3.3564741417173403e+22,1.0079423570064231e+23,9.98453613406521e+19,1.5712553592395856e-20,5.5408423612669875e+22,3.9110445587241074e-48,1.0027755394395203e+20,2.6510109059448838e-21,1.330524109242255e+17,9.609577976619648e+16,3666843873437466.5,1.0069422425152021e+23,1.001445015330278e+20,3.3564741417173403e+22
1926940540540.5408,1370.3797684183708,255594004.33674535,1,1.1846246271297329e+22,3.3564741417173403e+22,1.0079423570064231e+23,9.98453613406521e+19,3.3500482580454363e-21,5.5408423612669875e+22,3.03191862649568e-48,1.0027755394395203e+20,5.652806913991833e-22,1.330524109242255e+17,9.597808700621952e+16,3784536633414423.5,1.0069422425152021e+23,1.001445015330278e+20,3.3564741417173403e+22
1930099459459.4597,1368.0361286944665,255564687.5276088,1,1.1846246271297329e+22,3.3564741417173403e+22,1.0079423570064231e+23,9.98453613406521e+19,7.142697806393303e-22,5.5408423612669875e+22,2.35040292169167e-48,1.0027755394395203e+20,1.2053783199140524e-22,1.330524109242255e+17,9.585775443214672e+16,3904869207487229.5,1.0069422425152021e+23,1.001445015330278e+20,3.3564741417173403e+22
1933258378378.3784,1365.6924889705622,255535578.71599114,1,1.1846246271297329e+22,3.3564741417173403e+22,1.0079423570064231e+23,9.98453613406521e+19,1.522931479745077e-22,5.5408423612669875e+22,1.8220785498725224e-48,1.0027755394395203e+20,2.5703315087061257e-23,1.330524109242255e+17,9.57347264913944e+16,4027897148239546.0,1.0069422425152021e+23,1.001445015330278e+20,3.3564741417173403e+22
1936417297297.2974,1363.348849246658,255506678.12783524,1,1.1846246271297329e+22,3.3564741417173403e+22,1.0079423570064231e+23,9.98453613406521e+19,3.247171883313848e-23,5.5408423612669875e+22,1.4125111108677704e-48,1.0027755394395203e+20,5.4810201104758445e-24,1.330524109242255e+17,9.5608946637657e+16,4153677001976955.5,1.0069422425152021e+23,1.001445015330278e+20,3.3564741417173403e+22
1939576216216.2166,1361.0052095227534,255477985.9802682,1,1.1846246271297329e+22,3.3564741417173403e+22,1.0079423570064231e+23,9.98453613406521e+19,6.923679730919066e-24,5.5408423612669875e+22,1.0950063807427466e-48,1.0027755394395203e+20,1.1687997066167848e-24,1.330524109242255e+17,9.548035732184275e+16,4282266317791197.5,1.0069422425152021e+23,1.001445015330278e+20,3.3564741417173403e+22
1942735135135.1353,1358.661569798849,255449502.48137164,1,1.1846246271297329e+22,3.3564741417173403e+22,1.0079423570064231e+23,9.98453613406521e+19,1.4763026312379544e-24,5.5408423612669875e+22,8.488704723396507e-49,1.0027755394395203e+20,2.4924427224203226e-25,1.330524109242255e+17,9.534889998341813e+16,4413723656215816.5,1.0069422425152021e+23,1.001445015330278e+20,3.3564741417173403e+22
1945894054054.0542,1356.3179300749448,255421227.82994953,1,1.1846246271297329e+22,3.3564741417173403e+22,1.0079423570064231e+23,9.98453613406521e+19,3.1478968992369507e-25,5.5408423612669875e+22,6.580610775266615e-49,1.0027755394395203e+20,5.315163467106477e-26,1.330524109242255e+17,9.521451504219533e+16,4548108597438622.0,1.0069422425152021e+23,1.001445015330278e+20,3.3564741417173403e+22
1949052972972.9731,1353.9742903510405,255393162.2152941,1,1.1846246271297329e+22,3.3564741417173403e+22,1.0079423570064231e+23,9.98453613406521e+19,6.712313627235651e-26,5.5408423612669875e+22,5.101418836751348e-49,1.0027755394395203e+20,1.133481306795582e-26,1.330524109242255e+17,9.507714189059926e+16,4685481749034679.0,1.0069422425152021e+23,1.001445015330278e+20,3.3564741417173403e+22
1952211891891.8918,1351.6306506271362,255365305.81694847,1,1.1846246271297329e+22,3.3564741417173403e+22,1.0079423570064231e+23,9.98453613406521e+19,1.4312996572689992e-26,5.5408423612669875e+22,3.95472016758309e-49,1.0027755394395203e+20,2.4172320707165155e-27,1.330524109242255e+17,9.493671888645211e+16,4825904753181824.0,1.0069422425152021e+23,1.001445015330278e+20,3.3564741417173403e+22
1955370810810.811,1349.2870109032317,255337658.8044678,1,1.1846246271297329e+22,3.3564741417173403e+22,1.0079423570064231e+23,9.98453613406521e+19,3.0520766223923363e-27,5.5408423612669875e+22,3.06577681707234e-49,1.0027755394395203e+20,5.154998383057969e-28,1.330524109242255e+17,9.479318334631504e+16,4969440293318902.0,1.0069422425152021e+23,1.001445015330278e+20,3.3564741417173403e+22
1958529729729.73,1346.9433711793274,255310221.33717743,1,1.1846246271297329e+22,3.3564741417173403e+22,1.0079423570064231e+23,9.98453613406521e+19,6.508288368073562e-28,5.5408423612669875e+22,2.3766504566219046e-49,1.0027755394395203e+20,1.0993725040785145e-28,1.330524109242255e+17,9.464647153942888e+16,5116152100205067.0,1.0069422425152021e+23,1.001445015330278e+20,3.3564741417173403e+22
1961688648648.649,1344.5997314554231,255282993.5639294,1,1.1846246271297329e+22,3.3564741417173403e+22,1.0079423570064231e+23,9.98453613406521e+19,1.3878565639404563e-28,5.5408423612669875e+22,1.84242615493293e-49,1.0027755394395203e+20,2.3445921748137766e-29,1.330524109242255e+17,9.449651868229736e+16,5266104957336585.0,1.0069422425152021e+23,1.001445015330278e+20,3.3564741417173403e+22
1964847567567.5676,1342.2560917315188,255255975.62285686,1,1.1846246271297329e+22,3.3564741417173403e+22,1.0079423570064231e+23,9.98453613406521e+19,2.9595710688753004e-29,5.5408423612669875e+22,1.4282849743103678e-49,1.0027755394395203e+20,5.000297058039245e-30,1.330524109242255e+17,9.434325893395835e+16,5419364705675586.0,1.0069422425152021e+23,1.001445015330278e+20,3.3564741417173403e+22
1968006486486.4866,1339.9124520076145,255229167.64112613,1,1.1846246271297329e+22,3.3564741417173403e+22,1.0079423570064231e+23,9.98453613406521e+19,6.311307018691743e-30,5.5408423612669875e+22,1.1072345897711326e-49,1.0027755394395203e+20,1.06642497051349e-30,1.330524109242255e+17,9.418662539199074e+16,5575998247643194.0,1.0069422425152021e+23,1.001445015330278e+20,3.3564741417173403e+22
1971165405405.4058,1337.56881228371,255202569.73468757,1,1.1846246271297329e+22,3.3564741417173403e+22,1.0079423570064231e+23,9.98453613406521e+19,1.3459103640281222e-30,5.5408423612669875e+22,8.583500203645245e-50,1.0027755394395203e+20,2.274420504752808e-31,1.330524109242255e+17,9.402655008930658e+16,5736073550327360.0,1.0069422425152021e+23,1.001445015330278e+20,3.3564741417173403e+22
1974324324324.3245,1335.2251725598057,255176182.00802428,1,1.1846246271297329e+22,3.3564741417173403e+22,1.0079423570064231e+23,9.98453613406521e+19,2.8702466245404522e-31,5.5408423612669875e+22,6.654098095075499e-50,1.0027755394395203e+20,4.8508419659290296e-32,1.330524109242255e+17,9.386296399178038e+16,5899659647853557.0,1.0069422425152021e+23,1.001445015330278e+20,3.3564741417173403e+22
1977483243243.2434,1332.8815328359015,255150004.55389944,1,1.1846246271297329e+22,3.3564741417173403e+22,1.0079423570064231e+23,9.98453613406521e+19,6.121086139258705e-32,5.5408423612669875e+22,5.15838765170458e-50,1.0027755394395203e+20,1.0345925551925987e-32,1.330524109242255e+17,9.369579699676965e+16,6066826642864285.0,1.0069422425152021e+23,1.001445015330278e+20,3.3564741417173403e+22
1980642162162.1624,1330.5378931119972,255124037.4531023,1,1.1846246271297329e+22,3.3564741417173403e+22,1.0079423570064231e+23,9.98453613406521e+19,1.3054009293930926e-32,5.5408423612669875e+22,3.998883512846136e-50,1.0027755394395203e+20,2.2066191437255402e-33,1.330524109242255e+17,9.352497793258288e+16,6237645707051049.0,1.0069422425152021e+23,1.001445015330278e+20,3.3564741417173403e+22
1983801081081.081,1328.1942533880929,255098280.77419248,1,1.1846246271297329e+22,3.3564741417173403e+22,1.0079423570064231e+23,9.98453613406521e+19,2.783975732755893e-33,5.5408423612669875e+22,3.1000131104975084e-50,1.0027755394395203e+20,4.706425356084463e-34,1.330524109242255e+17,9.335043455895381e+16,6412189080680121.0,1.0069422425152021e+23,1.001445015330278e+20,3.3564741417173403e+22
1986960000000.0002,1325.8506136641884,255072734.57324404,1,1.1846246271297329e+22,3.3564741417173403e+22,1.0079423570064231e+23,9.98453613406521e+19,5.937355124230837e-34,5.5408423612669875e+22,2.4031911043131705e-50,1.0027755394395203e+20,1.0038311787235168e-34,1.330524109242255e+17,9.317209356858293e+16,6590530071051007.0,1.0069422425152021e+23,1.001445015330278e+20,3.3564741417173403e+22
1990118918918.9192,1323.506973940284,255047398.89358735,1,1.1846246271297329e+22,3.3564741417173403e+22,1.0079423570064231e+23,9.98453613406521e+19,1.2662708512096887e-34,5.5408423612669875e+22,1.863000986767794e-50,1.0027755394395203e+20,2.1410945647586063e-35,1.330524109242255e+17,9.298988058980987e+16,6772743049824060.0,1.0069422425152021e+23,1.001445015330278e+20,3.3564741417173403e+22
1993277837837.838,1321.1633342163798,255022273.76555145,1,1.1846246271297329e+22,3.3564741417173403e+22,1.0079423570064231e+23,9.98453613406521e+19,2.700636598670466e-35,5.5408423612669875e+22,1.444234988415421e-50,1.0027755394395203e+20,4.566848780752643e-36,1.330524109242255e+17,9.280372019048275e+16,6958903449151177.0,1.0069422425152021e+23,1.001445015330278e+20,3.3564741417173403e+22
1996436756756.7568,1318.8196944924755,254997359.20620462,1,1.1846246271297329e+22,3.3564741417173403e+22,1.0079423570064231e+23,9.98453613406521e+19,5.75985557661808e-36,5.5408423612669875e+22,1.1195993542558808e-50,1.0027755394395203e+20,9.740987332161645e-37,1.330524109242255e+17,9.261353588309301e+16,7149087756540924.0,1.0069422425152021e+23,1.001445015330278e+20,3.3564741417173403e+22
1999595675675.6758,1316.4760547685712,254972655.21909547,1,1.1846246271297329e+22,3.3564741417173403e+22,1.0079423570064231e+23,9.98453613406521e+19,1.2284653075641776e-36,5.5408423612669875e+22,8.679354288636211e-51,1.0027755394395203e+20,2.0777574190505826e-37,1.330524109242255e+17,9.241925013124712e+16,7343373508386804.0,1.0069422425152021e+23,1.001445015330278e+20,3.3564741417173403e+22
2002754594594.5947,1314.1324150446667,254948161.79399318,1,1.1846246271297329e+22,3.3564741417173403e+22,1.0079423570064231e+23,9.98453613406521e+19,2.620112909053732e-37,5.5408423612669875e+22,6.72840606609095e-51,1.0027755394395203e+20,4.431922647105838e-38,1.330524109242255e+17,9.222078435754922e+16,7541839282084701.0,1.0069422425152021e+23,1.001445015330278e+20,3.3564741417173403e+22
2005913513513.5137,1311.7887753207624,254923878.9066281,1,1.1846246271297329e+22,3.3564741417173403e+22,1.0079423570064231e+23,9.98453613406521e+19,5.588340715151463e-38,5.5408423612669875e+22,5.215992651605769e-51,1.0027755394395203e+20,9.453549874724081e-39,1.330524109242255e+17,9.201805895297112e+16,7744564686662792.0,1.0069422425152021e+23,1.001445015330278e+20,3.3564741417173403e+22
2009072432432.4326,1309.445135596858,254899806.5184322,1,1.1846246271297329e+22,3.3564741417173403e+22,1.0079423570064231e+23,9.98453613406521e+19,1.1919319380050546e-38,5.5408423612669875e+22,4.0435400411871666e-51,1.0027755394395203e+20,2.0165223353030755e-39,1.330524109242255e+17,9.181099328778947e+16,7951630351844445.0,1.0069422425152021e+23,1.001445015330278e+20,3.3564741417173403e+22
2012231351351.3516,1307.1014958729538,254875944.57628003,1,1.1846246271297329e+22,3.3564741417173403e+22,1.0079423570064231e+23,9.98453613406521e+19,2.5422935668235748e-39,5.5408423612669875e+22,3.1346317291398826e-51,1.0027755394395203e+20,4.301465792507591e-40,1.330524109242255e+17,9.159950572417214e+16,8163117915461774.0,1.0069422425152021e+23,1.001445015330278e+20,3.3564741417173403e+22
2015390270270.2703,1304.7578561490495,254852293.01223037,1,1.1846246271297329e+22,3.3564741417173403e+22,1.0079423570064231e+23,9.98453613406521e+19,5.42257481248389e-40,5.5408423612669875e+22,2.430028138028687e-51,1.0027755394395203e+20,9.175614970846138e-41,1.330524109242255e+17,9.138351363049923e+16,8379110009134688.0,1.0069422425152021e+23,1.001445015330278e+20,3.3564741417173403e+22
2018549189189.1895,1302.414216425145,254828851.74326858,1,1.1846246271297329e+22,3.3564741417173403e+22,1.0079423570064231e+23,9.98453613406521e+19,1.1566207246503602e-40,5.5408423612669875e+22,1.883805582875109e-51,1.0027755394395203e+20,1.9573077294248775e-41,1.330524109242255e+17,9.11629333975066e+16,8599690242127333.0,1.0069422425152021e+23,1.001445015330278e+20,3.3564741417173403e+22
2021708108108.1084,1300.0705767012407,254805620.67105016,1,1.1846246271297329e+22,3.3564741417173403e+22,1.0079423570064231e+23,9.98453613406521e+19,2.4670724394283507e-41,5.5408423612669875e+22,1.4603631203012576e-51,1.0027755394395203e+20,4.175305081697962e-42,1.330524109242255e+17,9.0937680456343e+16,8824943183290920.0,1.0069422425152021e+23,1.001445015330278e+20,3.3564741417173403e+22
2024867027027.027,1297.7269369773364,254782599.68164557,1,1.1846246271297329e+22,3.3564741417173403e+22,1.0079423570064231e+23,9.98453613406521e+19,5.262332662664915e-42,5.5408423612669875e+22,1.1321021991457891e-51,1.0027755394395203e+20,8.906815191659975e-43,1.330524109242255e+17,9.070766929863496e+16,9054954340998974.0,1.0069422425152021e+23,1.001445015330278e+20,3.3564741417173403e+22
2028025945945.946,1295.3832972534321,254759788.64528656,1,1.1846246271297329e+22,3.3564741417173403e+22,1.0079423570064231e+23,9.98453613406521e+19,1.1224838794805917e-42,5.5408423612669875e+22,8.776278800072271e-52,1.0027755394395203e+20,1.90003562402384e-43,1.330524109242255e+17,9.047281349865589e+16,9289810140978048.0,1.0069422425152021e+23,1.001445015330278e+20,3.3564741417173403e+22
2031184864864.865,1293.0396575295279,254737187.41611448,1,1.1846246271297329e+22,3.3564741417173403e+22,1.0079423570064231e+23,9.98453613406521e+19,2.3943481202997296e-43,5.5408423612669875e+22,6.803543852729426e-52,1.0027755394395203e+20,4.0532750246630624e-44,1.330524109242255e+17,9.023302573769997e+16,9529597901933974.0,1.0069422425152021e+23,1.001445015330278e+20,3.3564741417173403e+22
2034343783783.784,1290.6960178056233,254714795.8319306,1,1.1846246271297329e+22,3.3564741417173403e+22,1.0079423570064231e+23,9.98453613406521e+19,5.10739907623829e-44,5.5408423612669875e+22,5.2742409408907096e-52,1.0027755394395203e+20,8.646799314525679e-45,1.330524109242255e+17,8.998821783076322e+16,9774405808870728.0,1.0069422425152021e+23,1.001445015330278e+20,3.3564741417173403e+22
2037502702702.703,1288.352378081719,254692613.71394905,1,1.1846246271297329e+22,3.3564741417173403e+22,1.0079423570064231e+23,9.98453613406521e+19,1.0894757374715425e-44,5.5408423612669875e+22,4.088695260104471e-52,1.0027755394395203e+20,1.8446314771414214e-45,1.330524109242255e+17,8.973830075563794e+16,1.002432288399601e+16,1.0069422425152021e+23,1.001445015330278e+20,3.3564741417173403e+22
2040661621621.6218,1286.0087383578148,254670640.8665521,1,1.1846246271297329e+22,3.3564741417173403e+22,1.0079423570064231e+23,9.98453613406521e+19,2.3240237026698227e-45,5.5408423612669875e+22,3.1696369425204047e-52,1.0027755394395203e+20,3.9352174140715266e-46,1.330524109242255e+17,8.94831846845293e+16,1.0279438955104646e+16,1.0069422425152021e+23,1.001445015330278e+20,3.3564741417173403e+22
2043820540540.5405,1283.6650986339105,254648877.07704872,1,1.1846246271297329e+22,3.3564741417173403e+22,1.0079423570064231e+23,9.98453613406521e+19,4.9575684016533235e-46,5.5408423612669875e+22,2.457164867585019e-52,1.0027755394395203e+20,8.395231555674536e-47,1.330524109242255e+17,8.922277901830595e+16,1.0539844621327998e+16,1.0069422425152021e+23,1.001445015330278e+20,3.3564741417173403e+22
2046979459459.4595,1281.3214589100062,254627322.115436,1,1.1846246271297329e+22,3.3564741417173403e+22,1.0079423570064231e+23,9.98453613406521e+19,1.0575526554324481e-46,5.5408423612669875e+22,1.9048425090897416e-52,1.0027755394395203e+20,1.7910240199957997e-47,1.330524109242255e+17,8.895699242349931e+16,1.0805631216134642e+16,1.0069422425152021e+23,1.001445015330278e+20,3.3564741417173403e+22
2050138378378.3787,1278.9778191861017,254605975.73416486,1,1.1846246271297329e+22,3.3564741417173403e+22,1.0079423570064231e+23,9.98453613406521e+19,2.2560065665675403e-47,5.5408423612669875e+22,1.4766713590535075e-52,1.0027755394395203e+20,3.8209809833945576e-48,1.330524109242255e+17,8.868573287216925e+16,1.10768907674647e+16,1.0069422425152021e+23,1.001445015330278e+20,3.3564741417173403e+22
2053297297297.2976,1276.6341794621974,254584837.66790906,1,1.1846246271297329e+22,3.3564741417173403e+22,1.0079423570064231e+23,9.98453613406521e+19,4.812644083232529e-48,5.5408423612669875e+22,1.1447446664191395e-52,1.0027755394395203e+20,8.151790859320091e-49,1.330524109242255e+17,8.840890768475651e+16,1.135371595487743e+16,1.0069422425152021e+23,1.001445015330278e+20,3.3564741417173403e+22
2056456216216.2163,1274.290539738293,254563907.6333385,1,1.1846246271297329e+22,3.3564741417173403e+22,1.0079423570064231e+23,9.98453613406521e+19,1.0266729253186677e-48,5.5408423612669875e+22,8.874285691672191e-53,1.0027755394395203e+20,1.7391451165487207e-49,1.330524109242255e+17,8.812642357604502e+16,1.1636200063588924e+16,1.0069422425152021e+23,1.001445015330278e+20,3.3564741417173403e+22
2059615135135.1353,1271.9469000143888,254543185.3288975,1,1.1846246271297329e+22,3.3564741417173403e+22,1.0079423570064231e+23,9.98453613406521e+19,2.1902082487268976e-49,5.5408423612669875e+22,6.879520721748704e-53,1.0027755394395203e+20,3.7104211878241643e-50,1.330524109242255e+17,8.783818670435982e+16,1.192443693527413e+16,1.0069422425152021e+23,1.001445015330278e+20,3.3564741417173403e+22
2062774054054.0542,1269.6032602904845,254522670.43458718,1,1.1846246271297329e+22,3.3564741417173403e+22,1.0079423570064231e+23,9.98453613406521e+19,4.67243879998419e-50,5.5408423612669875e+22,5.333139703332198e-53,1.0027755394395203e+20,7.916171040751121e-51,1.330524109242255e+17,8.754410272412906e+16,1.2218520915504892e+16,1.0069422425152021e+23,1.001445015330278e+20,3.3564741417173403e+22
2065932972972.9731,1267.25962056658,254502362.61175388,1,1.1846246271297329e+22,3.3564741417173403e+22,1.0079423570064231e+23,9.98453613406521e+19,9.967971247496721e-51,5.5408423612669875e+22,4.1343547385999425e-53,1.0027755394395203e+20,1.688930264427839e-51,1.330524109242255e+17,8.724407684194069e+16,1.251854679769326e+16,1.0069422425152021e+23,1.001445015330278e+20,3.3564741417173403e+22
2069091891891.892,1264.9159808426757,254482261.50288284,1,1.1846246271297329e+22,3.3564741417173403e+22,1.0079423570064231e+23,9.98453613406521e+19,2.1265476741986213e-51,5.5408423612669875e+22,3.205033067838818e-53,1.0027755394395203e+20,3.6034049137131605e-52,1.330524109242255e+17,8.693801387622686e+16,1.2824609763407082e+16,1.0069422425152021e+23,1.001445015330278e+20,3.3564741417173403e+22
2072250810810.811,1262.5723411187714,254462366.7313973,1,1.1846246271297329e+22,3.3564741417173403e+22,1.0079423570064231e+23,9.98453613406521e+19,4.536800606960495e-52,5.5408423612669875e+22,2.484604639760277e-53,1.0027755394395203e+20,7.688119046795927e-53,1.330524109242255e+17,8.662581832071118e+16,1.3136805318922764e+16,1.0069422425152021e+23,1.001445015330278e+20,3.3564741417173403e+22
2075409729729.7297,1260.2287013948671,254442677.90146467,1,1.1846246271297329e+22,3.3564741417173403e+22,1.0079423570064231e+23,9.98453613406521e+19,9.67908613163431e-53,5.5408423612669875e+22,1.926114359899875e-53,1.0027755394395203e+20,1.640348627964157e-53,1.330524109242255e+17,8.630739441175578e+16,1.3455229227878178e+16,1.0069422425152021e+23,1.001445015330278e+20,3.3564741417173403e+22
2078568648648.6487,1257.8850616709628,254423194.5978086,1,1.1846246271297329e+22,3.3564741417173403e+22,1.0079423570064231e+23,9.98453613406521e+19,2.065110537100516e-53,5.5408423612669875e+22,1.4931617159704129e-53,1.0027755394395203e+20,3.5000441033823227e-54,1.330524109242255e+17,8.598264619974698e+16,1.3779977439886974e+16,1.0069422425152021e+23,1.001445015330278e+20,3.3564741417173403e+22
2081727567567.5676,1255.5414219470586,254403916.3855287,1,1.1846246271297329e+22,3.3564741417173403e+22,1.0079423570064231e+23,9.98453613406521e+19,4.4068495379325736e-54,5.5408423612669875e+22,1.1575283152738687e-53,1.0027755394395203e+20,7.469247863497933e-55,1.330524109242255e+17,8.565147762465987e+16,1.4111146014974082e+16,1.0069422425152021e+23,1.001445015330278e+20,3.3564741417173403e+22
2084886486486.4866,1253.1977822231543,254384842.80992672,1,1.1846246271297329e+22,3.3564741417173403e+22,1.0079423570064231e+23,9.98453613406521e+19,9.409724032595082e-55,5.5408423612669875e+22,8.97338705064489e-54,1.0027755394395203e+20,1.5948088997605131e-55,1.330524109242255e+17,8.531379259594299e+16,1.4448831043690962e+16,1.0069422425152021e+23,1.001445015330278e+20,3.3564741417173403e+22
2088045405405.4053,1250.85414249925,254365973.3963412,1,1.1846246271297329e+22,3.3564741417173403e+22,1.0079423570064231e+23,9.98453613406521e+19,2.013583230260758e-55,5.5408423612669875e+22,6.956346043390752e-54,1.0027755394395203e+20,3.411595844044616e-56,1.330524109242255e+17,8.49694950768657e+16,1.4793128562768258e+16,1.0069422425152021e+23,1.001445015330278e+20,3.3564741417173403e+22
2091204324324.3247,1248.5105027753455,254347307.64998987,1,1.1846246271297329e+22,3.3564741417173403e+22,1.0079423570064231e+23,9.98453613406521e+19,4.342608685321607e-56,5.5408423612669875e+22,5.392696202926015e-54,1.0027755394395203e+20,7.347544079556723e-57,1.330524109242255e+17,8.461848917347109e+16,1.514413446616286e+16,1.0069422425152021e+23,1.001445015330278e+20,3.3564741417173403e+22
2094363243243.2437,1246.1668630514412,254328845.05582026,1,1.1846246271297329e+22,3.3564741417173403e+22,1.0079423570064231e+23,9.98453613406521e+19,9.62612739461224e-57,5.5408423612669875e+22,4.180524107865907e-54,1.0027755394395203e+20,1.6206764311230476e-57,1.330524109242255e+17,8.426067922827781e+16,1.5501944411356148e+16,1.0069422425152021e+23,1.001445015330278e+20,3.3564741417173403e+22
2097522162162.1624,1243.8232233275369,254310585.0783693,1,1.1846246271297329e+22,3.3564741417173403e+22,1.0079423570064231e+23,9.98453613406521e+19,2.3336074452427947e-57,5.5408423612669875e+22,3.240824470506115e-54,1.0027755394395203e+20,3.86840210616899e-58,1.330524109242255e+17,8.389596991887362e+16,1.5866653720760336e+16,1.0069422425152021e+23,1.001445015330278e+20,3.3564741417173403e+22
2100681081081.0813,1241.4795836036326,254292527.16163203,1,1.1846246271297329e+22,3.3564741417173403e+22,1.0079423570064231e+23,9.98453613406521e+19,7.148050796684109e-58,5.5408423612669875e+22,2.5123508387068794e-54,1.0027755394395203e+20,1.1435304507694696e-58,1.330524109242255e+17,8.352426636154362e+16,1.623835727809033e+16,1.0069422425152021e+23,1.001445015330278e+20,3.3564741417173403e+22
2103840000000.0002,1239.1359438797283,254274670.72893977,1,1.1846246271297329e+22,3.3564741417173403e+22,1.0079423570064231e+23,9.98453613406521e+19,3.2066423508947574e-58,5.5408423612669875e+22,1.94762375876699e-54,1.0027755394395203e+20,4.90625901757349e-59,1.330524109242255e+17,8.31454742200744e+16,1.6617149419559552e+16,1.0069422425152021e+23,1.001445015330278e+20,3.3564741417173403e+22
2106998918918.919,1236.792304155824,254257015.18284792,1,1.1846246271297329e+22,3.3564741417173403e+22,1.0079423570064231e+23,9.98453613406521e+19,1.9877420357151058e-58,5.5408423612669875e+22,1.5098362248108865e-54,1.0027755394395203e+20,2.958891971804864e-59,1.330524109242255e+17,8.275949981987426e+16,1.7003123819759704e+16,1.0069422425152021e+23,1.001445015330278e+20,3.3564741417173403e+22
2110157837837.838,1234.4486644319197,254239559.9050345,1,1.1846246271297329e+22,3.3564741417173403e+22,1.0079423570064231e+23,9.98453613406521e+19,1.4346716028142952e-58,5.5408423612669875e+22,1.1704547223198653e-54,1.0027755394395203e+20,2.113690139269518e-59,1.330524109242255e+17,8.236625026754752e+16,1.7396373372086432e+16,1.0069422425152021e+23,1.001445015330278e+20,3.3564741417173403e+22
2113316756756.7568,1232.1050247080154,254222304.25620854,1,1.1846246271297329e+22,3.3564741417173403e+22,1.0079423570064231e+23,9.98453613406521e+19,1.089522569810661e-58,5.5408423612669875e+22,9.073595099180157e-55,1.0027755394395203e+20,1.600224091872128e-59,1.330524109242255e+17,8.196563357605842e+16,1.7796990063575542e+16,1.0069422425152021e+23,1.001445015330278e+20,3.3564741417173403e+22
2116475675675.6755,1229.7613849841111,254205247.57602984,1,1.1846246271297329e+22,3.3564741417173403e+22,1.0079423570064231e+23,9.98453613406521e+19,8.397916003205959e-59,5.5408423612669875e+22,7.034029292537362e-55,1.0027755394395203e+20,1.2324031703729553e-59,1.330524109242255e+17,8.155755879561634e+16,1.8205064844017616e+16,1.0069422425152021e+23,1.001445015330278e+20,3.3564741417173403e+22
2119634594594.5945,1227.4177452602069,254188389.18303964,1,1.1846246271297329e+22,3.3564741417173403e+22,1.0079423570064231e+23,9.98453613406521e+19,6.499988825652087e-59,5.5408423612669875e+22,5.452917784786782e-55,1.0027755394395203e+20,9.536969523287011e-60,1.330524109242255e+17,8.114193615041109e+16,1.862068748922286e+16,1.0069422425152021e+23,1.001445015330278e+20,3.3564741417173403e+22
2122793513513.514,1225.0741055363023,254171728.3746032,1,1.1846246271297329e+22,3.3564741417173403e+22,1.0079423570064231e+23,9.98453613406521e+19,5.036780097417719e-59,5.5408423612669875e+22,4.227209061979613e-55,1.0027755394395203e+20,7.390007389532214e-60,1.330524109242255e+17,8.071867718132133e+16,1.9043946458312628e+16,1.0069422425152021e+23,1.001445015330278e+20,3.3564741417173403e+22
2125952432432.4326,1222.730465812398,254155264.42686406,1,1.1846246271297329e+22,3.3564741417173403e+22,1.0079423570064231e+23,9.98453613406521e+19,3.904189828844755e-59,5.5408423612669875e+22,3.2770155646829135e-55,1.0027755394395203e+20,5.728463116014648e-60,1.330524109242255e+17,8.028769489471442e+16,1.9474928744919544e+16,1.0069422425152021e+23,1.001445015330278e+20,3.3564741417173403e+22
2129111351351.3516,1220.3868260884938,254138996.59471008,1,1.1846246271297329e+22,3.3564741417173403e+22,1.0079423570064231e+23,9.98453613406521e+19,3.0265418860298867e-59,5.5408423612669875e+22,2.5404068863689117e-55,1.0027755394395203e+20,4.4409393286000785e-60,1.330524109242255e+17,7.984890391744957e+16,1.9913719722184396e+16,1.0069422425152021e+23,1.001445015330278e+20,3.3564741417173403e+22
2132270270270.2705,1218.0431863645895,254122924.1117529,1,1.1846246271297329e+22,3.3564741417173403e+22,1.0079423570064231e+23,9.98453613406521e+19,2.3462420730964013e-59,5.5408423612669875e+22,1.969373358449413e-55,1.0027755394395203e+20,3.4428910382059043e-60,1.330524109242255e+17,7.940222065818886e+16,2.0360402981445108e+16,1.0069422425152021e+23,1.001445015330278e+20,3.3564741417173403e+22
2135429189189.1895,1215.6995466406852,254107046.19031927,1,1.1846246271297329e+22,3.3564741417173403e+22,1.0079423570064231e+23,9.98453613406521e+19,1.818870400051904e-59,5.5408423612669875e+22,1.5266969420453316e-55,1.0027755394395203e+20,2.669160544346404e-60,1.330524109242255e+17,7.89475634751127e+16,2.0815060164521264e+16,1.0069422425152021e+23,1.001445015330278e+20,3.3564741417173403e+22
2138588108108.1082,1213.355906916781,254091362.02145594,1,1.1846246271297329e+22,3.3564741417173403e+22,1.0079423570064231e+23,9.98453613406521e+19,1.4100399561243272e-59,5.5408423612669875e+22,1.1835254817734133e-55,1.0027755394395203e+20,2.069315401276556e-60,1.330524109242255e+17,7.848485285012728e+16,2.127777078950669e+16,1.0069422425152021e+23,1.001445015330278e+20,3.3564741417173403e+22
2141747027027.027,1211.0122671928766,254075870.77494797,1,1.1846246271297329e+22,3.3564741417173403e+22,1.0079423570064231e+23,9.98453613406521e+19,1.093103381657613e-59,5.5408423612669875e+22,9.174922195956025e-56,1.0027755394395203e+20,1.6042741963419549e-60,1.330524109242255e+17,7.801401156964114e+16,2.1748612069992828e+16,1.0069422425152021e+23,1.001445015330278e+20,3.3564741417173403e+22
2144905945945.946,1208.6686274689723,254060571.59935012,1,1.1846246271297329e+22,3.3564741417173403e+22,1.0079423570064231e+23,9.98453613406521e+19,8.474050609872782e-60,5.5408423612669875e+22,7.112580049878696e-56,1.0027755394395203e+20,1.2437418274410441e-60,1.330524109242255e+17,7.753496491197702e+16,2.222765872765694e+16,1.0069422425152021e+23,1.001445015330278e+20,3.3564741417173403e+22
2148064864864.8647,1206.324987745068,254045463.6220327,1,1.1846246271297329e+22,3.3564741417173403e+22,1.0079423570064231e+23,9.98453613406521e+19,6.569326134509301e-60,5.5408423612669875e+22,5.513811876053854e-56,1.0027755394395203e+20,9.642320587909319e-61,1.330524109242255e+17,7.704764084147238e+16,2.271498279816158e+16,1.0069422425152021e+23,1.001445015330278e+20,3.3564741417173403e+22
2151223783783.7837,1203.9813480211637,254030545.9492411,1,1.1846246271297329e+22,3.3564741417173403e+22,1.0079423570064231e+23,9.98453613406521e+19,5.092728627062569e-60,5.5408423612669875e+22,4.274415358605494e-56,1.0027755394395203e+20,7.475367812669958e-61,1.330524109242255e+17,7.655197020930829e+16,2.3210653430325676e+16,1.0069422425152021e+23,1.001445015330278e+20,3.3564741417173403e+22
2154382702702.7031,1201.6377082972592,254015817.66616964,1,1.1846246271297329e+22,3.3564741417173403e+22,1.0079423570064231e+23,9.98453613406521e+19,3.948027653439314e-60,5.5408423612669875e+22,3.3136108138238697e-56,1.0027755394395203e+20,5.795397592762365e-61,1.330524109242255e+17,7.604788696109149e+16,2.3714736678542484e+16,1.0069422425152021e+23,1.001445015330278e+20,3.3564741417173403e+22
2157541621621.6218,1199.294068573355,254001277.83705008,1,1.1846246271297329e+22,3.3564741417173403e+22,1.0079423570064231e+23,9.98453613406521e+19,3.0606225645873356e-60,5.5408423612669875e+22,2.568776242904167e-56,1.0027755394395203e+20,4.4929706003123114e-61,1.330524109242255e+17,7.553532835119774e+16,2.4227295288436224e+16,1.0069422425152021e+23,1.001445015330278e+20,3.3564741417173403e+22
2160700540540.5408,1196.9504288494506,253986925.5052548,1,1.1846246271297329e+22,3.3564741417173403e+22,1.0079423570064231e+23,9.98453613406521e+19,2.3726807366414077e-60,5.5408423612669875e+22,1.9913658413294843e-56,1.0027755394395203e+20,3.483241530529423e-61,1.330524109242255e+17,7.501423516386688e+16,2.4748388475767092e+16,1.0069422425152021e+23,1.001445015330278e+20,3.3564741417173403e+22
2163859459459.4597,1194.6067891255464,253972759.69341442,1,1.1846246271297329e+22,3.3564741417173403e+22,1.0079423570064231e+23,9.98453613406521e+19,1.839368614667823e-60,5.5408423612669875e+22,1.5437459471092699e-56,1.0027755394395203e+20,2.700432192199521e-61,1.330524109242255e+17,7.448455194102022e+16,2.527807169861374e+16,1.0069422425152021e+23,1.001445015330278e+20,3.3564741417173403e+22
2167018378378.3784,1192.263149401642,253958779.4035507,1,1.1846246271297329e+22,3.3564741417173403e+22,1.0079423570064231e+23,9.98453613406521e+19,1.4259299091611897e-60,5.5408423612669875e+22,1.1967422056538074e-56,1.0027755394395203e+20,2.0935466323456715e-61,1.330524109242255e+17,7.394622721675058e+16,2.581639642288338e+16,1.0069422425152021e+23,1.001445015330278e+20,3.3564741417173403e+22
2170177297297.2974,1189.9195096777378,253944983.6172246,1,1.1846246271297329e+22,3.3564741417173403e+22,1.0079423570064231e+23,9.98453613406521e+19,1.1054205266940402e-60,5.5408423612669875e+22,9.277380837662959e-57,1.0027755394395203e+20,1.6230491759614575e-61,1.330524109242255e+17,7.339921375841165e+16,2.6363409881222308e+16,1.0069422425152021e+23,1.001445015330278e+20,3.3564741417173403e+22
2173336216216.2163,1187.5758699538335,253931371.2956993,1,1.1846246271297329e+22,3.3564741417173403e+22,1.0079423570064231e+23,9.98453613406521e+19,8.56952620035275e-61,5.5408423612669875e+22,7.192008003094868e-57,1.0027755394395203e+20,1.2582889913760085e-61,1.330524109242255e+17,7.284346881420997e+16,2.691915482542399e+16,1.0069422425152021e+23,1.001445015330278e+20,3.3564741417173403e+22
2176495135135.1353,1185.2322302299292,253917941.38011855,1,1.1846246271297329e+22,3.3564741417173403e+22,1.0079423570064231e+23,9.98453613406521e+19,6.64333323042636e-61,5.5408423612669875e+22,5.5753859868073e-57,1.0027755394395203e+20,9.755034200564603e-62,1.330524109242255e+17,7.227895436717587e+16,2.748366927245809e+16,1.0069422425152021e+23,1.001445015330278e+20,3.3564741417173403e+22
2179654054054.054,1182.888590506025,253904692.7917001,1,1.1846246271297329e+22,3.3564741417173403e+22,1.0079423570064231e+23,9.98453613406521e+19,5.150094571767104e-61,5.5408423612669875e+22,4.322148819705252e-57,1.0027755394395203e+20,7.562700092287106e-62,1.330524109242255e+17,7.170563739536232e+16,2.8056986244271636e+16,1.0069422425152021e+23,1.001445015330278e+20,3.3564741417173403e+22
2182812972972.9734,1180.5449507821204,253891624.431945,1,1.1846246271297329e+22,3.3564741417173403e+22,1.0079423570064231e+23,9.98453613406521e+19,3.992494364968342e-61,5.5408423612669875e+22,3.3506147312281444e-57,1.0027755394395203e+20,5.863064132814323e-62,1.330524109242255e+17,7.112349013809031e+16,2.8639133501543644e+16,1.0069422425152021e+23,1.001445015330278e+20,3.3564741417173403e+22
2185971891891.8923,1178.201311058216,253878735.18286183,1,1.1846246271297329e+22,3.3564741417173403e+22,1.0079423570064231e+23,9.98453613406521e+19,3.0950905609263065e-61,5.5408423612669875e+22,2.5974624071108794e-57,1.0027755394395203e+20,4.545399894780147e-62,1.330524109242255e+17,7.053249036802795e+16,2.9230133271606004e+16,1.0069422425152021e+23,1.001445015330278e+20,3.3564741417173403e+22
2189130810810.811,1175.8576713343118,253866023.90720618,1,1.1846246271297329e+22,3.3564741417173403e+22,1.0079423570064231e+23,9.98453613406521e+19,2.3993983249476706e-61,5.5408423612669875e+22,2.0136039197443768e-57,1.0027755394395203e+20,3.5238648101659813e-62,1.330524109242255e+17,6.993262166885643e+16,2.9830001970777524e+16,1.0069422425152021e+23,1.001445015330278e+20,3.3564741417173403e+22
2192289729729.73,1173.5140316104075,253853489.448736,1,1.1846246271297329e+22,3.3564741417173403e+22,1.0079423570064231e+23,9.98453613406521e+19,1.8600785465824668e-61,5.5408423612669875e+22,1.5609853426597977e-57,1.0027755394395203e+20,2.731908002256662e-62,1.330524109242255e+17,6.93238737182403e+16,3.043874992139365e+16,1.0069422425152021e+23,1.001445015330278e+20,3.3564741417173403e+22
2195448648648.649,1171.1703918865032,253841130.63248116,1,1.1846246271297329e+22,3.3564741417173403e+22,1.0079423570064231e+23,9.98453613406521e+19,1.4419830604529737e-61,5.5408423612669875e+22,1.2101065239821629e-57,1.0027755394395203e+20,2.1179348379561074e-62,1.330524109242255e+17,6.870624257578163e+16,3.1056381063852324e+16,1.0069422425152021e+23,1.001445015330278e+20,3.3564741417173403e+22
2198607567567.5676,1168.826752162599,253828946.2650293,1,1.1846246271297329e+22,3.3564741417173403e+22,1.0079423570064231e+23,9.98453613406521e+19,1.1178640149587619e-61,5.5408423612669875e+22,9.380983660545083e-58,1.0027755394395203e+20,1.6419457820597232e-62,1.330524109242255e+17,6.807973097559755e+16,3.1682892664036404e+16,1.0069422425152021e+23,1.001445015330278e+20,3.3564741417173403e+22
2201766486486.487,1166.4831124386947,253816935.1348259,1,1.1846246271297329e+22,3.3564741417173403e+22,1.0079423570064231e+23,9.98453613406521e+19,8.66598108115898e-62,5.5408423612669875e+22,7.272322948050729e-58,1.0027755394395203e+20,1.2729306013815171e-62,1.330524109242255e+17,6.744434862311886e+16,3.2318275016515096e+16,1.0069422425152021e+23,1.001445015330278e+20,3.3564741417173403e+22
2204925405405.4053,1164.1394727147904,253805096.0124893,1,1.1846246271297329e+22,3.3564741417173403e+22,1.0079423570064231e+23,9.98453613406521e+19,6.718099636113857e-62,5.5408423612669875e+22,5.637647710994122e-58,1.0027755394395203e+20,9.868481706472136e-63,1.330524109242255e+17,6.68001124956629e+16,3.2962511143971064e+16,1.0069422425152021e+23,1.001445015330278e+20,3.3564741417173403e+22
2208084324324.324,1161.795832990886,253793427.65114084,1,1.1846246271297329e+22,3.3564741417173403e+22,1.0079423570064231e+23,9.98453613406521e+19,5.208049320997934e-62,5.5408423612669875e+22,4.37041533225589e-58,1.0027755394395203e+20,7.650602788123773e-63,1.330524109242255e+17,6.614704714628783e+16,3.3615576493346132e+16,1.0069422425152021e+23,1.001445015330278e+20,3.3564741417173403e+22
2211243243243.243,1159.4521932669818,253781928.786749,1,1.1846246271297329e+22,3.3564741417173403e+22,1.0079423570064231e+23,9.98453613406521e+19,4.0374176801891725e-62,5.5408423612669875e+22,3.388031880596037e-58,1.0027755394395203e+20,5.931174087422884e-63,1.330524109242255e+17,6.54851850103871e+16,3.427743862924686e+16,1.0069422425152021e+23,1.001445015330278e+20,3.3564741417173403e+22
2214402162162.1626,1157.1085535430773,253770598.13848823,1,1.1846246271297329e+22,3.3564741417173403e+22,1.0079423570064231e+23,9.98453613406521e+19,3.1299126491259816e-62,5.5408423612669875e+22,2.626468916859235e-58,1.0027755394395203e+20,4.598173914144263e-63,1.330524109242255e+17,6.481456671443222e+16,3.494805692520174e+16,1.0069422425152021e+23,1.001445015330278e+20,3.3564741417173403e+22
2217561081081.0815,1154.764913819173,253759434.4091115,1,1.1846246271297329e+22,3.3564741417173403e+22,1.0079423570064231e+23,9.98453613406521e+19,2.426390511973724e-62,5.5408423612669875e+22,2.0360903363206068e-58,1.0027755394395203e+20,3.5647561148967927e-63,1.330524109242255e+17,6.413524138621982e+16,3.5627382253414136e+16,1.0069422425152021e+23,1.001445015330278e+20,3.3564741417173403e+22
2220720000000.0005,1152.4212740952687,253748436.28533655,1,1.1846246271297329e+22,3.3564741417173403e+22,1.0079423570064231e+23,9.98453613406521e+19,1.8810014328203976e-62,5.5408423612669875e+22,1.5784172548349057e-58,1.0027755394395203e+20,2.7635922213587563e-63,1.330524109242255e+17,6.344726696592437e+16,3.631535667370959e+16,1.0069422425152021e+23,1.001445015330278e+20,3.3564741417173403e+22
2223878918918.919,1150.0776343713644,253737602.4382462,1,1.1846246271297329e+22,3.3564741417173403e+22,1.0079423570064231e+23,9.98453613406521e+19,1.4582013621256406e-62,5.5408423612669875e+22,1.2236200849824469e-58,1.0027755394395203e+20,2.1424851106746212e-63,1.330524109242255e+17,6.275071051720164e+16,3.701191312243232e+16,1.0069422425152021e+23,1.001445015330278e+20,3.3564741417173403e+22
2227037837837.838,1147.7339946474601,253726931.52370077,1,1.1846246271297329e+22,3.3564741417173403e+22,1.0079423570064231e+23,9.98453613406521e+19,1.130435582172076e-62,5.5408423612669875e+22,9.485743441958601e-59,1.0027755394395203e+20,1.660968428480544e-63,1.330524109242255e+17,6.20456485375302e+16,3.771697510210376e+16,1.0069422425152021e+23,1.001445015330278e+20,3.3564741417173403e+22
2230196756756.757,1145.3903549235558,253716422.18276447,1,1.1846246271297329e+22,3.3564741417173403e+22,1.0079423570064231e+23,9.98453613406521e+19,8.763429263034915e-63,5.5408423612669875e+22,7.353534790003989e-59,1.0027755394395203e+20,1.2876702415106873e-63,1.330524109242255e+17,6.133216726691808e+16,3.843045637271588e+16,1.0069422425152021e+23,1.001445015330278e+20,3.3564741417173403e+22
2233355675675.676,1143.0467151996515,253706073.04214302,1,1.1846246271297329e+22,3.3564741417173403e+22,1.0079423570064231e+23,9.98453613406521e+19,6.79363639333663e-63,5.5408423612669875e+22,5.7006047273648165e-59,1.0027755394395203e+20,9.982691719880713e-64,1.330524109242255e+17,6.061036299404101e+16,3.915226064559295e+16,1.0069422425152021e+23,1.001445015330278e+20,3.3564741417173403e+22
2236514594594.5947,1140.7030754757473,253695882.71463415,1,1.1846246271297329e+22,3.3564741417173403e+22,1.0079423570064231e+23,9.98453613406521e+19,5.266601520585738e-63,5.5408423612669875e+22,4.419220848975744e-59,1.0027755394395203e+20,7.739098630903503e-64,1.330524109242255e+17,5.9880342358815704e+16,3.988228128081826e+16,1.0069422425152021e+23,1.001445015330278e+20,3.3564741417173403e+22
2239673513513.5137,1138.359435751843,253685849.79958916,1,1.1846246271297329e+22,3.3564741417173403e+22,1.0079423570064231e+23,9.98453613406521e+19,4.082804356371284e-63,5.5408423612669875e+22,3.425866876591825e-59,1.0027755394395203e+20,5.9997454797963204e-64,1.330524109242255e+17,5.914222265034819e+16,4.062040098928577e+16,1.0069422425152021e+23,1.001445015330278e+20,3.3564741417173403e+22
2242832432432.4326,1136.0157960279387,253675972.88338584,1,1.1846246271297329e+22,3.3564741417173403e+22,1.0079423570064231e+23,9.98453613406521e+19,3.16509410724165e-63,5.5408423612669875e+22,2.6557993495276984e-59,1.0027755394395203e+20,4.651306934516567e-64,1.330524109242255e+17,5.839613209913241e+16,4.136649154050155e+16,1.0069422425152021e+23,1.001445015330278e+20,3.3564741417173403e+22
2245991351351.3516,1133.6721563040342,253666250.539912,1,1.1846246271297329e+22,3.3564741417173403e+22,1.0079423570064231e+23,9.98453613406521e+19,2.453661419279637e-63,5.5408423612669875e+22,2.0588278643122853e-59,1.0027755394395203e+20,3.605926744047289e-64,1.330524109242255e+17,5.764221016230917e+16,4.212041347732479e+16,1.0069422425152021e+23,1.001445015330278e+20,3.3564741417173403e+22
2249150270270.2705,1131.3285165801299,253656681.33105922,1,1.1846246271297329e+22,3.3564741417173403e+22,1.0079423570064231e+23,9.98453613406521e+19,1.9021404912895777e-63,5.5408423612669875e+22,1.5960438335156984e-59,1.0027755394395203e+20,2.795493786551949e-64,1.330524109242255e+17,5.6880607800729816e+16,4.288201583890414e+16,1.0069422425152021e+23,1.001445015330278e+20,3.3564741417173403e+22
2252309189189.1895,1128.9848768562256,253647263.80722603,1,1.1846246271297329e+22,3.3564741417173403e+22,1.0079423570064231e+23,9.98453613406521e+19,1.4745873261804876e-63,5.5408423612669875e+22,1.2372845552847544e-59,1.0027755394395203e+20,2.167204514473532e-64,1.330524109242255e+17,5.611148774650319e+16,4.365113589313077e+16,1.0069422425152021e+23,1.001445015330278e+20,3.3564741417173403e+22
2255468108108.1084,1126.6412371323213,253637996.50783068,1,1.1846246271297329e+22,3.3564741417173403e+22,1.0079423570064231e+23,9.98453613406521e+19,1.1431371889942706e-63,5.5408423612669875e+22,9.591673101947641e-60,1.0027755394395203e+20,1.6801226951245536e-64,1.330524109242255e+17,5.533502475963921e+16,4.442759887999475e+16,1.0069422425152021e+23,1.001445015330278e+20,3.3564741417173403e+22
2258627027027.0273,1124.297597408417,253628877.96183178,1,1.1846246271297329e+22,3.3564741417173403e+22,1.0079423570064231e+23,9.98453613406521e+19,8.861886047020576e-64,5.5408423612669875e+22,7.435653544826843e-60,1.0027755394395203e+20,1.302512316638841e-64,1.330524109242255e+17,5.455140587233756e+16,4.52112177672964e+16,1.0069422425152021e+23,1.001445015330278e+20,3.3564741417173403e+22
2261785945945.9463,1121.9539576845127,253619906.68825766,1,1.1846246271297329e+22,3.3564741417173403e+22,1.0079423570064231e+23,9.98453613406521e+19,6.86995544128724e-64,5.5408423612669875e+22,5.764264800420406e-60,1.0027755394395203e+20,1.0097698992556629e-64,1.330524109242255e+17,5.3760830619406504e+16,4.600179302022746e+16,1.0069422425152021e+23,1.001445015330278e+20,3.3564741417173403e+22
2264944864864.8647,1119.6103179606084,253611081.19674304,1,1.1846246271297329e+22,3.3564741417173403e+22,1.0079423570064231e+23,9.98453613406521e+19,5.325760485116503e-64,5.5408423612669875e+22,4.4685713890586433e-60,1.0027755394395203e+20,7.8282150213621e-65,1.330524109242255e+17,5.296351125323473e+16,4.679911238639923e+16,1.0069422425152021e+23,1.001445015330278e+20,3.3564741417173403e+22
2268103783783.7837,1117.2666782367041,253602399.98807192,1,1.1846246271297329e+22,3.3564741417173403e+22,1.0079423570064231e+23,9.98453613406521e+19,4.12866165935651e-64,5.5408423612669875e+22,3.464124385412889e-60,1.0027755394395203e+20,6.06879990205387e-65,1.330524109242255e+17,5.215967294167941e+16,4.760295069795455e+16,1.0069422425152021e+23,1.001445015330278e+20,3.3564741417173403e+22
2271262702702.7026,1114.9230385127998,253593861.5547276,1,1.1846246271297329e+22,3.3564741417173403e+22,1.0079423570064231e+23,9.98453613406521e+19,3.200640602118294e-64,5.5408423612669875e+22,2.6854573224442096e-60,1.0027755394395203e+20,4.704815961080756e-65,1.330524109242255e+17,5.134955394717642e+16,4.8413069692457544e+16,1.0069422425152021e+23,1.001445015330278e+20,3.3564741417173403e+22
2274421621621.6216,1112.5793987888956,253585464.38144773,1,1.1846246271297329e+22,3.3564741417173403e+22,1.0079423570064231e+23,9.98453613406521e+19,2.48121546591634e-64,5.5408423612669875e+22,2.0818193079431424e-60,1.0027755394395203e+20,3.6473900828352597e-65,1.330524109242255e+17,5.053340578532468e+16,4.922921785430928e+16,1.0069422425152021e+23,1.001445015330278e+20,3.3564741417173403e+22
2277580540540.541,1110.235759064991,253577206.94578448,1,1.1846246271297329e+22,3.3564741417173403e+22,1.0079423570064231e+23,9.98453613406521e+19,1.923499167458498e-64,5.5408423612669875e+22,1.6138672525915378e-60,1.0027755394395203e+20,2.8276232279338954e-65,1.330524109242255e+17,4.971149336114665e+16,5.005113027848731e+16,1.0069422425152021e+23,1.001445015330278e+20,3.3564741417173403e+22
2280739459459.46,1107.8921193410868,253569087.7186691,1,1.1846246271297329e+22,3.3564741417173403e+22,1.0079423570064231e+23,9.98453613406521e+19,1.4911436385712416e-64,5.5408423612669875e+22,1.251101620130854e-60,1.0027755394395203e+20,2.1921013289030623e-65,1.330524109242255e+17,4.888409508118148e+16,5.087852855845248e+16,1.0069422425152021e+23,1.001445015330278e+20,3.3564741417173403e+22
2283898378378.379,1105.5484796171825,253561105.16498032,1,1.1846246271297329e+22,3.3564741417173403e+22,1.0079423570064231e+23,9.98453613406521e+19,1.1559709289551954e-64,5.5408423612669875e+22,9.698785704837685e-61,1.0027755394395203e+20,1.69941508857251e-65,1.330524109242255e+17,4.805150293952727e+16,5.171112070010669e+16,1.0069422425152021e+23,1.001445015330278e+20,3.3564741417173403e+22
2287057297297.2974,1103.2048398932782,253553257.7441154,1,1.1846246271297329e+22,3.3564741417173403e+22,1.0079423570064231e+23,9.98453613406521e+19,8.961367748212269e-65,5.5408423612669875e+22,7.518689340241229e-61,1.0027755394395203e+20,1.317461937399919e-65,1.330524109242255e+17,4.72140225759147e+16,5.2548601063719256e+16,1.0069422425152021e+23,1.001445015330278e+20,3.3564741417173403e+22
2290216216216.2163,1100.861200169374,253545543.91056404,1,1.1846246271297329e+22,3.3564741417173403e+22,1.0079423570064231e+23,9.98453613406521e+19,6.947069492422665e-65,5.5408423612669875e+22,5.8286357813700313e-61,1.0027755394395203e+20,1.021354364594393e-65,1.330524109242255e+17,4.6371973303867256e+16,5.33906503357667e+16,1.0069422425152021e+23,1.001445015330278e+20,3.3564741417173403e+22
2293375135135.1353,1098.5175604454696,253537962.11448348,1,1.1846246271297329e+22,3.3564741417173403e+22,1.0079423570064231e+23,9.98453613406521e+19,5.385536118308674e-65,5.5408423612669875e+22,4.5184730389162545e-61,1.0027755394395203e+20,7.917983441473567e-66,1.330524109242255e+17,4.552568810698354e+16,5.4236935532650424e+16,1.0069422425152021e+23,1.001445015330278e+20,3.3564741417173403e+22
2296534054054.054,1096.1739207215653,253530510.80227542,1,1.1846246271297329e+22,3.3564741417173403e+22,1.0079423570064231e+23,9.98453613406521e+19,4.17499730342886e-65,5.5408423612669875e+22,3.5028091253652034e-61,1.0027755394395203e+20,6.138362044964266e-66,1.330524109242255e+17,4.46755136013664e+16,5.508711003826756e+16,1.0069422425152021e+23,1.001445015330278e+20,3.3564741417173403e+22
2299692972972.973,1093.830280997661,253523188.41716245,1,1.1846246271297329e+22,3.3564741417173403e+22,1.0079423570064231e+23,9.98453613406521e+19,3.236558141634893e-65,5.5408423612669875e+22,2.715446493332313e-61,1.0027755394395203e+20,4.758720349052756e-66,1.330524109242255e+17,4.382180996222209e+16,5.594081367741187e+16,1.0069422425152021e+23,1.001445015330278e+20,3.3564741417173403e+22
2302851891891.892,1091.4866412737567,253515993.39976496,1,1.1846246271297329e+22,3.3564741417173403e+22,1.0079423570064231e+23,9.98453613406521e+19,2.5090573300393455e-65,5.5408423612669875e+22,2.105067502752374e-61,1.0027755394395203e+20,3.689161296719063e-66,1.330524109242255e+17,4.296495081266141e+16,5.679767282697255e+16,1.0069422425152021e+23,1.001445015330278e+20,3.3564741417173403e+22
2306010810810.8105,1089.1430015498524,253508924.18867677,1,1.1846246271297329e+22,3.3564741417173403e+22,1.0079423570064231e+23,9.98453613406521e+19,1.9450811034603343e-65,5.5408423612669875e+22,1.6318897102281502e-61,1.0027755394395203e+20,2.8599924226045604e-66,1.330524109242255e+17,4.210532307275534e+16,5.7657300566878616e+16,1.0069422425152021e+23,1.001445015330278e+20,3.3564741417173403e+22
2309169729729.73,1086.799361825948,253501979.22103924,1,1.1846246271297329e+22,3.3564741417173403e+22,1.0079423570064231e+23,9.98453613406521e+19,1.5078731343724925e-65,5.5408423612669875e+22,1.2650729835820288e-61,1.0027755394395203e+20,2.2171848514542133e-66,1.330524109242255e+17,4.124332676692992e+16,5.851929687270404e+16,1.0069422425152021e+23,1.001445015330278e+20,3.3564741417173403e+22
2312328648648.649,1084.4557221020436,253495156.93311316,1,1.1846246271297329e+22,3.3564741417173403e+22,1.0079423570064231e+23,9.98453613406521e+19,1.1689390085374965e-65,5.5408423612669875e+22,9.807094460846788e-62,1.0027755394395203e+20,1.71885288368424e-66,1.330524109242255e+17,4.037937478783099e+16,5.938324885180297e+16,1.0069422425152021e+23,1.001445015330278e+20,3.3564741417173403e+22
2315487567567.568,1082.1120823781393,253488455.7608478,1,1.1846246271297329e+22,3.3564741417173403e+22,1.0079423570064231e+23,9.98453613406521e+19,9.061891536353579e-66,5.5408423612669875e+22,7.60265241706787e-62,1.0027755394395203e+20,1.3325247935013101e-66,1.330524109242255e+17,3.951389261484958e+16,6.0248731024784376e+16,1.0069422425152021e+23,1.001445015330278e+20,3.3564741417173403e+22
2318646486486.487,1079.768442654235,253481874.14044654,1,1.1846246271297329e+22,3.3564741417173403e+22,1.0079423570064231e+23,9.98453613406521e+19,7.024991905139268e-66,5.5408423612669875e+22,5.893725609099232e-62,1.0027755394395203e+20,1.0330270160016067e-66,1.330524109242255e+17,3.864731798557362e+16,6.1115305654060344e+16,1.0069422425152021e+23,1.001445015330278e+20,3.3564741417173403e+22
2321805405405.406,1077.4248029303308,253475410.5089284,1,1.1846246271297329e+22,3.3564741417173403e+22,1.0079423570064231e+23,9.98453613406521e+19,5.445938811514537e-66,5.5408423612669875e+22,4.568931952928714e-62,1.0027755394395203e+20,8.00843864894815e-67,1.330524109242255e+17,3.77801005185231e+16,6.1982523121110856e+16,1.0069422425152021e+23,1.001445015330278e+20,3.3564741417173403e+22
2324964324324.3247,1075.0811632064265,253469063.30468434,1,1.1846246271297329e+22,3.3564741417173403e+22,1.0079423570064231e+23,9.98453613406521e+19,4.221819370555638e-66,5.5408423612669875e+22,3.541925867445235e-62,1.0027755394395203e+20,6.208459057446439e-67,1.330524109242255e+17,3.691270128563417e+16,6.284992235399979e+16,1.0069422425152021e+23,1.001445015330278e+20,3.3564741417173403e+22
2328123243243.243,1072.7375234825222,253462830.96802938,1,1.1846246271297329e+22,3.3564741417173403e+22,1.0079423570064231e+23,9.98453613406521e+19,3.2728530105628534e-66,5.5408423612669875e+22,2.7457705607622596e-62,1.0027755394395203e+20,4.813041295280633e-67,1.330524109242255e+17,3.6045592333083384e+16,6.371703130655058e+16,1.0069422425152021e+23,1.001445015330278e+20,3.3564741417173403e+22
2331282162162.162,1070.393883758618,253456711.9417474,1,1.1846246271297329e+22,3.3564741417173403e+22,1.0079423570064231e+23,9.98453613406521e+19,2.53719189805301e-66,5.5408423612669875e+22,2.1285753159443458e-62,1.0027755394395203e+20,3.7312569285346015e-67,1.330524109242255e+17,3.517925614918866e+16,6.45833674904453e+16,1.0069422425152021e+23,1.001445015330278e+20,3.3564741417173403e+22
2334441081081.081,1068.0502440347136,253450704.6716305,1,1.1846246271297329e+22,3.3564741417173403e+22,1.0079423570064231e+23,9.98453613406521e+19,1.9668900978379424e-66,5.5408423612669875e+22,1.650113429138725e-62,1.0027755394395203e+20,2.892614275952166e-67,1.330524109242255e+17,3.431418507828714e+16,6.544843856134682e+16,1.0069422425152021e+23,1.001445015330278e+20,3.3564741417173403e+22
2337600000000.0,1065.7066043108093,253444807.60701123,1,1.1846246271297329e+22,3.3564741417173403e+22,1.0079423570064231e+23,9.98453613406521e+19,1.5247787659666248e-66,5.5408423612669875e+22,1.2792003687292381e-62,1.0027755394395203e+20,2.2424651458129188e-67,1.330524109242255e+17,3.3450880679674708e+16,6.631174295995925e+16,1.0069422425152021e+23,1.001445015330278e+20,3.3564741417173403e+22
2340758918918.9194,1063.3629645869048,253439019.20128652,1,1.1846246271297329e+22,3.3564741417173403e+22,1.0079423570064231e+23,9.98453613406521e+19,1.1820437220739495e-66,5.5408423612669875e+22,9.916612727714798e-63,1.0027755394395203e+20,1.738443925051979e-67,1.330524109242255e+17,3.25898530308964e+16,6.717277060873755e+16,1.0069422425152021e+23,1.001445015330278e+20,3.3564741417173403e+22
2343917837837.8384,1061.0193248630005,253433337.91243452,1,1.1846246271297329e+22,3.3564741417173403e+22,1.0079423570064231e+23,9.98453613406521e+19,9.16347523805469e-67,5.5408423612669875e+22,7.687553130489294e-63,1.0027755394395203e+20,1.3477069973651266e-67,1.330524109242255e+17,3.1731619974902804e+16,6.803100366473115e+16,1.0069422425152021e+23,1.001445015330278e+20,3.3564741417173403e+22
2347076756756.757,1058.6756851390962,253427762.20352215,1,1.1846246271297329e+22,3.3564741417173403e+22,1.0079423570064231e+23,9.98453613406521e+19,7.103736528170295e-67,5.5408423612669875e+22,5.95954231114907e-63,1.0027755394395203e+20,1.0447926143688958e-67,1.330524109242255e+17,3.087670631083432e+16,6.888591732879964e+16,1.0069422425152021e+23,1.001445015330278e+20,3.3564741417173403e+22
2350235675675.676,1056.332045415192,253422290.543204,1,1.1846246271297329e+22,3.3564741417173403e+22,1.0079423570064231e+23,9.98453613406521e+19,5.5069793214740424e-67,5.5408423612669875e+22,4.6199543542036614e-63,1.0027755394395203e+20,8.09961771164697e-68,1.330524109242255e+17,3.0025642928463544e+16,6.973698071117042e+16,1.0069422425152021e+23,1.001445015330278e+20,3.3564741417173403e+22
2353394594594.5947,1053.9884056912877,253416921.40621164,1,1.1846246271297329e+22,3.3564741417173403e+22,1.0079423570064231e+23,9.98453613406521e+19,4.2691362144792726e-67,5.5408423612669875e+22,3.58147943592836e-63,1.0027755394395203e+20,6.279119789333336e-68,1.330524109242255e+17,2.9178965886615504e+16,7.0583657753018456e+16,1.0069422425152021e+23,1.001445015330278e+20,3.3564741417173403e+22
2356553513513.5137,1051.6447659673834,253411653.27383277,1,1.1846246271297329e+22,3.3564741417173403e+22,1.0079423570064231e+23,9.98453613406521e+19,3.309531695422466e-67,5.5408423612669875e+22,2.776433264607158e-63,1.0027755394395203e+20,4.867801245190336e-68,1.330524109242255e+17,2.8337215436196028e+16,7.142540820343793e+16,1.0069422425152021e+23,1.001445015330278e+20,3.3564741417173403e+22
2359712432432.4326,1049.301126243479,253406484.63438034,1,1.1846246271297329e+22,3.3564741417173403e+22,1.0079423570064231e+23,9.98453613406521e+19,2.565624205813406e-67,5.5408423612669875e+22,2.152345646742213e-63,1.0027755394395203e+20,3.773694434629447e-68,1.330524109242255e+17,2.7500934988789604e+16,7.226168865084435e+16,1.0069422425152021e+23,1.001445015330278e+20,3.3564741417173403e+22
2362871351351.3516,1046.9574865195748,253401413.98365086,1,1.1846246271297329e+22,3.3564741417173403e+22,1.0079423570064231e+23,9.98453613406521e+19,1.9889300595964805e-67,5.5408423612669875e+22,1.6685406568580454e-63,1.0027755394395203e+20,2.9255023592960468e-68,1.330524109242255e+17,2.6670670032138924e+16,7.309195360749504e+16,1.0069422425152021e+23,1.001445015330278e+20,3.3564741417173403e+22
2366030270270.2705,1044.6138467956705,253396439.82537135,1,1.1846246271297329e+22,3.3564741417173403e+22,1.0079423570064231e+23,9.98453613406521e+19,1.541863567183358e-67,5.5408423612669875e+22,1.293485517905629e-63,1.0027755394395203e+20,2.2679527591525193e-68,1.330524109242255e+17,2.5846966994187972e+16,7.391565664544598e+16,1.0069422425152021e+23,1.001445015330278e+20,3.3564741417173403e+22
2369189189189.189,1042.2702070717662,253391560.67163557,1,1.1846246271297329e+22,3.3564741417173403e+22,1.0079423570064231e+23,9.98453613406521e+19,1.1952874237942818e-67,5.5408423612669875e+22,1.0027354012350783e-63,1.0027755394395203e+20,1.7581964067060597e-68,1.330524109242255e+17,2.503037205775768e+16,7.473225158187627e+16,1.0069422425152021e+23,1.001445015330278e+20,3.3564741417173403e+22
2372348108108.1084,1039.9265673478617,253386775.0433273,1,1.1846246271297329e+22,3.3564741417173403e+22,1.0079423570064231e+23,9.98453613406521e+19,9.266137119164131e-68,5.5408423612669875e+22,7.773401951326925e-64,1.0027755394395203e+20,1.3630149126759884e-68,1.330524109242255e+17,2.4221429928326372e+16,7.554119371130758e+16,1.0069422425152021e+23,1.001445015330278e+20,3.3564741417173403e+22
2375507027027.0273,1037.5829276239574,253382081.47053292,1,1.1846246271297329e+22,3.3564741417173403e+22,1.0079423570064231e+23,9.98453613406521e+19,7.183317531356526e-68,5.5408423612669875e+22,6.026094004706154e-64,1.0027755394395203e+20,1.0566561002023974e-68,1.330524109242255e+17,2.3420682557804464e+16,7.634194108182949e+16,1.0069422425152021e+23,1.001445015330278e+20,3.3564741417173403e+22
2378665945945.9463,1035.2392879000531,253377478.49294063,1,1.1846246271297329e+22,3.3564741417173403e+22,1.0079423570064231e+23,9.98453613406521e+19,5.568668638877244e-68,5.5408423612669875e+22,4.6715465353437246e-64,1.0027755394395203e+20,8.191558972743713e-69,1.330524109242255e+17,2.262866782762208e+16,7.713395581201187e+16,1.0069422425152021e+23,1.001445015330278e+20,3.3564741417173403e+22
2381824864864.865,1032.8956481761488,253372964.6602278,1,1.1846246271297329e+22,3.3564741417173403e+22,1.0079423570064231e+23,9.98453613406521e+19,4.316956358751977e-68,5.5408423612669875e+22,3.62147470896384e-64,1.0027755394395203e+20,6.350373988817413e-69,1.330524109242255e+17,2.1845918194886844e+16,7.79167054447471e+16,1.0069422425152021e+23,1.001445015330278e+20,3.3564741417173403e+22
2384983783783.784,1030.5520084522445,253368538.53243497,1,1.1846246271297329e+22,3.3564741417173403e+22,1.0079423570064231e+23,9.98453613406521e+19,3.3466008054731874e-68,5.5408423612669875e+22,2.8074383865042125e-64,1.0027755394395203e+20,4.92302327109334e-69,1.330524109242255e+17,2.1072959305814056e+16,7.868966433381989e+16,1.0069422425152021e+23,1.001445015330278e+20,3.3564741417173403e+22
2388142702702.7026,1028.2083687283402,253364198.68032756,1,1.1846246271297329e+22,3.3564741417173403e+22,1.0079423570064231e+23,9.98453613406521e+19,2.5943593774766753e-68,5.5408423612669875e+22,2.176381426745475e-64,1.0027755394395203e+20,3.8164917038239633e-69,1.330524109242255e+17,2.0310308581079944e+16,7.9452315058554e+16,1.0069422425152021e+23,1.001445015330278e+20,3.3564741417173403e+22
2391301621621.6216,1025.864729004436,253359943.68574375,1,1.1846246271297329e+22,3.3564741417173403e+22,1.0079423570064231e+23,9.98453613406521e+19,2.011204960927537e-68,5.5408423612669875e+22,1.6871736660196733e-64,1.0027755394395203e+20,2.9586705381015583e-69,1.330524109242255e+17,1.9558473778196536e+16,8.02041498614374e+16,1.0069422425152021e+23,1.001445015330278e+20,3.3564741417173403e+22
2394460540540.5405,1023.5210892805317,253355772.14192972,1,1.1846246271297329e+22,3.3564741417173403e+22,1.0079423570064231e+23,9.98453613406521e+19,1.5591306167925858e-68,5.5408423612669875e+22,1.3079301929014142e-64,1.0027755394395203e+20,2.2936584351121749e-69,1.330524109242255e+17,1.8817951536450624e+16,8.094467210318333e+16,1.0069422425152021e+23,1.001445015330278e+20,3.3564741417173403e+22
2397619459459.4595,1021.1774495566274,253351682.65386096,1,1.1846246271297329e+22,3.3564741417173403e+22,1.0079423570064231e+23,9.98453613406521e+19,1.2086724996655652e-68,5.5408423612669875e+22,1.0139331972498812e-64,1.0027755394395203e+20,1.7781186507796198e-69,1.330524109242255e+17,1.8089225910384456e+16,8.167339772924949e+16,1.0069422425152021e+23,1.001445015330278e+20,3.3564741417173403e+22
2400778378378.3784,1018.8338098327231,253347673.8385503,1,1.1846246271297329e+22,3.3564741417173403e+22,1.0079423570064231e+23,9.98453613406521e+19,9.369895667804878e-69,5.5408423612669875e+22,7.860209467332458e-65,1.0027755394395203e+20,1.3784549838897171e-69,1.330524109242255e+17,1.737276689821808e+16,8.238985674141587e+16,1.0069422425152021e+23,1.001445015330278e+20,3.3564741417173403e+22
2403937297297.298,1016.4901701088185,253343752.2304443,1,1.1846246271297329e+22,3.3564741417173403e+22,1.0079423570064231e+23,9.98453613406521e+19,7.263749206956023e-69,5.5408423612669875e+22,6.093388897603732e-65,1.0027755394395203e+20,1.068622431567817e-69,1.330524109242255e+17,1.6669028972017424e+16,8.309359466761653e+16,1.0069422425152021e+23,1.001445015330278e+20,3.3564741417173403e+22
2407096216216.2163,1014.1465303849142,253339926.2261291,1,1.1846246271297329e+22,3.3564741417173403e+22,1.0079423570064231e+23,9.98453613406521e+19,5.631017749141463e-69,5.5408423612669875e+22,4.723714859222592e-65,1.0027755394395203e+20,8.284300007911257e-70,1.330524109242255e+17,1.597844961679338e+16,8.378417402284058e+16,1.0069422425152021e+23,1.001445015330278e+20,3.3564741417173403e+22
2410255135135.1353,1011.8028906610099,253336193.28766727,1,1.1846246271297329e+22,3.3564741417173403e+22,1.0079423570064231e+23,9.98453613406521e+19,4.365288192471395e-69,5.5408423612669875e+22,3.6619166191764394e-65,1.0027755394395203e+20,6.422249683795643e-70,1.330524109242255e+17,1.530144788606966e+16,8.446117575356429e+16,1.0069422425152021e+23,1.001445015330278e+20,3.3564741417173403e+22
2413414054054.054,1009.4592509371056,253332550.94210443,1,1.1846246271297329e+22,3.3564741417173403e+22,1.0079423570064231e+23,9.98453613406521e+19,3.3840667048762347e-69,5.5408423612669875e+22,2.838789750321107e-65,1.0027755394395203e+20,4.978727929479954e-70,1.330524109242255e+17,1.4638422981775732e+16,8.51242006578582e+16,1.0069422425152021e+23,1.001445015330278e+20,3.3564741417173403e+22
2416572972972.973,1007.1156112132013,253328996.78013307,1,1.1846246271297329e+22,3.3564741417173403e+22,1.0079423570064231e+23,9.98453613406521e+19,2.623402208943706e-69,5.5408423612669875e+22,2.2006856202915326e-65,1.0027755394395203e+20,3.859663534409137e-70,1.330524109242255e+17,1.398975286659975e+16,8.577287077303419e+16,1.0069422425152021e+23,1.001445015330278e+20,3.3564741417173403e+22
2419731891891.892,1004.771971489297,253325528.45476297,1,1.1846246271297329e+22,3.3564741417173403e+22,1.0079423570064231e+23,9.98453613406521e+19,2.033718391418026e-69,5.5408423612669875e+22,1.7060147546362365e-65,1.0027755394395203e+20,2.9921292372057036e-70,1.330524109242255e+17,1.3355792917169402e+16,8.640683072246454e+16,1.0069422425152021e+23,1.001445015330278e+20,3.3564741417173403e+22
2422890810810.811,1002.4283317653927,253322143.67999962,1,1.1846246271297329e+22,3.3564741417173403e+22,1.0079423570064231e+23,9.98453613406521e+19,1.5765825825800929e-69,5.5408423612669875e+22,1.3225361751811582e-65,1.0027755394395203e+20,2.3195893248248098e-70,1.330524109242255e+17,1.2736874626610084e+16,8.702574901302386e+16,1.0069422425152021e+23,1.001445015330278e+20,3.3564741417173403e+22
2426049729729.73,1000.0846920414884,253318840.22953212,1,1.1846246271297329e+22,3.3564741417173403e+22,1.0079423570064231e+23,9.98453613406521e+19,1.2222009176128526e-69,5.5408423612669875e+22,1.0252560418422396e-65,1.0027755394395203e+20,1.798215394703855e-70,1.330524109242255e+17,1.2133304365154106e+16,8.762931927447984e+16,1.0069422425152021e+23,1.001445015330278e+20,3.3564741417173403e+22
2429208648648.6484,997.7410523175841,253315615.9354319,1,1.1846246271297329e+22,3.3564741417173403e+22,1.0079423570064231e+23,9.98453613406521e+19,9.474765283666394e-70,5.5408423612669875e+22,7.947986384493655e-66,1.0027755394395203e+20,1.3940301978144492e-70,1.330524109242255e+17,1.1545362207536002e+16,8.821726143209795e+16,1.0069422425152021e+23,1.001445015330278e+20,3.3564741417173403e+22
2432367567567.5674,995.3974125936799,253312468.68686283,1,1.1846246271297329e+22,3.3564741417173403e+22,1.0079423570064231e+23,9.98453613406521e+19,7.345042092865139e-70,5.5408423612669875e+22,6.161435289333983e-66,1.0027755394395203e+20,1.0806934416916509e-70,1.330524109242255e+17,1.0973300835902188e+16,8.878932280373176e+16,1.0069422425152021e+23,1.001445015330278e+20,3.3564741417173403e+22
2435526486486.487,993.0537728697752,253309396.4288039,1,1.1846246271297329e+22,3.3564741417173403e+22,1.0079423570064231e+23,9.98453613406521e+19,5.694034481832129e-70,5.5408423612669875e+22,4.776465759769753e-66,1.0027755394395203e+20,8.377852651459132e-71,1.330524109242255e+17,1.0417344526883002e+16,8.934527911275094e+16,1.0069422425152021e+23,1.001445015330278e+20,3.3564741417173403e+22
2438685405405.406,990.7101331458709,253306397.1607855,1,1.1846246271297329e+22,3.3564741417173403e+22,1.0079423570064231e+23,9.98453613406521e+19,4.414137652186753e-70,5.5408423612669875e+22,3.7028101542747804e-66,1.0027755394395203e+20,6.4947552669485454e-71,1.330524109242255e+17,9877688231317088.0,8.988493540831686e+16,1.0069422425152021e+23,1.001445015330278e+20,3.3564741417173403e+22
2441844324324.3247,988.3664934219667,253303468.9356405,1,1.1846246271297329e+22,3.3564741417173403e+22,1.0079423570064231e+23,9.98453613406521e+19,3.421933992364145e-70,5.5408423612669875e+22,2.8704912226276157e-66,1.0027755394395203e+20,5.034921900657414e-71,1.330524109242255e+17,9354496754877880.0,9.040812688475608e+16,1.0069422425152021e+23,1.001445015330278e+20,3.3564741417173403e+22
2445003243243.2437,986.0228536980624,253300609.85826957,1,1.1846246271297329e+22,3.3564741417173403e+22,1.0079423570064231e+23,9.98453613406521e+19,2.6527563360178188e-70,5.5408423612669875e+22,2.225261224821284e-66,1.0027755394395203e+20,3.903215806850067e-71,1.330524109242255e+17,8847904047526436.0,9.091471959210752e+16,1.0069422425152021e+23,1.001445015330278e+20,3.3564741417173403e+22
2448162162162.1626,983.6792139741581,253297818.08442384,1,1.1846246271297329e+22,3.3564741417173403e+22,1.0079423570064231e+23,9.98453613406521e+19,2.0564732778116322e-70,5.5408423612669875e+22,1.7250662463828435e-66,1.0027755394395203e+20,3.025883969386583e-71,1.330524109242255e+17,8358012609301089.0,9.140461103033286e+16,1.0069422425152021e+23,1.001445015330278e+20,3.3564741417173403e+22
2451321081081.081,981.3355742502538,253295091.81950212,1,1.1846246271297329e+22,3.3564741417173403e+22,1.0079423570064231e+23,9.98453613406521e+19,1.594221855842443e-70,5.5408423612669875e+22,1.337305266103485e-66,1.0027755394395203e+20,2.3457507375510833e-71,1.330524109242255e+17,7884893019450792.0,9.187773062018317e+16,1.0069422425152021e+23,1.001445015330278e+20,3.3564741417173403e+22
2454480000000.0,978.9919345263495,253292429.31736693,1,1.1846246271297329e+22,3.3564741417173403e+22,1.0079423570064231e+23,9.98453613406521e+19,1.2358746541098167e-70,5.5408423612669875e+22,1.0367053314607703e-66,1.0027755394395203e+20,1.8184917703282184e-71,1.330524109242255e+17,7428583595324676.0,9.233404004430928e+16,1.0069422425152021e+23,1.001445015330278e+20,3.3564741417173403e+22
2457638918918.919,976.6482948024452,253289828.87917745,1,1.1846246271297329e+22,3.3564741417173403e+22,1.0079423570064231e+23,9.98453613406521e+19,9.580762439690092e-71,5.5408423612669875e+22,8.036743528354708e-67,1.0027755394395203e+20,1.4097454735441566e-71,1.330524109242255e+17,6989090186745564.0,9.277353345288838e+16,1.0069422425152021e+23,1.001445015330278e+20,3.3564741417173403e+22
2460797837837.838,974.3046550785409,253287288.85223994,1,1.1846246271297329e+22,3.3564741417173403e+22,1.0079423570064231e+23,9.98453613406521e+19,7.427209899627346e-71,5.5408423612669875e+22,6.230241572071571e-67,1.0027755394395203e+20,1.092873690427858e-71,1.330524109242255e+17,6566386110821416.0,9.319623752881253e+16,1.0069422425152021e+23,1.001445015330278e+20,3.3564741417173403e+22
2463956756756.757,971.9610153546366,253284807.62887752,1,1.1846246271297329e+22,3.3564741417173403e+22,1.0079423570064231e+23,9.98453613406521e+19,5.757730112106532e-71,5.5408423612669875e+22,4.829805742763983e-67,1.0027755394395203e+20,8.472257156287027e-72,1.330524109242255e+17,6160412231288661.0,9.360221140834528e+16,1.0069422425152021e+23,1.001445015330278e+20,3.3564741417173403e+22
2467115675675.6763,969.617375630732,253282383.6453178,1,1.1846246271297329e+22,3.3564741417173403e+22,1.0079423570064231e+23,9.98453613406521e+19,4.463513894318187e-71,5.5408423612669875e+22,3.7441603576664616e-67,1.0027755394395203e+20,6.567925026105493e-72,1.330524109242255e+17,5771077185539224.0,9.399154645409472e+16,1.0069422425152021e+23,1.001445015330278e+20,3.3564741417173403e+22
2470274594594.5947,967.2737359068277,253280015.38060036,1,1.1846246271297329e+22,3.3564741417173403e+22,1.0079423570064231e+23,9.98453613406521e+19,3.4602100206574916e-71,5.5408423612669875e+22,2.902546713172455e-67,1.0027755394395203e+20,5.091633620192957e-72,1.330524109242255e+17,5398257761464161.0,9.436436587816978e+16,1.0069422425152021e+23,1.001445015330278e+20,3.3564741417173403e+22
2473433513513.5137,964.9300961829234,253277701.35550293,1,1.1846246271297329e+22,3.3564741417173403e+22,1.0079423570064231e+23,9.98453613406521e+19,2.6824276053726816e-71,5.5408423612669875e+22,2.2501112712487938e-67,1.0027755394395203e+20,3.9471716108086086e-72,1.330524109242255e+17,5041799425158165.0,9.472082421447578e+16,1.0069422425152021e+23,1.001445015330278e+20,3.3564741417173403e+22
2476592432432.4326,962.5864564590191,253275440.13148692,1,1.1846246271297329e+22,3.3564741417173403e+22,1.0079423570064231e+23,9.98453613406521e+19,2.079474229194997e-71,5.5408423612669875e+22,1.74433049088366e-67,1.0027755394395203e+20,3.059953158941176e-72,1.330524109242255e+17,4701516999379167.0,9.506110664025477e+16,1.0069422425152021e+23,1.001445015330278e+20,3.3564741417173403e+22
2479751351351.3516,960.2428167351148,253273230.3096632,1,1.1846246271297329e+22,3.3564741417173403e+22,1.0079423570064231e+23,9.98453613406521e+19,1.6120520419982335e-71,5.5408423612669875e+22,1.3522392871432365e-67,1.0027755394395203e+20,2.3721571548354714e-72,1.330524109242255e+17,4377195491455525.0,9.538542814817842e+16,1.0069422425152021e+23,1.001445015330278e+20,3.3564741417173403e+22
2482910270270.2705,957.8991770112106,253271070.52977684,1,1.1846246271297329e+22,3.3564741417173403e+22,1.0079423570064231e+23,9.98453613406521e+19,1.2496965095794074e-71,5.5408423612669875e+22,1.048282478148578e-67,1.0027755394395203e+20,1.838959006875607e-72,1.330524109242255e+17,4068591068091235.5,9.56940325715427e+16,1.0069422425152021e+23,1.001445015330278e+20,3.3564741417173403e+22
2486069189189.1895,955.5555372873063,253268959.46921214,1,1.1846246271297329e+22,3.3564741417173403e+22,1.0079423570064231e+23,9.98453613406521e+19,9.687908744784759e-72,5.5408423612669875e+22,8.126491845351353e-68,1.0027755394395203e+20,1.4256094087804462e-72,1.330524109242255e+17,3775432173249649.0,9.598719146638429e+16,1.0069422425152021e+23,1.001445015330278e+20,3.3564741417173403e+22
2489228108108.1084,953.211897563402,253266895.84201705,1,1.1846246271297329e+22,3.3564741417173403e+22,1.0079423570064231e+23,9.98453613406521e+19,7.510269229375898e-72,5.5408423612669875e+22,6.299816231708673e-68,1.0027755394395203e+20,1.1051697111331316e-72,1.330524109242255e+17,3497420784012154.5,9.626520285562178e+16,1.0069422425152021e+23,1.001445015330278e+20,3.3564741417173403e+22
2492387027027.027,950.8682578394977,253264878.39794794,1,1.1846246271297329e+22,3.3564741417173403e+22,1.0079423570064231e+23,9.98453613406521e+19,5.822117381357291e-72,5.5408423612669875e+22,4.8837413866357174e-68,1.0027755394395203e+20,8.567563131348818e-73,1.330524109242255e+17,3234233798025131.0,9.65283898416088e+16,1.0069422425152021e+23,1.001445015330278e+20,3.3564741417173403e+22
2495545945945.946,948.5246181155934,253262905.9215334,1,1.1846246271297329e+22,3.3564741417173403e+22,1.0079423570064231e+23,9.98453613406521e+19,4.5134266952866325e-72,5.5408423612669875e+22,3.785972329080077e-68,1.0027755394395203e+20,6.641796626197213e-73,1.330524109242255e+17,2985524544881986.5,9.677709909475195e+16,1.0069422425152021e+23,1.001445015330278e+20,3.3564741417173403e+22
2498704864864.865,946.1809783916888,253260977.23115844,1,1.1846246271297329e+22,3.3564741417173403e+22,1.0079423570064231e+23,9.98453613406521e+19,3.4989022914855774e-72,5.5408423612669875e+22,2.9349601753654805e-68,1.0027755394395203e+20,5.1488916852020825e-73,1.330524109242255e+17,2750924412553897.0,9.701169922708005e+16,1.0069422425152021e+23,1.001445015330278e+20,3.3564741417173403e+22
2501863783783.784,943.8373386677845,253259091.17816815,1,1.1846246271297329e+22,3.3564741417173403e+22,1.0079423570064231e+23,9.98453613406521e+19,2.712421773954905e-72,5.5408423612669875e+22,2.2752388243350997e-68,1.0027755394395203e+20,3.9915526598503735e-73,1.330524109242255e+17,2530044578800118.5,9.723257906083382e+16,1.0069422425152021e+23,1.001445015330278e+20,3.3564741417173403e+22
2505022702702.703,941.4936989438802,253257246.64599034,1,1.1846246271297329e+22,3.3564741417173403e+22,1.0079423570064231e+23,9.98453613406521e+19,2.1027256641353464e-72,5.5408423612669875e+22,1.7638098640016907e-68,1.0027755394395203e+20,3.094353293954488e-73,1.330524109242255e+17,2322477836373763.5,9.744014580326018e+16,1.0069422425152021e+23,1.001445015330278e+20,3.3564741417173403e+22
2508181621621.622,939.1500592199759,253255442.54927838,1,1.1846246271297329e+22,3.3564741417173403e+22,1.0079423570064231e+23,9.98453613406521e+19,1.630076532863044e-72,5.5408423612669875e+22,1.3673400801161206e-68,1.0027755394395203e+20,2.3988210977951072e-73,1.330524109242255e+17,2127800499809213.5,9.763482313982472e+16,1.0069422425152021e+23,1.001445015330278e+20,3.3564741417173403e+22
2511340540540.5405,936.8064194960716,253253677.8330726,1,1.1846246271297329e+22,3.3564741417173403e+22,1.0079423570064231e+23,9.98453613406521e+19,1.263669088050407e-72,5.5408423612669875e+22,1.0599889097174063e-68,1.0027755394395203e+20,1.8596266137341306e-73,1.330524109242255e+17,1945574380649834.2,9.78170492589841e+16,1.0069422425152021e+23,1.001445015330278e+20,3.3564741417173403e+22
2514499459459.4595,934.4627797721673,253251951.47198126,1,1.1846246271297329e+22,3.3564741417173403e+22,1.0079423570064231e+23,9.98453613406521e+19,9.796224194017285e-73,5.5408423612669875e+22,8.217242404160906e-69,1.0027755394395203e+20,1.4416292262518267e-73,1.330524109242255e+17,1775348817165837.2,9.79872748224681e+16,1.0069422425152021e+23,1.001445015330278e+20,3.3564741417173403e+22
2517658378378.3784,932.119140048263,253250262.46937993,1,1.1846246271297329e+22,3.3564741417173403e+22,1.0079423570064231e+23,9.98453613406521e+19,7.594235437612393e-73,5.5408423612669875e+22,6.370167848901533e-69,1.0027755394395203e+20,1.1175869902611795e-73,1.330524109242255e+17,1616662743937387.0,9.814596089569654e+16,1.0069422425152021e+23,1.001445015330278e+20,3.3564741417173403e+22
2520817297297.2974,929.7755003243587,253248609.85662976,1,1.1846246271297329e+22,3.3564741417173403e+22,1.0079423570064231e+23,9.98453613406521e+19,5.887208083815763e-73,5.5408423612669875e+22,4.938279343278357e-69,1.0027755394395203e+20,8.663812256507301e-74,1.330524109242255e+17,1469046786151480.2,9.829357685348245e+16,1.0069422425152021e+23,1.001445015330278e+20,3.3564741417173403e+22
2523976216216.2163,927.4318606004545,253246992.69231418,1,1.1846246271297329e+22,3.3564741417173403e+22,1.0079423570064231e+23,9.98453613406521e+19,4.563885115340402e-73,5.5408423612669875e+22,3.828251225194156e-69,1.0027755394395203e+20,6.716401734253592e-74,1.330524109242255e+17,1332025363095138.2,9.843059827653878e+16,1.0069422425152021e+23,1.001445015330278e+20,3.3564741417173403e+22
2527135135135.1353,925.0882208765502,253245410.06149366,1,1.1846246271297329e+22,3.3564741417173403e+22,1.0079423570064231e+23,9.98453613406521e+19,3.5380177659126837e-73,5.5408423612669875e+22,2.967735606765263e-69,1.0027755394395203e+20,5.206720157987688e-74,1.330524109242255e+17,1205118785132452.8,9.855750485450147e+16,1.0069422425152021e+23,1.001445015330278e+20,3.3564741417173403e+22
2530294054054.054,922.7445811526455,253243861.07497856,1,1.1846246271297329e+22,3.3564741417173403e+22,1.0079423570064231e+23,9.98453613406521e+19,2.742744190812061e-73,5.5408423612669875e+22,2.3006469830661905e-69,1.0027755394395203e+20,4.036377239949727e-74,1.330524109242255e+17,1087845328437128.4,9.86747783111968e+16,1.0069422425152021e+23,1.001445015330278e+20,3.3564741417173403e+22
2533452972972.973,920.4009414287412,253242344.86861968,1,1.1846246271297329e+22,3.3564741417173403e+22,1.0079423570064231e+23,9.98453613406521e+19,2.1262316935871887e-73,5.5408423612669875e+22,1.7835067681317945e-69,1.0027755394395203e+20,3.1290982724259084e-74,1.330524109242255e+17,979723271920841.6,9.878290036771309e+16,1.0069422425152021e+23,1.001445015330278e+20,3.3564741417173403e+22
2536611891891.892,918.057301704837,253240860.60261604,1,1.1846246271297329e+22,3.3564741417173403e+22,1.0079423570064231e+23,9.98453613406521e+19,1.6482984883440687e-73,5.5408423612669875e+22,1.382609507405858e-69,1.0027755394395203e+20,2.425753130758144e-74,1.330524109242255e+17,880272881153645.5,9.888235075848029e+16,1.0069422425152021e+23,1.001445015330278e+20,3.3564741417173403e+22
2539770810810.811,915.7136619809327,253239407.46083978,1,1.1846246271297329e+22,3.3564741417173403e+22,1.0079423570064231e+23,9.98453613406521e+19,1.2777948187683969e-73,5.5408423612669875e+22,1.071826069923727e-69,1.0027755394395203e+20,1.8805026222617042e-74,1.330524109242255e+17,789018324615415.2,9.897360531501851e+16,1.0069422425152021e+23,1.001445015330278e+20,3.3564741417173403e+22
2542929729729.73,913.3700222570284,253237984.6501783,1,1.1846246271297329e+22,3.3564741417173403e+22,1.0079423570064231e+23,9.98453613406521e+19,9.905727465538566e-74,5.5408423612669875e+22,8.309006397067356e-70,1.0027755394395203e+20,1.4578110325041431e-74,1.330524109242255e+17,705489508343344.8,9.905713413129058e+16,1.0069422425152021e+23,1.001445015330278e+20,3.3564741417173403e+22
2546088648648.649,911.0263825331241,253236591.39989263,1,1.1846246271297329e+22,3.3564741417173403e+22,1.0079423570064231e+23,9.98453613406521e+19,7.679122887879594e-74,5.5408423612669875e+22,6.441305100128722e-70,1.0027755394395203e+20,1.130130171508026e-74,1.330524109242255e+17,629223815942953.1,9.913339982369096e+16,1.0069422425152021e+23,1.001445015330278e+20,3.3564741417173403e+22
2549247567567.568,908.6827428092198,253235226.96099192,1,1.1846246271297329e+22,3.3564741417173403e+22,1.0079423570064231e+23,9.98453613406521e+19,5.95301326673517e-74,5.5408423612669875e+22,4.993426338868654e-70,1.0027755394395203e+20,8.761039849703942e-75,1.330524109242255e+17,559767741998808.0,9.92028558976351e+16,1.0069422425152021e+23,1.001445015330278e+20,3.3564741417173403e+22
2552406486486.4863,906.3391030853155,253233890.60562462,1,1.1846246271297329e+22,3.3564741417173403e+22,1.0079423570064231e+23,9.98453613406521e+19,4.6148976523840976e-74,5.5408423612669875e+22,3.8710022602731436e-70,1.0027755394395203e+20,6.791767215611438e-75,1.330524109242255e+17,496678408142900.5,9.9265945231491e+16,1.0069422425152021e+23,1.001445015330278e+20,3.3564741417173403e+22
2555565405405.4053,903.9954633614112,253232581.62648445,1,1.1846246271297329e+22,3.3564741417173403e+22,1.0079423570064231e+23,9.98453613406521e+19,3.577562981773035e-74,5.5408423612669875e+22,3.0008770495721015e-70,1.0027755394395203e+20,5.26513947739238e-75,1.330524109242255e+17,439524952396913.25,9.9323098687237e+16,1.0069422425152021e+23,1.001445015330278e+20,3.3564741417173403e+22
2558724324324.324,901.6518236375069,253231299.3362322,1,1.1846246271297329e+22,3.3564741417173403e+22,1.0079423570064231e+23,9.98453613406521e+19,2.7733998865480885e-74,5.5408423612669875e+22,2.3263388810352017e-70,1.0027755394395203e+20,4.081660903210906e-75,1.330524109242255e+17,387889783880275.4,9.937473385575363e+16,1.0069422425152021e+23,1.001445015330278e+20,3.3564741417173403e+22
2561883243243.2437,899.3081839136023,253230043.06693262,1,1.1846246271297329e+22,3.3564741417173403e+22,1.0079423570064231e+23,9.98453613406521e+19,2.1499961889690786e-74,5.5408423612669875e+22,1.8034236324969718e-70,1.0027755394395203e+20,3.1641999300172454e-75,1.330524109242255e+17,341369696547105.0,9.94212539430868e+16,1.0069422425152021e+23,1.001445015330278e+20,3.3564741417173403e+22
2565042162162.1626,896.964544189698,253228812.16950613,1,1.1846246271297329e+22,3.3564741417173403e+22,1.0079423570064231e+23,9.98453613406521e+19,1.6667208882163253e-74,5.5408423612669875e+22,1.3980494521938735e-70,1.0027755394395203e+20,2.4529622625482144e-75,1.330524109242255e+17,299576837257962.3,9.946304680237594e+16,1.0069422425152021e+23,1.001445015330278e+20,3.3564741417173403e+22
2568201081081.0815,894.6209044657937,253227606.01319453,1,1.1846246271297329e+22,3.3564741417173403e+22,1.0079423570064231e+23,9.98453613406521e+19,1.2920759955552711e-74,5.5408423612669875e+22,1.0837954186468009e-70,1.0027755394395203e+20,1.901593890771802e-75,1.330524109242255e+17,262139525181083.34,9.950048411445282e+16,1.0069422425152021e+23,1.001445015330278e+20,3.3564741417173403e+22
2571360000000.0,892.2772647418894,253226423.98504138,1,1.1846246271297329e+22,3.3564741417173403e+22,1.0079423570064231e+23,9.98453613406521e+19,1.0016436219656457e-74,5.5408423612669875e+22,8.401795141341723e-71,1.0027755394395203e+20,1.4741600495964937e-75,1.330524109242255e+17,228702921225564.7,9.953392071840834e+16,1.0069422425152021e+23,1.001445015330278e+20,3.3564741417173403e+22
2574518918918.919,889.9336250179852,253225265.48938584,1,1.1846246271297329e+22,3.3564741417173403e+22,1.0079423570064231e+23,9.98453613406521e+19,7.76494517891698e-75,5.5408423612669875e+22,6.51323675876121e-71,1.0027755394395203e+20,1.1428032317572128e-75,1.330524109242255e+17,198929547908245.56,9.956369409172565e+16,1.0069422425152021e+23,1.001445015330278e+20,3.3564741417173403e+22
2577677837837.838,887.5899852940809,253224129.9473703,1,1.1846246271297329e+22,3.3564741417173403e+22,1.0079423570064231e+23,9.98453613406521e+19,6.019543402853996e-75,5.5408423612669875e+22,5.049189174696256e-71,1.0027755394395203e+20,8.859276202522118e-76,1.330524109242255e+17,172499661719169.88,9.959012397791472e+16,1.0069422425152021e+23,1.001445015330278e+20,3.3564741417173403e+22
2580836756756.757,885.2463455701766,253223016.79646096,1,1.1846246271297329e+22,3.3564741417173403e+22,1.0079423570064231e+23,9.98453613406521e+19,4.666472372868141e-75,5.5408423612669875e+22,3.9142307068104756e-71,1.0027755394395203e+20,6.867916147326019e-76,1.330524109242255e+17,149111481650406.72,9.961351215798349e+16,1.0069422425152021e+23,1.001445015330278e+20,3.3564741417173403e+22
2583995675675.676,882.9027058462723,253221925.4899818,1,1.1846246271297329e+22,3.3564741417173403e+22,1.0079423570064231e+23,9.98453613406521e+19,3.617544152972019e-75,5.5408423612669875e+22,3.0343885911265567e-71,1.0027755394395203e+20,5.324167227484774e-76,1.330524109242255e+17,128481279063724.16,9.963414236057018e+16,1.0069422425152021e+23,1.001445015330278e+20,3.3564741417173403e+22
2587154594594.5947,880.559066122368,253220855.49666047,1,1.1846246271297329e+22,3.3564741417173403e+22,1.0079423570064231e+23,9.98453613406521e+19,2.8043936486332264e-75,5.5408423612669875e+22,2.3523176868288853e-71,1.0027755394395203e+20,4.127417050722896e-76,1.330524109242255e+17,110343335469961.72,9.965228030416394e+16,1.0069422425152021e+23,1.001445015330278e+20,3.3564741417173403e+22
2590313513513.5137,878.2154263984637,253219806.30018702,1,1.1846246271297329e+22,3.3564741417173403e+22,1.0079423570064231e+23,9.98453613406521e+19,2.1740228392594985e-75,5.5408423612669875e+22,1.8235629134479606e-71,1.0027755394395203e+20,3.1996684818532215e-76,1.330524109242255e+17,94449776055072.0,9.966817386357883e+16,1.0069422425152021e+23,1.001445015330278e+20,3.3564741417173403e+22
2593472432432.4326,875.8717866745591,253218777.3987847,1,1.1846246271297329e+22,3.3564741417173403e+22,1.0079423570064231e+23,9.98453613406521e+19,1.685346575395746e-75,5.5408423612669875e+22,1.413661818691547e-71,1.0027755394395203e+20,2.480456281259061e-76,1.330524109242255e+17,80570287895684.78,9.968205335173822e+16,1.0069422425152021e+23,1.001445015330278e+20,3.3564741417173403e+22
2596631351351.3516,873.5281469506548,253217768.30479208,1,1.1846246271297329e+22,3.3564741417173403e+22,1.0079423570064231e+23,9.98453613406521e+19,1.3065148095959494e-75,5.5408423612669875e+22,1.0958984320687231e-71,1.0027755394395203e+20,1.9229063581310724e-76,1.330524109242255e+17,68491732744977.516,9.969413190688893e+16,1.0069422425152021e+23,1.001445015330278e+20,3.3564741417173403e+22
2599790270270.2705,871.1845072267505,253216778.54425693,1,1.1846246271297329e+22,3.3564741417173403e+22,1.0079423570064231e+23,9.98453613406521e+19,1.0128367347177884e-75,5.5408423612669875e+22,8.495620080637797e-72,1.0027755394395203e+20,1.490680807149298e-76,1.330524109242255e+17,58017665025570.734,9.970460597460834e+16,1.0069422425152021e+23,1.001445015330278e+20,3.3564741417173403e+22
2602949189189.1895,868.8408675028462,253215807.65654117,1,1.1846246271297329e+22,3.3564741417173403e+22,1.0079423570064231e+23,9.98453613406521e+19,7.851715332713967e-76,5.5408423612669875e+22,6.585971696144383e-72,1.0027755394395203e+20,1.1556096264756763e-76,1.330524109242255e+17,48967766232020.54,9.971365587340189e+16,1.0069422425152021e+23,1.001445015330278e+20,3.3564741417173403e+22
2606108108108.1084,866.4972277789419,253214855.1939369,1,1.1846246271297329e+22,3.3564741417173403e+22,1.0079423570064231e+23,9.98453613406521e+19,6.086808532758195e-76,5.5408423612669875e+22,5.105574728002502e-72,1.0027755394395203e+20,8.958547680653722e-77,1.330524109242255e+17,41177207317282.23,9.972144643231662e+16,1.0069422425152021e+23,1.001445015330278e+20,3.3564741417173403e+22
2609267027027.0273,864.1535880550376,253213920.72129253,1,1.1846246271297329e+22,3.3564741417173403e+22,1.0079423570064231e+23,9.98453613406521e+19,4.718617019533816e-76,5.5408423612669875e+22,3.9579418961788325e-72,1.0027755394395203e+20,6.94486865087386e-77,1.330524109242255e+17,34495950815484.273,9.972812768881842e+16,1.0069422425152021e+23,1.001445015330278e+20,3.3564741417173403e+22
2612425945945.9463,861.8099483311333,253213003.8156498,1,1.1846246271297329e+22,3.3564741417173403e+22,1.0079423570064231e+23,9.98453613406521e+19,3.657967251011715e-76,5.5408423612669875e+22,3.068274364413537e-72,1.0027755394395203e+20,5.38381876749453e-77,1.330524109242255e+17,28788004441814.78,9.973383563519208e+16,1.0069422425152021e+23,1.001445015330278e+20,3.3564741417173403e+22
2615584864864.8647,859.466308607229,253212104.06589064,1,1.1846246271297329e+22,3.3564741417173403e+22,1.0079423570064231e+23,9.98453613406521e+19,2.835730083076105e-76,5.5408423612669875e+22,2.37858660441839e-72,1.0027755394395203e+20,4.173657408989715e-77,1.330524109242255e+17,23930637717565.914,9.973869300191634e+16,1.0069422425152021e+23,1.001445015330278e+20,3.3564741417173403e+22
2618743783783.7837,857.1226688833248,253211221.07239383,1,1.1846246271297329e+22,3.3564741417173403e+22,1.0079423570064231e+23,9.98453613406521e+19,2.198315197639921e-76,5.5408423612669875e+22,1.8439270947661823e-72,1.0027755394395203e+20,3.235512882772531e-77,1.330524109242255e+17,19813572806352.203,9.974281006682755e+16,1.0069422425152021e+23,1.001445015330278e+20,3.3564741417173403e+22
2621902702702.7026,854.7790291594205,253210354.4467011,1,1.1846246271297329e+22,3.3564741417173403e+22,1.0079423570064231e+23,9.98453613406521e+19,1.70417829120821e-76,5.5408423612669875e+22,1.4294485323750632e-72,1.0027755394395203e+20,2.5082420265987133e-77,1.330524109242255e+17,16338160231437.959,9.974628547940246e+16,1.0069422425152021e+23,1.001445015330278e+20,3.3564741417173403e+22
2625061621621.622,852.4353894355158,253209503.81119284,1,1.1846246271297329e+22,3.3564741417173403e+22,1.0079423570064231e+23,9.98453613406521e+19,1.3211133761015856e-76,5.5408423612669875e+22,1.1081366028564835e-72,1.0027755394395203e+20,1.9444452496052395e-77,1.330524109242255e+17,13416549491999.162,9.97492070901419e+16,1.0069422425152021e+23,1.001445015330278e+20,3.3564741417173403e+22
2628220540540.541,850.0917497116116,253208668.79877257,1,1.1846246271297329e+22,3.3564741417173403e+22,1.0079423570064231e+23,9.98453613406521e+19,1.0241537170942752e-76,5.5408423612669875e+22,8.59049278640352e-73,1.0027755394395203e+20,1.5073772978985501e-77,1.330524109242255e+17,10970863828277.531,9.975165277580563e+16,1.0069422425152021e+23,1.001445015330278e+20,3.3564741417173403e+22
2631379459459.46,847.7481099877073,253207849.0525602,1,1.1846246271297329e+22,3.3564741417173403e+22,1.0079423570064231e+23,9.98453613406521e+19,7.939445946811798e-77,5.5408423612669875e+22,6.659518882692155e-73,1.0027755394395203e+20,1.1685524072418054e-77,1.330524109242255e+17,8932387523875.178,9.975369125211003e+16,1.0069422425152021e+23,1.001445015330278e+20,3.3564741417173403e+22
2634538378378.3784,845.404470263803,253207044.22559446,1,1.1846246271297329e+22,3.3564741417173403e+22,1.0079423570064231e+23,9.98453613406521e+19,6.154818379957906e-77,5.5408423612669875e+22,5.1625899528286e-73,1.0027755394395203e+20,9.058877611719642e-78,1.330524109242255e+17,7240773200811.728,9.975538286643309e+16,1.0069422425152021e+23,1.001445015330278e+20,3.3564741417173403e+22
2637697297297.2974,843.0608305398987,253206253.98054263,1,1.1846246271297329e+22,3.3564741417173403e+22,1.0079423570064231e+23,9.98453613406521e+19,4.771339098349178e-77,5.5408423612669875e+22,4.0021412192876645e-73,1.0027755394395203e+20,7.022642562710328e-78,1.330524109242255e+17,5843275582702.407,9.97567803640512e+16,1.0069422425152021e+23,1.001445015330278e+20,3.3564741417173403e+22
2640856216216.2163,840.7171908159944,253205477.98941913,1,1.1846246271297329e+22,3.3564741417173403e+22,1.0079423570064231e+23,9.98453613406521e+19,3.698838070657432e-77,5.5408423612669875e+22,3.102538548572023e-73,1.0027755394395203e+20,5.444107738195156e-78,1.330524109242255e+17,4694017196516.34,9.975792962243739e+16,1.0069422425152021e+23,1.001445015330278e+20,3.3564741417173403e+22
2644015135135.1353,838.3735510920901,253204715.9333122,1,1.1846246271297329e+22,3.3564741417173403e+22,1.0079423570064231e+23,9.98453613406521e+19,2.8674136640174035e-77,5.5408423612669875e+22,2.405148873554409e-73,1.0027755394395203e+20,4.2203924122768506e-78,1.330524109242255e+17,3753290475951.9263,9.975887034915795e+16,1.0069422425152021e+23,1.001445015330278e+20,3.3564741417173403e+22
2647174054054.054,836.0299113681858,253203967.50211737,1,1.1846246271297329e+22,3.3564741417173403e+22,1.0079423570064231e+23,9.98453613406521e+19,2.222876718944551e-77,5.5408423612669875e+22,1.86451868797006e-73,1.0027755394395203e+20,3.2717411159796316e-78,1.330524109242255e+17,2986899740193.6797,9.975963673989371e+16,1.0069422425152021e+23,1.001445015330278e+20,3.3564741417173403e+22
2650332972972.973,833.6862716442815,253203232.39427915,1,1.1846246271297329e+22,3.3564741417173403e+22,1.0079423570064231e+23,9.98453613406521e+19,1.7232187036654214e-77,5.5408423612669875e+22,1.4454115402228762e-73,1.0027755394395203e+20,2.5363256077778014e-78,1.330524109242255e+17,2365545569441.7676,9.976025809406446e+16,1.0069422425152021e+23,1.001445015330278e+20,3.3564741417173403e+22
2653491891891.892,831.3426319203772,253202510.31653967,1,1.1846246271297329e+22,3.3564741417173403e+22,1.0079423570064231e+23,9.98453613406521e+19,1.335873755656308e-77,5.5408423612669875e+22,1.1205114403460543e-73,1.0027755394395203e+20,1.9662152413112393e-78,1.330524109242255e+17,1864253199560.1038,9.976075938643435e+16,1.0069422425152021e+23,1.001445015330278e+20,3.3564741417173403e+22
2656650810810.811,828.9989921964726,253201800.98369458,1,1.1846246271297329e+22,3.3564741417173403e+22,1.0079423570064231e+23,9.98453613406521e+19,1.0355961606962103e-77,5.5408423612669875e+22,8.686424959308057e-74,1.0027755394395203e+20,1.5242531018023622e-78,1.330524109242255e+17,1461845726275.5505,9.976116179390763e+16,1.0069422425152021e+23,1.001445015330278e+20,3.3564741417173403e+22
2659809729729.73,826.6553524725683,253201104.11835554,1,1.1846246271297329e+22,3.3564741417173403e+22,1.0079423570064231e+23,9.98453613406521e+19,8.02814931592767e-78,5.5408423612669875e+22,6.733887388993285e-74,1.0027755394395203e+20,1.1816343153942092e-78,1.330524109242255e+17,1140462155559.7412,9.976148317747835e+16,1.0069422425152021e+23,1.001445015330278e+20,3.3564741417173403e+22
2662968648648.649,824.311712748664,253200419.45071948,1,1.1846246271297329e+22,3.3564741417173403e+22,1.0079423570064231e+23,9.98453613406521e+19,6.223582442678328e-78,5.5408423612669875e+22,5.220241880873269e-74,1.0027755394395203e+20,9.160286991855949e-79,1.330524109242255e+17,885119669195.4218,9.976173851996472e+16,1.0069422425152021e+23,1.001445015330278e+20,3.3564741417173403e+22
2666127567567.568,821.9680730247597,253199746.71834457,1,1.1846246271297329e+22,3.3564741417173403e+22,1.0079423570064231e+23,9.98453613406521e+19,4.824645947778257e-78,5.5408423612669875e+22,4.046834127248049e-74,1.0027755394395203e+20,7.101253967343581e-79,1.330524109242255e+17,683318898214.9153,9.97619403207357e+16,1.0069422425152021e+23,1.001445015330278e+20,3.3564741417173403e+22
2669286486486.487,819.6244333008555,253199085.66593212,1,1.1846246271297329e+22,3.3564741417173403e+22,1.0079423570064231e+23,9.98453613406521e+19,3.7401622822068395e-78,5.5408423612669875e+22,3.137185369410483e-74,1.0027755394395203e+20,5.505046464038327e-79,1.330524109242255e+17,524690514228.5905,9.976209894911968e+16,1.0069422425152021e+23,1.001445015330278e+20,3.3564741417173403e+22
2672445405405.406,817.2807935769512,253198436.0451148,1,1.1846246271297329e+22,3.3564741417173403e+22,1.0079423570064231e+23,9.98453613406521e+19,2.8994487731681096e-78,5.5408423612669875e+22,2.4320077701667388e-74,1.0027755394395203e+20,4.267631505944209e-79,1.330524109242255e+17,400681059337.51465,9.976222295857458e+16,1.0069422425152021e+23,1.001445015330278e+20,3.3564741417173403e+22
2675604324324.324,814.9371538530469,253197797.61425102,1,1.1846246271297329e+22,3.3564741417173403e+22,1.0079423570064231e+23,9.98453613406521e+19,2.2477107894153643e-78,5.5408423612669875e+22,1.8853402326247724e-74,1.0027755394395203e+20,3.308360421833836e-79,1.330524109242255e+17,304275636679.3541,9.976231936399723e+16,1.0069422425152021e+23,1.001445015330278e+20,3.3564741417173403e+22
2678763243243.243,812.5935141291426,253197170.13822463,1,1.1846246271297329e+22,3.3564741417173403e+22,1.0079423570064231e+23,9.98453613406521e+19,1.742470429912825e-78,5.5408423612669875e+22,1.4615528109558356e-74,1.0027755394395203e+20,2.564712576062072e-79,1.330524109242255e+17,229754870970.29474,9.976239388476294e+16,1.0069422425152021e+23,1.001445015330278e+20,3.3564741417173403e+22
2681922162162.162,810.2498744052383,253196553.3882508,1,1.1846246271297329e+22,3.3564741417173403e+22,1.0079423570064231e+23,9.98453613406521e+19,1.3507979711515141e-78,5.5408423612669875e+22,1.1330244707285397e-74,1.0027755394395203e+20,1.9882205903480502e-79,1.330524109242255e+17,172483415263.45395,9.976245115621866e+16,1.0069422425152021e+23,1.001445015330278e+20,3.3564741417173403e+22
2685081081081.081,807.906234681334,253195947.14168677,1,1.1846246271297329e+22,3.3564741417173403e+22,1.0079423570064231e+23,9.98453613406521e+19,1.0471656292161e-78,5.5408423612669875e+22,8.783428430684869e-75,1.0027755394395203e+20,1.5413114841736987e-79,1.330524109242255e+17,128727218816.64203,9.97624949124151e+16,1.0069422425152021e+23,1.001445015330278e+20,3.3564741417173403e+22
2688240000000.0005,805.5625949574294,253195351.18184847,1,1.1846246271297329e+22,3.3564741417173403e+22,1.0079423570064231e+23,9.98453613406521e+19,8.117837528312628e-79,5.5408423612669875e+22,6.809086386930053e-75,1.0027755394395203e+20,1.1948578560306722e-79,1.330524109242255e+17,95496772792.9242,9.976252814286112e+16,1.0069422425152021e+23,1.001445015330278e+20,3.3564741417173403e+22
2691398918918.9194,803.2189552335251,253194765.29783207,1,1.1846246271297329e+22,3.3564741417173403e+22,1.0079423570064231e+23,9.98453613406521e+19,6.293110066540688e-79,5.5408423612669875e+22,5.278537622359956e-75,1.0027755394395203e+20,9.262795043691764e-80,1.330524109242255e+17,70413606300.60664,9.976255322602762e+16,1.0069422425152021e+23,1.001445015330278e+20,3.3564741417173403e+22
2694557837837.838,800.8753155096208,253194189.2843405,1,1.1846246271297329e+22,3.3564741417173403e+22,1.0079423570064231e+23,9.98453613406521e+19,4.8785447936011746e-79,5.5408423612669875e+22,4.0920261320449783e-75,1.0027755394395203e+20,7.18071761805176e-80,1.330524109242255e+17,51597405615.00342,9.97625720422283e+16,1.0069422425152021e+23,1.001445015330278e+20,3.3564741417173403e+22
2697716756756.757,798.5316757857165,253193622.94151494,1,1.1846246271297329e+22,3.3564741417173403e+22,1.0079423570064231e+23,9.98453613406521e+19,3.781945472837244e-79,5.5408423612669875e+22,3.172219099928038e-75,1.0027755394395203e+20,5.5666462703648926e-80,1.330524109242255e+17,37571265038.107925,9.976258606836888e+16,1.0069422425152021e+23,1.001445015330278e+20,3.3564741417173403e+22
2700875675675.676,796.1880360618122,253193066.07477117,1,1.1846246271297329e+22,3.3564741417173403e+22,1.0079423570064231e+23,9.98453613406521e+19,2.931839730994353e-79,5.5408423612669875e+22,2.459166606768298e-75,1.0027755394395203e+20,4.315383385608099e-80,1.330524109242255e+17,27182739870.968754,9.976259645689405e+16,1.0069422425152021e+23,1.001445015330278e+20,3.3564741417173403e+22
2704034594594.5947,793.8443963379079,253192518.49464032,1,1.1846246271297329e+22,3.3564741417173403e+22,1.0079423570064231e+23,9.98453613406521e+19,2.272820750221814e-79,5.5408423612669875e+22,1.9063942966554525e-75,1.0027755394395203e+20,3.3453774781611617e-80,1.330524109242255e+17,19538552151.43273,9.976260410108176e+16,1.0069422425152021e+23,1.001445015330278e+20,3.3564741417173403e+22
2707193513513.5137,791.5007566140036,253191980.01661444,1,1.1846246271297329e+22,3.3564741417173403e+22,1.0079423570064231e+23,9.98453613406521e+19,1.7619360539679957e-79,5.5408423612669875e+22,1.4778743352799863e-75,1.0027755394395203e+20,2.5934080607118735e-80,1.330524109242255e+17,13950990701.482788,9.976260968864322e+16,1.0069422425152021e+23,1.001445015330278e+20,3.3564741417173403e+22
2710352432432.4326,789.1571168900994,253191450.460996,1,1.1846246271297329e+22,3.3564741417173403e+22,1.0079423570064231e+23,9.98453613406521e+19,1.365888021163891e-79,5.5408423612669875e+22,1.1456772372383999e-75,1.0027755394395203e+20,2.010465237281238e-80,1.330524109242255e+17,9894242107.821667,9.97626137453918e+16,1.0069422425152021e+23,1.001445015330278e+20,3.3564741417173403e+22
2713511351351.3516,786.8134771661951,253190929.6527522,1,1.1846246271297329e+22,3.3564741417173403e+22,1.0079423570064231e+23,9.98453613406521e+19,1.0588636685272779e-79,5.5408423612669875e+22,8.88151516399087e-76,1.0027755394395203e+20,1.558555472942047e-80,1.330524109242255e+17,6969082988.525328,9.976261667055093e+16,1.0069422425152021e+23,1.001445015330278e+20,3.3564741417173403e+22
2716670270270.2705,784.4698374422904,253190417.42137277,1,1.1846246271297329e+22,3.3564741417173403e+22,1.0079423570064231e+23,9.98453613406521e+19,8.208522541843653e-80,5.5408423612669875e+22,6.885125150809437e-76,1.0027755394395203e+20,1.2082253562538315e-80,1.330524109242255e+17,4874551748.187006,9.976261876508218e+16,1.0069422425152021e+23,1.001445015330278e+20,3.3564741417173403e+22
2719829189189.1895,782.1261977183862,253189913.60073256,1,1.1846246271297329e+22,3.3564741417173403e+22,1.0079423570064231e+23,9.98453613406521e+19,6.363410501949138e-80,5.5408423612669875e+22,5.3374843669137496e-76,1.0027755394395203e+20,9.366419655445042e-81,1.330524109242255e+17,3385396453.376258,9.976262025423747e+16,1.0069422425152021e+23,1.001445015330278e+20,3.3564741417173403e+22
2722988108108.1084,779.7825579944819,253189418.02895764,1,1.1846246271297329e+22,3.3564741417173403e+22,1.0079423570064231e+23,9.98453613406521e+19,4.933042792194105e-80,5.5408423612669875e+22,4.1377228072171567e-76,1.0027755394395203e+20,7.261047267900502e-81,1.330524109242255e+17,2334261863.3441825,9.976262130537206e+16,1.0069422425152021e+23,1.001445015330278e+20,3.3564741417173403e+22
2726147027027.0273,777.4389182705776,253188930.54829475,1,1.1846246271297329e+22,3.3564741417173403e+22,1.0079423570064231e+23,9.98453613406521e+19,3.824193179246557e-80,5.5408423612669875e+22,3.20764406084146e-76,1.0027755394395203e+20,5.628917732944251e-81,1.330524109242255e+17,1597731275.4666047,9.976262204190266e+16,1.0069422425152021e+23,1.001445015330278e+20,3.3564741417173403e+22
2729305945945.9463,775.0952785466733,253188451.00498578,1,1.1846246271297329e+22,3.3564741417173403e+22,1.0079423570064231e+23,9.98453613406521e+19,2.964590821334816e-80,5.5408423612669875e+22,2.4866287328636663e-76,1.0027755394395203e+20,4.363656185257155e-81,1.330524109242255e+17,1085476693.1501195,9.976262255415723e+16,1.0069422425152021e+23,1.001445015330278e+20,3.3564741417173403e+22
2732464864864.865,772.751638822769,253187979.2491444,1,1.1846246271297329e+22,3.3564741417173403e+22,1.0079423570064231e+23,9.98453613406521e+19,2.2982099160271325e-80,5.5408423612669875e+22,1.927683476663896e-76,1.0027755394395203e+20,3.3827985420654853e-81,1.330524109242255e+17,731893541.865325,9.976262290774038e+16,1.0069422425152021e+23,1.001445015330278e+20,3.3564741417173403e+22
2735623783783.7837,770.4079990988647,253187515.13463724,1,1.1846246271297329e+22,3.3564741417173403e+22,1.0079423570064231e+23,9.98453613406521e+19,1.7816181407233706e-80,5.5408423612669875e+22,1.4943781261320842e-76,1.0027755394395203e+20,2.6224168758864465e-81,1.330524109242255e+17,489703921.3241053,9.976262314993e+16,1.0069422425152021e+23,1.001445015330278e+20,3.3564741417173403e+22
2738782702702.7026,768.0643593749604,253187058.51896814,1,1.1846246271297329e+22,3.3564741417173403e+22,1.0079423570064231e+23,9.98453613406521e+19,1.3811458905164124e-80,5.5408423612669875e+22,1.1584713003437786e-76,1.0027755394395203e+20,2.032952886732394e-81,1.330524109242255e+17,325105778.2029926,9.976262331452814e+16,1.0069422425152021e+23,1.001445015330278e+20,3.3564741417173403e+22
2741941621621.6216,765.7207196510561,253186609.2631657,1,1.1846246271297329e+22,3.3564741417173403e+22,1.0079423570064231e+23,9.98453613406521e+19,1.070691814649202e-80,5.5408423612669875e+22,8.980697256281871e-77,1.0027755394395203e+20,1.5759879194054157e-81,1.330524109242255e+17,214125311.15555185,9.97626234255086e+16,1.0069422425152021e+23,1.001445015330278e+20,3.3564741417173403e+22
2745100540540.5405,763.3770799271518,253186167.23167425,1,1.1846246271297329e+22,3.3564741417173403e+22,1.0079423570064231e+23,9.98453613406521e+19,8.3002162441000655e-81,5.5408423612669875e+22,6.962013058506915e-77,1.0027755394395203e+20,1.2217390109687291e-81,1.330524109242255e+17,139897484.53124624,9.976262349973643e+16,1.0069422425152021e+23,1.001445015330278e+20,3.3564741417173403e+22
2748259459459.46,761.0334402032472,253185732.29224798,1,1.1846246271297329e+22,3.3564741417173403e+22,1.0079423570064231e+23,9.98453613406521e+19,6.434492949402526e-81,5.5408423612669875e+22,5.397089384448072e-77,1.0027755394395203e+20,9.47117772616292e-82,1.330524109242255e+17,90655959.4155967,9.976262354897795e+16,1.0069422425152021e+23,1.001445015330278e+20,3.3564741417173403e+22
2751418378378.379,758.6898004793429,253185304.31584817,1,1.1846246271297329e+22,3.3564741417173403e+22,1.0079423570064231e+23,9.98453613406521e+19,4.988147064705372e-81,5.5408423612669875e+22,4.183929788544382e-77,1.0027755394395203e+20,7.342255929998097e-82,1.330524109242255e+17,58260332.25124507,9.976262358137358e+16,1.0069422425152021e+23,1.001445015330278e+20,3.3564741417173403e+22
2754577297297.298,756.3461607554386,253184883.1765432,1,1.1846246271297329e+22,3.3564741417173403e+22,1.0079423570064231e+23,9.98453613406521e+19,3.866910913430644e-81,5.5408423612669875e+22,3.2434646211180355e-77,1.0027755394395203e+20,5.691870874163849e-82,1.330524109242255e+17,37126577.947643556,9.976262360250734e+16,1.0069422425152021e+23,1.001445015330278e+20,3.3564741417173403e+22
2757736216216.2163,754.0025210315343,253184468.7514121,1,1.1846246271297329e+22,3.3564741417173403e+22,1.0079423570064231e+23,9.98453613406521e+19,2.997706310843484e-81,5.5408423612669875e+22,2.514397535362171e-77,1.0027755394395203e+20,4.4124576251455774e-82,1.330524109242255e+17,23457250.705758456,9.976262361617667e+16,1.0069422425152021e+23,1.001445015330278e+20,3.3564741417173403e+22
2760895135135.1353,751.65888130763,253184060.92045012,1,1.1846246271297329e+22,3.3564741417173403e+22,1.0079423570064231e+23,9.98453613406521e+19,2.323881589653238e-81,5.5408423612669875e+22,1.9492103982487938e-77,1.0027755394395203e+20,3.4206295614134136e-82,1.330524109242255e+17,14692443.616875298,9.976262362494147e+16,1.0069422425152021e+23,1.001445015330278e+20,3.3564741417173403e+22
2764054054054.054,749.3152415837258,253183659.56647822,1,1.1846246271297329e+22,3.3564741417173403e+22,1.0079423570064231e+23,9.98453613406521e+19,1.801519247007457e-81,5.5408423612669875e+22,1.5110662189278503e-77,1.0027755394395203e+20,2.651743604682068e-82,1.330524109242255e+17,9121785.68399935,9.976262363051213e+16,1.0069422425152021e+23,1.001445015330278e+20,3.3564741417173403e+22
2767212972972.973,746.9716018598215,253183264.5750543,1,1.1846246271297329e+22,3.3564741417173403e+22,1.0079423570064231e+23,9.98453613406521e+19,1.396573558621417e-81,5.5408423612669875e+22,1.171408237938956e-77,1.0027755394395203e+20,2.055687070726877e-82,1.330524109242255e+17,5612785.602050313,9.976262363402114e+16,1.0069422425152021e+23,1.001445015330278e+20,3.3564741417173403e+22
2770371891891.892,744.6279621359172,253182875.8343874,1,1.1846246271297329e+22,3.3564741417173403e+22,1.0079423570064231e+23,9.98453613406521e+19,1.082651600040329e-81,5.5408423612669875e+22,9.080986939704519e-78,1.0027755394395203e+20,1.593611545980623e-82,1.330524109242255e+17,3422420.253291881,9.97626236362115e+16,1.0069422425152021e+23,1.001445015330278e+20,3.3564741417173403e+22
2773530810810.811,742.2843224120129,253182493.2352551,1,1.1846246271297329e+22,3.3564741417173403e+22,1.0079423570064231e+23,9.98453613406521e+19,8.39293049982806e-82,5.5408423612669875e+22,7.039759592623027e-78,1.0027755394395203e+20,1.2354009188750656e-82,1.330524109242255e+17,2067701.0833107526,9.976262363756622e+16,1.0069422425152021e+23,1.001445015330278e+20,3.3564741417173403e+22
2776689729729.7295,739.9406826881086,253182116.6709225,1,1.1846246271297329e+22,3.3564741417173403e+22,1.0079423570064231e+23,9.98453613406521e+19,6.506366595294466e-82,5.5408423612669875e+22,5.457360026061273e-78,1.0027755394395203e+20,9.577085437009436e-83,1.330524109242255e+17,1237612.425202626,9.976262363839632e+16,1.0069422425152021e+23,1.001445015330278e+20,3.3564741417173403e+22
2779848648648.649,737.597042964204,253181746.03706437,1,1.1846246271297329e+22,3.3564741417173403e+22,1.0079423570064231e+23,9.98453613406521e+19,5.0438647240572526e-82,5.5408423612669875e+22,4.2306527747426073e-78,1.0027755394395203e+20,7.424356081968066e-83,1.330524109242255e+17,733781.4627165871,9.976262363890014e+16,1.0069422425152021e+23,1.001445015330278e+20,3.3564741417173403e+22
2783007567567.568,735.2534032402997,253181381.23168963,1,1.1846246271297329e+22,3.3564741417173403e+22,1.0079423570064231e+23,9.98453613406521e+19,3.9101041830486956e-82,5.5408423612669875e+22,3.2796851985144006e-78,1.0027755394395203e+20,5.755515317135522e-83,1.330524109242255e+17,430899.9118856455,9.976262363920302e+16,1.0069422425152021e+23,1.001445015330278e+20,3.3564741417173403e+22
2786166486486.487,732.9097635163954,253181022.15506795,1,1.1846246271297329e+22,3.3564741417173403e+22,1.0079423570064231e+23,9.98453613406521e+19,3.0311904643492633e-82,5.5408423612669875e+22,2.5424764389956012e-78,1.0027755394395203e+20,4.461795127933882e-83,1.330524109242255e+17,250585.4491779194,9.976262363938334e+16,1.0069422425152021e+23,1.001445015330278e+20,3.3564741417173403e+22
2789325405405.406,730.5661237924911,253180668.70965886,1,1.1846246271297329e+22,3.3564741417173403e+22,1.0079423570064231e+23,9.98453613406521e+19,2.349839073664644e-82,5.5408423612669875e+22,1.970977716329554e-78,1.0027755394395203e+20,3.458876262357913e-83,1.330524109242255e+17,144293.58347724183,9.976262363948963e+16,1.0069422425152021e+23,1.001445015330278e+20,3.3564741417173403e+22
2792484324324.3247,728.2224840685868,253180320.80004323,1,1.1846246271297329e+22,3.3564741417173403e+22,1.0079423570064231e+23,9.98453613406521e+19,1.8216419303208383e-82,5.5408423612669875e+22,1.5279406718130005e-78,1.0027755394395203e+20,2.681392665085806e-83,1.330524109242255e+17,82260.55823877727,9.976262363955166e+16,1.0069422425152021e+23,1.001445015330278e+20,3.3564741417173403e+22
2795643243243.2437,725.8788443446825,253179978.33285654,1,1.1846246271297329e+22,3.3564741417173403e+22,1.0079423570064231e+23,9.98453613406521e+19,1.4121730060685636e-82,5.5408423612669875e+22,1.1844896455389503e-78,1.0027755394395203e+20,2.0786711983897673e-83,1.330524109242255e+17,46422.79519868855,9.97626236395875e+16,1.0069422425152021e+23,1.001445015330278e+20,3.3564741417173403e+22
2798802162162.162,723.5352046207782,253179641.21672487,1,1.1846246271297329e+22,3.3564741417173403e+22,1.0079423570064231e+23,9.98453613406521e+19,1.0947445585659295e-82,5.5408423612669875e+22,9.182396583004885e-79,1.0027755394395203e+20,1.611428983646122e-83,1.330524109242255e+17,25930.28407068088,9.9762623639608e+16,1.0069422425152021e+23,1.001445015330278e+20,3.3564741417173403e+22
2801961081081.081,721.191564896874,253179309.36220253,1,1.1846246271297329e+22,3.3564741417173403e+22,1.0079423570064231e+23,9.98453613406521e+19,8.486677188399517e-83,5.5408423612669875e+22,7.118374341652879e-79,1.0027755394395203e+20,1.2492131106756166e-83,1.330524109242255e+17,14333.782173815818,9.97626236396196e+16,1.0069422425152021e+23,1.001445015330278e+20,3.3564741417173403e+22
2805120000000.0,718.8479251729697,253178982.68171185,1,1.1846246271297329e+22,3.3564741417173403e+22,1.0079423570064231e+23,9.98453613406521e+19,6.5790406401565285e-83,5.5408423612669875e+22,5.518303724943254e-79,1.0027755394395203e+20,9.684158463758687e-84,1.330524109242255e+17,7840.303850595185,9.97626236396261e+16,1.0069422425152021e+23,1.001445015330278e+20,3.3564741417173403e+22
2808278918918.919,716.5042854490654,253178661.08948544,1,1.1846246271297329e+22,3.3564741417173403e+22,1.0079423570064231e+23,9.98453613406521e+19,5.1002028962391106e-83,5.5408423612669875e+22,4.277897528166767e-79,1.0027755394395203e+20,7.507359826002623e-84,1.330524109242255e+17,4242.916137855753,9.97626236396297e+16,1.0069422425152021e+23,1.001445015330278e+20,3.3564741417173403e+22
2811437837837.8384,714.1606457251607,253178344.5015094,1,1.1846246271297329e+22,3.3564741417173403e+22,1.0079423570064231e+23,9.98453613406521e+19,3.953778507475222e-83,5.5408423612669875e+22,3.316310260121378e-79,1.0027755394395203e+20,5.8198604062365865e-84,1.330524109242255e+17,2271.4136526697566,9.976262363963166e+16,1.0069422425152021e+23,1.001445015330278e+20,3.3564741417173403e+22
2814596756756.7573,711.8170060012565,253178032.83546957,1,1.1846246271297329e+22,3.3564741417173403e+22,1.0079423570064231e+23,9.98453613406521e+19,3.065047556955755e-83,5.5408423612669875e+22,2.5708689067405798e-79,1.0027755394395203e+20,4.5116759094605745e-84,1.330524109242255e+17,1202.7321203822655,9.976262363963274e+16,1.0069422425152021e+23,1.001445015330278e+20,3.3564741417173403e+22
2817755675675.676,709.4733662773522,253177726.0106989,1,1.1846246271297329e+22,3.3564741417173403e+22,1.0079423570064231e+23,9.98453613406521e+19,2.3760856794881605e-83,5.5408423612669875e+22,1.9929881154737308e-79,1.0027755394395203e+20,3.4975442176830447e-84,1.330524109242255e+17,629.8295810721713,9.976262363963331e+16,1.0069422425152021e+23,1.001445015330278e+20,3.3564741417173403e+22
2820914594594.5947,707.1297265534479,253177423.9481269,1,1.1846246271297329e+22,3.3564741417173403e+22,1.0079423570064231e+23,9.98453613406521e+19,1.8419887557089987e-83,5.5408423612669875e+22,1.545003565917077e-79,1.0027755394395203e+20,2.711368361426515e-84,1.330524109242255e+17,326.13631912646554,9.976262363963362e+16,1.0069422425152021e+23,1.001445015330278e+20,3.3564741417173403e+22
2824073513513.5137,704.7860868295436,253177126.57023072,1,1.1846246271297329e+22,3.3564741417173403e+22,1.0079423570064231e+23,9.98453613406521e+19,1.4279462198037241e-83,5.5408423612669875e+22,1.1977171364762948e-79,1.0027755394395203e+20,2.1019085946728897e-84,1.330524109242255e+17,166.9697066849721,9.976262363963378e+16,1.0069422425152021e+23,1.001445015330278e+20,3.3564741417173403e+22
2827232432432.4326,702.4424471056393,253176833.80098832,1,1.1846246271297329e+22,3.3564741417173403e+22,1.0079423570064231e+23,9.98453613406521e+19,1.1069722294000356e-83,5.5408423612669875e+22,9.28493869305392e-80,1.0027755394395203e+20,1.629442801086692e-84,1.330524109242255e+17,84.50433935344039,9.976262363963386e+16,1.0069422425152021e+23,1.001445015330278e+20,3.3564741417173403e+22
2830391351351.3516,700.098807381735,253176545.56583253,1,1.1846246271297329e+22,3.3564741417173403e+22,1.0079423570064231e+23,9.98453613406521e+19,8.581468233206384e-84,5.5408423612669875e+22,7.197867001168695e-80,1.0027755394395203e+20,1.2631775710054925e-84,1.330524109242255e+17,42.27304380631383,9.97626236396339e+16,1.0069422425152021e+23,1.001445015330278e+20,3.3564741417173403e+22
2833550270270.2705,697.7551676578307,253176261.79160804,1,1.1846246271297329e+22,3.3564741417173403e+22,1.0079423570064231e+23,9.98453613406521e+19,6.652524320798406e-84,5.5408423612669875e+22,5.5799279972922004e-80,1.0027755394395203e+20,9.792412141764587e-85,1.330524109242255e+17,20.899292125439317,9.976262363963392e+16,1.0069422425152021e+23,1.001445015330278e+20,3.3564741417173403e+22
2836709189189.1895,695.4115279339264,253175982.4065286,1,1.1846246271297329e+22,3.3564741417173403e+22,1.0079423570064231e+23,9.98453613406521e+19,5.157168736980891e-84,5.5408423612669875e+22,4.3256698755214505e-80,1.0027755394395203e+20,7.591279012940529e-85,1.330524109242255e+17,10.209948571024817,9.976262363963394e+16,1.0069422425152021e+23,1.001445015330278e+20,3.3564741417173403e+22
2839868108108.108,693.0678882100221,253175707.34013668,1,1.1846246271297329e+22,3.3564741417173403e+22,1.0079423570064231e+23,9.98453613406521e+19,3.9979394303544827e-84,5.5408423612669875e+22,3.3533443229149095e-80,1.0027755394395203e+20,5.884915300410929e-85,1.330524109242255e+17,4.92810384570364,9.976262363963394e+16,1.0069422425152021e+23,1.001445015330278e+20,3.3564741417173403e+22
2843027027027.0273,690.7242484861175,253175436.52326423,1,1.1846246271297329e+22,3.3564741417173403e+22,1.0079423570064231e+23,9.98453613406521e+19,3.0992818834924923e-84,5.5408423612669875e+22,2.5995784402456516e-80,1.0027755394395203e+20,4.5621070488840656e-85,1.330524109242255e+17,2.349854123753466,9.976262363963394e+16,1.0069422425152021e+23,1.001445015330278e+20,3.3564741417173403e+22
2846185945945.9463,688.3806087622132,253175169.88799527,1,1.1846246271297329e+22,3.3564741417173403e+22,1.0079423570064231e+23,9.98453613406521e+19,2.4026247345266103e-84,5.5408423612669875e+22,2.0152443102281128e-80,1.0027755394395203e+20,3.5366388995222157e-85,1.330524109242255e+17,1.1067440702728664,9.976262363963394e+16,1.0069422425152021e+23,1.001445015330278e+20,3.3564741417173403e+22
2849344864864.865,686.0369690383089,253174907.3676294,1,1.1846246271297329e+22,3.3564741417173403e+22,1.0079423570064231e+23,9.98453613406521e+19,1.8625623011155503e-84,5.5408423612669875e+22,1.5622570056101138e-80,1.0027755394395203e+20,2.741674923987423e-85,1.330524109242255e+17,0.514800927679084,9.976262363963394e+16,1.0069422425152021e+23,1.001445015330278e+20,3.3564741417173403e+22
2852503783783.784,683.6933293144047,253174648.8966471,1,1.1846246271297329e+22,3.3564741417173403e+22,1.0079423570064231e+23,9.98453613406521e+19,1.4438951971565455e-84,5.5408423612669875e+22,1.2110923421000076e-80,1.0027755394395203e+20,2.1254025301115523e-85,1.330524109242255e+17,0.23646012191552934,9.976262363963394e+16,1.0069422425152021e+23,1.001445015330278e+20,3.3564741417173403e+22
2855662702702.703,681.3496895905004,253174394.4106763,1,1.1846246271297329e+22,3.3564741417173403e+22,1.0079423570064231e+23,9.98453613406521e+19,1.1193361600549441e-84,5.5408423612669875e+22,9.388625916389915e-81,1.0027755394395203e+20,1.64765552704013e-85,1.330524109242255e+17,0.10723677115720007,9.976262363963394e+16,1.0069422425152021e+23,1.001445015330278e+20,3.3564741417173403e+22
2858821621621.6216,679.0060498665961,253174143.8464603,1,1.1846246271297329e+22,3.3564741417173403e+22,1.0079423570064231e+23,9.98453613406521e+19,8.677315624443043e-85,5.5408423612669875e+22,7.278247375015567e-81,1.0027755394395203e+20,1.2772962552090676e-85,1.330524109242255e+17,0.04801065842428333,9.976262363963394e+16,1.0069422425152021e+23,1.001445015330278e+20,3.3564741417173403e+22
2861980540540.5405,676.6624101426918,253173897.14182672,1,1.1846246271297329e+22,3.3564741417173403e+22,1.0079423570064231e+23,9.98453613406521e+19,6.726826927436493e-85,5.5408423612669875e+22,5.642240443241556e-81,1.0027755394395203e+20,9.901861591875292e-86,1.330524109242255e+17,0.02121684119056422,9.976262363963394e+16,1.0069422425152021e+23,1.001445015330278e+20,3.3564741417173403e+22
2865139459459.4595,674.3187704187875,253173654.23565793,1,1.1846246271297329e+22,3.3564741417173403e+22,1.0079423570064231e+23,9.98453613406521e+19,5.214769444627754e-85,5.5408423612669875e+22,4.37397570857951e-81,1.0027755394395203e+20,7.676125336737551e-86,1.330524109242255e+17,0.009253671761931545,9.976262363963394e+16,1.0069422425152021e+23,1.001445015330278e+20,3.3564741417173403e+22
2868298378378.3784,671.9751306948832,253173415.0678626,1,1.1846246271297329e+22,3.3564741417173403e+22,1.0079423570064231e+23,9.98453613406521e+19,4.042592529275147e-85,5.5408423612669875e+22,3.3907919543131316e-81,1.0027755394395203e+20,5.950689044024424e-86,1.330524109242255e+17,0.003982713761905886,9.976262363963394e+16,1.0069422425152021e+23,1.001445015330278e+20,3.3564741417173403e+22
2871457297297.2974,669.6314909709789,253173179.5793484,1,1.1846246271297329e+22,3.3564741417173403e+22,1.0079423570064231e+23,9.98453613406521e+19,3.133897765782996e-85,5.5408423612669875e+22,2.628608580263144e-81,1.0027755394395203e+20,4.613095541807301e-86,1.330524109242255e+17,0.00169128680132567,9.976262363963394e+16,1.0069422425152021e+23,1.001445015330278e+20,3.3564741417173403e+22
2874616216216.217,667.2878512470743,253172947.7119957,1,1.1846246271297329e+22,3.3564741417173403e+22,1.0079423570064231e+23,9.98453613406521e+19,2.4294595876173964e-85,5.5408423612669875e+22,2.0377490454535092e-81,1.0027755394395203e+20,3.5761657191745635e-86,1.330524109242255e+17,0.0007085496780697806,9.976262363963394e+16,1.0069422425152021e+23,1.001445015330278e+20,3.3564741417173403e+22
2877775135135.1357,664.94421152317,253172719.4086327,1,1.1846246271297329e+22,3.3564741417173403e+22,1.0079423570064231e+23,9.98453613406521e+19,1.8833651614806575e-85,5.5408423612669875e+22,1.5797031187621696e-81,1.0027755394395203e+20,2.7723165388368243e-86,1.330524109242255e+17,0.00029280612944165754,9.976262363963394e+16,1.0069422425152021e+23,1.001445015330278e+20,3.3564741417173403e+22
2880934054054.054,662.6005717992657,253172494.61301118,1,1.1846246271297329e+22,3.3564741417173403e+22,1.0079423570064231e+23,9.98453613406521e+19,1.4600219489167468e-85,5.5408423612669875e+22,1.2246169119767885e-81,1.0027755394395203e+20,2.1491562431654543e-86,1.330524109242255e+17,0.00011934081424582084,9.976262363963394e+16,1.0069422425152021e+23,1.001445015330278e+20,3.3564741417173403e+22
2884092972972.973,660.2569320753614,253172273.26978356,1,1.1846246271297329e+22,3.3564741417173403e+22,1.0079423570064231e+23,9.98453613406521e+19,1.1318379086896075e-85,5.5408423612669875e+22,9.493471040778195e-82,1.0027755394395203e+20,1.666069667022155e-86,1.330524109242255e+17,4.7966629963536436e-05,9.976262363963394e+16,1.0069422425152021e+23,1.001445015330278e+20,3.3564741417173403e+22
2887251891891.892,657.9132923514571,253172055.3244808,1,1.1846246271297329e+22,3.3564741417173403e+22,1.0079423570064231e+23,9.98453613406521e+19,8.774231436422751e-86,5.5408423612669875e+22,7.359525376520563e-82,1.0027755394395203e+20,1.2915711018554494e-86,1.330524109242255e+17,1.900962082356974e-05,9.976262363963394e+16,1.0069422425152021e+23,1.001445015330278e+20,3.3564741417173403e+22
2890410810810.811,655.5696526275528,253171840.72349116,1,1.1846246271297329e+22,3.3564741417173403e+22,1.0079423570064231e+23,9.98453613406521e+19,6.801957816679787e-86,5.5408423612669875e+22,5.705248747797344e-82,1.0027755394395203e+20,1.0012521814048963e-86,1.330524109242255e+17,7.4273633273074085e-06,9.976262363963394e+16,1.0069422425152021e+23,1.001445015330278e+20,3.3564741417173403e+22
2893569729729.73,653.2260129036486,253171629.41404012,1,1.1846246271297329e+22,3.3564741417173403e+22,1.0079423570064231e+23,9.98453613406521e+19,5.273012269875385e-86,5.5408423612669875e+22,4.4228209849086875e-82,1.0027755394395203e+20,7.761910404461258e-87,1.330524109242255e+17,2.86065882790212e-06,9.976262363963394e+16,1.0069422425152021e+23,1.001445015330278e+20,3.3564741417173403e+22
2896728648648.649,650.8823731797443,253171421.34417108,1,1.1846246271297329e+22,3.3564741417173403e+22,1.0079423570064231e+23,9.98453613406521e+19,4.087743423066338e-86,5.5408423612669875e+22,3.428657772739673e-82,1.0027755394395203e+20,6.017190619175173e-87,1.330524109242255e+17,1.0859533151199913e-06,9.976262363963394e+16,1.0069422425152021e+23,1.001445015330278e+20,3.3564741417173403e+22
2899887567567.5674,648.53873345584,253171216.46272644,1,1.1846246271297329e+22,3.3564741417173403e+22,1.0079423570064231e+23,9.98453613406521e+19,3.1688995581110053e-86,5.5408423612669875e+22,2.657962907085845e-82,1.0027755394395203e+20,4.664648339354356e-87,1.330524109242255e+17,4.062690713716727e-07,9.976262363963394e+16,1.0069422425152021e+23,1.001445015330278e+20,3.3564741417173403e+22
2903046486486.4863,646.1950937319357,253171014.7193304,1,1.1846246271297329e+22,3.3564741417173403e+22,1.0079423570064231e+23,9.98453613406521e+19,2.4565936131265362e-86,5.5408423612669875e+22,2.0605050966632717e-82,1.0027755394395203e+20,3.616130056282414e-87,1.330524109242255e+17,1.4976765474387493e-07,9.976262363963394e+16,1.0069422425152021e+23,1.001445015330278e+20,3.3564741417173403e+22
2906205405405.406,643.851454008031,253170816.0643716,1,1.1846246271297329e+22,3.3564741417173403e+22,1.0079423570064231e+23,9.98453613406521e+19,1.9043999518063214e-86,5.5408423612669875e+22,1.5973440570057564e-82,1.0027755394395203e+20,2.8032973696040126e-87,1.330524109242255e+17,5.439618471570107e-08,9.976262363963394e+16,1.0069422425152021e+23,1.001445015330278e+20,3.3564741417173403e+22
2909364324324.3247,641.5078142841268,253170620.44898698,1,1.1846246271297329e+22,3.3564741417173403e+22,1.0079423570064231e+23,9.98453613406521e+19,1.476328501628415e-86,5.5408423612669875e+22,1.2382925140944592e-82,1.0027755394395203e+20,2.173172956462654e-87,1.330524109242255e+17,1.9463001805736733e-08,9.976262363963394e+16,1.0069422425152021e+23,1.001445015330278e+20,3.3564741417173403e+22
2912523243243.2437,639.1641745602225,253170427.8250466,1,1.1846246271297329e+22,3.3564741417173403e+22,1.0079423570064231e+23,9.98453613406521e+19,1.144479045826321e-86,5.5408423612669875e+22,9.59948699678826e-83,1.0027755394395203e+20,1.6846877154381048e-87,1.330524109242255e+17,6.8594195531448176e-09,9.976262363963394e+16,1.0069422425152021e+23,1.001445015330278e+20,3.3564741417173403e+22
2915682162162.1626,636.8205348363182,253170238.14513826,1,1.1846246271297329e+22,3.3564741417173403e+22,1.0079423570064231e+23,9.98453613406521e+19,8.872227840418519e-87,5.5408423612669875e+22,7.44171102971535e-83,1.0027755394395203e+20,1.3060040417647178e-87,1.330524109242255e+17,2.3809300263716114e-09,9.976262363963394e+16,1.0069422425152021e+23,1.001445015330278e+20,3.3564741417173403e+22
2918841081081.0815,634.4768951124139,253170051.36255375,1,1.1846246271297329e+22,3.3564741417173403e+22,1.0079423570064231e+23,9.98453613406521e+19,6.877926421131904e-87,5.5408423612669875e+22,5.7689606817859646e-83,1.0027755394395203e+20,1.0124407754588705e-87,1.330524109242255e+17,8.138297458320484e-10,9.976262363963394e+16,1.0069422425152021e+23,1.001445015330278e+20,3.3564741417173403e+22
2922000000000.0,632.1332553885096,253169867.43127495,1,1.1846246271297329e+22,3.3564741417173403e+22,1.0079423570064231e+23,9.98453613406521e+19,5.331904522947834e-87,5.5408423612669875e+22,4.472211728606371e-83,1.0027755394395203e+20,7.848645786348201e-88,1.330524109242255e+17,2.739015461235978e-10,9.976262363963394e+16,1.0069422425152021e+23,1.001445015330278e+20,3.3564741417173403e+22
2925158918918.919,629.7896156646053,253169686.30596113,1,1.1846246271297329e+22,3.3564741417173403e+22,1.0079423570064231e+23,9.98453613406521e+19,4.133397777161751e-87,5.5408423612669875e+22,3.466946448193254e-83,1.0027755394395203e+20,6.084428982943505e-88,1.330524109242255e+17,9.075616631931933e-11,9.976262363963394e+16,1.0069422425152021e+23,1.001445015330278e+20,3.3564741417173403e+22
2928317837837.838,627.445975940701,253169507.94193637,1,1.1846246271297329e+22,3.3564741417173403e+22,1.0079423570064231e+23,9.98453613406521e+19,3.2042916512279824e-87,5.5408423612669875e+22,2.687645040988567e-83,1.0027755394395203e+20,4.716772375875812e-88,1.330524109242255e+17,2.9602315664934427e-11,9.976262363963394e+16,1.0069422425152021e+23,1.001445015330278e+20,3.3564741417173403e+22
2931476756756.757,625.1023362167967,253169332.29517764,1,1.1846246271297329e+22,3.3564741417173403e+22,1.0079423570064231e+23,9.98453613406521e+19,2.484030213941789e-87,5.5408423612669875e+22,2.0835152703656035e-83,1.0027755394395203e+20,3.6565372794274127e-88,1.330524109242255e+17,9.503655516018834e-12,9.976262363963394e+16,1.0069422425152021e+23,1.001445015330278e+20,3.3564741417173403e+22
2934635675675.676,622.7586964928925,253169159.32230335,1,1.1846246271297329e+22,3.3564741417173403e+22,1.0079423570064231e+23,9.98453613406521e+19,1.9256693093913118e-87,5.5408423612669875e+22,1.6151819960012047e-83,1.0027755394395203e+20,2.834621572782758e-88,1.330524109242255e+17,3.0027498086321703e-12,9.976262363963394e+16,1.0069422425152021e+23,1.001445015330278e+20,3.3564741417173403e+22
2937794594594.595,620.4150567689878,253168988.98056272,1,1.1846246271297329e+22,3.3564741417173403e+22,1.0079423570064231e+23,9.98453613406521e+19,1.4928168992583803e-87,5.5408423612669875e+22,1.2521208350676769e-83,1.0027755394395203e+20,2.197455888165127e-88,1.330524109242255e+17,9.335971488554502e-13,9.976262363963394e+16,1.0069422425152021e+23,1.001445015330278e+20,3.3564741417173403e+22
2940953513513.5137,618.0714170450835,253168821.227825,1,1.1846246271297329e+22,3.3564741417173403e+22,1.0079423570064231e+23,9.98453613406521e+19,1.1572611555958568e-87,5.5408423612669875e+22,9.70668685938849e-84,1.0027755394395203e+20,1.7035121640195588e-88,1.330524109242255e+17,2.8560163271589667e-13,9.976262363963394e+16,1.0069422425152021e+23,1.001445015330278e+20,3.3564741417173403e+22
2944112432432.4326,615.7277773211792,253168656.02256966,1,1.1846246271297329e+22,3.3564741417173403e+22,1.0079423570064231e+23,9.98453613406521e+19,8.971317113953681e-88,5.5408423612669875e+22,7.524814470572452e-84,1.0027755394395203e+20,1.3205970042674186e-88,1.330524109242255e+17,8.595517047272523e-14,9.976262363963394e+16,1.0069422425152021e+23,1.001445015330278e+20,3.3564741417173403e+22
2947271351351.3516,613.384137597275,253168493.32387662,1,1.1846246271297329e+22,3.3564741417173403e+22,1.0079423570064231e+23,9.98453613406521e+19,6.954742256321912e-88,5.5408423612669875e+22,5.8333841028125785e-84,1.0027755394395203e+20,1.0237534352562361e-88,1.330524109242255e+17,2.5447392720820173e-14,9.976262363963394e+16,1.0069422425152021e+23,1.001445015330278e+20,3.3564741417173403e+22
2950430270270.2705,611.0404978733707,253168333.09141698,1,1.1846246271297329e+22,3.3564741417173403e+22,1.0079423570064231e+23,9.98453613406521e+19,5.391453578767116e-88,5.5408423612669875e+22,4.522154031042548e-84,1.0027755394395203e+20,7.936343050212632e-89,1.330524109242255e+17,7.410113008481711e-15,9.976262363963394e+16,1.0069422425152021e+23,1.001445015330278e+20,3.3564741417173403e+22
2953589189189.1895,608.6968581494664,253168175.28544438,1,1.1846246271297329e+22,3.3564741417173403e+22,1.0079423570064231e+23,9.98453613406521e+19,4.179561307454955e-88,5.5408423612669875e+22,3.5056627028236345e-84,1.0027755394395203e+20,6.1524130928858656e-89,1.330524109242255e+17,2.1221075410012764e-15,9.976262363963394e+16,1.0069422425152021e+23,1.001445015330278e+20,3.3564741417173403e+22
2956748108108.1084,606.3532184255621,253168019.86678627,1,1.1846246271297329e+22,3.3564741417173403e+22,1.0079423570064231e+23,9.98453613406521e+19,3.2400784752279197e-88,5.5408423612669875e+22,2.717658642674633e-84,1.0027755394395203e+20,4.7694745878294676e-89,1.330524109242255e+17,5.976159977430583e-16,9.976262363963394e+16,1.0069422425152021e+23,1.001445015330278e+20,3.3564741417173403e+22
2959907027027.0273,604.0095787016578,253167866.79683572,1,1.1846246271297329e+22,3.3564741417173403e+22,1.0079423570064231e+23,9.98453613406521e+19,2.5117728236161325e-88,5.5408423612669875e+22,2.106782404409684e-84,1.0027755394395203e+20,3.697392760107644e-89,1.330524109242255e+17,1.6547830010198575e-16,9.976262363963394e+16,1.0069422425152021e+23,1.001445015330278e+20,3.3564741417173403e+22
2963065945945.946,601.6659389777535,253167716.03754348,1,1.1846246271297329e+22,3.3564741417173403e+22,1.0079423570064231e+23,9.98453613406521e+19,1.9471758954292642e-88,5.5408423612669875e+22,1.633219135704986e-84,1.0027755394395203e+20,2.8662933080742716e-89,1.330524109242255e+17,4.504806442231047e-17,9.976262363963394e+16,1.0069422425152021e+23,1.001445015330278e+20,3.3564741417173403e+22
2966224864864.8647,599.3222992538492,253167567.55141044,1,1.1846246271297329e+22,3.3564741417173403e+22,1.0079423570064231e+23,9.98453613406521e+19,1.5094892043876752e-88,5.5408423612669875e+22,1.2661035803459459e-84,1.0027755394395203e+20,2.2220082596195208e-89,1.330524109242255e+17,1.2055360681060976e-17,9.976262363963394e+16,1.0069422425152021e+23,1.001445015330278e+20,3.3564741417173403e+22
2969383783783.784,596.9786595299446,253167421.3014801,1,1.1846246271297329e+22,3.3564741417173403e+22,1.0079423570064231e+23,9.98453613406521e+19,1.1701858366257741e-88,5.5408423612669875e+22,9.815083849558702e-85,1.0027755394395203e+20,1.722545507481807e-89,1.330524109242255e+17,3.1710750245352704e-18,9.976262363963394e+16,1.0069422425152021e+23,1.001445015330278e+20,3.3564741417173403e+22
2972542702702.703,594.6350198060403,253167277.2513317,1,1.1846246271297329e+22,3.3564741417173403e+22,1.0079423570064231e+23,9.98453613406521e+19,9.071511647425266e-89,5.5408423612669875e+22,7.608845948255322e-85,1.0027755394395203e+20,1.3353519213867324e-89,1.330524109242255e+17,8.198017102968136e-19,9.976262363963394e+16,1.0069422425152021e+23,1.001445015330278e+20,3.3564741417173403e+22
2975701621621.622,592.291380082136,253167135.36507297,1,1.1846246271297329e+22,3.3564741417173403e+22,1.0079423570064231e+23,9.98453613406521e+19,7.032414925643235e-89,5.5408423612669875e+22,5.898526956230175e-85,1.0027755394395203e+20,1.0351916570709662e-89,1.330524109242255e+17,2.0827703727843081e-19,9.976262363963394e+16,1.0069422425152021e+23,1.001445015330278e+20,3.3564741417173403e+22
2978860540540.541,589.9477403582317,253166995.60733372,1,1.1846246271297329e+22,3.3564741417173403e+22,1.0079423570064231e+23,9.98453613406521e+19,5.451666880636549e-89,5.5408423612669875e+22,4.572654051611048e-85,1.0027755394395203e+20,8.02501378428191e-90,1.330524109242255e+17,5.1994693720899235e-20,9.976262363963394e+16,1.0069422425152021e+23,1.001445015330278e+20,3.3564741417173403e+22
2982019459459.4595,587.6041006343274,253166857.94325927,1,1.1846246271297329e+22,3.3564741417173403e+22,1.0079423570064231e+23,9.98453613406521e+19,4.226239783046941e-89,5.5408423612669875e+22,3.5448113115139946e-85,1.0027755394395203e+20,6.2211519239029384e-90,1.330524109242255e+17,1.2753137303021672e-20,9.976262363963394e+16,1.0069422425152021e+23,1.001445015330278e+20,3.3564741417173403e+22
2985178378378.3784,585.2604609104231,253166722.33850402,1,1.1846246271297329e+22,3.3564741417173403e+22,1.0079423570064231e+23,9.98453613406521e+19,3.276264501597345e-89,5.5408423612669875e+22,2.7480074137273505e-85,1.0027755394395203e+20,4.822761926238718e-90,1.330524109242255e+17,3.0730616056371045e-21,9.976262363963394e+16,1.0069422425152021e+23,1.001445015330278e+20,3.3564741417173403e+22
2988337297297.2974,582.9168211865189,253166588.75922564,1,1.1846246271297329e+22,3.3564741417173403e+22,1.0079423570064231e+23,9.98453613406521e+19,2.539824907897805e-89,5.5408423612669875e+22,2.13030936833566e-85,1.0027755394395203e+20,3.7387018819381994e-90,1.330524109242255e+17,7.2740802577805465e-22,9.976262363963394e+16,1.0069422425152021e+23,1.001445015330278e+20,3.3564741417173403e+22
2991496216216.2163,580.5731814626146,253166457.17207855,1,1.1846246271297329e+22,3.3564741417173403e+22,1.0079423570064231e+23,9.98453613406521e+19,1.9689223961510344e-89,5.5408423612669875e+22,1.6514577006410318e-85,1.0027755394395203e+20,2.8983167451816e-90,1.330524109242255e+17,1.691197789429698e-22,9.976262363963394e+16,1.0069422425152021e+23,1.001445015330278e+20,3.3564741417173403e+22
2994655135135.1353,578.2295417387103,253166327.54420877,1,1.1846246271297329e+22,3.3564741417173403e+22,1.0079423570064231e+23,9.98453613406521e+19,1.5263474990647804e-89,5.5408423612669875e+22,1.2802424744239484e-85,1.0027755394395203e+20,2.2468333003746847e-90,1.330524109242255e+17,3.8616920867837154e-23,9.976262363963394e+16,1.0069422425152021e+23,1.001445015330278e+20,3.3564741417173403e+22
2997814054054.054,575.885902014806,253166199.84324762,1,1.1846246271297329e+22,3.3564741417173403e+22,1.0079423570064231e+23,9.98453613406521e+19,1.183254702678034e-89,5.5408423612669875e+22,9.924691335920683e-86,1.0027755394395203e+20,1.7417902472294761e-90,1.330524109242255e+17,8.659359635138239e-24,9.976262363963394e+16,1.0069422425152021e+23,1.001445015330278e+20,3.3564741417173403e+22
3000972972972.973,573.5422622909014,253166074.03730637,1,1.1846246271297329e+22,3.3564741417173403e+22,1.0079423570064231e+23,9.98453613406521e+19,9.172823948871252e-90,5.5408423612669875e+22,7.693815826382376e-86,1.0027755394395203e+20,1.3502707305756134e-90,1.330524109242255e+17,1.906677802868357e-24,9.976262363963394e+16,1.0069422425152021e+23,1.001445015330278e+20,3.3564741417173403e+22
3004131891891.892,571.1986225669971,253165950.09497094,1,1.1846246271297329e+22,3.3564741417173403e+22,1.0079423570064231e+23,9.98453613406521e+19,7.110954123920218e-90,5.5408423612669875e+22,5.9643972761194786e-86,1.0027755394395203e+20,1.0467569415664686e-90,1.330524109242255e+17,4.1220312952458586e-25,9.976262363963394e+16,1.0069422425152021e+23,1.001445015330278e+20,3.3564741417173403e+22
3007290810810.811,568.8549828430928,253165827.98529622,1,1.1846246271297329e+22,3.3564741417173403e+22,1.0079423570064231e+23,9.98453613406521e+19,5.512551942910809e-90,5.5408423612669875e+22,4.623718018489186e-86,1.0027755394395203e+20,8.1146696121417e-91,1.330524109242255e+17,8.748775607805644e-26,9.976262363963394e+16,1.0069422425152021e+23,1.001445015330278e+20,3.3564741417173403e+22
3010449729729.73,566.5113431191885,253165707.67780104,1,1.1846246271297329e+22,3.3564741417173403e+22,1.0079423570064231e+23,9.98453613406521e+19,4.27343902824642e-90,5.5408423612669875e+22,3.584397102469823e-86,1.0027755394395203e+20,6.290654479289512e-91,1.330524109242255e+17,1.822826804159895e-26,9.976262363963394e+16,1.0069422425152021e+23,1.001445015330278e+20,3.3564741417173403e+22
3013608648648.649,564.1677033952842,253165589.1424629,1,1.1846246271297329e+22,3.3564741417173403e+22,1.0079423570064231e+23,9.98453613406521e+19,3.3128542447150583e-90,5.5408423612669875e+22,2.7786950970665283e-86,1.0027755394395203e+20,4.8766413648660417e-91,1.330524109242255e+17,3.7279177716991084e-27,9.976262363963394e+16,1.0069422425152021e+23,1.001445015330278e+20,3.3564741417173403e+22
3016767567567.568,561.8240636713799,253165472.34971276,1,1.1846246271297329e+22,3.3564741417173403e+22,1.0079423570064231e+23,9.98453613406521e+19,2.5681899658556542e-90,5.5408423612669875e+22,2.154099063728547e-86,1.0027755394395203e+20,3.7804700467005184e-91,1.330524109242255e+17,7.482922106657754e-28,9.976262363963394e+16,1.0069422425152021e+23,1.001445015330278e+20,3.3564741417173403e+22
3019926486486.487,559.4804239474756,253165357.2704302,1,1.1846246271297329e+22,3.3564741417173403e+22,1.0079423570064231e+23,9.98453613406521e+19,1.9909115236699095e-90,5.5408423612669875e+22,1.669899940175087e-86,1.0027755394395203e+20,2.9306960682898347e-91,1.330524109242255e+17,1.4740826538035995e-28,9.976262363963394e+16,1.0069422425152021e+23,1.001445015330278e+20,3.3564741417173403e+22
3023085405405.4053,557.1367842235713,253165243.87593836,1,1.1846246271297329e+22,3.3564741417173403e+22,1.0079423570064231e+23,9.98453613406521e+19,1.5433938854410539e-90,5.5408423612669875e+22,1.2945392610542286e-86,1.0027755394395203e+20,2.2719342515023854e-91,1.330524109242255e+17,2.849577176341103e-29,9.976262363963394e+16,1.0069422425152021e+23,1.001445015330278e+20,3.3564741417173403e+22
3026244324324.324,554.793144499667,253165132.1379988,1,1.1846246271297329e+22,3.3564741417173403e+22,1.0079423570064231e+23,9.98453613406521e+19,1.1964693831271826e-90,5.5408423612669875e+22,1.0035522836386947e-86,1.0027755394395203e+20,1.761248893819985e-91,1.330524109242255e+17,5.405175372887466e-30,9.976262363963394e+16,1.0069422425152021e+23,1.001445015330278e+20,3.3564741417173403e+22
3029403243243.243,552.4495047757628,253165022.02880707,1,1.1846246271297329e+22,3.3564741417173403e+22,1.0079423570064231e+23,9.98453613406521e+19,9.27526664757298e-91,5.5408423612669875e+22,7.779734584305132e-87,1.0027755394395203e+20,1.365355376546103e-91,1.330524109242255e+17,1.0059427566096164e-30,9.976262363963394e+16,1.0069422425152021e+23,1.001445015330278e+20,3.3564741417173403e+22
3032562162162.1626,550.1058650518581,253164913.52098757,1,1.1846246271297329e+22,3.3564741417173403e+22,1.0079423570064231e+23,9.98453613406521e+19,7.190369640124919e-91,5.5408423612669875e+22,6.031003186279796e-87,1.0027755394395203e+20,1.058450795155452e-91,1.330524109242255e+17,1.8366851999056807e-31,9.976262363963394e+16,1.0069422425152021e+23,1.001445015330278e+20,3.3564741417173403e+22
3035721081081.0815,547.7622253279538,253164806.5875888,1,1.1846246271297329e+22,3.3564741417173403e+22,1.0079423570064231e+23,9.98453613406521e+19,5.574116353047205e-91,5.5408423612669875e+22,4.675352229405884e-87,1.0027755394395203e+20,8.205322202857247e-92,1.330524109242255e+17,3.289717184090289e-32,9.976262363963394e+16,1.0069422425152021e+23,1.001445015330278e+20,3.3564741417173403e+22
3038880000000.0005,545.4185856040496,253164701.2020787,1,1.1846246271297329e+22,3.3564741417173403e+22,1.0079423570064231e+23,9.98453613406521e+19,4.3211649241204873e-91,5.5408423612669875e+22,3.6244249578143847e-87,1.0027755394395203e+20,6.360929798276802e-92,1.330524109242255e+17,5.779758673773805e-33,9.976262363963394e+16,1.0069422425152021e+23,1.001445015330278e+20,3.3564741417173403e+22
3042038918918.9194,543.0749458801453,253164597.3383399,1,1.1846246271297329e+22,3.3564741417173403e+22,1.0079423570064231e+23,9.98453613406521e+19,3.3498522630258997e-91,5.5408423612669875e+22,2.809725477410096e-87,1.0027755394395203e+20,4.9311199058415994e-92,1.330524109242255e+17,9.959868523978787e-34,9.976262363963394e+16,1.0069422425152021e+23,1.001445015330278e+20,3.3564741417173403e+22
3045197837837.838,540.731306156241,253164494.97066507,1,1.1846246271297329e+22,3.3564741417173403e+22,1.0079423570064231e+23,9.98453613406521e+19,2.5968715307699277e-91,5.5408423612669875e+22,2.178154424576085e-87,1.0027755394395203e+20,3.822702678548577e-92,1.330524109242255e+17,1.6832795245458561e-34,9.976262363963394e+16,1.0069422425152021e+23,1.001445015330278e+20,3.3564741417173403e+22
3048356756756.757,538.3876664323367,253164394.07375216,1,1.1846246271297329e+22,3.3564741417173403e+22,1.0079423570064231e+23,9.98453613406521e+19,2.0131460166664746e-91,5.5408423612669875e+22,1.6885481287921244e-87,1.0027755394395203e+20,2.9634354792115983e-92,1.330524109242255e+17,2.7898709129982584e-35,9.976262363963394e+16,1.0069422425152021e+23,1.001445015330278e+20,3.3564741417173403e+22
3051515675675.676,536.0440267084324,253164294.6227001,1,1.1846246271297329e+22,3.3564741417173403e+22,1.0079423570064231e+23,9.98453613406521e+19,1.560630486344769e-91,5.5408423612669875e+22,1.30899570346225e-87,1.0027755394395203e+20,2.2973143679384866e-92,1.330524109242255e+17,4.534237107075887e-36,9.976262363963394e+16,1.0069422425152021e+23,1.001445015330278e+20,3.3564741417173403e+22
3054674594594.5947,533.7003869845281,253164196.5930036,1,1.1846246271297329e+22,3.3564741417173403e+22,1.0079423570064231e+23,9.98453613406521e+19,1.2098315236760162e-91,5.5408423612669875e+22,1.0147592019827907e-87,1.0027755394395203e+20,1.78092396863545e-92,1.330524109242255e+17,7.225769866400142e-37,9.976262363963394e+16,1.0069422425152021e+23,1.001445015330278e+20,3.3564741417173403e+22
3057833513513.5137,531.3567472606238,253164099.96054915,1,1.1846246271297329e+22,3.3564741417173403e+22,1.0079423570064231e+23,9.98453613406521e+19,9.378852512194591e-92,5.5408423612669875e+22,7.866612818400643e-88,1.0027755394395203e+20,1.380607812146831e-92,1.330524109242255e+17,1.1289945590278058e-37,9.976262363963394e+16,1.0069422425152021e+23,1.001445015330278e+20,3.3564741417173403e+22
3060992432432.4326,529.0131075367195,253164004.7016102,1,1.1846246271297329e+22,3.3564741417173403e+22,1.0079423570064231e+23,9.98453613406521e+19,7.270671422166066e-92,5.5408423612669875e+22,6.098352901230925e-88,1.0027755394395203e+20,1.070274729188637e-92,1.330524109242255e+17,1.7294019673532088e-38,9.976262363963394e+16,1.0069422425152021e+23,1.001445015330278e+20,3.3564741417173403e+22
3064151351351.3516,526.6694678128149,253163910.79284242,1,1.1846246271297329e+22,3.3564741417173403e+22,1.0079423570064231e+23,9.98453613406521e+19,5.636368003091294e-92,5.5408423612669875e+22,4.727563052418373e-88,1.0027755394395203e+20,8.296983214328573e-93,1.330524109242255e+17,2.5969613231384152e-39,9.976262363963394e+16,1.0069422425152021e+23,1.001445015330278e+20,3.3564741417173403e+22
3067310270270.2705,524.3258280889106,253163818.21127957,1,1.1846246271297329e+22,3.3564741417173403e+22,1.0079423570064231e+23,9.98453613406521e+19,4.369424167801005e-92,5.5408423612669875e+22,3.66489981419083e-88,1.0027755394395203e+20,6.431986758613297e-93,1.330524109242255e+17,3.822698144857523e-40,9.976262363963394e+16,1.0069422425152021e+23,1.001445015330278e+20,3.3564741417173403e+22
3070469189189.1895,521.9821883650063,253163726.9343287,1,1.1846246271297329e+22,3.3564741417173403e+22,1.0079423570064231e+23,9.98453613406521e+19,3.38726541997801e-92,5.5408423612669875e+22,2.84110238174087e-88,1.0027755394395203e+20,4.9862040055716314e-93,1.330524109242255e+17,5.515432528039938e-41,9.976262363963394e+16,1.0069422425152021e+23,1.001445015330278e+20,3.3564741417173403e+22
3073628108108.1084,519.638548641102,253163636.93976566,1,1.1846246271297329e+22,3.3564741417173403e+22,1.0079423570064231e+23,9.98453613406521e+19,2.6258792984375605e-92,5.5408423612669875e+22,2.2024784176305854e-88,1.0027755394395203e+20,3.86540373567646e-93,1.330524109242255e+17,7.799463694265068e-42,9.976262363963394e+16,1.0069422425152021e+23,1.001445015330278e+20,3.3564741417173403e+22
3076787027027.0273,517.2949089171977,253163548.2057306,1,1.1846246271297329e+22,3.3564741417173403e+22,1.0079423570064231e+23,9.98453613406521e+19,2.035643839655054e-92,5.5408423612669875e+22,1.7074045663768576e-88,1.0027755394395203e+20,2.996535696261077e-93,1.330524109242255e+17,1.0809274281795776e-42,9.976262363963394e+16,1.0069422425152021e+23,1.001445015330278e+20,3.3564741417173403e+22
3079945945945.9463,514.9512691932935,253163460.7107236,1,1.1846246271297329e+22,3.3564741417173403e+22,1.0079423570064231e+23,9.98453613406521e+19,1.5780941263766875e-92,5.5408423612669875e+22,1.3236135845638544e-88,1.0027755394395203e+20,2.3229693842731446e-93,1.330524109242255e+17,1.4680690624137058e-43,9.976262363963394e+16,1.0069422425152021e+23,1.001445015330278e+20,3.3564741417173403e+22
3083104864864.865,512.6076294693892,253163374.43360016,1,1.1846246271297329e+22,3.3564741417173403e+22,1.0079423570064231e+23,9.98453613406521e+19,1.2234159728914432e-92,5.5408423612669875e+22,1.0260912707757661e-88,1.0027755394395203e+20,1.8008030871762898e-93,1.330524109242255e+17,1.953829179585902e-44,9.976262363963394e+16,1.0069422425152021e+23,1.001445015330278e+20,3.3564741417173403e+22
3086263783783.7837,510.2639897454849,253163289.35356647,1,1.1846246271297329e+22,3.3564741417173403e+22,1.0079423570064231e+23,9.98453613406521e+19,9.485029953791845e-93,5.5408423612669875e+22,7.954461243378346e-89,1.0027755394395203e+20,1.3960026948898228e-93,1.330524109242255e+17,2.5479407742136075e-45,9.976262363963394e+16,1.0069422425152021e+23,1.001445015330278e+20,3.3564741417173403e+22
3089422702702.7026,507.9203500215806,253163205.45017546,1,1.1846246271297329e+22,3.3564741417173403e+22,1.0079423570064231e+23,9.98453613406521e+19,7.354498989851402e-93,5.5408423612669875e+22,6.1664547272262556e-89,1.0027755394395203e+20,1.0821838555717267e-93,1.330524109242255e+17,3.2555745707445258e-46,9.976262363963394e+16,1.0069422425152021e+23,1.001445015330278e+20,3.3564741417173403e+22
3092581621621.6216,505.5767102976763,253163122.70332187,1,1.1846246271297329e+22,3.3564741417173403e+22,1.0079423570064231e+23,9.98453613406521e+19,5.703832870026588e-93,5.5408423612669875e+22,4.780356926697577e-89,1.0027755394395203e+20,8.388929100658209e-94,1.330524109242255e+17,4.075444304160187e-47,9.976262363963394e+16,1.0069422425152021e+23,1.001445015330278e+20,3.3564741417173403e+22
3095740540540.541,503.23307057377167,253163041.09323806,1,1.1846246271297329e+22,3.3564741417173403e+22,1.0079423570064231e+23,9.98453613406521e+19,4.425535971897825e-93,5.5408423612669875e+22,3.7058266633711136e-89,1.0027755394395203e+20,6.502744475696273e-94,1.330524109242255e+17,4.9981023971816295e-48,9.976262363963394e+16,1.0069422425152021e+23,1.001445015330278e+20,3.3564741417173403e+22
3098899459459.46,500.8894308498674,253162960.60048968,1,1.1846246271297329e+22,3.3564741417173403e+22,1.0079423570064231e+23,9.98453613406521e+19,3.4362931825220915e-93,5.5408423612669875e+22,2.8728296797790816e-89,1.0027755394395203e+20,5.040384333173459e-94,1.330524109242255e+17,6.004716960083495e-49,9.976262363963394e+16,1.0069422425152021e+23,1.001445015330278e+20,3.3564741417173403e+22
3102058378378.379,498.5457911259631,253162881.20597103,1,1.1846246271297329e+22,3.3564741417173403e+22,1.0079423570064231e+23,9.98453613406521e+19,2.67148416399415e-93,5.5408423612669875e+22,2.227074042777936e-89,1.0027755394395203e+20,3.9065935606475745e-94,1.330524109242255e+17,7.06662299015747e-50,9.976262363963394e+16,1.0069422425152021e+23,1.001445015330278e+20,3.3564741417173403e+22
3105217297297.2974,496.2021514020588,253162802.8909008,1,1.1846246271297329e+22,3.3564741417173403e+22,1.0079423570064231e+23,9.98453613406521e+19,2.0809256338157434e-93,5.5408423612669875e+22,1.7264715785125785e-89,1.0027755394395203e+20,3.027550314344218e-94,1.330524109242255e+17,8.145889644480642e-51,9.976262363963394e+16,1.0069422425152021e+23,1.001445015330278e+20,3.3564741417173403e+22
3108376216216.2163,493.8585116781545,253162725.63681772,1,1.1846246271297329e+22,3.3564741417173403e+22,1.0079423570064231e+23,9.98453613406521e+19,1.6255778690203318e-93,5.5408423612669875e+22,1.3383947072490056e-89,1.0027755394395203e+20,2.3460455594800844e-94,1.330524109242255e+17,9.197038696226623e-52,9.976262363963394e+16,1.0069422425152021e+23,1.001445015330278e+20,3.3564741417173403e+22
3111535135135.1353,491.5148719542502,253162649.42557636,1,1.1846246271297329e+22,3.3564741417173403e+22,1.0079423570064231e+23,9.98453613406521e+19,1.2750101355994118e-93,5.5408423612669875e+22,1.0375498878376984e-89,1.0027755394395203e+20,1.8177415515650937e-94,1.330524109242255e+17,1.0169895830527297e-52,9.976262363963394e+16,1.0069422425152021e+23,1.001445015330278e+20,3.3564741417173403e+22
3114694054054.054,489.17123223034594,253162574.23934227,1,1.1846246271297329e+22,3.3564741417173403e+22,1.0079423570064231e+23,9.98453613406521e+19,1.0054614146588182e-93,5.5408423612669875e+22,8.043290701142437e-90,1.0027755394395203e+20,1.4082683785951108e-94,1.330524109242255e+17,1.1013377693768304e-53,9.976262363963394e+16,1.0069422425152021e+23,1.001445015330278e+20,3.3564741417173403e+22
3117852972972.973,486.82759250644165,253162500.06058827,1,1.1846246271297329e+22,3.3564741417173403e+22,1.0079423570064231e+23,9.98453613406521e+19,7.983629908807833e-94,5.5408423612669875e+22,6.235317084907404e-90,1.0027755394395203e+20,1.0909726825147167e-94,1.330524109242255e+17,1.1679844592901812e-54,9.976262363963394e+16,1.0069422425152021e+23,1.001445015330278e+20,3.3564741417173403e+22
3121011891891.892,484.48395278253736,253162426.8720898,1,1.1846246271297329e+22,3.3564741417173403e+22,1.0079423570064231e+23,9.98453613406521e+19,6.392131191041345e-94,5.5408423612669875e+22,4.83374041902159e-90,1.0027755394395203e+20,8.45174455305957e-95,1.330524109242255e+17,1.2129516296412735e-55,9.976262363963394e+16,1.0069422425152021e+23,1.001445015330278e+20,3.3564741417173403e+22
3124170810810.811,482.14031305863307,253162354.6569207,1,1.1846246271297329e+22,3.3564741417173403e+22,1.0079423570064231e+23,9.98453613406521e+19,5.167146560628844e-94,5.5408423612669875e+22,3.7472106827483737e-90,1.0027755394395203e+20,6.548194384628509e-95,1.330524109242255e+17,1.233438746262952e-56,9.976262363963394e+16,1.0069422425152021e+23,1.001445015330278e+20,3.3564741417173403e+22
3127329729729.73,479.79667333472844,253162283.39844888,1,1.1846246271297329e+22,3.3564741417173403e+22,1.0079423570064231e+23,9.98453613406521e+19,4.221058922902384e-94,5.5408423612669875e+22,2.9049115608831976e-90,1.0027755394395203e+20,5.0743881391213454e-95,1.330524109242255e+17,1.2281109031568302e-57,9.976262363963394e+16,1.0069422425152021e+23,1.001445015330278e+20,3.3564741417173403e+22
3130488648648.649,477.45303361082415,253162213.0803324,1,1.1846246271297329e+22,3.3564741417173403e+22,1.0079423570064231e+23,9.98453613406521e+19,3.4863277286490983e-94,5.5408423612669875e+22,2.251944874406641e-90,1.0027755394395203e+20,3.9334667064106495e-95,1.330524109242255e+17,1.1972424196423787e-58,9.976262363963394e+16,1.0069422425152021e+23,1.001445015330278e+20,3.3564741417173403e+22
3133647567567.568,475.10939388691986,253162143.68651477,1,1.1846246271297329e+22,3.3564741417173403e+22,1.0079423570064231e+23,9.98453613406521e+19,2.9112624182316235e-94,5.5408423612669875e+22,1.7457524970926835e-90,1.0027755394395203e+20,3.050206387013935e-95,1.330524109242255e+17,1.1426944698122975e-59,9.976262363963394e+16,1.0069422425152021e+23,1.001445015330278e+20,3.3564741417173403e+22
3136806486486.487,472.7657541630156,253162075.20122102,1,1.1846246271297329e+22,3.3564741417173403e+22,1.0079423570064231e+23,9.98453613406521e+19,2.456605666143029e-94,5.5408423612669875e+22,1.3533425497609106e-90,1.0027755394395203e+20,2.366230346911848e-95,1.330524109242255e+17,1.0677291043079424e-60,9.976262363963394e+16,1.0069422425152021e+23,1.001445015330278e+20,3.3564741417173403e+22
3139965405405.406,470.4221144391113,253162007.6089537,1,1.1846246271297329e+22,3.3564741417173403e+22,1.0079423570064231e+23,9.98453613406521e+19,2.0927681204404607e-94,5.5408423612669875e+22,1.0491390857657785e-90,1.0027755394395203e+20,1.836294614760391e-95,1.330524109242255e+17,9.766855333838282e-62,9.976262363963394e+16,1.0069422425152021e+23,1.001445015330278e+20,3.3564741417173403e+22
3143124324324.3247,468.078474715207,253161940.8944884,1,1.1846246271297329e+22,3.3564741417173403e+22,1.0079423570064231e+23,9.98453613406521e+19,1.7976053238055706e-94,5.5408423612669875e+22,8.133151203865057e-91,1.0027755394395203e+20,1.4253949530735162e-95,1.330524109242255e+17,8.74563449655668e-63,9.976262363963394e+16,1.0069422425152021e+23,1.001445015330278e+20,3.3564741417173403e+22
3146283243243.243,465.7348349913027,253161875.04286987,1,1.1846246271297329e+22,3.3564741417173403e+22,1.0079423570064231e+23,9.98453613406521e+19,1.554651683448625e-94,5.5408423612669875e+22,6.30500360829121e-91,1.0027755394395203e+20,1.1065023291284587e-95,1.330524109242255e+17,7.66569149649418e-64,9.976262363963394e+16,1.0069422425152021e+23,1.001445015330278e+20,3.3564741417173403e+22
3149442162162.162,463.3911952673984,253161810.03940767,1,1.1846246271297329e+22,3.3564741417173403e+22,1.0079423570064231e+23,9.98453613406521e+19,1.351736566005997e-94,5.5408423612669875e+22,4.887794152327351e-91,1.0027755394395203e+20,8.587832377475528e-96,1.330524109242255e+17,6.576816443878125e-65,9.976262363963394e+16,1.0069422425152021e+23,1.001445015330278e+20,3.3564741417173403e+22
3152601081081.081,461.0475555434941,253161745.86967245,1,1.1846246271297329e+22,3.3564741417173403e+22,1.0079423570064231e+23,9.98453613406521e+19,1.179912891605177e-94,5.5408423612669875e+22,3.789151900319716e-91,1.0027755394395203e+20,6.661985353835596e-96,1.330524109242255e+17,5.522881997359716e-66,9.976262363963394e+16,1.0069422425152021e+23,1.001445015330278e+20,3.3564741417173403e+22
3155760000000.0,458.70391581958984,253161682.51949164,1,1.1846246271297329e+22,3.3564741417173403e+22,1.0079423570064231e+23,9.98453613406521e+19,1.032634534418335e-94,5.5408423612669875e+22,2.9374685966475136e-91,1.0027755394395203e+20,5.16402047595428e-96,1.330524109242255e+17,4.539239697153127e-67,9.976262363963394e+16,1.0069422425152021e+23,1.001445015330278e+20,3.3564741417173403e+22
