time_s,temperature_K,pressure_Pa,quench_active,NH3_mol,N2_mol,H2_mol,CO2_mol,CO_mol,H2O_mol,Fe_mol,FeO_mol,CN_mol,HCN_mol,H2S_mol,HS_mol,cumulative_H2_from_NH3_mol,cumulative_H2_from_Fe_H2O_mol,cumulative_N2_from_NH3_mol
0.0,2800.0,298875739.68200165,0,3.948793107902754e+23,0.0,0.0,9.997841375157636e+19,0.0,5.550843506179199e+22,1.0027755394395202e+20,0.0,0.0,0.0,9.976262363963394e+16,0.0,0.0,0.0,0.0
3158918918.918919,2797.6563602760957,298782973.45136607,0,5.923189661854131e+22,1.6782370708586705e+23,5.034833388328134e+23,9.995908930237433e+19,1.9324449202021428e+16,5.549621748657972e+22,8.804065428248818e+19,1.2236899661463828e+19,0.0,0.0,9.976262363963394e+16,0.0,5.0347112125760115e+23,1.2217575212261806e+19,1.6782370708586705e+23
6317837837.837838,2795.3127205521914,298690208.13275677,0,5.923189661854131e+22,1.6782370708586705e+23,5.034894848817287e+23,9.994879191732083e+19,2.96218342555302e+16,5.549007143766445e+22,8.188430798215853e+19,1.8393245961793485e+19,0.0,0.0,9.976262363963394e+16,0.0,5.0347112125760115e+23,1.836362412753795e+19,1.6782370708586705e+23
9476756756.756758,2792.969080828287,298597444.1471727,0,5.923189661854131e+22,1.6782370708586705e+23,5.034952005278831e+23,9.993921549605388e+19,3.919825552247983e+16,5.548435579151003e+22,7.615908540646828e+19,2.411846853748374e+19,0.0,0.0,9.976262363963394e+16,0.0,5.0347112125760115e+23,2.4079270281961255e+19,1.6782370708586705e+23
12635675675.675676,2790.625441104383,298504681.9153726,0,5.923189661854131e+22,1.6782370708586705e+23,5.0350051599744376e+23,9.993030942772214e+19,4.810432385421379e+16,5.547904032194943e+22,7.083470977753336e+19,2.9442844166418657e+19,0.0,0.0,9.976262363963394e+16,0.0,5.0347112125760115e+23,2.939473984256444e+19,1.6782370708586705e+23
15794594594.594597,2788.2818013804786,298411921.8578688,0,5.923189661854131e+22,1.6782370708586705e+23,5.035054593823412e+23,9.992202667225658e+19,5.638707931976675e+16,5.547409693705198e+22,6.588304212461868e+19,3.4394511819333345e+19,0.0,0.0,9.976262363963394e+16,0.0,5.0347112125760115e+23,3.4338124740013572e+19,1.6782370708586705e+23
18953513513.513515,2785.9381616565743,298319164.39492106,0,5.923189661854131e+22,1.6782370708586705e+23,5.035100567925193e+23,9.991432350601809e+19,6.4090245558249336e+16,5.546949952687388e+22,6.127792878027772e+19,3.8999625163674305e+19,0.0,0.0,9.976262363963394e+16,0.0,5.0347112125760115e+23,3.893553491811605e+19,1.6782370708586705e+23
22112432432.432434,2783.59452193267,298226409.9465299,0,5.923189661854131e+22,1.6782370708586705e+23,5.035143324971147e+23,9.99071592858885e+19,7.125446568784411e+16,5.54652238222785e+22,5.699505996476991e+19,4.328249397918211e+19,0.0,0.0,9.976262363963394e+16,0.0,5.0347112125760115e+23,4.3211239513494266e+19,1.6782370708586705e+23
25271351351.351353,2781.2508822087657,298133658.93243057,0,5.923189661854131e+22,1.6782370708586705e+23,5.035183090553994e+23,9.990049623042407e+19,7.79175211522767e+16,5.54612472639938e+22,5.3011838624598565e+19,4.726571531935346e+19,0.0,0.0,9.976262363963394e+16,0.0,5.0347112125760115e+23,4.718779779820118e+19,1.6782370708586705e+23
28430270270.27027,2778.9072424848614,298040911.7720868,0,5.923189661854131e+22,1.6782370708586705e+23,5.035220074382529e+23,9.989429921679986e+19,8.411453477649355e+16,5.545754888114028e+22,4.930725875745109e+19,5.0970295186500936e+19,0.0,0.0,9.976262363963394e+16,0.0,5.0347112125760115e+23,5.088618065172444e+19,1.6782370708586705e+23
31589189189.189194,2776.563602760957,297948168.8846851,0,5.923189661854131e+22,1.6782370708586705e+23,5.0352544714086944e+23,9.988853559237285e+19,8.987815920351162e+16,5.545410917852375e+22,4.5861792516495835e+19,5.441576142745619e+19,0.0,0.0,9.976262363963394e+16,0.0,5.0347112125760115e+23,5.432588326825267e+19,1.6782370708586705e+23
34748108108.10811,2774.219963037053,297855430.68912786,0,5.923189661854131e+22,1.6782370708586705e+23,5.035286462873509e+23,9.988317499978324e+19,9.523875179310982e+16,5.54509100320423e+22,4.26572854424557e+19,5.7620268501496324e+19,0.0,0.0,9.976262363963394e+16,0.0,5.0347112125760115e+23,5.752502974970321e+19,1.6782370708586705e+23
37907027027.02703,2771.8763233131485,297762697.60402775,0,5.923189661854131e+22,1.6782370708586705e+23,5.035316217277855e+23,9.987818921459694e+19,1.0022453697940763e+17,5.544793459160767e+22,3.96768592226352e+19,6.060069472131682e+19,0.0,0.0,9.976262363963394e+16,0.0,5.0347112125760115e+23,6.050047018433742e+19,1.6782370708586705e+23
41065945945.94595,2769.5326835892442,297669970.0477016,0,5.923189661854131e+22,1.6782370708586705e+23,5.0353438912836556e+23,9.987355199456864e+19,1.0486175700770864e+17,5.544516719102763e+22,3.690482142256986e+19,6.337273252138217e+19,0.0,0.0,9.976262363963394e+16,0.0,5.0347112125760115e+23,6.326787076437446e+19,1.6782370708586705e+23
44224864864.86487,2767.18904386534,297577248.43816435,0,5.923189661854131e+22,1.6782370708586705e+23,5.035369630550546e+23,9.98692389396757e+19,1.0917481190063662e+17,5.544259326433854e+22,3.432658167859066e+19,6.595097226536136e+19,0.0,0.0,9.976262363963394e+16,0.0,5.0347112125760115e+23,6.5841797453460726e+19,1.6782370708586705e+23
47383783783.78379,2764.8454041414357,297484533.19312304,0,5.923189661854131e+22,1.6782370708586705e+23,5.03539357051277e+23,9.986522736213736e+19,1.131863894389846e+17,5.544019926811619e+22,3.1928573878709064e+19,6.8348980065242956e+19,0.0,0.0,9.976262363963394e+16,0.0,5.0347112125760115e+23,6.8235793675803976e+19,1.6782370708586705e+23
50542702702.702705,2762.5017644175314,297391824.729971,0,5.923189661854131e+22,1.6782370708586705e+23,5.0354158371006415e+23,9.986149616569303e+19,1.1691758588331856e+17,5.543797260932908e+22,2.969818389514697e+19,7.057937004880505e+19,0.0,0.0,9.976262363963394e+16,0.0,5.0347112125760115e+23,7.046245246292174e+19,1.6782370708586705e+23
53701621621.62162,2760.158124693627,297299123.4657817,0,5.923189661854131e+22,1.6782370708586705e+23,5.0354365474106224e+23,9.985802573346859e+19,1.2038801810776392e+17,5.5435901578331004e+22,2.762368246484894e+19,7.265387147910309e+19,0.0,0.0,9.976262363963394e+16,0.0,5.0347112125760115e+23,7.253348346099533e+19,1.6782370708586705e+23
56860540540.54054,2757.814484969723,297206429.8173033,0,5.923189661854131e+22,1.6782370708586705e+23,5.035455810327728e+23,9.985479782380921e+19,1.2361592776713626e+17,5.543397528662049e+22,2.5694162844677313e+19,7.458339109927472e+19,0.0,0.0,9.976262363963394e+16,0.0,5.0347112125760115e+23,7.445977517150759e+19,1.6782370708586705e+23
60019459459.459465,2755.4708452458185,297113744.20095223,0,5.923189661854131e+22,1.6782370708586705e+23,5.035473727103712e+23,9.985179547350406e+19,1.2661827807228192e+17,5.543218360902206e+22,2.3899482895937647e+19,7.63780710480144e+19,0.0,0.0,9.976262363963394e+16,0.0,5.0347112125760115e+23,7.625145276994211e+19,1.6782370708586705e+23
63178378378.37839,2753.127205521914,297021067.03280807,0,5.923189661854131e+22,1.6782370708586705e+23,5.035490391894229e+23,9.984900290787051e+19,1.2941084370582922e+17,5.543051712997038e+22,2.2230211278620873e+19,7.804734266533118e+19,0.0,0.0,9.976262363963394e+16,0.0,5.0347112125760115e+23,7.791793182162534e+19,1.6782370708586705e+23
66337297297.29731,2750.78356579801,296928398.7286074,0,5.923189661854131e+22,1.6782370708586705e+23,5.0355058922579136e+23,9.984640545720513e+19,1.32008294371208e+17,5.542896709360189e+22,2.067757745946933e+19,7.959997648448273e+19,0.0,0.0,9.976262363963394e+16,0.0,5.0347112125760115e+23,7.946796819011151e+19,1.6782370708586705e+23
69496216216.21622,2748.4399260741056,296835739.70373803,0,5.923189661854131e+22,1.6782370708586705e+23,5.0355203096201296e+23,9.984398947914485e+19,1.3442427243149667e+17,5.542752535738033e+22,1.923342525984721e+19,8.104412868410484e+19,0.0,0.0,9.976262363963394e+16,0.0,5.0347112125760115e+23,8.090970441167335e+19,1.6782370708586705e+23
72655135135.13515,2746.0962863502014,296743090.3732336,0,5.923189661854131e+22,1.6782370708586705e+23,5.035533719703906e+23,9.984174228651519e+19,1.3667146506114757e+17,5.542618434900269e+22,1.7890169689577249e+19,8.23873842543748e+19,0.0,0.0,9.976262363963394e+16,0.0,5.0347112125760115e+23,8.225071278931365e+19,1.6782370708586705e+23
75814054054.05406,2743.752646626297,296650451.1517679,0,5.923189661854131e+22,1.6782370708586705e+23,5.035546192930424e+23,9.983965208027364e+19,1.3876167130269438e+17,5.542493702635089e+22,1.66407568315351e+19,8.363679711241696e+19,0.0,0.0,9.976262363963394e+16,0.0,5.0347112125760115e+23,8.349803544111425e+19,1.6782370708586705e+23
78972972972.97298,2741.409006902393,296557822.4536491,0,5.923189661854131e+22,1.6782370708586705e+23,5.035557794791219e+23,9.983770788718438e+19,1.4070586439195038e+17,5.542377684027144e+22,1.5478626558998743e+19,8.479892738495332e+19,0.0,0.0,9.976262363963394e+16,0.0,5.0347112125760115e+23,8.465822152056136e+19,1.6782370708586705e+23
82131891891.8919,2739.0653671784885,296465204.6928143,0,5.923189661854131e+22,1.6782370708586705e+23,5.0355685861941195e+23,9.983589950188755e+19,1.4251424968877272e+17,5.5422697699981386e+22,1.4397677883648485e+19,8.587987606030359e+19,0.0,0.0,9.976262363963394e+16,0.0,5.0347112125760115e+23,8.57373618106148e+19,1.6782370708586705e+23
85290810810.81082,2736.721727454584,296372598.28282404,0,5.923189661854131e+22,1.6782370708586705e+23,5.0355786237847994e+23,9.98342174330503e+19,1.4419631852602314e+17,5.542169394091338e+22,1.3392236746809422e+19,8.688531719714265e+19,0.0,0.0,9.976262363963394e+16,0.0,5.0347112125760115e+23,8.674112087861661e+19,1.6782370708586705e+23
88449729729.72974,2734.37808773068,296280003.63685685,0,5.923189661854131e+22,1.6782370708586705e+23,5.035587960245669e+23,9.983265285330959e+19,1.4576089826674086e+17,5.542076029482643e+22,1.2457026080119091e+19,8.782052786383299e+19,0.0,0.0,9.976262363963394e+16,0.0,5.0347112125760115e+23,8.767476696556623e+19,1.6782370708586705e+23
91608648648.64865,2732.0344480067756,296187421.1677039,0,5.923189661854131e+22,1.6782370708586705e+23,5.035596644573721e+23,9.983119755273771e+19,1.4721619883861382e+17,5.541989186202126e+22,1.158713797437639e+19,8.869041596957568e+19,0.0,0.0,9.976262363963394e+16,0.0,5.0347112125760115e+23,8.854319977073705e+19,1.6782370708586705e+23
94767567567.56758,2729.6908082828713,296094851.2877634,0,5.923189661854131e+22,1.6782370708586705e+23,5.0356047223388236e+23,9.982984389558087e+19,1.4856985599545914e+17,5.541908408551101e+22,1.0778007806964064e+19,8.949954613698801e+19,0.0,0.0,9.976262363963394e+16,0.0,5.0347112125760115e+23,8.935097628099253e+19,1.6782370708586705e+23
97926486486.4865,2727.347168558967,296002294.4090352,0,5.923189661854131e+22,1.6782370708586705e+23,5.035612235923848e+23,9.982858478003885e+19,1.4982897153748003e+17,5.541833272700859e+22,1.0025390189009512e+19,9.025216375494256e+19,0.0,0.0,9.976262363963394e+16,0.0,5.0347112125760115e+23,9.010233478340506e+19,1.6782370708586705e+23
101085405405.40541,2725.0035288350628,295909750.94311595,0,5.923189661854131e+22,1.6782370708586705e+23,5.035619224747912e+23,9.982741360087089e+19,1.5100015070544506e+17,5.541763384460218e+22,9.325336603424879e+18,9.095221734052718e+19,0.0,0.0,9.976262363963394e+16,0.0,5.0347112125760115e+23,9.080121718982173e+19,1.6782370708586705e+23
104244324324.32433,2722.6598891111585,295817221.3011932,0,5.923189661854131e+22,1.6782370708586705e+23,5.035625725473942e+23,9.98263242146278e+19,1.5208953694853392e+17,5.5416983771999206e+22,8.674174614208632e+18,9.160337932974344e+19,0.0,0.0,9.976262363963394e+16,0.0,5.0347112125760115e+23,9.145128979279489e+19,1.6782370708586705e+23
107403243243.24324,2720.316249387254,295724705.8940408,0,5.923189661854131e+22,1.6782370708586705e+23,5.0356317722016515e+23,9.9825310907325e+19,1.5310284425131907e+17,5.541637909922825e+22,8.068488535953816e+18,9.220906540799826e+19,0.0,0.0,9.976262363963394e+16,0.0,5.0347112125760115e+23,9.205596256374692e+19,1.6782370708586705e+23
110562162162.16217,2717.97260966335,295632205.13201326,0,5.923189661854131e+22,1.6782370708586705e+23,5.035637396646977e+23,9.98243683643842e+19,1.5404538719211904e+17,5.541581665469569e+22,7.50510146044475e+18,9.277245248350732e+19,0.0,0.0,9.976262363963394e+16,0.0,5.0347112125760115e+23,9.261840709631518e+19,1.6782370708586705e+23
113721081081.08109,2715.6289699394456,295539719.42504066,0,5.923189661854131e+22,1.6782370708586705e+23,5.035642628308918e+23,9.982349164268364e+19,1.549221088926881e+17,5.5415293488501524e+22,6.98105854458155e+18,9.329649539937052e+19,0.0,0.0,9.976262363963394e+16,0.0,5.0347112125760115e+23,9.314157329047781e+19,1.6782370708586705e+23
116880000000.0,2713.2853302155413,295447249.1826238,0,5.923189661854131e+22,1.6782370708586705e+23,5.035647494624676e+23,9.98226761445685e+19,1.5573760700782547e+17,5.541480685692575e+22,6.493611470694474e+18,9.37839424732576e+19,0.0,0.0,9.976262363963394e+16,0.0,5.0347112125760115e+23,9.362820486624975e+19,1.6782370708586705e+23
120038918918.91893,2710.941690491637,295354794.813829,0,5.923189661854131e+22,1.6782370708586705e+23,5.035652021113908e+23,9.98219175936834e+19,1.5649615789292992e+17,5.541435420800258e+22,6.040203996637807e+18,9.423734994731427e+19,0.0,0.0,9.976262363963394e+16,0.0,5.0347112125760115e+23,9.408085378942132e+19,1.6782370708586705e+23
123197837837.83786,2708.5980507677327,295262356.72728306,0,5.923189661854131e+22,1.6782370708586705e+23,5.035656231512873e+23,9.98212120124986e+19,1.5720173907772925e+17,5.541393316810605e+22,5.618458518923e+18,9.465909542502908e+19,0.0,0.0,9.976262363963394e+16,0.0,5.0347112125760115e+23,9.450189368595133e+19,1.6782370708586705e+23
126356756756.75677,2706.2544110438284,295169935.3311682,0,5.923189661854131e+22,1.6782370708586705e+23,5.035660147899175e+23,9.9820555701411e+19,1.5785805016532435e+17,5.541354152947581e+22,5.226163577597048e+18,9.505139036635503e+19,0.0,0.0,9.976262363963394e+16,0.0,5.0347112125760115e+23,9.489353231618969e+19,1.6782370708586705e+23
129515675675.67569,2703.910771319924,295077531.0332173,0,5.923189661854131e+22,1.6782370708586705e+23,5.035663790807764e+23,9.981994521930908e+19,1.5846853226725005e+17,5.541317723861694e+22,4.861262236626216e+18,9.541629170732586e+19,0.0,0.0,9.976262363963394e+16,0.0,5.0347112125760115e+23,9.525782317505859e+19,1.6782370708586705e+23
132674594594.59462,2701.56713159602,294985144.2407089,0,5.923189661854131e+22,1.6782370708586705e+23,5.035667179338809e+23,9.98193773654989e+19,1.590363860774232e+17,5.541283838551236e+22,4.521841278236097e+18,9.575571266571598e+19,0.0,0.0,9.976262363963394e+16,0.0,5.0347112125760115e+23,9.559667627963854e+19,1.6782370708586705e+23
135833513513.51352,2699.2234918721156,294892775.3604625,0,5.923189661854131e+22,1.6782370708586705e+23,5.0356703312580254e+23,9.981884916289575e+19,1.5956458868057715e+17,5.541252319359075e+22,4.206121154013441e+18,9.607143278993863e+19,0.0,0.0,9.976262363963394e+16,0.0,5.0347112125760115e+23,9.591186820125804e+19,1.6782370708586705e+23
138992432432.43243,2696.8798521482113,294800424.79883355,0,5.923189661854131e+22,1.6782370708586705e+23,5.0356732630899646e+23,9.98183578423923e+19,1.6005590918403024e+17,5.5412230010396855e+22,3.912446639617869e+18,9.636510730433421e+19,0.0,0.0,9.976262363963394e+16,0.0,5.0347112125760115e+23,9.620505139515017e+19,1.6782370708586705e+23
142151351351.35135,2694.536212424307,294708092.9617087,0,5.923189661854131e+22,1.6782370708586705e+23,5.035675990204783e+23,9.981790082832097e+19,1.605129232553663e+17,5.541195729891501e+22,3.63927814370534e+18,9.663827580024673e+19,0.0,0.0,9.976262363963394e+16,0.0,5.0347112125760115e+23,9.647776287699136e+19,1.6782370708586705e+23
145310270270.2703,2692.1925727004027,294615780.2545015,0,5.923189661854131e+22,1.6782370708586705e+23,5.035678526898934e+23,9.981747572493356e+19,1.6093802664278208e+17,5.541170362949984e+22,3.3851836251511286e+18,9.689237031880095e+19,0.0,0.0,9.976262363963394e+16,0.0,5.0347112125760115e+23,9.673143229215816e+19,1.6782370708586705e+23
148469189189.1892,2689.8489329764984,294523487.082147,0,5.923189661854131e+22,1.6782370708586705e+23,5.0356808864702155e+23,9.98170803038269e+19,1.613334477494477e+17,5.541146767237169e+22,3.148831075897567e+18,9.71287228680545e+19,0.0,0.0,9.976262363963394e+16,0.0,5.0347112125760115e+23,9.696738942030506e+19,1.6782370708586705e+23
151628108108.10812,2687.505293252594,294431213.84909785,0,5.923189661854131e+22,1.6782370708586705e+23,5.035683081287561e+23,9.981671249224814e+19,1.617012593282023e+17,5.541124819063714e+22,2.928981529758966e+18,9.73485724141931e+19,0.0,0.0,9.976262363963394e+16,0.0,5.0347112125760115e+23,9.71868711548649e+19,1.6782370708586705e+23
154787027027.02704,2685.16165352869,294338960.95931906,0,5.923189661854131e+22,1.6782370708586705e+23,5.0356851228559554e+23,9.98163703622181e+19,1.6204338935823875e+17,5.541104403379772e+22,2.724482560309553e+18,9.755307138364252e+19,0.0,0.0,9.976262363963394e+16,0.0,5.0347112125760115e+23,9.739102799428428e+19,1.6782370708586705e+23
157945945945.94595,2682.8180138047856,294246728.81628406,0,5.923189661854131e+22,1.6782370708586705e+23,5.035687021876805e+23,9.981605212041524e+19,1.6236163116109536e+17,5.5410854131712785e+22,2.534262233575482e+18,9.774329171037659e+19,0.0,0.0,9.976262363963394e+16,0.0,5.0347112125760115e+23,9.758093007921548e+19,1.6782370708586705e+23
161104864864.86487,2680.4743740808813,294154517.8229698,0,5.923189661854131e+22,1.6782370708586705e+23,5.035688788304088e+23,9.98157560987671e+19,1.626576528092418e+17,5.541067748898452e+22,2.3573234836631183e+18,9.792023046028896e+19,0.0,0.0,9.976262363963394e+16,0.0,5.0347112125760115e+23,9.77575728074797e+19,1.6782370708586705e+23
164263783783.7838,2678.130734356977,294062328.38185227,0,5.923189661854131e+22,1.6782370708586705e+23,5.0356904313965766e+23,9.981548074569952e+19,1.6293300587680294e+17,5.541051317973562e+22,2.1927388816962726e+18,9.808481506225581e+19,0.0,0.0,9.976262363963394e+16,0.0,5.0347112125760115e+23,9.792188205637899e+19,1.6782370708586705e+23
167422702702.7027,2675.7870946330727,293970160.89490247,0,5.923189661854131e+22,1.6782370708586705e+23,5.035691959766411e+23,9.981522461799784e+19,1.63189133578484e+17,5.5410360342752145e+22,2.0396457705169318e+18,9.823790817343516e+19,0.0,0.0,9.976262363963394e+16,0.0,5.0347112125760115e+23,9.807471903985666e+19,1.6782370708586705e+23
170581621621.62164,2673.4434549091684,293878015.7635817,0,5.923189661854131e+22,1.6782370708586705e+23,5.0356933814242736e+23,9.98149863732368e+19,1.634273783395259e+17,5.541021817696593e+22,1.8972417395388068e+18,9.838031220441329e+19,0.0,0.0,9.976262363963394e+16,0.0,5.0347112125760115e+23,9.821688482607374e+19,1.6782370708586705e+23
173740540540.54056,2671.099815185264,293785893.3888372,0,5.923189661854131e+22,1.6782370708586705e+23,5.0356947038214045e+23,9.981476476273982e+19,1.6364898883651494e+17,5.541008593725283e+22,1.7647804159411005e+18,9.851277352801098e+19,0.0,0.0,9.976262363963394e+16,0.0,5.0347112125760115e+23,9.834912453917445e+19,1.6782370708586705e+23
176899459459.45947,2668.75617546136,293693794.17109823,0,5.923189661854131e+22,1.6782370708586705e+23,5.035695933888686e+23,9.981455862503026e+19,1.6385512654607622e+17,5.540996293052466e+22,1.6415675500611123e+18,9.863598639389096e+19,0.0,0.0,9.976262363963394e+16,0.0,5.0347112125760115e+23,9.847213126734488e+19,1.6782370708586705e+23
180058378378.3784,2666.4125357374555,293601718.51027155,0,5.923189661854131e+22,1.6782370708586705e+23,5.03569707807299e+23,9.981436687974044e+19,1.640468718358831e+17,5.540984851209429e+22,1.5269573743976466e+18,9.875059656955444e+19,0.0,0.0,9.976262363963394e+16,0.0,5.0347112125760115e+23,9.858654969771853e+19,1.6782370708586705e+23
183217297297.2973,2664.0688960135512,293509666.80573714,0,5.923189661854131e+22,1.6782370708586705e+23,5.0356981423709856e+23,9.981418852194633e+19,1.6422522963000192e+17,5.540974208229477e+22,1.420349217081082e+18,9.8857204726871e+19,0.0,0.0,9.976262363963394e+16,0.0,5.0347112125760115e+23,9.869297949724099e+19,1.6782370708586705e+23
186376216216.21622,2661.725256289647,293417639.45634437,0,5.923189661854131e+22,1.6782370708586705e+23,5.0356991323605856e+23,9.9814022616898e+19,1.6439113467834605e+17,5.540964308333474e+22,1.3211843520081626e+18,9.89563695919439e+19,0.0,0.0,9.976262363963394e+16,0.0,5.0347112125760115e+23,9.879197845726555e+19,1.6782370708586705e+23
189535135135.13516,2659.3816165657427,293325636.86040777,0,5.923189661854131e+22,1.6782370708586705e+23,5.035700053230197e+23,9.98138682951184e+19,1.6454545645792714e+17,5.54095509963736e+22,1.228943069087299e+18,9.904861087486478e+19,0.0,0.0,9.976262363963394e+16,0.0,5.0347112125760115e+23,9.888406541840684e+19,1.6782370708586705e+23
192694054054.05408,2657.0379768418384,293233659.41570276,0,5.923189661854131e+22,1.6782370708586705e+23,5.035700909805923e+23,9.981372474784468e+19,1.6468900373165254e+17,5.540946533880098e+22,1.1431419492001517e+18,9.913441199475193e+19,0.0,0.0,9.976262363963394e+16,0.0,5.0347112125760115e+23,9.896972299102026e+19,1.6782370708586705e+23
195852972972.973,2654.694337117934,293141707.51946205,0,5.923189661854131e+22,1.6782370708586705e+23,5.035701706576869e+23,9.981359122278772e+19,1.6482252878861347e+17,5.540938566170641e+22,1.0633313295636539e+18,9.921422261438842e+19,0.0,0.0,9.976262363963394e+16,0.0,5.0347112125760115e+23,9.90494000855998e+19,1.6782370708586705e+23
199011891891.8919,2652.35069739403,293049781.5683713,0,5.923189661854131e+22,1.6782370708586705e+23,5.035702447718677e+23,9.98134670201882e+19,1.649467313881328e+17,5.540931154752562e+22,9.890929461792882e+17,9.928846099777279e+19,0.0,0.0,9.976262363963394e+16,0.0,5.0347112125760115e+23,9.912351426638465e+19,1.6782370708586705e+23
202170810810.81082,2650.0070576701255,292957881.9585654,0,5.923189661854131e+22,1.6782370708586705e+23,5.035703137115419e+23,9.981335148914806e+19,1.650622624282818e+17,5.5409242607851475e+22,9.20037740988615e+17,9.935751620296345e+19,0.0,0.0,9.976262363963394e+16,0.0,5.0347112125760115e+23,9.919245394053516e+19,1.6782370708586705e+23
205329729729.72977,2647.663417946221,292866009.08562446,0,5.923189661854131e+22,1.6782370708586705e+23,5.035703778379957e+23,9.981324402421822e+19,1.6516972735812566e+17,5.540917848139764e+22,8.558038222208132e+17,9.942175012173124e+19,0.0,0.0,9.976262363963394e+16,0.0,5.0347112125760115e+23,9.925658039437312e+19,1.6782370708586705e+23
208488648648.64865,2645.319778222317,292774163.34457016,0,5.923189661854131e+22,1.6782370708586705e+23,5.035704374872887e+23,9.981314406222474e+19,1.6526968935161046e+17,5.540911883210464e+22,7.960545672239123e+17,9.948149937672815e+19,0.0,0.0,9.976262363963394e+16,0.0,5.0347112125760115e+23,9.931622968737654e+19,1.6782370708586705e+23
211647567567.5676,2642.9761384984126,292682345.12986207,0,5.923189661854131e+22,1.6782370708586705e+23,5.0357049297201515e+23,9.98130510793166e+19,1.6536267225974963e+17,5.540906334737815e+22,7.404768578207739e+17,9.953707708613129e+19,0.0,0.0,9.976262363963394e+16,0.0,5.0347112125760115e+23,9.937171441387155e+19,1.6782370708586705e+23
214806486486.48648,2640.6324987745083,292590554.8353933,0,5.923189661854131e+22,1.6782370708586705e+23,5.035705445829429e+23,9.981296458821974e+19,1.6544916335660422e+17,5.540901173645035e+22,6.887794389276998e+17,9.958877450502437e+19,0.0,0.0,9.976262363963394e+16,0.0,5.0347112125760115e+23,9.942332534166777e+19,1.6782370708586705e+23
217965405405.40543,2638.288859050604,292498792.85448766,0,5.923189661854131e+22,1.6782370708586705e+23,5.035705925905375e+23,9.981288413568288e+19,1.6552961589346586e+17,5.5408963728855775e+22,6.406913918215163e+17,9.963686255213055e+19,0.0,0.0,9.976262363963394e+16,0.0,5.0347112125760115e+23,9.947133293623709e+19,1.6782370708586705e+23
221124324324.32434,2635.9452193266998,292407059.5798953,0,5.923189661854131e+22,1.6782370708586705e+23,5.035706372463797e+23,9.981280930010171e+19,1.6560445147464483e+17,5.5408919073013574e+22,5.959607140435252e+17,9.968159322990854e+19,0.0,0.0,9.976262363963394e+16,0.0,5.0347112125760115e+23,9.95159887784339e+19,1.6782370708586705e+23
224283243243.24326,2633.6015796027955,292315355.4037895,0,5.923189661854131e+22,1.6782370708586705e+23,5.0357067878448445e+23,9.981273968930903e+19,1.6567406226732755e+17,5.540887753490881e+22,5.5435299848904646e+17,9.972320094546302e+19,0.0,0.0,9.976262363963394e+16,0.0,5.0347112125760115e+23,9.95575268831957e+19,1.6782370708586705e+23
227442162162.16217,2631.257939878891,292223680.71776307,0,5.923189661854131e+22,1.6782370708586705e+23,5.035707174225274e+23,9.981267493851926e+19,1.6573881305709686e+17,5.540883889686587e+22,5.156502047523461e+17,9.976190373919972e+19,0.0,0.0,9.976262363963394e+16,0.0,5.0347112125760115e+23,9.959616492614263e+19,1.6782370708586705e+23
230601081081.0811,2628.914300154987,292132035.9128247,0,5.923189661854131e+22,1.6782370708586705e+23,5.035707533629858e+23,9.981261470841646e+19,1.6579904315989734e+17,5.54088029564075e+22,4.7964951628132563e+17,9.979790442767073e+19,0.0,0.0,9.976262363963394e+16,0.0,5.0347112125760115e+23,9.963210538451085e+19,1.6782370708586705e+23
233760000000.0,2626.5706604310826,292040421.3793956,0,5.923189661854131e+22,1.6782370708586705e+23,5.035707867941997e+23,9.981255868337588e+19,1.658550682004748e+17,5.540876952519361e+22,4.4616227734699386e+17,9.983139166660506e+19,0.0,0.0,9.976262363963394e+16,0.0,5.0347112125760115e+23,9.96655365984046e+19,1.6782370708586705e+23
236918918918.91895,2624.2270207071783,291948837.50730616,0,5.923189661854131e+22,1.6782370708586705e+23,5.035708178913592e+23,9.981250656980974e+19,1.6590718176661738e+17,5.5408738428034075e+22,4.1501300425184294e+17,9.98625409397002e+19,0.0,0.0,9.976262363963394e+16,0.0,5.0347112125760115e+23,9.96966337579336e+19,1.6782370708586705e+23
240077837837.83786,2621.883380983274,291857284.68579257,0,5.923189661854131e+22,1.6782370708586705e+23,5.035708468174227e+23,9.981245809462849e+19,1.6595565694787414e+17,5.5408709501970595e+22,3.860384655910135e+17,9.989151547836103e+19,0.0,0.0,9.976262363963394e+16,0.0,5.0347112125760115e+23,9.972555982141317e+19,1.6782370708586705e+23
243236756756.75677,2619.5397412593697,291765763.3034932,0,5.923189661854131e+22,1.6782370708586705e+23,5.035708737239707e+23,9.981241300380954e+19,1.660007477668207e+17,5.5408682595422564e+22,3.5908682674262125e+17,9.991846711720942e+19,0.0,0.0,9.976262363963394e+16,0.0,5.0347112125760115e+23,9.975246636944261e+19,1.6782370708586705e+23
246395675675.67572,2617.1961015354655,291674273.7484457,0,5.923189661854131e+22,1.6782370708586705e+23,5.0357089875200063e+23,9.981237106106597e+19,1.6604269051037718e+17,5.540865756739267e+22,3.3401685410074304e+17,9.994353708985131e+19,0.0,0.0,9.976262363963394e+16,0.0,5.0347112125760115e+23,9.977749439934094e+19,1.6782370708586705e+23
249554594594.5946,2614.852461811561,291582816.4080837,0,5.923189661854131e+22,1.6782370708586705e+23,5.035709220326654e+23,9.981233204660819e+19,1.6608170496815955e+17,5.54086342867279e+22,3.1069717487809805e+17,9.996685676907395e+19,0.0,0.0,9.976262363963394e+16,0.0,5.0347112125760115e+23,9.98007750641058e+19,1.6782370708586705e+23
252713513513.51355,2612.508822087657,291491391.6692333,0,5.923189661854131e+22,1.6782370708586705e+23,5.03570943687961e+23,9.981229575599199e+19,1.6611799558435763e+17,5.540861263143224e+22,2.890055885970674e+17,9.998854835535498e+19,0.0,0.0,9.976262363963394e+16,0.0,5.0347112125760115e+23,9.982243035977063e+19,1.6782370708586705e+23
255872432432.43243,2610.1651823637526,291399999.91811067,0,5.923189661854131e+22,1.6782370708586705e+23,5.03570963831366e+23,9.981226199904716e+19,1.6615175252917926e+17,5.540859248802725e+22,2.6882842665890867e+17,1.0000872551729314e+20,0.0,0.0,9.976262363963394e+16,0.0,5.0347112125760115e+23,9.984257376476396e+19,1.6782370708586705e+23
259031351351.35138,2607.8215426398483,291308641.5403181,0,5.923189661854131e+22,1.6782370708586705e+23,5.0357098256843586e+23,9.981223059888087e+19,1.6618315269547808e+17,5.540857375095739e+22,2.500599566332665e+17,1.0002749398731878e+20,0.0,0.0,9.976262363963394e+16,0.0,5.0347112125760115e+23,9.98613108346233e+19,1.6782370708586705e+23
262190270270.2703,2605.477902915944,291217316.92084134,0,5.923189661854131e+22,1.6782370708586705e+23,5.0357099999735644e+23,9.981220139095056e+19,1.6621236062579008e+17,5.5408556322036835e+22,2.3260182814468896e+17,1.0004495211580735e+20,0.0,0.0,9.976262363963394e+16,0.0,5.0347112125760115e+23,9.987873975518157e+19,1.6782370708586705e+23
265349189189.18924,2603.1342631920397,291126026.4440469,0,5.923189661854131e+22,1.6782370708586705e+23,5.0357101620945836e+23,9.981217422220172e+19,1.6623952937463898e+17,5.540854010993489e+22,2.1636255745106496e+17,1.0006119138650097e+20,0.0,0.0,9.976262363963394e+16,0.0,5.0347112125760115e+23,9.989495185712634e+19,1.6782370708586705e+23
268508108108.1081,2600.7906234681354,291034770.4936787,0,5.923189661854131e+22,1.6782370708586705e+23,5.035710312896959e+23,9.981214895026572e+19,1.6626480131063094e+17,5.540852502969739e+22,2.0125704801184794e+17,1.0007629689594018e+20,0.0,0.0,9.976262363963394e+16,0.0,5.0347112125760115e+23,9.991003209462956e+19,1.6782370708586705e+23
271667027027.02704,2598.446983744231,290943549.4528551,0,5.923189661854131e+22,1.6782370708586705e+23,5.035710453170918e+23,9.981212544271381e+19,1.662883088625435e+17,5.540851100230146e+22,1.8720614453269552e+17,1.0009034779941934e+20,0.0,0.0,9.976262363963394e+16,0.0,5.0347112125760115e+23,9.99240594905568e+19,1.6782370708586705e+23
274825945945.94595,2596.103344020327,290852363.70406663,0,5.923189661854131e+22,1.6782370708586705e+23,5.0357105836515185e+23,9.981210357636304e+19,1.6631017521331942e+17,5.540849795424142e+22,1.7413621814872512e+17,1.001034177258033e+20,0.0,0.0,9.976262363963394e+16,0.0,5.0347112125760115e+23,9.993710755059e+19,1.6782370708586705e+23
277984864864.86487,2593.7597042964226,290761213.6291725,0,5.923189661854131e+22,1.6782370708586705e+23,5.035710705022497e+23,9.981208323663076e+19,1.663305149456041e+17,5.540848581714358e+22,1.6197878057188397e+17,1.0011557516338014e+20,0.0,0.0,9.976262363963394e+16,0.0,5.0347112125760115e+23,9.994924464843455e+19,1.6782370708586705e+23
281143783783.7838,2591.4160645725183,290670099.6093983,0,5.923189661854131e+22,1.6782370708586705e+23,5.0357108179198534e+23,9.981206431693416e+19,1.6634943464220912e+17,5.540847452740789e+22,1.5067012517982058e+17,1.001268838187722e+20,0.0,0.0,9.976262363963394e+16,0.0,5.0347112125760115e+23,9.996053438413002e+19,1.6782370708586705e+23
284302702702.7027,2589.072424848614,290579022.02533305,0,5.923189661854131e+22,1.6782370708586705e+23,5.0357109229351854e+23,9.981204671813172e+19,1.6636703344465072e+17,5.540846402587468e+22,1.40150993164916e+17,1.001374029507871e+20,0.0,0.0,9.976262363963394e+16,0.0,5.0347112125760115e+23,9.997103591734247e+19,1.6782370708586705e+23
287461621621.62164,2586.7287851247097,290487981.25692666,0,5.923189661854131e+22,1.6782370708586705e+23,5.035711020618786e+23,9.981203034800367e+19,1.6638340357268966e+17,5.540845425751463e+22,1.3036626299353667e+17,1.001471876809585e+20,0.0,0.0,9.976262363963394e+16,0.0,5.0347112125760115e+23,9.998080427738582e+19,1.6782370708586705e+23
290620540540.5406,2584.3851454008054,290396977.68348736,0,5.923189661854131e+22,1.6782370708586705e+23,5.0357111114825283e+23,9.981201512076876e+19,1.6639863080759638e+17,5.5408445171140424e+22,1.2126466154778955e+17,1.0015628928240425e+20,0.0,0.0,9.976262363963394e+16,0.0,5.0347112125760115e+23,9.998989065159667e+19,1.6782370708586705e+23
293779459459.4595,2582.041505676901,290306011.6836789,0,5.923189661854131e+22,1.6782370708586705e+23,5.035711196002548e+23,9.981200095663468e+19,1.6641279494167414e+17,5.540843671913845e+22,1.1279849543574202e+17,1.0016475544851631e+20,0.0,0.0,9.976262363963394e+16,0.0,5.0347112125760115e+23,9.999834265357464e+19,1.6782370708586705e+23
296938378378.3784,2579.697865952997,290215083.6355185,0,5.923189661854131e+22,1.6782370708586705e+23,5.035711274621739e+23,9.981198778137995e+19,1.6642597019639603e+17,5.5408428857219325e+22,1.0492340106180755e+17,1.0017263054289025e+20,0.0,0.0,9.976262363963394e+16,0.0,5.0347112125760115e+23,1.0000620457269386e+20,1.6782370708586705e+23
300097297297.2973,2577.3542262290925,290124193.9163735,0,5.923189661854131e+22,1.6782370708586705e+23,5.035711347752074e+23,9.9811975525965e+19,1.6643822561134774e+17,5.5408421544185825e+22,9.759811214735002e+16,1.001799558318047e+20,0.0,0.0,9.976262363963394e+16,0.0,5.0347112125760115e+23,1.0001351760619336e+20,1.6782370708586705e+23
303256216216.21625,2575.0105865051883,290033342.90296006,0,5.923189661854131e+22,1.6782370708586705e+23,5.035711415776763e+23,9.981196412617033e+19,1.664496254060144e+17,5.540841474171696e+22,9.078424348304075e+16,1.0018676970046901e+20,0.0,0.0,9.976262363963394e+16,0.0,5.0347112125760115e+23,1.00020320075063e+20,1.6782370708586705e+23
306415135135.13513,2572.666946781284,289942530.97134,0,5.923189661854131e+22,1.6782370708586705e+23,5.0357114790522606e+23,9.981195352226003e+19,1.664602293163076e+17,5.540840841416717e+22,8.44460897795932e+16,1.0019310785417247e+20,0.0,0.0,9.976262363963394e+16,0.0,5.0347112125760115e+23,1.0002664762485616e+20,1.6782370708586705e+23
309574054054.0541,2570.3233070573797,289851758.49691874,0,5.923189661854131e+22,1.6782370708586705e+23,5.035711537910137e+23,9.981194365866875e+19,1.664700929075962e+17,5.5408402528379544e+22,7.855043856264694e+16,1.001990035053894e+20,0.0,0.0,9.976262363963394e+16,0.0,5.0347112125760115e+23,1.0003253341248181e+20,1.6782370708586705e+23
312732972972.973,2567.9796673334754,289761025.8544429,0,5.923189661854131e+22,1.6782370708586705e+23,5.0357115926588116e+23,9.981193448371046e+19,1.6647926786588192e+17,5.540839705351207e+22,7.306639613119186e+16,1.0020448754782087e+20,0.0,0.0,9.976262363963394e+16,0.0,5.0347112125760115e+23,1.0003800827995498e+20,1.6782370708586705e+23
315891891891.8919,2565.636027609571,289670333.4179982,0,5.923189661854131e+22,1.6782370708586705e+23,5.0357116435851723e+23,9.98119259493077e+19,1.6648780226864528e+17,5.540839196087601e+22,6.796522566739941e+16,1.0020958871828465e+20,0.0,0.0,9.976262363963394e+16,0.0,5.0347112125760115e+23,1.00043100916016e+20,1.6782370708586705e+23
319050810810.8108,2563.292387885667,289579681.56100726,0,5.923189661854131e+22,1.6782370708586705e+23,5.0357116909560766e+23,9.981191801073956e+19,1.6649574083678138e+17,5.540838722378556e+22,6.3220196649422216e+16,1.0021433374730263e+20,0.0,0.0,9.976262363963394e+16,0.0,5.0347112125760115e+23,1.0004783800646584e+20,1.6782370708586705e+23
322209729729.72974,2560.9487481617625,289489070.6562274,0,5.923189661854131e+22,1.6782370708586705e+23,5.035711735019752e+23,9.98119106264074e+19,1.6650312516894608e+17,5.540838281741802e+22,5.880644477796823e+16,1.0021874749917407e+20,0.0,0.0,9.976262363963394e+16,0.0,5.0347112125760115e+23,1.0005224437400512e+20,1.6782370708586705e+23
325368648648.6487,2558.6051084378582,289398501.07574844,0,5.923189661854131e+22,1.6782370708586705e+23,5.035711776007095e+23,9.98119037576168e+19,1.6650999395954054e+17,5.540837871868371e+22,5.470084168256357e+16,1.0022285310226946e+20,0.0,0.0,9.976262363963394e+16,0.0,5.0347112125760115e+23,1.0005634310830993e+20,1.6782370708586705e+23
328527567567.5676,2556.261468713954,289307973.19099104,0,5.923189661854131e+22,1.6782370708586705e+23,5.0357118141328825e+23,9.981189736837487e+19,1.6651638320147658e+17,5.540837490610499e+22,5.0881873724676776e+16,1.0022667207022735e+20,0.0,0.0,9.976262363963394e+16,0.0,5.0347112125760115e+23,1.0006015568702587e+20,1.6782370708586705e+23
331686486486.4865,2553.9178289900497,289217487.3727042,0,5.923189661854131e+22,1.6782370708586705e+23,5.035711849596895e+23,9.981189142520155e+19,1.6652232637478528e+17,5.5408371359703705e+22,4.732952926255657e+16,1.0023022441468948e+20,0.0,0.0,9.976262363963394e+16,0.0,5.0347112125760115e+23,1.0006370208831468e+20,1.6782370708586705e+23
334845405405.4054,2551.5741892661454,289127043.9909638,0,5.923189661854131e+22,1.6782370708586705e+23,5.035711882584967e+23,9.981188589695428e+19,1.6652785462205754e+17,5.540836806089648e+22,4.402519378698451e+16,1.0023352875016505e+20,0.0,0.0,9.976262363963394e+16,0.0,5.0347112125760115e+23,1.0006700089554298e+20,1.6782370708586705e+23
338004324324.32434,2549.230549542241,289036643.4151704,0,5.923189661854131e+22,1.6782370708586705e+23,5.0357119132699585e+23,9.98118807546647e+19,1.6653299691163578e+17,5.540836499239736e+22,4.095155237839624e+16,1.0023660239157364e+20,0.0,0.0,9.976262363963394e+16,0.0,5.0347112125760115e+23,1.00070069394662e+20,1.6782370708586705e+23
341163243243.2433,2546.886909818337,288946286.01404727,0,5.923189661854131e+22,1.6782370708586705e+23,5.0357119418126596e+23,9.981187597138693e+19,1.6653778018941194e+17,5.540836213812723e+22,3.809249897419649e+16,1.0023946144497784e+20,0.0,0.0,9.976262363963394e+16,0.0,5.0347112125760115e+23,1.0007292366478842e+20,1.6782370708586705e+23
344322162162.16223,2544.5432700944325,288855972.1556392,0,5.923189661854131e+22,1.6782370708586705e+23,5.035711968362636e+23,9.981187152205632e+19,1.6654222952002752e+17,5.540835948312956e+22,3.543305197078513e+16,1.0024212089198123e+20,0.0,0.0,9.976262363963394e+16,0.0,5.0347112125760115e+23,1.0007557866246121e+20,1.6782370708586705e+23
347481081081.0811,2542.199630370528,288765702.20730984,0,5.923189661854131e+22,1.6782370708586705e+23,5.0357119930590115e+23,9.981186738335813e+19,1.665463682182154e+17,5.540835701349201e+22,3.29592757180109e+16,1.0024459466823401e+20,0.0,0.0,9.976262363963394e+16,0.0,5.0347112125760115e+23,1.000780483000158e+20,1.6782370708586705e+23
350640000000.0,2539.855990646624,288675476.5357409,0,5.923189661854131e+22,1.6782370708586705e+23,5.0357120160311964e+23,9.981186353360537e+19,1.6655021797097165e+17,5.540835471627354e+22,3.0658207494650816e+16,1.0024689573645738e+20,0.0,0.0,9.976262363963394e+16,0.0,5.0347112125760115e+23,1.000803455184864e+20,1.6782370708586705e+23
353798918918.91895,2537.5123509227196,288585295.5069298,0,5.923189661854131e+22,1.6782370708586705e+23,5.035712037399566e+23,9.981185995262514e+19,1.6655379895119792e+17,5.54083525794366e+22,2.8517789582238076e+16,1.002490361543698e+20,0.0,0.0,9.976262363963394e+16,0.0,5.0347112125760115e+23,1.000824823554186e+20,1.6782370708586705e+23
356957837837.8379,2535.1687111988153,288495159.4861886,0,5.923189661854131e+22,1.6782370708586705e+23,5.0357120572760914e+23,9.981185662165293e+19,1.665571299234095e+17,5.540835059178407e+22,2.6526806081280388e+16,1.0025102713787076e+20,0.0,0.0,9.976262363963394e+16,0.0,5.0347112125760115e+23,1.0008447000794735e+20,1.6782370708586705e+23
360116756756.7568,2532.825071474911,288405068.8381418,0,5.923189661854131e+22,1.6782370708586705e+23,5.0357120757649264e+23,9.981185352323428e+19,1.6656022834206333e+17,5.540834874290055e+22,2.4674824138763876e+16,1.0025287911981328e+20,0.0,0.0,9.976262363963394e+16,0.0,5.0347112125760115e+23,1.0008631889147121e+20,1.6782370708586705e+23
363275675675.6757,2530.4814317510068,288315023.9267257,0,5.923189661854131e+22,1.6782370708586705e+23,5.035712092962954e+23,9.981185064113332e+19,1.6656311044302096e+17,5.540834702309779e+22,2.295213927895578e+16,1.0025460180467309e+20,0.0,0.0,9.976262363963394e+16,0.0,5.0347112125760115e+23,1.0008803869423007e+20,1.6782370708586705e+23
366434594594.5946,2528.1377920271025,288225025.1151859,0,5.923189661854131e+22,1.6782370708586705e+23,5.0357121089602924e+23,9.981184796024771e+19,1.6656579132862595e+17,5.540834542336395e+22,2.134972455102276e+16,1.0025620421940103e+20,0.0,0.0,9.976262363963394e+16,0.0,5.0347112125760115e+23,1.000896384280724e+20,1.6782370708586705e+23
369593513513.51355,2525.794152303198,288135072.76607686,0,5.923189661854131e+22,1.6782370708586705e+23,5.035712123840768e+23,9.98118454665295e+19,1.665682850468415e+17,5.540834393531634e+22,1.9859183226983964e+16,1.0025769476072507e+20,0.0,0.0,9.976262363963394e+16,0.0,5.0347112125760115e+23,1.0009112647567822e+20,1.6782370708586705e+23
372752432432.43243,2523.450512579294,288045167.24125993,0,5.923189661854131e+22,1.6782370708586705e+23,5.035712137682356e+23,9.981184314691148e+19,1.6657060466486294e+17,5.5408342551157535e+22,1.8472704802123496e+16,1.0025908123914992e+20,0.0,0.0,9.976262363963394e+16,0.0,5.0347112125760115e+23,1.0009251063448506e+20,1.6782370708586705e+23
375911351351.3514,2521.1068728553896,287955308.90190214,0,5.923189661854131e+22,1.6782370708586705e+23,5.035712150557587e+23,9.981184098923876e+19,1.6657276233759088e+17,5.540834126363447e+22,1.7183024067293486e+16,1.0026037091988475e+20,0.0,0.0,9.976262363963394e+16,0.0,5.0347112125760115e+23,1.0009379815754716e+20,1.6782370708586705e+23
379070270270.2703,2518.7632331314853,287865498.108475,0,5.923189661854131e+22,1.6782370708586705e+23,5.035712162533927e+23,9.981183898220503e+19,1.6657476937132384e+17,5.540834006600047e+22,1.598338303863698e+16,1.0026157056091339e+20,0.0,0.0,9.976262363963394e+16,0.0,5.0347112125760115e+23,1.0009499579154208e+20,1.6782370708586705e+23
382229189189.1892,2516.419593407581,287775735.2207533,0,5.923189661854131e+22,1.6782370708586705e+23,5.0357121736741323e+23,9.981183711529335e+19,1.6657663628300403e+17,5.540833895197989e+22,1.4867495545234028e+16,1.0026268644840679e+20,0.0,0.0,9.976262363963394e+16,0.0,5.0347112125760115e+23,1.000961098121238e+20,1.6782370708586705e+23
385388108108.10815,2514.0759536836767,287686020.597814,0,5.923189661854131e+22,1.6782370708586705e+23,5.035712184036579e+23,9.981183537872103e+19,1.665783728553269e+17,5.54083379157352e+22,1.3829514289102884e+16,1.0026372442966291e+20,0.0,0.0,9.976262363963394e+16,0.0,5.0347112125760115e+23,1.000971460568076e+20,1.6782370708586705e+23
388547027027.02704,2511.7323139597725,287596354.5980348,0,5.923189661854131e+22,1.6782370708586705e+23,5.035712193675567e+23,9.981183376338836e+19,1.6657998818800323e+17,5.540833695183645e+22,1.2864000204944258e+16,1.0026468994374707e+20,0.0,0.0,9.976262363963394e+16,0.0,5.0347112125760115e+23,1.0009810995555908e+20,1.6782370708586705e+23
391705945945.946,2509.388674235868,287506737.57909334,0,5.923189661854131e+22,1.6782370708586705e+23,5.035712202641604e+23,9.981183226083092e+19,1.6658149074544205e+17,5.540833605523276e+22,1.1965893959068078e+16,1.0026558804999294e+20,0.0,0.0,9.976262363963394e+16,0.0,5.0347112125760115e+23,1.0009900655924752e+20,1.6782370708586705e+23
394864864864.8649,2507.045034511964,287417169.89796597,0,5.923189661854131e+22,1.6782370708586705e+23,5.0357122109816725e+23,9.981183086317525e+19,1.6658288840110474e+17,5.54083352212259e+22,1.1130489438152164e+16,1.0026642345451386e+20,0.0,0.0,9.976262363963394e+16,0.0,5.0347112125760115e+23,1.0009984056611276e+20,1.6782370708586705e+23
398023783783.7838,2504.7013947880596,287327651.9109271,0,5.923189661854131e+22,1.6782370708586705e+23,5.035712218739475e+23,9.98118295630976e+19,1.665841884787625e+17,5.5408334445445625e+22,1.035340908890957e+16,1.002672005348631e+20,0.0,0.0,9.976262363963394e+16,0.0,5.0347112125760115e+23,1.0010061634638435e+20,1.6782370708586705e+23
401182702702.7027,2502.3577550641553,287238183.9735479,0,5.923189661854131e+22,1.6782370708586705e+23,5.035712225955663e+23,9.981182835378548e+19,1.665853977908733e+17,5.540833372382683e+22,9630580979440652.0,1.0026792336297258e+20,0.0,0.0,9.976262363963394e+16,0.0,5.0347112125760115e+23,1.0010133796518171e+20,1.6782370708586705e+23
404341621621.62164,2500.014115340251,287148766.4406955,0,5.923189661854131e+22,1.6782370708586705e+23,5.0357122326680496e+23,9.981182722890208e+19,1.6658652267427965e+17,5.540833305258819e+22,8958217462067983.0,1.0026859572648994e+20,0.0,0.0,9.976262363963394e+16,0.0,5.0347112125760115e+23,1.0010200920381568e+20,1.6782370708586705e+23
407500540540.5406,2497.6704756163467,287059399.6665325,0,5.923189661854131e+22,1.6782370708586705e+23,5.035712238911807e+23,9.981182618255294e+19,1.6658756902341376e+17,5.5408332428212406e+22,8332795325844423.0,1.0026922114862617e+20,0.0,0.0,9.976262363963394e+16,0.0,5.0347112125760115e+23,1.0010263357960277e+20,1.6782370708586705e+23
410659459459.45953,2495.3268358924424,286970084.00451547,0,5.923189661854131e+22,1.6782370708586705e+23,5.035712244719654e+23,9.981182520925517e+19,1.66588542321185e+17,5.540833184742771e+22,7751037334730882.0,1.002698029066173e+20,0.0,0.0,9.976262363963394e+16,0.0,5.0347112125760115e+23,1.0010321436429612e+20,1.6782370708586705e+23
413818378378.37836,2492.983196168538,286880819.8073949,0,5.923189661854131e+22,1.6782370708586705e+23,5.0357122501220236e+23,9.981182430390863e+19,1.6658944766771037e+17,5.540833130719078e+22,7209895054701545.0,1.0027034404889733e+20,0.0,0.0,9.976262363963394e+16,0.0,5.0347112125760115e+23,1.0010375460122962e+20,1.6782370708586705e+23
416977297297.2973,2490.639556444634,286791607.4272142,0,5.923189661854131e+22,1.6782370708586705e+23,5.035712255147224e+23,9.98118234617693e+19,1.6659028980703955e+17,5.5408330804670744e+22,6706532879788566.0,1.0027084741107225e+20,0.0,0.0,9.976262363963394e+16,0.0,5.0347112125760115e+23,1.001042571212652e+20,1.6782370708586705e+23
420136216216.21625,2488.2959167207296,286702447.21530896,0,5.923189661854131e+22,1.6782370708586705e+23,5.035712259821588e+23,9.981182267842432e+19,1.6659107315201392e+17,5.540833033723438e+22,6238313173360907.0,1.0027131563077868e+20,0.0,0.0,9.976262363963394e+16,0.0,5.0347112125760115e+23,1.0010472455762665e+20,1.6782370708586705e+23
423295135135.1352,2485.9522769968253,286613339.5223067,0,5.923189661854131e+22,1.6782370708586705e+23,5.035712264169609e+23,9.981182194976894e+19,1.6659180180738998e+17,5.540832990243231e+22,5802782446776062.0,1.0027175116150527e+20,0.0,0.0,9.976262363963394e+16,0.0,5.0347112125760115e+23,1.0010515935969786e+20,1.6782370708586705e+23
426454054054.0541,2483.608637272921,286524284.6981258,0,5.923189661854131e+22,1.6782370708586705e+23,5.03571226821407e+23,9.981182127198498e+19,1.6659247959134858e+17,5.540832949798615e+22,5397658502979386.0,1.0027215628544906e+20,0.0,0.0,9.976262363963394e+16,0.0,5.0347112125760115e+23,1.001055638058577e+20,1.6782370708586705e+23
429612972972.97296,2481.2649975490167,286435283.0919756,0,5.923189661854131e+22,1.6782370708586705e+23,5.0357122719761654e+23,9.981182064152083e+19,1.6659311005550227e+17,5.540832912177659e+22,5020818477682255.0,1.0027253312547435e+20,0.0,0.0,9.976262363963394e+16,0.0,5.0347112125760115e+23,1.0010594001541883e+20,1.6782370708586705e+23
432771891891.8919,2478.9213578251124,286346335.0523554,0,5.923189661854131e+22,1.6782370708586705e+23,5.035712275475609e+23,9.981182005507282e+19,1.6659369650350605e+17,5.540832877183227e+22,4670287715453729.0,1.002728836562366e+20,0.0,0.0,9.976262363963394e+16,0.0,5.0347112125760115e+23,1.0010628995973307e+20,1.6782370708586705e+23
435930810810.81085,2476.577718101208,286257440.9270544,0,5.923189661854131e+22,1.6782370708586705e+23,5.035712278730737e+23,9.981181950956795e+19,1.6659424200836848e+17,5.540832844631949e+22,4344229422435460.5,1.0027320971452962e+20,0.0,0.0,9.976262363963394e+16,0.0,5.0347112125760115e+23,1.0010661547252122e+20,1.6782370708586705e+23
439089729729.7298,2474.234078377304,286168601.0631513,0,5.923189661854131e+22,1.6782370708586705e+23,5.0357122817586064e+23,9.981181900214777e+19,1.6659474942855453e+17,5.540832814353253e+22,4040935041459200.5,1.0027351300891058e+20,0.0,0.0,9.976262363963394e+16,0.0,5.0347112125760115e+23,1.00106918259482e+20,1.6782370708586705e+23
442248648648.6487,2471.8904386533995,286079815.80701375,0,5.923189661854131e+22,1.6782370708586705e+23,5.0357122845750835e+23,9.981181853015335e+19,1.6659522142296403e+17,5.540832786188478e+22,3758815299131747.0,1.0027379512865292e+20,0.0,0.0,9.976262363963394e+16,0.0,5.0347112125760115e+23,1.0010719990722993e+20,1.6782370708586705e+23
445407567567.56757,2469.5467989294953,285991085.5042984,0,5.923189661854131e+22,1.6782370708586705e+23,5.035712287194927e+23,9.981181809111145e+19,1.665956604648644e+17,5.54083275999004e+22,3496391877973366.0,1.0027405755207408e+20,0.0,0.0,9.976262363963394e+16,0.0,5.0347112125760115e+23,1.0010746189160918e+20,1.6782370708586705e+23
448566486486.4865,2467.203159205591,285902410.4999505,0,5.923189661854131e+22,1.6782370708586705e+23,5.035712289631865e+23,9.981181768272146e+19,1.6659606885485062e+17,5.540832735620658e+22,3252289669971072.0,1.002743016542821e+20,0.0,0.0,9.976262363963394e+16,0.0,5.0347112125760115e+23,1.001077055854272e+20,1.6782370708586705e+23
451725405405.40546,2464.8595194816867,285813791.1382039,0,5.923189661854131e+22,1.6782370708586705e+23,5.035712291898668e+23,9.981181730284341e+19,1.665964487329006e+17,5.540832712952636e+22,3025229570954838.0,1.002745287143811e+20,0.0,0.0,9.976262363963394e+16,0.0,5.0347112125760115e+23,1.0010793226564816e+20,1.6782370708586705e+23
454884324324.32434,2462.5158797577824,285725227.76258063,0,5.923189661854131e+22,1.6782370708586705e+23,5.035712294007212e+23,9.981181694948671e+19,1.665968020895886e+17,5.540832691867192e+22,2814021778038769.0,1.0027473992217402e+20,0.0,0.0,9.976262363963394e+16,0.0,5.0347112125760115e+23,1.0010814312008439e+20,1.6782370708586705e+23
458043243243.2433,2460.172240033878,285636720.7158911,0,5.923189661854131e+22,1.6782370708586705e+23,5.035712295968547e+23,9.981181662079979e+19,1.6659713077651594e+17,5.540832672253839e+22,2617559555005386.0,1.0027493638439705e+20,0.0,0.0,9.976262363963394e+16,0.0,5.0347112125760115e+23,1.0010833925362049e+20,1.6782370708586705e+23
461202162162.1622,2457.828600309974,285548270.3402341,0,5.923189661854131e+22,1.6782370708586705e+23,5.0357122977929514e+23,9.981181631506029e+19,1.6659743651601354e+17,5.540832654009801e+22,2434813432963239.0,1.002751191305191e+20,0.0,0.0,9.976262363963394e+16,0.0,5.0347112125760115e+23,1.0010852169400304e+20,1.6782370708586705e+23
464361081081.0811,2455.4849605860695,285459876.97699666,0,5.923189661854131e+22,1.6782370708586705e+23,5.0357122994899836e+23,9.981181603066613e+19,1.6659772091016694e+17,5.540832637039478e+22,2264825815888936.0,1.0027528911813617e+20,0.0,0.0,9.976262363963394e+16,0.0,5.0347112125760115e+23,1.0010869139722596e+20,1.6782370708586705e+23
467520000000.0,2453.1413208621652,285371540.966854,0,5.923189661854131e+22,1.6782370708586705e+23,5.0357123010685364e+23,9.981181576612708e+19,1.6659798544921133e+17,5.540832621253947e+22,2106705962786303.2,1.0027544723798927e+20,0.0,0.0,9.976262363963394e+16,0.0,5.0347112125760115e+23,1.0010884925254e+20,1.6782370708586705e+23
470678918918.91895,2450.797681138261,285283262.6497701,0,5.923189661854131e+22,1.6782370708586705e+23,5.0357123025368824e+23,9.981181552005695e+19,1.665982315193404e+17,5.5408326065704896e+22,1959625320168903.2,1.002755943186319e+20,0.0,0.0,9.976262363963394e+16,0.0,5.0347112125760115e+23,1.001089960871125e+20,1.6782370708586705e+23
473837837837.8379,2448.4540414143567,285195042.3649975,0,5.923189661854131e+22,1.6782370708586705e+23,5.035712303902715e+23,9.981181529116633e+19,1.665984604099701e+17,5.540832592912165e+22,1822813180407855.8,1.0027573113077165e+20,0.0,0.0,9.976262363963394e+16,0.0,5.0347112125760115e+23,1.0010913267036163e+20,1.6782370708586705e+23
476996756756.75684,2446.1104016904524,285106880.45107764,0,5.923189661854131e+22,1.6782370708586705e+23,5.035712305173191e+23,9.98118150782558e+19,1.6659867332049514e+17,5.540832580207402e+22,1695552643194468.2,1.0027585839130886e+20,0.0,0.0,9.976262363963394e+16,0.0,5.0347112125760115e+23,1.0010925971798832e+20,1.6782370708586705e+23
480155675675.6757,2443.766761966548,285018777.245841,0,5.923189661854131e+22,1.6782370708586705e+23,5.035712306354969e+23,9.981181488020973e+19,1.6659887136657395e+17,5.540832568389629e+22,1577176858955523.8,1.002759767670931e+20,0.0,0.0,9.976262363963394e+16,0.0,5.0347112125760115e+23,1.0010937789572648e+20,1.6782370708586705e+23
483314594594.5946,2441.423122242644,284930733.08640784,0,5.923189661854131e+22,1.6782370708586705e+23,5.03571230745424e+23,9.981181469599033e+19,1.6659905558597475e+17,5.540832557396918e+22,1467065534536529.5,1.0027608687841752e+20,0.0,0.0,9.976262363963394e+16,0.0,5.0347112125760115e+23,1.001094878228315e+20,1.6782370708586705e+23
486473513513.51355,2439.0794825187395,284842748.3091878,0,5.923189661854131e+22,1.6782370708586705e+23,5.035712308476765e+23,9.981181452463229e+19,1.6659922694401344e+17,5.540832547171669e+22,1364641682842531.0,1.0027618930226921e+20,0.0,0.0,9.976262363963394e+16,0.0,5.0347112125760115e+23,1.0010959007532515e+20,1.6782370708586705e+23
489632432432.4325,2436.735842794835,284754823.24988115,0,5.923189661854131e+22,1.6782370708586705e+23,5.035712309427902e+23,9.981181436523769e+19,1.66599386338612e+17,5.5408325376603e+22,1269368599404448.2,1.0027628457535265e+20,0.0,0.0,9.976262363963394e+16,0.0,5.0347112125760115e+23,1.00109685189014e+20,1.6782370708586705e+23
492791351351.35144,2434.392203070931,284666958.2434787,0,5.923189661854131e+22,1.6782370708586705e+23,5.035712310312635e+23,9.98118142169713e+19,1.6659953460500352e+17,5.540832528812972e+22,1180747050027996.8,1.0027637319690202e+20,0.0,0.0,9.976262363963394e+16,0.0,5.0347112125760115e+23,1.0010977366229698e+20,1.6782370708586705e+23
495950270270.27026,2432.0485633470266,284579153.6242623,0,5.923189661854131e+22,1.6782370708586705e+23,5.0357123111355995e+23,9.98118140790562e+19,1.665996725201089e+17,5.540832520583324e+22,1098312654788342.6,1.0027645563129727e+20,0.0,0.0,9.976262363963394e+16,0.0,5.0347112125760115e+23,1.0010985595877712e+20,1.6782370708586705e+23
499109189189.1892,2429.7049236231223,284491409.7258058,0,5.923189661854131e+22,1.6782370708586705e+23,5.035712311901109e+23,9.98118139507697e+19,1.6659980080660797e+17,5.540832512928233e+22,1021633454662501.1,1.002765323104974e+20,0.0,0.0,9.976262363963394e+16,0.0,5.0347112125760115e+23,1.0010993250969074e+20,1.6782370708586705e+23
502268108108.10815,2427.361283899218,284403726.88097525,0,5.923189661854131e+22,1.6782370708586705e+23,5.0357123126131736e+23,9.981181383143958e+19,1.665999201367263e+17,5.5408325058075856e+22,950307648048524.2,1.00276603636304e+20,0.0,0.0,9.976262363963394e+16,0.0,5.0347112125760115e+23,1.0011000371616724e+20,1.6782370708586705e+23
505427027027.0271,2425.0176441753138,284316105.4219298,0,5.923189661854131e+22,1.6782370708586705e+23,5.0357123132755253e+23,9.981181372044055e+19,1.6660003113575776e+17,5.540832499184069e+22,883961485310737.2,1.0027666998246674e+20,0.0,0.0,9.976262363963394e+16,0.0,5.0347112125760115e+23,1.0011006995133094e+20,1.6782370708586705e+23
508585945945.946,2422.6740044514095,284228545.6801221,0,5.923189661854131e+22,1.6782370708586705e+23,5.0357123138916344e+23,9.981181361719098e+19,1.6660013438534102e+17,5.540832493022976e+22,822247310318348.6,1.0027673169664172e+20,0.0,0.0,9.976262363963394e+16,0.0,5.0347112125760115e+23,1.0011013156225635e+20,1.6782370708586705e+23
511744864864.86487,2420.330364727505,284141047.9862994,0,5.923189661854131e+22,1.6782370708586705e+23,5.03571231446473e+23,9.98118135211498e+19,1.6660023042650736e+17,5.5408324872920235e+22,764841738715013.2,1.0027678910221333e+20,0.0,0.0,9.976262363963394e+16,0.0,5.0347112125760115e+23,1.0011018887178679e+20,1.6782370708586705e+23
514903783783.7838,2417.986725003601,284053612.67050415,0,5.923189661854131e+22,1.6782370708586705e+23,5.0357123149978146e+23,9.98118134318138e+19,1.666003197625157e+17,5.54083248196118e+22,711443963373402.9,1.0027684249998867e+20,0.0,0.0,9.976262363963394e+16,0.0,5.0347112125760115e+23,1.0011024218022612e+20,1.6782370708586705e+23
518062702702.70276,2415.6430852796966,283966240.0620747,0,5.923189661854131e+22,1.6782370708586705e+23,5.0357123154936813e+23,9.981181334871482e+19,1.6660040286148976e+17,5.540832477002511e+22,661774178155297.6,1.0027689216977389e+20,0.0,0.0,9.976262363963394e+16,0.0,5.0347112125760115e+23,1.0011029176691237e+20,1.6782370708586705e+23
521221621621.62164,2413.2994455557923,283878930.4896466,0,5.923189661854131e+22,1.6782370708586705e+23,5.035712315954929e+23,9.981181327141744e+19,1.6660048015887094e+17,5.540832472390034e+22,615572111717634.6,1.0027693837184033e+20,0.0,0.0,9.976262363963394e+16,0.0,5.0347112125760115e+23,1.0011033789168142e+20,1.6782370708586705e+23
524380540540.5406,2410.955805831888,283791684.281153,0,5.923189661854131e+22,1.6782370708586705e+23,5.035712316383975e+23,9.981181319951661e+19,1.666005520597001e+17,5.540832468099579e+22,572595663681599.5,1.0027698134828836e+20,0.0,0.0,9.976262363963394e+16,0.0,5.0347112125760115e+23,1.0011038079622863e+20,1.6782370708586705e+23
527539459459.4595,2408.6121661079837,283704501.7638262,0,5.923189661854131e+22,1.6782370708586705e+23,5.035712316783067e+23,9.981181313263557e+19,1.6660061894074e+17,5.540832464108664e+22,532619636018233.25,1.0027702132431603e+20,0.0,0.0,9.976262363963394e+16,0.0,5.0347112125760115e+23,1.0011042070537526e+20,1.6782370708586705e+23
530698378378.3785,2406.2685263840795,283617383.26419795,0,5.923189661854131e+22,1.6782370708586705e+23,5.0357123171542955e+23,9.981181307042387e+19,1.6660068115244954e+17,5.540832460396377e+22,495434553002962.06,1.0027705850939905e+20,0.0,0.0,9.976262363963394e+16,0.0,5.0347112125760115e+23,1.0011045782824657e+20,1.6782370708586705e+23
533857297297.29736,2403.924886660175,283530329.1081014,0,5.923189661854131e+22,1.6782370708586705e+23,5.035712317499607e+23,9.98118130125555e+19,1.6660073902082013e+17,5.540832456943265e+22,460845563555569.25,1.0027709309838849e+20,0.0,0.0,9.976262363963394e+16,0.0,5.0347112125760115e+23,1.0011049235936764e+20,1.6782370708586705e+23
537016216216.2162,2401.581246936271,283443339.6206716,0,5.923189661854131e+22,1.6782370708586705e+23,5.03571231782081e+23,9.981181295872724e+19,1.66600792849084e+17,5.540832453731234e+22,428671420213826.25,1.0027712527253183e+20,0.0,0.0,9.976262363963394e+16,0.0,5.0347112125760115e+23,1.0011052447968272e+20,1.6782370708586705e+23
540175135135.1352,2399.2376072123666,283356415.12634665,0,5.923189661854131e+22,1.6782370708586705e+23,5.035712318119588e+23,9.981181290865702e+19,1.6660084291930304e+17,5.5408324507434515e+22,398743529390566.2,1.0027715520042266e+20,0.0,0.0,9.976262363963394e+16,0.0,5.0347112125760115e+23,1.0011055435750333e+20,1.6782370708586705e+23
543334054054.0541,2396.8939674884623,283269555.9488694,0,5.923189661854131e+22,1.6782370708586705e+23,5.035712318397507e+23,9.981181286208247e+19,1.6660088949384685e+17,5.540832447964263e+22,370905067937511.4,1.0027718303888412e+20,0.0,0.0,9.976262363963394e+16,0.0,5.0347112125760115e+23,1.0011058214939024e+20,1.6782370708586705e+23
546492972972.9731,2394.550327764558,283182762.4112883,0,5.923189661854131e+22,1.6782370708586705e+23,5.035712318656023e+23,9.981181281875955e+19,1.666009328167676e+17,5.5408324453791045e+22,345010161386615.06,1.0027720893379066e+20,0.0,0.0,9.976262363963394e+16,0.0,5.0347112125760115e+23,1.0011060800097386e+20,1.6782370708586705e+23
549651891891.8919,2392.2066880406537,283096034.83595884,0,5.923189661854131e+22,1.6782370708586705e+23,5.03571231889649e+23,9.981181277846123e+19,1.6660097311507888e+17,5.54083244297443e+22,320923119562872.9,1.002772330208325e+20,0.0,0.0,9.976262363963394e+16,0.0,5.0347112125760115e+23,1.0011063204771738e+20,1.6782370708586705e+23
552810810810.8108,2389.8630483167494,283009373.5445448,0,5.923189661854131e+22,1.6782370708586705e+23,5.035712319120169e+23,9.981181274097636e+19,1.6660101059994515e+17,5.540832440737639e+22,298517725563185.75,1.002772554262265e+20,0.0,0.0,9.976262363963394e+16,0.0,5.0347112125760115e+23,1.0011065441562652e+20,1.6782370708586705e+23
555969729729.7297,2387.519408592845,282922778.8580199,0,5.923189661854131e+22,1.6782370708586705e+23,5.035712319328232e+23,9.981181270610852e+19,1.6660104546778838e+17,5.540832438657011e+22,277676574375497.97,1.0027727626737769e+20,0.0,0.0,9.976262363963394e+16,0.0,5.0347112125760115e+23,1.0011067522190986e+20,1.6782370708586705e+23
559128648648.6487,2385.175768868941,282836251.096669,0,5.923189661854131e+22,1.6782370708586705e+23,5.035712319521769e+23,9.9811812673675e+19,1.6660107790131722e+17,5.5408324367216424e+22,258290457672550.34,1.0027729565349439e+20,0.0,0.0,9.976262363963394e+16,0.0,5.0347112125760115e+23,1.0011069457559305e+20,1.6782370708586705e+23
562287567567.5676,2382.8321291450366,282749790.58008975,0,5.923189661854131e+22,1.6782370708586705e+23,5.0357123197017937e+23,9.981181264350583e+19,1.666011080704844e+17,5.540832434921393e+22,240257791556545.88,1.002773136861605e+20,0.0,0.0,9.976262363963394e+16,0.0,5.0347112125760115e+23,1.0011071257809e+20,1.6782370708586705e+23
565446486486.4866,2380.4884894211323,282663397.6271941,0,5.923189661854131e+22,1.6782370708586705e+23,5.0357123198692504e+23,9.981181261544294e+19,1.6660113613337744e+17,5.5408324332468285e+22,223484084256088.7,1.002773304598678e+20,0.0,0.0,9.976262363963394e+16,0.0,5.0347112125760115e+23,1.001107293237344e+20,1.6782370708586705e+23
568605405405.4054,2378.144849697228,282577072.55620986,0,5.923189661854131e+22,1.6782370708586705e+23,5.035712320025016e+23,9.981181258933926e+19,1.666011622370468e+17,5.540832431689175e+22,207881440986109.97,1.0027734606251108e+20,0.0,0.0,9.976262363963394e+16,0.0,5.0347112125760115e+23,1.00110744900274e+20,1.6782370708586705e+23
571764324324.3243,2375.8012099733237,282490815.6846822,0,5.923189661854131e+22,1.6782370708586705e+23,5.035712320169907e+23,9.981181256505803e+19,1.6660118651827654e+17,5.540832430240269e+22,193368103376228.53,1.002773605758487e+20,0.0,0.0,9.976262363963394e+16,0.0,5.0347112125760115e+23,1.0011075938933037e+20,1.6782370708586705e+23
574923243243.2433,2373.4575702494194,282404627.3294758,0,5.923189661854131e+22,1.6782370708586705e+23,5.0357123203046816e+23,9.9811812542472e+19,1.666012091043012e+17,5.540832428892519e+22,179868021054134.72,1.0027737407593102e+20,0.0,0.0,9.976262363963394e+16,0.0,5.0347112125760115e+23,1.0011077286682667e+20,1.6782370708586705e+23
578082162162.1622,2371.113930525515,282318507.8067761,0,5.923189661854131e+22,1.6782370708586705e+23,5.035712320430047e+23,9.981181252146282e+19,1.666012301134722e+17,5.540832427638864e+22,167310453139079.44,1.0027738663349894e+20,0.0,0.0,9.976262363963394e+16,0.0,5.0347112125760115e+23,1.0011078540338541e+20,1.6782370708586705e+23
581241081081.0812,2368.770290801611,282232457.43209124,0,5.923189661854131e+22,1.6782370708586705e+23,5.03571232054666e+23,9.981181250192042e+19,1.6660124965587834e+17,5.540832426472732e+22,155629597557280.0,1.0027739831435452e+20,0.0,0.0,9.976262363963394e+16,0.0,5.0347112125760115e+23,1.001107970646986e+20,1.6782370708586705e+23
584400000000.0,2366.4266510777065,282146476.520254,0,5.923189661854131e+22,1.6782370708586705e+23,5.0357123206551314e+23,9.981181248374237e+19,1.666012678339225e+17,5.540832425388015e+22,144764246236842.72,1.0027740917970585e+20,0.0,0.0,9.976262363963394e+16,0.0,5.0347112125760115e+23,1.0011080791187187e+20,1.6782370708586705e+23
587558918918.919,2364.0830113538022,282060565.3854234,0,5.923189661854131e+22,1.6782370708586705e+23,5.03571232075603e+23,9.981181246683342e+19,1.666012847428582e+17,5.540832424379027e+22,134657464375411.66,1.0027741928648773e+20,0.0,0.0,9.976262363963394e+16,0.0,5.0347112125760115e+23,1.001108180017448e+20,1.6782370708586705e+23
590717837837.8379,2361.739371629898,281974724.3410871,0,5.923189661854131e+22,1.6782370708586705e+23,5.035712320849885e+23,9.9811812451105e+19,1.6660130047128886e+17,5.540832423440483e+22,125256292099894.53,1.0027742868766e+20,0.0,0.0,9.976262363963394e+16,0.0,5.0347112125760115e+23,1.0011082738718866e+20,1.6782370708586705e+23
593876756756.7568,2359.3957319059937,281888953.7000627,0,5.923189661854131e+22,1.6782370708586705e+23,5.0357123209371866e+23,9.981181243647466e+19,1.6660131510163197e+17,5.540832422567464e+22,116511466954952.86,1.0027743743248515e+20,0.0,0.0,9.976262363963394e+16,0.0,5.0347112125760115e+23,1.0011083611738346e+20,1.6782370708586705e+23
597035675675.6757,2357.0520921820894,281803253.77450037,0,5.923189661854131e+22,1.6782370708586705e+23,5.035712321018394e+23,9.981181242286575e+19,1.6660132871055098e+17,5.540832421755394e+22,108377165766086.08,1.0027744556678634e+20,0.0,0.0,9.976262363963394e+16,0.0,5.0347112125760115e+23,1.0011084423807574e+20,1.6782370708586705e+23
600194594594.5946,2354.708452458185,281717624.87588465,0,5.923189661854131e+22,1.6782370708586705e+23,5.0357123210939315e+23,9.981181241020695e+19,1.666013413693571e+17,5.54083242100002e+22,100810764524663.56,1.0027745313318758e+20,0.0,0.0,9.976262363963394e+16,0.0,5.0347112125760115e+23,1.0011085179181818e+20,1.6782370708586705e+23
603353513513.5135,2352.364812734281,281632067.3150364,0,5.923189661854131e+22,1.6782370708586705e+23,5.035712321164195e+23,9.981181239843191e+19,1.6660135314438288e+17,5.540832420297383e+22,93772615036693.69,1.0027746017133707e+20,0.0,0.0,9.976262363963394e+16,0.0,5.0347112125760115e+23,1.0011085881819264e+20,1.6782370708586705e+23
606512432432.4325,2350.0211730103765,281546581.4021152,0,5.923189661854131e+22,1.6782370708586705e+23,5.035712321229553e+23,9.981181238747896e+19,1.666013640973299e+17,5.5408324196438005e+22,87225837164961.92,1.0027746671811496e+20,0.0,0.0,9.976262363963394e+16,0.0,5.0347112125760115e+23,1.0011086535401757e+20,1.6782370708586705e+23
609671351351.3514,2347.677533286472,281461167.44662166,0,5.923189661854131e+22,1.6782370708586705e+23,5.0357123212903484e+23,9.98118123772907e+19,1.666013742855919e+17,5.540832419035848e+22,81136125575879.61,1.0027747280782654e+20,0.0,0.0,9.976262363963394e+16,0.0,5.0347112125760115e+23,1.001108714335409e+20,1.6782370708586705e+23
612830270270.2703,2345.333893562568,281375825.7573992,0,5.923189661854131e+22,1.6782370708586705e+23,5.035712321346899e+23,9.981181236781374e+19,1.6660138376255578e+17,5.54083241847034e+22,75471569978390.36,1.0027747847238214e+20,0.0,0.0,9.976262363963394e+16,0.0,5.0347112125760115e+23,1.0011087708861953e+20,1.6782370708586705e+23
615989189189.1892,2342.9902538386636,281290556.6426366,0,5.923189661854131e+22,1.6782370708586705e+23,5.0357123213995016e+23,9.981181235899841e+19,1.666013925778811e+17,5.540832417944313e+22,70202487912979.74,1.002774837414642e+20,0.0,0.0,9.976262363963394e+16,0.0,5.0347112125760115e+23,1.0011088234888626e+20,1.6782370708586705e+23
619148108108.1082,2340.6466141147594,281205360.4098706,0,5.923189661854131e+22,1.6782370708586705e+23,5.035712321448432e+23,9.981181235079853e+19,1.6660140077776045e+17,5.540832417455011e+22,65301269214597.13,1.002774886426829e+20,0.0,0.0,9.976262363963394e+16,0.0,5.0347112125760115e+23,1.0011088724190508e+20,1.6782370708586705e+23
622307027027.0271,2338.302974390855,281120237.36598796,0,5.923189661854131e+22,1.6782370708586705e+23,5.035712321493946e+23,9.981181234317112e+19,1.6660140840516147e+17,5.540832416999871e+22,60742231334469.984,1.0027749320172079e+20,0.0,0.0,9.976262363963394e+16,0.0,5.0347112125760115e+23,1.0011089179331556e+20,1.6782370708586705e+23
625465945945.946,2335.959334666951,281035187.8172278,0,5.923189661854131e+22,1.6782370708586705e+23,5.035712321536282e+23,9.981181233607623e+19,1.6660141550005203e+17,5.540832416576505e+22,56501484762692.016,1.0027749744246736e+20,0.0,0.0,9.976262363963394e+16,0.0,5.0347112125760115e+23,1.0011089602696724e+20,1.6782370708586705e+23
628624864864.8649,2333.6156949430465,280950212.0691845,0,5.923189661854131e+22,1.6782370708586705e+23,5.035712321575663e+23,9.981181232947667e+19,1.6660142209960957e+17,5.540832416182698e+22,52556807846395.16,1.0027750138714428e+20,0.0,0.0,9.976262363963394e+16,0.0,5.0347112125760115e+23,1.001108999650446e+20,1.6782370708586705e+23
631783783783.7838,2331.272055219142,280865310.4268097,0,5.923189661854131e+22,1.6782370708586705e+23,5.0357123216122944e+23,9.981181232333786e+19,1.66601428238416e+17,5.540832415816384e+22,48887530347548.14,1.0027750505642177e+20,0.0,0.0,9.976262363963394e+16,0.0,5.0347112125760115e+23,1.0011090362818329e+20,1.6782370708586705e+23
634942702702.7028,2328.928415495238,280780483.19441557,0,5.923189661854131e+22,1.6782370708586705e+23,5.035712321646368e+23,9.981181231762765e+19,1.6660143394863885e+17,5.540832415475645e+22,45474425130220.78,1.0027750846952699e+20,0.0,0.0,9.976262363963394e+16,0.0,5.0347112125760115e+23,1.0011090703557829e+20,1.6782370708586705e+23
638101621621.6216,2326.5847757713336,280695730.6756765,0,5.923189661854131e+22,1.6782370708586705e+23,5.035712321678063e+23,9.981181231231608e+19,1.6660143926019987e+17,5.540832415158694e+22,42299607409751.484,1.0027751164434471e+20,0.0,0.0,9.976262363963394e+16,0.0,5.0347112125760115e+23,1.0011091020508445e+20,1.6782370708586705e+23
641260540540.5406,2324.2411360474293,280611053.1736326,0,5.923189661854131e+22,1.6782370708586705e+23,5.0357123217075454e+23,9.981181230737536e+19,1.6660144420093184e+17,5.540832414863871e+22,39346441035880.24,1.0027751459751109e+20,0.0,0.0,9.976262363963394e+16,0.0,5.0347112125760115e+23,1.001109131533101e+20,1.6782370708586705e+23
644419459459.4595,2321.897496323525,280526450.9906921,0,5.923189661854131e+22,1.6782370708586705e+23,5.0357123217349694e+23,9.981181230277956e+19,1.6660144879672435e+17,5.5408324145896315e+22,36599451318767.63,1.0027751734450081e+20,0.0,0.0,9.976262363963394e+16,0.0,5.0347112125760115e+23,1.0011091589570403e+20,1.6782370708586705e+23
647578378378.3784,2319.5538565996208,280441924.42863375,0,5.923189661854131e+22,1.6782370708586705e+23,5.035712321760479e+23,9.981181229850463e+19,1.6660145307165952e+17,5.540832414334538e+22,34044243941105.14,1.0027751989970818e+20,0.0,0.0,9.976262363963394e+16,0.0,5.0347112125760115e+23,1.0011091844663647e+20,1.6782370708586705e+23
650737297297.2974,2317.2102168757165,280357473.78861034,0,5.923189661854131e+22,1.6782370708586705e+23,5.035712321784207e+23,9.981181229452816e+19,1.6660145704813814e+17,5.540832414097255e+22,31667429531413.64,1.0027752227652259e+20,0.0,0.0,9.976262363963394e+16,0.0,5.0347112125760115e+23,1.001109208194744e+20,1.6782370708586705e+23
653896216216.2162,2314.866577151812,280273099.3711509,0,5.923189661854131e+22,1.6782370708586705e+23,5.035712321806279e+23,9.98118122908293e+19,1.666014607469971e+17,5.540832413876537e+22,29456553503291.508,1.002775244873986e+20,0.0,0.0,9.976262363963394e+16,0.0,5.0347112125760115e+23,1.0011092302665156e+20,1.6782370708586705e+23
657055135135.1353,2312.522937427908,280188801.476164,0,5.923189661854131e+22,1.6782370708586705e+23,5.03571232182681e+23,9.981181228738868e+19,1.6660146418761853e+17,5.540832413671229e+22,27400030792967.71,1.0027752654392132e+20,0.0,0.0,9.976262363963394e+16,0.0,5.0347112125760115e+23,1.0011092507973365e+20,1.6782370708586705e+23
660214054054.0541,2310.1792977040036,280104580.4029405,0,5.923189661854131e+22,1.6782370708586705e+23,5.035712321845907e+23,9.981181228418826e+19,1.6660146738803142e+17,5.540832413480255e+22,25487085153182.473,1.0027752845686696e+20,0.0,0.0,9.976262363963394e+16,0.0,5.0347112125760115e+23,1.0011092698947887e+20,1.6782370708586705e+23
663372972972.973,2307.8356579800993,280020436.45015657,0,5.923189661854131e+22,1.6782370708586705e+23,5.0357123218636715e+23,9.981181228121129e+19,1.66601470365006e+17,5.5408324133026135e+22,23707692685293.4,1.0027753023625942e+20,0.0,0.0,9.976262363963394e+16,0.0,5.0347112125760115e+23,1.0011092876589436e+20,1.6782370708586705e+23
666531891891.892,2305.492018256195,279936369.91587675,0,5.923189661854131e+22,1.6782370708586705e+23,5.035712321880196e+23,9.981181227844215e+19,1.6660147313414176e+17,5.540832413137374e+22,22052529313713.406,1.0027753189142279e+20,0.0,0.0,9.976262363963394e+16,0.0,5.0347112125760115e+23,1.0011093041828859e+20,1.6782370708586705e+23
669690810810.8108,2303.1483785322907,279852381.097557,0,5.923189661854131e+22,1.6782370708586705e+23,5.035712321895566e+23,9.981181227586634e+19,1.6660147570994906e+17,5.540832412983671e+22,20512921927444.785,1.0027753343103019e+20,0.0,0.0,9.976262363963394e+16,0.0,5.0347112125760115e+23,1.0011093195532018e+20,1.6782370708586705e+23
672849729729.7299,2300.8047388083864,279768470.29204786,0,5.923189661854131e+22,1.6782370708586705e+23,5.035712321909864e+23,9.981181227347036e+19,1.666014781059252e+17,5.540832412840699e+22,19080802932689.367,1.0027753486314919e+20,0.0,0.0,9.976262363963394e+16,0.0,5.0347112125760115e+23,1.001109333850432e+20,1.6782370708586705e+23
676008648648.6487,2298.461099084482,279684637.7955975,0,5.923189661854131e+22,1.6782370708586705e+23,5.035712321923163e+23,9.981181227124166e+19,1.6660148033462515e+17,5.5408324127077085e+22,17748667978388.965,1.0027753619528414e+20,0.0,0.0,9.976262363963394e+16,0.0,5.0347112125760115e+23,1.0011093471494945e+20,1.6782370708586705e+23
679167567567.5676,2296.117459360578,279600883.90385514,0,5.923189661854131e+22,1.6782370708586705e+23,5.035712321935534e+23,9.981181226916856e+19,1.666014824077274e+17,5.5408324125840026e+22,16509536633176.525,1.0027753743441548e+20,0.0,0.0,9.976262363963394e+16,0.0,5.0347112125760115e+23,1.001109359520077e+20,1.6782370708586705e+23
682326486486.4866,2293.7738196366736,279517208.9118742,0,5.923189661854131e+22,1.6782370708586705e+23,5.035712321947041e+23,9.98118122672402e+19,1.6660148433609507e+17,5.5408324124689335e+22,15356915807683.885,1.002775385870363e+20,0.0,0.0,9.976262363963394e+16,0.0,5.0347112125760115e+23,1.0011093710270015e+20,1.6782370708586705e+23
685485405405.4054,2291.4301799127693,279433613.1141155,0,5.923189661854131e+22,1.6782370708586705e+23,5.035712321957745e+23,9.981181226544646e+19,1.6660148612983286e+17,5.540832412361898e+22,14284765730537.816,1.0027753965918637e+20,0.0,0.0,9.976262363963394e+16,0.0,5.0347112125760115e+23,1.0011093817305648e+20,1.6782370708586705e+23
688644324324.3245,2289.086540188865,279350096.80445075,0,5.923189661854131e+22,1.6782370708586705e+23,5.035712321967701e+23,9.981181226377794e+19,1.6660148779834006e+17,5.5408324122623355e+22,13287468299757.428,1.0027754065648381e+20,0.0,0.0,9.976262363963394e+16,0.0,5.0347112125760115e+23,1.0011093916868541e+20,1.6782370708586705e+23
691803243243.2433,2286.7429004649607,279266660.2761661,0,5.923189661854131e+22,1.6782370708586705e+23,5.035712321976962e+23,9.981181226222592e+19,1.6660148935035965e+17,5.540832412169724e+22,12359797643713.217,1.0027754158415448e+20,0.0,0.0,9.976262363963394e+16,0.0,5.0347112125760115e+23,1.0011094009480405e+20,1.6782370708586705e+23
694962162162.1622,2284.3992607410564,279183303.8219651,0,5.923189661854131e+22,1.6782370708586705e+23,5.035712321985577e+23,9.981181226078226e+19,1.666014907940243e+17,5.540832412083578e+22,11496892737386.19,1.0027754244705937e+20,0.0,0.0,9.976262363963394e+16,0.0,5.0347112125760115e+23,1.0011094095626528e+20,1.6782370708586705e+23
698121081081.0812,2282.055621017152,279100027.7339726,0,5.923189661854131e+22,1.6782370708586705e+23,5.03571232199359e+23,9.981181225943938e+19,1.666014921368988e+17,5.5408324120034455e+22,10694231930435.354,1.0027754324972018e+20,0.0,0.0,9.976262363963394e+16,0.0,5.0347112125760115e+23,1.0011094175758321e+20,1.6782370708586705e+23
701280000000.0,2279.711981293248,279016832.30373836,0,5.923189661854131e+22,1.6782370708586705e+23,5.035712322001044e+23,9.981181225819026e+19,1.6660149338601997e+17,5.5408324119289085e+22,9947609253599.799,1.0027754399634285e+20,0.0,0.0,9.976262363963394e+16,0.0,5.0347112125760115e+23,1.0011094250295676e+20,1.6782370708586705e+23
704438918918.919,2277.3683415693436,278933717.8222402,0,5.923189661854131e+22,1.6782370708586705e+23,5.035712322007977e+23,9.981181225702834e+19,1.6660149454793315e+17,5.540832411859575e+22,9253112379280.13,1.0027754469083973e+20,0.0,0.0,9.976262363963394e+16,0.0,5.0347112125760115e+23,1.0011094319629173e+20,1.6782370708586705e+23
707597837837.8379,2275.0247018454393,278850684.579888,0,5.923189661854131e+22,1.6782370708586705e+23,5.035712322014426e+23,9.981181225594755e+19,1.6660149562872682e+17,5.540832411795082e+22,8607102120811.97,1.0027754533684999e+20,0.0,0.0,9.976262363963394e+16,0.0,5.0347112125760115e+23,1.001109438412212e+20,1.6782370708586705e+23
710756756756.7568,2272.681062121535,278767732.86652714,0,5.923189661854131e+22,1.6782370708586705e+23,5.035712322020425e+23,9.981181225494222e+19,1.666014966340644e+17,5.540832411735091e+22,8006193363007.013,1.0027754593775875e+20,0.0,0.0,9.976262363963394e+16,0.0,5.0347112125760115e+23,1.0011094444112462e+20,1.6782370708586705e+23
713915675675.6758,2270.3374223976307,278684862.97144246,0,5.923189661854131e+22,1.6782370708586705e+23,5.035712322026005e+23,9.981181225400707e+19,1.6660149756921386e+17,5.5408324116792895e+22,7447237324037.08,1.0027754649671478e+20,0.0,0.0,9.976262363963394e+16,0.0,5.0347112125760115e+23,1.001109449991455e+20,1.6782370708586705e+23
717074594594.5946,2267.9937826737264,278602075.1833617,0,5.923189661854131e+22,1.6782370708586705e+23,5.035712322031196e+23,9.98118122531372e+19,1.6660149843907546e+17,5.540832411627383e+22,6927305055712.817,1.0027754701664705e+20,0.0,0.0,9.976262363963394e+16,0.0,5.0347112125760115e+23,1.0011094551820791e+20,1.6782370708586705e+23
720233513513.5135,2265.650142949822,278519369.7904597,0,5.923189661854131e+22,1.6782370708586705e+23,5.0357123220360245e+23,9.981181225232808e+19,1.6660149924820726e+17,5.540832411579101e+22,6443672095697.962,1.0027754750028e+20,0.0,0.0,9.976262363963394e+16,0.0,5.0347112125760115e+23,1.0011094600103174e+20,1.6782370708586705e+23
723392432432.4325,2263.306503225918,278436747.0803619,0,5.923189661854131e+22,1.6782370708586705e+23,5.0357123220405154e+23,9.981181225157544e+19,1.6660150000084915e+17,5.540832411534189e+22,5993804191236.273,1.0027754795014791e+20,0.0,0.0,9.976262363963394e+16,0.0,5.0347112125760115e+23,1.00110946450147e+20,1.6782370708586705e+23
726551351351.3514,2260.9628635020135,278354207.3401484,0,5.923189661854131e+22,1.6782370708586705e+23,5.035712322044693e+23,9.981181225087535e+19,1.6660150070094502e+17,5.540832411492413e+22,5575344019582.982,1.0027754836860808e+20,0.0,0.0,9.976262363963394e+16,0.0,5.0347112125760115e+23,1.0011094686790708e+20,1.6782370708586705e+23
729710270270.2704,2258.6192237781092,278271750.8563579,0,5.923189661854131e+22,1.6782370708586705e+23,5.035712322048579e+23,9.981181225022413e+19,1.6660150135216336e+17,5.540832411453554e+22,5186098835555.366,1.0027754875785326e+20,0.0,0.0,9.976262363963394e+16,0.0,5.0347112125760115e+23,1.0011094725650104e+20,1.6782370708586705e+23
732869189189.1892,2256.275584054205,278189377.91499174,0,5.923189661854131e+22,1.6782370708586705e+23,5.035712322052194e+23,9.981181224961838e+19,1.666015019579166e+17,5.540832411417407e+22,4824028981475.225,1.0027754911992311e+20,0.0,0.0,9.976262363963394e+16,0.0,5.0347112125760115e+23,1.0011094761796515e+20,1.6782370708586705e+23
736028108108.1082,2253.9319443303007,278107088.80151767,0,5.923189661854131e+22,1.6782370708586705e+23,5.035712322055556e+23,9.981181224905492e+19,1.666015025213789e+17,5.540832411383784e+22,4487237199294.954,1.0027754945671489e+20,0.0,0.0,9.976262363963394e+16,0.0,5.0347112125760115e+23,1.0011094795419347e+20,1.6782370708586705e+23
739187027027.0271,2251.5883046063964,278024883.8008744,0,5.923189661854131e+22,1.6782370708586705e+23,5.035712322058683e+23,9.98118122485308e+19,1.6660150304550285e+17,5.540832411352509e+22,4173958688902.4175,1.002775497699934e+20,0.0,0.0,9.976262363963394e+16,0.0,5.0347112125760115e+23,1.0011094826694785e+20,1.6782370708586705e+23
742345945945.946,2249.244664882492,277942763.19747525,0,5.923189661854131e+22,1.6782370708586705e+23,5.035712322061592e+23,9.981181224804326e+19,1.666015035330348e+17,5.540832411323417e+22,3882551860509.7905,1.0027755006140024e+20,0.0,0.0,9.976262363963394e+16,0.0,5.0347112125760115e+23,1.0011094855786716e+20,1.6782370708586705e+23
745504864864.8649,2246.901025158588,277860727.2752126,0,5.923189661854131e+22,1.6782370708586705e+23,5.035712322064298e+23,9.981181224758977e+19,1.6660150398652954e+17,5.540832411296356e+22,3611489732668.601,1.0027755033246237e+20,0.0,0.0,9.976262363963394e+16,0.0,5.0347112125760115e+23,1.0011094882847579e+20,1.6782370708586705e+23
748663783783.7838,2244.5573854346835,277778776.317462,0,5.923189661854131e+22,1.6782370708586705e+23,5.0357123220668154e+23,9.981181224716793e+19,1.666015044083633e+17,5.5408324112711846e+22,3359351930836.2666,1.0027755058460017e+20,0.0,0.0,9.976262363963394e+16,0.0,5.0347112125760115e+23,1.0011094908019175e+20,1.6782370708586705e+23
751822702702.7028,2242.213745710779,277696910.60708654,0,5.923189661854131e+22,1.6782370708586705e+23,5.035712322069157e+23,9.981181224677555e+19,1.6660150480074656e+17,5.54083241124777e+22,3124817244566.3604,1.0027755081913485e+20,0.0,0.0,9.976262363963394e+16,0.0,5.0347112125760115e+23,1.0011094931433405e+20,1.6782370708586705e+23
754981621621.6217,2239.870105986875,277615130.426441,0,5.923189661854131e+22,1.6782370708586705e+23,5.0357123220713345e+23,9.981181224641056e+19,1.666015051657354e+17,5.540832411225991e+22,2906656704322.0312,1.002775510372954e+20,0.0,0.0,9.976262363963394e+16,0.0,5.0347112125760115e+23,1.001109495321296e+20,1.6782370708586705e+23
758140540540.5406,2237.5264662629706,277533436.05737644,0,5.923189661854131e+22,1.6782370708586705e+23,5.0357123220733605e+23,9.981181224607105e+19,1.6660150550524237e+17,5.540832411205732e+22,2703727141634.8535,1.0027755124022496e+20,0.0,0.0,9.976262363963394e+16,0.0,5.0347112125760115e+23,1.0011094973471967e+20,1.6782370708586705e+23
761299459459.4595,2235.1828265390664,277451827.78124404,0,5.923189661854131e+22,1.6782370708586705e+23,5.035712322075245e+23,9.981181224575525e+19,1.666015058210465e+17,5.540832411186887e+22,2514965198864.1187,1.0027755142898691e+20,0.0,0.0,9.976262363963394e+16,0.0,5.0347112125760115e+23,1.0011094992316581e+20,1.6782370708586705e+23
764458378378.3784,2232.839186815162,277370305.8789004,0,5.923189661854131e+22,1.6782370708586705e+23,5.035712322076998e+23,9.98118122454615e+19,1.6660150611480262e+17,5.540832411169358e+22,2339381757167.5166,1.0027755160457034e+20,0.0,0.0,9.976262363963394e+16,0.0,5.0347112125760115e+23,1.001109500984555e+20,1.6782370708586705e+23
767617297297.2974,2230.495547091258,277288870.63071126,0,5.923189661854131e+22,1.6782370708586705e+23,5.0357123220786286e+23,9.981181224518825e+19,1.6660150638805005e+17,5.540832411153053e+22,2176056753485.5825,1.0027755176789534e+20,0.0,0.0,9.976262363963394e+16,0.0,5.0347112125760115e+23,1.0011095026150724e+20,1.6782370708586705e+23
770776216216.2163,2228.1519073673535,277207522.31655645,0,5.923189661854131e+22,1.6782370708586705e+23,5.035712322080145e+23,9.981181224493408e+19,1.6660150664222058e+17,5.540832411137886e+22,2024134359380.739,1.0027755191981774e+20,0.0,0.0,9.976262363963394e+16,0.0,5.0347112125760115e+23,1.0011095041317547e+20,1.6782370708586705e+23
773935135135.1353,2225.808267643449,277126261.21583444,0,5.923189661854131e+22,1.6782370708586705e+23,5.035712322081556e+23,9.981181224469766e+19,1.6660150687864608e+17,5.540832411123778e+22,1882818496467.8872,1.002775520611336e+20,0.0,0.0,9.976262363963394e+16,0.0,5.0347112125760115e+23,1.0011095055425492e+20,1.6782370708586705e+23
777094054054.0541,2223.464627919545,277045087.6074667,0,5.923189661854131e+22,1.6782370708586705e+23,5.035712322082868e+23,9.981181224447774e+19,1.666015070985654e+17,5.540832411110655e+22,1751368664937.256,1.0027755219258343e+20,0.0,0.0,9.976262363963394e+16,0.0,5.0347112125760115e+23,1.0011095068548483e+20,1.6782370708586705e+23
780252972972.973,2221.1209881956406,276964001.7699026,0,5.923189661854131e+22,1.6782370708586705e+23,5.0357123220840885e+23,9.981181224427317e+19,1.6660150730313098e+17,5.540832411098448e+22,1629096063310.8303,1.0027755231485605e+20,0.0,0.0,9.976262363963394e+16,0.0,5.0347112125760115e+23,1.0011095080755287e+20,1.6782370708586705e+23
783411891891.892,2218.7773484717363,276883003.98112404,0,5.923189661854131e+22,1.6782370708586705e+23,5.035712322085224e+23,9.981181224408288e+19,1.6660150749341472e+17,5.540832411087093e+22,1515359979099.7537,1.0027755242859214e+20,0.0,0.0,9.976262363963394e+16,0.0,5.0347112125760115e+23,1.0011095092109867e+20,1.6782370708586705e+23
786570810810.8108,2216.433708747832,276802094.5186504,0,5.923189661854131e+22,1.6782370708586705e+23,5.03571232208628e+23,9.981181224390589e+19,1.666015076704137e+17,5.540832411076531e+22,1409564431449.6287,1.0027755253438769e+20,0.0,0.0,9.976262363963394e+16,0.0,5.0347112125760115e+23,1.0011095102671723e+20,1.6782370708586705e+23
789729729729.7299,2214.0900690239278,276721273.6595429,0,5.923189661854131e+22,1.6782370708586705e+23,5.035712322087263e+23,9.981181224374125e+19,1.6660150783505542e+17,5.540832411066706e+22,1311155048181.0676,1.0027755263279707e+20,0.0,0.0,9.976262363963394e+16,0.0,5.0347112125760115e+23,1.0011095112496197e+20,1.6782370708586705e+23
792888648648.6487,2211.7464293000235,276640541.68040997,0,5.923189661854131e+22,1.6782370708586705e+23,5.035712322088177e+23,9.98118122435881e+19,1.666015079882026e+17,5.540832411057568e+22,1219616160861.0796,1.0027755272433595e+20,0.0,0.0,9.976262363963394e+16,0.0,5.0347112125760115e+23,1.0011095121634771e+20,1.6782370708586705e+23
796047567567.5676,2209.402789576119,276559898.8574116,0,5.923189661854131e+22,1.6782370708586705e+23,5.035712322089027e+23,9.981181224344565e+19,1.6660150813065773e+17,5.540832411049068e+22,1134468102683.3733,1.0027755280948401e+20,0.0,0.0,9.976262363963394e+16,0.0,5.0347112125760115e+23,1.001109513013533e+20,1.6782370708586705e+23
799206486486.4866,2207.059149852215,276479345.466265,0,5.923189661854131e+22,1.6782370708586705e+23,5.0357123220898176e+23,9.981181224331313e+19,1.666015082631673e+17,5.5408324110411605e+22,1055264694998.3789,1.0027755288868743e+20,0.0,0.0,9.976262363963394e+16,0.0,5.0347112125760115e+23,1.0011095138042421e+20,1.6782370708586705e+23
802365405405.4054,2204.7155101283106,276398881.7822486,0,5.923189661854131e+22,1.6782370708586705e+23,5.035712322090553e+23,9.981181224318987e+19,1.6660150838642566e+17,5.540832411033805e+22,981590909322.3214,1.0027755296236121e+20,0.0,0.0,9.976262363963394e+16,0.0,5.0347112125760115e+23,1.0011095145397474e+20,1.6782370708586705e+23
805524324324.3245,2202.3718704044063,276318508.08020806,0,5.923189661854131e+22,1.6782370708586705e+23,5.035712322091237e+23,9.981181224307522e+19,1.666015085010787e+17,5.540832411026964e+22,913060692574.1962,1.0027755303089144e+20,0.0,0.0,9.976262363963394e+16,0.0,5.0347112125760115e+23,1.0011095152239031e+20,1.6782370708586705e+23
808683243243.2433,2200.028230680502,276238224.63456076,0,5.923189661854131e+22,1.6782370708586705e+23,5.035712322091873e+23,9.981181224296858e+19,1.6660150860772717e+17,5.5408324110206e+22,849314944144.8175,1.0027755309463717e+20,0.0,0.0,9.976262363963394e+16,0.0,5.0347112125760115e+23,1.001109515860294e+20,1.6782370708586705e+23
811842162162.1622,2197.6845909565977,276158031.71930087,0,5.923189661854131e+22,1.6782370708586705e+23,5.035712322092465e+23,9.981181224286937e+19,1.6660150870692992e+17,5.54083241101468e+22,790019634197.7126,1.002775531539325e+20,0.0,0.0,9.976262363963394e+16,0.0,5.0347112125760115e+23,1.0011095164522552e+20,1.6782370708586705e+23
815001081081.0812,2195.3409512326934,276077929.6080051,0,5.923189661854131e+22,1.6782370708586705e+23,5.035712322093016e+23,9.98118122427771e+19,1.666015087992068e+17,5.540832411009174e+22,734864053341.6971,1.0027755320908807e+20,0.0,0.0,9.976262363963394e+16,0.0,5.0347112125760115e+23,1.0011095170028882e+20,1.6782370708586705e+23
818160000000.0,2192.997311508789,275997918.5738371,0,5.923189661854131e+22,1.6782370708586705e+23,5.035712322093528e+23,9.981181224269126e+19,1.666015088850413e+17,5.540832411004052e+22,683559184503.3572,1.0027755326039294e+20,0.0,0.0,9.976262363963394e+16,0.0,5.0347112125760115e+23,1.0011095175150785e+20,1.6782370708586705e+23
821318918918.9191,2190.653671784885,275917998.88955337,0,5.923189661854131e+22,1.6782370708586705e+23,5.0357123220940045e+23,9.981181224261142e+19,1.6660150896488326e+17,5.540832410999287e+22,635836188467.9965,1.0027755330811593e+20,0.0,0.0,9.976262363963394e+16,0.0,5.0347112125760115e+23,1.00110951799151e+20,1.6782370708586705e+23
824477837837.8379,2188.3100320609806,275838170.8275081,0,5.923189661854131e+22,1.6782370708586705e+23,5.0357123220944475e+23,9.981181224253715e+19,1.66601509039151e+17,5.5408324109948554e+22,591444995153.2324,1.0027755335250711e+20,0.0,0.0,9.976262363963394e+16,0.0,5.0347112125760115e+23,1.0011095184346792e+20,1.6782370708586705e+23
827636756756.7567,2185.9663923370763,275758434.6596589,0,5.923189661854131e+22,1.6782370708586705e+23,5.0357123220948595e+23,9.981181224246808e+19,1.666015091082337e+17,5.540832410990733e+22,550152993233.4685,1.002775533937991e+20,0.0,0.0,9.976262363963394e+16,0.0,5.0347112125760115e+23,1.0011095188469083e+20,1.6782370708586705e+23
830795675675.6758,2183.622752613172,275678790.65757185,0,5.923189661854131e+22,1.6782370708586705e+23,5.035712322095243e+23,9.981181224240382e+19,1.6660150917249334e+17,5.540832410986899e+22,511743811248.83136,1.0027755343220828e+20,0.0,0.0,9.976262363963394e+16,0.0,5.0347112125760115e+23,1.0011095192303575e+20,1.6782370708586705e+23
833954594594.5946,2181.2791128892677,275599239.09242713,0,5.923189661854131e+22,1.6782370708586705e+23,5.035712322095599e+23,9.981181224234405e+19,1.666015092322667e+17,5.540832410983332e+22,476016183811.54266,1.002775534679359e+20,0.0,0.0,9.976262363963394e+16,0.0,5.0347112125760115e+23,1.001109519587036e+20,1.6782370708586705e+23
837113513513.5137,2178.9354731653634,275519780.23502445,0,5.923189661854131e+22,1.6782370708586705e+23,5.0357123220959306e+23,9.981181224228844e+19,1.6660150928786694e+17,5.540832410980014e+22,442782896968.6105,1.0027755350116919e+20,0.0,0.0,9.976262363963394e+16,0.0,5.0347112125760115e+23,1.0011095199188129e+20,1.6782370708586705e+23
840272432432.4325,2176.591833441459,275440414.35578847,0,5.923189661854131e+22,1.6782370708586705e+23,5.035712322096239e+23,9.981181224223672e+19,1.6660150933958544e+17,5.540832410976928e+22,411869807194.5046,1.0027755353208229e+20,0.0,0.0,9.976262363963394e+16,0.0,5.0347112125760115e+23,1.0011095202274266e+20,1.6782370708586705e+23
843431351351.3513,2174.248193717555,275361141.7247745,0,5.923189661854131e+22,1.6782370708586705e+23,5.0357123220965265e+23,9.981181224218862e+19,1.666015093876932e+17,5.5408324109740576e+22,383114928873.3057,1.0027755356083716e+20,0.0,0.0,9.976262363963394e+16,0.0,5.0347112125760115e+23,1.0011095205144943e+20,1.6782370708586705e+23
846590270270.2704,2171.9045539936506,275281962.61167395,0,5.923189661854131e+22,1.6782370708586705e+23,5.0357123220967936e+23,9.981181224214387e+19,1.6660150943244227e+17,5.5408324109713875e+22,356367585488.7044,1.002775535875845e+20,0.0,0.0,9.976262363963394e+16,0.0,5.0347112125760115e+23,1.0011095207815202e+20,1.6782370708586705e+23
849749189189.1892,2169.5609142697463,275202877.2858203,0,5.923189661854131e+22,1.6782370708586705e+23,5.035712322097042e+23,9.981181224210224e+19,1.6660150947406717e+17,5.540832410968904e+22,331487620074.0567,1.0027755361246447e+20,0.0,0.0,9.976262363963394e+16,0.0,5.0347112125760115e+23,1.0011095210299036e+20,1.6782370708586705e+23
852908108108.1082,2167.217274545842,275123886.01619434,0,5.923189661854131e+22,1.6782370708586705e+23,5.035712322097273e+23,9.981181224206352e+19,1.6660150951278602e+17,5.540832410966593e+22,308344660785.2296,1.0027755363560743e+20,0.0,0.0,9.976262363963394e+16,0.0,5.0347112125760115e+23,1.001109521260946e+20,1.6782370708586705e+23
856067027027.0271,2164.8736348219377,275044989.0714302,0,5.923189661854131e+22,1.6782370708586705e+23,5.0357123220974875e+23,9.981181224202751e+19,1.6660150954880166e+17,5.540832410964444e+22,286817437747.8125,1.0027755365713465e+20,0.0,0.0,9.976262363963394e+16,0.0,5.0347112125760115e+23,1.0011095214758581e+20,1.6782370708586705e+23
859225945945.9459,2162.5299950980334,274966186.7198212,0,5.923189661854131e+22,1.6782370708586705e+23,5.0357123220976875e+23,9.9811812241994e+19,1.6660150958230288e+17,5.540832410962445e+22,266793147598.95248,1.0027755367715894e+20,0.0,0.0,9.976262363963394e+16,0.0,5.0347112125760115e+23,1.001109521675766e+20,1.6782370708586705e+23
862384864864.865,2160.186355374129,274887479.22932535,0,5.923189661854131e+22,1.6782370708586705e+23,5.0357123220978734e+23,9.981181224196284e+19,1.6660150961346518e+17,5.5408324109605855e+22,248166862393.99066,1.0027755369578522e+20,0.0,0.0,9.976262363963394e+16,0.0,5.0347112125760115e+23,1.0011095218617172e+20,1.6782370708586705e+23
865543783783.7838,2157.842715650225,274808866.86757165,0,5.923189661854131e+22,1.6782370708586705e+23,5.0357123220980465e+23,9.981181224193386e+19,1.6660150964245187e+17,5.540832410958856e+22,230840979780.55136,1.002775537131111e+20,0.0,0.0,9.976262363963394e+16,0.0,5.0347112125760115e+23,1.0011095220346862e+20,1.6782370708586705e+23
868702702702.7028,2155.4990759263205,274730349.9018656,0,5.923189661854131e+22,1.6782370708586705e+23,5.0357123220982076e+23,9.98118122419069e+19,1.6660150966941485e+17,5.540832410957247e+22,214724711558.97775,1.0027755372922737e+20,0.0,0.0,9.976262363963394e+16,0.0,5.0347112125760115e+23,1.0011095221955792e+20,1.6782370708586705e+23
871861621621.6217,2153.1554362024162,274651928.5991956,0,5.923189661854131e+22,1.6782370708586705e+23,5.035712322098357e+23,9.981181224188181e+19,1.666015096944954e+17,5.54083241095575e+22,199733607949.1539,1.0027755374421849e+20,0.0,0.0,9.976262363963394e+16,0.0,5.0347112125760115e+23,1.0011095223452395e+20,1.6782370708586705e+23
875020540540.5405,2150.811796478512,274573603.22623837,0,5.923189661854131e+22,1.6782370708586705e+23,5.035712322098496e+23,9.981181224185848e+19,1.6660150971782493e+17,5.540832410954358e+22,185789115070.85522,1.0027755375816298e+20,0.0,0.0,9.976262363963394e+16,0.0,5.0347112125760115e+23,1.0011095224844511e+20,1.6782370708586705e+23
878179459459.4596,2148.4681567546077,274495374.0493656,0,5.923189661854131e+22,1.6782370708586705e+23,5.0357123220986257e+23,9.981181224183677e+19,1.666015097395257e+17,5.5408324109530625e+22,172818163318.8105,1.0027755377113394e+20,0.0,0.0,9.976262363963394e+16,0.0,5.0347112125760115e+23,1.0011095226139437e+20,1.6782370708586705e+23
881338378378.3784,2146.1245170307034,274417241.3346497,0,5.923189661854131e+22,1.6782370708586705e+23,5.035712322098746e+23,9.981181224181658e+19,1.6660150975971142e+17,5.540832410951858e+22,160752784475.54584,1.0027755378319932e+20,0.0,0.0,9.976262363963394e+16,0.0,5.0347112125760115e+23,1.0011095227343956e+20,1.6782370708586705e+23
884497297297.2974,2143.780877306799,274339205.34787,0,5.923189661854131e+22,1.6782370708586705e+23,5.035712322098858e+23,9.98118122417978e+19,1.6660150977848787e+17,5.540832410950737e+22,149529755555.67072,1.0027755379442234e+20,0.0,0.0,9.976262363963394e+16,0.0,5.0347112125760115e+23,1.001109522846438e+20,1.6782370708586705e+23
887656216216.2163,2141.437237582895,274261266.35451895,0,5.923189661854131e+22,1.6782370708586705e+23,5.035712322098962e+23,9.981181224178034e+19,1.6660150979595344e+17,5.540832410949695e+22,139090267515.33698,1.0027755380486183e+20,0.0,0.0,9.976262363963394e+16,0.0,5.0347112125760115e+23,1.0011095229506583e+20,1.6782370708586705e+23
890815135135.1351,2139.0935978589905,274183424.6198085,0,5.923189661854131e+22,1.6782370708586705e+23,5.0357123220990585e+23,9.981181224176409e+19,1.6660150981219965e+17,5.540832410948726e+22,129379617090.89813,1.0027755381457248e+20,0.0,0.0,9.976262363963394e+16,0.0,5.0347112125760115e+23,1.0011095230476023e+20,1.6782370708586705e+23
893974054054.0541,2136.749958135086,274105680.40867597,0,5.923189661854131e+22,1.6782370708586705e+23,5.0357123220991484e+23,9.981181224174898e+19,1.666015098273116e+17,5.540832410947824e+22,120346920151.99326,1.0027755382360518e+20,0.0,0.0,9.976262363963394e+16,0.0,5.0347112125760115e+23,1.0011095231377782e+20,1.6782370708586705e+23
897132972972.973,2134.406318411182,274028033.98579097,0,5.923189661854131e+22,1.6782370708586705e+23,5.035712322099232e+23,9.981181224173493e+19,1.6660150984136854e+17,5.540832410946985e+22,111944845067.01576,1.0027755383200725e+20,0.0,0.0,9.976262363963394e+16,0.0,5.0347112125760115e+23,1.0011095232216583e+20,1.6782370708586705e+23
900291891891.892,2132.0626786872776,273950485.6155611,0,5.923189661854131e+22,1.6782370708586705e+23,5.03571232209931e+23,9.981181224172185e+19,1.6660150985444406e+17,5.540832410946205e+22,104129364683.79369,1.0027755383982273e+20,0.0,0.0,9.976262363963394e+16,0.0,5.0347112125760115e+23,1.0011095232996824e+20,1.6782370708586705e+23
903450810810.8109,2129.7190389633734,273873035.5621388,0,5.923189661854131e+22,1.6782370708586705e+23,5.0357123220993826e+23,9.98118122417097e+19,1.6660150986660672e+17,5.540832410945479e+22,96859525625.85175,1.0027755384709256e+20,0.0,0.0,9.976262363963394e+16,0.0,5.0347112125760115e+23,1.0011095233722591e+20,1.6782370708586705e+23
906609729729.7297,2127.375399239469,273795684.0894277,0,5.923189661854131e+22,1.6782370708586705e+23,5.0357123220994504e+23,9.981181224169837e+19,1.6660150987792022e+17,5.540832410944804e+22,90097233695.35995,1.0027755385385486e+20,0.0,0.0,9.976262363963394e+16,0.0,5.0347112125760115e+23,1.0011095234397689e+20,1.6782370708586705e+23
909768648648.6487,2125.0317595155648,273718431.4610891,0,5.923189661854131e+22,1.6782370708586705e+23,5.0357123220995135e+23,9.981181224168786e+19,1.6660150988844387e+17,5.540832410944176e+22,83807054258.2734,1.0027755386014504e+20,0.0,0.0,9.976262363963394e+16,0.0,5.0347112125760115e+23,1.0011095235025655e+20,1.6782370708586705e+23
912927567567.5676,2122.6881197916605,273641277.94054836,0,5.923189661854131e+22,1.6782370708586705e+23,5.035712322099572e+23,9.981181224167807e+19,1.666015098982328e+17,5.540832410943592e+22,77956026565.67426,1.0027755386599606e+20,0.0,0.0,9.976262363963394e+16,0.0,5.0347112125760115e+23,1.0011095235609779e+20,1.6782370708586705e+23
916086486486.4866,2120.344480067756,273564223.79100174,0,5.923189661854131e+22,1.6782370708586705e+23,5.035712322099626e+23,9.981181224166896e+19,1.666015099073383e+17,5.540832410943048e+22,72513491038.35403,1.002775538714386e+20,0.0,0.0,9.976262363963394e+16,0.0,5.0347112125760115e+23,1.0011095236153121e+20,1.6782370708586705e+23
919245405405.4055,2118.000840343852,273487269.27542293,0,5.923189661854131e+22,1.6782370708586705e+23,5.0357123220996766e+23,9.98118122416605e+19,1.6660150991580813e+17,5.540832410942543e+22,67450928609.601456,1.0027755387650115e+20,0.0,0.0,9.976262363963394e+16,0.0,5.0347112125760115e+23,1.001109523665853e+20,1.6782370708586705e+23
922404324324.3243,2115.6572006199476,273410414.65656954,0,5.923189661854131e+22,1.6782370708586705e+23,5.0357123220997236e+23,9.981181224165261e+19,1.6660150992368662e+17,5.5408324109420735e+22,62741811284.346825,1.0027755388121027e+20,0.0,0.0,9.976262363963394e+16,0.0,5.0347112125760115e+23,1.0011095237128654e+20,1.6782370708586705e+23
925563243243.2433,2113.3135608960433,273333660.19699,0,5.923189661854131e+22,1.6782370708586705e+23,5.035712322099767e+23,9.981181224164529e+19,1.6660150993101507e+17,5.5408324109416364e+22,58361463131.58779,1.0027755388559062e+20,0.0,0.0,9.976262363963394e+16,0.0,5.0347112125760115e+23,1.0011095237565956e+20,1.6782370708586705e+23
928722162162.1622,2110.969921172139,273257006.15903044,0,5.923189661854131e+22,1.6782370708586705e+23,5.035712322099808e+23,9.981181224163847e+19,1.6660150993783187e+17,5.5408324109412296e+22,54286930981.69233,1.0027755388966516e+20,0.0,0.0,9.976262363963394e+16,0.0,5.0347112125760115e+23,1.0011095237972728e+20,1.6782370708586705e+23
931881081081.0812,2108.6262814482347,273180452.8048411,0,5.923189661854131e+22,1.6782370708586705e+23,5.035712322099846e+23,9.981181224163213e+19,1.6660150994417277e+17,5.540832410940851e+22,50496864151.02843,1.0027755389345522e+20,0.0,0.0,9.976262363963394e+16,0.0,5.0347112125760115e+23,1.00110952383511e+20,1.6782370708586705e+23
935040000000.0,2106.2826417243305,273104000.3963836,0,5.923189661854131e+22,1.6782370708586705e+23,5.0357123220998806e+23,9.981181224162623e+19,1.6660150995007098e+17,5.540832410940499e+22,46971402563.67356,1.0027755389698068e+20,0.0,0.0,9.976262363963394e+16,0.0,5.0347112125760115e+23,1.0011095238703056e+20,1.6782370708586705e+23
938198918918.919,2103.939002000426,273027649.19543743,0,5.923189661854131e+22,1.6782370708586705e+23,5.0357123220999135e+23,9.981181224162075e+19,1.6660150995555738e+17,5.540832410940172e+22,43692072683.95805,1.0027755390026002e+20,0.0,0.0,9.976262363963394e+16,0.0,5.0347112125760115e+23,1.0011095239030442e+20,1.6782370708586705e+23
941357837837.8379,2101.595362276522,272951399.4636074,0,5.923189661854131e+22,1.6782370708586705e+23,5.035712322099944e+23,9.981181224161565e+19,1.6660150996066077e+17,5.540832410939867e+22,40641690714.52531,1.0027755390331039e+20,0.0,0.0,9.976262363963394e+16,0.0,5.0347112125760115e+23,1.001109523933497e+20,1.6782370708586705e+23
944516756756.7568,2099.2517225526176,272875251.46232986,0,5.923189661854131e+22,1.6782370708586705e+23,5.035712322099972e+23,9.98118122416109e+19,1.6660150996540784e+17,5.540832410939584e+22,37804272552.66362,1.0027755390614782e+20,0.0,0.0,9.976262363963394e+16,0.0,5.0347112125760115e+23,1.0011095239618237e+20,1.6782370708586705e+23
947675675675.6758,2096.9080828287133,272799205.45288056,0,5.923189661854131e+22,1.6782370708586705e+23,5.035712322099998e+23,9.981181224160648e+19,1.666015099698235e+17,5.54083241093932e+22,35164950033.07773,1.0027755390878715e+20,0.0,0.0,9.976262363963394e+16,0.0,5.0347112125760115e+23,1.0011095239881728e+20,1.6782370708586705e+23
950834594594.5946,2094.564443104809,272723261.69638115,0,5.923189661854131e+22,1.6782370708586705e+23,5.035712322100023e+23,9.981181224160236e+19,1.6660150997393088e+17,5.540832410939075e+22,32709893018.20942,1.0027755391124221e+20,0.0,0.0,9.976262363963394e+16,0.0,5.0347112125760115e+23,1.0011095240126823e+20,1.6782370708586705e+23
953993513513.5137,2092.2208033809047,272647420.45380646,0,5.923189661854131e+22,1.6782370708586705e+23,5.035712322100046e+23,9.981181224159855e+19,1.666015099777515e+17,5.540832410938847e+22,30426236927.85794,1.0027755391352586e+20,0.0,0.0,9.976262363963394e+16,0.0,5.0347112125760115e+23,1.0011095240354806e+20,1.6782370708586705e+23
957152432432.4325,2089.8771636570004,272571681.9859916,0,5.923189661854131e+22,1.6782370708586705e+23,5.035712322100067e+23,9.981181224159499e+19,1.6660150998130538e+17,5.540832410938635e+22,28302015328.352978,1.0027755391565008e+20,0.0,0.0,9.976262363963394e+16,0.0,5.0347112125760115e+23,1.0011095240566872e+20,1.6782370708586705e+23
960311351351.3514,2087.533523933096,272496046.5536392,0,5.923189661854131e+22,1.6782370708586705e+23,5.0357123221000866e+23,9.981181224159168e+19,1.6660150998461114e+17,5.540832410938438e+22,26326097228.045258,1.00277553917626e+20,0.0,0.0,9.976262363963394e+16,0.0,5.0347112125760115e+23,1.0011095240764134e+20,1.6782370708586705e+23
963470270270.2704,2085.189884209192,272420514.4173267,0,5.923189661854131e+22,1.6782370708586705e+23,5.035712322100105e+23,9.98118122415886e+19,1.666015099876861e+17,5.540832410938254e+22,24488128750.54105,1.0027755391946398e+20,0.0,0.0,9.976262363963394e+16,0.0,5.0347112125760115e+23,1.0011095240947624e+20,1.6782370708586705e+23
966629189189.1892,2082.8462444852876,272345085.8375135,0,5.923189661854131e+22,1.6782370708586705e+23,5.0357123221001215e+23,9.981181224158573e+19,1.666015099905464e+17,5.540832410938084e+22,22778478880.04639,1.0027755392117364e+20,0.0,0.0,9.976262363963394e+16,0.0,5.0347112125760115e+23,1.0011095241118302e+20,1.6782370708586705e+23
969788108108.1083,2080.5026047613833,272269761.0745485,0,5.923189661854131e+22,1.6782370708586705e+23,5.0357123221001376e+23,9.981181224158308e+19,1.66601509993207e+17,5.540832410937925e+22,21188188994.524815,1.0027755392276392e+20,0.0,0.0,9.976262363963394e+16,0.0,5.0347112125760115e+23,1.0011095241277065e+20,1.6782370708586705e+23
972947027027.0271,2078.158965037479,272194540.3886771,0,5.923189661854131e+22,1.6782370708586705e+23,5.0357123221001524e+23,9.98118122415806e+19,1.6660150999568186e+17,5.540832410937778e+22,19708925922.22072,1.0027755392424318e+20,0.0,0.0,9.976262363963394e+16,0.0,5.0347112125760115e+23,1.0011095241424744e+20,1.6782370708586705e+23
976105945945.9459,2075.8153253135747,272119424.0400491,0,5.923189661854131e+22,1.6782370708586705e+23,5.035712322100166e+23,9.98118122415783e+19,1.6660150999798394e+17,5.54083241093764e+22,18332938275.5629,1.0027755392561917e+20,0.0,0.0,9.976262363963394e+16,0.0,5.0347112125760115e+23,1.0011095241562112e+20,1.6782370708586705e+23
979264864864.865,2073.4716855896704,272044412.28872555,0,5.923189661854131e+22,1.6782370708586705e+23,5.0357123221001786e+23,9.981181224157615e+19,1.6660151000012528e+17,5.540832410937513e+22,17053015833.636555,1.002775539268991e+20,0.0,0.0,9.976262363963394e+16,0.0,5.0347112125760115e+23,1.001109524168989e+20,1.6782370708586705e+23
982423783783.7838,2071.128045865766,271969505.3946868,0,5.923189661854131e+22,1.6782370708586705e+23,5.0357123221001906e+23,9.981181224157415e+19,1.6660151000211712e+17,5.5408324109373935e+22,15862451760.386488,1.0027755392808968e+20,0.0,0.0,9.976262363963394e+16,0.0,5.0347112125760115e+23,1.0011095241808749e+20,1.6782370708586705e+23
985582702702.7029,2068.784406141862,271894703.61783993,0,5.923189661854131e+22,1.6782370708586705e+23,5.0357123221002014e+23,9.98118122415723e+19,1.6660151000396992e+17,5.540832410937283e+22,14755007460.5737,1.0027755392919713e+20,0.0,0.0,9.976262363963394e+16,0.0,5.0347112125760115e+23,1.0011095241919308e+20,1.6782370708586705e+23
988741621621.6217,2066.4407664179575,271820007.21802586,0,5.923189661854131e+22,1.6782370708586705e+23,5.0357123221002114e+23,9.981181224157058e+19,1.6660151000569334e+17,5.5408324109371796e+22,13724879889.329376,1.0027755393022725e+20,0.0,0.0,9.976262363963394e+16,0.0,5.0347112125760115e+23,1.0011095242022149e+20,1.6782370708586705e+23
991900540540.5405,2064.0971266940533,271745416.45502776,0,5.923189661854131e+22,1.6782370708586705e+23,5.035712322100221e+23,9.981181224156897e+19,1.6660151000729645e+17,5.540832410937084e+22,12766671144.007267,1.0027755393118547e+20,0.0,0.0,9.976262363963394e+16,0.0,5.0347112125760115e+23,1.001109524211781e+20,1.6782370708586705e+23
995059459459.4596,2061.753486970149,271670931.58857787,0,5.923189661854131e+22,1.6782370708586705e+23,5.0357123221002296e+23,9.981181224156748e+19,1.6660151000878765e+17,5.540832410936995e+22,11875360178.994757,1.0027755393207678e+20,0.0,0.0,9.976262363963394e+16,0.0,5.0347112125760115e+23,1.0011095242206791e+20,1.6782370708586705e+23
998218378378.3784,2059.4098472462447,271596552.87836593,0,5.923189661854131e+22,1.6782370708586705e+23,5.0357123221002376e+23,9.981181224156609e+19,1.6660151001017472e+17,5.540832410936912e+22,11046276495.267284,1.0027755393290587e+20,0.0,0.0,9.976262363963394e+16,0.0,5.0347112125760115e+23,1.0011095242289562e+20,1.6782370708586705e+23
1001377297297.2974,2057.0662075223404,271522280.58404666,0,5.923189661854131e+22,1.6782370708586705e+23,5.035712322100245e+23,9.98118122415648e+19,1.6660151001146496e+17,5.540832410936835e+22,10275075666.818516,1.0027755393367708e+20,0.0,0.0,9.976262363963394e+16,0.0,5.0347112125760115e+23,1.0011095242366553e+20,1.6782370708586705e+23
1004536216216.2163,2054.722567798436,271448114.96524715,0,5.923189661854131e+22,1.6782370708586705e+23,5.0357123221002524e+23,9.98118122415636e+19,1.6660151001266512e+17,5.5408324109367635e+22,9557716575.723957,1.0027755393439444e+20,0.0,0.0,9.976262363963394e+16,0.0,5.0347112125760115e+23,1.001109524243817e+20,1.6782370708586705e+23
1007695135135.1351,2052.378928074532,271374056.28157556,0,5.923189661854131e+22,1.6782370708586705e+23,5.035712322100259e+23,9.981181224156248e+19,1.666015100137815e+17,5.540832410936697e+22,8890440236.548971,1.0027755393506171e+20,0.0,0.0,9.976262363963394e+16,0.0,5.0347112125760115e+23,1.0011095242504785e+20,1.6782370708586705e+23
1010854054054.0542,2050.0352883506275,271300104.7926282,0,5.923189661854131e+22,1.6782370708586705e+23,5.035712322100265e+23,9.981181224156145e+19,1.6660151001481994e+17,5.540832410936635e+22,8269750099.140396,1.002775539356824e+20,0.0,0.0,9.976262363963394e+16,0.0,5.0347112125760115e+23,1.0011095242566751e+20,1.6782370708586705e+23
1014012972972.973,2047.6916486267232,271226260.757998,0,5.923189661854131e+22,1.6782370708586705e+23,5.035712322100271e+23,9.981181224156049e+19,1.6660151001578586e+17,5.540832410936577e+22,7692393726.587753,1.0027755393625976e+20,0.0,0.0,9.976262363963394e+16,0.0,5.0347112125760115e+23,1.001109524262439e+20,1.6782370708586705e+23
1017171891891.892,2045.348008902819,271152524.4372819,0,5.923189661854131e+22,1.6782370708586705e+23,5.0357123221002765e+23,9.981181224155958e+19,1.6660151001668435e+17,5.5408324109365236e+22,7155345752.3459425,1.0027755393679681e+20,0.0,0.0,9.976262363963394e+16,0.0,5.0347112125760115e+23,1.0011095242678005e+20,1.6782370708586705e+23
1020330810810.8109,2043.0043691789147,271078896.0900895,0,5.923189661854131e+22,1.6782370708586705e+23,5.035712322100281e+23,9.981181224155875e+19,1.6660151001752013e+17,5.540832410936474e+22,6655792027.214182,1.0027755393729636e+20,0.0,0.0,9.976262363963394e+16,0.0,5.0347112125760115e+23,1.0011095242727876e+20,1.6782370708586705e+23
1023489729729.7297,2040.6607294550104,271005375.9760508,0,5.923189661854131e+22,1.6782370708586705e+23,5.035712322100286e+23,9.981181224155798e+19,1.6660151001829754e+17,5.540832410936428e+22,6191114873.100842,1.0027755393776103e+20,0.0,0.0,9.976262363963394e+16,0.0,5.0347112125760115e+23,1.0011095242774266e+20,1.6782370708586705e+23
1026648648648.6488,2038.317089731106,270931964.35482407,0,5.923189661854131e+22,1.6782370708586705e+23,5.03571232210029e+23,9.981181224155726e+19,1.6660151001902067e+17,5.540832410936385e+22,5758879366.303408,1.0027755393819325e+20,0.0,0.0,9.976262363963394e+16,0.0,5.0347112125760115e+23,1.0011095242817416e+20,1.6782370708586705e+23
1029807567567.5676,2035.9734500072018,270858661.4861043,0,5.923189661854131e+22,1.6782370708586705e+23,5.035712322100294e+23,9.981181224155659e+19,1.666015100196933e+17,5.540832410936345e+22,5356820578.427501,1.0027755393859532e+20,0.0,0.0,9.976262363963394e+16,0.0,5.0347112125760115e+23,1.0011095242857556e+20,1.6782370708586705e+23
1032966486486.4866,2033.6298102832975,270785467.6296316,0,5.923189661854131e+22,1.6782370708586705e+23,5.035712322100298e+23,9.981181224155596e+19,1.66601510020319e+17,5.540832410936307e+22,4982831708.08696,1.002775539389693e+20,0.0,0.0,9.976262363963394e+16,0.0,5.0347112125760115e+23,1.0011095242894891e+20,1.6782370708586705e+23
1036125405405.4055,2031.2861705593932,270712383.0451985,0,5.923189661854131e+22,1.6782370708586705e+23,5.0357123221003014e+23,9.981181224155537e+19,1.6660151002090102e+17,5.540832410936273e+22,4634953041.194687,1.0027755393931718e+20,0.0,0.0,9.976262363963394e+16,0.0,5.0347112125760115e+23,1.001109524292962e+20,1.6782370708586705e+23
1039284324324.3243,2028.942530835489,270639407.9926592,0,5.923189661854131e+22,1.6782370708586705e+23,5.035712322100305e+23,9.981181224155483e+19,1.666015100214424e+17,5.54083241093624e+22,4311361681.995817,1.0027755393964076e+20,0.0,0.0,9.976262363963394e+16,0.0,5.0347112125760115e+23,1.0011095242961925e+20,1.6782370708586705e+23
1042443243243.2433,2026.5988911115846,270566542.73193747,0,5.923189661854131e+22,1.6782370708586705e+23,5.0357123221003074e+23,9.981181224155433e+19,1.66601510021946e+17,5.54083241093621e+22,4010362001.0334954,1.0027755393994177e+20,0.0,0.0,9.976262363963394e+16,0.0,5.0347112125760115e+23,1.0011095242991975e+20,1.6782370708586705e+23
1045602162162.1624,2024.2552513876801,270493787.5230348,0,5.923189661854131e+22,1.6782370708586705e+23,5.03571232210031e+23,9.981181224155385e+19,1.666015100224144e+17,5.540832410936182e+22,3730376749.994271,1.0027755394022176e+20,0.0,0.0,9.976262363963394e+16,0.0,5.0347112125760115e+23,1.0011095243019926e+20,1.6782370708586705e+23
1048761081081.0812,2021.9116116637758,270421142.626039,0,5.923189661854131e+22,1.6782370708586705e+23,5.035712322100313e+23,9.98118122415534e+19,1.666015100228501e+17,5.540832410936156e+22,3469938796.8746104,1.002775539404822e+20,0.0,0.0,9.976262363963394e+16,0.0,5.0347112125760115e+23,1.0011095243045926e+20,1.6782370708586705e+23
1051920000000.0001,2019.5679719398715,270348608.30113274,0,5.923189661854131e+22,1.6782370708586705e+23,5.0357123221003155e+23,9.9811812241553e+19,1.6660151002325542e+17,5.540832410936132e+22,3227683438.160533,1.0027755394072445e+20,0.0,0.0,9.976262363963394e+16,0.0,5.0347112125760115e+23,1.001109524307011e+20,1.6782370708586705e+23
1055078918918.919,2017.2243322159673,270276184.8086016,0,5.923189661854131e+22,1.6782370708586705e+23,5.0357123221003175e+23,9.981181224155262e+19,1.6660151002363242e+17,5.540832410936109e+22,3002341247.735922,1.002775539409498e+20,0.0,0.0,9.976262363963394e+16,0.0,5.0347112125760115e+23,1.0011095243092607e+20,1.6782370708586705e+23
1058237837837.8378,2014.880692492063,270203872.408843,0,5.923189661854131e+22,1.6782370708586705e+23,5.0357123221003195e+23,9.981181224155228e+19,1.666015100239831e+17,5.540832410936088e+22,2792731425.047567,1.002775539411594e+20,0.0,0.0,9.976262363963394e+16,0.0,5.0347112125760115e+23,1.0011095243113533e+20,1.6782370708586705e+23
1061396756756.757,2012.5370527681584,270131671.3623744,0,5.923189661854131e+22,1.6782370708586705e+23,5.0357123221003215e+23,9.981181224155195e+19,1.666015100243093e+17,5.540832410936069e+22,2597755607.6710925,1.0027755394135436e+20,0.0,0.0,9.976262363963394e+16,0.0,5.0347112125760115e+23,1.0011095243132997e+20,1.6782370708586705e+23
1064555675675.6758,2010.1934130442542,270059581.9298423,0,5.923189661854131e+22,1.6782370708586705e+23,5.0357123221003235e+23,9.981181224155164e+19,1.6660151002461274e+17,5.5408324109360505e+22,2416392115.855419,1.0027755394153574e+20,0.0,0.0,9.976262363963394e+16,0.0,5.0347112125760115e+23,1.0011095243151103e+20,1.6782370708586705e+23
1067714594594.5947,2007.8497733203499,269987604.3720303,0,5.923189661854131e+22,1.6782370708586705e+23,5.0357123221003255e+23,9.981181224155136e+19,1.6660151002489498e+17,5.540832410936034e+22,2247690598.8869734,1.0027755394170443e+20,0.0,0.0,9.976262363963394e+16,0.0,5.0347112125760115e+23,1.0011095243167944e+20,1.6782370708586705e+23
1070873513513.5135,2005.5061335964456,269915738.9498682,0,5.923189661854131e+22,1.6782370708586705e+23,5.035712322100327e+23,9.98118122415511e+19,1.666015100251575e+17,5.540832410936018e+22,2090767055.2204227,1.0027755394186135e+20,0.0,0.0,9.976262363963394e+16,0.0,5.0347112125760115e+23,1.001109524318361e+20,1.6782370708586705e+23
1074032432432.4324,2003.1624938725413,269843985.9244405,0,5.923189661854131e+22,1.6782370708586705e+23,5.035712322100328e+23,9.981181224155085e+19,1.6660151002540173e+17,5.5408324109360035e+22,1944799200.2812543,1.0027755394200732e+20,0.0,0.0,9.976262363963394e+16,0.0,5.0347112125760115e+23,1.0011095243198182e+20,1.6782370708586705e+23
1077191351351.3516,2000.8188541486368,269772345.55699533,0,5.923189661854131e+22,1.6782370708586705e+23,5.0357123221003296e+23,9.981181224155062e+19,1.666015100256289e+17,5.54083241093599e+22,1809022157.6673243,1.0027755394214309e+20,0.0,0.0,9.976262363963394e+16,0.0,5.0347112125760115e+23,1.0011095243211737e+20,1.6782370708586705e+23
1080350270270.2704,1998.4752144247325,269700818.1089529,0,5.923189661854131e+22,1.6782370708586705e+23,5.035712322100331e+23,9.981181224155041e+19,1.666015100258402e+17,5.5408324109359775e+22,1682724451.171138,1.002775539422694e+20,0.0,0.0,9.976262363963394e+16,0.0,5.0347112125760115e+23,1.0011095243224346e+20,1.6782370708586705e+23
1083509189189.1892,1996.1315747008282,269629403.8419145,0,5.923189661854131e+22,1.6782370708586705e+23,5.035712322100332e+23,9.981181224155021e+19,1.6660151002603674e+17,5.540832410935966e+22,1565244276.620921,1.0027755394238687e+20,0.0,0.0,9.976262363963394e+16,0.0,5.0347112125760115e+23,1.0011095243236073e+20,1.6782370708586705e+23
1086668108108.1082,1993.787934976924,269558103.0176715,0,5.923189661854131e+22,1.6782370708586705e+23,5.0357123221003336e+23,9.981181224155003e+19,1.6660151002621955e+17,5.540832410935955e+22,1455966034.004803,1.0027755394249615e+20,0.0,0.0,9.976262363963394e+16,0.0,5.0347112125760115e+23,1.0011095243246984e+20,1.6782370708586705e+23
1089827027027.027,1991.4442952530196,269486915.8982141,0,5.923189661854131e+22,1.6782370708586705e+23,5.035712322100335e+23,9.981181224154987e+19,1.666015100263896e+17,5.540832410935945e+22,1354317101.7063353,1.002775539425978e+20,0.0,0.0,9.976262363963394e+16,0.0,5.0347112125760115e+23,1.0011095243257132e+20,1.6782370708586705e+23
1092985945945.9462,1989.100655529115,269415842.7457402,0,5.923189661854131e+22,1.6782370708586705e+23,5.0357123221003356e+23,9.98118122415497e+19,1.6660151002654778e+17,5.5408324109359355e+22,1259764835.948225,1.0027755394269235e+20,0.0,0.0,9.976262363963394e+16,0.0,5.0347112125760115e+23,1.001109524326657e+20,1.6782370708586705e+23
1096144864864.865,1986.7570158052108,269344883.8226643,0,5.923189661854131e+22,1.6782370708586705e+23,5.035712322100336e+23,9.981181224154956e+19,1.666015100266949e+17,5.540832410935927e+22,1171813779.7212715,1.002775539427803e+20,0.0,0.0,9.976262363963394e+16,0.0,5.0347112125760115e+23,1.0011095243275351e+20,1.6782370708586705e+23
1099303783783.7838,1984.4133760813065,269274039.39162695,0,5.923189661854131e+22,1.6782370708586705e+23,5.035712322100337e+23,9.981181224154943e+19,1.6660151002683178e+17,5.540832410935919e+22,1090003066.5732026,1.002775539428621e+20,0.0,0.0,9.976262363963394e+16,0.0,5.0347112125760115e+23,1.0011095243283518e+20,1.6782370708586705e+23
1102462702702.7026,1982.0697363574022,269203309.7155031,0,5.923189661854131e+22,1.6782370708586705e+23,5.0357123221003376e+23,9.98118122415493e+19,1.666015100269591e+17,5.540832410935911e+22,1013904005.6531762,1.002775539429382e+20,0.0,0.0,9.976262363963394e+16,0.0,5.0347112125760115e+23,1.0011095243291116e+20,1.6782370708586705e+23
1105621621621.6216,1979.726096633498,269132695.05741197,0,5.923189661854131e+22,1.6782370708586705e+23,5.035712322100338e+23,9.981181224154918e+19,1.6660151002707754e+17,5.5408324109359045e+22,943117835.3575002,1.0027755394300899e+20,0.0,0.0,9.976262363963394e+16,0.0,5.0347112125760115e+23,1.0011095243298182e+20,1.6782370708586705e+23
1108780540540.5408,1977.3824569095934,269062195.68072534,0,5.923189661854131e+22,1.6782370708586705e+23,5.035712322100339e+23,9.981181224154907e+19,1.6660151002718768e+17,5.540832410935898e+22,877273633.8056014,1.0027755394307483e+20,0.0,0.0,9.976262363963394e+16,0.0,5.0347112125760115e+23,1.0011095243304755e+20,1.6782370708586705e+23
1111939459459.4595,1975.0388171856891,268991811.84907746,0,5.923189661854131e+22,1.6782370708586705e+23,5.0357123221003396e+23,9.981181224154897e+19,1.6660151002729014e+17,5.540832410935892e+22,816026375.1970663,1.0027755394313608e+20,0.0,0.0,9.976262363963394e+16,0.0,5.0347112125760115e+23,1.001109524331087e+20,1.6782370708586705e+23
1115098378378.3784,1972.6951774617849,268921543.8263737,0,5.923189661854131e+22,1.6782370708586705e+23,5.03571232210034e+23,9.981181224154887e+19,1.6660151002738547e+17,5.540832410935886e+22,759055121.8650013,1.0027755394319304e+20,0.0,0.0,9.976262363963394e+16,0.0,5.0347112125760115e+23,1.0011095243316557e+20,1.6782370708586705e+23
1118257297297.2974,1970.3515377378806,268851391.8768001,0,5.923189661854131e+22,1.6782370708586705e+23,5.035712322100341e+23,9.981181224154879e+19,1.6660151002747414e+17,5.540832410935881e+22,706061342.5520114,1.0027755394324603e+20,0.0,0.0,9.976262363963394e+16,0.0,5.0347112125760115e+23,1.0011095243321847e+20,1.6782370708586705e+23
1121416216216.2163,1968.0078980139763,268781356.26483244,0,5.923189661854131e+22,1.6782370708586705e+23,5.0357123221003416e+23,9.98118122415487e+19,1.666015100275566e+17,5.540832410935876e+22,656767348.0965083,1.0027755394329533e+20,0.0,0.0,9.976262363963394e+16,0.0,5.0347112125760115e+23,1.0011095243326769e+20,1.6782370708586705e+23
1124575135135.1353,1965.6642582900718,268711437.2552457,0,5.923189661854131e+22,1.6782370708586705e+23,5.035712322100342e+23,9.981181224154862e+19,1.666015100276333e+17,5.540832410935872e+22,610914836.3322916,1.0027755394334119e+20,0.0,0.0,9.976262363963394e+16,0.0,5.0347112125760115e+23,1.0011095243331346e+20,1.6782370708586705e+23
1127734054054.0542,1963.3206185661675,268641635.11312324,0,5.923189661854131e+22,1.6782370708586705e+23,5.035712322100343e+23,9.981181224154856e+19,1.6660151002770467e+17,5.5408324109358676e+22,568263538.5766293,1.0027755394338383e+20,0.0,0.0,9.976262363963394e+16,0.0,5.0347112125760115e+23,1.0011095243335605e+20,1.6782370708586705e+23
1130892972972.9731,1960.9769788422632,268571950.10386616,0,5.923189661854131e+22,1.6782370708586705e+23,5.0357123221003436e+23,9.98118122415485e+19,1.6660151002777104e+17,5.540832410935863e+22,528589960.6143896,1.002775539434235e+20,0.0,0.0,9.976262363963394e+16,0.0,5.0347112125760115e+23,1.0011095243339565e+20,1.6782370708586705e+23
1134051891891.8918,1958.633339118359,268502382.4932028,0,5.923189661854131e+22,1.6782370708586705e+23,5.035712322100344e+23,9.981181224154843e+19,1.6660151002783277e+17,5.54083241093586e+22,491686211.5809396,1.0027755394346041e+20,0.0,0.0,9.976262363963394e+16,0.0,5.0347112125760115e+23,1.001109524334325e+20,1.6782370708586705e+23
1137210810810.8108,1956.2896993944546,268432932.54719833,0,5.923189661854131e+22,1.6782370708586705e+23,5.035712322100345e+23,9.981181224154836e+19,1.666015100278902e+17,5.540832410935857e+22,457358914.607118,1.0027755394349475e+20,0.0,0.0,9.976262363963394e+16,0.0,5.0347112125760115e+23,1.0011095243346677e+20,1.6782370708586705e+23
1140369729729.73,1953.94605967055,268363600.53226385,0,5.923189661854131e+22,1.6782370708586705e+23,5.035712322100345e+23,9.981181224154831e+19,1.666015100279436e+17,5.540832410935853e+22,425428193.51802605,1.0027755394352669e+20,0.0,0.0,9.976262363963394e+16,0.0,5.0347112125760115e+23,1.0011095243349865e+20,1.6782370708586705e+23
1143528648648.6487,1951.6024199466458,268294386.7151661,0,5.923189661854131e+22,1.6782370708586705e+23,5.035712322100345e+23,9.981181224154826e+19,1.666015100279933e+17,5.54083241093585e+22,395726730.2759037,1.0027755394355639e+20,0.0,0.0,9.976262363963394e+16,0.0,5.0347112125760115e+23,1.001109524335283e+20,1.6782370708586705e+23
1146687567567.5676,1949.2587802227415,268225291.36303705,0,5.923189661854131e+22,1.6782370708586705e+23,5.035712322100345e+23,9.981181224154821e+19,1.6660151002803952e+17,5.5408324109358474e+22,368098888.22806114,1.0027755394358401e+20,0.0,0.0,9.976262363963394e+16,0.0,5.0347112125760115e+23,1.0011095243355588e+20,1.6782370708586705e+23
1149846486486.4866,1946.9151404988372,268156314.74338326,0,5.923189661854131e+22,1.6782370708586705e+23,5.035712322100345e+23,9.981181224154817e+19,1.6660151002808253e+17,5.540832410935845e+22,342399896.56565595,1.0027755394360972e+20,0.0,0.0,9.976262363963394e+16,0.0,5.0347112125760115e+23,1.0011095243358154e+20,1.6782370708586705e+23
1153005405405.4053,1944.571500774933,268087457.1240957,0,5.923189661854131e+22,1.6782370708586705e+23,5.035712322100345e+23,9.981181224154813e+19,1.6660151002812253e+17,5.540832410935842e+22,318495091.719852,1.0027755394363363e+20,0.0,0.0,9.976262363963394e+16,0.0,5.0347112125760115e+23,1.0011095243360541e+20,1.6782370708586705e+23
1156164324324.3245,1942.2278610510284,268018718.77345937,0,5.923189661854131e+22,1.6782370708586705e+23,5.035712322100345e+23,9.98118122415481e+19,1.6660151002815974e+17,5.54083241093584e+22,296259211.7202516,1.0027755394365586e+20,0.0,0.0,9.976262363963394e+16,0.0,5.0347112125760115e+23,1.0011095243362761e+20,1.6782370708586705e+23
1159323243243.2434,1939.8842213271241,267950099.9601627,0,5.923189661854131e+22,1.6782370708586705e+23,5.035712322100345e+23,9.981181224154807e+19,1.6660151002819434e+17,5.540832410935838e+22,275575739.81801546,1.0027755394367653e+20,0.0,0.0,9.976262363963394e+16,0.0,5.0347112125760115e+23,1.0011095243364825e+20,1.6782370708586705e+23
1162482162162.1624,1937.5405816032198,267881600.95330757,0,5.923189661854131e+22,1.6782370708586705e+23,5.035712322100345e+23,9.981181224154803e+19,1.6660151002822653e+17,5.5408324109358365e+22,256336293.93423286,1.0027755394369577e+20,0.0,0.0,9.976262363963394e+16,0.0,5.0347112125760115e+23,1.0011095243366746e+20,1.6782370708586705e+23
1165641081081.081,1935.1969418793155,267813222.02241877,0,5.923189661854131e+22,1.6782370708586705e+23,5.035712322100345e+23,9.9811812241548e+19,1.6660151002825648e+17,5.540832410935835e+22,238440058.7342334,1.0027755394371366e+20,0.0,0.0,9.976262363963394e+16,0.0,5.0347112125760115e+23,1.0011095243368532e+20,1.6782370708586705e+23
1168800000000.0,1932.8533021554113,267744963.43745396,0,5.923189661854131e+22,1.6782370708586705e+23,5.035712322100345e+23,9.981181224154797e+19,1.6660151002828432e+17,5.540832410935833e+22,221793257.35188863,1.002775539437303e+20,0.0,0.0,9.976262363963394e+16,0.0,5.0347112125760115e+23,1.0011095243370193e+20,1.6782370708586705e+23
1171958918918.9192,1930.5096624315067,267676825.46881324,0,5.923189661854131e+22,1.6782370708586705e+23,5.035712322100345e+23,9.981181224154794e+19,1.6660151002831024e+17,5.5408324109358315e+22,206308659.99572265,1.002775539437458e+20,0.0,0.0,9.976262363963394e+16,0.0,5.0347112125760115e+23,1.001109524337174e+20,1.6782370708586705e+23
1175117837837.838,1928.1660227076025,267608808.3873493,0,5.923189661854131e+22,1.6782370708586705e+23,5.035712322100345e+23,9.981181224154792e+19,1.6660151002833434e+17,5.54083241093583e+22,191905126.86191115,1.002775539437602e+20,0.0,0.0,9.976262363963394e+16,0.0,5.0347112125760115e+23,1.0011095243373178e+20,1.6782370708586705e+23
1178276756756.7568,1925.8223829836982,267540912.46437678,0,5.923189661854131e+22,1.6782370708586705e+23,5.035712322100345e+23,9.98118122415479e+19,1.6660151002835674e+17,5.540832410935828e+22,178507182.95901757,1.002775539437736e+20,0.0,0.0,9.976262363963394e+16,0.0,5.0347112125760115e+23,1.0011095243374515e+20,1.6782370708586705e+23
1181435675675.6758,1923.4787432597939,267473137.97168246,0,5.923189661854131e+22,1.6782370708586705e+23,5.035712322100345e+23,9.981181224154789e+19,1.666015100283776e+17,5.540832410935827e+22,166044622.6165343,1.0027755394378605e+20,0.0,0.0,9.976262363963394e+16,0.0,5.0347112125760115e+23,1.0011095243375759e+20,1.6782370708586705e+23
1184594594594.5945,1921.1351035358896,267405485.1815352,0,5.923189661854131e+22,1.6782370708586705e+23,5.035712322100345e+23,9.981181224154787e+19,1.66601510028397e+17,5.5408324109358265e+22,154452141.60484016,1.0027755394379763e+20,0.0,0.0,9.976262363963394e+16,0.0,5.0347112125760115e+23,1.0011095243376915e+20,1.6782370708586705e+23
1187753513513.5137,1918.791463811985,267337954.3666956,0,5.923189661854131e+22,1.6782370708586705e+23,5.035712322100345e+23,9.981181224154785e+19,1.6660151002841504e+17,5.540832410935826e+22,143668994.9388709,1.0027755394380841e+20,0.0,0.0,9.976262363963394e+16,0.0,5.0347112125760115e+23,1.0011095243377992e+20,1.6782370708586705e+23
1190912432432.4326,1916.4478240880808,267270545.8004261,0,5.923189661854131e+22,1.6782370708586705e+23,5.035712322100345e+23,9.981181224154784e+19,1.666015100284318e+17,5.540832410935825e+22,133638678.57238233,1.0027755394381844e+20,0.0,0.0,9.976262363963394e+16,0.0,5.0347112125760115e+23,1.0011095243378993e+20,1.6782370708586705e+23
1194071351351.3513,1914.1041843641765,267203259.75650105,0,5.923189661854131e+22,1.6782370708586705e+23,5.035712322100345e+23,9.981181224154782e+19,1.6660151002844742e+17,5.540832410935824e+22,124308633.3148735,1.0027755394382778e+20,0.0,0.0,9.976262363963394e+16,0.0,5.0347112125760115e+23,1.0011095243379925e+20,1.6782370708586705e+23
1197230270270.2703,1911.7605446402722,267136096.50921625,0,5.923189661854131e+22,1.6782370708586705e+23,5.035712322100345e+23,9.98118122415478e+19,1.6660151002846195e+17,5.540832410935823e+22,115629969.41968498,1.0027755394383646e+20,0.0,0.0,9.976262363963394e+16,0.0,5.0347112125760115e+23,1.0011095243380792e+20,1.6782370708586705e+23
1200389189189.1892,1909.416904916368,267069056.33339974,0,5.923189661854131e+22,1.6782370708586705e+23,5.035712322100345e+23,9.981181224154779e+19,1.6660151002847546e+17,5.540832410935822e+22,107557210.40010445,1.0027755394384454e+20,0.0,0.0,9.976262363963394e+16,0.0,5.0347112125760115e+23,1.0011095243381598e+20,1.6782370708586705e+23
1203548108108.1082,1907.0732651924634,267002139.50442103,0,5.923189661854131e+22,1.6782370708586705e+23,5.035712322100345e+23,9.981181224154777e+19,1.6660151002848803e+17,5.5408324109358214e+22,100048054.73106779,1.0027755394385206e+20,0.0,0.0,9.976262363963394e+16,0.0,5.0347112125760115e+23,1.0011095243382348e+20,1.6782370708586705e+23
1206707027027.027,1904.729625468559,266935346.29820168,0,5.923189661854131e+22,1.6782370708586705e+23,5.035712322100345e+23,9.981181224154776e+19,1.666015100284997e+17,5.540832410935821e+22,93063154.18776439,1.0027755394385905e+20,0.0,0.0,9.976262363963394e+16,0.0,5.0347112125760115e+23,1.0011095243383046e+20,1.6782370708586705e+23
1209865945945.946,1902.3859857446548,266868676.9912252,0,5.923189661854131e+22,1.6782370708586705e+23,5.035712322100345e+23,9.981181224154774e+19,1.666015100285106e+17,5.54083241093582e+22,86565907.65963386,1.0027755394386556e+20,0.0,0.0,9.976262363963394e+16,0.0,5.0347112125760115e+23,1.0011095243383695e+20,1.6782370708586705e+23
1213024864864.865,1900.0423460207505,266802131.86054716,0,5.923189661854131e+22,1.6782370708586705e+23,5.035712322100345e+23,9.981181224154772e+19,1.666015100285207e+17,5.540832410935819e+22,80522269.3593325,1.002775539438716e+20,0.0,0.0,9.976262363963394e+16,0.0,5.0347112125760115e+23,1.0011095243384298e+20,1.6782370708586705e+23
1216183783783.7837,1897.6987062968462,266735711.18380544,0,5.923189661854131e+22,1.6782370708586705e+23,5.035712322100345e+23,9.98118122415477e+19,1.666015100285301e+17,5.540832410935818e+22,74900570.4216782,1.0027755394387724e+20,0.0,0.0,9.976262363963394e+16,0.0,5.0347112125760115e+23,1.001109524338486e+20,1.6782370708586705e+23
1219342702702.703,1895.3550665729417,266669415.23922998,0,5.923189661854131e+22,1.6782370708586705e+23,5.035712322100345e+23,9.981181224154769e+19,1.6660151002853885e+17,5.540832410935817e+22,69671352.9577463,1.0027755394388248e+20,0.0,0.0,9.976262363963394e+16,0.0,5.0347112125760115e+23,1.0011095243385383e+20,1.6782370708586705e+23
1222501621621.6218,1893.0114268490374,266603244.3056535,0,5.923189661854131e+22,1.6782370708586705e+23,5.035712322100345e+23,9.981181224154769e+19,1.6660151002854698e+17,5.540832410935816e+22,64807215.69455445,1.0027755394388733e+20,0.0,0.0,9.976262363963394e+16,0.0,5.0347112125760115e+23,1.0011095243385867e+20,1.6782370708586705e+23
1225660540540.5405,1890.6677871251331,266537198.66252124,0,5.923189661854131e+22,1.6782370708586705e+23,5.035712322100345e+23,9.981181224154769e+19,1.6660151002855456e+17,5.5408324109358156e+22,60282670.39148314,1.0027755394389185e+20,0.0,0.0,9.976262363963394e+16,0.0,5.0347112125760115e+23,1.001109524338632e+20,1.6782370708586705e+23
1228819459459.4595,1888.3241474012289,266471278.58990148,0,5.923189661854131e+22,1.6782370708586705e+23,5.035712322100345e+23,9.981181224154769e+19,1.666015100285616e+17,5.540832410935815e+22,56074008.28104936,1.0027755394389605e+20,0.0,0.0,9.976262363963394e+16,0.0,5.0347112125760115e+23,1.0011095243386739e+20,1.6782370708586705e+23
1231978378378.3784,1885.9805076773246,266405484.36849537,0,5.923189661854131e+22,1.6782370708586705e+23,5.035712322100345e+23,9.981181224154769e+19,1.6660151002856816e+17,5.540832410935815e+22,52159175.834178455,1.0027755394389996e+20,0.0,0.0,9.976262363963394e+16,0.0,5.0347112125760115e+23,1.001109524338713e+20,1.6782370708586705e+23
1235137297297.2974,1883.63686795342,266339816.27964753,0,5.923189661854131e+22,1.6782370708586705e+23,5.035712322100345e+23,9.981181224154769e+19,1.6660151002857424e+17,5.540832410935815e+22,48517659.19898018,1.002775539439036e+20,0.0,0.0,9.976262363963394e+16,0.0,5.0347112125760115e+23,1.0011095243387494e+20,1.6782370708586705e+23
1238296216216.2163,1881.2932282295158,266274274.60535595,0,5.923189661854131e+22,1.6782370708586705e+23,5.035712322100345e+23,9.981181224154769e+19,1.666015100285799e+17,5.540832410935815e+22,45130376.70748432,1.0027755394390698e+20,0.0,0.0,9.976262363963394e+16,0.0,5.0347112125760115e+23,1.0011095243387832e+20,1.6782370708586705e+23
1241455135135.1353,1878.9495885056115,266208859.62828267,0,5.923189661854131e+22,1.6782370708586705e+23,5.035712322100345e+23,9.981181224154769e+19,1.6660151002858518e+17,5.540832410935815e+22,41979578.88706747,1.0027755394391012e+20,0.0,0.0,9.976262363963394e+16,0.0,5.0347112125760115e+23,1.0011095243388146e+20,1.6782370708586705e+23
1244614054054.0542,1876.6059487817072,266143571.6317636,0,5.923189661854131e+22,1.6782370708586705e+23,5.035712322100345e+23,9.981181224154769e+19,1.6660151002859008e+17,5.540832410935815e+22,39048755.4526277,1.0027755394391305e+20,0.0,0.0,9.976262363963394e+16,0.0,5.0347112125760115e+23,1.001109524338844e+20,1.6782370708586705e+23
1247772972972.973,1874.262309057803,266078410.89981896,0,5.923189661854131e+22,1.6782370708586705e+23,5.035712322100345e+23,9.981181224154769e+19,1.6660151002859466e+17,5.540832410935815e+22,36322548.79214295,1.0027755394391577e+20,0.0,0.0,9.976262363963394e+16,0.0,5.0347112125760115e+23,1.0011095243388712e+20,1.6782370708586705e+23
1250931891891.892,1871.9186693338984,266013377.71716377,0,5.923189661854131e+22,1.6782370708586705e+23,5.035712322100345e+23,9.981181224154769e+19,1.666015100285989e+17,5.540832410935815e+22,33786673.492274486,1.0027755394391831e+20,0.0,0.0,9.976262363963394e+16,0.0,5.0347112125760115e+23,1.0011095243388966e+20,1.6782370708586705e+23
1254090810810.811,1869.575029609994,265948472.36921772,0,5.923189661854131e+22,1.6782370708586705e+23,5.035712322100345e+23,9.981181224154769e+19,1.6660151002860285e+17,5.540832410935815e+22,31427841.48232718,1.0027755394392067e+20,0.0,0.0,9.976262363963394e+16,0.0,5.0347112125760115e+23,1.0011095243389202e+20,1.6782370708586705e+23
1257249729729.7297,1867.2313898860898,265883695.14211595,0,5.923189661854131e+22,1.6782370708586705e+23,5.035712322100345e+23,9.981181224154769e+19,1.6660151002860653e+17,5.540832410935815e+22,29233692.404318243,1.0027755394392287e+20,0.0,0.0,9.976262363963394e+16,0.0,5.0347112125760115e+23,1.0011095243389421e+20,1.6782370708586705e+23
1260408648648.6487,1864.8877501621855,265819046.32271895,0,5.923189661854131e+22,1.6782370708586705e+23,5.035712322100345e+23,9.981181224154769e+19,1.6660151002860995e+17,5.540832410935815e+22,27192728.844291337,1.002775539439249e+20,0.0,0.0,9.976262363963394e+16,0.0,5.0347112125760115e+23,1.0011095243389624e+20,1.6782370708586705e+23
1263567567567.5676,1862.5441104382812,265754526.19862318,0,5.923189661854131e+22,1.6782370708586705e+23,5.035712322100345e+23,9.981181224154769e+19,1.6660151002861312e+17,5.540832410935815e+22,25294256.08548605,1.002775539439268e+20,0.0,0.0,9.976262363963394e+16,0.0,5.0347112125760115e+23,1.0011095243389814e+20,1.6782370708586705e+23
1266726486486.4866,1860.2004707143767,265690135.058171,0,5.923189661854131e+22,1.6782370708586705e+23,5.035712322100345e+23,9.981181224154769e+19,1.6660151002861606e+17,5.540832410935815e+22,23528326.067667294,1.0027755394392857e+20,0.0,0.0,9.976262363963394e+16,0.0,5.0347112125760115e+23,1.0011095243389991e+20,1.6782370708586705e+23
1269885405405.4055,1857.8568309904724,265625873.19046155,0,5.923189661854131e+22,1.6782370708586705e+23,5.035712322100345e+23,9.981181224154769e+19,1.666015100286188e+17,5.540832410935815e+22,21885685.258959644,1.0027755394393021e+20,0.0,0.0,9.976262363963394e+16,0.0,5.0347112125760115e+23,1.0011095243390155e+20,1.6782370708586705e+23
1273044324324.3245,1855.5131912665681,265561740.8853605,0,5.923189661854131e+22,1.6782370708586705e+23,5.035712322100345e+23,9.981181224154769e+19,1.6660151002862138e+17,5.540832410935815e+22,20357726.167033352,1.0027755394393173e+20,0.0,0.0,9.976262363963394e+16,0.0,5.0347112125760115e+23,1.0011095243390308e+20,1.6782370708586705e+23
1276203243243.2432,1853.1695515426638,265497738.4335108,0,5.923189661854131e+22,1.6782370708586705e+23,5.035712322100345e+23,9.981181224154769e+19,1.6660151002862374e+17,5.540832410935815e+22,18936442.235559005,1.0027755394393316e+20,0.0,0.0,9.976262363963394e+16,0.0,5.0347112125760115e+23,1.001109524339045e+20,1.6782370708586705e+23
1279362162162.162,1850.8259118187596,265433866.1263427,0,5.923189661854131e+22,1.6782370708586705e+23,5.035712322100345e+23,9.981181224154769e+19,1.6660151002862595e+17,5.540832410935815e+22,17614385.88958673,1.0027755394393448e+20,0.0,0.0,9.976262363963394e+16,0.0,5.0347112125760115e+23,1.0011095243390583e+20,1.6782370708586705e+23
1282521081081.0813,1848.482272094855,265370124.2560843,0,5.923189661854131e+22,1.6782370708586705e+23,5.035712322100345e+23,9.981181224154769e+19,1.66601510028628e+17,5.540832410935815e+22,16384629.510006428,1.0027755394393571e+20,0.0,0.0,9.976262363963394e+16,0.0,5.0347112125760115e+23,1.0011095243390706e+20,1.6782370708586705e+23
1285680000000.0,1846.1386323709507,265306513.11577165,0,5.923189661854131e+22,1.6782370708586705e+23,5.035712322100345e+23,9.981181224154769e+19,1.6660151002862992e+17,5.540832410935815e+22,15240729.13259379,1.0027755394393686e+20,0.0,0.0,9.976262363963394e+16,0.0,5.0347112125760115e+23,1.001109524339082e+20,1.6782370708586705e+23
1288838918918.919,1843.7949926470465,265243032.99925923,0,5.923189661854131e+22,1.6782370708586705e+23,5.035712322100345e+23,9.981181224154769e+19,1.666015100286317e+17,5.540832410935815e+22,14176690.681424016,1.0027755394393793e+20,0.0,0.0,9.976262363963394e+16,0.0,5.0347112125760115e+23,1.0011095243390927e+20,1.6782370708586705e+23
1291997837837.838,1841.4513529231422,265179684.20123008,0,5.923189661854131e+22,1.6782370708586705e+23,5.035712322100345e+23,9.981181224154769e+19,1.6660151002863338e+17,5.540832410935815e+22,13186938.559715115,1.002775539439389e+20,0.0,0.0,9.976262363963394e+16,0.0,5.0347112125760115e+23,1.0011095243391025e+20,1.6782370708586705e+23
1295156756756.7568,1839.1077131992379,265116467.01720637,0,5.923189661854131e+22,1.6782370708586705e+23,5.035712322100345e+23,9.981181224154769e+19,1.666015100286349e+17,5.540832410935815e+22,12266286.433515804,1.0027755394393983e+20,0.0,0.0,9.976262363963394e+16,0.0,5.0347112125760115e+23,1.0011095243391117e+20,1.6782370708586705e+23
1298315675675.6758,1836.7640734753334,265053381.74355936,0,5.923189661854131e+22,1.6782370708586705e+23,5.035712322100345e+23,9.981181224154769e+19,1.6660151002863635e+17,5.540832410935815e+22,11409910.055143563,1.0027755394394068e+20,0.0,0.0,9.976262363963394e+16,0.0,5.0347112125760115e+23,1.0011095243391202e+20,1.6782370708586705e+23
1301474594594.5947,1834.420433751429,264990428.67751992,0,5.923189661854131e+22,1.6782370708586705e+23,5.035712322100345e+23,9.981181224154769e+19,1.666015100286377e+17,5.540832410935815e+22,10613321.983966732,1.0027755394394148e+20,0.0,0.0,9.976262363963394e+16,0.0,5.0347112125760115e+23,1.0011095243391282e+20,1.6782370708586705e+23
1304633513513.5137,1832.0767940275248,264927608.1171886,0,5.923189661854131e+22,1.6782370708586705e+23,5.035712322100345e+23,9.981181224154769e+19,1.6660151002863894e+17,5.540832410935815e+22,9872348.072066749,1.0027755394394222e+20,0.0,0.0,9.976262363963394e+16,0.0,5.0347112125760115e+23,1.0011095243391356e+20,1.6782370708586705e+23
1307792432432.4324,1829.7331543036205,264864920.361546,0,5.923189661854131e+22,1.6782370708586705e+23,5.035712322100345e+23,9.981181224154769e+19,1.666015100286401e+17,5.540832410935815e+22,9183105.591564566,1.002775539439429e+20,0.0,0.0,9.976262363963394e+16,0.0,5.0347112125760115e+23,1.0011095243391425e+20,1.6782370708586705e+23
1310951351351.3513,1827.3895145797162,264802365.710463,0,5.923189661854131e+22,1.6782370708586705e+23,5.035712322100345e+23,9.981181224154769e+19,1.6660151002864118e+17,5.540832410935815e+22,8541982.88899778,1.0027755394394354e+20,0.0,0.0,9.976262363963394e+16,0.0,5.0347112125760115e+23,1.0011095243391489e+20,1.6782370708586705e+23
1314110270270.2705,1825.0458748558117,264739944.46471077,0,5.923189661854131e+22,1.6782370708586705e+23,5.035712322100345e+23,9.981181224154769e+19,1.6660151002864218e+17,5.540832410935815e+22,7945620.460136671,1.0027755394394413e+20,0.0,0.0,9.976262363963394e+16,0.0,5.0347112125760115e+23,1.0011095243391548e+20,1.6782370708586705e+23
1317269189189.1892,1822.7022351319074,264677656.9259712,0,5.923189661854131e+22,1.6782370708586705e+23,5.035712322100345e+23,9.981181224154769e+19,1.666015100286431e+17,5.540832410935815e+22,7390893.346070583,1.0027755394394469e+20,0.0,0.0,9.976262363963394e+16,0.0,5.0347112125760115e+23,1.0011095243391604e+20,1.6782370708586705e+23
1320428108108.1082,1820.358595408003,264615503.39684713,0,5.923189661854131e+22,1.6782370708586705e+23,5.035712322100345e+23,9.981181224154769e+19,1.6660151002864397e+17,5.540832410935815e+22,6874894.758319582,1.002775539439452e+20,0.0,0.0,9.976262363963394e+16,0.0,5.0347112125760115e+23,1.0011095243391654e+20,1.6782370708586705e+23
1323587027027.027,1818.0149556840988,264553484.18087196,0,5.923189661854131e+22,1.6782370708586705e+23,5.035712322100345e+23,9.981181224154769e+19,1.6660151002864477e+17,5.540832410935815e+22,6394920.847166381,1.0027755394394567e+20,0.0,0.0,9.976262363963394e+16,0.0,5.0347112125760115e+23,1.0011095243391702e+20,1.6782370708586705e+23
1326745945945.946,1815.6713159601945,264491599.58252054,0,5.923189661854131e+22,1.6782370708586705e+23,5.035712322100345e+23,9.981181224154769e+19,1.666015100286455e+17,5.540832410935815e+22,5948456.533394131,1.0027755394394612e+20,0.0,0.0,9.976262363963394e+16,0.0,5.0347112125760115e+23,1.0011095243391746e+20,1.6782370708586705e+23
1329904864864.865,1813.32767623629,264429849.90721855,0,5.923189661854131e+22,1.6782370708586705e+23,5.035712322100345e+23,9.981181224154769e+19,1.666015100286462e+17,5.540832410935815e+22,5533162.32918789,1.0027755394394653e+20,0.0,0.0,9.976262363963394e+16,0.0,5.0347112125760115e+23,1.0011095243391787e+20,1.6782370708586705e+23
1333063783783.784,1810.9840365123857,264368235.461353,0,5.923189661854131e+22,1.6782370708586705e+23,5.035712322100345e+23,9.981181224154769e+19,1.6660151002864685e+17,5.540832410935815e+22,5146862.079140861,1.0027755394394692e+20,0.0,0.0,9.976262363963394e+16,0.0,5.0347112125760115e+23,1.0011095243391826e+20,1.6782370708586705e+23
1336222702702.703,1808.6403967884814,264306756.55228204,0,5.923189661854131e+22,1.6782370708586705e+23,5.035712322100345e+23,9.981181224154769e+19,1.6660151002864746e+17,5.540832410935815e+22,4787531.5571278725,1.0027755394394728e+20,0.0,0.0,9.976262363963394e+16,0.0,5.0347112125760115e+23,1.0011095243391862e+20,1.6782370708586705e+23
1339381621621.6216,1806.2967570645772,264245413.4883451,0,5.923189661854131e+22,1.6782370708586705e+23,5.035712322100345e+23,9.981181224154769e+19,1.66601510028648e+17,5.540832410935815e+22,4453287.859293331,1.002775539439476e+20,0.0,0.0,9.976262363963394e+16,0.0,5.0347112125760115e+23,1.0011095243391895e+20,1.6782370708586705e+23
1342540540540.5405,1803.9531173406729,264184206.57887265,0,5.923189661854131e+22,1.6782370708586705e+23,5.035712322100345e+23,9.981181224154769e+19,1.666015100286485e+17,5.540832410935815e+22,4142379.537572558,1.0027755394394792e+20,0.0,0.0,9.976262363963394e+16,0.0,5.0347112125760115e+23,1.0011095243391926e+20,1.6782370708586705e+23
1345699459459.4597,1801.6094776167683,264123136.13419634,0,5.923189661854131e+22,1.6782370708586705e+23,5.035712322100345e+23,9.981181224154769e+19,1.66601510028649e+17,5.540832410935815e+22,3853177.4220458227,1.0027755394394821e+20,0.0,0.0,9.976262363963394e+16,0.0,5.0347112125760115e+23,1.0011095243391956e+20,1.6782370708586705e+23
1348858378378.3784,1799.265837892864,264062202.46565858,0,5.923189661854131e+22,1.6782370708586705e+23,5.035712322100345e+23,9.981181224154769e+19,1.6660151002864944e+17,5.540832410935815e+22,3584166.084033924,1.0027755394394848e+20,0.0,0.0,9.976262363963394e+16,0.0,5.0347112125760115e+23,1.0011095243391982e+20,1.6782370708586705e+23
1352017297297.2974,1796.9221981689598,264001405.88562262,0,5.923189661854131e+22,1.6782370708586705e+23,5.035712322100345e+23,9.981181224154769e+19,1.6660151002864986e+17,5.540832410935815e+22,3333935.8952016365,1.0027755394394872e+20,0.0,0.0,9.976262363963394e+16,0.0,5.0347112125760115e+23,1.0011095243392007e+20,1.6782370708586705e+23
1355176216216.2163,1794.5785584450555,263940746.70748225,0,5.923189661854131e+22,1.6782370708586705e+23,5.035712322100345e+23,9.981181224154769e+19,1.6660151002865024e+17,5.540832410935815e+22,3101175.641058472,1.0027755394394895e+20,0.0,0.0,9.976262363963394e+16,0.0,5.0347112125760115e+23,1.001109524339203e+20,1.6782370708586705e+23
1358335135135.1353,1792.234918721151,263880225.24567154,0,5.923189661854131e+22,1.6782370708586705e+23,5.035712322100345e+23,9.981181224154769e+19,1.666015100286506e+17,5.540832410935815e+22,2884665.650151252,1.0027755394394916e+20,0.0,0.0,9.976262363963394e+16,0.0,5.0347112125760115e+23,1.001109524339205e+20,1.6782370708586705e+23
1361494054054.0542,1789.8912789972467,263819841.81567442,0,5.923189661854131e+22,1.6782370708586705e+23,5.035712322100345e+23,9.981181224154769e+19,1.6660151002865094e+17,5.540832410935815e+22,2683271.4029452316,1.0027755394394936e+20,0.0,0.0,9.976262363963394e+16,0.0,5.0347112125760115e+23,1.001109524339207e+20,1.6782370708586705e+23
1364652972972.9731,1787.5476392733424,263759596.73403445,0,5.923189661854131e+22,1.6782370708586705e+23,5.035712322100345e+23,9.981181224154769e+19,1.6660151002865126e+17,5.540832410935815e+22,2495937.586904103,1.0027755394394954e+20,0.0,0.0,9.976262363963394e+16,0.0,5.0347112125760115e+23,1.0011095243392088e+20,1.6782370708586705e+23
1367811891891.8918,1785.203999549438,263699490.31836408,0,5.923189661854131e+22,1.6782370708586705e+23,5.035712322100345e+23,9.981181224154769e+19,1.6660151002865155e+17,5.540832410935815e+22,2321682.5666172956,1.0027755394394972e+20,0.0,0.0,9.976262363963394e+16,0.0,5.0347112125760115e+23,1.0011095243392106e+20,1.6782370708586705e+23
1370970810810.8108,1782.8603598255338,263639522.88735476,0,5.923189661854131e+22,1.6782370708586705e+23,5.035712322100345e+23,9.981181224154769e+19,1.666015100286518e+17,5.540832410935815e+22,2159593.2399978605,1.0027755394394989e+20,0.0,0.0,9.976262363963394e+16,0.0,5.0347112125760115e+23,1.0011095243392123e+20,1.6782370708586705e+23
1374129729729.73,1780.5167201016293,263579694.76078567,0,5.923189661854131e+22,1.6782370708586705e+23,5.035712322100345e+23,9.981181224154769e+19,1.6660151002865206e+17,5.540832410935815e+22,2008820.2535972444,1.0027755394395003e+20,0.0,0.0,9.976262363963394e+16,0.0,5.0347112125760115e+23,1.0011095243392138e+20,1.6782370708586705e+23
1377288648648.649,1778.173080377725,263520006.25953358,0,5.923189661854131e+22,1.6782370708586705e+23,5.035712322100345e+23,9.981181224154769e+19,1.666015100286523e+17,5.540832410935815e+22,1868573.5519650427,1.0027755394395018e+20,0.0,0.0,9.976262363963394e+16,0.0,5.0347112125760115e+23,1.0011095243392152e+20,1.6782370708586705e+23
1380447567567.5676,1775.8294406538207,263460457.705582,0,5.923189661854131e+22,1.6782370708586705e+23,5.035712322100345e+23,9.981181224154769e+19,1.666015100286525e+17,5.540832410935815e+22,1738118.2377322312,1.0027755394395031e+20,0.0,0.0,9.976262363963394e+16,0.0,5.0347112125760115e+23,1.0011095243392165e+20,1.6782370708586705e+23
1383606486486.4866,1773.4858009299164,263401049.42203027,0,5.923189661854131e+22,1.6782370708586705e+23,5.035712322100345e+23,9.981181224154769e+19,1.666015100286527e+17,5.540832410935815e+22,1616770.7207245727,1.0027755394395043e+20,0.0,0.0,9.976262363963394e+16,0.0,5.0347112125760115e+23,1.0011095243392177e+20,1.6782370708586705e+23
1386765405405.4055,1771.1421612060121,263341781.733103,0,5.923189661854131e+22,1.6782370708586705e+23,5.035712322100345e+23,9.981181224154769e+19,1.666015100286529e+17,5.540832410935815e+22,1503895.1359274273,1.0027755394395054e+20,0.0,0.0,9.976262363963394e+16,0.0,5.0347112125760115e+23,1.0011095243392188e+20,1.6782370708586705e+23
1389924324324.3245,1768.7985214821076,263282654.96415892,0,5.923189661854131e+22,1.6782370708586705e+23,5.035712322100345e+23,9.981181224154769e+19,1.6660151002865306e+17,5.540832410935815e+22,1398900.0115319819,1.0027755394395064e+20,0.0,0.0,9.976262363963394e+16,0.0,5.0347112125760115e+23,1.0011095243392198e+20,1.6782370708586705e+23
1393083243243.2434,1766.4548817582033,263223669.44169998,0,5.923189661854131e+22,1.6782370708586705e+23,5.035712322100345e+23,9.981181224154769e+19,1.6660151002865322e+17,5.540832410935815e+22,1301235.1696033496,1.0027755394395074e+20,0.0,0.0,9.976262363963394e+16,0.0,5.0347112125760115e+23,1.0011095243392208e+20,1.6782370708586705e+23
1396242162162.1624,1764.111242034299,263164825.49338025,0,5.923189661854131e+22,1.6782370708586705e+23,5.035712322100345e+23,9.981181224154769e+19,1.6660151002865338e+17,5.540832410935815e+22,1210388.8431299422,1.0027755394395084e+20,0.0,0.0,9.976262363963394e+16,0.0,5.0347112125760115e+23,1.0011095243392218e+20,1.6782370708586705e+23
1399401081081.081,1761.7676023103948,263106123.44801465,0,5.923189661854131e+22,1.6782370708586705e+23,5.035712322100345e+23,9.981181224154769e+19,1.666015100286535e+17,5.540832410935815e+22,1125884.9943473497,1.0027755394395092e+20,0.0,0.0,9.976262363963394e+16,0.0,5.0347112125760115e+23,1.0011095243392226e+20,1.6782370708586705e+23
1402560000000.0,1759.4239625864905,263047563.63558775,0,5.923189661854131e+22,1.6782370708586705e+23,5.035712322100345e+23,9.981181224154769e+19,1.6660151002865363e+17,5.540832410935815e+22,1047280.8202846642,1.00277553943951e+20,0.0,0.0,9.976262363963394e+16,0.0,5.0347112125760115e+23,1.0011095243392234e+20,1.6782370708586705e+23
1405718918918.9192,1757.080322862586,262989146.38726246,0,5.923189661854131e+22,1.6782370708586705e+23,5.035712322100345e+23,9.981181224154769e+19,1.6660151002865376e+17,5.540832410935815e+22,974164.432462223,1.0027755394395107e+20,0.0,0.0,9.976262363963394e+16,0.0,5.0347112125760115e+23,1.0011095243392241e+20,1.6782370708586705e+23
1408877837837.838,1754.7366831386817,262930872.0353883,0,5.923189661854131e+22,1.6782370708586705e+23,5.035712322100345e+23,9.981181224154769e+19,1.666015100286539e+17,5.540832410935815e+22,906152.6985823114,1.0027755394395113e+20,0.0,0.0,9.976262363963394e+16,0.0,5.0347112125760115e+23,1.0011095243392247e+20,1.6782370708586705e+23
1412036756756.7568,1752.3930434147774,262872740.91351023,0,5.923189661854131e+22,1.6782370708586705e+23,5.035712322100345e+23,9.981181224154769e+19,1.6660151002865398e+17,5.540832410935815e+22,842889.2349032123,1.002775539439512e+20,0.0,0.0,9.976262363963394e+16,0.0,5.0347112125760115e+23,1.0011095243392254e+20,1.6782370708586705e+23
1415195675675.6758,1750.049403690873,262814753.35637656,0,5.923189661854131e+22,1.6782370708586705e+23,5.035712322100345e+23,9.981181224154769e+19,1.6660151002865408e+17,5.540832410935815e+22,784042.5387765779,1.0027755394395126e+20,0.0,0.0,9.976262363963394e+16,0.0,5.0347112125760115e+23,1.001109524339226e+20,1.6782370708586705e+23
1418354594594.5947,1747.7057639669688,262756909.69994742,0,5.923189661854131e+22,1.6782370708586705e+23,5.035712322100345e+23,9.981181224154769e+19,1.6660151002865418e+17,5.540832410935815e+22,729304.2515625549,1.0027755394395131e+20,0.0,0.0,9.976262363963394e+16,0.0,5.0347112125760115e+23,1.0011095243392265e+20,1.6782370708586705e+23
1421513513513.5137,1745.3621242430643,262699210.28140253,0,5.923189661854131e+22,1.6782370708586705e+23,5.035712322100345e+23,9.981181224154769e+19,1.6660151002865427e+17,5.540832410935815e+22,678387.5428202818,1.0027755394395136e+20,0.0,0.0,9.976262363963394e+16,0.0,5.0347112125760115e+23,1.001109524339227e+20,1.6782370708586705e+23
1424672432432.4326,1743.01848451916,262641655.4391497,0,5.923189661854131e+22,1.6782370708586705e+23,5.035712322100345e+23,9.981181224154769e+19,1.6660151002865434e+17,5.540832410935815e+22,631025.6073068649,1.0027755394395141e+20,0.0,0.0,9.976262363963394e+16,0.0,5.0347112125760115e+23,1.0011095243392275e+20,1.6782370708586705e+23
1427831351351.3516,1740.6748447952557,262584245.512832,0,5.923189661854131e+22,1.6782370708586705e+23,5.035712322100345e+23,9.981181224154769e+19,1.666015100286544e+17,5.540832410935815e+22,586970.2669090533,1.0027755394395146e+20,0.0,0.0,9.976262363963394e+16,0.0,5.0347112125760115e+23,1.001109524339228e+20,1.6782370708586705e+23
1430990270270.2703,1738.3312050713514,262526980.84333593,0,5.923189661854131e+22,1.6782370708586705e+23,5.035712322100345e+23,9.981181224154769e+19,1.6660151002865446e+17,5.540832410935815e+22,545990.6701816935,1.0027755394395149e+20,0.0,0.0,9.976262363963394e+16,0.0,5.0347112125760115e+23,1.0011095243392283e+20,1.6782370708586705e+23
1434149189189.1892,1735.9875653474471,262469861.77279887,0,5.923189661854131e+22,1.6782370708586705e+23,5.035712322100345e+23,9.981181224154769e+19,1.6660151002865453e+17,5.540832410935815e+22,507872.08267849806,1.0027755394395152e+20,0.0,0.0,9.976262363963394e+16,0.0,5.0347112125760115e+23,1.0011095243392287e+20,1.6782370708586705e+23
1437308108108.1084,1733.6439256235426,262412888.64461634,0,5.923189661854131e+22,1.6782370708586705e+23,5.035712322100345e+23,9.981181224154769e+19,1.666015100286546e+17,5.540832410935815e+22,472414.761736424,1.0027755394395156e+20,0.0,0.0,9.976262363963394e+16,0.0,5.0347112125760115e+23,1.001109524339229e+20,1.6782370708586705e+23
1440467027027.027,1731.3002858996383,262356061.8034495,0,5.923189661854131e+22,1.6782370708586705e+23,5.035712322100345e+23,9.981181224154769e+19,1.6660151002865466e+17,5.540832410935815e+22,439432.90981749195,1.0027755394395159e+20,0.0,0.0,9.976262363963394e+16,0.0,5.0347112125760115e+23,1.0011095243392293e+20,1.6782370708586705e+23
1443625945945.946,1728.956646175734,262299381.5952322,0,5.923189661854131e+22,1.6782370708586705e+23,5.035712322100345e+23,9.981181224154769e+19,1.6660151002865472e+17,5.540832410935815e+22,408753.70092352375,1.0027755394395162e+20,0.0,0.0,9.976262363963394e+16,0.0,5.0347112125760115e+23,1.0011095243392297e+20,1.6782370708586705e+23
1446784864864.865,1726.6130064518297,262242848.36717784,0,5.923189661854131e+22,1.6782370708586705e+23,5.035712322100345e+23,9.981181224154769e+19,1.6660151002865475e+17,5.540832410935815e+22,380216.37498217885,1.0027755394395165e+20,0.0,0.0,9.976262363963394e+16,0.0,5.0347112125760115e+23,1.00110952433923e+20,1.6782370708586705e+23
1449943783783.7837,1724.2693667279254,262186462.46778637,0,5.923189661854131e+22,1.6782370708586705e+23,5.035712322100345e+23,9.981181224154769e+19,1.666015100286548e+17,5.540832410935815e+22,353671.3954588421,1.0027755394395169e+20,0.0,0.0,9.976262363963394e+16,0.0,5.0347112125760115e+23,1.0011095243392303e+20,1.6782370708586705e+23
1453102702702.703,1721.925727004021,262130224.24685073,0,5.923189661854131e+22,1.6782370708586705e+23,5.035712322100345e+23,9.981181224154769e+19,1.6660151002865482e+17,5.540832410935815e+22,328979.6657802218,1.0027755394395172e+20,0.0,0.0,9.976262363963394e+16,0.0,5.0347112125760115e+23,1.0011095243392306e+20,1.6782370708586705e+23
1456261621621.6218,1719.5820872801166,262074134.05546352,0,5.923189661854131e+22,1.6782370708586705e+23,5.035712322100345e+23,9.981181224154769e+19,1.6660151002865485e+17,5.540832410935815e+22,306011.8004636913,1.0027755394395174e+20,0.0,0.0,9.976262363963394e+16,0.0,5.0347112125760115e+23,1.0011095243392308e+20,1.6782370708586705e+23
1459420540540.5408,1717.2384475562123,262018192.2460232,0,5.923189661854131e+22,1.6782370708586705e+23,5.035712322100345e+23,9.981181224154769e+19,1.6660151002865488e+17,5.540832410935815e+22,284647.4471330678,1.0027755394395175e+20,0.0,0.0,9.976262363963394e+16,0.0,5.0347112125760115e+23,1.001109524339231e+20,1.6782370708586705e+23
1462579459459.4595,1714.894807832308,261962399.17224014,0,5.923189661854131e+22,1.6782370708586705e+23,5.035712322100345e+23,9.981181224154769e+19,1.666015100286549e+17,5.540832410935815e+22,264774.655868169,1.0027755394395177e+20,0.0,0.0,9.976262363963394e+16,0.0,5.0347112125760115e+23,1.0011095243392311e+20,1.6782370708586705e+23
1465738378378.3784,1712.5511681084038,261906755.1891425,0,5.923189661854131e+22,1.6782370708586705e+23,5.035712322100345e+23,9.981181224154769e+19,1.6660151002865494e+17,5.540832410935815e+22,246289.2925835169,1.0027755394395179e+20,0.0,0.0,9.976262363963394e+16,0.0,5.0347112125760115e+23,1.0011095243392313e+20,1.6782370708586705e+23
1468897297297.2976,1710.2075283844993,261851260.65308225,0,5.923189661854131e+22,1.6782370708586705e+23,5.035712322100345e+23,9.981181224154769e+19,1.6660151002865498e+17,5.540832410935815e+22,229094.49336227615,1.002775539439518e+20,0.0,0.0,9.976262363963394e+16,0.0,5.0347112125760115e+23,1.0011095243392315e+20,1.6782370708586705e+23
1472056216216.2163,1707.863888660595,261795915.9217404,0,5.923189661854131e+22,1.6782370708586705e+23,5.035712322100345e+23,9.981181224154769e+19,1.66601510028655e+17,5.540832410935815e+22,213100.15688611605,1.0027755394395182e+20,0.0,0.0,9.976262363963394e+16,0.0,5.0347112125760115e+23,1.0011095243392316e+20,1.6782370708586705e+23
1475215135135.1353,1705.5202489366907,261740721.35413235,0,5.923189661854131e+22,1.6782370708586705e+23,5.035712322100345e+23,9.981181224154769e+19,1.6660151002865504e+17,5.540832410935815e+22,198222.47230131368,1.0027755394395184e+20,0.0,0.0,9.976262363963394e+16,0.0,5.0347112125760115e+23,1.0011095243392318e+20,1.6782370708586705e+23
1478374054054.0542,1703.1766092127864,261685677.3106132,0,5.923189661854131e+22,1.6782370708586705e+23,5.035712322100345e+23,9.981181224154769e+19,1.6660151002865507e+17,5.540832410935815e+22,184383.48004710008,1.0027755394395185e+20,0.0,0.0,9.976262363963394e+16,0.0,5.0347112125760115e+23,1.001109524339232e+20,1.6782370708586705e+23
1481532972972.973,1700.832969488882,261630784.15288216,0,5.923189661854131e+22,1.6782370708586705e+23,5.035712322100345e+23,9.981181224154769e+19,1.666015100286551e+17,5.540832410935815e+22,171510.66334497553,1.0027755394395187e+20,0.0,0.0,9.976262363963394e+16,0.0,5.0347112125760115e+23,1.0011095243392321e+20,1.6782370708586705e+23
1484691891891.892,1698.4893297649776,261576042.2439878,0,5.923189661854131e+22,1.6782370708586705e+23,5.035712322100345e+23,9.981181224154769e+19,1.6660151002865514e+17,5.540832410935815e+22,159536.5682083848,1.0027755394395188e+20,0.0,0.0,9.976262363963394e+16,0.0,5.0347112125760115e+23,1.0011095243392323e+20,1.6782370708586705e+23
1487850810810.811,1696.1456900410733,261521451.94833198,0,5.923189661854131e+22,1.6782370708586705e+23,5.035712322100345e+23,9.981181224154769e+19,1.6660151002865517e+17,5.540832410935815e+22,148398.44998158966,1.002775539439519e+20,0.0,0.0,9.976262363963394e+16,0.0,5.0347112125760115e+23,1.0011095243392324e+20,1.6782370708586705e+23
1491009729729.7297,1693.802050317169,261467013.63167423,0,5.923189661854131e+22,1.6782370708586705e+23,5.035712322100345e+23,9.981181224154769e+19,1.666015100286552e+17,5.540832410935815e+22,138037.94455559153,1.0027755394395192e+20,0.0,0.0,9.976262363963394e+16,0.0,5.0347112125760115e+23,1.0011095243392326e+20,1.6782370708586705e+23
1494168648648.6487,1691.4584105932647,261412727.66113555,0,5.923189661854131e+22,1.6782370708586705e+23,5.035712322100345e+23,9.981181224154769e+19,1.6660151002865523e+17,5.540832410935815e+22,128400.76253826413,1.0027755394395193e+20,0.0,0.0,9.976262363963394e+16,0.0,5.0347112125760115e+23,1.0011095243392328e+20,1.6782370708586705e+23
1497327567567.5676,1689.1147708693604,261358594.40520236,0,5.923189661854131e+22,1.6782370708586705e+23,5.035712322100345e+23,9.981181224154769e+19,1.6660151002865523e+17,5.540832410935815e+22,119436.40477613776,1.0027755394395195e+20,0.0,0.0,9.976262363963394e+16,0.0,5.0347112125760115e+23,1.001109524339233e+20,1.6782370708586705e+23
1500486486486.4866,1686.771131145456,261304614.23372942,0,5.923189661854131e+22,1.6782370708586705e+23,5.035712322100345e+23,9.981181224154769e+19,1.6660151002865523e+17,5.540832410935815e+22,111097.89773715992,1.0027755394395197e+20,0.0,0.0,9.976262363963394e+16,0.0,5.0347112125760115e+23,1.0011095243392331e+20,1.6782370708586705e+23
1503645405405.4055,1684.4274914215516,261250787.51794332,0,5.923189661854131e+22,1.6782370708586705e+23,5.035712322100345e+23,9.981181224154769e+19,1.6660151002865523e+17,5.540832410935815e+22,103341.54736782904,1.0027755394395197e+20,0.0,0.0,9.976262363963394e+16,0.0,5.0347112125760115e+23,1.0011095243392331e+20,1.6782370708586705e+23
1506804324324.3245,1682.0838516976473,261197114.63044515,0,5.923189661854131e+22,1.6782370708586705e+23,5.035712322100345e+23,9.981181224154769e+19,1.6660151002865523e+17,5.540832410935815e+22,96126.71013490467,1.0027755394395197e+20,0.0,0.0,9.976262363963394e+16,0.0,5.0347112125760115e+23,1.0011095243392331e+20,1.6782370708586705e+23
1509963243243.2434,1679.740211973743,261143595.94521308,0,5.923189661854131e+22,1.6782370708586705e+23,5.035712322100345e+23,9.981181224154769e+19,1.6660151002865523e+17,5.540832410935815e+22,89415.58005194501,1.0027755394395197e+20,0.0,0.0,9.976262363963394e+16,0.0,5.0347112125760115e+23,1.0011095243392331e+20,1.6782370708586705e+23
1513122162162.162,1677.3965722498388,261090231.8376046,0,5.923189661854131e+22,1.6782370708586705e+23,5.035712322100345e+23,9.981181224154769e+19,1.6660151002865523e+17,5.540832410935815e+22,83172.99057468379,1.0027755394395197e+20,0.0,0.0,9.976262363963394e+16,0.0,5.0347112125760115e+23,1.0011095243392331e+20,1.6782370708586705e+23
1516281081081.0813,1675.0529325259342,261037022.68435845,0,5.923189661854131e+22,1.6782370708586705e+23,5.035712322100345e+23,9.981181224154769e+19,1.6660151002865523e+17,5.540832410935815e+22,77366.23032717171,1.0027755394395197e+20,0.0,0.0,9.976262363963394e+16,0.0,5.0347112125760115e+23,1.0011095243392331e+20,1.6782370708586705e+23
1519440000000.0002,1672.70929280203,260983968.86359623,0,5.923189661854131e+22,1.6782370708586705e+23,5.035712322100345e+23,9.981181224154769e+19,1.6660151002865523e+17,5.540832410935815e+22,71964.87169308137,1.0027755394395197e+20,0.0,0.0,9.976262363963394e+16,0.0,5.0347112125760115e+23,1.0011095243392331e+20,1.6782370708586705e+23
1522598918918.919,1670.3656530781257,260931070.7548238,0,5.923189661854131e+22,1.6782370708586705e+23,5.035712322100345e+23,9.981181224154769e+19,1.6660151002865523e+17,5.540832410935815e+22,66940.61137398823,1.0027755394395197e+20,0.0,0.0,9.976262363963394e+16,0.0,5.0347112125760115e+23,1.0011095243392331e+20,1.6782370708586705e+23
1525757837837.838,1668.0220133542214,260878328.73893198,0,5.923189661854131e+22,1.6782370708586705e+23,5.035712322100345e+23,9.981181224154769e+19,1.6660151002865523e+17,5.540832410935815e+22,62267.12207914802,1.0027755394395197e+20,0.0,0.0,9.976262363963394e+16,0.0,5.0347112125760115e+23,1.0011095243392331e+20,1.6782370708586705e+23
1528916756756.7568,1665.678373630317,260825743.19819742,0,5.923189661854131e+22,1.6782370708586705e+23,5.035712322100345e+23,9.981181224154769e+19,1.6660151002865523e+17,5.540832410935815e+22,57919.91456961989,1.0027755394395197e+20,0.0,0.0,9.976262363963394e+16,0.0,5.0347112125760115e+23,1.0011095243392331e+20,1.6782370708586705e+23
1532075675675.6758,1663.3347339064126,260773314.51628274,0,5.923189661854131e+22,1.6782370708586705e+23,5.035712322100345e+23,9.981181224154769e+19,1.6660151002865523e+17,5.540832410935815e+22,53876.20933384188,1.0027755394395197e+20,0.0,0.0,9.976262363963394e+16,0.0,5.0347112125760115e+23,1.0011095243392331e+20,1.6782370708586705e+23
1535234594594.5947,1660.9910941825083,260721043.07823637,0,5.923189661854131e+22,1.6782370708586705e+23,5.035712322100345e+23,9.981181224154769e+19,1.6660151002865523e+17,5.540832410935815e+22,50114.81722223473,1.0027755394395197e+20,0.0,0.0,9.976262363963394e+16,0.0,5.0347112125760115e+23,1.0011095243392331e+20,1.6782370708586705e+23
1538393513513.5137,1658.647454458604,260668929.2704923,0,5.923189661854131e+22,1.6782370708586705e+23,5.035712322100345e+23,9.981181224154769e+19,1.6660151002865523e+17,5.540832410935815e+22,46616.028415355126,1.0027755394395197e+20,0.0,0.0,9.976262363963394e+16,0.0,5.0347112125760115e+23,1.0011095243392331e+20,1.6782370708586705e+23
1541552432432.4326,1656.3038147346997,260616973.4808688,0,5.923189661854131e+22,1.6782370708586705e+23,5.035712322100345e+23,9.981181224154769e+19,1.6660151002865523e+17,5.540832410935815e+22,43361.50914378802,1.0027755394395197e+20,0.0,0.0,9.976262363963394e+16,0.0,5.0347112125760115e+23,1.0011095243392331e+20,1.6782370708586705e+23
1544711351351.3513,1653.9601750107954,260565176.09856755,0,5.923189661854131e+22,1.6782370708586705e+23,5.035712322100345e+23,9.981181224154769e+19,1.6660151002865523e+17,5.540832410935815e+22,40334.20561858666,1.0027755394395197e+20,0.0,0.0,9.976262363963394e+16,0.0,5.0347112125760115e+23,1.0011095243392331e+20,1.6782370708586705e+23
1547870270270.2705,1651.616535286891,260513537.51417172,0,5.923189661854131e+22,1.6782370708586705e+23,5.035712322100345e+23,9.981181224154769e+19,1.6660151002865523e+17,5.540832410935815e+22,37518.254668852795,1.0027755394395197e+20,0.0,0.0,9.976262363963394e+16,0.0,5.0347112125760115e+23,1.0011095243392331e+20,1.6782370708586705e+23
1551029189189.1895,1649.2728955629866,260462058.1196441,0,5.923189661854131e+22,1.6782370708586705e+23,5.035712322100345e+23,9.981181224154769e+19,1.6660151002865523e+17,5.540832410935815e+22,34898.90061819491,1.0027755394395197e+20,0.0,0.0,9.976262363963394e+16,0.0,5.0347112125760115e+23,1.0011095243392331e+20,1.6782370708586705e+23
1554188108108.1082,1646.9292558390823,260410738.3083243,0,5.923189661854131e+22,1.6782370708586705e+23,5.035712322100345e+23,9.981181224154769e+19,1.6660151002865523e+17,5.540832410935815e+22,32462.417964494452,1.0027755394395197e+20,0.0,0.0,9.976262363963394e+16,0.0,5.0347112125760115e+23,1.0011095243392331e+20,1.6782370708586705e+23
1557347027027.027,1644.585616115178,260359578.4749259,0,5.923189661854131e+22,1.6782370708586705e+23,5.035712322100345e+23,9.981181224154769e+19,1.6660151002865523e+17,5.540832410935815e+22,30196.03945781942,1.0027755394395197e+20,0.0,0.0,9.976262363963394e+16,0.0,5.0347112125760115e+23,1.0011095243392331e+20,1.6782370708586705e+23
1560505945945.946,1642.2419763912737,260308579.01553324,0,5.923189661854131e+22,1.6782370708586705e+23,5.035712322100345e+23,9.981181224154769e+19,1.6660151002865523e+17,5.540832410935815e+22,28087.889199611174,1.0027755394395197e+20,0.0,0.0,9.976262363963394e+16,0.0,5.0347112125760115e+23,1.0011095243392331e+20,1.6782370708586705e+23
1563664864864.865,1639.8983366673692,260257740.32759708,0,5.923189661854131e+22,1.6782370708586705e+23,5.035712322100345e+23,9.981181224154769e+19,1.6660151002865523e+17,5.540832410935815e+22,26126.920412582007,1.0027755394395197e+20,0.0,0.0,9.976262363963394e+16,0.0,5.0347112125760115e+23,1.0011095243392331e+20,1.6782370708586705e+23
1566823783783.784,1637.554696943465,260207062.80993068,0,5.923189661854131e+22,1.6782370708586705e+23,5.035712322100345e+23,9.981181224154769e+19,1.6660151002865523e+17,5.540832410935815e+22,24302.857555235725,1.0027755394395197e+20,0.0,0.0,9.976262363963394e+16,0.0,5.0347112125760115e+23,1.0011095243392331e+20,1.6782370708586705e+23
1569982702702.703,1635.2110572195606,260156546.86270472,0,5.923189661854131e+22,1.6782370708586705e+23,5.035712322100345e+23,9.981181224154769e+19,1.6660151002865523e+17,5.540832410935815e+22,22606.14247768932,1.0027755394395197e+20,0.0,0.0,9.976262363963394e+16,0.0,5.0347112125760115e+23,1.0011095243392331e+20,1.6782370708586705e+23
1573141621621.6216,1632.8674174956564,260106192.88744187,0,5.923189661854131e+22,1.6782370708586705e+23,5.035712322100345e+23,9.981181224154769e+19,1.6660151002865523e+17,5.540832410935815e+22,21027.884336650488,1.0027755394395197e+20,0.0,0.0,9.976262363963394e+16,0.0,5.0347112125760115e+23,1.0011095243392331e+20,1.6782370708586705e+23
1576300540540.5405,1630.523777771752,260056001.2870112,0,5.923189661854131e+22,1.6782370708586705e+23,5.035712322100345e+23,9.981181224154769e+19,1.6660151002865523e+17,5.540832410935815e+22,19559.813007103876,1.0027755394395197e+20,0.0,0.0,9.976262363963394e+16,0.0,5.0347112125760115e+23,1.0011095243392331e+20,1.6782370708586705e+23
1579459459459.4597,1628.1801380478475,260005972.46562147,0,5.923189661854131e+22,1.6782370708586705e+23,5.035712322100345e+23,9.981181224154769e+19,1.6660151002865523e+17,5.540832410935815e+22,18194.235746581617,1.0027755394395197e+20,0.0,0.0,9.976262363963394e+16,0.0,5.0347112125760115e+23,1.0011095243392331e+20,1.6782370708586705e+23
1582618378378.3784,1625.8364983239433,259956106.82881418,0,5.923189661854131e+22,1.6782370708586705e+23,5.035712322100345e+23,9.981181224154769e+19,1.6660151002865523e+17,5.540832410935815e+22,16923.996884937616,1.0027755394395197e+20,0.0,0.0,9.976262363963394e+16,0.0,5.0347112125760115e+23,1.0011095243392331e+20,1.6782370708586705e+23
1585777297297.2974,1623.492858600039,259906404.7834564,0,5.923189661854131e+22,1.6782370708586705e+23,5.035712322100345e+23,9.981181224154769e+19,1.6660151002865523e+17,5.540832410935815e+22,15742.440328398618,1.0027755394395197e+20,0.0,0.0,9.976262363963394e+16,0.0,5.0347112125760115e+23,1.0011095243392331e+20,1.6782370708586705e+23
1588936216216.2163,1621.1492188761347,259856866.73773217,0,5.923189661854131e+22,1.6782370708586705e+23,5.035712322100345e+23,9.981181224154769e+19,1.6660151002865523e+17,5.540832410935815e+22,14643.374681412008,1.0027755394395197e+20,0.0,0.0,9.976262363963394e+16,0.0,5.0347112125760115e+23,1.0011095243392331e+20,1.6782370708586705e+23
1592095135135.1353,1618.8055791522304,259807493.10113427,0,5.923189661854131e+22,1.6782370708586705e+23,5.035712322100345e+23,9.981181224154769e+19,1.6660151002865523e+17,5.540832410935815e+22,13621.040803527741,1.0027755394395197e+20,0.0,0.0,9.976262363963394e+16,0.0,5.0347112125760115e+23,1.0011095243392331e+20,1.6782370708586705e+23
1595254054054.0542,1616.4619394283259,259758284.2844545,0,5.923189661854131e+22,1.6782370708586705e+23,5.035712322100345e+23,9.981181224154769e+19,1.6660151002865523e+17,5.540832410935815e+22,12670.08163131133,1.0027755394395197e+20,0.0,0.0,9.976262363963394e+16,0.0,5.0347112125760115e+23,1.0011095243392331e+20,1.6782370708586705e+23
1598412972972.9731,1614.1182997044216,259709240.69977427,0,5.923189661854131e+22,1.6782370708586705e+23,5.035712322100345e+23,9.981181224154769e+19,1.6660151002865523e+17,5.540832410935815e+22,11785.51410715373,1.0027755394395197e+20,0.0,0.0,9.976262363963394e+16,0.0,5.0347112125760115e+23,1.0011095243392331e+20,1.6782370708586705e+23
1601571891891.892,1611.7746599805173,259660362.76045358,0,5.923189661854131e+22,1.6782370708586705e+23,5.035712322100345e+23,9.981181224154769e+19,1.6660151002865523e+17,5.540832410935815e+22,10962.703067884167,1.0027755394395197e+20,0.0,0.0,9.976262363963394e+16,0.0,5.0347112125760115e+23,1.0011095243392331e+20,1.6782370708586705e+23
1604730810810.8108,1609.431020256613,259611650.8811201,0,5.923189661854131e+22,1.6782370708586705e+23,5.035712322100345e+23,9.981181224154769e+19,1.6660151002865523e+17,5.540832410935815e+22,10197.336956361365,1.0027755394395197e+20,0.0,0.0,9.976262363963394e+16,0.0,5.0347112125760115e+23,1.0011095243392331e+20,1.6782370708586705e+23
1607889729729.7297,1607.0873805327087,259563105.4776572,0,5.923189661854131e+22,1.6782370708586705e+23,5.035712322100345e+23,9.981181224154769e+19,1.6660151002865523e+17,5.540832410935815e+22,9485.405228771082,1.0027755394395197e+20,0.0,0.0,9.976262363963394e+16,0.0,5.0347112125760115e+23,1.0011095243392331e+20,1.6782370708586705e+23
1611048648648.649,1604.7437408088042,259514726.96719143,0,5.923189661854131e+22,1.6782370708586705e+23,5.035712322100345e+23,9.981181224154769e+19,1.6660151002865523e+17,5.540832410935815e+22,8823.17733924349,1.0027755394395197e+20,0.0,0.0,9.976262363963394e+16,0.0,5.0347112125760115e+23,1.0011095243392331e+20,1.6782370708586705e+23
1614207567567.5676,1602.4001010849,259466515.76807922,0,5.923189661854131e+22,1.6782370708586705e+23,5.035712322100345e+23,9.981181224154769e+19,1.6660151002865523e+17,5.540832410935815e+22,8207.183191669059,1.0027755394395197e+20,0.0,0.0,9.976262363963394e+16,0.0,5.0347112125760115e+23,1.0011095243392331e+20,1.6782370708586705e+23
1617366486486.4866,1600.0564613609956,259418472.29989284,0,5.923189661854131e+22,1.6782370708586705e+23,5.035712322100345e+23,9.981181224154769e+19,1.6660151002865523e+17,5.540832410935815e+22,7634.194956279828,1.0027755394395197e+20,0.0,0.0,9.976262363963394e+16,0.0,5.0347112125760115e+23,1.0011095243392331e+20,1.6782370708586705e+23
1620525405405.4055,1597.7128216370913,259370596.983406,0,5.923189661854131e+22,1.6782370708586705e+23,5.035712322100345e+23,9.981181224154769e+19,1.6660151002865523e+17,5.540832410935815e+22,7101.210155714341,1.0027755394395197e+20,0.0,0.0,9.976262363963394e+16,0.0,5.0347112125760115e+23,1.0011095243392331e+20,1.6782370708586705e+23
1623684324324.3245,1595.369181913187,259322890.24057782,0,5.923189661854131e+22,1.6782370708586705e+23,5.035712322100345e+23,9.981181224154769e+19,1.6660151002865523e+17,5.540832410935815e+22,6605.435931936674,1.0027755394395197e+20,0.0,0.0,9.976262363963394e+16,0.0,5.0347112125760115e+23,1.0011095243392331e+20,1.6782370708586705e+23
1626843243243.2434,1593.0255421892825,259275352.49453712,0,5.923189661854131e+22,1.6782370708586705e+23,5.035712322100345e+23,9.981181224154769e+19,1.6660151002865523e+17,5.540832410935815e+22,6144.274411567673,1.0027755394395197e+20,0.0,0.0,9.976262363963394e+16,0.0,5.0347112125760115e+23,1.0011095243392331e+20,1.6782370708586705e+23
1630002162162.1624,1590.6819024653782,259227984.16956502,0,5.923189661854131e+22,1.6782370708586705e+23,5.035712322100345e+23,9.981181224154769e+19,1.6660151002865523e+17,5.540832410935815e+22,5715.309092942271,1.0027755394395197e+20,0.0,0.0,9.976262363963394e+16,0.0,5.0347112125760115e+23,1.0011095243392331e+20,1.6782370708586705e+23
1633161081081.0813,1588.338262741474,259180785.6910772,0,5.923189661854131e+22,1.6782370708586705e+23,5.035712322100345e+23,9.981181224154769e+19,1.6660151002865523e+17,5.540832410935815e+22,5316.292183560596,1.0027755394395197e+20,0.0,0.0,9.976262363963394e+16,0.0,5.0347112125760115e+23,1.0011095243392331e+20,1.6782370708586705e+23
1636320000000.0,1585.9946230175697,259133757.48560515,0,5.923189661854131e+22,1.6782370708586705e+23,5.035712322100345e+23,9.981181224154769e+19,1.6660151002865523e+17,5.540832410935815e+22,4945.132821580708,1.0027755394395197e+20,0.0,0.0,9.976262363963394e+16,0.0,5.0347112125760115e+23,1.0011095243392331e+20,1.6782370708586705e+23
1639478918918.919,1583.6509832936654,259086899.9807768,0,5.923189661854131e+22,1.6782370708586705e+23,5.035712322100345e+23,9.981181224154769e+19,1.6660151002865523e+17,5.540832410935815e+22,4599.886119633184,1.0027755394395197e+20,0.0,0.0,9.976262363963394e+16,0.0,5.0347112125760115e+23,1.0011095243392331e+20,1.6782370708586705e+23
1642637837837.8381,1581.3073435697609,259040213.6052957,0,5.923189661854131e+22,1.6782370708586705e+23,5.035712322100345e+23,9.981181224154769e+19,1.6660151002865523e+17,5.540832410935815e+22,4278.742973546783,1.0027755394395197e+20,0.0,0.0,9.976262363963394e+16,0.0,5.0347112125760115e+23,1.0011095243392331e+20,1.6782370708586705e+23
1645796756756.7568,1578.9637038458566,258993698.78892004,0,5.923189661854131e+22,1.6782370708586705e+23,5.035712322100345e+23,9.981181224154769e+19,1.6660151002865523e+17,5.540832410935815e+22,3980.0205825825756,1.0027755394395197e+20,0.0,0.0,9.976262363963394e+16,0.0,5.0347112125760115e+23,1.0011095243392331e+20,1.6782370708586705e+23
1648955675675.6758,1576.6200641219523,258947355.96244037,0,5.923189661854131e+22,1.6782370708586705e+23,5.035712322100345e+23,9.981181224154769e+19,1.6660151002865523e+17,5.540832410935815e+22,3702.1536315022463,1.0027755394395197e+20,0.0,0.0,9.976262363963394e+16,0.0,5.0347112125760115e+23,1.0011095243392331e+20,1.6782370708586705e+23
1652114594594.5947,1574.276424398048,258901185.55765626,0,5.923189661854131e+22,1.6782370708586705e+23,5.035712322100345e+23,9.981181224154769e+19,1.6660151002865523e+17,5.540832410935815e+22,3443.68608826432,1.0027755394395197e+20,0.0,0.0,9.976262363963394e+16,0.0,5.0347112125760115e+23,1.0011095243392331e+20,1.6782370708586705e+23
1655273513513.5134,1571.9327846741437,258855188.00735205,0,5.923189661854131e+22,1.6782370708586705e+23,5.035712322100345e+23,9.981181224154769e+19,1.6660151002865523e+17,5.540832410935815e+22,3203.263574367961,1.0027755394395197e+20,0.0,0.0,9.976262363963394e+16,0.0,5.0347112125760115e+23,1.0011095243392331e+20,1.6782370708586705e+23
1658432432432.4326,1569.5891449502392,258809363.74527222,0,5.923189661854131e+22,1.6782370708586705e+23,5.035712322100345e+23,9.981181224154769e+19,1.6660151002865523e+17,5.540832410935815e+22,2979.6262678647013,1.0027755394395197e+20,0.0,0.0,9.976262363963394e+16,0.0,5.0347112125760115e+23,1.0011095243392331e+20,1.6782370708586705e+23
1661591351351.3516,1567.245505226335,258763713.2060946,0,5.923189661854131e+22,1.6782370708586705e+23,5.035712322100345e+23,9.981181224154769e+19,1.6660151002865523e+17,5.540832410935815e+22,2771.6023018496344,1.0027755394395197e+20,0.0,0.0,9.976262363963394e+16,0.0,5.0347112125760115e+23,1.0011095243392331e+20,1.6782370708586705e+23
1664750270270.2703,1564.9018655024306,258718236.8254036,0,5.923189661854131e+22,1.6782370708586705e+23,5.035712322100345e+23,9.981181224154769e+19,1.6660151002865523e+17,5.540832410935815e+22,2578.1016238399616,1.0027755394395197e+20,0.0,0.0,9.976262363963394e+16,0.0,5.0347112125760115e+23,1.0011095243392331e+20,1.6782370708586705e+23
1667909189189.1892,1562.5582257785263,258672935.03966197,0,5.923189661854131e+22,1.6782370708586705e+23,5.035712322100345e+23,9.981181224154769e+19,1.6660151002865523e+17,5.540832410935815e+22,2398.1102838638217,1.0027755394395197e+20,0.0,0.0,9.976262363963394e+16,0.0,5.0347112125760115e+23,1.0011095243392331e+20,1.6782370708586705e+23
1671068108108.1082,1560.214586054622,258627808.2861813,0,5.923189661854131e+22,1.6782370708586705e+23,5.035712322100345e+23,9.981181224154769e+19,1.6660151002865523e+17,5.540832410935815e+22,2230.685121328799,1.0027755394395197e+20,0.0,0.0,9.976262363963394e+16,0.0,5.0347112125760115e+23,1.0011095243392331e+20,1.6782370708586705e+23
1674227027027.0273,1557.8709463307175,258582857.0030917,0,5.923189661854131e+22,1.6782370708586705e+23,5.035712322100345e+23,9.981181224154769e+19,1.6660151002865523e+17,5.540832410935815e+22,2074.9488228291348,1.0027755394395197e+20,0.0,0.0,9.976262363963394e+16,0.0,5.0347112125760115e+23,1.0011095243392331e+20,1.6782370708586705e+23
1677385945945.946,1555.5273066068132,258538081.62931016,0,5.923189661854131e+22,1.6782370708586705e+23,5.035712322100345e+23,9.981181224154769e+19,1.6660151002865523e+17,5.540832410935815e+22,1930.0853249943752,1.0027755394395197e+20,0.0,0.0,9.976262363963394e+16,0.0,5.0347112125760115e+23,1.0011095243392331e+20,1.6782370708586705e+23
1680544864864.865,1553.183666882909,258493482.60450822,0,5.923189661854131e+22,1.6782370708586705e+23,5.035712322100345e+23,9.981181224154769e+19,1.6660151002865523e+17,5.540832410935815e+22,1795.3355382902391,1.0027755394395197e+20,0.0,0.0,9.976262363963394e+16,0.0,5.0347112125760115e+23,1.0011095243392331e+20,1.6782370708586705e+23
1683703783783.784,1550.8400271590046,258449060.36907744,0,5.923189661854131e+22,1.6782370708586705e+23,5.035712322100345e+23,9.981181224154769e+19,1.6660151002865523e+17,5.540832410935815e+22,1669.9933693642772,1.0027755394395197e+20,0.0,0.0,9.976262363963394e+16,0.0,5.0347112125760115e+23,1.0011095243392331e+20,1.6782370708586705e+23
1686862702702.7026,1548.4963874351004,258404815.36409494,0,5.923189661854131e+22,1.6782370708586705e+23,5.035712322100345e+23,9.981181224154769e+19,1.6660151002865523e+17,5.540832410935815e+22,1553.402021093281,1.0027755394395197e+20,0.0,0.0,9.976262363963394e+16,0.0,5.0347112125760115e+23,1.0011095243392331e+20,1.6782370708586705e+23
1690021621621.6218,1546.1527477111958,258360748.0312867,0,5.923189661854131e+22,1.6782370708586705e+23,5.035712322100345e+23,9.981181224154769e+19,1.6660151002865523e+17,5.540832410935815e+22,1444.9505509445696,1.0027755394395197e+20,0.0,0.0,9.976262363963394e+16,0.0,5.0347112125760115e+23,1.0011095243392331e+20,1.6782370708586705e+23
1693180540540.5408,1543.8091079872916,258316858.81298992,0,5.923189661854131e+22,1.6782370708586705e+23,5.035712322100345e+23,9.981181224154769e+19,1.6660151002865523e+17,5.540832410935815e+22,1344.0706696168506,1.0027755394395197e+20,0.0,0.0,9.976262363963394e+16,0.0,5.0347112125760115e+23,1.0011095243392331e+20,1.6782370708586705e+23
1696339459459.4595,1541.4654682633873,258273148.15211454,0,5.923189661854131e+22,1.6782370708586705e+23,5.035712322100345e+23,9.981181224154769e+19,1.6660151002865523e+17,5.540832410935815e+22,1250.2337631854296,1.0027755394395197e+20,0.0,0.0,9.976262363963394e+16,0.0,5.0347112125760115e+23,1.0011095243392331e+20,1.6782370708586705e+23
1699498378378.3784,1539.121828539483,258229616.4921026,0,5.923189661854131e+22,1.6782370708586705e+23,5.035712322100345e+23,9.981181224154769e+19,1.6660151002865523e+17,5.540832410935815e+22,1162.948123147709,1.0027755394395197e+20,0.0,0.0,9.976262363963394e+16,0.0,5.0347112125760115e+23,1.0011095243392331e+20,1.6782370708586705e+23
1702657297297.2974,1536.7781888155787,258186264.27688697,0,5.923189661854131e+22,1.6782370708586705e+23,5.035712322100345e+23,9.981181224154769e+19,1.6660151002865523e+17,5.540832410935815e+22,1081.7563698543224,1.0027755394395197e+20,0.0,0.0,9.976262363963394e+16,0.0,5.0347112125760115e+23,1.0011095243392331e+20,1.6782370708586705e+23
1705816216216.2163,1534.4345490916742,258143091.9508482,0,5.923189661854131e+22,1.6782370708586705e+23,5.035712322100345e+23,9.981181224154769e+19,1.6660151002865523e+17,5.540832410935815e+22,1006.2330558245992,1.0027755394395197e+20,0.0,0.0,9.976262363963394e+16,0.0,5.0347112125760115e+23,1.0011095243392331e+20,1.6782370708586705e+23
1708975135135.1353,1532.0909093677699,258100099.95877036,0,5.923189661854131e+22,1.6782370708586705e+23,5.035712322100345e+23,9.981181224154769e+19,1.6660151002865523e+17,5.540832410935815e+22,935.9824363876523,1.0027755394395197e+20,0.0,0.0,9.976262363963394e+16,0.0,5.0347112125760115e+23,1.0011095243392331e+20,1.6782370708586705e+23
1712134054054.0542,1529.7472696438656,258057288.74579534,0,5.923189661854131e+22,1.6782370708586705e+23,5.035712322100345e+23,9.981181224154769e+19,1.6660151002865523e+17,5.540832410935815e+22,870.6363959671744,1.0027755394395197e+20,0.0,0.0,9.976262363963394e+16,0.0,5.0347112125760115e+23,1.0011095243392331e+20,1.6782370708586705e+23
1715292972972.9731,1527.4036299199613,258014658.7573753,0,5.923189661854131e+22,1.6782370708586705e+23,5.035712322100345e+23,9.981181224154769e+19,1.6660151002865523e+17,5.540832410935815e+22,809.8525191436063,1.0027755394395197e+20,0.0,0.0,9.976262363963394e+16,0.0,5.0347112125760115e+23,1.0011095243392331e+20,1.6782370708586705e+23
1718451891891.8918,1525.059990196057,257972210.4392243,0,5.923189661854131e+22,1.6782370708586705e+23,5.035712322100345e+23,9.981181224154769e+19,1.6660151002865523e+17,5.540832410935815e+22,753.3122963859797,1.0027755394395197e+20,0.0,0.0,9.976262363963394e+16,0.0,5.0347112125760115e+23,1.0011095243392331e+20,1.6782370708586705e+23
1721610810810.811,1522.7163504721525,257929944.23726767,0,5.923189661854131e+22,1.6782370708586705e+23,5.035712322100345e+23,9.981181224154769e+19,1.6660151002865523e+17,5.540832410935815e+22,700.7194550514084,1.0027755394395197e+20,0.0,0.0,9.976262363963394e+16,0.0,5.0347112125760115e+23,1.0011095243392331e+20,1.6782370708586705e+23
1724769729729.73,1520.3727107482482,257887860.59759068,0,5.923189661854131e+22,1.6782370708586705e+23,5.035712322100345e+23,9.981181224154769e+19,1.6660151002865523e+17,5.540832410935815e+22,651.7984069066116,1.0027755394395197e+20,0.0,0.0,9.976262363963394e+16,0.0,5.0347112125760115e+23,1.0011095243392331e+20,1.6782370708586705e+23
1727928648648.6487,1518.029071024344,257845959.96638453,0,5.923189661854131e+22,1.6782370708586705e+23,5.035712322100345e+23,9.981181224154769e+19,1.6660151002865523e+17,5.540832410935815e+22,606.2928040364288,1.0027755394395197e+20,0.0,0.0,9.976262363963394e+16,0.0,5.0347112125760115e+23,1.0011095243392331e+20,1.6782370708586705e+23
1731087567567.5676,1515.6854313004396,257804242.78989184,0,5.923189661854131e+22,1.6782370708586705e+23,5.035712322100345e+23,9.981181224154769e+19,1.6660151002865523e+17,5.540832410935815e+22,563.9641955722412,1.0027755394395197e+20,0.0,0.0,9.976262363963394e+16,0.0,5.0347112125760115e+23,1.0011095243392331e+20,1.6782370708586705e+23
1734246486486.4866,1513.3417915765353,257762709.51434958,0,5.923189661854131e+22,1.6782370708586705e+23,5.035712322100345e+23,9.981181224154769e+19,1.6660151002865523e+17,5.540832410935815e+22,524.5907782015088,1.0027755394395197e+20,0.0,0.0,9.976262363963394e+16,0.0,5.0347112125760115e+23,1.0011095243392331e+20,1.6782370708586705e+23
1737405405405.4055,1510.9981518526308,257721360.585931,0,5.923189661854131e+22,1.6782370708586705e+23,5.035712322100345e+23,9.981181224154769e+19,1.6660151002865523e+17,5.540832410935815e+22,487.96623391105567,1.0027755394395197e+20,0.0,0.0,9.976262363963394e+16,0.0,5.0347112125760115e+23,1.0011095243392331e+20,1.6782370708586705e+23
1740564324324.3245,1508.6545121287265,257680196.45068517,0,5.923189661854131e+22,1.6782370708586705e+23,5.035712322100345e+23,9.981181224154769e+19,1.6660151002865523e+17,5.540832410935815e+22,453.8986488738362,1.0027755394395197e+20,0.0,0.0,9.976262363963394e+16,0.0,5.0347112125760115e+23,1.0011095243392331e+20,1.6782370708586705e+23
1743723243243.2434,1506.3108724048222,257639217.5544755,0,5.923189661854131e+22,1.6782370708586705e+23,5.035712322100345e+23,9.981181224154769e+19,1.6660151002865523e+17,5.540832410935815e+22,422.2095078141148,1.0027755394395197e+20,0.0,0.0,9.976262363963394e+16,0.0,5.0347112125760115e+23,1.0011095243392331e+20,1.6782370708586705e+23
1746882162162.162,1503.967232680918,257598424.34291565,0,5.923189661854131e+22,1.6782370708586705e+23,5.035712322100345e+23,9.981181224154769e+19,1.6660151002865523e+17,5.540832410935815e+22,392.73275858149935,1.0027755394395197e+20,0.0,0.0,9.976262363963394e+16,0.0,5.0347112125760115e+23,1.0011095243392331e+20,1.6782370708586705e+23
1750041081081.081,1501.6235929570137,257557817.26130453,0,5.923189661854131e+22,1.6782370708586705e+23,5.035712322100345e+23,9.981181224154769e+19,1.6660151002865523e+17,5.540832410935815e+22,365.31394203216456,1.0027755394395197e+20,0.0,0.0,9.976262363963394e+16,0.0,5.0347112125760115e+23,1.0011095243392331e+20,1.6782370708586705e+23
1753200000000.0002,1499.2799532331092,257517396.75455856,1,5.923173800673808e+22,1.6782370708586705e+23,5.035710795272589e+23,9.981181224154769e+19,7989706790712320.0,5.540848272116138e+22,339.80938265781424,1.0027755394395197e+20,5929027613238400.0,1.526827756247045e+17,9.972892654848997e+16,33697091143968.273,5.0347112125760115e+23,1.0011095243392331e+20,1.6782370708586705e+23
1756358918918.9192,1496.9363135092049,257477163.26714256,1,5.9231730400238e+22,1.6782370708586705e+23,5.0357106649777544e+23,9.981181224154769e+19,383206711567669.0,5.540849032766146e+22,316.08536332473903,1.0027755394395197e+20,506044236713564.0,1.65712259080374e+17,9.969444231996637e+16,68181319667573.11,5.0347112125760115e+23,1.0011095243392331e+20,1.6782370708586705e+23
1759517837837.838,1494.5926737853006,257437117.24299857,1,5.9231730035412984e+22,1.6782370708586705e+23,5.035710656594697e+23,9.981181224154769e+19,18381692780869.0,5.5408490692486474e+22,294.0176488796278,1.0027755394395197e+20,32563514910650.0,1.6655056482096374e+17,9.965915285651416e+16,103470783119777.56,5.0347112125760115e+23,1.0011095243392331e+20,1.6782370708586705e+23
1762676756756.7568,1492.2490340613963,257397259.12547287,1,5.923173001791313e+22,1.6782370708586705e+23,5.0357106561127856e+23,9.981181224154769e+19,881835960905.9082,5.540849070998633e+22,273.4906067584343,1.0027755394395197e+20,1872247004114.6328,1.6659875594569024e+17,9.96230396583702e+16,139583981263732.3,5.0347112125760115e+23,1.0011095243392331e+20,1.6782370708586705e+23
1765835675675.6758,1489.905394337492,257357589.3572406,1,5.923173001707361e+22,1.6782370708586705e+23,5.035710656086682e+23,9.981181224154769e+19,42309684386.76868,5.540849071082585e+22,254.39667403641096,1.0027755394395197e+20,101428700309.3208,1.6660136629027056e+17,9.958608381528885e+16,176539824345097.34,5.0347112125760115e+23,1.0011095243392331e+20,1.6782370708586705e+23
1768994594594.5947,1487.5617546135875,257318108.38022858,1,5.923173001703333e+22,1.6782370708586705e+23,5.035710656085318e+23,9.981181224154769e+19,2030211190.8090515,5.540849071086613e+22,236.63579721354537,1.0027755394395197e+20,5301106399.561493,1.6660150269733766e+17,9.954826599813677e+16,214357641497184.7,5.0347112125760115e+23,1.0011095243392331e+20,1.6782370708586705e+23
1772153513513.5137,1485.2181148896832,257278816.63553634,1,5.92317300170314e+22,1.6782370708586705e+23,5.035710656085248e+23,9.981181224154769e+19,97429813.68948388,5.540849071086806e+22,220.11490808591228,1.0027755394395197e+20,270649498.8180418,1.6660150966057594e+17,9.950956645035051e+16,253057189283442.56,5.0347112125760115e+23,1.0011095243392331e+20,1.6782370708586705e+23
1775312432432.4326,1482.874475165779,257239714.5633545,1,5.9231730017031305e+22,1.6782370708586705e+23,5.035710656085245e+23,9.981181224154769e+19,4676183.242069095,5.540849071086815e+22,204.7474360692207,1.0027755394395197e+20,13598395.353959024,1.6660151001038067e+17,9.946996497925626e+16,292658660377694.6,5.0347112125760115e+23,1.0011095243392331e+20,1.6782370708586705e+23
1778471351351.3513,1480.5308354418746,257200802.60288122,1,5.92317300170313e+22,1.6782370708586705e+23,5.035710656085245e+23,9.981181224154769e+19,224460.50581300352,5.540849071086816e+22,190.4528545633873,1.0027755394395197e+20,675526.3434203342,1.6660151002775526e+17,9.942944094725152e+16,333182692382426.44,5.0347112125760115e+23,1.0011095243392331e+20,1.6782370708586705e+23
1781630270270.2703,1478.1871957179703,257162081.19223672,1,5.92317300170313e+22,1.6782370708586705e+23,5.035710656085245e+23,9.981181224154769e+19,10775.487533992302,5.540849071086816e+22,177.15625898768212,1.0027755394395197e+20,33283.59249099519,1.666015100286112e+17,9.938797326284866e+16,374650376785289.0,5.0347112125760115e+23,1.0011095243392331e+20,1.6782370708586705e+23
1784789189189.1895,1475.8435559940658,257123550.7683752,1,5.92317300170313e+22,1.6782370708586705e+23,5.035710656085245e+23,9.981181224154769e+19,517.3482867322291,5.540849071086816e+22,164.7879742756244,1.0027755394395197e+20,1630.0229727194092,1.6660151002865312e+17,9.93455403715801e+16,417083268053852.5,5.0347112125760115e+23,1.0011095243392331e+20,1.6782370708586705e+23
1787948108108.1082,1473.4999162701615,257085211.76699466,1,5.92317300170313e+22,1.6782370708586705e+23,5.035710656085245e+23,9.981181224154769e+19,24.84233977761096,5.540849071086816e+22,153.28318977288842,1.0027755394395197e+20,79.47082331527713,1.6660151002865517e+17,9.930212024676544e+16,460503392868500.75,5.0347112125760115e+23,1.0011095243392331e+20,1.6782370708586705e+23
1791107027027.027,1471.1562765462572,257047064.62244457,1,5.92317300170313e+22,1.6782370708586705e+23,5.035710656085245e+23,9.981181224154769e+19,1.1938411590481266,5.540849071086816e+22,142.58161962506045,1.0027755394395197e+20,3.8621366632570044,1.6660151002865526e+17,9.925769038014074e+16,504933259493203.9,5.0347112125760115e+23,1.0011095243392331e+20,1.6782370708586705e+23
1794265945945.946,1468.812636822353,257009109.76763096,1,5.92317300170313e+22,1.6782370708586705e+23,5.035710656085245e+23,9.981181224154769e+19,0.05813689438770675,5.540849071086816e+22,132.6271868756554,1.0027755394395197e+20,0.18780239107064567,1.6660151002865526e+17,9.921222777235019e+16,550395867283743.5,5.0347112125760115e+23,1.0011095243392331e+20,1.6782370708586705e+23
1797424864864.865,1466.4689970984487,256971347.6339192,1,5.92317300170313e+22,1.6782370708586705e+23,5.035710656085245e+23,9.981181224154769e+19,0.003536553406027196,5.540849071086816e+22,123.3677296190453,1.0027755394395197e+20,0.009659988664466795,1.6660151002865526e+17,9.916570892330115e+16,596914716332790.9,5.0347112125760115e+23,1.0011095243392331e+20,1.6782370708586705e+23
1800583783783.784,1464.1253573745441,256933778.65103462,1,5.92317300170313e+22,1.6782370708586705e+23,5.035710656085245e+23,9.981181224154769e+19,0.0008621013990124278,5.540849071086816e+22,114.75472766852093,1.0027755394395197e+20,0.001001903662953732,1.6660151002865526e+17,9.91181098223829e+16,644513817251054.0,5.0347112125760115e+23,1.0011095243392331e+20,1.6782370708586705e+23
1803742702702.703,1461.7817176506398,256896403.24696037,1,5.92317300170313e+22,1.6782370708586705e+23,5.035710656085245e+23,9.981181224154769e+19,0.0006853732470582952,5.540849071086816e+22,106.74304830720861,1.0027755394395197e+20,0.0005463677052993995,1.6660151002865526e+17,9.906940593855043e+16,693217701083514.5,5.0347112125760115e+23,1.0011095243392331e+20,1.6782370708586705e+23
1806901621621.6218,1459.4380779267356,256859221.84783277,1,5.92317300170313e+22,1.6782370708586705e+23,5.035710656085245e+23,9.981181224154769e+19,0.0006319924282444829,5.540849071086816e+22,99.29070978955971,1.0027755394395197e+20,0.0004896845584101261,1.6660151002865526e+17,9.901957221027438e+16,743051429359565.9,5.0347112125760115e+23,1.0011095243392331e+20,1.6782370708586705e+23
1810060540540.5405,1457.0944382028313,256822234.87783483,1,5.92317300170313e+22,1.6782370708586705e+23,5.035710656085245e+23,9.981181224154769e+19,0.0005876665197968277,5.540849071086816e+22,92.35866135414452,1.0027755394395197e+20,0.00045466557809520705,1.6660151002865526e+17,9.89685830353583e+16,794040604275645.4,5.0347112125760115e+23,1.0011095243392331e+20,1.6782370708586705e+23
1813219459459.4595,1454.750798478927,256785442.75908613,1,5.92317300170313e+22,1.6782370708586705e+23,5.035710656085245e+23,9.981181224154769e+19,0.0005466865796106436,5.540849071086816e+22,85.91057859500243,1.0027755394395197e+20,0.0004229405352937591,1.6660151002865526e+17,9.891641226062523e+16,846211379008715.6,5.0347112125760115e+23,1.0011095243392331e+20,1.6782370708586705e+23
1816378378378.3787,1452.4071587550225,256748845.9115311,1,5.92317300170313e+22,1.6782370708586705e+23,5.035710656085245e+23,9.981181224154769e+19,0.0005085754273252991,5.540849071086816e+22,79.91267311928067,1.0027755394395197e+20,0.0003934670035859074,1.6660151002865526e+17,9.886303317147523e+16,899590468158708.2,5.0347112125760115e+23,1.0011095243392331e+20,1.6782370708586705e+23
1819537297297.2974,1450.0635190311182,256712444.75282407,1,5.92317300170313e+22,1.6782370708586705e+23,5.035710656085245e+23,9.981181224154769e+19,0.00047312139253098164,5.540849071086816e+22,74.33351549375422,1.0027755394395197e+20,0.0003660489628767444,1.6660151002865526e+17,9.880841848131616e+16,954205158317774.9,5.0347112125760115e+23,1.0011095243392331e+20,1.6782370708586705e+23
1822696216216.2163,1447.719879307214,256676239.698212,1,5.92317300170313e+22,1.6782370708586705e+23,5.035710656085245e+23,9.981181224154769e+19,0.0004401387166480999,5.540849071086816e+22,69.14387055245507,1.0027755394395197e+20,0.00034054133275400814,1.6660151002865526e+17,9.875254032087002e+16,1010083318763919.8,5.0347112125760115e+23,1.0011095243392331e+20,1.6782370708586705e+23
1825855135135.1353,1445.3762395833096,256640231.16041443,1,5.92317300170313e+22,1.6782370708586705e+23,5.035710656085245e+23,9.981181224154769e+19,0.0004094551231624728,5.540849071086816e+22,64.31654420241124,1.0027755394395197e+20,0.0003168109342338247,1.6660151002865526e+17,9.869537022735765e+16,1067253412276288.6,5.0347112125760115e+23,1.0011095243392331e+20,1.6782370708586705e+23
1829014054054.054,1443.0325998594053,256604419.54950058,1,5.92317300170313e+22,1.6782370708586705e+23,5.035710656085245e+23,9.981181224154769e+19,0.0003809103675662725,5.540849071086816e+22,59.82624092474732,1.0027755394395197e+20,0.00029473395151507955,1.6660151002865526e+17,9.863687913356485e+16,1125744506069085.8,5.0347112125760115e+23,1.0011095243392331e+20,1.6782370708586705e+23
1832172972972.9731,1440.6889601355008,256568805.27276373,1,5.92317300170313e+22,1.6782370708586705e+23,5.035710656085245e+23,9.981181224154769e+19,0.0003543553743658393,5.540849071086816e+22,55.64943122444267,1.0027755394395197e+20,0.00027419519755564684,1.6660151002865526e+17,9.857703735679317e+16,1185586282840759.5,5.0347112125760115e+23,1.0011095243392331e+20,1.6782370708586705e+23
1835331891891.892,1438.3453204115965,256533388.73459348,1,5.92317300170313e+22,1.6782370708586705e+23,5.035710656085245e+23,9.981181224154769e+19,0.00032965145758156317,5.540849071086816e+22,51.764228334174824,1.0027755394395197e+20,0.0002550875091319278,1.6660151002865526e+17,9.851581458769917e+16,1246809051934755.8,5.0347112125760115e+23,1.0011095243392331e+20,1.6782370708586705e+23
1838490810810.811,1436.0016806876922,256498170.33634377,1,5.92317300170313e+22,1.6782370708586705e+23,5.035710656085245e+23,9.981181224154769e+19,0.0003066695966858204,5.540849071086816e+22,48.150273526167986,1.0027755394395197e+20,0.00023731118779749504,1.6660151002865526e+17,9.845317987902614e+16,1309443760607773.5,5.0347112125760115e+23,1.0011095243392331e+20,1.6782370708586705e+23
1841649729729.7297,1433.658040963788,256463150.47619972,1,5.92317300170313e+22,1.6782370708586705e+23,5.035710656085245e+23,9.981181224154769e+19,0.00028528976304757064,5.540849071086816e+22,44.78862943107277,1.0027755394395197e+20,0.00022077347995540404,1.6660151002865526e+17,9.838910163423283e+16,1373522005401077.8,5.0347112125760115e+23,1.0011095243392331e+20,1.6782370708586705e+23
1844808648648.6487,1431.3144012398836,256428329.5490402,1,5.92317300170313e+22,1.6782370708586705e+23,5.035710656085245e+23,9.981181224154769e+19,0.00026540029331320516,5.540849071086816e+22,41.661680804860964,1.0027755394395197e+20,0.00020538809314782098,1.6660151002865526e+17,9.832354759602389e+16,1439076043610016.2,5.0347112125760115e+23,1.0011095243392331e+20,1.6782370708586705e+23
1847967567567.5679,1428.9707615159791,256393707.9462986,1,5.92317300170313e+22,1.6782370708586705e+23,5.035710656085245e+23,9.981181224154769e+19,0.0002468973064509135,5.540849071086816e+22,38.753042223747,1.0027755394395197e+20,0.00019107474603269337,1.6660151002865526e+17,9.825648483478744e+16,1506138804846470.0,5.0347112125760115e+23,1.0011095243392331e+20,1.6782370708586705e+23
1851126486486.4866,1426.6271217920748,256359286.05581984,1,5.92317300170313e+22,1.6782370708586705e+23,5.035710656085245e+23,9.981181224154769e+19,0.0002296841614161894,5.540849071086816e+22,36.04747222345125,1.0027755394395197e+20,0.00017775874970128898,1.6660151002865526e+17,9.818787973694539e+16,1574743902688514.8,5.0347112125760115e+23,1.0011095243392331e+20,1.6782370708586705e+23
1854285405405.4055,1424.2834820681705,256325064.26171488,1,5.92317300170313e+22,1.6782370708586705e+23,5.035710656085245e+23,9.981181224154769e+19,0.000213670952608192,5.540849071086816e+22,33.53079343288909,1.0027755394395197e+20,0.00016537061815416997,1.6660151002865526e+17,9.81176979932228e+16,1644925646411109.0,5.0347112125760115e+23,1.0011095243392331e+20,1.6782370708586705e+23
1857444324324.3245,1421.9398423442663,256291042.94421223,1,5.92317300170313e+22,1.6782370708586705e+23,5.035710656085245e+23,9.981181224154769e+19,0.00019877404048382688,5.540849071086816e+22,31.189818283780735,1.0027755394395197e+20,0.00015384570590511442,1.6660151002865526e+17,9.804590458684278e+16,1716719052791124.5,5.0347112125760115e+23,1.0011095243392331e+20,1.6782370708586705e+23
1860603243243.2432,1419.596202620362,256257222.47950637,1,5.92317300170313e+22,1.6782370708586705e+23,5.035710656085245e+23,9.981181224154769e+19,0.00018491561487989777,5.540849071086816e+22,29.01227990689524,1.0027755394395197e+20,0.00014312387082392446,1.6660151002865526e+17,9.797246378165438e+16,1790159857979523.0,5.0347112125760115e+23,1.0011095243392331e+20,1.6782370708586705e+23
1863762162162.1624,1417.2525628964574,256223603.2396032,1,5.92317300170313e+22,1.6782370708586705e+23,5.035710656085245e+23,9.981181224154769e+19,0.00017202328876435302,5.540849071086816e+22,26.98676785282019,1.0027755394395197e+20,0.00013314916046055668,1.6660151002865526e+17,9.789733911020098e+16,1865284529432938.5,5.0347112125760115e+23,1.0011095243392331e+20,1.6782370708586705e+23
1866921081081.0813,1414.9089231725532,256190185.5921624,1,5.92317300170313e+22,1.6782370708586705e+23,5.035710656085245e+23,9.981181224154769e+19,0.00016002972029638234,5.540849071086816e+22,25.10266830042958,1.0027755394395197e+20,0.0001238695202153998,1.6660151002865526e+17,9.782049336173757e+16,1942130277896352.8,5.0347112125760115e+23,1.0011095243392331e+20,1.6782370708586705e+23
1870080000000.0,1412.5652834486489,256156969.90033674,1,5.92317300170313e+22,1.6782370708586705e+23,5.035710656085245e+23,9.981181224154769e+19,0.00014887226122290266,5.540849071086816e+22,23.350108439738197,1.0027755394395197e+20,0.00011523652183439157,1.6660151002865526e+17,9.774188857020597e+16,2020735069427957.8,5.0347112125760115e+23,1.0011095243392331e+20,1.6782370708586705e+23
1873238918918.919,1410.2216437247446,256123956.52260864,1,5.92317300170313e+22,1.6782370708586705e+23,5.035710656085245e+23,9.981181224154769e+19,0.00013849262977634743,5.540849071086816e+22,21.719904737704816,1.0027755394395197e+20,0.00010720511081357097,1.6660151002865526e+17,9.766148600217726e+16,2101137637456669.0,5.0347112125760115e+23,1.0011095243392331e+20,1.6782370708586705e+23
1876397837837.838,1407.8780040008403,256091145.81262293,1,5.92317300170313e+22,1.6782370708586705e+23,5.035710656085245e+23,9.981181224154769e+19,0.00012883660636655615,5.540849071086816e+22,20.203514815893566,1.0027755394395197e+20,9.973337139625085e-05,1.6660151002865526e+17,9.757924614477184e+16,2183377494862099.5,5.0347112125760115e+23,1.0011095243392331e+20,1.6782370708586705e+23
1879556756756.757,1405.5343642769358,256058538.11901748,1,5.92317300170313e+22,1.6782370708586705e+23,5.035710656085245e+23,9.981181224154769e+19,0.00011985375047849061,5.540849071086816e+22,18.792992687829084,1.0027755394395197e+20,9.27823079376576e-05,1.6660151002865526e+17,9.749512869356782e+16,2267494946066117.0,5.0347112125760115e+23,1.0011095243392331e+20,1.6782370708586705e+23
1882715675675.6758,1403.1907245530315,256026133.78524986,1,5.92317300170313e+22,1.6782370708586705e+23,5.035710656085245e+23,9.981181224154769e+19,0.0001114971372981762,5.540849071086816e+22,17.48094712148615,1.0027755394395197e+20,8.631564149721039e-05,1.6660151002865526e+17,9.740909254050955e+16,2353531099124384.0,5.0347112125760115e+23,1.0011095243392331e+20,1.6782370708586705e+23
1885874594594.5947,1400.8470848291272,255993933.1494214,1,5.92317300170313e+22,1.6782370708586705e+23,5.035710656085245e+23,9.981181224154769e+19,0.000103723112692208,5.540849071086816e+22,16.26050290873045,1.0027755394395197e+20,8.029962059798125e-05,1.6660151002865526e+17,9.73210957618284e+16,2441527877805535.0,5.0347112125760115e+23,1.0011095243392331e+20,1.6782370708586705e+23
1889033513513.5137,1398.503445105223,255961936.54409814,1,5.92317300170313e+22,1.6782370708586705e+23,5.035710656085245e+23,9.981181224154769e+19,9.649106526194362e-05,5.540849071086816e+22,15.125264838759668,1.0027755394395197e+20,7.470284516671141e-05,1.6660151002865526e+17,9.723109560598909e+16,2531528033644849.5,5.0347112125760115e+23,1.0011095243392331e+20,1.6782370708586705e+23
1892192432432.4326,1396.1598053813184,255930144.29612818,1,5.92317300170313e+22,1.6782370708586705e+23,5.035710656085245e+23,9.981181224154769e+19,8.976321428260411e-05,5.540849071086816e+22,14.06928418676327,1.0027755394395197e+20,6.949610273647021e-05,1.6660151002865526e+17,9.713904848167547e+16,2623575157958464.0,5.0347112125760115e+23,1.0011095243392331e+20,1.6782370708586705e+23
1895351351351.3516,1393.816165657414,255898556.72645676,1,5.92317300170313e+22,1.6782370708586705e+23,5.035710656085245e+23,9.981181224154769e+19,8.35044124204128e-05,5.540849071086816e+22,13.087027542199339,1.0027755394395197e+20,6.465221605795723e-05,1.6660151002865526e+17,9.704490994583064e+16,2717713693803300.0,5.0347112125760115e+23,1.0011095243392331e+20,1.6782370708586705e+23
1898510270270.2705,1391.4725259335098,255867174.14993733,1,5.92317300170313e+22,1.6782370708586705e+23,5.035710656085245e+23,9.981181224154769e+19,7.76819621980103e-05,5.540849071086816e+22,12.173347813346423,1.0027755394395197e+20,6.014590132491526e-05,1.6660151002865526e+17,9.694863469176694e+16,2813988947866995.0,5.0347112125760115e+23,1.0011095243392331e+20,1.6782370708586705e+23
1901669189189.1892,1389.1288862096055,255835996.8751403,1,5.92317300170313e+22,1.6782370708586705e+23,5.035710656085245e+23,9.981181224154769e+19,7.226544525014314e-05,5.540849071086816e+22,11.323457256192341,1.0027755394395197e+20,5.595363627445269e-05,1.6660151002865526e+17,9.685017653736275e+16,2912447102271179.5,5.0347112125760115e+23,1.0011095243392331e+20,1.6782370708586705e+23
1904828108108.1082,1386.7852464857012,255805025.20415798,1,5.92317300170313e+22,1.6782370708586705e+23,5.035710656085245e+23,9.981181224154769e+19,6.722656347836562e-05,5.540849071086816e+22,10.532902386329456,1.0027755394395197e+20,5.205353747454429e-05,1.6660151002865526e+17,9.674948841336346e+16,3013135226270469.5,5.0347112125760115e+23,1.0011095243392331e+20,1.6782370708586705e+23
1907987027027.0273,1384.4416067617967,255774259.43240726,1,5.92317300170313e+22,1.6782370708586705e+23,5.035710656085245e+23,9.981181224154769e+19,6.25389912756011e-05,5.540849071086816e+22,9.797540642393031,1.0027755394395197e+20,4.842524615887426e-05,1.6660151002865526e+17,9.66465223518054e+16,3116101287828523.0,5.0347112125760115e+23,1.0011095243392331e+20,1.6782370708586705e+23
1911145945945.946,1382.0979670378924,255743699.84842855,1,5.92317300170313e+22,1.6782370708586705e+23,5.035710656085245e+23,9.981181224154769e+19,5.817823804917877e-05,5.540849071086816e+22,9.11351867875753,1.0027755394395197e+20,4.5049822013739325e-05,1.6660151002865526e+17,9.654122947458248e+16,3221394165051448.0,5.0347112125760115e+23,1.0011095243392331e+20,1.6782370708586705e+23
1914304864864.865,1379.7543273139881,255713346.73368192,1,5.92317300170313e+22,1.6782370708586705e+23,5.035710656085245e+23,9.981181224154769e+19,5.412152032470614e-05,5.540849071086816e+22,8.477252173743068,1.0027755394395197e+20,4.1909644363184685e-05,1.6660151002865526e+17,9.64335599821762e+16,3329063657457743.0,5.0347112125760115e+23,1.0011095243392331e+20,1.6782370708586705e+23
1917463783783.784,1377.4106875900839,255683200.36234054,1,5.92317300170313e+22,1.6782370708586705e+23,5.035710656085245e+23,9.981181224154769e+19,5.034764276315028e-05,5.540849071086816e+22,7.885407047525683,1.0027755394395197e+20,3.8988320237112436e-05,1.6660151002865526e+17,9.632346314257114e+16,3439160497062796.0,5.0347112125760115e+23,1.0011095243392331e+20,1.6782370708586705e+23
1920622702702.703,1375.0670478661796,255653261.00108048,1,5.92317300170313e+22,1.6782370708586705e+23,5.035710656085245e+23,9.981181224154769e+19,4.683688747000869e-05,5.540849071086816e+22,7.334881991331956,1.0027755394395197e+20,3.627059884298261e-05,1.6660151002865526e+17,9.621088728037917e+16,3551736359254771.0,5.0347112125760115e+23,1.0011095243392331e+20,1.6782370708586705e+23
1923781621621.6218,1372.723408142275,255623528.90886834,1,5.92317300170313e+22,1.6782370708586705e+23,5.035710656085245e+23,9.981181224154769e+19,4.357091101873814e-05,5.540849071086816e+22,6.822792216369806,1.0027755394395197e+20,3.374229199511571e-05,1.6660151002865526e+17,9.609577976619648e+16,3666843873437466.5,5.0347112125760115e+23,1.0011095243392331e+20,1.6782370708586705e+23
1926940540540.5408,1370.3797684183708,255594004.33674535,1,5.92317300170313e+22,1.6782370708586705e+23,5.035710656085245e+23,9.981181224154769e+19,4.053264865086818e-05,5.540849071086816e+22,6.346454337338727,1.0027755394395197e+20,3.1390200086657376e-05,1.6660151002865526e+17,9.597808700621952e+16,3784536633414423.5,5.0347112125760115e+23,1.0011095243392331e+20,1.6782370708586705e+23
1930099459459.4597,1368.0361286944665,255564687.5276088,1,5.92317300170313e+22,1.6782370708586705e+23,5.035710656085245e+23,9.981181224154769e+19,3.770622515268662e-05,5.540849071086816e+22,5.9033723113080425,1.0027755394395197e+20,2.9202043218166766e-05,1.6660151002865526e+17,9.585775443214672e+16,3904869207487229.5,5.0347112125760115e+23,1.0011095243392331e+20,1.6782370708586705e+23
1933258378378.3784,1365.6924889705622,255535578.71599114,1,5.92317300170313e+22,1.6782370708586705e+23,5.035710656085245e+23,9.981181224154769e+19,3.507687194322659e-05,5.540849071086816e+22,5.491224358281936,1.0027755394395197e+20,2.716639712367435e-05,1.6660151002865526e+17,9.57347264913944e+16,4027897148239546.0,5.0347112125760115e+23,1.0011095243392331e+20,1.6782370708586705e+23
1936417297297.2974,1363.348849246658,255506678.12783524,1,5.92317300170313e+22,1.6782370708586705e+23,5.035710656085245e+23,9.981181224154769e+19,3.263084994071326e-05,5.540849071086816e+22,5.107850794914131,1.0027755394395197e+20,2.5272633560063148e-05,1.6660151002865526e+17,9.5608946637657e+16,4153677001976955.5,5.0347112125760115e+23,1.0011095243392331e+20,1.6782370708586705e+23
1939576216216.2166,1361.0052095227534,255477985.9802682,1,5.92317300170313e+22,1.6782370708586705e+23,5.035710656085245e+23,9.981181224154769e+19,3.0355377804780763e-05,5.540849071086816e+22,4.751242717620057,1.0027755394395197e+20,2.3510864848902478e-05,1.6660151002865526e+17,9.548035732184275e+16,4282266317791197.5,5.0347112125760115e+23,1.0011095243392331e+20,1.6782370708586705e+23
1942735135135.1353,1358.661569798849,255449502.48137164,1,5.92317300170313e+22,1.6782370708586705e+23,5.035710656085245e+23,9.981181224154769e+19,2.8238565179836833e-05,5.540849071086816e+22,4.419531475785233,1.0027755394395197e+20,2.187189228151042e-05,1.6660151002865526e+17,9.534889998341813e+16,4413723656215816.5,5.0347112125760115e+23,1.0011095243392331e+20,1.6782370708586705e+23
1945894054054.0542,1356.3179300749448,255421227.82994953,1,5.92317300170313e+22,1.6782370708586705e+23,5.035710656085245e+23,9.981181224154769e+19,2.6269350591050103e-05,5.540849071086816e+22,4.110978879908769,1.0027755394395197e+20,2.0347158118163948e-05,1.6660151002865526e+17,9.521451504219533e+16,4548108597438622.0,5.0347112125760115e+23,1.0011095243392331e+20,1.6782370708586705e+23
1949052972972.9731,1353.9742903510405,255393162.2152941,1,5.92317300170313e+22,1.6782370708586705e+23,5.035710656085245e+23,9.981181224154769e+19,2.4437443668728367e-05,5.540849071086816e+22,3.8239680933719913,1.0027755394395197e+20,1.8928700931116404e-05,1.6660151002865526e+17,9.507714189059926e+16,4685481749034679.0,5.0347112125760115e+23,1.0011095243392331e+20,1.6782370708586705e+23
1952211891891.8918,1351.6306506271362,255365305.81694847,1,5.92317300170313e+22,1.6782370708586705e+23,5.035710656085245e+23,9.981181224154769e+19,2.273327139944224e-05,5.540849071086816e+22,3.55699516010443,1.0027755394395197e+20,1.760911405851586e-05,1.6660151002865526e+17,9.493671888645211e+16,4825904753181824.0,5.0347112125760115e+23,1.0011095243392331e+20,1.6782370708586705e+23
1955370810810.811,1349.2870109032317,255337658.8044678,1,5.92317300170313e+22,1.6782370708586705e+23,5.035710656085245e+23,9.981181224154769e+19,2.1147928123273663e-05,5.540849071086816e+22,3.3086611237515746,1.0027755394395197e+20,1.6381506952538696e-05,1.6660151002865526e+17,9.479318334631504e+16,4969440293318902.0,5.0347112125760115e+23,1.0011095243392331e+20,1.6782370708586705e+23
1958529729729.73,1346.9433711793274,255310221.33717743,1,5.92317300170313e+22,1.6782370708586705e+23,5.035710656085245e+23,9.981181224154769e+19,1.9673129016119565e-05,5.540849071086816e+22,3.0776646970482897,1.0027755394395197e+20,1.5239469220144897e-05,1.6660151002865526e+17,9.464647153942888e+16,5116152100205067.0,5.0347112125760115e+23,1.0011095243392331e+20,1.6782370708586705e+23
1961688648648.649,1344.5997314554231,255282993.5639294,1,5.92317300170313e+22,1.6782370708586705e+23,5.035710656085245e+23,9.981181224154769e+19,1.8301166814176702e-05,5.540849071086816e+22,2.8627954429849107,1.0027755394395197e+20,1.417703716890021e-05,1.6660151002865526e+17,9.449651868229736e+16,5266104957336585.0,5.0347112125760115e+23,1.0011095243392331e+20,1.6782370708586705e+23
1964847567567.5676,1342.2560917315188,255255975.62285686,1,5.92317300170313e+22,1.6782370708586705e+23,5.035710656085245e+23,9.981181224154769e+19,1.7024871554654976e-05,5.540849071086816e+22,2.6629274320348673,1.0027755394395197e+20,1.3188662683374128e-05,1.6660151002865526e+17,9.434325893395835e+16,5419364705675586.0,5.0347112125760115e+23,1.0011095243392331e+20,1.6782370708586705e+23
1968006486486.4866,1339.9124520076145,255229167.64112613,1,5.92317300170313e+22,1.6782370708586705e+23,5.035710656085245e+23,9.981181224154769e+19,1.583757312251363e-05,5.540849071086816e+22,2.477013342207276,1.0027755394395197e+20,1.2269184269774922e-05,1.6660151002865526e+17,9.418662539199074e+16,5575998247643194.0,5.0347112125760115e+23,1.0011095243392331e+20,1.6782370708586705e+23
1971165405405.4058,1337.56881228371,255202569.73468757,1,5.92317300170313e+22,1.6782370708586705e+23,5.035710656085245e+23,9.981181224154769e+19,1.4733066407663503e-05,5.540849071086816e+22,2.3040789710083707,1.0027755394395197e+20,1.1413800117789075e-05,1.6660151002865526e+17,9.402655008930658e+16,5736073550327360.0,5.0347112125760115e+23,1.0011095243392331e+20,1.6782370708586705e+23
1974324324324.3245,1335.2251725598057,255176182.00802428,1,5.92317300170313e+22,1.6782370708586705e+23,5.035710656085245e+23,9.981181224154769e+19,1.3705578890704448e-05,5.540849071086816e+22,2.1432181305540805,1.0027755394395197e+20,1.0618043039112854e-05,1.6660151002865526e+17,9.386296399178038e+16,5899659647853557.0,5.0347112125760115e+23,1.0011095243392331e+20,1.6782370708586705e+23
1977483243243.2434,1332.8815328359015,255150004.55389944,1,5.92317300170313e+22,1.6782370708586705e+23,5.035710656085245e+23,9.981181224154769e+19,1.2749740487946564e-05,5.540849071086816e+22,1.9935878990837939,1.0027755394395197e+20,9.877757151949035e-06,1.6660151002865526e+17,9.369579699676965e+16,6066826642864285.0,5.0347112125760115e+23,1.0011095243392331e+20,1.6782370708586705e+23
1980642162162.1624,1330.5378931119972,255124037.4531023,1,5.92317300170313e+22,1.6782370708586705e+23,5.035710656085245e+23,9.981181224154769e+19,1.1860555498257322e-05,5.540849071086816e+22,1.8544042039929203,1.0027755394395197e+20,9.189076189847613e-06,1.6660151002865526e+17,9.352497793258288e+16,6237645707051049.0,5.0347112125760115e+23,1.0011095243392331e+20,1.6782370708586705e+23
1983801081081.081,1328.1942533880929,255098280.77419248,1,5.92317300170313e+22,1.6782370708586705e+23,5.035710656085245e+23,9.981181224154769e+19,1.1033376505249938e-05,5.540849071086816e+22,1.7249377132390378,1.0027755394395197e+20,8.548403321739843e-06,1.6660151002865526e+17,9.335043455895381e+16,6412189080680121.0,5.0347112125760115e+23,1.0011095243392331e+20,1.6782370708586705e+23
1986960000000.0002,1325.8506136641884,255072734.57324404,1,5.92317300170313e+22,1.6782370708586705e+23,5.035710656085245e+23,9.981181224154769e+19,1.0263880098537064e-05,5.540849071086816e+22,1.6045100135923118,1.0027755394395197e+20,7.952392377896241e-06,1.6660151002865526e+17,9.317209356858293e+16,6590530071051007.0,5.0347112125760115e+23,1.0011095243392331e+20,1.6782370708586705e+23
1990118918918.9192,1323.506973940284,255047398.89358735,1,5.92317300170313e+22,1.6782370708586705e+23,5.035710656085245e+23,9.981181224154769e+19,9.54804428726904e-06,5.540849071086816e+22,1.4924900557039646,1.0027755394395197e+20,7.397930383871613e-06,1.6660151002865526e+17,9.298988058980987e+16,6772743049824060.0,5.0347112125760115e+23,1.0011095243392331e+20,1.6782370708586705e+23
1993277837837.838,1321.1633342163798,255022273.76555145,1,5.92317300170313e+22,1.6782370708586705e+23,5.035710656085245e+23,9.981181224154769e+19,8.882127488013297e-06,5.540849071086816e+22,1.388290847364704,1.0027755394395197e+20,6.882121311320411e-06,1.6660151002865526e+17,9.280372019048275e+16,6958903449151177.0,5.0347112125760115e+23,1.0011095243392331e+20,1.6782370708586705e+23
1996436756756.7568,1318.8196944924755,254997359.20620462,1,5.92317300170313e+22,1.6782370708586705e+23,5.035710656085245e+23,9.981181224154769e+19,8.262648977248741e-06,5.540849071086816e+22,1.291366377625566,1.0027755394395197e+20,6.4022709609145374e-06,1.6660151002865526e+17,9.261353588309301e+16,7149087756540924.0,5.0347112125760115e+23,1.0011095243392331e+20,1.6782370708586705e+23
1999595675675.6758,1316.4760547685712,254972655.21909547,1,5.92317300170313e+22,1.6782370708586705e+23,5.035710656085245e+23,9.981181224154769e+19,7.686370706396915e-06,5.540849071086816e+22,1.2012087556633513,1.0027755394395197e+20,5.9558728984970616e-06,1.6660151002865526e+17,9.241925013124712e+16,7343373508386804.0,5.0347112125760115e+23,1.0011095243392331e+20,1.6782370708586705e+23
2002754594594.5947,1314.1324150446667,254948161.79399318,1,5.92317300170313e+22,1.6782370708586705e+23,5.035710656085245e+23,9.981181224154769e+19,7.15028038442592e-06,5.540849071086816e+22,1.1173455493981188,1.0027755394395197e+20,5.540595371101843e-06,1.6660151002865526e+17,9.222078435754922e+16,7541839282084701.0,5.0347112125760115e+23,1.0011095243392331e+20,1.6782370708586705e+23
2005913513513.5137,1311.7887753207624,254923878.9066281,1,5.92317300170313e+22,1.6782370708586705e+23,5.035710656085245e+23,9.981181224154769e+19,6.651575739679389e-06,5.540849071086816e+22,1.0393373099169083,1.0027755394395197e+20,5.154269134576738e-06,1.6660151002865526e+17,9.201805895297112e+16,7744564686662792.0,5.0347112125760115e+23,1.0011095243392331e+20,1.6782370708586705e+23
2009072432432.4326,1309.445135596858,254899806.5184322,1,5.92317300170313e+22,1.6782370708586705e+23,5.035710656085245e+23,9.981181224154769e+19,6.187649878741763e-06,5.540849071086816e+22,0.9667752687315032,1.0027755394395197e+20,4.794876129305087e-06,1.6660151002865526e+17,9.181099328778947e+16,7951630351844445.0,5.0347112125760115e+23,1.0011095243392331e+20,1.6782370708586705e+23
2012231351351.3516,1307.1014958729538,254875944.57628003,1,5.92317300170313e+22,1.6782370708586705e+23,5.035710656085245e+23,9.981181224154769e+19,5.756077665877924e-06,5.540849071086816e+22,0.8992791958037116,1.0027755394395197e+20,4.460538944942231e-06,1.6660151002865526e+17,9.159950572417214e+16,8163117915461774.0,5.0347112125760115e+23,1.0011095243392331e+20,1.6782370708586705e+23
2015390270270.2703,1304.7578561490495,254852293.01223037,1,5.92317300170313e+22,1.6782370708586705e+23,5.035710656085245e+23,9.981181224154769e+19,5.354603051914208e-06,5.540849071086816e+22,0.836495407114067,1.0027755394395197e+20,4.149511019200185e-06,1.6660151002865526e+17,9.138351363049923e+16,8379110009134688.0,5.0347112125760115e+23,1.0011095243392331e+20,1.6782370708586705e+23
2018549189189.1895,1302.414216425145,254828851.74326858,1,5.92317300170313e+22,1.6782370708586705e+23,5.035710656085245e+23,9.981181224154769e+19,4.981127286385193e-06,5.540849071086816e+22,0.7780949113334761,1.0027755394395197e+20,3.860167519541906e-06,1.6660151002865526e+17,9.11629333975066e+16,8599690242127333.0,5.0347112125760115e+23,1.0011095243392331e+20,1.6782370708586705e+23
2021708108108.1084,1300.0705767012407,254805620.67105016,1,5.92317300170313e+22,1.6782370708586705e+23,5.035710656085245e+23,9.981181224154769e+19,4.6336979513827455e-06,5.540849071086816e+22,0.7237716858862461,1.0027755394395197e+20,3.590996860209123e-06,1.6660151002865526e+17,9.0937680456343e+16,8824943183290920.0,5.0347112125760115e+23,1.0011095243392331e+20,1.6782370708586705e+23
2024867027027.027,1297.7269369773364,254782599.68164557,1,5.92317300170313e+22,1.6782370708586705e+23,5.035710656085245e+23,9.981181224154769e+19,4.310498759834409e-06,5.540849071086816e+22,0.6732410733709437,1.0027755394395197e+20,3.340592810321358e-06,1.6660151002865526e+17,9.070766929863496e+16,9054954340998974.0,5.0347112125760115e+23,1.0011095243392331e+20,1.6782370708586705e+23
2028025945945.946,1295.3832972534321,254759788.64528656,1,5.92317300170313e+22,1.6782370708586705e+23,5.035710656085245e+23,9.981181224154769e+19,4.009840064929385e-06,5.540849071086816e+22,0.6262382899362239,1.0027755394395197e+20,3.1076471518676397e-06,1.6660151002865526e+17,9.047281349865589e+16,9289810140978048.0,5.0347112125760115e+23,1.0011095243392331e+20,1.6782370708586705e+23
2031184864864.865,1293.0396575295279,254737187.41611448,1,5.92317300170313e+22,1.6782370708586705e+23,5.035710656085245e+23,9.981181224154769e+19,3.7301500311244257e-06,5.540849071086816e+22,0.5825170377954123,1.0027755394395197e+20,2.8909428492801303e-06,1.6660151002865526e+17,9.023302573769997e+16,9529597901933974.0,5.0347112125760115e+23,1.0011095243392331e+20,1.6782370708586705e+23
2034343783783.784,1290.6960178056233,254714795.8319306,1,5.92317300170313e+22,1.6782370708586705e+23,5.035710656085245e+23,9.981181224154769e+19,3.469966420615805e-06,5.540849071086816e+22,0.5418482146093283,1.0027755394395197e+20,2.689347694948273e-06,1.6660151002865526e+17,8.998821783076322e+16,9774405808870728.0,5.0347112125760115e+23,1.0011095243392331e+20,1.6782370708586705e+23
2037502702702.703,1288.352378081719,254692613.71394905,1,5.92317300170313e+22,1.6782370708586705e+23,5.035710656085245e+23,9.981181224154769e+19,3.2279289523782926e-06,5.540849071086816e+22,0.5040187129744225,1.0027755394395197e+20,2.501808397514506e-06,1.6660151002865526e+17,8.973830075563794e+16,1.002432288399601e+16,5.0347112125760115e+23,1.0011095243392331e+20,1.6782370708586705e+23
2040661621621.6218,1286.0087383578148,254670640.8665521,1,5.92317300170313e+22,1.6782370708586705e+23,5.035710656085245e+23,9.981181224154769e+19,3.002772193860967e-06,5.540849071086816e+22,0.46883030372546675,1.0027755394395197e+20,2.3273450821023855e-06,1.6660151002865526e+17,8.94831846845293e+16,1.0279438955104646e+16,5.0347112125760115e+23,1.0011095243392331e+20,1.6782370708586705e+23
2043820540540.5405,1283.6650986339105,254648877.07704872,1,5.92317300170313e+22,1.6782370708586705e+23,5.035710656085245e+23,9.981181224154769e+19,2.7933189482123627e-06,5.540849071086816e+22,0.43609859720122673,1.0027755394395197e+20,2.165046173777635e-06,1.6660151002865526e+17,8.922277901830595e+16,1.0539844621327998e+16,5.0347112125760115e+23,1.0011095243392331e+20,1.6782370708586705e+23
2046979459459.4595,1281.3214589100062,254627322.115436,1,5.92317300170313e+22,1.6782370708586705e+23,5.035710656085245e+23,9.981181224154769e+19,2.5984741024940168e-06,5.540849071086816e+22,0.4056520770300778,1.0027755394395197e+20,2.0140636375408187e-06,1.6660151002865526e+17,8.895699242349931e+16,1.0805631216134642e+16,5.0347112125760115e+23,1.0011095243392331e+20,1.6782370708586705e+23
2050138378378.3787,1278.9778191861017,254605975.73416486,1,5.92317300170313e+22,1.6782370708586705e+23,5.035710656085245e+23,9.981181224154769e+19,2.4172189047498235e-06,5.540849071086816e+22,0.3773312013725351,1.0027755394395197e+20,1.8736085500116188e-06,1.6660151002865526e+17,8.868573287216925e+16,1.10768907674647e+16,5.0347112125760115e+23,1.0011095243392331e+20,1.6782370708586705e+23
2053297297297.2976,1276.6341794621974,254584837.66790906,1,5.92317300170313e+22,1.6782370708586705e+23,5.035710656085245e+23,9.981181224154769e+19,2.248605640037527e-06,5.540849071086816e+22,0.3509875669111482,1.0027755394395197e+20,1.7429469796942436e-06,1.6660151002865526e+17,8.840890768475651e+16,1.135371595487743e+16,5.0347112125760115e+23,1.0011095243392331e+20,1.6782370708586705e+23
2056456216216.2163,1274.290539738293,254563907.6333385,1,5.92317300170313e+22,1.6782370708586705e+23,5.035710656085245e+23,9.981181224154769e+19,2.091752677612522e-06,5.540849071086816e+22,0.326483131207009,1.0027755394395197e+20,1.6213961543239008e-06,1.6660151002865526e+17,8.812642357604502e+16,1.1636200063588924e+16,5.0347112125760115e+23,1.0011095243392331e+20,1.6782370708586705e+23
2059615135135.1353,1271.9469000143888,254543185.3288975,1,5.92317300170313e+22,1.6782370708586705e+23,5.035710656085245e+23,9.981181224154769e+19,1.9458398633924036e-06,5.540849071086816e+22,0.30368948934797,1.0027755394395197e+20,1.5083208952920888e-06,1.6660151002865526e+17,8.783818670435982e+16,1.192443693527413e+16,5.0347112125760115e+23,1.0011095243392331e+20,1.6782370708586705e+23
2062774054054.0542,1269.6032602904845,254522670.43458718,1,5.92317300170313e+22,1.6782370708586705e+23,5.035710656085245e+23,9.981181224154769e+19,1.8101042336338138e-06,5.540849071086816e+22,0.28248720109815845,1.0027755394395197e+20,1.4031303005416915e-06,1.6660151002865526e+17,8.754410272412906e+16,1.2218520915504892e+16,5.0347112125760115e+23,1.0011095243392331e+20,1.6782370708586705e+23
2065932972972.9731,1267.25962056658,254502362.61175388,1,5.92317300170313e+22,1.6782370708586705e+23,5.035710656085245e+23,9.981181224154769e+19,1.6838360274308749e-06,5.540849071086816e+22,0.26276516502300484,1.0027755394395197e+20,1.3052746586195464e-06,1.6660151002865526e+17,8.724407684194069e+16,1.251854679769326e+16,5.0347112125760115e+23,1.0011095243392331e+20,1.6782370708586705e+23
2069091891891.892,1264.9159808426757,254482261.50288284,1,5.92317300170313e+22,1.6782370708586705e+23,5.035710656085245e+23,9.981181224154769e+19,1.5663749772048974e-06,5.540849071086816e+22,0.24442003631015857,1.0027755394395197e+20,1.214242577780019e-06,1.6660151002865526e+17,8.693801387622686e+16,1.2824609763407082e+16,5.0347112125760115e+23,1.0011095243392331e+20,1.6782370708586705e+23
2072250810810.811,1262.5723411187714,254462366.7313973,1,5.92317300170313e+22,1.6782370708586705e+23,5.035710656085245e+23,9.981181224154769e+19,1.4571068578072535e-06,5.540849071086816e+22,0.2273556852356322,1.0027755394395197e+20,1.1295583151554897e-06,1.6660151002865526e+17,8.662581832071118e+16,1.3136805318922764e+16,5.0347112125760115e+23,1.0011095243392331e+20,1.6782370708586705e+23
2075409729729.7297,1260.2287013948671,254442677.90146467,1,5.92317300170313e+22,1.6782370708586705e+23,5.035710656085245e+23,9.981181224154769e+19,1.3554602762076098e-06,5.540849071086816e+22,0.21148269343749992,1.0027755394395197e+20,1.0507792920532631e-06,1.6660151002865526e+17,8.630739441175578e+16,1.3455229227878178e+16,5.0347112125760115e+23,1.0011095243392331e+20,1.6782370708586705e+23
2078568648648.6487,1257.8850616709628,254423194.5978086,1,5.92317300170313e+22,1.6782370708586705e+23,5.035710656085245e+23,9.981181224154769e+19,1.2609036849966506e-06,5.540849071086816e+22,0.19671788535759072,1.0027755394395197e+20,9.774937824099233e-07,1.6660151002865526e+17,8.598264619974698e+16,1.3779977439886974e+16,5.0347112125760115e+23,1.0011095243392331e+20,1.6782370708586705e+23
2081727567567.5676,1255.5414219470586,254403916.3855287,1,5.92317300170313e+22,1.6782370708586705e+23,5.035710656085245e+23,9.981181224154769e+19,1.1729426041010877e-06,5.540849071086816e+22,0.18298389239589816,1.0027755394395197e+20,9.093187623374833e-07,1.6660151002865526e+17,8.565147762465987e+16,1.4111146014974082e+16,5.0347112125760115e+23,1.0011095243392331e+20,1.6782370708586705e+23
2084886486486.4866,1253.1977822231543,254384842.80992672,1,5.92317300170313e+22,1.6782370708586705e+23,5.035710656085245e+23,9.981181224154769e+19,1.0911170361964659e-06,5.540849071086816e+22,0.17020874749384665,1.0027755394395197e+20,8.45897909536457e-07,1.6660151002865526e+17,8.531379259594299e+16,1.4448831043690962e+16,5.0347112125760115e+23,1.0011095243392331e+20,1.6782370708586705e+23
2088045405405.4053,1250.85414249925,254365973.3963412,1,5.92317300170313e+22,1.6782370708586705e+23,5.035710656085245e+23,9.981181224154769e+19,1.0149990623148555e-06,5.540849071086816e+22,0.15832550802200268,1.0027755394395197e+20,7.86899742132892e-07,1.6660151002865526e+17,8.49694950768657e+16,1.4793128562768258e+16,5.0347112125760115e+23,1.0011095243392331e+20,1.6782370708586705e+23
2091204324324.3247,1248.5105027753455,254347307.64998987,1,5.92317300170313e+22,1.6782370708586705e+23,5.035710656085245e+23,9.981181224154769e+19,9.441906050858255e-07,5.540849071086816e+22,0.1472719049961369,1.0027755394395197e+20,7.320158872240983e-07,1.6660151002865526e+17,8.461848917347109e+16,1.514413446616286e+16,5.0347112125760115e+23,1.0011095243392331e+20,1.6782370708586705e+23
2094363243243.2437,1246.1668630514412,254328845.05582026,1,5.92317300170313e+22,1.6782370708586705e+23,5.035710656085245e+23,9.981181224154769e+19,8.783213479246196e-07,5.540849071086816e+22,0.13699001678350542,1.0027755394395197e+20,6.809594700946463e-07,1.6660151002865526e+17,8.426067922827781e+16,1.5501944411356148e+16,5.0347112125760115e+23,1.0011095243392331e+20,1.6782370708586705e+23
2097522162162.1624,1243.8232233275369,254310585.0783693,1,5.92317300170313e+22,1.6782370708586705e+23,5.035710656085245e+23,9.981181224154769e+19,8.170467992960287e-07,5.540849071086816e+22,0.1274259655895492,1.0027755394395197e+20,6.334636156939027e-07,1.6660151002865526e+17,8.389596991887362e+16,1.5866653720760336e+16,5.0347112125760115e+23,1.0011095243392331e+20,1.6782370708586705e+23
2100681081081.0813,1241.4795836036326,254292527.16163203,1,5.92317300170313e+22,1.6782370708586705e+23,5.035710656085245e+23,9.981181224154769e+19,7.600464919403376e-07,5.540849071086816e+22,0.11852963513458063,1.0027755394395197e+20,5.892800545522912e-07,1.6660151002865526e+17,8.352426636154362e+16,1.623835727809033e+16,5.0347112125760115e+23,1.0011095243392331e+20,1.6782370708586705e+23
2103840000000.0002,1239.1359438797283,254274670.72893977,1,5.92317300170313e+22,1.6782370708586705e+23,5.035710656085245e+23,9.981181224154769e+19,7.07022307652582e-07,5.540849071086816e+22,0.1102544080410646,1.0027755394395197e+20,5.481778258585564e-07,1.6660151002865526e+17,8.31454742200744e+16,1.6617149419559552e+16,5.0347112125760115e+23,1.0011095243392331e+20,1.6782370708586705e+23
2106998918918.919,1236.792304155824,254257015.18284792,1,5.92317300170313e+22,1.6782370708586705e+23,5.035710656085245e+23,9.981181224154769e+19,6.576969188623114e-07,5.540849071086816e+22,0.1025569215553848,1.0027755394395197e+20,5.099420709272473e-07,1.6660151002865526e+17,8.275949981987426e+16,1.7003123819759704e+16,5.0347112125760115e+23,1.0011095243392331e+20,1.6782370708586705e+23
2110157837837.838,1234.4486644319197,254239559.9050345,1,5.92317300170313e+22,1.6782370708586705e+23,5.035710656085245e+23,9.981181224154769e+19,6.118123388711e-07,5.540849071086816e+22,0.09539684032406141,1.0027755394395197e+20,4.743729107575518e-07,1.6660151002865526e+17,8.236625026754752e+16,1.7396373372086432e+16,5.0347112125760115e+23,1.0011095243392331e+20,1.6782370708586705e+23
2113316756756.7568,1232.1050247080154,254222304.25620854,1,5.92317300170313e+22,1.6782370708586705e+23,5.035710656085245e+23,9.981181224154769e+19,5.691285731727172e-07,5.540849071086816e+22,0.08873664503375141,1.0027755394395197e+20,4.4128440182338037e-07,1.6660151002865526e+17,8.196563357605842e+16,1.7796990063575542e+16,5.0347112125760115e+23,1.0011095243392331e+20,1.6782370708586705e+23
2116475675675.6755,1229.7613849841111,254205247.57602984,1,5.92317300170313e+22,1.6782370708586705e+23,5.035710656085245e+23,9.981181224154769e+19,5.294223648089069e-07,5.540849071086816e+22,0.08254143580749114,1.0027755394395197e+20,4.105035646430051e-07,1.6660151002865526e+17,8.155755879561634e+16,1.8205064844017616e+16,5.0347112125760115e+23,1.0011095243392331e+20,1.6782370708586705e+23
2119634594594.5945,1227.4177452602069,254188389.18303964,1,5.92317300170313e+22,1.6782370708586705e+23,5.035710656085245e+23,9.981181224154769e+19,4.924860272048712e-07,5.540849071086816e+22,0.07677874932696398,1.0027755394395197e+20,3.818694800563234e-07,1.6660151002865526e+17,8.114193615041109e+16,1.862068748922286e+16,5.0347112125760115e+23,1.0011095243392331e+20,1.6782370708586705e+23
2122793513513.514,1225.0741055363023,254171728.3746032,1,5.92317300170313e+22,1.6782370708586705e+23,5.035710656085245e+23,9.981181224154769e+19,4.581263583857566e-07,5.540849071086816e+22,0.07141838872250106,1.0027755394395197e+20,3.5523244849132186e-07,1.6660151002865526e+17,8.071867718132133e+16,1.9043946458312628e+16,5.0347112125760115e+23,1.0011095243392331e+20,1.6782370708586705e+23
2125952432432.4326,1222.730465812398,254155264.42686406,1,5.92317300170313e+22,1.6782370708586705e+23,5.035710656085245e+23,9.981181224154769e+19,4.2616363090032555e-07,5.540849071086816e+22,0.06643226533942756,1.0027755394395197e+20,3.304532078300108e-07,1.6660151002865526e+17,8.028769489471442e+16,1.9474928744919544e+16,5.0347112125760115e+23,1.0011095243392331e+20,1.6782370708586705e+23
2129111351351.3516,1220.3868260884938,254138996.59471008,1,5.92317300170313e+22,1.6782370708586705e+23,5.035710656085245e+23,9.981181224154769e+19,3.9643065217377383e-07,5.540849071086816e+22,0.06179425155159896,1.0027755394395197e+20,3.0740220579004295e-07,1.6660151002865526e+17,7.984890391744957e+16,1.9913719722184396e+16,5.0347112125760115e+23,1.0011095243392331e+20,1.6782370708586705e+23
2132270270270.2705,1218.0431863645895,254122924.1117529,1,5.92317300170313e+22,1.6782370708586705e+23,5.035710656085245e+23,9.981181224154769e+19,3.68771890379348e-07,5.540849071086816e+22,0.05748004385086042,1.0027755394395197e+20,2.859589230227137e-07,1.6660151002865526e+17,7.940222065818886e+16,2.0360402981445108e+16,5.0347112125760115e+23,1.0011095243392331e+20,1.6782370708586705e+23
2135429189189.1895,1215.6995466406852,254107046.19031927,1,5.92317300170313e+22,1.6782370708586705e+23,5.035710656085245e+23,9.981181224154769e+19,3.4304266126094417e-07,5.540849071086816e+22,0.05346703549500867,1.0027755394395197e+20,2.660112433928648e-07,1.6660151002865526e+17,7.89475634751127e+16,2.0815060164521264e+16,5.0347112125760115e+23,1.0011095243392331e+20,1.6782370708586705e+23
2138588108108.1082,1213.355906916781,254091362.02145594,1,5.92317300170313e+22,1.6782370708586705e+23,5.035710656085245e+23,9.981181224154769e+19,3.191083716571341e-07,5.540849071086816e+22,0.04973419804692312,1.0027755394395197e+20,2.474548681524481e-07,1.6660151002865526e+17,7.848485285012728e+16,2.127777078950669e+16,5.0347112125760115e+23,1.0011095243392331e+20,1.6782370708586705e+23
2141747027027.027,1211.0122671928766,254075870.77494797,1,5.92317300170313e+22,1.6782370708586705e+23,5.035710656085245e+23,9.981181224154769e+19,2.968438157733831e-07,5.540849071086816e+22,0.04626197118412297,1.0027755394395197e+20,2.30192770948647e-07,1.6660151002865526e+17,7.801401156964114e+16,2.1748612069992828e+16,5.0347112125760115e+23,1.0011095243392331e+20,1.6782370708586705e+23
2144905945945.946,1208.6686274689723,254060571.59935012,1,5.92317300170313e+22,1.6782370708586705e+23,5.035710656085245e+23,9.981181224154769e+19,2.761325205248208e-07,5.540849071086816e+22,0.043032160201345176,1.0027755394395197e+20,2.141346908206424e-07,1.6660151002865526e+17,7.753496491197702e+16,2.222765872765694e+16,5.0347112125760115e+23,1.0011095243392331e+20,1.6782370708586705e+23
2148064864864.8647,1206.324987745068,254045463.6220327,1,5.92317300170313e+22,1.6782370708586705e+23,5.035710656085245e+23,9.981181224154769e+19,2.5686613652828175e-07,5.540849071086816e+22,0.04002784066904955,1.0027755394395197e+20,1.9919666053740671e-07,1.6660151002865526e+17,7.704764084147238e+16,2.271498279816158e+16,5.0347112125760115e+23,1.0011095243392331e+20,1.6782370708586705e+23
2151223783783.7837,1203.9813480211637,254030545.9492411,1,5.92317300170313e+22,1.6782370708586705e+23,5.035710656085245e+23,9.981181224154769e+19,2.389438715608408e-07,5.540849071086816e+22,0.03723326974825521,1.0027755394395197e+20,1.8530056781341738e-07,1.6660151002865526e+17,7.655197020930829e+16,2.3210653430325676e+16,5.0347112125760115e+23,1.0011095243392331e+20,1.6782370708586705e+23
2154382702702.7031,1201.6377082972592,254015817.66616964,1,5.92317300170313e+22,1.6782370708586705e+23,5.035710656085245e+23,9.981181224154769e+19,2.222719635239928e-07,5.540849071086816e+22,0.03463380369699204,1.0027755394395197e+20,1.723737471108173e-07,1.6660151002865526e+17,7.604788696109149e+16,2.3714736678542484e+16,5.0347112125760115e+23,1.0011095243392331e+20,1.6782370708586705e+23
2157541621621.6218,1199.294068573355,254001277.83705008,1,5.92317300170313e+22,1.6782370708586705e+23,5.035710656085245e+23,9.981181224154769e+19,2.0676319015897788e-07,5.540849071086816e+22,0.032215821136095335,1.0027755394395197e+20,1.6034859989624533e-07,1.6660151002865526e+17,7.553532835119774e+16,2.4227295288436224e+16,5.0347112125760115e+23,1.0011095243392331e+20,1.6782370708586705e+23
2160700540540.5408,1196.9504288494506,253986925.5052548,1,5.92317300170313e+22,1.6782370708586705e+23,5.035710656085245e+23,9.981181224154769e+19,1.9233641295085652e-07,5.540849071086816e+22,0.029966651672251224,1.0027755394395197e+20,1.491622413690996e-07,1.6660151002865526e+17,7.501423516386688e+16,2.4748388475767092e+16,5.0347112125760115e+23,1.0011095243392331e+20,1.6782370708586705e+23
2163859459459.4597,1194.6067891255464,253972759.69341442,1,5.92317300170313e+22,1.6782370708586705e+23,5.035710656085245e+23,9.981181224154769e+19,1.7891615283751847e-07,5.540849071086816e+22,0.027874509504272647,1.0027755394395197e+20,1.3875617181622656e-07,1.6660151002865526e+17,7.448455194102022e+16,2.527807169861374e+16,5.0347112125760115e+23,1.0011095243392331e+20,1.6782370708586705e+23
2167018378378.3784,1192.263149401642,253958779.4035507,1,5.92317300170313e+22,1.6782370708586705e+23,5.035710656085245e+23,9.981181224154769e+19,1.6643219550603592e-07,5.540849071086816e+22,0.025928431664698406,1.0027755394395197e+20,1.2907597087658384e-07,1.6660151002865526e+17,7.394622721675058e+16,2.581639642288338e+16,5.0347112125760115e+23,1.0011095243392331e+20,1.6782370708586705e+23
2170177297297.2974,1189.9195096777378,253944983.6172246,1,5.92317300170313e+22,1.6782370708586705e+23,5.035710656085245e+23,9.981181224154769e+19,1.5481922421337061e-07,5.540849071086816e+22,0.024118220573096948,1.0027755394395197e+20,1.2007101311905272e-07,1.6660151002865526e+17,7.339921375841165e+16,2.6363409881222308e+16,5.0347112125760115e+23,1.0011095243392331e+20,1.6782370708586705e+23
2173336216216.2163,1187.5758699538335,253931371.2956993,1,5.92317300170313e+22,1.6782370708586705e+23,5.035710656085245e+23,9.981181224154769e+19,1.440164782122551e-07,5.540849071086816e+22,0.022434390600050317,1.0027755394395197e+20,1.1169420344786228e-07,1.6660151002865526e+17,7.284346881420997e+16,2.691915482542399e+16,5.0347112125760115e+23,1.0011095243392331e+20,1.6782370708586705e+23
2176495135135.1353,1185.2322302299292,253917941.38011855,1,5.92317300170313e+22,1.6782370708586705e+23,5.035710656085245e+23,9.981181224154769e+19,1.339674349968927e-07,5.540849071086816e+22,0.020868118361809913,1.0027755394395197e+20,1.0390173095360293e-07,1.6660151002865526e+17,7.227895436717587e+16,2.748366927245809e+16,5.0347112125760115e+23,1.0011095243392331e+20,1.6782370708586705e+23
2179654054054.054,1182.888590506025,253904692.7917001,1,5.92317300170313e+22,1.6782370708586705e+23,5.035710656085245e+23,9.981181224154769e+19,1.246195147075769e-07,5.540849071086816e+22,0.01941119648516467,1.0027755394395197e+20,9.665283992413749e-08,1.6660151002865526e+17,7.170563739536232e+16,2.8056986244271636e+16,5.0347112125760115e+23,1.0011095243392331e+20,1.6782370708586705e+23
2182812972972.9734,1180.5449507821204,253891624.431945,1,5.92317300170313e+22,1.6782370708586705e+23,5.035710656085245e+23,9.981181224154769e+19,1.1592380514913824e-07,5.540849071086816e+22,0.01805599060024641,1.0027755394395197e+20,8.990961681930609e-08,1.6660151002865526e+17,7.112349013809031e+16,2.8639133501543644e+16,5.0347112125760115e+23,1.0011095243392331e+20,1.6782370708586705e+23
2185971891891.8923,1178.201311058216,253878735.18286183,1,5.92317300170313e+22,1.6782370708586705e+23,5.035710656085245e+23,9.981181224154769e+19,1.078348059858464e-07,5.540849071086816e+22,0.01679539933591172,1.0027755394395197e+20,8.363679209669345e-08,1.6660151002865526e+17,7.053249036802795e+16,2.9230133271606004e+16,5.0347112125760115e+23,1.0011095243392331e+20,1.6782370708586705e+23
2189130810810.811,1175.8576713343118,253866023.90720618,1,5.92317300170313e+22,1.6782370708586705e+23,5.035710656085245e+23,9.981181224154769e+19,1.0031019077560608e-07,5.540849071086816e+22,0.0156228171080735,1.0027755394395197e+20,7.780155585326938e-08,1.6660151002865526e+17,6.993262166885643e+16,2.9830001970777524e+16,5.0347112125760115e+23,1.0011095243392331e+20,1.6782370708586705e+23
2192289729729.73,1173.5140316104075,253853489.448736,1,5.92317300170313e+22,1.6782370708586705e+23,5.035710656085245e+23,9.981181224154769e+19,9.331058559952249e-08,5.540849071086816e+22,0.01453209950599039,1.0027755394395197e+20,7.237338631986035e-08,1.6660151002865526e+17,6.93238737182403e+16,3.043874992139365e+16,5.0347112125760115e+23,1.0011095243392331e+20,1.6782370708586705e+23
2195448648648.649,1171.1703918865032,253841130.63248116,1,5.92317300170313e+22,1.6782370708586705e+23,5.035710656085245e+23,9.981181224154769e+19,8.679936312963551e-08,5.540849071086816e+22,0.013517531095135994,1.0027755394395197e+20,6.732389031253485e-08,1.6660151002865526e+17,6.870624257578163e+16,3.1056381063852324e+16,5.0347112125760115e+23,1.0011095243392331e+20,1.6782370708586705e+23
2198607567567.5676,1168.826752162599,253828946.2650293,1,5.92317300170313e+22,1.6782370708586705e+23,5.035710656085245e+23,9.981181224154769e+19,8.07424510583005e-08,5.540849071086816e+22,0.012573795467932667,1.0027755394395197e+20,6.262665480742289e-08,1.6660151002865526e+17,6.807973097559755e+16,3.1682892664036404e+16,5.0347112125760115e+23,1.0011095243392331e+20,1.6782370708586705e+23
2201766486486.487,1166.4831124386947,253816935.1348259,1,5.92317300170313e+22,1.6782370708586705e+23,5.035710656085245e+23,9.981181224154769e+19,7.510815388776206e-08,5.540849071086816e+22,0.011695947385413689,1.0027755394395197e+20,5.8257108863580144e-08,1.6660151002865526e+17,6.744434862311886e+16,3.2318275016515096e+16,5.0347112125760115e+23,1.0011095243392331e+20,1.6782370708586705e+23
2204925405405.4053,1164.1394727147904,253805096.0124893,1,5.92317300170313e+22,1.6782370708586705e+23,5.035710656085245e+23,9.981181224154769e+19,6.986698714828556e-08,5.540849071086816e+22,0.010879386863834252,1.0027755394395197e+20,5.4192395172552354e-08,1.6660151002865526e+17,6.68001124956629e+16,3.2962511143971064e+16,5.0347112125760115e+23,1.0011095243392331e+20,1.6782370708586705e+23
2208084324324.324,1161.795832990886,253793427.65114084,1,5.92317300170313e+22,1.6782370708586705e+23,5.035710656085245e+23,9.981181224154769e+19,6.499152317816244e-08,5.540849071086816e+22,0.010119835070443318,1.0027755394395197e+20,5.041125056356863e-08,1.6660151002865526e+17,6.614704714628783e+16,3.3615576493346132e+16,5.0347112125760115e+23,1.0011095243392331e+20,1.6782370708586705e+23
2211243243243.243,1159.4521932669818,253781928.786749,1,5.92317300170313e+22,1.6782370708586705e+23,5.035710656085245e+23,9.981181224154769e+19,6.045624765935299e-08,5.540849071086816e+22,0.009413311902108564,1.0027755394395197e+20,4.6893894840070345e-08,1.6660151002865526e+17,6.54851850103871e+16,3.427743862924686e+16,5.0347112125760115e+23,1.0011095243392331e+20,1.6782370708586705e+23
2214402162162.1626,1157.1085535430773,253770598.13848823,1,5.92317300170313e+22,1.6782370708586705e+23,5.035710656085245e+23,9.981181224154769e+19,5.62374261587234e-08,5.540849071086816e+22,0.008756115129304869,1.0027755394395197e+20,4.3621927366788895e-08,1.6660151002865526e+17,6.481456671443222e+16,3.494805692520174e+16,5.0347112125760115e+23,1.0011095243392331e+20,1.6782370708586705e+23
2217561081081.0815,1154.764913819173,253759434.4091115,1,5.92317300170313e+22,1.6782370708586705e+23,5.035710656085245e+23,9.981181224154769e+19,5.2312979977148726e-08,5.540849071086816e+22,0.008144800996179442,1.0027755394395197e+20,4.057823086707152e-08,1.6660151002865526e+17,6.413524138621982e+16,3.5627382253414136e+16,5.0347112125760115e+23,1.0011095243392331e+20,1.6782370708586705e+23
2220720000000.0005,1152.4212740952687,253748436.28533655,1,5.92317300170313e+22,1.6782370708586705e+23,5.035710656085245e+23,9.981181224154769e+19,4.8662370657392363e-08,5.540849071086816e+22,0.007576166175036583,1.0027755394395197e+20,3.7746881927812566e-08,1.6660151002865526e+17,6.344726696592437e+16,3.631535667370959e+16,5.0347112125760115e+23,1.0011095243392331e+20,1.6782370708586705e+23
2223878918918.919,1150.0776343713644,253737602.4382462,1,5.92317300170313e+22,1.6782370708586705e+23,5.035710656085245e+23,9.981181224154769e+19,4.526649254693893e-08,5.540849071086816e+22,0.007047230980682377,1.0027755394395197e+20,3.511306774438045e-08,1.6660151002865526e+17,6.275071051720164e+16,3.701191312243232e+16,5.0347112125760115e+23,1.0011095243392331e+20,1.6782370708586705e+23
2227037837837.838,1147.7339946474601,253726931.52370077,1,5.92317300170313e+22,1.6782370708586705e+23,5.035710656085245e+23,9.981181224154769e+19,4.2107572854054246e-08,5.540849071086816e+22,0.00655522375667132,1.0027755394395197e+20,3.266300867052916e-08,1.6660151002865526e+17,6.20456485375302e+16,3.771697510210376e+16,5.0347112125760115e+23,1.0011095243392331e+20,1.6782370708586705e+23
2230196756756.757,1145.3903549235558,253716422.18276447,1,5.92317300170313e+22,1.6782370708586705e+23,5.035710656085245e+23,9.981181224154769e+19,3.916907867452012e-08,5.540849071086816e+22,0.006097566351637763,1.0027755394395197e+20,3.038388616859794e-08,1.6660151002865526e+17,6.133216726691808e+16,3.843045637271588e+16,5.0347112125760115e+23,1.0011095243392331e+20,1.6782370708586705e+23
2233355675675.676,1143.0467151996515,253706073.04214302,1,5.92317300170313e+22,1.6782370708586705e+23,5.035710656085245e+23,9.981181224154769e+19,3.643563050292661e-08,5.540849071086816e+22,0.0056718606096071485,1.0027755394395197e+20,2.826377578351998e-08,1.6660151002865526e+17,6.061036299404101e+16,3.915226064559295e+16,5.0347112125760115e+23,1.0011095243392331e+20,1.6782370708586705e+23
2236514594594.5947,1140.7030754757473,253695882.71463415,1,5.92317300170313e+22,1.6782370708586705e+23,5.035710656085245e+23,9.981181224154769e+19,3.389292177629686e-08,5.540849071086816e+22,0.005275875803495363,1.0027755394395197e+20,2.6291584790395912e-08,1.6660151002865526e+17,5.9880342358815704e+16,3.988228128081826e+16,5.0347112125760115e+23,1.0011095243392331e+20,1.6782370708586705e+23
2239673513513.5137,1138.359435751843,253685849.79958916,1,5.92317300170313e+22,1.6782370708586705e+23,5.035710656085245e+23,9.981181224154769e+19,3.1527644029360434e-08,5.540849071086816e+22,0.004907536945946875,1.0027755394395197e+20,2.4456994189805786e-08,1.6660151002865526e+17,5.914222265034819e+16,4.062040098928577e+16,5.0347112125760115e+23,1.0011095243392331e+20,1.6782370708586705e+23
2242832432432.4326,1136.0157960279387,253675972.88338584,1,5.92317300170313e+22,1.6782370708586705e+23,5.035710656085245e+23,9.981181224154769e+19,2.9327417270121043e-08,5.540849071086816e+22,0.004564913916259657,1.0027755394395197e+20,2.2750404747746708e-08,1.6660151002865526e+17,5.839613209913241e+16,4.136649154050155e+16,5.0347112125760115e+23,1.0011095243392331e+20,1.6782370708586705e+23
2245991351351.3516,1133.6721563040342,253666250.539912,1,5.92317300170313e+22,1.6782370708586705e+23,5.035710656085245e+23,9.981181224154769e+19,2.7280725211654157e-08,5.540849071086816e+22,0.004246211346421244,1.0027755394395197e+20,2.1162886798207585e-08,1.6660151002865526e+17,5.764221016230917e+16,4.212041347732479e+16,5.0347112125760115e+23,1.0011095243392331e+20,1.6782370708586705e+23
2249150270270.2705,1131.3285165801299,253656681.33105922,1,5.92317300170313e+22,1.6782370708586705e+23,5.035710656085245e+23,9.981181224154769e+19,2.5376855021459586e-08,5.540849071086816e+22,0.00394975921325806,1.0027755394395197e+20,1.9686133546053965e-08,1.6660151002865526e+17,5.6880607800729816e+16,4.288201583890414e+16,5.0347112125760115e+23,1.0011095243392331e+20,1.6782370708586705e+23
2252309189189.1895,1128.9848768562256,253647263.80722603,1,5.92317300170313e+22,1.6782370708586705e+23,5.035710656085245e+23,9.981181224154769e+19,2.3605841273307342e-08,5.540849071086816e+22,0.003674004087400241,1.0027755394395197e+20,1.8312417626181325e-08,1.6660151002865526e+17,5.611148774650319e+16,4.365113589313077e+16,5.0347112125760115e+23,1.0011095243392331e+20,1.6782370708586705e+23
2255468108108.1084,1126.6412371323213,253637996.50783068,1,5.92317300170313e+22,1.6782370708586705e+23,5.035710656085245e+23,9.981181224154769e+19,2.1958413808488428e-08,5.540849071086816e+22,0.003417500993205926,1.0027755394395197e+20,1.7034550691903868e-08,1.6660151002865526e+17,5.533502475963921e+16,4.442759887999475e+16,5.0347112125760115e+23,1.0011095243392331e+20,1.6782370708586705e+23
2258627027027.0273,1124.297597408417,253628877.96183178,1,5.92317300170313e+22,1.6782370708586705e+23,5.035710656085245e+23,9.981181224154769e+19,2.0425949233818046e-08,5.540849071086816e+22,0.003178905836990475,1.0027755394395197e+20,1.584584582137848e-08,1.6660151002865526e+17,5.455140587233756e+16,4.52112177672964e+16,5.0347112125760115e+23,1.0011095243392331e+20,1.6782370708586705e+23
2261785945945.9463,1121.9539576845127,253619906.68825766,1,5.92317300170313e+22,1.6782370708586705e+23,5.035710656085245e+23,9.981181224154769e+19,1.9000425802753034e-08,5.540849071086816e+22,0.002956968363884012,1.0027755394395197e+20,1.474008254558045e-08,1.6660151002865526e+17,5.3760830619406504e+16,4.600179302022746e+16,5.0347112125760115e+23,1.0011095243392331e+20,1.6782370708586705e+23
2264944864864.8647,1119.6103179606084,253611081.19674304,1,5.92317300170313e+22,1.6782370708586705e+23,5.035710656085245e+23,9.981181224154769e+19,1.767438144367224e-08,5.540849071086816e+22,0.0027505256064107473,1.0027755394395197e+20,1.3711474315049281e-08,1.6660151002865526e+17,5.296351125323473e+16,4.679911238639923e+16,5.0347112125760115e+23,1.0011095243392331e+20,1.6782370708586705e+23
2268103783783.7837,1117.2666782367041,253602399.98807192,1,5.92317300170313e+22,1.6782370708586705e+23,5.035710656085245e+23,9.981181224154769e+19,1.6440874715823098e-08,5.540849071086816e+22,0.002558495790460193,1.0027755394395197e+20,1.2754638235362128e-08,1.6660151002865526e+17,5.215967294167941e+16,4.760295069795455e+16,5.0347112125760115e+23,1.0011095243392331e+20,1.6782370708586705e+23
2271262702702.7026,1114.9230385127998,253593861.5547276,1,5.92317300170313e+22,1.6782370708586705e+23,5.035710656085245e+23,9.981181224154769e+19,1.5293448488744615e-08,5.540849071086816e+22,0.0023798726667171415,1.0027755394395197e+20,1.1864566913148681e-08,1.6660151002865526e+17,5.134955394717642e+16,4.8413069692457544e+16,5.0347112125760115e+23,1.0011095243392331e+20,1.6782370708586705e+23
2274421621621.6216,1112.5793987888956,253585464.38144773,1,5.92317300170313e+22,1.6782370708586705e+23,5.035710656085245e+23,9.981181224154769e+19,1.4226096155215415e-08,5.540849071086816e+22,0.002213720237846715,1.0027755394395197e+20,1.1036602265487952e-08,1.6660151002865526e+17,5.053340578532468e+16,4.922921785430928e+16,5.0347112125760115e+23,1.0011095243392331e+20,1.6782370708586705e+23
2277580540540.541,1110.235759064991,253577206.94578448,1,5.92317300170313e+22,1.6782370708586705e+23,5.035710656085245e+23,9.981181224154769e+19,1.3233230201024196e-08,5.540849071086816e+22,0.0020591678538045793,1.0027755394395197e+20,1.026641115578715e-08,1.6660151002865526e+17,4.971149336114665e+16,5.005113027848731e+16,5.0347112125760115e+23,1.0011095243392331e+20,1.6782370708586705e+23
2280739459459.46,1107.8921193410868,253569087.7186691,1,5.92317300170313e+22,1.6782370708586705e+23,5.035710656085245e+23,9.981181224154769e+19,1.2309652967180168e-08,5.540849071086816e+22,0.0019154056495714073,1.0027755394395197e+20,9.549962728786563e-09,1.6660151002865526e+17,4.888409508118148e+16,5.087852855845248e+16,5.0347112125760115e+23,1.0011095243392331e+20,1.6782370708586705e+23
2283898378378.379,1105.5484796171825,253561105.16498032,1,5.92317300170313e+22,1.6782370708586705e+23,5.035710656085245e+23,9.981181224154769e+19,1.1450529451647602e-08,5.540849071086816e+22,0.001781680301405017,1.0027755394395197e+20,8.883507326214014e-09,1.6660151002865526e+17,4.805150293952727e+16,5.171112070010669e+16,5.0347112125760115e+23,1.0011095243392331e+20,1.6782370708586705e+23
2287057297297.2974,1103.2048398932782,253553257.7441154,1,5.92317300170313e+22,1.6782370708586705e+23,5.035710656085245e+23,9.981181224154769e+19,1.0651362008350656e-08,5.540849071086816e+22,0.0016572910793726514,1.0027755394395197e+20,8.26355687287103e-09,1.6660151002865526e+17,4.72140225759147e+16,5.2548601063719256e+16,5.0347112125760115e+23,1.0011095243392331e+20,1.6782370708586705e+23
2290216216216.2163,1100.861200169374,253545543.91056404,1,5.92317300170313e+22,1.6782370708586705e+23,5.035710656085245e+23,9.981181224154769e+19,9.907966811116362e-09,5.540849071086816e+22,0.0015415861754784028,1.0027755394395197e+20,7.686866630618251e-09,1.6660151002865526e+17,4.6371973303867256e+16,5.33906503357667e+16,5.0347112125760115e+23,1.0011095243392331e+20,1.6782370708586705e+23
2293375135135.1353,1098.5175604454696,253537962.11448348,1,5.92317300170313e+22,1.6782370708586705e+23,5.035710656085245e+23,9.981181224154769e+19,9.216451959453029e-09,5.540849071086816e+22,0.0014339592881449173,1.0027755394395197e+20,7.150418224875616e-09,1.6660151002865526e+17,4.552568810698354e+16,5.4236935532650424e+16,5.0347112125760115e+23,1.0011095243392331e+20,1.6782370708586705e+23
2296534054054.054,1096.1739207215653,253530510.80227542,1,5.92317300170313e+22,1.6782370708586705e+23,5.035710656085245e+23,9.981181224154769e+19,8.573197111645196e-09,5.540849071086816e+22,0.0013338464451518334,1.0027755394395197e+20,6.6514038549028666e-09,1.6660151002865526e+17,4.46755136013664e+16,5.508711003826756e+16,5.0347112125760115e+23,1.0011095243392331e+20,1.6782370708586705e+23
2299692972972.973,1093.830280997661,253523188.41716245,1,5.92317300170313e+22,1.6782370708586705e+23,5.035710656085245e+23,9.981181224154769e+19,7.974834538634124e-09,5.540849071086816e+22,0.0012407230483829333,1.0027755394395197e+20,6.187211605312692e-09,1.6660151002865526e+17,4.382180996222209e+16,5.594081367741187e+16,5.0347112125760115e+23,1.0011095243392331e+20,1.6782370708586705e+23
2302851891891.892,1091.4866412737567,253515993.39976496,1,5.92317300170313e+22,1.6782370708586705e+23,5.035710656085245e+23,9.981181224154769e+19,7.41823149958277e-09,5.540849071086816e+22,0.0011541011248962826,1.0027755394395197e+20,5.755411782024488e-09,1.6660151002865526e+17,4.296495081266141e+16,5.679767282697255e+16,5.0347112125760115e+23,1.0011095243392331e+20,1.6782370708586705e+23
2306010810810.8105,1089.1430015498524,253508924.18867677,1,5.92317300170313e+22,1.6782370708586705e+23,5.035710656085245e+23,9.981181224154769e+19,6.900473846934173e-09,5.540849071086816e+22,0.0010735267699127772,1.0027755394395197e+20,5.353744201220016e-09,1.6660151002865526e+17,4.210532307275534e+16,5.7657300566878616e+16,5.0347112125760115e+23,1.0011095243392331e+20,1.6782370708586705e+23
2309169729729.73,1086.799361825948,253501979.22103924,1,5.92317300170313e+22,1.6782370708586705e+23,5.035710656085245e+23,9.981181224154769e+19,6.418850775204141e-09,5.540849071086816e+22,0.0009985777683241847,1.0027755394395197e+20,4.980106364844483e-09,1.6660151002865526e+17,4.124332676692992e+16,5.851929687270404e+16,5.0347112125760115e+23,1.0011095243392331e+20,1.6782370708586705e+23
2312328648648.649,1084.4557221020436,253495156.93311316,1,5.92317300170313e+22,1.6782370708586705e+23,5.035710656085245e+23,9.981181224154769e+19,5.9708406337281305e-09,5.540849071086816e+22,0.0009288613822572184,1.0027755394395197e+20,4.632542460828373e-09,1.6660151002865526e+17,4.037937478783099e+16,5.938324885180297e+16,5.0347112125760115e+23,1.0011095243392331e+20,1.6782370708586705e+23
2315487567567.568,1082.1120823781393,253488455.7608478,1,5.92317300170313e+22,1.6782370708586705e+23,5.035710656085245e+23,9.981181224154769e+19,5.554097729148201e-09,5.540849071086816e+22,0.0008640122931003315,1.0027755394395197e+20,4.309233130517971e-09,1.6660151002865526e+17,3.951389261484958e+16,6.0248731024784376e+16,5.0347112125760115e+23,1.0011095243392331e+20,1.6782370708586705e+23
2318646486486.487,1079.768442654235,253481874.14044654,1,5.92317300170313e+22,1.6782370708586705e+23,5.035710656085245e+23,9.981181224154769e+19,5.166440048601046e-09,5.540849071086816e+22,0.0008036906872093097,1.0027755394395197e+20,4.008485949811056e-09,1.6660151002865526e+17,3.864731798557362e+16,6.1115305654060344e+16,5.0347112125760115e+23,1.0011095243392331e+20,1.6782370708586705e+23
2321805405405.406,1077.4248029303308,253475410.5089284,1,5.92317300170313e+22,1.6782370708586705e+23,5.035710656085245e+23,9.981181224154769e+19,4.805837839383328e-09,5.540849071086816e+22,0.0007475804752606299,1.0027755394395197e+20,3.728726574225875e-09,1.6660151002865526e+17,3.77801005185231e+16,6.1982523121110856e+16,5.0347112125760115e+23,1.0011095243392331e+20,1.6782370708586705e+23
2324964324324.3247,1075.0811632064265,253469063.30468434,1,5.92317300170313e+22,1.6782370708586705e+23,5.035710656085245e+23,9.981181224154769e+19,4.470402985350597e-09,5.540849071086816e+22,0.0006953876359218753,1.0027755394395197e+20,3.4684905016011115e-09,1.6660151002865526e+17,3.691270128563417e+16,6.284992235399979e+16,5.0347112125760115e+23,1.0011095243392331e+20,1.6782370708586705e+23
2328123243243.243,1072.7375234825222,253462830.96802938,1,5.92317300170313e+22,1.6782370708586705e+23,5.035710656085245e+23,9.981181224154769e+19,4.1583791244721814e-09,5.540849071086816e+22,0.0006468386751599272,1.0027755394395197e+20,3.226415409353992e-09,1.6660151002865526e+17,3.6045592333083384e+16,6.371703130655058e+16,5.0347112125760115e+23,1.0011095243392331e+20,1.6782370708586705e+23
2331282162162.162,1070.393883758618,253456711.9417474,1,5.92317300170313e+22,1.6782370708586705e+23,5.035710656085245e+23,9.981181224154769e+19,3.8681324558416276e-09,5.540849071086816e+22,0.000601679193113603,1.0027755394395197e+20,3.0012340262263933e-09,1.6660151002865526e+17,3.517925614918866e+16,6.45833674904453e+16,5.0347112125760115e+23,1.0011095243392331e+20,1.6782370708586705e+23
2334441081081.081,1068.0502440347136,253450704.6716305,1,5.92317300170313e+22,1.6782370708586705e+23,5.035710656085245e+23,9.981181224154769e+19,3.5981431880476334e-09,5.540849071086816e+22,0.0005596725510210556,1.0027755394395197e+20,2.79176750124308e-09,1.6660151002865526e+17,3.431418507828714e+16,6.544843856134682e+16,5.0347112125760115e+23,1.0011095243392331e+20,1.6782370708586705e+23
2337600000000.0,1065.7066043108093,253444807.60701123,1,5.92317300170313e+22,1.6782370708586705e+23,5.035710656085245e+23,9.981181224154769e+19,3.3469975841655886e-09,5.540849071086816e+22,0.0005205986312165436,1.0027755394395197e+20,2.5969192352058598e-09,1.6660151002865526e+17,3.3450880679674708e+16,6.631174295995925e+16,5.0347112125760115e+23,1.0011095243392331e+20,1.6782370708586705e+23
2340758918918.9194,1063.3629645869048,253439019.20128652,1,5.92317300170313e+22,1.6782370708586705e+23,5.035710656085245e+23,9.981181224154769e+19,3.1133805617498136e-09,5.540849071086816e+22,0.00048425268369886967,1.0027755394395197e+20,2.4156691424646852e-09,1.6660151002865526e+17,3.25898530308964e+16,6.717277060873755e+16,5.0347112125760115e+23,1.0011095243392331e+20,1.6782370708586705e+23
2343917837837.8384,1061.0193248630005,253433337.91243452,1,5.92317300170313e+22,1.6782370708586705e+23,5.035710656085245e+23,9.981181224154769e+19,2.896068809110551e-09,5.540849071086816e+22,0.00045044425322742865,1.0027755394395197e+20,2.247068312957017e-09,1.6660151002865526e+17,3.1731619974902804e+16,6.803100366473115e+16,5.0347112125760115e+23,1.0011095243392331e+20,1.6782370708586705e+23
2347076756756.757,1058.6756851390962,253427762.20352215,1,5.92317300170313e+22,1.6782370708586705e+23,5.035710656085245e+23,9.981181224154769e+19,2.693924381858837e-09,5.540849071086816e+22,0.0004189961813237742,1.0027755394395197e+20,2.090234046598812e-09,1.6660151002865526e+17,3.087670631083432e+16,6.888591732879964e+16,5.0347112125760115e+23,1.0011095243392331e+20,1.6782370708586705e+23
2350235675675.676,1056.332045415192,253422290.543204,1,5.92317300170313e+22,1.6782370708586705e+23,5.035710656085245e+23,9.981181224154769e+19,2.505888746216148e-09,5.540849071086816e+22,0.00038974367794912496,1.0027755394395197e+20,1.9443452340573667e-09,1.6660151002865526e+17,3.0025642928463544e+16,6.973698071117042e+16,5.0347112125760115e+23,1.0011095243392331e+20,1.6782370708586705e+23
2353394594594.5947,1053.9884056912877,253416921.40621164,1,5.92317300170313e+22,1.6782370708586705e+23,5.035710656085245e+23,9.981181224154769e+19,2.3309772379215084e-09,5.540849071086816e+22,0.0003625334579933373,1.0027755394395197e+20,1.8086380597474379e-09,1.6660151002865526e+17,2.9178965886615504e+16,7.0583657753018456e+16,5.0347112125760115e+23,1.0011095243392331e+20,1.6782370708586705e+23
2356553513513.5137,1051.6447659673834,253411653.27383277,1,5.92317300170313e+22,1.6782370708586705e+23,5.035710656085245e+23,9.981181224154769e+19,2.168273907743214e-09,5.540849071086816e+22,0.0003372229380504874,1.0027755394395197e+20,1.68240200457645e-09,1.6660151002865526e+17,2.8337215436196028e+16,7.142540820343793e+16,5.0347112125760115e+23,1.0011095243392331e+20,1.6782370708586705e+23
2359712432432.4326,1049.301126243479,253406484.63438034,1,5.92317300170313e+22,1.6782370708586705e+23,5.035710656085245e+23,9.981181224154769e+19,2.016926726624799e-09,5.540849071086816e+22,0.00031367948927211244,1.0027755394395197e+20,1.5649761275320666e-09,1.6660151002865526e+17,2.7500934988789604e+16,7.226168865084435e+16,5.0347112125760115e+23,1.0011095243392331e+20,1.6782370708586705e+23
2362871351351.3516,1046.9574865195748,253401413.98365086,1,5.92317300170313e+22,1.6782370708586705e+23,5.035710656085245e+23,9.981181224154769e+19,1.8761431253757975e-09,5.540849071086816e+22,0.000291779742383011,1.0027755394395197e+20,1.4557456066633186e-09,1.6660151002865526e+17,2.6670670032138924e+16,7.309195360749504e+16,5.0347112125760115e+23,1.0011095243392331e+20,1.6782370708586705e+23
2366030270270.2705,1044.6138467956705,253396439.82537135,1,5.92317300170313e+22,1.6782370708586705e+23,5.035710656085245e+23,9.981181224154769e+19,1.7451858455682911e-09,5.540849071086816e+22,0.0002714089412178382,1.0027755394395197e+20,1.3541385213628322e-09,1.6660151002865526e+17,2.5846966994187972e+16,7.391565664544598e+16,5.0347112125760115e+23,1.0011095243392331e+20,1.6782370708586705e+23
2369189189189.189,1042.2702070717662,253391560.67163557,1,5.92317300170313e+22,1.6782370708586705e+23,5.035710656085245e+23,9.981181224154769e+19,1.623369079928149e-09,5.540849071086816e+22,0.00025246034139098274,1.0027755394395197e+20,1.259622859119318e-09,1.6660151002865526e+17,2.503037205775768e+16,7.473225158187627e+16,5.0347112125760115e+23,1.0011095243392331e+20,1.6782370708586705e+23
2372348108108.1084,1039.9265673478617,253386775.0433273,1,5.92317300170313e+22,1.6782370708586705e+23,5.035710656085245e+23,9.981181224154769e+19,1.5100548820242545e-09,5.540849071086816e+22,0.00023483465094871576,1.0027755394395197e+20,1.1717037310834774e-09,1.6660151002865526e+17,2.4221429928326372e+16,7.554119371130758e+16,5.0347112125760115e+23,1.0011095243392331e+20,1.6782370708586705e+23
2375507027027.0273,1037.5829276239574,253382081.47053292,1,5.92317300170313e+22,1.6782370708586705e+23,5.035710656085245e+23,9.981181224154769e+19,1.4046498264680417e-09,5.540849071086816e+22,0.00021843951007259033,1.0027755394395197e+20,1.0899207818821006e-09,1.6660151002865526e+17,2.3420682557804464e+16,7.634194108182949e+16,5.0347112125760115e+23,1.0011095243392331e+20,1.6782370708586705e+23
2378665945945.9463,1035.2392879000531,253377478.49294063,1,5.92317300170313e+22,1.6782370708586705e+23,5.035710656085245e+23,9.981181224154769e+19,1.3066019021461137e-09,5.540849071086816e+22,0.00020318900710770185,1.0027755394395197e+20,1.0138457801312463e-09,1.6660151002865526e+17,2.262866782762208e+16,7.713395581201187e+16,5.0347112125760115e+23,1.0011095243392331e+20,1.6782370708586705e+23
2381824864864.865,1032.8956481761488,253372964.6602278,1,5.92317300170313e+22,1.6782370708586705e+23,5.035710656085245e+23,9.981181224154769e+19,1.2153976222279732e-09,5.540849071086816e+22,0.00018900322837976476,1.0027755394395197e+20,9.430803770440404e-10,1.6660151002865526e+17,2.1845918194886844e+16,7.79167054447471e+16,5.0347112125760115e+23,1.0011095243392331e+20,1.6782370708586705e+23
2384983783783.784,1030.5520084522445,253368538.53243497,1,5.92317300170313e+22,1.6782370708586705e+23,5.035710656085245e+23,9.981181224154769e+19,1.1305593358249595e-09,5.540849071086816e+22,0.0001758078394420161,1.0027755394395197e+20,8.772540214079273e-10,1.6660151002865526e+17,2.1072959305814056e+16,7.868966433381989e+16,5.0347112125760115e+23,1.0011095243392331e+20,1.6782370708586705e+23
2388142702702.7026,1028.2083687283402,253364198.68032756,1,5.92317300170313e+22,1.6782370708586705e+23,5.035710656085245e+23,9.981181224154769e+19,1.0516427272316017e-09,5.540849071086816e+22,0.00016353369555765143,1.0027755394395197e+20,8.160220200238118e-10,1.6660151002865526e+17,2.0310308581079944e+16,7.9452315058554e+16,5.0347112125760115e+23,1.0011095243392331e+20,1.6782370708586705e+23
2391301621621.6216,1025.864729004436,253359943.68574375,1,5.92317300170313e+22,1.6782370708586705e+23,5.035710656085245e+23,9.981181224154769e+19,9.782344896619704e-10,5.540849071086816e+22,0.00015211647937669428,1.0027755394395197e+20,7.590637334603119e-10,1.6660151002865526e+17,1.9558473778196536e+16,8.02041498614374e+16,5.0347112125760115e+23,1.0011095243392331e+20,1.6782370708586705e+23
2394460540540.5405,1023.5210892805317,253355772.14192972,1,5.92317300170313e+22,1.6782370708586705e+23,5.035710656085245e+23,9.981181224154769e+19,9.099501613066253e-10,5.540849071086816e+22,0.00014149636390870156,1.0027755394395197e+20,7.060808976841135e-10,1.6660151002865526e+17,1.8817951536450624e+16,8.094467210318333e+16,5.0347112125760115e+23,1.0011095243392331e+20,1.6782370708586705e+23
2397619459459.4595,1021.1774495566274,253351682.65386096,1,5.92317300170313e+22,1.6782370708586705e+23,5.035710656085245e+23,9.981181224154769e+19,8.464321123850777e-10,5.540849071086816e+22,0.00013161769902525857,1.0027755394395197e+20,6.567960627855943e-10,1.6660151002865526e+17,1.8089225910384456e+16,8.167339772924949e+16,5.0347112125760115e+23,1.0011095243392331e+20,1.6782370708586705e+23
2400778378378.3784,1018.8338098327231,253347673.8385503,1,5.92317300170313e+22,1.6782370708586705e+23,5.035710656085245e+23,9.981181224154769e+19,7.873476726586689e-10,5.540849071086816e+22,0.00012242871984951572,1.0027755394395197e+20,6.10951140631463e-10,1.6660151002865526e+17,1.737276689821808e+16,8.238985674141587e+16,5.0347112125760115e+23,1.0011095243392331e+20,1.6782370708586705e+23
2403937297297.298,1016.4901701088185,253343752.2304443,1,5.92317300170313e+22,1.6782370708586705e+23,5.035710656085245e+23,9.981181224154769e+19,7.323873725948568e-10,5.540849071086816e+22,0.00011388127550470796,1.0027755394395197e+20,5.683060374321599e-10,1.6660151002865526e+17,1.6669028972017424e+16,8.309359466761653e+16,5.0347112125760115e+23,1.0011095243392331e+20,1.6782370708586705e+23
2407096216216.2163,1014.1465303849142,253339926.2261291,1,5.92317300170313e+22,1.6782370708586705e+23,5.035710656085245e+23,9.981181224154769e+19,6.812633403140492e-10,5.540849071086816e+22,0.00010593057680028088,1.0027755394395197e+20,5.286374131681789e-10,1.6660151002865526e+17,1.597844961679338e+16,8.378417402284058e+16,5.0347112125760115e+23,1.0011095243392331e+20,1.6782370708586705e+23
2410255135135.1353,1011.8028906610099,253336193.28766727,1,5.92317300170313e+22,1.6782370708586705e+23,5.035710656085245e+23,9.981181224154769e+19,6.337078194955175e-10,5.540849071086816e+22,9.853496153348149e-05,1.0027755394395197e+20,4.917375371908074e-10,1.6660151002865526e+17,1.530144788606966e+16,8.446117575356429e+16,5.0347112125760115e+23,1.0011095243392331e+20,1.6782370708586705e+23
2413414054054.054,1009.4592509371056,253332550.94210443,1,5.92317300170313e+22,1.6782370708586705e+23,5.035710656085245e+23,9.981181224154769e+19,5.894717414981535e-10,5.540849071086816e+22,9.165567617657806e-05,1.0027755394395197e+20,4.574131764517625e-10,1.6660151002865526e+17,1.4638422981775732e+16,8.51242006578582e+16,5.0347112125760115e+23,1.0011095243392331e+20,1.6782370708586705e+23
2416572972972.973,1007.1156112132013,253328996.78013307,1,5.92317300170313e+22,1.6782370708586705e+23,5.035710656085245e+23,9.981181224154769e+19,5.483234201583533e-10,5.540849071086816e+22,8.525667280573522e-05,1.0027755394395197e+20,4.254845822688288e-10,1.6660151002865526e+17,1.398975286659975e+16,8.577287077303419e+16,5.0347112125760115e+23,1.0011095243392331e+20,1.6782370708586705e+23
2419731891891.892,1004.771971489297,253325528.45476297,1,5.92317300170313e+22,1.6782370708586705e+23,5.035710656085245e+23,9.981181224154769e+19,5.100473387685304e-10,5.540849071086816e+22,7.93044202074378e-05,1.0027755394395197e+20,3.9578454939911186e-10,1.6660151002865526e+17,1.3355792917169402e+16,8.640683072246454e+16,5.0347112125760115e+23,1.0011095243392331e+20,1.6782370708586705e+23
2422890810810.811,1002.4283317653927,253322143.67999962,1,5.92317300170313e+22,1.6782370708586705e+23,5.035710656085245e+23,9.981181224154769e+19,4.744430217413873e-10,5.540849071086816e+22,7.376772817264802e-05,1.0027755394395197e+20,3.6815754084991515e-10,1.6660151002865526e+17,1.2736874626610084e+16,8.702574901302386e+16,5.0347112125760115e+23,1.0011095243392331e+20,1.6782370708586705e+23
2426049729729.73,1000.0846920414884,253318840.22953212,1,5.92317300170313e+22,1.6782370708586705e+23,5.035710656085245e+23,9.981181224154769e+19,4.413239850011851e-10,5.540849071086816e+22,6.861758405798577e-05,1.0027755394395197e+20,3.424588737464385e-10,1.6660151002865526e+17,1.2133304365154106e+16,8.762931927447984e+16,5.0347112125760115e+23,1.0011095243392331e+20,1.6782370708586705e+23
2429208648648.6484,997.7410523175841,253315615.9354319,1,5.92317300170313e+22,1.6782370708586705e+23,5.035710656085245e+23,9.981181224154769e+19,4.1051675960780057e-10,5.540849071086816e+22,6.382700075750114e-05,1.0027755394395197e+20,3.1855396199279076e-10,1.6660151002865526e+17,1.1545362207536002e+16,8.821726143209795e+16,5.0347112125760115e+23,1.0011095243392331e+20,1.6782370708586705e+23
2432367567567.5674,995.3974125936799,253312468.68686283,1,5.92317300170313e+22,1.6782370708586705e+23,5.035710656085245e+23,9.981181224154769e+19,3.818599835050522e-10,5.540849071086816e+22,5.9370875288401074e-05,1.0027755394395197e+20,2.963176117652497e-10,1.6660151002865526e+17,1.0973300835902188e+16,8.878932280373176e+16,5.0347112125760115e+23,1.0011095243392331e+20,1.6782370708586705e+23
2435526486486.487,993.0537728697752,253309396.4288039,1,5.92317300170313e+22,1.6782370708586705e+23,5.035710656085245e+23,9.981181224154769e+19,3.552035566410188e-10,5.540849071086816e+22,5.522585724970974e-05,1.0027755394395197e+20,2.756333661531458e-10,1.6660151002865526e+17,1.0417344526883002e+16,8.934527911275094e+16,5.0347112125760115e+23,1.0011095243392331e+20,1.6782370708586705e+23
2438685405405.406,990.7101331458709,253306397.1607855,1,5.92317300170313e+22,1.6782370708586705e+23,5.035710656085245e+23,9.981181224154769e+19,3.30407855039576e-10,5.540849071086816e+22,5.137022646457694e-05,1.0027755394395197e+20,2.5639289551962613e-10,1.6660151002865526e+17,9877688231317088.0,8.988493540831686e+16,5.0347112125760115e+23,1.0011095243392331e+20,1.6782370708586705e+23
2441844324324.3247,988.3664934219667,253303468.9356405,1,5.92317300170313e+22,1.6782370708586705e+23,5.035710656085245e+23,9.981181224154769e+19,3.073429997106547e-10,5.540849071086816e+22,4.7783779165072e-05,1.0027755394395197e+20,2.3849543039354985e-10,1.6660151002865526e+17,9354496754877880.0,9.040812688475608e+16,5.0347112125760115e+23,1.0011095243392331e+20,1.6782370708586705e+23
2445003243243.2437,986.0228536980624,253300609.85826957,1,5.92317300170313e+22,1.6782370708586705e+23,5.035710656085245e+23,9.981181224154769e+19,2.8588817657354937e-10,5.540849071086816e+22,4.44477221230637e-05,1.0027755394395197e+20,2.2184723392608858e-10,1.6660151002865526e+17,8847904047526436.0,9.091471959210752e+16,5.0347112125760115e+23,1.0011095243392331e+20,1.6782370708586705e+23
2448162162162.1626,983.6792139741581,253297818.08442384,1,5.92317300170313e+22,1.6782370708586705e+23,5.035710656085245e+23,9.981181224154769e+19,2.659310038344264e-10,5.540849071086816e+22,4.134457417242481e-05,1.0027755394395197e+20,2.0636111115245314e-10,1.6660151002865526e+17,8358012609301089.0,9.140461103033286e+16,5.0347112125760115e+23,1.0011095243392331e+20,1.6782370708586705e+23
2451321081081.081,981.3355742502538,253295091.81950212,1,5.92317300170313e+22,1.6782370708586705e+23,5.035710656085245e+23,9.981181224154769e+19,2.4736694350738493e-10,5.540849071086816e+22,3.845807460653088e-05,1.0027755394395197e+20,1.9195595249154512e-10,1.6660151002865526e+17,7884893019450792.0,9.187773062018317e+16,5.0347112125760115e+23,1.0011095243392331e+20,1.6782370708586705e+23
2454480000000.0,978.9919345263495,253292429.31736693,1,5.92317300170313e+22,1.6782370708586705e+23,5.035710656085245e+23,9.981181224154769e+19,2.3009875399936726e-10,5.540849071086816e+22,3.5773097971049965e-05,1.0027755394395197e+20,1.78556309095388e-10,1.6660151002865526e+17,7428583595324676.0,9.233404004430928e+16,5.0347112125760115e+23,1.0011095243392331e+20,1.6782370708586705e+23
2457638918918.919,976.6482948024452,253289828.87917745,1,5.92317300170313e+22,1.6782370708586705e+23,5.035710656085245e+23,9.981181224154769e+19,2.140359808939768e-10,5.540849071086816e+22,3.3275574805531754e-05,1.0027755394395197e+20,1.6609199782668304e-10,1.6660151002865526e+17,6989090186745564.0,9.277353345288838e+16,5.0347112125760115e+23,1.0011095243392331e+20,1.6782370708586705e+23
2460797837837.838,974.3046550785409,253287288.85223994,1,5.92317300170313e+22,1.6782370708586705e+23,5.035710656085245e+23,9.981181224154769e+19,1.990944832691374e-10,5.540849071086816e+22,3.095241791847643e-05,1.0027755394395197e+20,1.5449773379778167e-10,1.6660151002865526e+17,6566386110821416.0,9.319623752881253e+16,5.0347112125760115e+23,1.0011095243392331e+20,1.6782370708586705e+23
2463956756756.757,971.9610153546366,253284807.62887752,1,5.92317300170313e+22,1.6782370708586705e+23,5.035710656085245e+23,9.981181224154769e+19,1.851959930693925e-10,5.540849071086816e+22,2.879145380955984e-05,1.0027755394395197e+20,1.4371278854846546e-10,1.6660151002865526e+17,6160412231288661.0,9.360221140834528e+16,5.0347112125760115e+23,1.0011095243392331e+20,1.6782370708586705e+23
2467115675675.6763,969.617375630732,253282383.6453178,1,5.92317300170313e+22,1.6782370708586705e+23,5.035710656085245e+23,9.981181224154769e+19,1.7226770522660683e-10,5.540849071086816e+22,2.678135887966264e-05,1.0027755394395197e+20,1.3368067207402695e-10,1.6660151002865526e+17,5771077185539224.0,9.399154645409472e+16,5.0347112125760115e+23,1.0011095243392331e+20,1.6782370708586705e+23
2470274594594.5947,967.2737359068277,253280015.38060036,1,5.92317300170313e+22,1.6782370708586705e+23,5.035710656085245e+23,9.981181224154769e+19,1.602418963836731e-10,5.540849071086816e+22,2.4911600094439627e-05,1.0027755394395197e+20,1.2434883703985197e-10,1.6660151002865526e+17,5398257761464161.0,9.436436587816978e+16,5.0347112125760115e+23,1.0011095243392331e+20,1.6782370708586705e+23
2473433513513.5137,964.9300961829234,253277701.35550293,1,5.92317300170313e+22,1.6782370708586705e+23,5.035710656085245e+23,9.981181224154769e+19,1.490555702255095e-10,5.540849071086816e+22,2.317237979050232e-05,1.0027755394395197e+20,1.1566840363474719e-10,1.6660151002865526e+17,5041799425158165.0,9.472082421447578e+16,5.0347112125760115e+23,1.0011095243392331e+20,1.6782370708586705e+23
2476592432432.4326,962.5864564590191,253275440.13148692,1,5.92317300170313e+22,1.6782370708586705e+23,5.035710656085245e+23,9.981181224154769e+19,1.3865012756085044e-10,5.540849071086816e+22,2.1554584334995478e-05,1.0027755394395197e+20,1.075939036232087e-10,1.6660151002865526e+17,4701516999379167.0,9.506110664025477e+16,5.0347112125760115e+23,1.0011095243392331e+20,1.6782370708586705e+23
2479751351351.3516,960.2428167351148,253273230.3096632,1,5.92317300170313e+22,1.6782370708586705e+23,5.035710656085245e+23,9.981181224154769e+19,1.2897105942782344e-10,5.540849071086816e+22,2.004973636954019e-05,1.0027755394395197e+20,1.0008304225723013e-10,1.6660151002865526e+17,4377195491455525.0,9.538542814817842e+16,5.0347112125760115e+23,1.0011095243392331e+20,1.6782370708586705e+23
2482910270270.2705,957.8991770112106,253271070.52977684,1,5.92317300170313e+22,1.6782370708586705e+23,5.035710656085245e+23,9.981181224154769e+19,1.1996766161680295e-10,5.540849071086816e+22,1.8649950388298547e-05,1.0027755394395197e+20,9.309647680167727e-11,1.6660151002865526e+17,4068591068091235.5,9.56940325715427e+16,5.0347112125760115e+23,1.0011095243392331e+20,1.6782370708586705e+23
2486069189189.1895,955.5555372873063,253268959.46921214,1,5.92317300170313e+22,1.6782370708586705e+23,5.035710656085245e+23,9.981181224154769e+19,1.1159276911610433e-10,5.540849071086816e+22,1.7347891417385946e-05,1.0027755394395197e+20,8.659761051416471e-11,1.6660151002865526e+17,3775432173249649.0,9.598719146638429e+16,5.0347112125760115e+23,1.0011095243392331e+20,1.6782370708586705e+23
2489228108108.1084,953.211897563402,253266895.84201705,1,5.92317300170313e+22,1.6782370708586705e+23,5.035710656085245e+23,9.981181224154769e+19,1.0380250909032529e-10,5.540849071086816e+22,1.613673657910834e-05,1.0027755394395197e+20,8.05524010011967e-11,1.6660151002865526e+17,3497420784012154.5,9.626520285562178e+16,5.0347112125760115e+23,1.0011095243392331e+20,1.6782370708586705e+23
2492387027027.027,950.8682578394977,253264878.39794794,1,5.92317300170313e+22,1.6782370708586705e+23,5.035710656085245e+23,9.981181224154769e+19,9.655607109814884e-11,5.540849071086816e+22,1.5010139339618398e-05,1.0027755394395197e+20,7.49291819475665e-11,1.6660151002865526e+17,3234233798025131.0,9.65283898416088e+16,5.0347112125760115e+23,1.0011095243392331e+20,1.6782370708586705e+23
2495545945945.946,948.5246181155934,253262905.9215334,1,5.92317300170313e+22,1.6782370708586705e+23,5.035710656085245e+23,9.981181224154769e+19,8.98154933466319e-11,5.540849071086816e+22,1.3962196252645858e-05,1.0027755394395197e+20,6.969849728595198e-11,1.6660151002865526e+17,2985524544881986.5,9.677709909475195e+16,5.0347112125760115e+23,1.0011095243392331e+20,1.6782370708586705e+23
2498704864864.865,946.1809783916888,253260977.23115844,1,5.92317300170313e+22,1.6782370708586705e+23,5.035710656085245e+23,9.981181224154769e+19,8.354546386293039e-11,5.540849071086816e+22,1.2987416025036984e-05,1.0027755394395197e+20,6.483294693873854e-11,1.6660151002865526e+17,2750924412553897.0,9.701169922708005e+16,5.0347112125760115e+23,1.0011095243392331e+20,1.6782370708586705e+23
2501863783783.784,943.8373386677845,253259091.17816815,1,5.92317300170313e+22,1.6782370708586705e+23,5.035710656085245e+23,9.981181224154769e+19,7.771313554250179e-11,5.540849071086816e+22,1.2080690742004408e-05,1.0027755394395197e+20,6.030704332464942e-11,1.6660151002865526e+17,2530044578800118.5,9.723257906083382e+16,5.0347112125760115e+23,1.0011095243392331e+20,1.6782370708586705e+23
2505022702702.703,941.4936989438802,253257246.64599034,1,5.92317300170313e+22,1.6782370708586705e+23,5.035710656085245e+23,9.981181224154769e+19,7.228795410543338e-11,5.540849071086816e+22,1.1237269101305732e-05,1.0027755394395197e+20,5.609707787907878e-11,1.6660151002865526e+17,2322477836373763.5,9.744014580326018e+16,5.0347112125760115e+23,1.0011095243392331e+20,1.6782370708586705e+23
2508181621621.622,939.1500592199759,253255442.54927838,1,5.92317300170313e+22,1.6782370708586705e+23,5.035710656085245e+23,9.981181224154769e+19,6.724149806012904e-11,5.540849071086816e+22,1.0452731516096157e-05,1.0027755394395197e+20,5.218099688943014e-11,1.6660151002865526e+17,2127800499809213.5,9.763482313982472e+16,5.0347112125760115e+23,1.0011095243392331e+20,1.6782370708586705e+23
2511340540540.5405,936.8064194960716,253253677.8330726,1,5.92317300170313e+22,1.6782370708586705e+23,5.035710656085245e+23,9.981181224154769e+19,6.254732983641909e-11,5.540849071086816e+22,9.722966955992383e-06,1.0027755394395197e+20,4.8538285995493495e-11,1.6660151002865526e+17,1945574380649834.2,9.78170492589841e+16,5.0347112125760115e+23,1.0011095243392331e+20,1.6782370708586705e+23
2514499459459.4595,934.4627797721673,253251951.47198126,1,5.92317300170313e+22,1.6782370708586705e+23,5.035710656085245e+23,9.981181224154769e+19,5.81808573086345e-11,5.540849071086816e+22,9.044151404993393e-06,1.0027755394395197e+20,4.514986275024483e-11,1.6660151002865526e+17,1775348817165837.2,9.79872748224681e+16,5.0347112125760115e+23,1.0011095243392331e+20,1.6782370708586705e+23
2517658378378.3784,932.119140048263,253250262.46937993,1,5.92317300170313e+22,1.6782370708586705e+23,5.035710656085245e+23,9.981181224154769e+19,5.411920498357001e-11,5.540849071086816e+22,8.412727823376144e-06,1.0027755394395197e+20,4.1997976678629914e-11,1.6660151002865526e+17,1616662743937387.0,9.814596089569654e+16,5.0347112125760115e+23,1.0011095243392331e+20,1.6782370708586705e+23
2520817297297.2974,929.7755003243587,253248609.85662976,1,5.92317300170313e+22,1.6782370708586705e+23,5.035710656085245e+23,9.981181224154769e+19,5.034109417885209e-11,5.540849071086816e+22,7.825387508565135e-06,1.0027755394395197e+20,3.9066116311131225e-11,1.6660151002865526e+17,1469046786151480.2,9.829357685348245e+16,5.0347112125760115e+23,1.0011095243392331e+20,1.6782370708586705e+23
2523976216216.2163,927.4318606004545,253246992.69231418,1,5.92317300170313e+22,1.6782370708586705e+23,5.035710656085245e+23,9.981181224154769e+19,4.6826731564294124e-11,5.540849071086816e+22,7.279052757305552e-06,1.0027755394395197e+20,3.633892270541956e-11,1.6660151002865526e+17,1332025363095138.2,9.843059827653878e+16,5.0347112125760115e+23,1.0011095243392331e+20,1.6782370708586705e+23
2527135135135.1353,925.0882208765502,253245410.06149366,1,5.92317300170313e+22,1.6782370708586705e+23,5.035710656085245e+23,9.981181224154769e+19,4.3557705482597554e-11,5.540849071086816e+22,6.770860738288579e-06,1.0027755394395197e+20,3.3802109003349227e-11,1.6660151002865526e+17,1205118785132452.8,9.855750485450147e+16,5.0347112125760115e+23,1.0011095243392331e+20,1.6782370708586705e+23
2530294054054.054,922.7445811526455,253243861.07497856,1,5.92317300170313e+22,1.6782370708586705e+23,5.035710656085245e+23,9.981181224154769e+19,4.0516889506488725e-11,5.540849071086816e+22,6.298148490720351e-06,1.0027755394395197e+20,3.144238560213736e-11,1.6660151002865526e+17,1087845328437128.4,9.86747783111968e+16,5.0347112125760115e+23,1.0011095243392331e+20,1.6782370708586705e+23
2533452972972.973,920.4009414287412,253242344.86861968,1,5.92317300170313e+22,1.6782370708586705e+23,5.035710656085245e+23,9.981181224154769e+19,3.768835272725883e-11,5.540849071086816e+22,5.8584389702260056e-06,1.0027755394395197e+20,2.924739054796128e-11,1.6660151002865526e+17,979723271920841.6,9.878290036771309e+16,5.0347112125760115e+23,1.0011095243392331e+20,1.6782370708586705e+23
2536611891891.892,918.057301704837,253240860.60261604,1,5.92317300170313e+22,1.6782370708586705e+23,5.035710656085245e+23,9.981181224154769e+19,3.505727630492202e-11,5.540849071086816e+22,5.449428068968446e-06,1.0027755394395197e+20,2.7205624787530908e-11,1.6660151002865526e+17,880272881153645.5,9.888235075848029e+16,5.0347112125760115e+23,1.0011095243392331e+20,1.6782370708586705e+23
2539770810810.811,915.7136619809327,253239407.46083978,1,5.92317300170313e+22,1.6782370708586705e+23,5.035710656085245e+23,9.981181224154769e+19,3.26098758429865e-11,5.540849071086816e+22,5.068972541966338e-06,1.0027755394395197e+20,2.530639193863129e-11,1.6660151002865526e+17,789018324615415.2,9.897360531501851e+16,5.0347112125760115e+23,1.0011095243392331e+20,1.6782370708586705e+23
2542929729729.73,913.3700222570284,253237984.6501783,1,5.92317300170313e+22,1.6782370708586705e+23,5.035710656085245e+23,9.981181224154769e+19,3.033332918132703e-11,5.540849071086816e+22,4.71507877634442e-06,1.0027755394395197e+20,2.3539742264275698e-11,1.6660151002865526e+17,705489508343344.8,9.905713413129058e+16,5.0347112125760115e+23,1.0011095243392331e+20,1.6782370708586705e+23
2546088648648.649,911.0263825331241,253236591.39989263,1,5.92317300170313e+22,1.6782370708586705e+23,5.035710656085245e+23,9.981181224154769e+19,2.8215709229018503e-11,5.540849071086816e+22,4.3858923446662515e-06,1.0027755394395197e+20,2.189642055711904e-11,1.6660151002865526e+17,629223815942953.1,9.913339982369096e+16,5.0347112125760115e+23,1.0011095243392331e+20,1.6782370708586705e+23
2549247567567.568,908.6827428092198,253235226.96099192,1,5.92317300170313e+22,1.6782370708586705e+23,5.035710656085245e+23,9.981181224154769e+19,2.624592148537754e-11,5.540849071086816e+22,4.079688287608135e-06,1.0027755394395197e+20,2.036781766124847e-11,1.6660151002865526e+17,559767741998808.0,9.92028558976351e+16,5.0347112125760115e+23,1.0011095243392331e+20,1.6782370708586705e+23
2552406486486.4863,906.3391030853155,253233890.60562462,1,5.92317300170313e+22,1.6782370708586705e+23,5.035710656085245e+23,9.981181224154769e+19,2.4413645922003144e-11,5.540849071086816e+22,3.7948620750547696e-06,1.0027755394395197e+20,1.8945925377506998e-11,1.6660151002865526e+17,496678408142900.5,9.9265945231491e+16,5.0347112125760115e+23,1.0011095243392331e+20,1.6782370708586705e+23
2555565405405.4053,903.9954633614112,253232581.62648445,1,5.92317300170313e+22,1.6782370708586705e+23,5.035710656085245e+23,9.981181224154769e+19,2.2709282921447256e-11,5.540849071086816e+22,3.5299211982521552e-06,1.0027755394395197e+20,1.7623294516221902e-11,1.6660151002865526e+17,439524952396913.25,9.9323098687237e+16,5.0347112125760115e+23,1.0011095243392331e+20,1.6782370708586705e+23
2558724324324.324,901.6518236375069,253231299.3362322,1,5.92317300170313e+22,1.6782370708586705e+23,5.035710656085245e+23,9.981181224154769e+19,2.112390298938232e-11,5.540849071086816e+22,3.2834773489600665e-06,1.0027755394395197e+20,1.6392995877683438e-11,1.6660151002865526e+17,387889783880275.4,9.937473385575363e+16,5.0347112125760115e+23,1.0011095243392331e+20,1.6782370708586705e+23
2561883243243.2437,899.3081839136023,253230043.06693262,1,5.92317300170313e+22,1.6782370708586705e+23,5.035710656085245e+23,9.981181224154769e+19,1.9649199976895018e-11,5.540849071086816e+22,3.054239144622311e-06,1.0027755394395197e+20,1.5248583956048827e-11,1.6660151002865526e+17,341369696547105.0,9.94212539430868e+16,5.0347112125760115e+23,1.0011095243392331e+20,1.6782370708586705e+23
2565042162162.1626,896.964544189698,253228812.16950613,1,5.92317300170313e+22,1.6782370708586705e+23,5.035710656085245e+23,9.981181224154769e+19,1.8277447567913975e-11,5.540849071086816e+22,2.8410053614341767e-06,1.0027755394395197e+20,1.4184063176602669e-11,1.6660151002865526e+17,299576837257962.3,9.946304680237594e+16,5.0347112125760115e+23,1.0011095243392331e+20,1.6782370708586705e+23
2568201081081.0815,894.6209044657937,253227606.01319453,1,5.92317300170313e+22,1.6782370708586705e+23,5.035710656085245e+23,9.981181224154769e+19,1.7001458803877482e-11,5.540849071086816e+22,2.6426586398478763e-06,1.0027755394395197e+20,1.3193856489569726e-11,1.6660151002865526e+17,262139525181083.34,9.950048411445282e+16,5.0347112125760115e+23,1.0011095243392331e+20,1.6782370708586705e+23
2571360000000.0,892.2772647418894,253226423.98504138,1,5.92317300170313e+22,1.6782370708586705e+23,5.035710656085245e+23,9.981181224154769e+19,1.58145484336519e-11,5.540849071086816e+22,2.4581596295324106e-06,1.0027755394395197e+20,1.2272776156013036e-11,1.6660151002865526e+17,228702921225564.7,9.953392071840834e+16,5.0347112125760115e+23,1.0011095243392331e+20,1.6782370708586705e+23
2574518918918.919,889.9336250179852,253225265.48938584,1,5.92317300170313e+22,1.6782370708586705e+23,5.035710656085245e+23,9.981181224154769e+19,1.4710497891506794e-11,5.540849071086816e+22,2.2865415431070413e-06,1.0027755394395197e+20,1.1415996572826697e-11,1.6660151002865526e+17,198929547908245.56,9.956369409172565e+16,5.0347112125760115e+23,1.0011095243392331e+20,1.6782370708586705e+23
2577677837837.838,887.5899852940809,253224129.9473703,1,5.92317300170313e+22,1.6782370708586705e+23,5.035710656085245e+23,9.981181224154769e+19,1.368352271971331e-11,5.540849071086816e+22,2.1269050901095658e-06,1.0027755394395197e+20,1.0619028994510661e-11,1.6660151002865526e+17,172499661719169.88,9.959012397791472e+16,5.0347112125760115e+23,1.0011095243392331e+20,1.6782370708586705e+23
2580836756756.757,885.2463455701766,253223016.79646096,1,5.92317300170313e+22,1.6782370708586705e+23,5.035710656085245e+23,9.981181224154769e+19,1.2728242265137052e-11,5.540849071086816e+22,1.9784137646530437e-06,1.0027755394395197e+20,9.877698019344263e-12,1.6660151002865526e+17,149111481650406.72,9.961351215798349e+16,5.0347112125760115e+23,1.0011095243392331e+20,1.6782370708586705e+23
2583995675675.676,882.9027058462723,253221925.4899818,1,5.92317300170313e+22,1.6782370708586705e+23,5.035710656085245e+23,9.981181224154769e+19,1.1839651491102914e-11,5.540849071086816e+22,1.8402894620779697e-06,1.0027755394395197e+20,9.18811971681505e-12,1.6660151002865526e+17,128481279063724.16,9.963414236057018e+16,5.0347112125760115e+23,1.0011095243392331e+20,1.6782370708586705e+23
2587154594594.5947,880.559066122368,253220855.49666047,1,5.92317300170313e+22,1.6782370708586705e+23,5.035710656085245e+23,9.981181224154769e+19,1.1013094756888703e-11,5.540849071086816e+22,1.711808401630862e-06,1.0027755394395197e+20,8.546681281752453e-12,1.6660151002865526e+17,110343335469961.72,9.965228030416394e+16,5.0347112125760115e+23,1.0011095243392331e+20,1.6782370708586705e+23
2590313513513.5137,878.2154263984637,253219806.30018702,1,5.92317300170313e+22,1.6782370708586705e+23,5.035710656085245e+23,9.981181224154769e+19,1.0244241427507718e-11,5.540849071086816e+22,1.592297333803814e-06,1.0027755394395197e+20,7.950022108610322e-12,1.6660151002865526e+17,94449776055072.0,9.966817386357883e+16,5.0347112125760115e+23,1.0011095243392331e+20,1.6782370708586705e+23
2593472432432.4326,875.8717866745591,253218777.3987847,1,5.92317300170313e+22,1.6782370708586705e+23,5.035710656085245e+23,9.981181224154769e+19,9.529063186026561e-12,5.540849071086816e+22,1.4811300124612172e-06,1.0027755394395197e+20,7.395016186778068e-12,1.6660151002865526e+17,80570287895684.78,9.968205335173822e+16,5.0347112125760115e+23,1.0011095243392331e+20,1.6782370708586705e+23
2596631351351.3516,873.5281469506548,253217768.30479208,1,5.92317300170313e+22,1.6782370708586705e+23,5.035710656085245e+23,9.981181224154769e+19,8.863812929580932e-12,5.540849071086816e+22,1.3777239132673543e-06,1.0027755394395197e+20,6.878755724718983e-12,1.6660151002865526e+17,68491732744977.516,9.969413190688893e+16,5.0347112125760115e+23,1.0011095243392331e+20,1.6782370708586705e+23
2599790270270.2705,871.1845072267505,253216778.54425693,1,5.92317300170313e+22,1.6782370708586705e+23,5.035710656085245e+23,9.981181224154769e+19,8.245005138546448e-12,5.540849071086816e+22,1.2815371812192037e-06,1.0027755394395197e+20,6.398535917167096e-12,1.6660151002865526e+17,58017665025570.734,9.970460597460834e+16,5.0347112125760115e+23,1.0011095243392331e+20,1.6782370708586705e+23
2602949189189.1895,868.8408675028462,253215807.65654117,1,5.92317300170313e+22,1.6782370708586705e+23,5.035710656085245e+23,9.981181224154769e+19,7.669397616036317e-12,5.540849071086816e+22,1.1920657912893163e-06,1.0027755394395197e+20,5.951840775601215e-12,1.6660151002865526e+17,48967766232020.54,9.971365587340189e+16,5.0347112125760115e+23,1.0011095243392331e+20,1.6782370708586705e+23
2606108108108.1084,866.4972277789419,253214855.1939369,1,5.92317300170313e+22,1.6782370708586705e+23,5.035710656085245e+23,9.981181224154769e+19,7.133974502075586e-12,5.540849071086816e+22,1.1088409073003413e-06,1.0027755394395197e+20,5.536329947782184e-12,1.6660151002865526e+17,41177207317282.23,9.972144643231662e+16,5.0347112125760115e+23,1.0011095243392331e+20,1.6782370708586705e+23
2609267027027.0273,864.1535880550376,253213920.72129253,1,5.92317300170313e+22,1.6782370708586705e+23,5.035710656085245e+23,9.981181224154769e+19,6.635930473477464e-12,5.540849071086816e+22,1.0314264251915235e-06,1.0027755394395197e+20,5.14982645731897e-12,1.6660151002865526e+17,34495950815484.273,9.972812768881842e+16,5.0347112125760115e+23,1.0011095243392331e+20,1.6782370708586705e+23
2612425945945.9463,861.8099483311333,253213003.8156498,1,5.92317300170313e+22,1.6782370708586705e+23,5.035710656085245e+23,9.981181224154769e+19,6.172656046656604e-12,5.540849071086816e+22,9.5941668780372e-07,1.0027755394395197e+20,4.7903052990469414e-12,1.6660151002865526e+17,28788004441814.78,9.973383563519208e+16,5.0347112125760115e+23,1.0011095243392331e+20,1.6782370708586705e+23
2615584864864.8647,859.466308607229,253212104.06589064,1,5.92317300170313e+22,1.6782370708586705e+23,5.035710656085245e+23,9.981181224154769e+19,5.741723906392634e-12,5.540849071086816e+22,8.924343592082575e-07,1.0027755394395197e+20,4.455882830484169e-12,1.6660151002865526e+17,23930637717565.914,9.973869300191634e+16,5.0347112125760115e+23,1.0011095243392331e+20,1.6782370708586705e+23
2618743783783.7837,857.1226688833248,253211221.07239383,1,5.92317300170313e+22,1.6782370708586705e+23,5.035710656085245e+23,9.981181224154769e+19,5.340876188928937e-12,5.540849071086816e+22,8.301284474409629e-07,1.0027755394395197e+20,4.1448069037999036e-12,1.6660151002865526e+17,19813572806352.203,9.974281006682755e+16,5.0347112125760115e+23,1.0011095243392331e+20,1.6782370708586705e+23
2621902702702.7026,854.7790291594205,253210354.4467011,1,5.92317300170313e+22,1.6782370708586705e+23,5.035710656085245e+23,9.981181224154769e+19,4.968012652791707e-12,5.540849071086816e+22,7.721724652803655e-07,1.0027755394395197e+20,3.8554476866081325e-12,1.6660151002865526e+17,16338160231437.959,9.974628547940246e+16,5.0347112125760115e+23,1.0011095243392331e+20,1.6782370708586705e+23
2625061621621.622,852.4353894355158,253209503.81119284,1,5.92317300170313e+22,1.6782370708586705e+23,5.035710656085245e+23,9.981181224154769e+19,4.621179675363264e-12,5.540849071086816e+22,7.182627194324183e-07,1.0027755394395197e+20,3.586289123506099e-12,1.6660151002865526e+17,13416549491999.162,9.97492070901419e+16,5.0347112125760115e+23,1.0011095243392331e+20,1.6782370708586705e+23
2628220540540.541,850.0917497116116,253208668.79877257,1,5.92317300170313e+22,1.6782370708586705e+23,5.035710656085245e+23,9.981181224154769e+19,4.298560017568899e-12,5.540849071086816e+22,6.681167191569515e-07,1.0027755394395197e+20,3.33592099363371e-12,1.6660151002865526e+17,10970863828277.531,9.975165277580563e+16,5.0347112125760115e+23,1.0011095243392331e+20,1.6782370708586705e+23
2631379459459.46,847.7481099877073,253207849.0525602,1,5.92317300170313e+22,1.6782370708586705e+23,5.035710656085245e+23,9.981181224154769e+19,3.998463303059897e-12,5.540849071086816e+22,6.214716959969533e-07,1.0027755394395197e+20,3.1030315226511807e-12,1.6660151002865526e+17,8932387523875.178,9.975369125211003e+16,5.0347112125760115e+23,1.0011095243392331e+20,1.6782370708586705e+23
2634538378378.3784,845.404470263803,253207044.22559446,1,5.92317300170313e+22,1.6782370708586705e+23,5.035710656085245e+23,9.981181224154769e+19,3.719317162017942e-12,5.540849071086816e+22,5.780832268539571e-07,1.0027755394395197e+20,2.8864005104358162e-12,1.6660151002865526e+17,7240773200811.728,9.975538286643309e+16,5.0347112125760115e+23,1.0011095243392331e+20,1.6782370708586705e+23
2637697297297.2974,843.0608305398987,253206253.98054263,1,5.92317300170313e+22,1.6782370708586705e+23,5.035710656085245e+23,9.981181224154769e+19,3.4596589931873894e-12,5.540849071086816e+22,5.377239531943573e-07,1.0027755394395197e+20,2.684892938500425e-12,1.6660151002865526e+17,5843275582702.407,9.97567803640512e+16,5.0347112125760115e+23,1.0011095243392331e+20,1.6782370708586705e+23
2640856216216.2163,840.7171908159944,253205477.98941913,1,5.92317300170313e+22,1.6782370708586705e+23,5.035710656085245e+23,9.981181224154769e+19,3.2181283009797938e-12,5.540849071086816e+22,5.001823896752076e-07,1.0027755394395197e+20,2.4974530236472852e-12,1.6660151002865526e+17,4694017196516.34,9.975792962243739e+16,5.0347112125760115e+23,1.0011095243392331e+20,1.6782370708586705e+23
2644015135135.1353,838.3735510920901,253204715.9333122,1,5.92317300170313e+22,1.6782370708586705e+23,5.035710656085245e+23,9.981181224154769e+19,2.9934595675082173e-12,5.540849071086816e+22,4.6526181594661855e-07,1.0027755394395197e+20,2.323098686710303e-12,1.6660151002865526e+17,3753290475951.9263,9.975887034915795e+16,5.0347112125760115e+23,1.0011095243392331e+20,1.6782370708586705e+23
2647174054054.054,836.0299113681858,253203967.50211737,1,5.92317300170313e+22,1.6782370708586705e+23,5.035710656085245e+23,9.981181224154769e+19,2.7844756222099943e-12,5.540849071086816e+22,4.327792458237256e-07,1.0027755394395197e+20,2.160916407410538e-12,1.6660151002865526e+17,2986899740193.6797,9.975963673989371e+16,5.0347112125760115e+23,1.0011095243392331e+20,1.6782370708586705e+23
2650332972972.973,833.6862716442815,253203232.39427915,1,5.92317300170313e+22,1.6782370708586705e+23,5.035710656085245e+23,9.981181224154769e+19,2.5900814743236864e-12,5.540849071086816e+22,4.025644684266164e-07,1.0027755394395197e+20,2.010056438373718e-12,1.6660151002865526e+17,2365545569441.7676,9.976025809406446e+16,5.0347112125760115e+23,1.0011095243392331e+20,1.6782370708586705e+23
2653491891891.892,831.3426319203772,253202510.31653967,1,5.92317300170313e+22,1.6782370708586705e+23,5.035710656085245e+23,9.981181224154769e+19,2.409258575910342e-12,5.540849071086816e+22,3.744591562637266e-07,1.0027755394395197e+20,1.8697283532390864e-12,1.6660151002865526e+17,1864253199560.1038,9.976075938643435e+16,5.0347112125760115e+23,1.0011095243392331e+20,1.6782370708586705e+23
2656650810810.811,828.9989921964726,253201800.98369458,1,5.92317300170313e+22,1.6782370708586705e+23,5.035710656085245e+23,9.981181224154769e+19,2.2410594853643164e-12,5.540849071086816e+22,3.4831603558500024e-07,1.0027755394395197e+20,1.7391969055387468e-12,1.6660151002865526e+17,1461845726275.5505,9.976116179390763e+16,5.0347112125760115e+23,1.0011095243392331e+20,1.6782370708586705e+23
2659809729729.73,826.6553524725683,253201104.11835554,1,5.92317300170313e+22,1.6782370708586705e+23,5.035710656085245e+23,9.981181224154769e+19,2.084602903457174e-12,5.540849071086816e+22,3.23998114657408e-07,1.0027755394395197e+20,1.6177781766548113e-12,1.6660151002865526e+17,1140462155559.7412,9.976148317747835e+16,5.0347112125760115e+23,1.0011095243392331e+20,1.6782370708586705e+23
2662968648648.649,824.311712748664,253200419.45071948,1,5.92317300170313e+22,1.6782370708586705e+23,5.035710656085245e+23,9.981181224154769e+19,1.939069055909203e-12,5.540849071086816e+22,3.013779659189354e-07,1.0027755394395197e+20,1.5048359926754461e-12,1.6660151002865526e+17,885119669195.4218,9.976173851996472e+16,5.0347112125760115e+23,1.0011095243392331e+20,1.6782370708586705e+23
2666127567567.568,821.9680730247597,253199746.71834457,1,5.92317300170313e+22,1.6782370708586705e+23,5.035710656085245e+23,9.981181224154769e+19,1.8036953982988484e-12,5.540849071086816e+22,2.8033705824947847e-07,1.0027755394395197e+20,1.3997785913795868e-12,1.6660151002865526e+17,683318898214.9153,9.97619403207357e+16,5.0347112125760115e+23,1.0011095243392331e+20,1.6782370708586705e+23
2669286486486.487,819.6244333008555,253199085.66593212,1,5.92317300170313e+22,1.6782370708586705e+23,5.035710656085245e+23,9.981181224154769e+19,1.6777726208084468e-12,5.540849071086816e+22,2.6076513585970086e-07,1.0027755394395197e+20,1.3020555218902674e-12,1.6660151002865526e+17,524690514228.5905,9.976209894911968e+16,5.0347112125760115e+23,1.0011095243392331e+20,1.6782370708586705e+23
2672445405405.406,817.2807935769512,253198436.0451148,1,5.92317300170313e+22,1.6782370708586705e+23,5.035710656085245e+23,9.981181224154769e+19,1.560640931875635e-12,5.540849071086816e+22,2.42559640543188e-07,1.0027755394395197e+20,1.2111547607551421e-12,1.6660151002865526e+17,400681059337.51465,9.976222295857458e+16,5.0347112125760115e+23,1.0011095243392331e+20,1.6782370708586705e+23
2675604324324.324,814.9371538530469,253197797.61425102,1,5.92317300170313e+22,1.6782370708586705e+23,5.035710656085245e+23,9.981181224154769e+19,1.4516866012807792e-12,5.540849071086816e+22,2.2562517426445987e-07,1.0027755394395197e+20,1.1266000293465317e-12,1.6660151002865526e+17,304275636679.3541,9.976231936399723e+16,5.0347112125760115e+23,1.0011095243392331e+20,1.6782370708586705e+23
2678763243243.243,812.5935141291426,253197170.13822463,1,5.92317300170313e+22,1.6782370708586705e+23,5.035710656085245e+23,9.981181224154769e+19,1.3503387445597952e-12,5.540849071086816e+22,2.098729992667675e-07,1.0027755394395197e+20,1.0479482985278257e-12,1.6660151002865526e+17,229754870970.29474,9.976239388476294e+16,5.0347112125760115e+23,1.0011095243392331e+20,1.6782370708586705e+23
2681922162162.162,810.2498744052383,253196553.3882508,1,5.92317300170313e+22,1.6782370708586705e+23,5.035710656085245e+23,9.981181224154769e+19,1.2560663318960406e-12,5.540849071086816e+22,1.9522057308020334e-07,1.0027755394395197e+20,9.747874675140699e-13,1.6660151002865526e+17,172483415263.45395,9.976245115621866e+16,5.0347112125760115e+23,1.0011095243392331e+20,1.6782370708586705e+23
2685081081081.081,807.906234681334,253195947.14168677,1,5.92317300170313e+22,1.6782370708586705e+23,5.035710656085245e+23,9.981181224154769e+19,1.1683754058208184e-12,5.540849071086816e+22,1.8159111599353666e-07,1.0027755394395197e+20,9.067342047669176e-13,1.6660151002865526e+17,128727218816.64203,9.97624949124151e+16,5.0347112125760115e+23,1.0011095243392331e+20,1.6782370708586705e+23
2688240000000.0005,805.5625949574294,253195351.18184847,1,5.92317300170313e+22,1.6782370708586705e+23,5.035710656085245e+23,9.981181224154769e+19,1.0868064931460052e-12,5.540849071086816e+22,1.6891320872329722e-07,1.0027755394395197e+20,8.434319396130762e-13,1.6660151002865526e+17,95496772792.9242,9.976252814286112e+16,5.0347112125760115e+23,1.0011095243392331e+20,1.6782370708586705e+23
2691398918918.9194,803.2189552335251,253194765.29783207,1,5.92317300170313e+22,1.6782370708586705e+23,5.035710656085245e+23,9.981181224154769e+19,1.0109321975697596e-12,5.540849071086816e+22,1.5712041817186526e-07,1.0027755394395197e+20,7.845489940647062e-13,1.6660151002865526e+17,70413606300.60664,9.976255322602762e+16,5.0347112125760115e+23,1.0011095243392331e+20,1.6782370708586705e+23
2694557837837.838,800.8753155096208,253194189.2843405,1,5.92317300170313e+22,1.6782370708586705e+23,5.035710656085245e+23,9.981181224154769e+19,9.403549603428452e-13,5.540849071086816e+22,1.4615094931351508e-07,1.0027755394395197e+20,7.29776845054926e-13,1.6660151002865526e+17,51597405615.00342,9.97625720422283e+16,5.0347112125760115e+23,1.0011095243392331e+20,1.6782370708586705e+23
2697716756756.757,798.5316757857165,253193622.94151494,1,5.92317300170313e+22,1.6782370708586705e+23,5.035710656085245e+23,9.981181224154769e+19,8.747049772634977e-13,5.540849071086816e+22,1.3594732138427123e-07,1.0027755394395197e+20,6.788285079844548e-13,1.6660151002865526e+17,37571265038.107925,9.976258606836888e+16,5.0347112125760115e+23,1.0011095243392331e+20,1.6782370708586705e+23
2700875675675.676,796.1880360618122,253193066.07477117,1,5.92317300170313e+22,1.6782370708586705e+23,5.035710656085245e+23,9.981181224154769e+19,8.136382610876711e-13,5.540849071086816e+22,1.2645606667879008e-07,1.0027755394395197e+20,6.314370331111363e-13,1.6660151002865526e+17,27182739870.968754,9.976259645689405e+16,5.0347112125760115e+23,1.0011095243392331e+20,1.6782370708586705e+23
2704034594594.5947,793.8443963379079,253192518.49464032,1,5.92317300170313e+22,1.6782370708586705e+23,5.035710656085245e+23,9.981181224154769e+19,7.568348392034634e-13,5.540849071086816e+22,1.1762745037594198e-07,1.0027755394395197e+20,5.873541069050992e-13,1.6660151002865526e+17,19538552151.43273,9.976260410108176e+16,5.0347112125760115e+23,1.0011095243392331e+20,1.6782370708586705e+23
2707193513513.5137,791.5007566140036,253191980.01661444,1,5.92317300170313e+22,1.6782370708586705e+23,5.035710656085245e+23,9.981181224154769e+19,7.0399707712702e-13,5.540849071086816e+22,1.0941520992496108e-07,1.0027755394395197e+20,5.463487510421826e-13,1.6660151002865526e+17,13950990701.482788,9.976260968864322e+16,5.0347112125760115e+23,1.0011095243392331e+20,1.6782370708586705e+23
2710352432432.4326,789.1571168900994,253191450.460996,1,5.92317300170313e+22,1.6782370708586705e+23,5.035710656085245e+23,9.981181224154769e+19,6.548481190363997e-13,5.540849071086816e+22,1.017763126265282e-07,1.0027755394395197e+20,5.082061122197906e-13,1.6660151002865526e+17,9894242107.821667,9.97626137453918e+16,5.0347112125760115e+23,1.0011095243392331e+20,1.6782370708586705e+23
2713511351351.3516,786.8134771661951,253190929.6527522,1,5.92317300170313e+22,1.6782370708586705e+23,5.035710656085245e+23,9.981181224154769e+19,6.091304371730772e-13,5.540849071086816e+22,9.46707301384953e-08,1.0027755394395197e+20,4.727263364550431e-13,1.6660151002865526e+17,6969082988.525328,9.976261667055093e+16,5.0347112125760115e+23,1.0011095243392331e+20,1.6782370708586705e+23
2716670270270.2705,784.4698374422904,253190417.42137277,1,5.92317300170313e+22,1.6782370708586705e+23,5.035710656085245e+23,9.981181224154769e+19,5.666044825110938e-13,5.540849071086816e+22,8.806122872464625e-08,1.0027755394395197e+20,4.397235219677369e-13,1.6660151002865526e+17,4874551748.187006,9.976261876508218e+16,5.0347112125760115e+23,1.0011095243392331e+20,1.6782370708586705e+23
2719829189189.1895,782.1261977183862,253189913.60073256,1,5.92317300170313e+22,1.6782370708586705e+23,5.035710656085245e+23,9.981181224154769e+19,5.270474296244029e-13,5.540849071086816e+22,8.191317414738296e-08,1.0027755394395197e+20,4.090247451622626e-13,1.6660151002865526e+17,3385396453.376258,9.976262025423747e+16,5.0347112125760115e+23,1.0011095243392331e+20,1.6782370708586705e+23
2722988108108.1084,779.7825579944819,253189418.02895764,1,5.92317300170313e+22,1.6782370708586705e+23,5.035710656085245e+23,9.981181224154769e+19,4.90252009176441e-13,5.540849071086816e+22,7.619435018196132e-08,1.0027755394395197e+20,3.804691546055791e-13,1.6660151002865526e+17,2334261863.3441825,9.976262130537206e+16,5.0347112125760115e+23,1.0011095243392331e+20,1.6782370708586705e+23
2726147027027.0273,777.4389182705776,253188930.54829475,1,5.92317300170313e+22,1.6782370708586705e+23,5.035710656085245e+23,9.981181224154769e+19,4.560254219150313e-13,5.540849071086816e+22,7.087478980127926e-08,1.0027755394395197e+20,3.5390712825456475e-13,1.6660151002865526e+17,1597731275.4666047,9.976262204190266e+16,5.0347112125760115e+23,1.0011095243392331e+20,1.6782370708586705e+23
2729305945945.9463,775.0952785466733,253188451.00498578,1,5.92317300170313e+22,1.6782370708586705e+23,5.035710656085245e+23,9.981181224154769e+19,4.241883284827457e-13,5.540849071086816e+22,6.592661814661355e-08,1.0027755394395197e+20,3.2919948951739573e-13,1.6660151002865526e+17,1085476693.1501195,9.976262255415723e+16,5.0347112125760115e+23,1.0011095243392331e+20,1.6782370708586705e+23
2732464864864.865,772.751638822769,253187979.2491444,1,5.92317300170313e+22,1.6782370708586705e+23,5.035710656085245e+23,9.981181224154769e+19,3.945739097500298e-13,5.540849071086816e+22,6.13239064614615e-08,1.0027755394395197e+20,3.062167780418578e-13,1.6660151002865526e+17,731893541.865325,9.976262290774038e+16,5.0347112125760115e+23,1.0011095243392331e+20,1.6782370708586705e+23
2735623783783.7837,770.4079990988647,253187515.13463724,1,5.92317300170313e+22,1.6782370708586705e+23,5.035710656085245e+23,9.981181224154769e+19,3.670269927478618e-13,5.540849071086816e+22,5.704253622309082e-08,1.0027755394395197e+20,2.848385714101349e-13,1.6660151002865526e+17,489703921.3241053,9.976262314993e+16,5.0347112125760115e+23,1.0011095243392331e+20,1.6782370708586705e+23
2738782702702.7026,768.0643593749604,253187058.51896814,1,5.92317300170313e+22,1.6782370708586705e+23,5.035710656085245e+23,9.981181224154769e+19,3.4140323762045897e-13,5.540849071086816e+22,5.306007275983769e-08,1.0027755394395197e+20,2.649528541863922e-13,1.6660151002865526e+17,325105778.2029926,9.976262331452814e+16,5.0347112125760115e+23,1.0011095243392331e+20,1.6782370708586705e+23
2741941621621.6216,765.7207196510561,253186609.2631657,1,5.92317300170313e+22,1.6782370708586705e+23,5.035710656085245e+23,9.981181224154769e+19,3.1756838133814836e-13,5.540849071086816e+22,4.935564769189922e-08,1.0027755394395197e+20,2.4645543101147525e-13,1.6660151002865526e+17,214125311.15555185,9.97626234255086e+16,5.0347112125760115e+23,1.0011095243392331e+20,1.6782370708586705e+23
2745100540540.5405,763.3770799271518,253186167.23167425,1,5.92317300170313e+22,1.6782370708586705e+23,5.035710656085245e+23,9.981181224154769e+19,2.953975342079677e-13,5.540849071086816e+22,4.590984957960182e-08,1.0027755394395197e+20,2.292493806698353e-13,1.6660151002865526e+17,139897484.53124624,9.976262349973643e+16,5.0347112125760115e+23,1.0011095243392331e+20,1.6782370708586705e+23
2748259459459.46,761.0334402032472,253185732.29224798,1,5.92317300170313e+22,1.6782370708586705e+23,5.035710656085245e+23,9.981181224154769e+19,2.747745254961446e-13,5.540849071086816e+22,4.270462220613522e-08,1.0027755394395197e+20,2.1324454826845552e-13,1.6660151002865526e+17,90655959.4155967,9.976262354897795e+16,5.0347112125760115e+23,1.0011095243392331e+20,1.6782370708586705e+23
2751418378378.379,758.6898004793429,253185304.31584817,1,5.92317300170313e+22,1.6782370708586705e+23,5.035710656085245e+23,9.981181224154769e+19,2.5559129473391343e-13,5.540849071086816e+22,3.9723169961746456e-08,1.0027755394395197e+20,1.9835707286718174e-13,1.6660151002865526e+17,58260332.25124507,9.976262358137358e+16,5.0347112125760115e+23,1.0011095243392331e+20,1.6782370708586705e+23
2754577297297.298,756.3461607554386,253184883.1765432,1,5.92317300170313e+22,1.6782370708586705e+23,5.035710656085245e+23,9.981181224154769e+19,2.3774732551746927e-13,5.540849071086816e+22,3.694986983360083e-08,1.0027755394395197e+20,1.8450894808562274e-13,1.6660151002865526e+17,37126577.947643556,9.976262360250734e+16,5.0347112125760115e+23,1.0011095243392331e+20,1.6782370708586705e+23
2757736216216.2163,754.0025210315343,253184468.7514121,1,5.92317300170313e+22,1.6782370708586705e+23,5.035710656085245e+23,9.981181224154769e+19,2.2114911883551204e-13,5.540849071086816e+22,3.437018954013051e-08,1.0027755394395197e+20,1.7162761338452748e-13,1.6660151002865526e+17,23457250.705758456,9.976262361617667e+16,5.0347112125760115e+23,1.0011095243392331e+20,1.6782370708586705e+23
2760895135135.1353,751.65888130763,253184060.92045012,1,5.92317300170313e+22,1.6782370708586705e+23,5.035710656085245e+23,9.981181224154769e+19,2.057097031649087e-13,5.540849071086816e+22,3.1970611380889296e-08,1.0027755394395197e+20,1.5964557388027039e-13,1.6660151002865526e+17,14692443.616875298,9.976262362494147e+16,5.0347112125760115e+23,1.0011095243392331e+20,1.6782370708586705e+23
2764054054054.054,749.3152415837258,253183659.56647822,1,5.92317300170313e+22,1.6782370708586705e+23,5.035710656085245e+23,9.981181224154769e+19,1.9134817876764305e-13,5.540849071086816e+22,2.9738561402881545e-08,1.0027755394395197e+20,1.4850004670054138e-13,1.6660151002865526e+17,9121785.68399935,9.976262363051213e+16,5.0347112125760115e+23,1.0011095243392331e+20,1.6782370708586705e+23
2767212972972.973,746.9716018598215,253183264.5750543,1,5.92317300170313e+22,1.6782370708586705e+23,5.035710656085245e+23,9.981181224154769e+19,1.7798929380143012e-13,5.540849071086816e+22,2.766234351219204e-08,1.0027755394395197e+20,1.3813263202840366e-13,1.6660151002865526e+17,5612785.602050313,9.976262363402114e+16,5.0347112125760115e+23,1.0011095243392331e+20,1.6782370708586705e+23
2770371891891.892,744.6279621359172,253182875.8343874,1,5.92317300170313e+22,1.6782370708586705e+23,5.035710656085245e+23,9.981181224154769e+19,1.655630500230311e-13,5.540849071086816e+22,2.5731078185657217e-08,1.0027755394395197e+20,1.2848900711121096e-13,1.6660151002865526e+17,3422420.253291881,9.97626236362115e+16,5.0347112125760115e+23,1.0011095243392331e+20,1.6782370708586705e+23
2773530810810.811,742.2843224120129,253182493.2352551,1,5.92317300170313e+22,1.6782370708586705e+23,5.035710656085245e+23,9.981181224154769e+19,1.5400433601835194e-13,5.540849071086816e+22,2.3934645461422765e-08,1.0027755394395197e+20,1.1951864163121897e-13,1.6660151002865526e+17,2067701.0833107526,9.976262363756622e+16,5.0347112125760115e+23,1.0011095243392331e+20,1.6782370708586705e+23
2776689729729.7295,739.9406826881086,253182116.6709225,1,5.92317300170313e+22,1.6782370708586705e+23,5.035710656085245e+23,9.981181224154769e+19,1.4325258603765827e-13,5.540849071086816e+22,2.226363190965421e-08,1.0027755394395197e+20,1.1117453294659975e-13,1.6660151002865526e+17,1237612.425202626,9.976262363839632e+16,5.0347112125760115e+23,1.0011095243392331e+20,1.6782370708586705e+23
2779848648648.649,737.597042964204,253181746.03706437,1,5.92317300170313e+22,1.6782370708586705e+23,5.035710656085245e+23,9.981181224154769e+19,1.3325146264835058e-13,5.540849071086816e+22,2.0709281305523408e-08,1.0027755394395197e+20,1.034129598157193e-13,1.6660151002865526e+17,733781.4627165871,9.976262363890014e+16,5.0347112125760115e+23,1.0011095243392331e+20,1.6782370708586705e+23
2783007567567.568,735.2534032402997,253181381.23168963,1,5.92317300170313e+22,1.6782370708586705e+23,5.035710656085245e+23,9.981181224154769e+19,1.239485615425688e-13,5.540849071086816e+22,1.9263448745994042e-08,1.0027755394395197e+20,9.619325331433104e-14,1.6660151002865526e+17,430899.9118856455,9.976262363920302e+16,5.0347112125760115e+23,1.0011095243392331e+20,1.6782370708586705e+23
2786166486486.487,732.9097635163954,253181022.15506795,1,5.92317300170313e+22,1.6782370708586705e+23,5.035710656085245e+23,9.981181224154769e+19,1.1529513695295224e-13,5.540849071086816e+22,1.7918557969974936e-08,1.0027755394395197e+20,8.947758374545099e-14,1.6660151002865526e+17,250585.4491779194,9.976262363938334e+16,5.0347112125760115e+23,1.0011095243392331e+20,1.6782370708586705e+23
2789325405405.406,730.5661237924911,253180668.70965886,1,5.92317300170313e+22,1.6782370708586705e+23,5.035710656085245e+23,9.981181224154769e+19,1.072458462378614e-13,5.540849071086816e+22,1.6667561658195905e-08,1.0027755394395197e+20,8.323076242544336e-14,1.6660151002865526e+17,144293.58347724183,9.976262363948963e+16,5.0347112125760115e+23,1.0011095243392331e+20,1.6782370708586705e+23
2792484324324.3247,728.2224840685868,253180320.80004323,1,5.92317300170313e+22,1.6782370708586705e+23,5.035710656085245e+23,9.981181224154769e+19,9.975851229780677e-14,5.540849071086816e+22,1.550390450477477e-08,1.0027755394395197e+20,7.742005730779933e-14,1.6660151002865526e+17,82260.55823877727,9.976262363955166e+16,5.0347112125760115e+23,1.0011095243392331e+20,1.6782370708586705e+23
2795643243243.2437,725.8788443446825,253179978.33285654,1,5.92317300170313e+22,1.6782370708586705e+23,5.035710656085245e+23,9.981181224154769e+19,9.279390257824753e-14,5.540849071086816e+22,1.4421488866968027e-08,1.0027755394395197e+20,7.201502147858377e-14,1.6660151002865526e+17,46422.79519868855,9.97626236395875e+16,5.0347112125760115e+23,1.0011095243392331e+20,1.6782370708586705e+23
2798802162162.162,723.5352046207782,253179641.21672487,1,5.92317300170313e+22,1.6782370708586705e+23,5.035710656085245e+23,9.981181224154769e+19,8.631552350083816e-14,5.540849071086816e+22,1.3414642813107557e-08,1.0027755394395197e+20,6.69873336249684e-14,1.6660151002865526e+17,25930.28407068088,9.9762623639608e+16,5.0347112125760115e+23,1.0011095243392331e+20,1.6782370708586705e+23
2801961081081.081,721.191564896874,253179309.36220253,1,5.92317300170313e+22,1.6782370708586705e+23,5.035710656085245e+23,9.981181224154769e+19,8.028942924602201e-14,5.540849071086816e+22,1.247809040129235e-08,1.0027755394395197e+20,6.231064964099224e-14,1.6660151002865526e+17,14333.782173815818,9.97626236396196e+16,5.0347112125760115e+23,1.0011095243392331e+20,1.6782370708586705e+23
2805120000000.0,718.8479251729697,253178982.68171185,1,5.92317300170313e+22,1.6782370708586705e+23,5.035710656085245e+23,9.981181224154769e+19,7.468404388507717e-14,5.540849071086816e+22,1.1606924033093589e-08,1.0027755394395197e+20,5.79604645930472e-14,1.6660151002865526e+17,7840.303850595185,9.97626236396261e+16,5.0347112125760115e+23,1.0011095243392331e+20,1.6782370708586705e+23
2808278918918.919,716.5042854490654,253178661.08948544,1,5.92317300170313e+22,1.6782370708586705e+23,5.035710656085245e+23,9.981181224154769e+19,6.946999592965676e-14,5.540849071086816e+22,1.079657873740461e-08,1.0027755394395197e+20,5.391398432186364e-14,1.6660151002865526e+17,4242.916137855753,9.97626236396297e+16,5.0347112125760115e+23,1.0011095243392331e+20,1.6782370708586705e+23
2811437837837.8384,714.1606457251607,253178344.5015094,1,5.92317300170313e+22,1.6782370708586705e+23,5.035710656085245e+23,9.981181224154769e+19,6.461996443193198e-14,5.540849071086816e+22,1.0042808249681375e-08,1.0027755394395197e+20,5.0150006008257624e-14,1.6660151002865526e+17,2271.4136526697566,9.976262363963166e+16,5.0347112125760115e+23,1.0011095243392331e+20,1.6782370708586705e+23
2814596756756.7573,711.8170060012565,253178032.83546957,1,5.92317300170313e+22,1.6782370708586705e+23,5.035710656085245e+23,9.981181224154769e+19,6.010853582895703e-14,5.540849071086816e+22,9.341662761227039e-09,1.0027755394395197e+20,4.6648807076864084e-14,1.6660151002865526e+17,1202.7321203822655,9.976262363963274e+16,5.0347112125760115e+23,1.0011095243392331e+20,1.6782370708586705e+23
2817755675675.676,709.4733662773522,253177726.0106989,1,5.92317300170313e+22,1.6782370708586705e+23,5.035710656085245e+23,9.981181224154769e+19,5.5912070781181267e-14,5.540849071086816e+22,8.689468221925343e-09,1.0027755394395197e+20,4.3392041855770784e-14,1.6660151002865526e+17,629.8295810721713,9.976262363963331e+16,5.0347112125760115e+23,1.0011095243392331e+20,1.6782370708586705e+23
2820914594594.5947,707.1297265534479,253177423.9481269,1,5.92317300170313e+22,1.6782370708586705e+23,5.035710656085245e+23,9.981181224154769e+19,5.20085803073882e-14,5.540849071086816e+22,8.08280708796776e-09,1.0027755394395197e+20,4.03626454506011e-14,1.6660151002865526e+17,326.13631912646554,9.976262363963362e+16,5.0347112125760115e+23,1.0011095243392331e+20,1.6782370708586705e+23
2824073513513.5137,704.7860868295436,253177126.57023072,1,5.92317300170313e+22,1.6782370708586705e+23,5.035710656085245e+23,9.981181224154769e+19,4.8377610567052864e-14,5.540849071086816e+22,7.518500413691157e-09,1.0027755394395197e+20,3.7544744329387686e-14,1.6660151002865526e+17,166.9697066849721,9.976262363963378e+16,5.0347112125760115e+23,1.0011095243392331e+20,1.6782370708586705e+23
2827232432432.4326,702.4424471056393,253176833.80098832,1,5.92317300170313e+22,1.6782370708586705e+23,5.035710656085245e+23,9.981181224154769e+19,4.500013568642073e-14,5.540849071086816e+22,6.993591193685999e-09,1.0027755394395197e+20,3.492357314975152e-14,1.6660151002865526e+17,84.50433935344039,9.976262363963386e+16,5.0347112125760115e+23,1.0011095243392331e+20,1.6782370708586705e+23
2830391351351.3516,700.098807381735,253176545.56583253,1,5.92317300170313e+22,1.6782370708586705e+23,5.035710656085245e+23,9.981181224154769e+19,4.1858458066754796e-14,5.540849071086816e+22,6.50532886788659e-09,1.0027755394395197e+20,3.2485397392593995e-14,1.6660151002865526e+17,42.27304380631383,9.97626236396339e+16,5.0347112125760115e+23,1.0011095243392331e+20,1.6782370708586705e+23
2833550270270.2705,697.7551676578307,253176261.79160804,1,5.92317300170313e+22,1.6782370708586705e+23,5.035710656085245e+23,9.981181224154769e+19,3.893611565239613e-14,5.540849071086816e+22,6.0511549084489845e-09,1.0027755394395197e+20,3.0217441396939734e-14,1.6660151002865526e+17,20.899292125439317,9.976262363963392e+16,5.0347112125760115e+23,1.0011095243392331e+20,1.6782370708586705e+23
2836709189189.1895,695.4115279339264,253175982.4065286,1,5.92317300170313e+22,1.6782370708586705e+23,5.035710656085245e+23,9.981181224154769e+19,3.6217795672756454e-14,5.540849071086816e+22,5.6286894128908155e-09,1.0027755394395197e+20,2.8107821418866057e-14,1.6660151002865526e+17,10.209948571024817,9.976262363963394e+16,5.0347112125760115e+23,1.0011095243392331e+20,1.6782370708586705e+23
2839868108108.108,693.0678882100221,253175707.34013668,1,5.92317300170313e+22,1.6782370708586705e+23,5.035710656085245e+23,9.981181224154769e+19,3.368925440627985e-14,5.540849071086816e+22,5.235718633240184e-09,1.0027755394395197e+20,2.61454833637755e-14,1.6660151002865526e+17,4.92810384570364,9.976262363963394e+16,5.0347112125760115e+23,1.0011095243392331e+20,1.6782370708586705e+23
2843027027027.0273,690.7242484861175,253175436.52326423,1,5.92317300170313e+22,1.6782370708586705e+23,5.035710656085245e+23,9.981181224154769e+19,3.1337242545959424e-14,5.540849071086816e+22,4.870183375845508e-09,1.0027755394395197e+20,2.4320144865756204e-14,1.6660151002865526e+17,2.349854123753466,9.976262363963394e+16,5.0347112125760115e+23,1.0011095243392331e+20,1.6782370708586705e+23
2846185945945.9463,688.3806087622132,253175169.88799527,1,5.92317300170313e+22,1.6782370708586705e+23,5.035710656085245e+23,9.981181224154769e+19,2.914943577534994e-14,5.540849071086816e+22,4.530168211060526e-09,1.0027755394395197e+20,2.26222414105499e-14,1.6660151002865526e+17,1.1067440702728664,9.976262363963394e+16,5.0347112125760115e+23,1.0011095243392331e+20,1.6782370708586705e+23
2849344864864.865,686.0369690383089,253174907.3676294,1,5.92317300170313e+22,1.6782370708586705e+23,5.035710656085245e+23,9.981181224154769e+19,2.7114370191315638e-14,5.540849071086816e+22,4.2138914362624895e-09,1.0027755394395197e+20,2.104287621983475e-14,1.6660151002865526e+17,0.514800927679084,9.976262363963394e+16,5.0347112125760115e+23,1.0011095243392331e+20,1.6782370708586705e+23
2852503783783.784,683.6933293144047,253174648.8966471,1,5.92317300170313e+22,1.6782370708586705e+23,5.035710656085245e+23,9.981181224154769e+19,2.5221382235146823e-14,5.540849071086816e+22,3.919695739609062e-09,1.0027755394395197e+20,1.9573773634236198e-14,1.6660151002865526e+17,0.23646012191552934,9.976262363963394e+16,5.0347112125760115e+23,1.0011095243392331e+20,1.6782370708586705e+23
2855662702702.703,681.3496895905004,253174394.4106763,1,5.92317300170313e+22,1.6782370708586705e+23,5.035710656085245e+23,9.981181224154769e+19,2.3460552817303453e-14,5.540849071086816e+22,3.64603951561138e-09,1.0027755394395197e+20,1.8207235750811384e-14,1.6660151002865526e+17,0.10723677115720007,9.976262363963394e+16,5.0347112125760115e+23,1.0011095243392331e+20,1.6782370708586705e+23
2858821621621.6216,679.0060498665961,253174143.8464603,1,5.92317300170313e+22,1.6782370708586705e+23,5.035710656085245e+23,9.981181224154769e+19,2.182265534301324e-14,5.540849071086816e+22,3.391488787016292e-09,1.0027755394395197e+20,1.693610208780457e-14,1.6660151002865526e+17,0.04801065842428333,9.976262363963394e+16,5.0347112125760115e+23,1.0011095243392331e+20,1.6782370708586705e+23
2861980540540.5405,676.6624101426918,253173897.14182672,1,5.92317300170313e+22,1.6782370708586705e+23,5.035710656085245e+23,9.981181224154769e+19,2.0299107366396017e-14,5.540849071086816e+22,3.154709690667879e-09,1.0027755394395197e+20,1.575371206533222e-14,1.6660151002865526e+17,0.02121684119056422,9.976262363963394e+16,5.0347112125760115e+23,1.0011095243392331e+20,1.6782370708586705e+23
2865139459459.4595,674.3187704187875,253173654.23565793,1,5.92317300170313e+22,1.6782370708586705e+23,5.035710656085245e+23,9.981181224154769e+19,1.8881925619792304e-14,5.540849071086816e+22,2.934461487973664e-09,1.0027755394395197e+20,1.4653870105410462e-14,1.6660151002865526e+17,0.009253671761931545,9.976262363963394e+16,5.0347112125760115e+23,1.0011095243392331e+20,1.6782370708586705e+23
2868298378378.3784,671.9751306948832,253173415.0678626,1,5.92317300170313e+22,1.6782370708586705e+23,5.035710656085245e+23,9.981181224154769e+19,1.7563684182664033e-14,5.540849071086816e+22,2.729590063349878e-09,1.0027755394395197e+20,1.3630813168461271e-14,1.6660151002865526e+17,0.003982713761905886,9.976262363963394e+16,5.0347112125760115e+23,1.0011095243392331e+20,1.6782370708586705e+23
2871457297297.2974,669.6314909709789,253173179.5793484,1,5.92317300170313e+22,1.6782370708586705e+23,5.035710656085245e+23,9.981181224154769e+19,1.633747557088217e-14,5.540849071086816e+22,2.5390218765771923e-09,1.0027755394395197e+20,1.2679180556201236e-14,1.6660151002865526e+17,0.00169128680132567,9.976262363963394e+16,5.0347112125760115e+23,1.0011095243392331e+20,1.6782370708586705e+23
2874616216216.217,667.2878512470743,253172947.7119957,1,5.92317300170313e+22,1.6782370708586705e+23,5.035710656085245e+23,9.981181224154769e+19,1.5196874542520037e-14,5.540849071086816e+22,2.3617583373768456e-09,1.0027755394395197e+20,1.1793985822689585e-14,1.6660151002865526e+17,0.0007085496780697806,9.976262363963394e+16,5.0347112125760115e+23,1.0011095243392331e+20,1.6782370708586705e+23
2877775135135.1357,664.94421152317,253172719.4086327,1,5.92317300170313e+22,1.6782370708586705e+23,5.035710656085245e+23,9.981181224154769e+19,1.4135904430503291e-14,5.540849071086816e+22,2.1968705727295694e-09,1.0027755394395197e+20,1.0970590646360223e-14,1.6660151002865526e+17,0.00029280612944165754,9.976262363963394e+16,5.0347112125760115e+23,1.0011095243392331e+20,1.6782370708586705e+23
2880934054054.054,662.6005717992657,253172494.61301118,1,5.92317300170313e+22,1.6782370708586705e+23,5.035710656085245e+23,9.981181224154769e+19,1.3149005825708127e-14,5.540849071086816e+22,2.043494559517697e-09,1.0027755394395197e+20,1.020468052613429e-14,1.6660151002865526e+17,0.00011934081424582084,9.976262363963394e+16,5.0347112125760115e+23,1.0011095243392331e+20,1.6782370708586705e+23
2884092972972.973,660.2569320753614,253172273.26978356,1,5.92317300170313e+22,1.6782370708586705e+23,5.035710656085245e+23,9.981181224154769e+19,1.2231007446414787e-14,5.540849071086816e+22,1.9008265969851782e-09,1.0027755394395197e+20,9.492242174270941e-15,1.6660151002865526e+17,4.7966629963536436e-05,9.976262363963394e+16,5.0347112125760115e+23,1.0011095243392331e+20,1.6782370708586705e+23
2887251891891.892,657.9132923514571,253172055.3244808,1,5.92317300170313e+22,1.6782370708586705e+23,5.035710656085245e+23,9.981181224154769e+19,1.1377099041479161e-14,5.540849071086816e+22,1.7681190952908738e-09,1.0027755394395197e+20,8.829542487500104e-15,1.6660151002865526e+17,1.900962082356974e-05,9.976262363963394e+16,5.0347112125760115e+23,1.0011095243392331e+20,1.6782370708586705e+23
2890410810810.811,655.5696526275528,253171840.72349116,1,5.92317300170313e+22,1.6782370708586705e+23,5.035710656085245e+23,9.981181224154769e+19,1.0582806185241407e-14,5.540849071086816e+22,1.6446766580868687e-09,1.0027755394395197e+20,8.213108986254521e-15,1.6660151002865526e+17,7.4273633273074085e-06,9.976262363963394e+16,5.0347112125760115e+23,1.0011095243392331e+20,1.6782370708586705e+23
2893569729729.73,653.2260129036486,253171629.41404012,1,5.92317300170313e+22,1.6782370708586705e+23,5.035710656085245e+23,9.981181224154769e+19,9.84396683210249e-15,5.540849071086816e+22,1.5298524385942433e-09,1.0027755394395197e+20,7.639711619507124e-15,1.6660151002865526e+17,2.86065882790212e-06,9.976262363963394e+16,5.0347112125760115e+23,1.0011095243392331e+20,1.6782370708586705e+23
2896728648648.649,650.8823731797443,253171421.34417108,1,5.92317300170313e+22,1.6782370708586705e+23,5.035710656085245e+23,9.981181224154769e+19,9.156709507920187e-15,5.540849071086816e+22,1.4230447500818943e-09,1.0027755394395197e+20,7.106345839877666e-15,1.6660151002865526e+17,1.0859533151199913e-06,9.976262363963394e+16,5.0347112125760115e+23,1.0011095243392331e+20,1.6782370708586705e+23
2899887567567.5674,648.53873345584,253171216.46272644,1,5.92317300170313e+22,1.6782370708586705e+23,5.035710656085245e+23,9.981181224154769e+19,8.517433023951634e-15,5.540849071086816e+22,1.3236939129870804e-09,1.0027755394395197e+20,6.610216860326852e-15,1.6660151002865526e+17,4.062690713716727e-07,9.976262363963394e+16,5.0347112125760115e+23,1.0011095243392331e+20,1.6782370708586705e+23
2903046486486.4863,646.1950937319357,253171014.7193304,1,5.92317300170313e+22,1.6782370708586705e+23,5.035710656085245e+23,9.981181224154769e+19,7.9227876070485e-15,5.540849071086816e+22,1.2312793221563926e-09,1.0027755394395197e+20,6.1487250099473216e-15,1.6660151002865526e+17,1.4976765474387493e-07,9.976262363963394e+16,5.0347112125760115e+23,1.0011095243392331e+20,1.6782370708586705e+23
2906205405405.406,643.851454008031,253170816.0643716,1,5.92317300170313e+22,1.6782370708586705e+23,5.035710656085245e+23,9.981181224154769e+19,7.369657347230169e-15,5.540849071086816e+22,1.1453167188392917e-09,1.0027755394395197e+20,5.719452112120634e-15,1.6660151002865526e+17,5.439618471570107e-08,9.976262363963394e+16,5.0347112125760115e+23,1.0011095243392331e+20,1.6782370708586705e+23
2909364324324.3247,641.5078142841268,253170620.44898698,1,5.92317300170313e+22,1.6782370708586705e+23,5.035710656085245e+23,9.981181224154769e+19,6.855143870664575e-15,5.540849071086816e+22,1.0653556531392701e-09,1.0027755394395197e+20,5.320148813665237e-15,1.6660151002865526e+17,1.9463001805736733e-08,9.976262363963394e+16,5.0347112125760115e+23,1.0011095243392331e+20,1.6782370708586705e+23
2912523243243.2437,639.1641745602225,253170427.8250466,1,5.92317300170313e+22,1.6782370708586705e+23,5.035710656085245e+23,9.981181224154769e+19,6.376551152505635e-15,5.540849071086816e+22,9.90977123625713e-10,1.0027755394395197e+20,4.948722798583594e-15,1.6660151002865526e+17,6.8594195531448176e-09,9.976262363963394e+16,5.0347112125760115e+23,1.0011095243392331e+20,1.6782370708586705e+23
2915682162162.1626,636.8205348363182,253170238.14513826,1,5.92317300170313e+22,1.6782370708586705e+23,5.035710656085245e+23,9.981181224154769e+19,5.931371390010123e-15,5.540849071086816e+22,9.217913817378633e-10,1.0027755394395197e+20,4.603227824651771e-15,1.6660151002865526e+17,2.3809300263716114e-09,9.976262363963394e+16,5.0347112125760115e+23,1.0011095243392331e+20,1.6782370708586705e+23
2918841081081.0815,634.4768951124139,253170051.36255375,1,5.92317300170313e+22,1.6782370708586705e+23,5.035710656085245e+23,9.981181224154769e+19,5.517271861911183e-15,5.540849071086816e+22,8.574358894758164e-10,1.0027755394395197e+20,4.281853525406338e-15,1.6660151002865526e+17,8.138297458320484e-10,9.976262363963394e+16,5.0347112125760115e+23,1.0011095243392331e+20,1.6782370708586705e+23
2922000000000.0,632.1332553885096,253169867.43127495,1,5.92317300170313e+22,1.6782370708586705e+23,5.035710656085245e+23,9.981181224154769e+19,5.132082705194826e-15,5.540849071086816e+22,7.975734196767068e-10,1.0027755394395197e+20,3.982915924093094e-15,1.6660151002865526e+17,2.739015461235978e-10,9.976262363963394e+16,5.0347112125760115e+23,1.0011095243392331e+20,1.6782370708586705e+23
2925158918918.919,629.7896156646053,253169686.30596113,1,5.92317300170313e+22,1.6782370708586705e+23,5.035710656085245e+23,9.981181224154769e+19,4.773785545231143e-15,5.540849071086816e+22,7.418902889214062e-10,1.0027755394395197e+20,3.704848609873652e-15,1.6660151002865526e+17,9.075616631931933e-11,9.976262363963394e+16,5.0347112125760115e+23,1.0011095243392331e+20,1.6782370708586705e+23
2928317837837.838,627.445975940701,253169507.94193637,1,5.92317300170313e+22,1.6782370708586705e+23,5.035710656085245e+23,9.981181224154769e+19,4.4405029196848175e-15,5.540849071086816e+22,6.900947138120407e-10,1.0027755394395197e+20,3.446194530055046e-15,1.6660151002865526e+17,2.9602315664934427e-11,9.976262363963394e+16,5.0347112125760115e+23,1.0011095243392331e+20,1.6782370708586705e+23
2931476756756.757,625.1023362167967,253169332.29517764,1,5.92317300170313e+22,1.6782370708586705e+23,5.035710656085245e+23,9.981181224154769e+19,4.130488440787533e-15,5.540849071086816e+22,6.41915282007112e-10,1.0027755394395197e+20,3.205598355335734e-15,1.6660151002865526e+17,9.503655516018834e-12,9.976262363963394e+16,5.0347112125760115e+23,1.0011095243392331e+20,1.6782370708586705e+23
2934635675675.676,622.7586964928925,253169159.32230335,1,5.92317300170313e+22,1.6782370708586705e+23,5.035710656085245e+23,9.981181224154769e+19,3.842117644424755e-15,5.540849071086816e+22,5.97099530002342e-10,1.0027755394395197e+20,2.9817993780638243e-15,1.6660151002865526e+17,3.0027498086321703e-12,9.976262363963394e+16,5.0347112125760115e+23,1.0011095243392331e+20,1.6782370708586705e+23
2937794594594.595,620.4150567689878,253168988.98056272,1,5.92317300170313e+22,1.6782370708586705e+23,5.035710656085245e+23,9.981181224154769e+19,3.573879478087201e-15,5.540849071086816e+22,5.554126202047135e-10,1.0027755394395197e+20,2.7736249062958273e-15,1.6660151002865526e+17,9.335971488554502e-13,9.976262363963394e+16,5.0347112125760115e+23,1.0011095243392331e+20,1.6782370708586705e+23
2940953513513.5137,618.0714170450835,253168821.227825,1,5.92317300170313e+22,1.6782370708586705e+23,5.035710656085245e+23,9.981181224154769e+19,3.3243683830855864e-15,5.540849071086816e+22,5.166361103674883e-10,1.0027755394395197e+20,2.579984119042509e-15,1.6660151002865526e+17,2.8560163271589667e-13,9.976262363963394e+16,5.0347112125760115e+23,1.0011095243392331e+20,1.6782370708586705e+23
2944112432432.4326,615.7277773211792,253168656.02256966,1,5.92317300170313e+22,1.6782370708586705e+23,5.035710656085245e+23,9.981181224154769e+19,3.0922769295405118e-15,5.540849071086816e+22,4.805668089379551e-10,1.0027755394395197e+20,2.3998623505046145e-15,1.6660151002865526e+17,8.595517047272523e-14,9.976262363963394e+16,5.0347112125760115e+23,1.0011095243392331e+20,1.6782370708586705e+23
2947271351351.3516,613.384137597275,253168493.32387662,1,5.92317300170313e+22,1.6782370708586705e+23,5.035710656085245e+23,9.981181224154769e+19,2.876388965555988e-15,5.540849071086816e+22,4.4701571031985347e-10,1.0027755394395197e+20,2.232315773349098e-15,1.6660151002865526e+17,2.5447392720820173e-14,9.976262363963394e+16,5.0347112125760115e+23,1.0011095243392331e+20,1.6782370708586705e+23
2950430270270.2705,611.0404978733707,253168333.09141698,1,5.92317300170313e+22,1.6782370708586705e+23,5.035710656085245e+23,9.981181224154769e+19,2.67557324467957e-15,5.540849071086816e+22,4.158070044711762e-10,1.0027755394395197e+20,2.0764664531674338e-15,1.6660151002865526e+17,7.410113008481711e-15,9.976262363963394e+16,5.0347112125760115e+23,1.0011095243392331e+20,1.6782370708586705e+23
2953589189189.1895,608.6968581494664,253168175.28544438,1,5.92317300170313e+22,1.6782370708586705e+23,5.035710656085245e+23,9.981181224154769e+19,2.4887774982575197e-15,5.540849071086816e+22,3.8677715564757383e-10,1.0027755394395197e+20,1.9314977482023512e-15,1.6660151002865526e+17,2.1221075410012764e-15,9.976262363963394e+16,5.0347112125760115e+23,1.0011095243392331e+20,1.6782370708586705e+23
2956748108108.1084,606.3532184255621,253168019.86678627,1,5.92317300170313e+22,1.6782370708586705e+23,5.035710656085245e+23,9.981181224154769e+19,2.3150229216253782e-15,5.540849071086816e+22,3.5977404546391573e-10,1.0027755394395197e+20,1.7966500302385213e-15,1.6660151002865526e+17,5.976159977430583e-16,9.976262363963394e+16,5.0347112125760115e+23,1.0011095243392331e+20,1.6782370708586705e+23
2959907027027.0273,604.0095787016578,253167866.79683572,1,5.92317300170313e+22,1.6782370708586705e+23,5.035710656085245e+23,9.981181224154769e+19,2.153399045242204e-15,5.540849071086816e+22,3.346561757835907e-10,1.0027755394395197e+20,1.6712167042355577e-15,1.6660151002865526e+17,1.6547830010198575e-16,9.976262363963394e+16,5.0347112125760115e+23,1.0011095243392331e+20,1.6782370708586705e+23
2963065945945.946,601.6659389777535,253167716.03754348,1,5.92317300170313e+22,1.6782370708586705e+23,5.035710656085245e+23,9.981181224154769e+19,2.0030589638938893e-15,5.540849071086816e+22,3.1129192725863353e-10,1.0027755394395197e+20,1.5545405058469709e-15,1.6660151002865526e+17,4.504806442231047e-17,9.976262363963394e+16,5.0347112125760115e+23,1.0011095243392331e+20,1.6782370708586705e+23
2966224864864.8647,599.3222992538492,253167567.55141044,1,5.92317300170313e+22,1.6782370708586705e+23,5.035710656085245e+23,9.981181224154769e+19,1.8632148989673523e-15,5.540849071086816e+22,2.895588696353765e-10,1.0027755394395197e+20,1.4460100574247462e-15,1.6660151002865526e+17,1.2055360681060976e-17,9.976262363963394e+16,5.0347112125760115e+23,1.0011095243392331e+20,1.6782370708586705e+23
2969383783783.784,596.9786595299446,253167421.3014801,1,5.92317300170313e+22,1.6782370708586705e+23,5.035710656085245e+23,9.981181224154769e+19,1.7331340705424664e-15,5.540849071086816e+22,2.6934312021158134e-10,1.0027755394395197e+20,1.3450566644637588e-15,1.6660151002865526e+17,3.1710750245352704e-18,9.976262363963394e+16,5.0347112125760115e+23,1.0011095243392331e+20,1.6782370708586705e+23
2972542702702.703,594.6350198060403,253167277.2513317,1,5.92317300170313e+22,1.6782370708586705e+23,5.035710656085245e+23,9.981181224154769e+19,1.6121348576719164e-15,5.540849071086816e+22,2.5053874708332255e-10,1.0027755394395197e+20,1.251151335699918e-15,1.6660151002865526e+17,8.198017102968136e-19,9.976262363963394e+16,5.0347112125760115e+23,1.0011095243392331e+20,1.6782370708586705e+23
2975701621621.622,592.291380082136,253167135.36507297,1,5.92317300170313e+22,1.6782370708586705e+23,5.035710656085245e+23,9.981181224154769e+19,1.499583226729516e-15,5.540849071086816e+22,2.3304721405459557e-10,1.0027755394395197e+20,1.1638020112478771e-15,1.6660151002865526e+17,2.0827703727843081e-19,9.976262363963394e+16,5.0347112125760115e+23,1.0011095243392331e+20,1.6782370708586705e+23
2978860540540.541,589.9477403582317,253166995.60733372,1,5.92317300170313e+22,1.6782370708586705e+23,5.035710656085245e+23,9.981181224154769e+19,1.3948894091118745e-15,5.540849071086816e+22,2.167768643009382e-10,1.0027755394395197e+20,1.0825509842543569e-15,1.6660151002865526e+17,5.1994693720899235e-20,9.976262363963394e+16,5.0347112125760115e+23,1.0011095243392331e+20,1.6782370708586705e+23
2982019459459.4595,587.6041006343274,253166857.94325927,1,5.92317300170313e+22,1.6782370708586705e+23,5.035710656085245e+23,9.981181224154769e+19,1.2975048108849041e-15,5.540849071086816e+22,2.016424400814274e-10,1.0027755394395197e+20,1.006972502556805e-15,1.6660151002865526e+17,1.2753137303021672e-20,9.976262363963394e+16,5.0347112125760115e+23,1.0011095243392331e+20,1.6782370708586705e+23
2985178378378.3784,585.2604609104231,253166722.33850402,1,5.92317300170313e+22,1.6782370708586705e+23,5.035710656085245e+23,9.981181224154769e+19,1.2069191381822417e-15,5.540849071086816e+22,1.875646359823098e-10,1.0027755394395197e+20,9.366705377806915e-16,1.6660151002865526e+17,3.0730616056371045e-21,9.976262363963394e+16,5.0347112125760115e+23,1.0011095243392331e+20,1.6782370708586705e+23
2988337297297.2974,582.9168211865189,253166588.75922564,1,5.92317300170313e+22,1.6782370708586705e+23,5.035710656085245e+23,9.981181224154769e+19,1.1226577232928541e-15,5.540849071086816e+22,1.7446968335123187e-10,1.0027755394395197e+20,8.712767101857571e-16,1.6660151002865526e+17,7.2740802577805465e-22,9.976262363963394e+16,5.0347112125760115e+23,1.0011095243392331e+20,1.6782370708586705e+23
2991496216216.2163,580.5731814626146,253166457.17207855,1,5.92317300170313e+22,1.6782370708586705e+23,5.035710656085245e+23,9.981181224154769e+19,1.0442790374269194e-15,5.540849071086816e+22,1.6228896374447707e-10,1.0027755394395197e+20,8.104483583877575e-16,1.6660151002865526e+17,1.691197789429698e-22,9.976262363963394e+16,5.0347112125760115e+23,1.0011095243392331e+20,1.6782370708586705e+23
2994655135135.1353,578.2295417387103,253166327.54420877,1,5.92317300170313e+22,1.6782370708586705e+23,5.035710656085245e+23,9.981181224154769e+19,9.713723771270855e-16,5.540849071086816e+22,1.5095864936164699e-10,1.0027755394395197e+20,7.538667438414098e-16,1.6660151002865526e+17,3.8616920867837154e-23,9.976262363963394e+16,5.0347112125760115e+23,1.0011095243392331e+20,1.6782370708586705e+23
2997814054054.054,575.885902014806,253166199.84324762,1,5.92317300170313e+22,1.6782370708586705e+23,5.035710656085245e+23,9.981181224154769e+19,9.035557122022157e-16,5.540849071086816e+22,1.404193685836398e-10,1.0027755394395197e+20,7.012353806762474e-16,1.6660151002865526e+17,8.659359635138239e-24,9.976262363963394e+16,5.0347112125760115e+23,1.0011095243392331e+20,1.6782370708586705e+23
3000972972972.973,573.5422622909014,253166074.03730637,1,5.92317300170313e+22,1.6782370708586705e+23,5.035710656085245e+23,9.981181224154769e+19,8.404736839069182e-16,5.540849071086816e+22,1.3061589486132224e-10,1.0027755394395197e+20,6.522784821340067e-16,1.6660151002865526e+17,1.906677802868357e-24,9.976262363963394e+16,5.0347112125760115e+23,1.0011095243392331e+20,1.6782370708586705e+23
3004131891891.892,571.1986225669971,253165950.09497094,1,5.92317300170313e+22,1.6782370708586705e+23,5.035710656085245e+23,9.981181224154769e+19,7.817957428776535e-16,5.540849071086816e+22,1.214968573246504e-10,1.0027755394395197e+20,6.067395154671297e-16,1.6660151002865526e+17,4.1220312952458586e-25,9.976262363963394e+16,5.0347112125760115e+23,1.0011095243392331e+20,1.6782370708586705e+23
3007290810810.811,568.8549828430928,253165827.98529622,1,5.92317300170313e+22,1.6782370708586705e+23,5.035710656085245e+23,9.981181224154769e+19,7.272144170682555e-16,5.540849071086816e+22,1.1301447159581191e-10,1.0027755394395197e+20,5.643798577261967e-16,1.6660151002865526e+17,8.748775607805644e-26,9.976262363963394e+16,5.0347112125760115e+23,1.0011095243392331e+20,1.6782370708586705e+23
3010449729729.73,566.5113431191885,253165707.67780104,1,5.92317300170313e+22,1.6782370708586705e+23,5.035710656085245e+23,9.981181224154769e+19,6.764437006091187e-16,5.540849071086816e+22,1.0512428939583133e-10,1.0027755394395197e+20,5.249775453928872e-16,1.6660151002865526e+17,1.822826804159895e-26,9.976262363963394e+16,5.0347112125760115e+23,1.0011095243392331e+20,1.6782370708586705e+23
3013608648648.649,564.1677033952842,253165589.1424629,1,5.92317300170313e+22,1.6782370708586705e+23,5.035710656085245e+23,9.981181224154769e+19,6.292175551477497e-16,5.540849071086816e+22,9.778496563256086e-11,1.0027755394395197e+20,4.883261113066579e-16,1.6660151002865526e+17,3.7279177716991084e-27,9.976262363963394e+16,5.0347112125760115e+23,1.0011095243392331e+20,1.6782370708586705e+23
3016767567567.568,561.8240636713799,253165472.34971276,1,5.92317300170313e+22,1.6782370708586705e+23,5.035710656085245e+23,9.981181224154769e+19,5.852885158179059e-16,5.540849071086816e+22,9.095804174958146e-11,1.0027755394395197e+20,4.542335027908057e-16,1.6660151002865526e+17,7.482922106657754e-28,9.976262363963394e+16,5.0347112125760115e+23,1.0011095243392331e+20,1.6782370708586705e+23
3019926486486.487,559.4804239474756,253165357.2704302,1,5.92317300170313e+22,1.6782370708586705e+23,5.035710656085245e+23,9.981181224154769e+19,5.444263945326653e-16,5.540849071086816e+22,8.460774420074759e-11,1.0027755394395197e+20,4.225210753090688e-16,1.6660151002865526e+17,1.4740826538035995e-28,9.976262363963394e+16,5.0347112125760115e+23,1.0011095243392331e+20,1.6782370708586705e+23
3023085405405.4053,557.1367842235713,253165243.87593836,1,5.92317300170313e+22,1.6782370708586705e+23,5.035710656085245e+23,9.981181224154769e+19,5.064170738068366e-16,5.540849071086816e+22,7.870079699436886e-11,1.0027755394395197e+20,3.930226563796102e-16,1.6660151002865526e+17,2.849577176341103e-29,9.976262363963394e+16,5.0347112125760115e+23,1.0011095243392331e+20,1.6782370708586705e+23
3026244324324.324,554.793144499667,253165132.1379988,1,5.92317300170313e+22,1.6782370708586705e+23,5.035710656085245e+23,9.981181224154769e+19,4.710613847884251e-16,5.540849071086816e+22,7.320624732474702e-11,1.0027755394395197e+20,3.655836748414516e-16,1.6660151002865526e+17,5.405175372887466e-30,9.976262363963394e+16,5.0347112125760115e+23,1.0011095243392331e+20,1.6782370708586705e+23
3029403243243.243,552.4495047757628,253165022.02880707,1,5.92317300170313e+22,1.6782370708586705e+23,5.035710656085245e+23,9.981181224154769e+19,4.3817406362013144e-16,5.540849071086816e+22,6.809530337736586e-11,1.0027755394395197e+20,3.4006035091080163e-16,1.6660151002865526e+17,1.0059427566096164e-30,9.976262363963394e+16,5.0347112125760115e+23,1.0011095243392331e+20,1.6782370708586705e+23
3032562162162.1626,550.1058650518581,253164913.52098757,1,5.92317300170313e+22,1.6782370708586705e+23,5.035710656085245e+23,9.981181224154769e+19,4.075827806622847e-16,5.540849071086816e+22,6.334118345782202e-11,1.0027755394395197e+20,3.1631894278326435e-16,1.6660151002865526e+17,1.8366851999056807e-31,9.976262363963394e+16,5.0347112125760115e+23,1.0011095243392331e+20,1.6782370708586705e+23
3035721081081.0815,547.7622253279538,253164806.5875888,1,5.92317300170313e+22,1.6782370708586705e+23,5.035710656085245e+23,9.981181224154769e+19,3.7912723749045204e-16,5.540849071086816e+22,5.891897565392222e-11,1.0027755394395197e+20,2.9423504583423296e-16,1.6660151002865526e+17,3.289717184090289e-32,9.976262363963394e+16,5.0347112125760115e+23,1.0011095243392331e+20,1.6782370708586705e+23
3038880000000.0005,545.4185856040496,253164701.2020787,1,5.92317300170313e+22,1.6782370708586705e+23,5.035710656085245e+23,9.981181224154769e+19,3.5265832693601376e-16,5.540849071086816e+22,5.4805507295566464e-11,1.0027755394395197e+20,2.736929407453491e-16,1.6660151002865526e+17,5.779758673773805e-33,9.976262363963394e+16,5.0347112125760115e+23,1.0011095243392331e+20,1.6782370708586705e+23
3042038918918.9194,543.0749458801453,253164597.3383399,1,5.92317300170313e+22,1.6782370708586705e+23,5.035710656085245e+23,9.981181224154769e+19,3.280373517684717e-16,5.540849071086816e+22,5.0979223528378456e-11,1.0027755394395197e+20,2.5458498714126923e-16,1.6660151002865526e+17,9.959868523978787e-34,9.976262363963394e+16,5.0347112125760115e+23,1.0011095243392331e+20,1.6782370708586705e+23
3045197837837.838,540.731306156241,253164494.97066507,1,5.92317300170313e+22,1.6782370708586705e+23,5.035710656085245e+23,9.981181224154769e+19,3.0513529792579844e-16,5.540849071086816e+22,4.7420074364800454e-11,1.0027755394395197e+20,2.368110595594699e-16,1.6660151002865526e+17,1.6832795245458561e-34,9.976262363963394e+16,5.0347112125760115e+23,1.0011095243392331e+20,1.6782370708586705e+23
3048356756756.757,538.3876664323367,253164394.07375216,1,5.92317300170313e+22,1.6782370708586705e+23,5.035710656085245e+23,9.981181224154769e+19,2.838321584874832e-16,5.540849071086816e+22,4.4109409620792844e-11,1.0027755394395197e+20,2.202780227975233e-16,1.6660151002865526e+17,2.7898709129982584e-35,9.976262363963394e+16,5.0347112125760115e+23,1.0011095243392331e+20,1.6782370708586705e+23
3051515675675.676,536.0440267084324,253164294.6227001,1,5.92317300170313e+22,1.6782370708586705e+23,5.035710656085245e+23,9.981181224154769e+19,2.6401630486549505e-16,5.540849071086816e+22,4.102988118759943e-11,1.0027755394395197e+20,2.0489924388816285e-16,1.6660151002865526e+17,4.534237107075887e-36,9.976262363963394e+16,5.0347112125760115e+23,1.0011095243392331e+20,1.6782370708586705e+23
3054674594594.5947,533.7003869845281,253164196.5930036,1,5.92317300170313e+22,1.6782370708586705e+23,5.035710656085245e+23,9.981181224154769e+19,2.455839020096346e-16,5.540849071086816e+22,3.816535212647596e-11,1.0027755394395197e+20,1.9059413814210463e-16,1.6660151002865526e+17,7.225769866400142e-37,9.976262363963394e+16,5.0347112125760115e+23,1.0011095243392331e+20,1.6782370708586705e+23
3057833513513.5137,531.3567472606238,253164099.96054915,1,5.92317300170313e+22,1.6782370708586705e+23,5.035710656085245e+23,9.981181224154769e+19,2.28438364970957e-16,5.540849071086816e+22,3.550081211003198e-11,1.0027755394395197e+20,1.7728774686780468e-16,1.6660151002865526e+17,1.1289945590278058e-37,9.976262363963394e+16,5.0347112125760115e+23,1.0011095243392331e+20,1.6782370708586705e+23
3060992432432.4326,529.0131075367195,253164004.7016102,1,5.92317300170313e+22,1.6782370708586705e+23,5.035710656085245e+23,9.981181224154769e+19,2.124898555419968e-16,5.540849071086816e+22,3.30222987670929e-11,1.0027755394395197e+20,1.6491034451095879e-16,1.6660151002865526e+17,1.7294019673532088e-38,9.976262363963394e+16,5.0347112125760115e+23,1.0011095243392331e+20,1.6782370708586705e+23
3064151351351.3516,526.6694678128149,253163910.79284242,1,5.92317300170313e+22,1.6782370708586705e+23,5.035710656085245e+23,9.981181224154769e+19,1.9765482153390166e-16,5.540849071086816e+22,3.071682451892402e-11,1.0027755394395197e+20,1.5339707301551806e-16,1.6660151002865526e+17,2.5969613231384152e-39,9.976262363963394e+16,5.0347112125760115e+23,1.0011095243392331e+20,1.6782370708586705e+23
3067310270270.2705,524.3258280889106,253163818.21127957,1,5.92317300170313e+22,1.6782370708586705e+23,5.035710656085245e+23,9.981181224154769e+19,1.8385559122951052e-16,5.540849071086816e+22,2.857230852343338e-11,1.0027755394395197e+20,1.4268760111429403e-16,1.6660151002865526e+17,3.822698144857523e-40,9.976262363963394e+16,5.0347112125760115e+23,1.0011095243392331e+20,1.6782370708586705e+23
3070469189189.1895,521.9821883650063,253163726.9343287,1,5.92317300170313e+22,1.6782370708586705e+23,5.035710656085245e+23,9.981181224154769e+19,1.7102005823758194e-16,5.540849071086816e+22,2.6577513370736295e-11,1.0027755394395197e+20,1.327258058985079e-16,1.6660151002865526e+17,5.515432528039938e-41,9.976262363963394e+16,5.0347112125760115e+23,1.0011095243392331e+20,1.6782370708586705e+23
3073628108108.1084,519.638548641102,253163636.93976566,1,5.92317300170313e+22,1.6782370708586705e+23,5.035710656085245e+23,9.981181224154769e+19,1.5908153602049486e-16,5.540849071086816e+22,2.4721986198362194e-11,1.0027755394395197e+20,1.2345947330909788e-16,1.6660151002865526e+17,7.799463694265068e-42,9.976262363963394e+16,5.0347112125760115e+23,1.0011095243392331e+20,1.6782370708586705e+23
3076787027027.0273,517.2949089171977,253163548.2057306,1,5.92317300170313e+22,1.6782370708586705e+23,5.035710656085245e+23,9.981181224154769e+19,1.4797893264562992e-16,5.540849071086816e+22,2.2996003917543284e-11,1.0027755394395197e+20,1.1484001324148518e-16,1.6660151002865526e+17,1.0809274281795776e-42,9.976262363963394e+16,5.0347112125760115e+23,1.0011095243392331e+20,1.6782370708586705e+23
3079945945945.9463,514.9512691932935,253163460.7107236,1,5.92317300170313e+22,1.6782370708586705e+23,5.035710656085245e+23,9.981181224154769e+19,1.3765748771644846e-16,5.540849071086816e+22,2.139052226356714e-11,1.0027755394395197e+20,1.0682218425730484e-16,1.6660151002865526e+17,1.4680690624137058e-43,9.976262363963394e+16,5.0347112125760115e+23,1.0011095243392331e+20,1.6782370708586705e+23
3083104864864.865,512.6076294693892,253163374.43360016,1,5.92317300170313e+22,1.6782370708586705e+23,5.035710656085245e+23,9.981181224154769e+19,1.2807039258488543e-16,5.540849071086816e+22,1.989712840321359e-11,1.0027755394395197e+20,9.936382343153764e-17,1.6660151002865526e+17,1.953829179585902e-44,9.976262363963394e+16,5.0347112125760115e+23,1.0011095243392331e+20,1.6782370708586705e+23
3086263783783.7837,510.2639897454849,253163289.35356647,1,5.92317300170313e+22,1.6782370708586705e+23,5.035710656085245e+23,9.981181224154769e+19,1.1918161935397636e-16,5.540849071086816e+22,1.8507996850935627e-11,1.0027755394395197e+20,9.2425579812727e-17,1.6660151002865526e+17,2.5479407742136075e-45,9.976262363963394e+16,5.0347112125760115e+23,1.0011095243392331e+20,1.6782370708586705e+23
3089422702702.7026,507.9203500215806,253163205.45017546,1,5.92317300170313e+22,1.6782370708586705e+23,5.035710656085245e+23,9.981181224154769e+19,1.1097013640867551e-16,5.540849071086816e+22,1.7215848462782117e-11,1.0027755394395197e+20,8.597065595141395e-17,1.6660151002865526e+17,3.2555745707445258e-46,9.976262363963394e+16,5.0347112125760115e+23,1.0011095243392331e+20,1.6782370708586705e+23
3092581621621.6216,505.5767102976763,253163122.70332187,1,5.92317300170313e+22,1.6782370708586705e+23,5.035710656085245e+23,9.981181224154769e+19,1.034353359967163e-16,5.540849071086816e+22,1.6013912293187713e-11,1.0027755394395197e+20,7.996457002459568e-17,1.6660151002865526e+17,4.075444304160187e-47,9.976262363963394e+16,5.0347112125760115e+23,1.0011095243392331e+20,1.6782370708586705e+23
3095740540540.541,503.23307057377167,253163041.09323806,1,5.92317300170313e+22,1.6782370708586705e+23,5.035710656085245e+23,9.981181224154769e+19,9.660296805482983e-17,5.540849071086816e+22,1.489589011475696e-11,1.0027755394395197e+20,7.437495826714431e-17,1.6660151002865526e+17,4.9981023971816295e-48,9.976262363963394e+16,5.0347112125760115e+23,1.0011095243392331e+20,1.6782370708586705e+23
3098899459459.46,500.8894308498674,253162960.60048968,1,5.92317300170313e+22,1.6782370708586705e+23,5.035710656085245e+23,9.981181224154769e+19,9.053030092447818e-17,5.540849071086816e+22,1.3855923415124166e-11,1.0027755394395197e+20,6.917143935680269e-17,1.6660151002865526e+17,6.004716960083495e-49,9.976262363963394e+16,5.0347112125760115e+23,1.0011095243392331e+20,1.6782370708586705e+23
3102058378378.379,498.5457911259631,253162881.20597103,1,5.92317300170313e+22,1.6782370708586705e+23,5.035710656085245e+23,9.981181224154769e+19,8.530884420964757e-17,5.540849071086816e+22,1.2888562697951978e-11,1.0027755394395197e+20,6.43255553423544e-17,1.6660151002865526e+17,7.06662299015747e-50,9.976262363963394e+16,5.0347112125760115e+23,1.0011095243392331e+20,1.6782370708586705e+23
3105217297297.2974,496.2021514020588,253162802.8909008,1,5.92317300170313e+22,1.6782370708586705e+23,5.035710656085245e+23,9.981181224154769e+19,8.106301333935336e-17,5.540849071086816e+22,1.1988738927211356e-11,1.0027755394395197e+20,5.981078699107047e-17,1.6660151002865526e+17,8.145889644480642e-51,9.976262363963394e+16,5.0347112125760115e+23,1.0011095243392331e+20,1.6782370708586705e+23
3108376216216.2163,493.8585116781545,253162725.63681772,1,5.92317300170313e+22,1.6782370708586705e+23,5.035710656085245e+23,9.981181224154769e+19,7.794372111711338e-17,5.540849071086816e+22,1.1151736965137104e-11,1.0027755394395197e+20,5.560261893898926e-17,1.6660151002865526e+17,9.197038696226623e-52,9.976262363963394e+16,5.0347112125760115e+23,1.0011095243392331e+20,1.6782370708586705e+23
3111535135135.1353,491.5148719542502,253162649.42557636,1,5.92317300170313e+22,1.6782370708586705e+23,5.035710656085245e+23,9.981181224154769e+19,7.61169699037634e-17,5.540849071086816e+22,1.0373170864759759e-11,1.0027755394395197e+20,5.1678609341447613e-17,1.6660151002865526e+17,1.0169895830527297e-52,9.976262363963394e+16,5.0347112125760115e+23,1.0011095243392331e+20,1.6782370708586705e+23
3114694054054.054,489.17123223034594,253162574.23934227,1,5.92317300170313e+22,1.6782370708586705e+23,5.035710656085245e+23,9.981181224154769e+19,7.574878372937653e-17,5.540849071086816e+22,9.648960887773718e-12,1.0027755394395197e+20,4.8018407974834736e-17,1.6660151002865526e+17,1.1013377693768304e-53,9.976262363963394e+16,5.0347112125760115e+23,1.0011095243392331e+20,1.6782370708586705e+23
3117852972972.973,486.82759250644165,253162500.06058827,1,5.92317300170313e+22,1.6782370708586705e+23,5.035710656085245e+23,9.981181224154769e+19,7.698882844464803e-17,5.540849071086816e+22,8.975312127812377e-12,1.0027755394395197e+20,4.460367081196083e-17,1.6660151002865526e+17,1.1679844592901812e-54,9.976262363963394e+16,5.0347112125760115e+23,1.0011095243392331e+20,1.6782370708586705e+23
3121011891891.892,484.48395278253736,253162426.8720898,1,5.92317300170313e+22,1.6782370708586705e+23,5.035710656085245e+23,9.981181224154769e+19,7.995543575392606e-17,5.540849071086816e+22,8.34869462801779e-12,1.0027755394395197e+20,4.1417837724993765e-17,1.6660151002865526e+17,1.2129516296412735e-55,9.976262363963394e+16,5.0347112125760115e+23,1.0011095243392331e+20,1.6782370708586705e+23
3124170810810.811,482.14031305863307,253162354.6569207,1,5.92317300170313e+22,1.6782370708586705e+23,5.035710656085245e+23,9.981181224154769e+19,8.472431212504488e-17,5.540849071086816e+22,7.765824890048524e-12,1.0027755394395197e+20,3.8445769127448877e-17,1.6660151002865526e+17,1.233438746262952e-56,9.976262363963394e+16,5.0347112125760115e+23,1.0011095243392331e+20,1.6782370708586705e+23
3127329729729.73,479.79667333472844,253162283.39844888,1,5.92317300170313e+22,1.6782370708586705e+23,5.035710656085245e+23,9.981181224154769e+19,9.132211473196172e-17,5.540849071086816e+22,7.223648679126605e-12,1.0027755394395197e+20,3.567327219744152e-17,1.6660151002865526e+17,1.2281109031568302e-57,9.976262363963394e+16,5.0347112125760115e+23,1.0011095243392331e+20,1.6782370708586705e+23
3130488648648.649,477.45303361082415,253162213.0803324,1,5.92317300170313e+22,1.6782370708586705e+23,5.035710656085245e+23,9.981181224154769e+19,9.972469892452297e-17,5.540849071086816e+22,6.719325036030562e-12,1.0027755394395197e+20,3.308658323313393e-17,1.6660151002865526e+17,1.1972424196423787e-58,9.976262363963394e+16,5.0347112125760115e+23,1.0011095243392331e+20,1.6782370708586705e+23
3133647567567.568,475.10939388691986,253162143.68651477,1,5.92317300170313e+22,1.6782370708586705e+23,5.035710656085245e+23,9.981181224154769e+19,1.0985866789864752e-16,5.540849071086816e+22,6.25021141183919e-12,1.0027755394395197e+20,3.0671903133254755e-17,1.6660151002865526e+17,1.1426944698122975e-59,9.976262363963394e+16,5.0347112125760115e+23,1.0011095243392331e+20,1.6782370708586705e+23
3136806486486.487,472.7657541630156,253162075.20122102,1,5.92317300170313e+22,1.6782370708586705e+23,5.035710656085245e+23,9.981181224154769e+19,1.2160428995237465e-16,5.540849071086816e+22,5.81384984483503e-12,1.0027755394395197e+20,2.841509719647282e-17,1.6660151002865526e+17,1.0677291043079424e-60,9.976262363963394e+16,5.0347112125760115e+23,1.0011095243392331e+20,1.6782370708586705e+23
3139965405405.406,470.4221144391113,253162007.6089537,1,5.92317300170313e+22,1.6782370708586705e+23,5.035710656085245e+23,9.981181224154769e+19,1.3479807559981295e-16,5.540849071086816e+22,5.407954101931521e-12,1.0027755394395197e+20,2.6301656003609898e-17,1.6660151002865526e+17,9.766855333838282e-62,9.976262363963394e+16,5.0347112125760115e+23,1.0011095243392331e+20,1.6782370708586705e+23
3143124324324.3247,468.078474715207,253161940.8944884,1,5.92317300170313e+22,1.6782370708586705e+23,5.035710656085245e+23,9.981181224154769e+19,1.4923421679090278e-16,5.540849071086816e+22,5.0303977103266645e-12,1.0027755394395197e+20,2.4316965227204782e-17,1.6660151002865526e+17,8.74563449655668e-63,9.976262363963394e+16,5.0347112125760115e+23,1.0011095243392331e+20,1.6782370708586705e+23
3146283243243.243,465.7348349913027,253161875.04286987,1,5.92317300170313e+22,1.6782370708586705e+23,5.035710656085245e+23,9.981181224154769e+19,1.6466531091865015e-16,5.540849071086816e+22,4.679202809804999e-12,1.0027755394395197e+20,2.2446857269718755e-17,1.6660151002865526e+17,7.66569149649418e-64,9.976262363963394e+16,5.0347112125760115e+23,1.0011095243392331e+20,1.6782370708586705e+23
3149442162162.162,463.3911952673984,253161810.03940767,1,5.92317300170313e+22,1.6782370708586705e+23,5.035710656085245e+23,9.981181224154769e+19,1.8080382475685907e-16,5.540849071086816e+22,4.352529762668704e-12,1.0027755394395197e+20,2.0678339509311138e-17,1.6660151002865526e+17,6.576816443878125e-65,9.976262363963394e+16,5.0347112125760115e+23,1.0011095243392331e+20,1.6782370708586705e+23
3152601081081.081,461.0475555434941,253161745.86967245,1,5.92317300170313e+22,1.6782370708586705e+23,5.035710656085245e+23,9.981181224154769e+19,1.9732617660325772e-16,5.540849071086816e+22,4.048667466320049e-12,1.0027755394395197e+20,1.9000340413987844e-17,1.6660151002865526e+17,5.522881997359716e-66,9.976262363963394e+16,5.0347112125760115e+23,1.0011095243392331e+20,1.6782370708586705e+23
3155760000000.0,458.70391581958984,253161682.51949164,1,5.92317300170313e+22,1.6782370708586705e+23,5.035710656085245e+23,9.981181224154769e+19,2.1388095984839268e-16,5.540849071086816e+22,3.766024321971479e-12,1.0027755394395197e+20,1.7404305344796518e-17,1.6660151002865526e+17,4.539239697153127e-67,9.976262363963394e+16,5.0347112125760115e+23,1.0011095243392331e+20,1.6782370708586705e+23
