time_years,temperature_K,cold_trap_factor,olr_W_m2,H2_flux_m-2_s-1,crossover_mass_kg_per_particle,crossover_mass_amu,atomic_N_photolysis_fraction,N_drag_active,Ar36_drag_active,Rayleigh_active,water_kg,D_H,N_kg,Ar36_kg
0.0,2800.0,0.05000000065485749,280.0,4.639499134516127e+20,9.37546069139441e-22,564603.1225622032,0.6096948773246815,1,1,1,1.919877542293575e+22,0.0001471320764090424,2.35e+21,5000000000000000.0
100.10010010010011,2797.937597042964,0.050000000668503526,280.0,4.6163364312024325e+20,9.373733793897141e-22,564499.1264225577,0.6086252563158998,1,1,1,1.919871552351521e+22,0.00014713212231374752,2.3452414765044888e+21,4999455795428518.0
200.20020020020021,2795.8751940859283,0.050000000682433925,280.0,4.5932893677044256e+20,9.372005941443732e-22,564395.0727741417,0.6075574909584964,1,1,1,1.919865574389347e+22,0.00014713216812680034,2.3404828778337487e+21,4998908919819361.0
300.3003003003003,2793.8127911288925,0.0500000006966546,280.0,4.57035736669023e+20,9.370277132801076e-22,564290.9615426955,0.6064915778979548,1,1,1,1.919859608383094e+22,0.00014713221384838351,2.335724226049547e+21,4998359360362843.0
400.40040040040043,2791.7503881718567,0.05000000071117161,280.0,4.5475398537102977e+20,9.368547366733574e-22,564186.7926538099,0.6054275137849382,1,1,1,1.9198536543088492e+22,0.00014713225947867936,2.3309655432001573e+21,4997807104190865.0
500.50050050050055,2789.687985214821,0.050000000725991124,280.0,4.524836257183024e+20,9.366816642003116e-22,564082.566032924,0.6043652952752766,1,1,1,1.9198477121427494e+22,0.00014713230501786983,2.3262068513200273e+21,4997252138376682.0
600.6006006006006,2787.625582257785,0.05000000074111945,280.0,4.502246008380421e+20,9.365084957369066e-22,563978.2816053252,0.6033049190299528,1,1,1,1.9198417818609777e+22,0.00014713235046613657,2.321448172429445e+21,4996694449934663.0
700.7007007007007,2785.563179300749,0.05000000075656303,280.0,4.4797685414138806e+20,9.363352311588272e-22,563873.939296149,0.6022463817150895,1,1,1,1.9198358634397656e+22,0.00014713239582366075,2.3166895285342094e+21,4996134025820058.0
800.8008008008009,2783.5007763437134,0.050000000772328426,280.0,4.45740329321999e+20,9.361618703415046e-22,563769.5390303785,0.6011896800019351,1,1,1,1.9198299568553924e+22,0.00014713244109062324,2.3119309416253028e+21,4995570852928757.0
900.900900900901,2781.4383733866775,0.05000000078842234,280.0,4.4351497035464344e+20,9.359884131601166e-22,563665.0807328438,0.6001348105668508,1,1,1,1.9198240620841838e+22,0.0001471324862672046,2.3071724336785633e+21,4995004918097055.0
1001.0010010010011,2779.3759704296417,0.05000000080485162,280.0,4.413007214937957e+20,9.358148594895858e-22,563560.5643282221,0.5990817700912966,1,1,1,1.919818179102514e+22,0.00014713253135358495,2.3024140266543603e+21,4994436208101410.0
1101.1011011011012,2777.313567472606,0.05000000082162326,280.0,4.3909752727223966e+20,9.356412092045796e-22,563455.9897410359,0.5980305552618179,1,1,1,1.9198123078868034e+22,0.00014713257634994408,2.2976557424972724e+21,4993864709658208.0
1201.2012012012012,2775.25116451557,0.05000000083874439,280.0,4.369053324996795e+20,9.354674621795091e-22,563351.3568956539,0.5969811627700323,1,1,1,1.9198064484135205e+22,0.00014713262125646144,2.2928976031357655e+21,4993290409423519.0
1301.3013013013015,2773.188761558534,0.05000000085622229,280.0,4.347240822613568e+20,9.352936182885303e-22,563246.6657162913,0.5959335893126156,1,1,1,1.9198006006591804e+22,0.00014713266607331612,2.2881396304818744e+21,4992713293992859.0
1401.4014014014015,2771.1263586014984,0.0500000008740644,280.0,4.325537219166753e+20,9.351196774055392e-22,563141.9161270064,0.5948878315912884,1,1,1,1.9197947646003454e+22,0.0001471327108006868,2.2833818464308848e+21,4992133349900947.0
1501.5015015015017,2769.0639556444626,0.05000000089227831,280.0,4.3039419709783186e+20,9.349456394041756e-22,563037.1080517034,0.5938438863128025,1,1,1,1.919788940213624e+22,0.00014713275543875193,2.278624272861019e+21,4991550563621465.0
1601.6016016016017,2767.0015526874267,0.050000000910871756,280.0,4.2824545370845466e+20,9.347715041578196e-22,562932.2414141301,0.5928017501889278,1,1,1,1.9197831274756726e+22,0.00014713279998768947,2.2738669316331214e+21,4990964921566814.0
1701.7017017017017,2764.939149730391,0.05000000092985266,280.0,4.26107437922248e+20,9.345972715395924e-22,562827.3161378783,0.5917614199364376,1,1,1,1.919777326363193e+22,0.00014713284444767708,2.2691098445903474e+21,4990376410087874.0
1801.801801801802,2762.876746773355,0.050000000949229094,280.0,4.239800961816442e+20,9.344229414223535e-22,562722.3321463822,0.5907228922770968,1,1,1,1.9197715368529346e+22,0.00014713288881889206,2.264353033557854e+21,4989785015473756.0
1901.901901901902,2760.8143438163193,0.0500000009690093,280.0,4.218633751964616e+20,9.342485136787025e-22,562617.2893629196,0.5896861639376467,1,1,1,1.9197657589216933e+22,0.00014713293310151144,2.2595965203424925e+21,4989190723951561.0
2002.0020020020022,2758.7519408592834,0.05000000098920168,280.0,4.197572219425697e+20,9.34073988180977e-22,562512.1877106105,0.588651231649792,1,1,1,1.9197599925463106e+22,0.00014713297729571174,2.2548403267325015e+21,4988593521686134.0
2102.1021021021024,2756.6895379022476,0.05000000100981484,280.0,4.1766158366056147e+20,9.338993648012517e-22,562407.0271124162,0.5876180921501876,1,1,1,1.919754237703675e+22,0.00014713302140166928,2.250084474497204e+21,4987993394779821.0
2202.2022022022024,2754.6271349452118,0.050000001030857534,280.0,4.155764078544308e+20,9.337246434113387e-22,562301.8074911407,0.586586742180424,1,1,1,1.919748494370721e+22,0.0001471330654195599,2.2453289853867057e+21,4987390329272220.0
2302.3023023023025,2752.564731988176,0.050000001052338726,280.0,4.1350164229025805e+20,9.33549823882785e-22,562196.5287694274,0.5855571784870149,1,1,1,1.9197427625244295e+22,0.00014713310934955922,2.2405738811315952e+21,4986784311139935.0
2402.4024024024025,2750.50232903114,0.050000001074267546,280.0,4.1143723499490175e+20,9.333749060868745e-22,562091.190869762,0.5845293978213834,1,1,1,1.9197370421418266e+22,0.0001471331531918424,2.2358191834426455e+21,4986175326296331.0
2502.5025025025025,2748.4399260741043,0.05000000109665332,280.0,4.093831342546959e+20,9.331998898946235e-22,561985.7937144685,0.5835033969398467,1,1,1,1.919731333199985e+22,0.00014713319694658434,2.231064914010519e+21,4985563360591285.0
2602.602602602603,2746.3775231170684,0.05000000111950557,280.0,4.073392886141555e+20,9.33024775176784e-22,561880.3372257121,0.5824791726036048,1,1,1,1.9197256356760237e+22,0.0001471332406139595,2.2263110945054733e+21,4984948399810937.0
2702.702702702703,2744.3151201600326,0.050000001142834025,280.0,4.053056468746868e+20,9.328495618038398e-22,561774.8213254964,0.581456721578726,1,1,1,1.9197199495471066e+22,0.00014713328419414207,2.2215577465770693e+21,4984330429677444.0
2802.802802802803,2742.252717202997,0.0500000011666486,280.0,4.032821580933051e+20,9.326742496460076e-22,561669.245935664,0.5804360406361322,1,1,1,1.9197142747904437e+22,0.0001471333276873059,2.2168048918538816e+21,4983709435848726.0
2902.902902902903,2740.190314245961,0.050000001190959424,280.0,4.012687715813587e+20,9.324988385732352e-22,561563.6109778959,0.579417126551587,1,1,1,1.9197086113832903e+22,0.0001471333710936244,2.2120525519432107e+21,4983085403918221.0
3003.0030030030034,2738.127911288925,0.05000000121577684,280.0,3.9926543690325905e+20,9.323233284552015e-22,561457.9163737106,0.5783999761056807,1,1,1,1.9197029593029475e+22,0.00014713341441327074,2.207300748430797e+21,4982458319414632.0
3103.1031031031034,2736.0655083318893,0.05000000124111142,280.0,3.972721038752171e+20,9.321477191613147e-22,561352.1620444643,0.5773845860838173,1,1,1,1.919697318526762e+22,0.00014713345764641767,2.202549502880538e+21,4981828167801676.0
3203.2032032032034,2734.0031053748535,0.05000000126697391,280.0,3.9528872256398675e+20,9.319720105607132e-22,561246.3479113501,0.5763709532762007,1,1,1,1.919691689032125e+22,0.00014713350079323766,2.1977988368342057e+21,4981194934477834.0
3303.3033033033034,2731.9407024178176,0.05000000129337533,280.0,3.933152432856134e+20,9.317962025222634e-22,561140.4738953975,0.575359074477821,1,1,1,1.919686070796474e+22,0.00014713354385390286,2.1930487718111682e+21,4980558604776096.0
3403.4034034034034,2729.878299460782,0.05000000132032691,280.0,3.913516166041896e+20,9.316202949145586e-22,561034.5399174718,0.5743489464884405,1,1,1,1.9196804637972905e+22,0.00014713358682858491,2.1882993293081114e+21,4979919163963711.0
3503.503503503504,2727.815896503746,0.05000000134784012,280.0,3.8939779333061706e+20,9.314442876059209e-22,560928.5458982746,0.5733405661125808,1,1,1,1.919674868012102e+22,0.0001471336297174553,2.1835505307987636e+21,4979276597241933.0
3603.603603603604,2725.75349354671,0.050000001375926646,280.0,3.874537245213737e+20,9.312681804643962e-22,560822.4917583414,0.5723339301595078,1,1,1,1.91966928341848e+22,0.00014713367252068509,2.1788023977336234e+21,4978630889745767.0
3703.703703703704,2723.6910905896743,0.05000000140459845,280.0,3.855193614772882e+20,9.310919733577577e-22,560716.3774180433,0.5713290354432196,1,1,1,1.919663709994042e+22,0.00014713371523844497,2.1740549515396873e+21,4977982026543715.0
3803.803803803804,2721.6286876326385,0.050000001433867715,280.0,3.8359465574232e+20,9.309156661535025e-22,560610.2027975854,0.570325878782431,1,1,1,1.919658147716449e+22,0.0001471337578709054,2.1693082136201813e+21,4977329992637522.0
3903.9039039039044,2719.5662846756027,0.0500000014637469,280.0,3.816795591023451e+20,9.30739258718851e-22,560503.9678170059,0.5693244570005619,1,1,1,1.9196525965634074e+22,0.0001471338004182364,2.164562205354294e+21,4976674772961919.0
4004.0040040040044,2717.503881718567,0.050000001494248714,280.0,3.797740235839488e+20,9.30562750920747e-22,560397.6723961766,0.568324766925721,1,1,1,1.9196470565126686e+22,0.00014713384288060776,2.1598169480969118e+21,4976016352384368.0
4104.104104104104,2715.441478761531,0.050000001525386126,280.0,3.7787800145322364e+20,9.303861426258575e-22,560291.3164548024,0.5673268053906939,1,1,1,1.919641527542028e+22,0.00014713388525818872,2.1550724631783568e+21,4975354715704807.0
4204.204204204205,2713.379075804495,0.05000000155717239,280.0,3.7599144521457356e+20,9.302094337005687e-22,560184.8999124193,0.5663305692329295,1,1,1,1.9196360096293254e+22,0.00014713392755114847,2.1503287719041253e+21,4974689847655390.0
4304.304304304304,2711.3166728474594,0.05000000158962102,280.0,3.7411430760952463e+20,9.300326240109897e-22,560078.4226883963,0.5653360552945242,1,1,1,1.919630502752444e+22,0.0001471339697596556,2.1455858955546303e+21,4974021732900234.0
4404.404404404405,2709.2542698904235,0.050000001622745815,280.0,3.722465416155406e+20,9.29855713422948e-22,559971.8847019331,0.5643432604222105,1,1,1,1.9196250068893133e+22,0.00014713401188387858,2.1408438553849454e+21,4973350356035157.0
4504.504504504504,2707.1918669333877,0.05000000165656088,280.0,3.703881004448454e+20,9.296787018019907e-22,559865.2858720601,0.5633521814673415,1,1,1,1.9196195220179055e+22,0.00014713405392398539,2.1361026726245502e+21,4972675701587422.0
4604.604604604605,2705.129463976352,0.050000001691080584,280.0,3.6853893754325094e+20,9.295015890133834e-22,559758.6261176385,0.5623628152858777,1,1,1,1.9196140481162368e+22,0.00014713409588014374,2.1313623684770793e+21,4971997754015479.0
4704.704704704705,2703.067061019316,0.05000000172631962,280.0,3.66699006588991e+20,9.29324374922108e-22,559651.9053573584,0.5613751587383738,1,1,1,1.919608585162368e+22,0.00014713413775252102,2.1266229641200722e+21,4971316497708702.0
4804.804804804805,2701.00465806228,0.05000000176229297,280.0,3.6486826149156074e+20,9.291470593928647e-22,559545.1235097407,0.5603892086899637,1,1,1,1.9196031331344035e+22,0.00014713417954128423,2.1218844807047262e+21,4970631916987134.0
4904.904904904905,2698.9422551052444,0.05000000179901593,280.0,3.6304665639056225e+20,9.289696422900685e-22,559438.2804931339,0.5594049620103468,1,1,1,1.9195976920104916e+22,0.00014713422124660016,2.1171469393556509e+21,4969943996101223.0
5005.005005005005,2696.8798521482086,0.05000000183650414,280.0,3.612341456545558e+20,9.287921234778493e-22,559331.3762257154,0.5584224155737757,1,1,1,1.9195922617688243e+22,0.00014713426286863508,2.1124103611706253e+21,4969252719231564.0
5105.105105105105,2694.8174491911727,0.050000001874773534,280.0,3.594306838799164e+20,9.286145028200508e-22,559224.4106254898,0.5574415662590401,1,1,1,1.919586842387637e+22,0.0001471343044075551,2.1076747672203575e+21,4968558070488635.0
5205.205205205206,2692.755046234137,0.050000001913840394,280.0,3.5763622588969694e+20,9.284367801802316e-22,559117.3836102904,0.5564624109494545,1,1,1,1.9195814338452085e+22,0.00014713434586352593,2.1029401785482454e+21,4967860033912539.0
5305.305305305305,2690.692643277101,0.05000000195372133,280.0,3.558507267324961e+20,9.282589554216614e-22,559010.2950977762,0.5554849465328433,1,1,1,1.9195760361198615e+22,0.0001471343872367129,2.098206616170141e+21,4967158593472738.0
5405.405405405406,2688.6302403200652,0.050000001994433316,280.0,3.540741416813326e+20,9.280810284073228e-22,558903.1450054337,0.5545091699015282,1,1,1,1.919570649189962e+22,0.0001471344285272812,2.0934741010741157e+21,4966453733067794.0
5505.505505505506,2686.5678373630294,0.05000000203599367,280.0,3.523064262325245e+20,9.279029989999076e-22,558795.9332505737,0.5535350779523126,1,1,1,1.9195652730339184e+22,0.00014713446973539537,2.088742654220229e+21,4965745436525103.0
5605.605605605606,2684.5054344059936,0.05000000207842006,280.0,3.505475361045748e+20,9.277248670618194e-22,558688.6597503339,0.552562667586469,1,1,1,1.919559907630184e+22,0.00014713451086121996,2.0840122965402984e+21,4965033687600635.0
5705.705705705706,2682.4430314489578,0.05000000212173054,280.0,3.487974272370615e+20,9.275466324551701e-22,558581.3244216761,0.5515919357097242,1,1,1,1.9195545529572536e+22,0.000147134551904919,2.079283048937673e+21,4964318469978666.0
5805.805805805806,2680.380628491922,0.05000000216594353,280.0,3.4705605578953464e+20,9.273682950417796e-22,558473.9271813865,0.5506228792322461,1,1,1,1.9195492089936656e+22,0.00014713459286665623,2.0745549322870066e+21,4963599767271519.0
5905.905905905906,2678.318225534886,0.05000000221107784,280.0,3.4532337814041756e+20,9.271898546831764e-22,558366.4679460756,0.5496554950686291,1,1,1,1.9195438757180015e+22,0.00014713463374659507,2.069827967434037e+21,4962877563019294.0
6006.006006006007,2676.2558225778503,0.05000000225715266,280.0,3.435993508859145e+20,9.27011311240595e-22,558258.9466321769,0.54868978013788,1,1,1,1.9195385531088853e+22,0.00014713467454489863,2.0651021751953635e+21,4962151840689606.0
6106.106106106106,2674.1934196208144,0.05000000230418761,280.0,3.418839308389231e+20,9.26832664574976e-22,558151.3631559468,0.5477257313634051,1,1,1,1.9195332411449844e+22,0.00014713471526172966,2.06037757635823e+21,4961422583677320.0
6206.206206206207,2672.1310166637786,0.050000002352202665,280.0,3.4017707502795253e+20,9.26653914546965e-22,558043.7174334645,0.5467633456729947,1,1,1,1.919527939805008e+22,0.00014713475589725063,2.0556541916803086e+21,4960689775304284.0
6306.306306306306,2670.068613706743,0.050000002401218276,280.0,3.384787406960474e+20,9.26475061016911e-22,557936.0093806298,0.5458026199988102,1,1,1,1.9195226490677083e+22,0.00014713479645162366,2.0509320418894852e+21,4959953398819062.0
6406.406406406407,2668.006210749707,0.050000002451255285,280.0,3.3678888529971636e+20,9.262961038448677e-22,557828.2389131654,0.5448435512773696,1,1,1,1.9195173689118796e+22,0.00014713483692501057,2.0462111476836488e+21,4959213437396669.0
6506.506506506507,2665.943807792671,0.05000000250233497,280.0,3.3510746650786634e+20,9.261170428905891e-22,557720.4059466133,0.5438861364495332,1,1,1,1.9195120993163597e+22,0.00014713487731757283,2.0414915297304822e+21,4958469874138304.0
6606.606606606607,2663.8814048356353,0.05000000255447906,280.0,3.3343444220074256e+20,9.259378780135338e-22,557612.5103963373,0.5429303724604898,1,1,1,1.9195068402600272e+22,0.00014713491762947159,2.0367732086672552e+21,4957722692071081.0
6706.706706706707,2661.8190018785995,0.05000000260770974,280.0,3.317697704688728e+20,9.257586090728578e-22,557504.5521775193,0.5419762562597432,1,1,1,1.919501591721804e+22,0.0001471349578608677,2.0320562051006194e+21,4956971874147763.0
6806.806806806807,2659.7565989215636,0.05000000266204965,280.0,3.301134096120183e+20,9.255792359274196e-22,557396.5312051619,0.5410237848010966,1,1,1,1.9194963536806544e+22,0.0001471349980119217,2.0273405396064068e+21,4956217403246493.0
6906.906906906907,2657.694195964528,0.050000002717521905,280.0,3.2846531813812843e+20,9.253997584357748e-22,557288.4473940856,0.5400729550426402,1,1,1,1.919491126115584e+22,0.00014713503808279376,2.0226262327294293e+21,4955459262170526.0
7007.007007007008,2655.631793007492,0.0500000027741501,280.0,3.268254547623019e+20,9.252201764561777e-22,557180.3006589288,0.5391237639467357,1,1,1,1.91948590900564e+22,0.0001471350780736438,2.0179133049832819e+21,4954697433647961.0
7107.107107107107,2653.569390050456,0.05000000283195832,280.0,3.251937784057523e+20,9.250404898465807e-22,557072.0909141488,0.538176208480003,1,1,1,1.9194807023299134e+22,0.0001471351179846314,2.0132017768501462e+21,4953931900331471.0
7207.207207207208,2651.5069870934203,0.05000000289097117,280.0,3.235702481947789e+20,9.248606984646307e-22,556963.8180740186,0.5372302856133055,1,1,1,1.919475506067535e+22,0.00014713515781591575,2.0084916687805982e+21,4953162644798033.0
7307.307307307307,2649.4445841363845,0.05000000295121373,280.0,3.219548234597433e+20,9.246808021676713e-22,556855.4820526283,0.5362859923217361,1,1,1,1.919470320197678e+22,0.0001471351975676558,2.0037830011934175e+21,4952389649548659.0
7407.407407407408,2647.3821811793487,0.05000000301271163,280.0,3.203474637340498e+20,9.245008008127405e-22,556747.0827638843,0.5353433255846035,1,1,1,1.9194651446995577e+22,0.00014713523724001017,1.999075794475399e+21,4951612897008128.0
7507.507507507508,2645.319778222313,0.050000003075491045,280.0,3.1874812875313263e+20,9.243206942565692e-22,556638.6201215083,0.5344022823854171,1,1,1,1.9194599795524305e+22,0.0001471352768331372,1.9943700689811672e+21,4950832369524712.0
7607.607607607608,2643.257375265277,0.05000000313957866,280.0,3.171567784534469e+20,9.241404823555822e-22,556530.0940390369,0.533462859711873,1,1,1,1.9194548247355944e+22,0.0001471353163471948,1.9896658450329919e+21,4950048049369907.0
7707.707707707708,2641.194972308241,0.05000000320500175,280.0,3.155733729714647e+20,9.239601649658953e-22,556421.5044298212,0.5325250545558402,1,1,1,1.919449680228389e+22,0.00014713535578234074,1.9849631429206076e+21,4949259918738164.0
7807.807807807809,2639.1325693512053,0.050000003271788135,280.0,3.1399787264267715e+20,9.237797419433155e-22,556312.8512070263,0.5315888639133464,1,1,1,1.919444546010195e+22,0.0001471353951387323,1.9802619829010343e+21,4948467959746616.0
7907.907907907908,2637.0701663941695,0.05000000333996623,280.0,3.124302380006002e+20,9.235992131433395e-22,556204.1342836303,0.5306542847845626,1,1,1,1.919439422060434e+22,0.00014713543441652655,1.9755623851984007e+21,4947672154434806.0
8008.008008008009,2635.0077634371337,0.05000000340956503,280.0,3.108704297757864e+20,9.234185784211535e-22,556095.3535724244,0.5297213141737902,1,1,1,1.91943430835857e+22,0.00014713547361588022,1.9708643700037703e+21,4946872484764416.0
8108.108108108108,2632.945360480098,0.05000000348061414,280.0,3.0931840889484096e+20,9.232378376316322e-22,555986.5089860118,0.5287899490894454,1,1,1,1.9194292048841062e+22,0.00014713551273694975,1.9661679574749694e+21,4946068932618997.0
8208.208208208209,2630.882957523062,0.05000000355314378,280.0,3.077741364794431e+20,9.230569906293366e-22,555877.6004368077,0.5278601865440468,1,1,1,1.9194241116165884e+22,0.00014713555177989123,1.9614731677364176e+21,4945261479803694.0
8308.30830830831,2628.820554566026,0.05000000362718481,280.0,3.0623757384537224e+20,9.228760372685152e-22,555768.627837038,0.526932023554198,1,1,1,1.9194190285356025e+22,0.0001471355907448605,1.9567800208789608e+21,4944450108044975.0
8408.40840840841,2626.7581516089904,0.05000000370276872,280.0,3.047086825015385e+20,9.226949774031014e-22,555659.5910987399,0.526005457140576,1,1,1,1.9194139556207758e+22,0.000147135629632013,1.9520885369597062e+21,4943634798990358.0
8508.508508508508,2624.6957486519545,0.050000003779927665,280.0,3.03187424149019e+20,9.22513810886713e-22,555550.4901337596,0.5250804843279158,1,1,1,1.9194088928517758e+22,0.00014713566844150395,1.9473987360018598e+21,4942815534208140.0
8608.608608608609,2622.6333456949187,0.05000000385869446,280.0,3.0167376068009814e+20,9.223325375726514e-22,555441.3248537532,0.5241571021449957,1,1,1,1.919403840208311e+22,0.00014713570717348818,1.942710637994567e+21,4941992295187121.0
8708.70870870871,2620.570942737883,0.0500000039391026,280.0,3.0016765417731326e+20,9.221511573139012e-22,555332.0951701864,0.5232353076246229,1,1,1,1.91939879767013e+22,0.00014713574582812033,1.938024262892754e+21,4941165063336332.0
8808.80880880881,2618.508539780847,0.05000000402118631,280.0,2.9866906691250455e+20,9.21969669963128e-22,555222.800994332,0.5223150978036198,1,1,1,1.9193937652170222e+22,0.00014713578440555454,1.9333396306169731e+21,4940333819984764.0
8908.90890890891,2616.4461368238112,0.05000000410498049,280.0,2.971779613458702e+20,9.217880753726788e-22,555113.4422372715,0.5213964697228085,1,1,1,1.9193887428288182e+22,0.0001471358229059449,1.9286567610532503e+21,4939498546381091.0
9009.009009009009,2614.3837338667754,0.05000000419052079,280.0,2.956943001250257e+20,9.216063733945797e-22,555004.018809893,0.5204794204269974,1,1,1,1.9193837304853876e+22,0.00014713586132944495,1.9239756740529336e+21,4938659223693397.0
9109.10910910911,2612.3213309097396,0.050000004277843596,280.0,2.9421804608406864e+20,9.214245638805369e-22,554894.5306228918,0.5195639469649651,1,1,1,1.919378728166641e+22,0.00014713589967620808,1.9192963894325454e+21,4937815833008905.0
9209.20920920921,2610.2589279527037,0.050000004366986046,280.0,2.9274916224264703e+20,9.212426466819336e-22,554784.9775867691,0.518650046389448,1,1,1,1.919373735852529e+22,0.00014713593794638726,1.9146189269736374e+21,4936968355333700.0
9309.30930930931,2608.196524995668,0.05000000445798606,280.0,2.9128761180503363e+20,9.210606216498295e-22,554675.3596118308,0.5177377157571237,1,1,1,1.9193687535230424e+22,0.0001471359761401353,1.9099433064226462e+21,4936116771592456.0
9409.40940940941,2606.134122038632,0.050000004550882354,280.0,2.898333581592038e+20,9.20878488634962e-22,554565.6766081889,0.5168269521285979,1,1,1,1.9193637811582117e+22,0.00014713601425760464,1.905269547490753e+21,4935261062628162.0
9509.50950950951,2604.0717190815963,0.050000004645714434,280.0,2.8838636487591834e+20,9.206962474877419e-22,554455.9284857588,0.5159177525683888,1,1,1,1.919358818738108e+22,0.0001471360522989473,1.9005976698537454e+21,4934401209201847.0
9609.60960960961,2602.0093161245604,0.05000000474252264,280.0,2.8694659570781133e+20,9.205138980582549e-22,554346.11515426,0.5150101141449134,1,1,1,1.919353866242842e+22,0.00014713609026431522,1.8959276931518796e+21,4933537191992306.0
9709.70970970971,2599.9469131675246,0.05000000484134815,280.0,2.855140145884815e+20,9.203314401962601e-22,554236.2365232154,0.5141040339304718,1,1,1,1.9193489236525633e+22,0.00014713612815385983,1.8912596369897483e+21,4932668991595825.0
9809.80980980981,2597.8845102104888,0.05000000494223301,280.0,2.8408858563158947e+20,9.20148873751188e-22,554126.29250195,0.5131995090012337,1,1,1,1.9193439909474623e+22,0.00014713616596773236,1.886593520936149e+21,4931796588525908.0
9909.909909909911,2595.822107253453,0.050000005045220126,280.0,2.826702731299582e+20,9.19966198572141e-22,554016.2829995912,0.5122965364372227,1,1,1,1.919339068107769e+22,0.00014713620370608373,1.8819293645239545e+21,4930919963213001.0
10010.01001001001,2593.759704296417,0.0500000051503533,280.0,2.8125904155467894e+20,9.197834145078912e-22,553906.2079250673,0.5113951133223024,1,1,1,1.9193341551137524e+22,0.00014713624136906465,1.8772671872499864e+21,4930039096004217.0
10110.11011011011,2591.6973013393813,0.05000000525767726,280.0,2.7985485555422082e+20,9.1960052140688e-22,553796.0671871079,0.510495236744161,1,1,1,1.9193292519457207e+22,0.0001471362789568253,1.8726070085748916e+21,4929153967163062.0
10210.21021021021,2589.6348983823455,0.05000000536723766,280.0,2.7845767995354572e+20,9.194175191172174e-22,553685.8606942425,0.509596903794297,1,1,1,1.9193243585840226e+22,0.0001471363164695158,1.8679488479230196e+21,4928264556869161.0
10310.310310310311,2587.5724954253096,0.05000000547908109,280.0,2.7706747975322678e+20,9.192344074866801e-22,553575.5883548004,0.5087001115680043,1,1,1,1.9193194750090454e+22,0.0001471363539072858,1.863292724682304e+21,4927370845217981.0
10410.410410410412,2585.510092468274,0.05000000559325514,280.0,2.7568422012857198e+20,9.190511863627115e-22,553465.2500769097,0.5078048571643577,1,1,1,1.919314601201215e+22,0.00014713639127028472,1.858638658204145e+21,4926472812220558.0
10510.51051051051,2583.447689511238,0.050000005709808365,280.0,2.743078664287515e+20,9.1886785559242e-22,553354.8457684971,0.5069111376861973,1,1,1,1.919309737140998e+22,0.00014713642855866175,1.853986667803295e+21,4925570437803223.0
10610.61061061061,2581.385286554202,0.05000000582879035,280.0,2.7293838417592975e+20,9.186844150225782e-22,553244.3753372869,0.5060189502401142,1,1,1,1.919304882808899e+22,0.0001471364657725657,1.8493367727577464e+21,4924663701807325.0
10710.710710710711,2579.3228835971663,0.0500000059502517,280.0,2.715757390644019e+20,9.185008644996228e-22,553133.838690801,0.5051282919364362,1,1,1,1.919300038185461e+22,0.00014713650291214506,1.844688992308622e+21,4923752583988958.0
10810.810810810812,2577.2604806401305,0.050000006074244076,280.0,2.7021989695973425e+20,9.18317203869651e-22,553023.2357363575,0.5042391598892115,1,1,1,1.9192952032512675e+22,0.00014713653997754808,1.840043345660068e+21,4922837064018685.0
10910.910910910912,2575.1980776830947,0.050000006200820235,280.0,2.6887082389790936e+20,9.181334329784227e-22,552912.5663810705,0.5033515512161955,1,1,1,1.91929037798694e+22,0.00014713657696892275,1.835399851979148e+21,4921917121481266.0
11011.011011011013,2573.135674726059,0.05000000633003401,280.0,2.6752848608447522e+20,9.179495516713576e-22,552801.8305318496,0.5024654630388341,1,1,1,1.919285562373138e+22,0.00014713661388641666,1.8307585303957421e+21,4920992735875379.0
11111.111111111111,2571.073271769023,0.05000000646194036,280.0,2.6619284989369863e+20,9.177655597935338e-22,552691.0280953989,0.5015808924822502,1,1,1,1.9192807563905615e+22,0.0001471366507301772,1.8261194000024456e+21,4920063886613351.0
11211.211211211212,2569.010868811987,0.0500000065965954,280.0,2.6486388186772282e+20,9.17581457189689e-22,552580.1589782174,0.500697836675228,1,1,1,1.9192759600199477e+22,0.00014713668750035143,1.8214824798544713e+21,4919130553020880.0
11311.311311311312,2566.9484658549513,0.050000006734056406,280.0,2.6354154871572942e+20,9.173972437042173e-22,552469.2230865967,0.4998162927501982,1,1,1,1.9192711732420724e+22,0.00014713672419708608,1.8168477889695557e+21,4918192714336762.0
11411.411411411413,2564.8860628979155,0.050000006874381844,280.0,2.622258173131045e+20,9.172129191811688e-22,552358.2203266219,0.4989362578432226,1,1,1,1.9192663960377505e+22,0.00014713676082052767,1.812215346327864e+21,4917250349712616.0
11511.511511511513,2562.8236599408797,0.050000007017631416,280.0,2.6091665470060878e+20,9.170284834642476e-22,552247.1506041695,0.4980577290939797,1,1,1,1.9192616283878346e+22,0.00014713679737082236,1.8075851708719017e+21,4916303438212612.0
11611.611611611612,2560.761256983844,0.05000000716386604,280.0,2.596140280835522e+20,9.168439363968142e-22,552136.0138249089,0.4971807036457491,1,1,1,1.9192568702732163e+22,0.00014713683384811607,1.8029572815064256e+21,4915351958813195.0
11711.711711711712,2558.698854026808,0.05000000731314793,280.0,2.583179048309719e+20,9.166592778218808e-22,552024.8098943,0.4963051786453968,1,1,1,1.919252121674825e+22,0.0001471368702525544,1.798331697098358e+21,4914395890402813.0
11811.811811811813,2556.636451069772,0.050000007465540584,280.0,2.5702825247481538e+20,9.164745075821104e-22,551913.5387175921,0.4954311512433597,1,1,1,1.919247382573628e+22,0.0001471369065842826,1.7937084364767043e+21,4913435211781644.0
11911.911911911913,2554.5740481127364,0.050000007621108816,280.0,2.5574503870912676e+20,9.162896255198191e-22,551802.200199826,0.49455861859363026,1,1,1,1.9192426529506307e+22,0.00014713694284344575,1.7890875184324718e+21,4912469901661321.0
12012.012012012014,2552.5116451557005,0.05000000777991881,280.0,2.5446823138923774e+20,9.161046314769707e-22,551690.7942458302,0.493687577853742,1,1,1,1.9192379327868773e+22,0.00014713697903018865,1.784468961718591e+21,4911499938664661.0
12112.112112112112,2550.4492421986647,0.05000000794203811,280.0,2.531977985309624e+20,9.159195252951799e-22,551579.3207602225,0.4928180261847542,1,1,1,1.919233222063449e+22,0.00014713701514465564,1.7798527850498406e+21,4910525301325390.0
12212.212212212213,2548.386839241629,0.05000000810753569,280.0,2.519337083097957e+20,9.157343068157067e-22,551467.7796474079,0.49194996075123587,1,1,1,1.9192285207614653e+22,0.00014713705118699096,1.7752390071027735e+21,4909545968087873.0
12312.312312312313,2546.324436284593,0.05000000827648193,280.0,2.5067592906011656e+20,9.155489758794591e-22,551356.1708115789,0.49108337872125124,1,1,1,1.919223828862083e+22,0.00014713708715733843,1.7706276465156453e+21,4908561917306840.0
12412.412412412414,2544.262033327557,0.0500000084489487,280.0,2.4942442927439456e+20,9.15363532326991e-22,551244.4941567146,0.4902182772663442,1,1,1,1.919219146346497e+22,0.00014713712305584168,1.7660187218883463e+21,4907573127247115.0
12512.512512512514,2542.1996303705214,0.05000000862500937,280.0,2.481791776024007e+20,9.151779759984996e-22,551132.7495865801,0.4893546535615231,1,1,1,1.9192144731959403e+22,0.000147137158882644,1.7614122517823354e+21,4906579576083343.0
12612.612612612613,2540.1372274134856,0.05000000880473882,280.0,2.469401428504219e+20,9.149923067338267e-22,551020.9370047254,0.4884925047852451,1,1,1,1.9192098093916823e+22,0.00014713719463788836,1.7568082547205753e+21,4905581241899722.0
12712.712712712713,2538.0748244564497,0.0500000089882135,280.0,2.457072939804798e+20,9.14806524372455e-22,550909.0563144851,0.4876318281194014,1,1,1,1.919205154915031e+22,0.00014713723032171757,1.7522067491874718e+21,4904578102689727.0
12812.812812812814,2536.012421499414,0.05000000917551146,280.0,2.4448060010955312e+20,9.146206287535097e-22,550797.107418978,0.4867726207493014,1,1,1,1.9192005097473305e+22,0.00014713726593427404,1.7476077536288152e+21,4903570136355845.0
12912.912912912914,2533.950018542378,0.05000000936671237,280.0,2.4326003050880415e+20,9.144346197157554e-22,550685.0902211061,0.485914879863657,1,1,1,1.9191958738699633e+22,0.00014713730147569997,1.7430112864517224e+21,4902557320709300.0
13013.013013013015,2531.8876155853422,0.050000009561897554,280.0,2.4204555460280887e+20,9.142484970975956e-22,550573.0046235536,0.48505860265456785,1,1,1,1.9191912472643486e+22,0.0001471373369461372,1.7384173660245842e+21,4901539633469785.0
13113.113113113113,2529.8252126283064,0.05000000976115004,280.0,2.4083714196879118e+20,9.140622607370723e-22,550460.8505287872,0.4842037863175053,1,1,1,1.9191866299119433e+22,0.00014713737234572734,1.7338260106770126e+21,4900517052265193.0
13213.213213213214,2527.7628096712706,0.05000000996455459,280.0,2.396347623358606e+20,9.138759104718636e-22,550348.6278390546,0.4833504280512974,1,1,1,1.9191820217942406e+22,0.00014713740767461172,1.7292372386997917e+21,4899489554631348.0
13313.313313313314,2525.7004067142348,0.05000001017219771,280.0,2.384383855842542e+20,9.136894461392841e-22,550236.3364563842,0.48249852505811247,1,1,1,1.919177422892771e+22,0.0001471374429329314,1.7246510683448308e+21,4898457118011735.0
13413.413413413415,2523.638003757199,0.05000001038416774,280.0,2.3724798174458187e+20,9.135028675762826e-22,550123.9762825844,0.4816480745434447,1,1,1,1.9191728331891023e+22,0.0001471374781208271,1.72006751782512e+21,4897419719757232.0
13513.513513513515,2521.575600800163,0.05000001060055483,280.0,2.360635209970758e+20,9.133161746194404e-22,550011.5472192422,0.48079907371609776,1,1,1,1.919168252664839e+22,0.00014713751323843928,1.715486605314688e+21,4896377337125845.0
13613.613613613614,2519.5131978431273,0.050000010821451044,280.0,2.348849736708435e+20,9.131293671049728e-22,549899.0491677243,0.479951519788169,1,1,1,1.9191636813016222e+22,0.00014713754828590822,1.7109083489485626e+21,4895329947282437.0
13713.713713713714,2517.4507948860914,0.05000001104695033,280.0,2.3371231024312412e+20,9.129424448687247e-22,549786.4820291741,0.4791054099750348,1,1,1,1.91915911908113e+22,0.00014713758326337378,1.7063327668227327e+21,4894277527298464.0
13813.813813813815,2515.3883919290556,0.0500000112771486,280.0,2.325455013385495e+20,9.127554077461725e-22,549673.8457045133,0.47826074149533376,1,1,1,1.919154565985077e+22,0.00014713761817097563,1.7017598769941145e+21,4893220054151707.0
13913.913913913915,2513.32598897202,0.05000001151214379,280.0,2.3138451772840795e+20,9.125682555724208e-22,549561.1400944396,0.47741751157095164,1,1,1,1.919150021995214e+22,0.00014713765300885308,1.6971896974805185e+21,4892157504726008.0
14014.014014014016,2511.263586014984,0.05000001175203585,280.0,2.302293303299121e+20,9.123809881822017e-22,549448.3650994266,0.4765757174270052,1,1,1,1.9191454870933288e+22,0.00014713768777714528,1.6926222462606193e+21,4891089855811003.0
14114.114114114114,2509.201183057948,0.050000011996926816,280.0,2.290799102054705e+20,9.121936054098744e-22,549335.5206197228,0.4757353562918273,1,1,1,1.9191409612612453e+22,0.000147137722475991,1.6880575412739283e+21,4890017084101860.0
14214.214214214215,2507.1387801009123,0.05000001224692087,280.0,2.2793622856196257e+20,9.120061070894233e-22,549222.6065553515,0.4748964253969493,1,1,1,1.9191364444808242e+22,0.00014713775710552878,1.6834956004207682e+21,4888939166199014.0
14314.314314314315,2505.0763771438765,0.05000001250212434,280.0,2.2679825675001745e+20,9.118184930544575e-22,549109.6228061097,0.47405892197708754,1,1,1,1.919131936733962e+22,0.00014713779166589688,1.6789364415622503e+21,4887856078607902.0
14414.414414414416,2503.0139741868406,0.05000001276264578,280.0,2.2566596626329626e+20,9.11630763138209e-22,548996.5692715677,0.4732228432701255,1,1,1,1.919127438002592e+22,0.0001471378261572333,1.6743800825202543e+21,4886767797738703.0
14514.514514514516,2500.951571229805,0.050000013028596024,280.0,2.245393287377781e+20,9.114429171735318e-22,548883.4458510677,0.47238818651709874,1,1,1,1.9191229482686833e+22,0.00014713786057967573,1.6698265410774098e+21,4885674299906075.0
14614.614614614615,2498.889168272769,0.05000001330008817,280.0,2.234183159510494e+20,9.112549549929006e-22,548770.2524437235,0.4715549489621792,1,1,1,1.9191184675142403e+22,0.0001471378949333616,1.665275834977081e+21,4884575561328894.0
14714.714714714715,2496.826765315733,0.050000013577237726,280.0,2.223028998215971e+20,9.110668764284107e-22,548656.9889484209,0.4707231278526587,1,1,1,1.9191139957213044e+22,0.00014713792921842807,1.660727981923354e+21,4883471558129992.0
14814.814814814816,2494.7643623586973,0.050000013860162576,280.0,2.2119305240810498e+20,9.108786813117738e-22,548543.6552638141,0.4698927204389332,1,1,1,1.919109532871953e+22,0.00014713796343501206,1.6561829995810246e+21,4882362266335901.0
14914.914914914916,2492.7019594016615,0.05000001414898306,280.0,2.20088745908754e+20,9.106903694743212e-22,548430.2512883287,0.4690637239744866,1,1,1,1.9191050789482987e+22,0.00014713799758325012,1.6516409055755916e+21,4881247661876589.0
15015.015015015017,2490.6395564446257,0.05000001444382203,280.0,2.1898995266052565e+20,9.10501940746999e-22,548316.776920158,0.46823613571587497,1,1,1,1.91910063393249e+22,0.00014713803166327866,1.6471017174932495e+21,4880127720585205.0
15115.115115115117,2488.57715348759,0.05000001474480491,280.0,2.178966451385091e+20,9.103133949603684e-22,548203.2320572635,0.46740995292271015,1,1,1,1.919096197806711e+22,0.00014713806567523372,1.6425654528808853e+21,4879002418197821.0
15215.215215215216,2486.514750530554,0.05000001505205972,280.0,2.1680879595521167e+20,9.101247319446053e-22,548089.6165973751,0.4665851728576436,1,1,1,1.9190917705531826e+22,0.0001471380996192511,1.638032129246078e+21,4877871730353175.0
15315.315315315316,2484.452347573518,0.05000001536571716,280.0,2.1572637785987265e+20,9.099359515294958e-22,547975.9304379876,0.4657617927863506,1,1,1,1.9190873521541595e+22,0.00014713813349546634,1.6335017640570984e+21,4876735632592416.0
15415.415415415417,2482.3899446164824,0.05000001568591065,280.0,2.1464936373778094e+20,9.097470535444396e-22,547862.1734763628,0.46493980997751383,1,1,1,1.919082942591933e+22,0.0001471381673040147,1.6289743747429142e+21,4875594100358847.0
15515.515515515517,2480.3275416594465,0.050000016012776385,280.0,2.1357772660959553e+20,9.09558037818446e-22,547748.3456095282,0.4641192217028068,1,1,1,1.9190785418488296e+22,0.00014713820104503118,1.624449978693195e+21,4874447108997672.0
15615.615615615618,2478.2651387024107,0.05000001634645341,280.0,2.1251143963066987e+20,9.093689041801323e-22,547634.4467342746,0.4633000252368781,1,1,1,1.919074149907211e+22,0.0001471382347186505,1.6199285932583205e+21,4873294633755744.0
15715.715715715716,2476.202735745375,0.050000016687083655,280.0,2.114504760903793e+20,9.091796524577241e-22,547520.476747157,0.462482217857335,1,1,1,1.919069766749474e+22,0.00014713826832500707,1.6154102357493924e+21,4872136649781312.0
15815.815815815817,2474.140332788339,0.05000001703481201,280.0,2.1039480941145198e+20,9.08990282479054e-22,547406.435544494,0.46166579684472664,1,1,1,1.9190653923580516e+22,0.0001471383018642351,1.6108949234382466e+21,4870973132123770.0
15915.915915915917,2472.077929831303,0.050000017389786384,280.0,2.0934441314930308e+20,9.088007940715585e-22,547292.3230223653,0.4608507594825285,1,1,1,1.9190610267154107e+22,0.0001471383353364686,1.606382673557469e+21,4869804055733404.0
16016.016016016018,2470.0155268742674,0.05000001775215778,280.0,2.0829926099137246e+20,9.086111870622785e-22,547178.1390766128,0.4600371030571252,1,1,1,1.9190566698040538e+22,0.0001471383687418411,1.6018735033004136e+21,4868629395461148.0
16116.116116116118,2467.9531239172316,0.05000001812208033,280.0,2.072593267564654e+20,9.084214612778588e-22,547063.8836028393,0.45922482485779437,1,1,1,1.919052321606518e+22,0.00014713840208048607,1.5973674298212226e+21,4867449126058332.0
16216.216216216217,2465.8907209601957,0.0500000184997114,280.0,2.0622458439409687e+20,9.082316165445437e-22,546949.556496407,0.4584139221766902,1,1,1,1.9190479821053765e+22,0.00014713843535253657,1.5928644702348496e+21,4866263222176434.0
16316.316316316317,2463.82831800316,0.050000018885211606,280.0,2.0519500798383882e+20,9.080416526881795e-22,546835.157652438,0.4576043923088269,1,1,1,1.919043651283236e+22,0.0001471384685581255,1.588364641617084e+21,4865071658366838.0
16416.416416416418,2461.765915046124,0.05000001927874493,280.0,2.0417057173467103e+20,9.078515695342106e-22,546720.6869658127,0.4567962325520624,1,1,1,1.9190393291227387e+22,0.00014713850169738549,1.5838679610045788e+21,4863874409080585.0
16516.516516516516,2459.7035120890882,0.05000001968047877,280.0,2.0315124998433502e+20,9.076613669076797e-22,546606.1443311692,0.4559894402070814,1,1,1,1.9190350156065615e+22,0.00014713853477044876,1.5793744453948812e+21,4862671448668131.0
16616.61661661662,2457.6411091320524,0.05000002009058401,280.0,2.0213701719869096e+20,9.074710446332242e-22,546491.5296429018,0.4551840125773783,1,1,1,1.9190307107174154e+22,0.00014713856777744748,1.5748841117464632e+21,4861462751379105.0
16716.716716716717,2455.5787061750166,0.0500000205092351,280.0,2.011278479710785e+20,9.072806025350794e-22,546376.8427951627,0.454379946969242,1,1,1,1.9190264144380467e+22,0.0001471386007185134,1.5703969769787585e+21,4860248291362066.0
16816.81681681682,2453.5163032179807,0.05000002093661011,280.0,2.0012371702167985e+20,9.070900404370731e-22,546262.0836818584,0.4535772406917376,1,1,1,1.9190221267512358e+22,0.00014713863359377808,1.5659130579721973e+21,4859028042664263.0
16916.916916916918,2451.453900260945,0.050000021372890835,280.0,1.9912459919688683e+20,9.068993581626253e-22,546147.25219665,0.45277589105669097,1,1,1,1.9190178476397976e+22,0.00014713866640337278,1.561432371568247e+21,4857801979231396.0
17017.017017017017,2449.391497303909,0.05000002181826285,280.0,1.9813046946867062e+20,9.067085555347473e-22,546032.3482329528,0.45197589537867083,1,1,1,1.9190135770865813e+22,0.00014713869914742854,1.556954934569454e+21,4856570074907380.0
17117.11711711712,2447.3290943468733,0.05000002227291561,280.0,1.971413029339549e+20,9.065176323760416e-22,545917.3716839352,0.45117725097497297,1,1,1,1.919009315074471e+22,0.0001471387318260761,1.5524807637394868e+21,4855332303434105.0
17217.217217217218,2445.2666913898374,0.0500000227370425,280.0,1.96157074813992e+20,9.063265885086989e-22,545802.3224425181,0.4503799551656027,1,1,1,1.919005061586384e+22,0.000147138764439446,1.548009875803184e+21,4854088638451204.0
17317.31731731732,2443.2042884328016,0.050000023210840946,280.0,1.951777604537421e+20,9.061354237544972e-22,545687.2004013738,0.4495840052732583,1,1,1,1.9190008166052725e+22,0.00014713879698766843,1.5435422874466022e+21,4852839053495818.0
17417.41741741742,2441.141885475766,0.05000002369451249,280.0,1.9420333532125574e+20,9.059441379348003e-22,545572.0054529251,0.44878939862331413,1,1,1,1.9189965801141224e+22,0.00014713882947087336,1.5390780153170677e+21,4851583522002364.0
17517.517517517517,2439.07948251873,0.05000002418826286,280.0,1.9323377500705915e+20,9.057527308705575e-22,545456.7374893454,0.4479961325438033,1,1,1,1.918992352095954e+22,0.00014713886188919055,1.53461707602323e+21,4850322017302302.0
17617.61761761762,2437.017079561694,0.05000002469230209,280.0,1.92269055223543e+20,9.055612023823015e-22,545341.3964025567,0.44720420436540126,1,1,1,1.9189881325338214e+22,0.00014713889424274943,1.5301594861351175e+21,4849054512623909.0
17717.71771771772,2434.9546766046583,0.05000002520684457,280.0,1.9130915180435384e+20,9.05369552290147e-22,545225.9820842298,0.4464136114214082,1,1,1,1.9189839214108125e+22,0.00014713892653167923,1.5257052621841973e+21,4847780981092047.0
17817.81781781782,2432.8922736476225,0.05000002573210918,280.0,1.9035404070378868e+20,9.051777804137894e-22,545110.4944257828,0.44562435104773235,1,1,1,1.918979718710049e+22,0.00014713895875610887,1.5212544206634337e+21,4846501395727940.0
17917.91791791792,2430.8298706905866,0.05000002626831935,280.0,1.894036979961928e+20,9.049858865725044e-22,544994.9333183811,0.4448364205828728,1,1,1,1.918975524414687e+22,0.00014713899091616707,1.5168069780273538e+21,4845215729448946.0
18018.018018018018,2428.767467733551,0.050000026815703154,280.0,1.884580998753603e+20,9.04793870585145e-22,544879.2986529352,0.44404981736790233,1,1,1,1.918971338507915e+22,0.00014713902301198225,1.5123629506921109e+21,4843923955068336.0
18118.11811811812,2426.705064776515,0.05000002737449344,280.0,1.875172226539378e+20,9.046017322701411e-22,544763.5903201014,0.44326453874644994,1,1,1,1.9189671609729563e+22,0.00014713905504368255,1.5079223550355537e+21,4842626045295070.0
18218.21821821822,2424.642661819479,0.05000002794492789,280.0,1.865810427628311e+20,9.044094714454992e-22,544647.8082102805,0.4424805820646842,1,1,1,1.918962991793067e+22,0.00014713908701139596,1.5034852073972962e+21,4841321972733577.0
18318.31831831832,2422.5802588624433,0.050000028527249156,280.0,1.8564953675061454e+20,9.042170879287984e-22,544531.9522136163,0.4416979446712956,1,1,1,1.9189588309515377e+22,0.0001471391189152501,1.4990515240787902e+21,4840011709883537.0
18418.41841841842,2420.5178559054075,0.05000002912170493,280.0,1.8472268128294394e+20,9.040245815371918e-22,544416.0222199959,0.44091662391747916,1,1,1,1.918954678431691e+22,0.0001471391507553724,1.4946213213434007e+21,4838695229139664.0
18518.51851851852,2418.4554529483717,0.05000002972854808,280.0,1.8380045314197176e+20,9.038319520874039e-22,544300.018119048,0.44013661715691765,1,1,1,1.918950534216884e+22,0.00014713918253189004,1.4901946154164824e+21,4837372502791492.0
18618.61861861862,2416.393049991336,0.05000003034803673,280.0,1.8288282922576554e+20,9.036391993957284e-22,544183.9398001423,0.4393579217457631,1,1,1,1.9189463982905066e+22,0.0001471392142449299,1.48577142248546e+21,4836043503023158.0
18718.71871871872,2414.3306470343,0.050000030980434394,280.0,1.8196978654772927e+20,9.034463232780276e-22,544067.7871523887,0.4385805350426207,1,1,1,1.918942270635982e+22,0.0001471392458946186,1.4813517586999107e+21,4834708201913193.0
18818.81881881882,2412.268244077264,0.05000003162601007,280.0,1.810613022360276e+20,9.03253323549732e-22,543951.5600646369,0.4378044544085304,1,1,1,1.918938151236766e+22,0.00014713927748108261,1.476935640171647e+21,4833366571434312.0
18918.91891891892,2410.2058411202283,0.05000003228503836,280.0,1.8015735353301277e+20,9.030602000258387e-22,543835.2584254752,0.43702967720694996,1,1,1,1.918934040076349e+22,0.00014713930900444808,1.4725230829748064e+21,4832018583453204.0
19019.01901901902,2408.1434381631925,0.050000032957799596,280.0,1.7925791779465465e+20,9.02866952520907e-22,543718.8821232292,0.43625620080373695,1,1,1,1.918929937138253e+22,0.00014713934046484085,1.468114103145937e+21,4830664209730329.0
19119.11911911912,2406.0810352061567,0.05000003364457995,280.0,1.783629724899733e+20,9.02673580849061e-22,543602.4310459616,0.4354840225671312,1,1,1,1.9189258424060333e+22,0.00014713937186238663,1.4637087166840919e+21,4829303421919712.0
19219.21921921922,2404.018632249121,0.05000003434567155,280.0,1.77472495200475e+20,9.024800848239858e-22,543485.905081471,0.43471313986773774,1,1,1,1.9189217558632782e+22,0.00014713940319721077,1.4593069395509217e+21,4827936191568739.0
19319.319319319322,2401.956229292085,0.05000003506137262,280.0,1.7658646361959e+20,9.022864642589274e-22,543369.3041172917,0.4339435500785083,1,1,1,1.918917677493609e+22,0.00014713943446943847,1.4549087876707705e+21,4826562490117959.0
19419.41941941942,2399.893826335049,0.05000003579198759,280.0,1.757048555521145e+20,9.020927189666904e-22,543252.6280406918,0.4331752505747246,1,1,1,1.9189136072806794e+22,0.0001471394656791946,1.4505142769307762e+21,4825182288900886.0
19519.51951951952,2397.8314233780134,0.050000036537827246,280.0,1.7482764891365405e+20,9.018988487596368e-22,543135.8767386734,0.43240823873397943,1,1,1,1.9189095452081763e+22,0.0001471394968266038,1.4461234231809695e+21,4823795559143800.0
19619.61961961962,2395.7690204209775,0.05000003729920883,280.0,1.7395482173007053e+20,9.017048534496844e-22,543019.0500979708,0.43164251193615977,1,1,1,1.9189054912598186e+22,0.0001471395279117905,1.4417362422343776e+21,4822402271965556.0
19719.71971971972,2393.7066174639417,0.05000003807645622,280.0,1.7308635213693193e+20,9.01510732848306e-22,542902.1480050501,0.4308780675634285,1,1,1,1.9189014454193583e+22,0.00014713955893487884,1.4373527498671312e+21,4821002398377391.0
19819.819819819822,2391.644214506906,0.050000038869900024,280.0,1.722222183789642e+20,9.013164867665279e-22,542785.1703461091,0.43011490300020655,1,1,1,1.9188974076705796e+22,0.0001471395898959927,1.4329729618185707e+21,4819595909282733.0
19919.91991991992,2389.58181154987,0.05000003967987775,280.0,1.7136239880950668e+20,9.01122115014927e-22,542668.1170070742,0.42935301563315537,1,1,1,1.9188933779972994e+22,0.00014713962079525582,1.4285968937913583e+21,4818182775477013.0
20020.02002002002,2387.519408592834,0.05000004050673392,280.0,1.7050687188996958e+20,9.009276174036312e-22,542550.9878736021,0.4285924028511584,1,1,1,1.9188893563833664e+22,0.00014713965163279155,1.4242245614515894e+21,4816762967647483.0
20120.120120120122,2385.4570056357984,0.05000004135082027,280.0,1.696556161892946e+20,9.00732993742318e-22,542433.7828310778,0.4278330620453036,1,1,1,1.9188853428126623e+22,0.00014713968240872308,1.4198559804289083e+21,4815336456373029.0
20220.22022022022,2383.3946026787626,0.05000004221249584,280.0,1.68808610383418e+20,9.0053824384021e-22,542316.5017646127,0.42707499060886484,1,1,1,1.9188813372691002e+22,0.00014713971312317335,1.415491166316626e+21,4813903212123992.0
20320.320320320323,2381.3321997217267,0.05000004309212715,280.0,1.6796583325473643e+20,9.003433675060784e-22,542199.1445590461,0.42631818593728427,1,1,1,1.9188773397366265e+22,0.000147139743776265,1.411130134671839e+21,4812463205261990.0
20420.42042042042,2379.269796764691,0.05000004399008837,280.0,1.6712726369157546e+20,9.001483645482361e-22,542081.7110989414,0.42556264542815403,1,1,1,1.918873350199219e+22,0.00014713977436812053,1.4067729010155525e+21,4811016406039741.0
20520.52052052052,2377.207393807655,0.05000004490676146,280.0,1.662928806876607e+20,8.999532347745408e-22,541964.2012685878,0.4248083664811979,1,1,1,1.918869368640887e+22,0.00014713980489886207,1.4024194808328044e+21,4809562784600889.0
20620.620620620623,2375.1449908506193,0.050000045842536346,280.0,1.654626633415916e+20,8.997579779923917e-22,541846.6149519986,0.4240553464982534,1,1,1,1.918865395045673e+22,0.0001471398353686116,1.398069889572792e+21,4808102310979834.0
20720.72072072072,2373.0825878935834,0.05000004679781107,280.0,1.6463659085631786e+20,8.995625940087267e-22,541728.952032909,0.4233035828832532,1,1,1,1.9188614293976512e+22,0.00014713986577749084,1.3937241426490022e+21,4806634955101563.0
20820.820820820823,2371.0201849365476,0.05000004777299196,280.0,1.6381464253861855e+20,8.99367082630023e-22,541611.212394777,0.4225530730422072,1,1,1,1.9188574716809265e+22,0.0001471398961256212,1.3893822554393417e+21,4805160686781483.0
20920.920920920922,2368.9577819795118,0.05000004876849385,280.0,1.6299679779858357e+20,8.99171443662294e-22,541493.3959207812,0.42180381438318354,1,1,1,1.918853521879637e+22,0.00014713992641312394,1.3850442432862728e+21,4803679475725260.0
21021.02102102102,2366.895379022476,0.05000004978474018,280.0,1.6218303614909796e+20,8.989756769110896e-22,541375.5024938211,0.42105580431629097,1,1,1,1.9188495799779515e+22,0.00014713995664012005,1.3807101214969475e+21,4802191291528654.0
21121.121121121123,2364.83297606544,0.050000050822163224,280.0,1.6137333720532877e+20,8.987797821814932e-22,541257.5319965151,0.42030904025366006,1,1,1,1.918845645960071e+22,0.00014713998680673023,1.3763799053433478e+21,4800696103677366.0
21221.22122122122,2362.7705731084043,0.050000051881204266,280.0,1.6056768068421432e+20,8.985837592781196e-22,541139.4843111997,0.4195635196094245,1,1,1,1.918841719810228e+22,0.00014714001691307503,1.3720536100624264e+21,4799193881546878.0
21321.321321321324,2360.7081701513684,0.05000005296231379,280.0,1.5976604640395608e+20,8.983876080051158e-22,541021.3593199296,0.41881923979970276,1,1,1,1.918837801512687e+22,0.0001471400469592747,1.3677312508562495e+21,4797684594402302.0
21421.421421421423,2358.6457671943326,0.050000054065951656,280.0,1.5896841428351327e+20,8.981913281661574e-22,540903.1569044753,0.4180761982425796,1,1,1,1.9188338910517424e+22,0.0001471400769454492,1.363412842892144e+21,4796168211398232.0
21521.521521521525,2356.583364237297,0.050000055192587316,280.0,1.581747643420996e+20,8.979949195644482e-22,540784.8769463237,0.4173343923580875,1,1,1,1.918829988411722e+22,0.00014714010687171837,1.3590984013028435e+21,4794644701578594.0
21621.621621621623,2354.520961280261,0.05000005634270001,280.0,1.5738507669868295e+20,8.977983820027173e-22,540666.5193266752,0.4165938195681874,1,1,1,1.918826093576984e+22,0.00014714013673820174,1.3547879411866408e+21,4793114033876503.0
21721.721721721722,2352.458558323225,0.05000005751677895,280.0,1.5659933157148728e+20,8.976017152832193e-22,540548.0839264452,0.4158544772967513,1,1,1,1.9188222065319172e+22,0.00014714016654501864,1.3504814776075396e+21,4791576177114123.0
21821.821821821824,2350.3961553661893,0.05000005871532354,280.0,1.5581750927749703e+20,8.974049192077324e-22,540429.5706262616,0.4151163629695416,1,1,1,1.918818327260943e+22,0.00014714019629228806,1.34617902559541e+21,4790031100002526.0
21921.921921921923,2348.3337524091535,0.05000005993884361,280.0,1.5503959023196412e+20,8.972079935775547e-22,540310.9793064634,0.4143794740141942,1,1,1,1.9188144557485132e+22,0.00014714022598012893,1.341880600146146e+21,4788478771141561.0
22022.022022022025,2346.2713494521176,0.05000006118785961,280.0,1.5426555494791735e+20,8.970109381935054e-22,540192.3098471012,0.41364380786019855,1,1,1,1.918810591979111e+22,0.00014714025560865976,1.3375862162218256e+21,4786919159019718.0
22122.122122122124,2344.208946495082,0.05000006246290281,280.0,1.5349538403567436e+20,8.96813752855922e-22,540073.5621279355,0.412909361938879,1,1,1,1.9188067359372496e+22,0.00014714028517799892,1.3332958887508734e+21,4785352232014001.0
22222.222222222223,2342.146543538046,0.05000006376451559,280.0,1.5272905820235556e+20,8.966164373646579e-22,539954.7360284353,0.41217613368337586,1,1,1,1.918802887607475e+22,0.00014714031468826455,1.3290096326282248e+21,4783777958389802.0
22322.322322322325,2340.08414058101,0.05000006509325159,280.0,1.5196655825140125e+20,8.964189915190834e-22,539835.8314277786,0.4114441205286266,1,1,1,1.9187990469743626e+22,0.00014714034413957456,1.324727462715493e+21,4782196306300777.0
22422.422422422424,2338.0217376239743,0.05000006644967602,280.0,1.5120786508209052e+20,8.962214151180805e-22,539716.8482048493,0.41071331991134646,1,1,1,1.9187952140225194e+22,0.0001471403735320466,1.3204493938411388e+21,4780607243788730.0
22522.522522522526,2335.9593346669385,0.050000067834365856,280.0,1.5045295968906278e+20,8.960237079600443e-22,539597.7862382383,0.40998372927000987,1,1,1,1.918791388736583e+22,0.00014714040286579802,1.3161754408006425e+21,4779010738783493.0
22622.622622622624,2333.8969317099027,0.050000069247910096,280.0,1.4970182316184188e+20,8.958258698428796e-22,539478.6454062411,0.40925534604483105,1,1,1,1.9187875711012217e+22,0.00014714043214094608,1.3119056183566776e+21,4777406759102815.0
22722.722722722723,2331.834528752867,0.05000007069091002,280.0,1.4895443668436202e+20,8.956279005640012e-22,539359.4255868581,0.40852816767774436,1,1,1,1.9187837611011343e+22,0.0001471404613576077,1.3076399412392876e+21,4775795272452255.0
22822.822822822825,2329.772125795831,0.05000007216397941,280.0,1.4821078153449675e+20,8.954297999203293e-22,539240.1266577917,0.4078021916123863,1,1,1,1.9187799587210505e+22,0.00014714049051589955,1.3033784241460648e+21,4774176246425072.0
22922.922922922924,2327.709722838795,0.05000007366774488,280.0,1.4747083908358984e+20,8.952315677082902e-22,539120.7484964471,0.4070774152940751,1,1,1,1.91877616394573e+22,0.0001471405196159382,1.2991210817423325e+21,4772549648502126.0
23023.023023023026,2325.6473198817594,0.05000007520284607,280.0,1.4673459079598862e+20,8.950332037238145e-22,539001.2909799309,0.40635383616979215,1,1,1,1.918772376759964e+22,0.00014714054865783984,1.2948679286613268e+21,4770915446051778.0
23123.123123123125,2323.5849169247235,0.05000007676993596,280.0,1.4600201822857975e+20,8.948347077623348e-22,538881.75398505,0.40563145168816206,1,1,1,1.918768597148573e+22,0.00014714057764172054,1.2906189795043852e+21,4769273606329795.0
23223.223223223224,2321.5225139676877,0.050000078369681136,280.0,1.4527310303032702e+20,8.946360796187835e-22,538762.1373883096,0.4049102592994337,1,1,1,1.918764825096409e+22,0.00014714060656769603,1.2863742488411326e+21,4767624096479259.0
23323.323323323326,2319.460111010652,0.05000008000276208,280.0,1.4454782694181187e+20,8.944373190875924e-22,538642.4410659138,0.4041902564554608,1,1,1,1.918761060588353e+22,0.00014714063543588192,1.282133751209674e+21,4765966883530478.0
23423.423423423425,2317.397708053616,0.050000081669873436,280.0,1.438261717947759e+20,8.942384259626913e-22,538522.6648937643,0.40347144060968226,1,1,1,1.9187573036093173e+22,0.00014714066424639352,1.2778975011167868e+21,4764301934400903.0
23523.523523523527,2315.33530509658,0.050000083371724346,280.0,1.4310811951166575e+20,8.940394000375036e-22,538402.8087474578,0.4027538092171024,1,1,1,1.918753554144244e+22,0.00014714069299934595,1.2736655130381168e+21,4762629215895048.0
23623.623623623625,2313.2729021395444,0.050000085109038715,280.0,1.4239365210518028e+20,8.938402411049476e-22,538282.872502287,0.4020373597342721,1,1,1,1.918749812178105e+22,0.00014714072169485403,1.2694378014183766e+21,4760948694704414.0
23723.723723723724,2311.2104991825086,0.05000008688255554,280.0,1.4168275167781988e+20,8.936409489574343e-22,538162.8560332388,0.4013220896192684,1,1,1,1.918746077695903e+22,0.00014714075033303245,1.2652143806715449e+21,4759260337407415.0
23823.823823823826,2309.1480962254727,0.05000008869302921,280.0,1.4097540042143831e+20,8.934415233868636e-22,538042.7592149925,0.40060799633167504,1,1,1,1.9187423506826694e+22,0.00014714077891399562,1.2609952651810704e+21,4757564110469311.0
23923.923923923925,2307.085693268437,0.050000090541229836,280.0,1.4027158061679649e+20,8.932419641846252e-22,537922.5819219202,0.39989507733256324,1,1,1,1.9187386311234676e+22,0.00014714080743785768,1.2567804693000773e+21,4755859980242143.0
24024.024024024027,2305.023290311401,0.05000009242794358,280.0,1.395712746331186e+20,8.930422711415963e-22,537802.3240280851,0.3991833300844712,1,1,1,1.918734919003389e+22,0.00014714083590473264,1.2525700073515713e+21,4754147912964673.0
24124.124124124126,2302.9608873543652,0.05000009435397299,280.0,1.3887446492765066e+20,8.928424440481383e-22,537681.98540724,0.3984727520513851,1,1,1,1.9187312143075555e+22,0.00014714086431473424,1.248363893628652e+21,4752427874762329.0
24224.224224224225,2300.8984843973294,0.05000009632013733,280.0,1.3818113404522068e+20,8.926424826940959e-22,537561.5659328266,0.3977633406987182,1,1,1,1.9187275170211187e+22,0.0001471408926679759,1.2441621423947236e+21,4750699831647150.0
24324.324324324327,2298.8360814402936,0.05000009832727293,280.0,1.3749126461780171e+20,8.924423868687962e-22,537441.0654779747,0.39705509349329215,1,1,1,1.9187238271292604e+22,0.000147140920964571,1.2399647678837104e+21,4748963749517741.0
24424.424424424426,2296.7736784832578,0.050000100376233564,280.0,1.3680483936407683e+20,8.922421563610468e-22,537320.4839155015,0.39634800790331615,1,1,1,1.918720144617191e+22,0.00014714094920463251,1.235771784300275e+21,4747219594159229.0
24524.524524524528,2294.711275526222,0.050000102467890786,280.0,1.3612184108900585e+20,8.92041790959133e-22,537199.8211179093,0.395642081398367,1,1,1,1.9187164694701513e+22,0.00014714097738827332,1.231583205820036e+21,4745467331243223.0
24624.624624624626,2292.648872569186,0.05000010460313432,280.0,1.3544225268339507e+20,8.91841290450817e-22,537079.0769573855,0.3949373114493696,1,1,1,1.9187128016734117e+22,0.000147141005515606,1.2273990465897926e+21,4743706926327781.0
24724.724724724725,2290.5864696121503,0.050000106782872415,280.0,1.347660571234683e+20,8.916406546233348e-22,536958.2513058011,0.3942336955285764,1,1,1,1.9187091412122715e+22,0.00014714103358674292,1.2232193207277477e+21,4741938344857379.0
24824.824824824827,2288.5240666551144,0.05000010900803226,280.0,1.340932374704406e+20,8.914398832633971e-22,536837.3440347099,0.3935312311095476,1,1,1,1.9187054880720595e+22,0.00014714106160179627,1.219044042323735e+21,4740161552162885.0
24924.924924924926,2286.4616636980786,0.05000011127956037,280.0,1.3342377687009406e+20,8.912389761571843e-22,536716.355015347,0.3928299156671307,1,1,1,1.9187018422381342e+22,0.00014714108956087794,1.2148732254394497e+21,4738376513461538.0
25025.02502502503,2284.399260741043,0.05000011359842296,280.0,1.3275765855235521e+20,8.91037933090347e-22,536595.2841186284,0.3921297466774402,1,1,1,1.9186982036958836e+22,0.00014714111746409972,1.2107068841086789e+21,4736583193856933.0
25125.125125125127,2282.336857784007,0.050000115965606405,280.0,1.3209486583087548e+20,8.908367538480034e-22,536474.131215149,0.39143072161783804,1,1,1,1.918694572430724e+22,0.000147141145311573,1.2065450323375376e+21,4734781558339010.0
25225.225225225226,2280.274454826971,0.05000011838211762,280.0,1.3143538210261267e+20,8.90635438214737e-22,536352.8961751822,0.39073283796691194,1,1,1,1.9186909484281015e+22,0.00014714117310340907,1.202387684104704e+21,4732971571784043.0
25325.325325325328,2278.2120518699353,0.0500001208489845,280.0,1.3077919084741534e+20,8.904339859745963e-22,536231.578868679,0.3900360932044563,1,1,1,1.918687331673491e+22,0.00014714120083971898,1.19823485336166e+21,4731153198954643.0
25425.425425425427,2276.1496489128995,0.05000012336725637,280.0,1.3012627562760908e+20,8.902323969110914e-22,536110.1791652663,0.38934048481145167,1,1,1,1.918683722152397e+22,0.00014714122852061356,1.1940865540329324e+21,4729326404499758.0
25525.52552552553,2274.0872459558636,0.05000012593800441,280.0,1.2947662008758431e+20,8.900306708071927e-22,535988.6969342459,0.3886460102700432,1,1,1,1.9186801198503526e+22,0.00014714125614620342,1.1899428000163373e+21,4727491152954681.0
25625.625625625627,2272.024842998828,0.05000012856232214,280.0,1.2883020795338714e+20,8.898288074453284e-22,535867.132044593,0.38795266706352144,1,1,1,1.9186765247529196e+22,0.00014714128371659893,1.1858036051832275e+21,4725647408741066.0
25725.725725725726,2269.962440041792,0.05000013124132583,280.0,1.2818702303231115e+20,8.896268066073859e-22,535745.4843649571,0.3872604526763011,1,1,1,1.9186729368456893e+22,0.00014714131123191022,1.1816689833787405e+21,4723795136166942.0
25825.82582582583,2267.900037084756,0.05000013397615506,280.0,1.2754704921249214e+20,8.894246680747047e-22,535623.753763658,0.3865693645939005,1,1,1,1.9186693561142814e+22,0.00014714133869224728,1.1775389484220506e+21,4721934299426739.0
25925.925925925927,2265.8376341277203,0.050000136767973116,280.0,1.2691027046250448e+20,8.892223916280786e-22,535501.9401086867,0.3858794003029212,1,1,1,1.9186657825443444e+22,0.0001471413660977198,1.1734135141066241e+21,4720064862601315.0
26026.02602602603,2263.7752311706845,0.050000139617967544,280.0,1.2627667083095926e+20,8.890199770477521e-22,535380.0432677034,0.38519055729102714,1,1,1,1.9186622161215556e+22,0.0001471413934484373,1.1692926942004745e+21,4718186789657991.0
26126.126126126128,2261.7128282136487,0.05000014252735064,280.0,1.2564623444610508e+20,8.888174241134201e-22,535258.0631080372,0.3845028330469238,1,1,1,1.918658656831621e+22,0.00014714142074450902,1.1651765024464229e+21,4716300044450588.0
26226.226226226227,2259.650425256613,0.05000014549735995,280.0,1.2501894551543012e+20,8.886147326042228e-22,535135.9994966835,0.3838162250603375,1,1,1,1.9186551046602748e+22,0.0001471414479860441,1.161064952562359e+21,4714404590719475.0
26326.32632632633,2257.588022299577,0.0500001485292588,280.0,1.2439478832526675e+20,8.884119022987476e-22,535013.8523003045,0.38313073082199506,1,1,1,1.9186515595932805e+22,0.00014714147517315133,1.1569580582415051e+21,4712500392091615.0
26426.426426426427,2255.525619342541,0.050000151624336873,280.0,1.2377374724039793e+20,8.882089329750245e-22,534891.6213852268,0.38244634782360215,1,1,1,1.918648021616429e+22,0.0001471415023059394,1.1528558331526842e+21,4710587412080624.0
26526.52652652653,2253.4632163855053,0.0500001547839107,280.0,1.2315580670366527e+20,8.880058244105257e-22,534769.3066174411,0.38176307355782263,1,1,1,1.918644490715541e+22,0.00014714152938451663,1.1487582909405874e+21,4708665614086830.0
26626.62662662663,2251.4008134284695,0.05000015800932425,280.0,1.2254095123557964e+20,8.878025763821632e-22,534646.9078626009,0.38108090551825824,1,1,1,1.918640966876464e+22,0.00014714155640899136,1.1446654452260473e+21,4706734961397341.0
26726.726726726727,2249.3384104714337,0.05000016130194951,280.0,1.219291654339333e+20,8.875991886662862e-22,534524.4249860203,0.3803998411994266,1,1,1,1.9186374500850753e+22,0.00014714158337947146,1.1405773096063112e+21,4704795417186117.0
26826.82682682683,2247.276007514398,0.05000016466318704,280.0,1.2132043397341387e+20,8.8739566103868e-22,534401.8578526744,0.3797198780967408,1,1,1,1.9186339403272794e+22,0.0001471416102960647,1.1364938976553185e+21,4702846944514049.0
26926.926926926928,2245.213604557362,0.0500001680944666,280.0,1.207147416052208e+20,8.87191993274564e-22,534279.2063271971,0.37904101370648835,1,1,1,1.9186304375890094e+22,0.00014714163715887874,1.1324152229239803e+21,4700889506329044.0
27027.02702702703,2243.151201600326,0.05000017159724773,280.0,1.2011207315668304e+20,8.869881851485899e-22,534156.4702738808,0.3783632455258095,1,1,1,1.9186269418562265e+22,0.00014714166396802083,1.1283412989404608e+21,4698923065466115.0
27127.12712712713,2241.0887986432904,0.050000175173020404,280.0,1.1951241353087925e+20,8.867842364348392e-22,534033.6495566738,0.3776865710526768,1,1,1,1.91862345311492e+22,0.00014714169072359813,1.1242721392104627e+21,4696947584647476.0
27227.227227227228,2239.0263956862545,0.05000017882330562,280.0,1.1891574770625937e+20,8.865801469068208e-22,533910.7440391806,0.37701098778587316,1,1,1,1.9186199713511067e+22,0.00014714171742571754,1.1202077572175135e+21,4694963026482647.0
27327.32732732733,2236.9639927292187,0.050000182549656075,280.0,1.1832206073626847e+20,8.863759163374707e-22,533787.7535846597,0.3763364932249716,1,1,1,1.9186164965508326e+22,0.00014714174407448575,1.1161481664232553e+21,4692969353468561.0
27427.42742742743,2234.901589772183,0.05000018635365685,280.0,1.1773133774897237e+20,8.861715444991485e-22,533664.6780560231,0.37566308487031247,1,1,1,1.9186130287001705e+22,0.0001471417706700093,1.1120933802677381e+21,4690966527989680.0
27527.52752752753,2232.839186815147,0.05000019023692601,280.0,1.171435639466849e+20,8.859670311636356e-22,533541.5173158344,0.3749907602229836,1,1,1,1.9186095677852216e+22,0.00014714179721239443,1.1080434121697134e+21,4688954512318116.0
27627.62762762763,2230.7767838581112,0.050000194201115386,280.0,1.1655872460559753e+20,8.85762376102134e-22,533418.2712263083,0.3743195167847979,1,1,1,1.918606113792115e+22,0.00014714182370174718,1.1039982755269326e+21,4686933268613759.0
27727.727727727728,2228.7143809010754,0.05000019824791119,280.0,1.1597680507541026e+20,8.85557579085264e-22,533294.9396493093,0.37364935205827265,1,1,1,1.918602666707007e+22,0.00014714185013817342,1.0999579837164467e+21,4684902758924411.0
27827.82782782783,2226.6519779440396,0.05000020237903479,280.0,1.153977907789646e+20,8.853526398830613e-22,533171.5224463496,0.3729802635466072,1,1,1,1.918599226516082e+22,0.00014714187652177882,1.095922550094909e+21,4682862945185927.0
27927.92792792793,2224.5895749870037,0.05000020659624343,280.0,1.1482166721187883e+20,8.851475582649757e-22,533048.0194785887,0.3723122487536622,1,1,1,1.9185957932055514e+22,0.0001471419028526688,1.0918919879988811e+21,4680813789222364.0
28028.02802802803,2222.527172029968,0.05000021090133095,280.0,1.1424841994218406e+20,8.849423339998698e-22,532924.4306068326,0.37164530518393796,1,1,1,1.918592366761655e+22,0.00014714192913094855,1.0878663107451398e+21,4678755252746132.0
28128.12812812813,2220.464769072932,0.050000215296128594,280.0,1.1367803460996325e+20,8.847369668560153e-22,532800.7556915312,0.37097943034255243,1,1,1,1.9185889471706603e+22,0.00014714195535672314,1.0838455316309892e+21,4676687297358159.0
28228.22822822823,2218.4023661158963,0.050000219782505746,280.0,1.1311049692699114e+20,8.845314566010923e-22,532676.9945927785,0.37031462173521984,1,1,1,1.918585534418861e+22,0.00014714198153009734,1.0798296639345725e+21,4674609884548055.0
28328.32832832833,2216.3399631588604,0.05000022436237077,280.0,1.1254579267637643e+20,8.843258030021867e-22,532553.1471703101,0.36965087686822906,1,1,1,1.91858212849258e+22,0.00014714200765117568,1.0758187209151891e+21,4672522975694290.0
28428.42842842843,2214.2775602018246,0.05000022903767176,280.0,1.1198390771220575e+20,8.841200058257878e-22,532429.2132835028,0.3689881932484219,1,1,1,1.9185787293781654e+22,0.00014714203372006267,1.0718127158136131e+21,4670426532064374.0
28528.52852852853,2212.2151572447888,0.05000023381039745,280.0,1.1142482795918916e+20,8.839140648377866e-22,532305.192791373,0.3683265683831712,1,1,1,1.9185753370619946e+22,0.0001471420597368624,1.0678116618524137e+21,4668320514815048.0
28628.62862862863,2210.152754287753,0.05000023868257796,280.0,1.1086853941230762e+20,8.837079798034743e-22,532181.0855525759,0.3676659997803592,1,1,1,1.9185719515304713e+22,0.0001471420857016789,1.0638155722362809e+21,4666204884992478.0
28728.72872872873,2208.090351330717,0.050000243656285775,280.0,1.1031502813646219e+20,8.83501750487539e-22,532056.8914254032,0.3670064849483554,1,1,1,1.9185685727700264e+22,0.00014714211161461586,1.0598244601523508e+21,4664079603532460.0
28828.82882882883,2206.0279483736813,0.05000024873363652,280.0,1.0976428026612482e+20,8.832953766540647e-22,531932.6102677832,0.36634802139599554,1,1,1,1.918565200767118e+22,0.00014714213747577686,1.0558383387705354e+21,4661944631260631.0
28928.92892892893,2203.9655454166455,0.050000253916789916,280.0,1.0921628200499126e+20,8.830888580665278e-22,531808.2419372781,0.3656906066325583,1,1,1,1.9185618355082318e+22,0.00014714216328526528,1.0518572212438557e+21,4659799928892687.0
29029.029029029032,2201.9031424596096,0.05000025920795071,280.0,1.0867101962563525e+20,8.828821944877965e-22,531683.7862910839,0.36503423816774483,1,1,1,1.91855847697988e+22,0.00014714218904318427,1.047881120708775e+21,4657645457034607.0
29129.12912912913,2199.840739502574,0.050000264609369564,280.0,1.0812847946916472e+20,8.826753856801282e-22,531559.2431860288,0.3643789135116557,1,1,1,1.9185551251686017e+22,0.00014714221474963673,1.0439100502855381e+21,4655481176182891.0
29229.22922922923,2197.778336545538,0.05000027012334406,280.0,1.0758864794487967e+20,8.824684314051667e-22,531434.6124785712,0.3637246301747694,1,1,1,1.918551780060963e+22,0.00014714224040472538,1.039944023078511e+21,4653307046724797.0
29329.32932932933,2195.715933588502,0.050000275752219644,280.0,1.0705151152993157e+20,8.822613314239404e-22,531309.8940247995,0.3630713856679202,1,1,1,1.9185484416435567e+22,0.0001471422660085528,1.0359830521765238e+21,4651123028938591.0
29429.42942942943,2193.6535306314663,0.05000028149839065,280.0,1.0651705676898484e+20,8.820540854968598e-22,531185.0876804291,0.3624191775022758,1,1,1,1.9185451099030037e+22,0.00014714229156122127,1.0320271506532176e+21,4648929082993805.0
29529.529529529533,2191.5911276744305,0.05000028736430129,280.0,1.0598527027387964e+20,8.818466933837177e-22,531060.1933008044,0.36176800318931573,1,1,1,1.9185417848259497e+22,0.00014714231706283295,1.0280763315673921e+21,4646725168951501.0
29629.62962962963,2189.5287247173947,0.05000029335244671,280.0,1.0545613872329651e+20,8.816391548436822e-22,530935.2107408928,0.36111786024080866,1,1,1,1.918538466399069e+22,0.00014714234251348975,1.0241306079633585e+21,4644511246764544.0
29729.72972972973,2187.466321760359,0.05000029946537407,280.0,1.0492964886242273e+20,8.814314696352996e-22,530810.1398552879,0.36046874616879065,1,1,1,1.9185351546090608e+22,0.00014714236791329332,1.0201899928712924e+21,4642287276277883.0
29829.829829829832,2185.403918803323,0.05000030570568358,280.0,1.0440578750262015e+20,8.81223637516489e-22,530684.9804982047,0.3598206584855425,1,1,1,1.9185318494426523e+22,0.00014714239326234525,1.0162544993075922e+21,4640053217228841.0
29929.92992992993,2183.341515846287,0.05000031207602967,280.0,1.0388454152109503e+20,8.810156582445409e-22,530559.7325234809,0.3591735947035677,1,1,1,1.9185285508865966e+22,0.00014714241856074683,1.0123241402752387e+21,4637809029247410.0
30030.030030030033,2181.2791128892513,0.05000031857912204,280.0,1.033658978605691e+20,8.808075315761159e-22,530434.3957845736,0.3585275523355704,1,1,1,1.918525258927673e+22,0.00014714244380859912,1.0083989287641574e+21,4635554671856559.0
30130.130130130132,2179.2167099322155,0.050000325217726876,280.0,1.0284984352895261e+20,8.805992572672402e-22,530308.9701345587,0.35788252889443256,1,1,1,1.9185219735526882e+22,0.00014714246900600304,1.0044788777515857e+21,4633290104472548.0
30230.230230230234,2177.1543069751797,0.05000033199466802,280.0,1.0233636559901881e+20,8.803908350733068e-22,530183.4554261306,0.3572385218931921,1,1,1,1.9185186947484745e+22,0.00014714249415305938,1.0005640002024398e+21,4631015286405252.0
30330.330330330333,2175.091904018144,0.05000033891282813,280.0,1.0182545120808013e+20,8.801822647490696e-22,530057.8515115984,0.35659552884501994,1,1,1,1.918515422501891e+22,0.00014714251924986853,9.966543090696876e+20,4628730176858491.0
30430.43043043043,2173.029501061108,0.050000345975149955,280.0,1.01317087557666e+20,8.799735460486435e-22,529932.158242887,0.3559535472631984,1,1,1,1.9185121567998227e+22,0.00014714254429653084,9.927498172947223e+20,4626434734930370.0
30530.530530530534,2170.967098104072,0.05000035318463756,280.0,1.008112619132022e+20,8.797646787255011e-22,529806.3754715341,0.3553125746610978,1,1,1,1.918508897629181e+22,0.0001471425692931464,9.888505378077399e+20,4624128919613631.0
30630.630630630632,2168.9046951470364,0.0500003605443576,280.0,1.0030796160369192e+20,8.79555662532471e-22,529680.5030486896,0.35467260855215477,1,1,1,1.9185056449769037e+22,0.00014714259423981516,9.849564835281198e+20,4621812689796008.0
30730.730730730735,2166.8422921900005,0.05000036805744064,280.0,9.980717402139828e+19,8.793464972217353e-22,529554.5408251142,0.35403364644984947,1,1,1,1.9185023988299544e+22,0.00014714261913663677,9.810676673648073e+20,4619486004260597.0
30830.830830830833,2164.7798892329647,0.050000375727082484,280.0,9.930888662152856e+19,8.791371825448271e-22,529428.488651178,0.3533956858676828,1,1,1,1.918499159175323e+22,0.00014714264398371074,9.771841022167007e+20,4617148821686230.0
30930.930930930932,2162.717486275929,0.05000038355654552,280.0,9.881308692191989e+19,8.789277182526279e-22,529302.3463768581,0.3527587243191544,1,1,1,1.9184959260000256e+22,0.00014714266878113638,9.733058009730393e+20,4614801100647863.0
31031.031031031034,2160.655083318893,0.050000391549160125,280.0,9.831976250272665e+19,8.787181040953666e-22,529176.113851739,0.3521227593177394,1,1,1,1.9184926992911034e+22,0.00014714269352901285,9.694327765137963e+20,4612442799616969.0
31131.131131131133,2158.592680361857,0.05000039970832608,280.0,9.782890100610928e+19,8.785083398226146e-22,529049.7909250091,0.3514877883768664,1,1,1,1.9184894790356246e+22,0.00014714271822743898,9.65565041710074e+20,4610073876961944.0
31231.231231231235,2156.5302774048214,0.050000408037513995,280.0,9.734049013592475e+19,8.78298425183287e-22,528923.3774454617,0.3508538090098946,1,1,1,1.918486265220683e+22,0.00014714274287651354,9.617026094245008e+20,4607694290948519.0
31331.331331331334,2154.4678744477856,0.05000041654026682,280.0,9.68545176574186e+19,8.780883599256375e-22,528796.8732614918,0.3502208187300912,1,1,1,1.9184830578333976e+22,0.00014714276747633504,9.578454925116338e+20,4605303999740185.0
31431.431431431432,2152.4054714907497,0.05000042522020132,280.0,9.637097139691828e+19,8.778781437972562e-22,528670.2782210945,0.3495888150506086,1,1,1,1.918479856860914e+22,0.00014714279202700177,9.539937038183618e+20,4602902961398627.0
31531.531531531535,2150.343068533714,0.050000434081009626,280.0,9.588983924152836e+19,8.776677765450685e-22,528543.5921718648,0.34895779548446154,1,1,1,1.9184766622904028e+22,0.0001471428165286119,9.501472561843131e+20,4600491133884165.0
31631.631631631633,2148.280665576678,0.05000044312646081,280.0,9.54111091388271e+19,8.774572579153326e-22,528416.8149609962,0.34832775754450523,1,1,1,1.918473474109061e+22,0.00014714284098126331,9.463061624422658e+20,4598068475056210.0
31731.731731731736,2146.2182626196422,0.0500004523604025,280.0,9.49347690965644e+19,8.772465876536354e-22,528289.9464352774,0.3476986987434115,1,1,1,1.918470292304111e+22,0.0001471428653850538,9.424704354185607e+20,4595634942673722.0
31831.831831831834,2144.1558596626064,0.05000046178676247,280.0,9.446080718236153e+19,8.770357655048918e-22,528162.9864410926,0.34707061659364663,1,1,1,1.9184671168628e+22,0.00014714288974008086,9.386400879335186e+20,4593190494395690.0
31931.931931931933,2142.0934567055706,0.05000047140955036,280.0,9.398921152341216e+19,8.76824791213342e-22,528035.9348244198,0.34644350860744877,1,1,1,1.9184639477724016e+22,0.00014714291404644184,9.348151328018593e+20,4590735087781609.0
32032.032032032035,2140.0310537485348,0.05000048123285936,280.0,9.351997030618497e+19,8.766136645225485e-22,527908.7914308289,0.34581737229680437,1,1,1,1.9184607850202145e+22,0.00014714293830423388,9.309955828331242e+20,4588268680291979.0
32132.132132132134,2137.968650791499,0.05000049126086796,280.0,9.305307177612768e+19,8.764023851753936e-22,527781.55610548,0.34519220517342625,1,1,1,1.9184576285935634e+22,0.00014714296251355398,9.27181450832103e+20,4585791229288805.0
32232.232232232236,2135.906247834463,0.050000501497841715,280.0,9.258850423737262e+19,8.761909529140778e-22,527654.2286931226,0.34456800474873034,1,1,1,1.9184544784797974e+22,0.00014714298667449887,9.233727495992615e+20,4583302692036114.0
32332.332332332335,2133.8438448774273,0.05000051194813506,280.0,9.212625605244377e+19,8.75979367480117e-22,527526.8090380942,0.3439447685338128,1,1,1,1.918451334666291e+22,0.00014714301078716516,9.195694919311756e+20,4580803025700480.0
32432.432432432433,2131.7814419203914,0.050000522616193185,280.0,9.166631564196523e+19,8.757676286143385e-22,527399.2969843175,0.3433224940394272,1,1,1,1.918448197140445e+22,0.00014714303485164912,9.15771690620965e+20,4578292187351561.0
32532.532532532536,2129.7190389633556,0.050000533506553896,280.0,9.12086714843711e+19,8.755557360568814e-22,527271.6923753005,0.34270117877596196,1,1,1,1.918445065889685e+22,0.0001471430588680471,9.119793584587326e+20,4575770133962644.0
32632.632632632634,2127.65663600632,0.050000544623849556,280.0,9.075331211561696e+19,8.753436895471926e-22,527143.9950541346,0.34208082025341685,1,1,1,1.9184419409014603e+22,0.00014714308283645498,9.08192508232007e+20,4573236822411204.0
32732.732732732737,2125.594233049284,0.05000055597280907,280.0,9.030022612889258e+19,8.75131488824022e-22,527016.2048634914,0.34146141598138074,1,1,1,1.9184388221632474e+22,0.00014714310675696858,9.044111527261864e+20,4570692209479473.0
32832.832832832835,2123.531830092248,0.05000056755825988,280.0,8.984940217433629e+19,8.749191336254243e-22,526888.3216456239,0.34084296346900833,1,1,1,1.9184357096625468e+22,0.00014714313062968353,9.006353047249883e+20,4568136251855022.0
32932.932932932934,2121.4694271352123,0.05000057938513001,280.0,8.940082895875059e+19,8.74706623688754e-22,526760.3452423633,0.34022546022499733,1,1,1,1.918432603386884e+22,0.00014714315445469526,8.968649770109003e+20,4565568906131349.0
33033.03303303303,2119.4070241781765,0.05000059145845019,280.0,8.895449524531929e+19,8.74493958750662e-22,526632.2754951172,0.3396089037575656,1,1,1,1.91842950332381e+22,0.00014714317823209897,8.931001823656355e+20,4562990128808484.0
33133.13313313314,2117.3446212211406,0.050000603783355975,280.0,8.851038985332598e+19,8.742811385470958e-22,526504.1122448696,0.3389932915744279,1,1,1,1.9184264094609004e+22,0.00014714320196198975,8.893409335705904e+20,4560399876293603.0
33233.23323323324,2115.282218264105,0.050000616365089935,280.0,8.806850165787409e+19,8.740681628132945e-22,526375.8553321778,0.338378621182774,1,1,1,1.9184233217857553e+22,0.00014714322564446234,8.855872434073082e+20,4557798104901656.0
33333.333333333336,2113.219815307069,0.05000062920900388,280.0,8.762881958960798e+19,8.738550312837867e-22,526247.5045971712,0.3377648900892442,1,1,1,1.9184202402860003e+22,0.00014714324927961157,8.818391246579415e+20,4555184770856001.0
33433.433433433434,2111.157412350033,0.05000064232056116,280.0,8.719133263443581e+19,8.736417436923889e-22,526119.0598795506,0.33715209579990746,1,1,1,1.918417164949285e+22,0.0001471432728675318,8.780965901057224e+20,4552559830289056.0
33533.53353353353,2109.0950093929973,0.050000655705338945,280.0,8.675602983325365e+19,8.734282997722022e-22,525990.5210185857,0.33654023582023845,1,1,1,1.9184140957632843e+22,0.00014714329640831735,8.743596525354337e+20,4549923239242961.0
33633.63363363364,2107.0326064359615,0.05000066936903063,280.0,8.632290028167086e+19,8.732146992556094e-22,525861.8878531137,0.335929307655094,1,1,1,1.918411032715698e+22,0.00014714331990206228,8.706283247338843e+20,4547274953670251.0
33733.73373373374,2104.9702034789257,0.050000683317448266,280.0,8.589193312973701e+19,8.730009418742734e-22,525733.1602215384,0.335319308808691,1,1,1,1.918407975794249e+22,0.00014714334334886057,8.669026194903887e+20,4544614929434541.0
33833.833833833836,2102.90780052189,0.050000697556525,280.0,8.546311758167004e+19,8.72787027359132e-22,525604.3379618268,0.3347102367845826,1,1,1,1.918404924986687e+22,0.00014714336674880586,8.631825495972474e+20,4541943122311225.0
33933.933933933935,2100.845397564854,0.050000712092317615,280.0,8.503644289558584e+19,8.72572955440399e-22,525475.4209115101,0.33410208908563593,1,1,1,1.9184018802807847e+22,0.00014714339010199175,8.59468127850234e+20,4539259487988188.0
34034.03403403403,2098.782994607818,0.05000072693100911,280.0,8.461189838322917e+19,8.723587258475594e-22,525346.4089076803,0.33349486321400895,1,1,1,1.9183988416643395e+22,0.00014714341340851158,8.557593670490839e+20,4536563982066525.0
34134.13413413414,2096.7205916507824,0.05000074207891132,280.0,8.418947340970589e+19,8.721443383093655e-22,525217.3017869883,0.33288855667112766,1,1,1,1.9183958091251736e+22,0.0001471434366684585,8.520562799979866e+20,4533856560061282.0
34234.23423423424,2094.6581886937465,0.05000075754246761,280.0,8.376915739321663e+19,8.719297925538372e-22,525088.099385644,0.332283166957663,1,1,1,1.9183927826511332e+22,0.00014714345988192548,8.483588795060835e+20,4531137177402202.0
34334.33433433434,2092.5957857367107,0.050000773328255615,280.0,8.335093980479164e+19,8.717150883082567e-22,524958.8015394129,0.3316786915735079,1,1,1,1.918389762230089e+22,0.0001471434830490053,8.446671783879651e+20,4528405789434485.0
34434.434434434435,2090.533382779675,0.05000078944299003,280.0,8.2934810168027e+19,8.71500225299167e-22,524829.4080836156,0.3310751280177548,1,1,1,1.9183867478499364e+22,0.0001471435061697906,8.409811894641765e+20,4525662351419565.0
34534.534534534534,2088.470979822639,0.05000080589352547,280.0,8.252075805882235e+19,8.712852032523696e-22,524699.9188531259,0.33047247378867267,1,1,1,1.918383739498594e+22,0.0001471435292443738,8.373009255617232e+20,4522906818535896.0
34634.63463463464,2086.408576865603,0.050000822686859396,280.0,8.210877310511958e+19,8.710700218929197e-22,524570.3336823683,0.32987072638368364,1,1,1,1.9183807371640054e+22,0.00014714355227284713,8.336263995145819e+20,4520139145879753.0
34734.73473473474,2084.3461739085674,0.05000083983013507,280.0,8.169884498664312e+19,8.708546809451264e-22,524440.6524053178,0.32926988329934087,1,1,1,1.918377740834138e+22,0.00014714357525530262,8.29957624164216e+20,4517359288466048.0
34834.83483483484,2082.2837709515316,0.05000085733064461,280.0,8.129096343464139e+19,8.706391801325473e-22,524310.8748554973,0.32866994203130556,1,1,1,1.918374750496983e+22,0.00014714359819183217,8.262946123600911e+20,4514567201229156.0
34934.934934934936,2080.2213679944957,0.0500008751958321,280.0,8.088511823162956e+19,8.704235191779865e-22,524181.0008659752,0.32807090007432377,1,1,1,1.918371766140557e+22,0.00014714362108252745,8.226373769601985e+20,4511762839023757.0
35035.035035035035,2078.15896503746,0.05000089343329671,280.0,8.048129921113355e+19,8.702076978034936e-22,524051.03026936634,0.3274727549222038,1,1,1,1.9183687877528985e+22,0.00014714364392748,8.189859308315796e+20,4508946156625689.0
35135.13513513514,2076.096562080424,0.050000912050796,280.0,8.007949625743548e+19,8.69991715730358e-22,523920.9628978272,0.3268755040677939,1,1,1,1.9183658153220717e+22,0.00014714366672678107,8.153402868508551e+20,4506117108732821.0
35235.23523523524,2074.0341591233882,0.050000931056249164,280.0,7.96796993053202e+19,8.697755726791075e-22,523790.79858305585,0.32627914500295924,1,1,1,1.918362848836164e+22,0.00014714368948052188,8.117004579047585e+20,4503275649965932.5
35335.33533533534,2071.9717561663524,0.05000095045774041,280.0,7.928189833982309e+19,8.695592683695056e-22,523660.5371562899,0.32568367521855873,1,1,1,1.9183598882832867e+22,0.0001471437121887933,8.080664568906712e+20,4500421734869611.5
35435.43543543544,2069.9093532093166,0.050000970263522425,280.0,7.888608339597931e+19,8.69342802520549e-22,523530.1784483054,0.32508909220442317,1,1,1,1.918356933651575e+22,0.00014714373485168617,8.044382967171642e+20,4497555317913167.0
35535.535535535535,2067.8469502522807,0.050000990482019836,280.0,7.849224455857408e+19,8.691261748504633e-22,523399.7222894139,0.3244953934493321,1,1,1,1.918353984929187e+22,0.0001471437574692911,8.008159903045411e+20,4494676353491552.5
35635.63563563564,2065.784547295245,0.050001011121832854,280.0,7.810037196189434e+19,8.689093850767016e-22,523269.16850946174,0.3239025764409914,1,1,1,1.918351042104306e+22,0.00014714378004169844,7.971995505853872e+20,4491784795926308.0
35735.73573573574,2063.722144338209,0.050001032191740874,280.0,7.771045578948164e+19,8.686924329159404e-22,523138.51693782775,0.32331063866601056,1,1,1,1.9183481051651376e+22,0.00014714380256899848,7.935889905051212e+20,4488880599466514.0
35835.83583583584,2061.6597413811733,0.05000105370070626,280.0,7.73224862738862e+19,8.684753180840774e-22,523007.7674034214,0.3227195776098803,1,1,1,1.918345174099912e+22,0.00014714382505128123,7.899843230225501e+20,4485963718289761.0
35935.93593593594,2059.5973384241374,0.05000107565787811,280.0,7.693645369642222e+19,8.682580402962292e-22,522876.91973468225,0.32212939075694985,1,1,1,1.918342248896883e+22,0.00014714384748863658,7.863855611104296e+20,4483034106503134.0
36036.036036036036,2057.5349354671016,0.050001098072596194,280.0,7.655234838692443e+19,8.680405992667267e-22,522745.97375957627,0.32154007559040504,1,1,1,1.9183393295443266e+22,0.00014714386988115425,7.827927177560276e+20,4480091718144212.0
36136.13613613614,2055.472532510066,0.05000112095439488,280.0,7.61701607235059e+19,8.678229947091129e-22,522614.9293055951,0.32095162959224516,1,1,1,1.9183364160305437e+22,0.00014714389222892372,7.792058059616915e+20,4477136507182082.5
36236.23623623624,2053.41012955303,0.05000114431300723,280.0,7.578988113231702e+19,8.67605226336141e-22,522483.7861997549,0.32036405024326103,1,1,1,1.918333508343858e+22,0.00014714391453203433,7.756248387454207e+20,4474168427518371.0
36336.33633633634,2051.347726595994,0.050001168158369115,280.0,7.541150008730557e+19,8.673872938597699e-22,522352.54426859325,0.31977733502301253,1,1,1,1.9183306064726166e+22,0.00014714393679057529,7.720498291414408e+20,4471187432988287.0
36436.43643643644,2049.2853236389583,0.05000119250062345,280.0,7.503500810997812e+19,8.671691969911626e-22,522221.2033381687,0.31919148140980647,1,1,1,1.9183277104051897e+22,0.0001471439590046355,7.684807902007836e+20,4468193477361683.5
36536.536536536536,2047.2229206819225,0.05000121735012453,280.0,7.466039576916274e+19,8.669509354406813e-22,522089.7632340572,0.3186064868806743,1,1,1,1.9183248201299716e+22,0.00014714398117430383,7.649177349918713e+20,4465186514344135.0
36636.63663663664,2045.1605177248866,0.05000124271744236,280.0,7.428765368077251e+19,8.667325089178854e-22,521958.22378135147,0.31802234891134956,1,1,1,1.918321935635379e+22,0.00014714400329966887,7.613606766011035e+20,4462166497578028.0
36736.73673673674,2043.0981147678508,0.050001268613367254,280.0,7.391677250757068e+19,8.6651391713153e-22,521826.58480465994,0.31743906497624685,1,1,1,1.918319056909852e+22,0.00014714402538081907,7.5780962813345e+20,4459133380643671.0
36836.83683683684,2041.035711810815,0.050001295048914346,280.0,7.3547742958936605e+19,8.6629515978956e-22,521694.8461281029,0.3168566325484383,1,1,1,1.918316183941854e+22,0.00014714404741784272,7.542646027130453e+20,4456087117060416.5
36936.93693693694,2038.9733088537791,0.05000132203532832,280.0,7.318055579063307e+19,8.660762365991092e-22,521563.0075753124,0.31627504909963294,1,1,1,1.9183133167198715e+22,0.0001471440694108279,7.507256134837895e+20,4453027660287804.0
37037.03703703704,2036.9109058967433,0.050001349584088146,280.0,7.281520180457473e+19,8.658571472664966e-22,521431.0689694296,0.3156943121001537,1,1,1,1.918310455232414e+22,0.00014714409135986253,7.471926736099525e+20,4449954963726714.5
37137.13713713714,2034.8485029397075,0.050001377706912035,280.0,7.245167184859768e+19,8.656378914972217e-22,521299.0301331023,0.31511441901891607,1,1,1,1.918307599468014e+22,0.0001471441132650344,7.436657962767818e+20,4446868980720544.5
37237.23723723724,2032.7860999826717,0.05000140641576234,280.0,7.208995681623023e+19,8.654184689959649e-22,521166.890888485,0.31453536732340664,1,1,1,1.9183047494152273e+22,0.00014714413512643103,7.401449946911168e+20,4443769664556397.5
37337.33733733734,2030.7236970256358,0.05000143572285071,280.0,7.173004764646475e+19,8.651988794665812e-22,521034.65105723514,0.3139571544796604,1,1,1,1.9183019050626317e+22,0.0001471441569441398,7.366302820820033e+20,4440656968466287.0
37437.43743743744,2028.6612940686,0.05000146564064325,280.0,7.137193532353068e+19,8.64979122612098e-22,520902.31046051165,0.31337977795224015,1,1,1,1.918299066398829e+22,0.000147144178718248,7.331216717013162e+20,4437530845628363.5
37537.53753753754,2026.5988911115642,0.050001496181865834,280.0,7.101561087666869e+19,8.647591981347126e-22,520769.8689189737,0.3128032352042141,1,1,1,1.9182962334124432e+22,0.0001471442004488426,7.296191768243845e+20,4434391249168153.0
37637.63763763764,2024.5364881545283,0.050001527359509516,280.0,7.0661065379906e+19,8.645391057357884e-22,520637.3262527783,0.31222752369713497,1,1,1,1.918293406092121e+22,0.00014714422213601053,7.261228107506207e+20,4431238132159814.5
37737.73773773774,2022.4740851974925,0.05000155918683606,280.0,7.030828995183276e+19,8.64318845115852e-22,520504.68228157825,0.311652640891018,1,1,1,1.918290584426532e+22,0.00014714424377983845,7.226325868041556e+20,4428071447627417.5
37837.83783783784,2020.4116822404567,0.050001591677383564,280.0,6.995727575537956e+19,8.640984159745894e-22,520371.9368245206,0.31107858424432033,1,1,1,1.9182877684043688e+22,0.00014714426538041294,7.19148518334476e+20,4424891148546231.0
37937.93793793794,2018.3492792834209,0.05000162484497225,280.0,6.960801399759607e+19,8.638778180108436e-22,520239.0897002443,0.310505351213919,1,1,1,1.918284958014346e+22,0.0001471442869378203,7.156706187170675e+20,4421697187844035.0
38038.03803803804,2016.286876326385,0.05000165870371031,280.0,6.926049592943073e+19,8.63657050922612e-22,520106.1407268792,0.30993293925509013,1,1,1,1.9182821532452015e+22,0.00014714430845214673,7.121989013540619e+20,4418489518402449.0
38138.13813813814,2014.2244733693492,0.05000169326799992,280.0,6.891471284551167e+19,8.6343611440704e-22,519973.0897220422,0.3093613458214881,1,1,1,1.918279354085695e+22,0.00014714432992347823,7.087333796748885e+20,4415268093058276.5
38238.23823823824,2012.1620704123134,0.050001728552543374,280.0,6.8570656083928605e+19,8.632150081604214e-22,519839.9365028373,0.3087905683651245,1,1,1,1.9182765605246097e+22,0.00014714435135190066,7.052740671369309e+20,4412032864604869.0
38338.33833833834,2010.0996674552775,0.05000176457234933,280.0,6.822831702601583e+19,8.629937318781933e-22,519706.68088585243,0.3082206043363465,1,1,1,1.9182737725507504e+22,0.00014714437273749968,7.018209772261865e+20,4408783785793507.5
38438.43843843844,2008.0372644982417,0.05000180134273919,280.0,6.788768709613633e+19,8.627722852549333e-22,519573.322687158,0.3076514511838172,1,1,1,1.9182709901529444e+22,0.00014714439408036075,6.983741234579316e+20,4405520809334802.0
38538.53853853854,2005.9748615412059,0.05000183887935362,280.0,6.754875776146695e+19,8.625506679843559e-22,519439.8617223047,0.3070831063544944,1,1,1,1.918268213320042e+22,0.00014714441538056925,6.949335193773918e+20,4402243887900111.5
38638.638638638644,2003.91245858417,0.050001877198159204,280.0,6.721152053178467e+19,8.62328879759309e-22,519306.29780632147,0.3065155672936099,1,1,1,1.9182654420409152e+22,0.00014714443663821027,6.914991785604145e+20,4398952974122979.5
38738.73873873874,2001.8500556271342,0.050001916315455246,280.0,6.687596695925396e+19,8.621069202717712e-22,519172.6307537134,0.30594883144464946,1,1,1,1.918262676304459e+22,0.00014714445785336884,6.880711146141495e+20,4395648020600591.0
38838.83883883884,1999.7876526700984,0.05000195624788067,280.0,6.654208863821507e+19,8.618847892128477e-22,519038.86037845985,0.3053828962493322,1,1,1,1.9182599160995894e+22,0.00014714447902612978,6.846493411777299e+20,4392328979895246.0
38938.93893893894,1997.7252497130626,0.05000199701242113,280.0,6.6209877204973535e+19,8.616624862727678e-22,518904.9864940127,0.3048177591475905,1,1,1,1.918257161415246e+22,0.0001471445001565777,6.812338719229613e+20,4388995804535853.5
39039.03903903904,1995.6628467560267,0.05000203862641624,280.0,6.587932433759061e+19,8.614400111408813e-22,518771.00891329406,0.3042534175775499,1,1,1,1.91825441224039e+22,0.00014714452124479712,6.77824720555014e+20,4385648447019444.0
39139.139139139144,1993.600443798991,0.0500020811075669,280.0,6.555042175567484e+19,8.612173635056534e-22,518636.92744869343,0.3036898689755088,1,1,1,1.9182516685640047e+22,0.0001471445422908723,6.74421900813119e+20,4382286859812702.5
39239.23923923924,1991.538040841955,0.05000212447394287,280.0,6.522316122017469e+19,8.609945430546636e-22,518502.74191206694,0.3031271107759194,1,1,1,1.9182489303750952e+22,0.0001471445632948874,6.710254264712715e+20,4378910995353520.0
39339.33933933934,1989.4756378849193,0.050002168743990466,280.0,6.489753453317203e+19,8.607715494746022e-22,518368.4521147351,0.3025651404113673,1,1,1,1.918246197662689e+22,0.00014714458425692638,6.676353113389352e+20,4375520806052563.0
39439.43943943944,1987.4132349278834,0.05000221393654036,280.0,6.4573533537676894e+19,8.605483824512639e-22,518234.0578674792,0.3020039553125521,1,1,1,1.9182434704158357e+22,0.00014714460517707304,6.642515692617543e+20,4372116244294866.0
39539.53953953954,1985.3508319708476,0.05000226007081562,280.0,6.425115011742305e+19,8.603250416695482e-22,518099.55898054136,0.3014435529082681,1,1,1,1.9182407486236065e+22,0.00014714462605541108,6.608742141222696e+20,4368697262441441.5
39639.639639639645,1983.2884290138118,0.05000230716643987,280.0,6.393037619666473e+19,8.601015268134528e-22,517964.95526362077,0.30088393062538493,1,1,1,1.9182380322750944e+22,0.00014714464689202387,6.575032598406376e+20,4365263812830911.0
39739.73973973974,1981.226026056776,0.05000235524344566,280.0,6.361120373997438e+19,8.598778375660727e-22,517830.24652587273,0.30032508588882834,1,1,1,1.918235321359415e+22,0.00014714466768699476,6.541387203753576e+20,4361815847781157.0
39839.83983983984,1979.16362309974,0.050002404322282964,280.0,6.32936247520413e+19,8.596539736095943e-22,517695.43257590564,0.2997670161215613,1,1,1,1.9182326158657044e+22,0.00014714468844040688,6.507806097239998e+20,4358353319590992.5
39939.93993993994,1977.1012201427043,0.05000245442382789,280.0,6.297763127747141e+19,8.594299346252932e-22,517560.5132217792,0.29920971874456537,1,1,1,1.9182299157831222e+22,0.00014714470915234322,6.474289419239415e+20,4354876180541853.5
40040.04004004004,1975.0388171856684,0.05000250556939156,280.0,6.266321540058785e+19,8.592057202935305e-22,517425.4882710025,0.2986531911768214,1,1,1,1.9182272211008482e+22,0.00014714472982288652,6.440837310531054e+20,4351384382899512.0
40140.140140140145,1972.9764142286326,0.05000255778072916,280.0,6.235036924523292e+19,8.589813302937486e-22,517290.3575305314,0.2980974308352917,1,1,1,1.918224531808085e+22,0.00014714475045211949,6.407449912307046e+20,4347877878915808.5
40240.240240240244,1970.9140112715968,0.05000261108004921,280.0,6.203908497457053e+19,8.587567643044688e-22,517155.12080676696,0.2975424351349012,1,1,1,1.918221847894056e+22,0.00014714477104012456,6.374127366179926e+20,4344356620830407.5
40340.34034034034,1968.851608314561,0.05000266549002302,280.0,6.172935479089007e+19,8.585320220032863e-22,517019.7779055526,0.2969882014885196,1,1,1,1.918219169348007e+22,0.00014714479158698404,6.340869814190155e+20,4340820560872570.5
40440.44044044044,1966.7892053575251,0.05000272103379427,280.0,6.142117093541096e+19,8.583071030668671e-22,516884.32863217214,0.29643472730694304,1,1,1,1.9182164961592043e+22,0.0001471448120927801,6.307677398813723e+20,4337269651262954.0
40540.54054054054,1964.7268024004893,0.05000277773498896,280.0,6.111452568808837e+19,8.58082007170945e-22,516748.772791348,0.29588200999887665,1,1,1,1.9182138283169367e+22,0.0001471448325575947,6.27455026296978e+20,4333703844215427.0
40640.640640640646,1962.6643994434535,0.05000283561772536,280.0,6.080941136741979e+19,8.578567339903174e-22,516613.1101872387,0.2953300469709164,1,1,1,1.918211165810514e+22,0.00014714485298150966,6.241488550028324e+20,4330123091938910.5
40740.740740740745,1960.6019964864176,0.050002894706624314,280.0,6.0505820330252616e+19,8.576312831988406e-22,516477.34062343615,0.29477883562753243,1,1,1,1.9182085086292677e+22,0.0001471448733646066,6.208492403817942e+20,4326527346639239.0
40840.84084084084,1958.5395935293818,0.050002955026819715,280.0,6.02037449715927e+19,8.574056544694283e-22,516341.46390296426,0.2942283733710507,1,1,1,1.9182058567625504e+22,0.00014714489370696706,6.175561968633581e+20,4322916560521041.5
40940.94094094094,1956.477190572346,0.05000301660396919,280.0,5.990317772441382e+19,8.571798474740458e-22,516205.4798282762,0.2936786576016369,1,1,1,1.9182032101997365e+22,0.00014714491400867234,6.142697389244394e+20,4319290685789649.0
41041.04104104104,1954.4147876153102,0.05000307946426499,280.0,5.960411105946814e+19,8.569538618837072e-22,516069.38820125215,0.29312968571727915,1,1,1,1.918200568930221e+22,0.00014714493426980357,6.109898810901612e+20,4315649674653019.0
41141.14114114115,1952.3523846582743,0.05000314363444517,280.0,5.93065374850976e+19,8.56727697368472e-22,515933.18882319727,0.292581455113771,1,1,1,1.918197932943421e+22,0.0001471449544904418,6.077166379346484e+20,4311993479323687.0
41241.241241241245,1950.2899817012385,0.05000320914180492,280.0,5.901044954704627e+19,8.565013535974406e-22,515796.8814948394,0.2920339631846958,1,1,1,1.9181953022287743e+22,0.00014714497467066786,6.044500240818259e+20,4308322052020737.0
41341.341341341344,1948.2275787442027,0.05000327601420822,280.0,5.871583982827358e+19,8.562748302387502e-22,515660.46601632616,0.29148720732140987,1,1,1,1.9181926767757397e+22,0.0001471449948105624,6.011900542062203e+20,4304635344971795.5
41441.44144144144,1946.1651757871668,0.05000334428009964,280.0,5.842270094876853e+19,8.560481269595725e-22,515523.94218722376,0.29094118491302634,1,1,1,1.918190056573798e+22,0.00014714501491020597,5.979367430337692e+20,4300933310415049.5
41541.54154154154,1944.102772830131,0.05000341396851649,280.0,5.8131025565364855e+19,8.558212434261075e-22,515387.30980651325,0.29039589334639987,1,1,1,1.91818744161245e+22,0.0001471450349696789,5.946901053426336e+20,4297215900601286.0
41641.64164164165,1942.0403698730952,0.05000348510910114,280.0,5.784080637155703e+19,8.55594179303583e-22,515250.5686725902,0.2898513300061107,1,1,1,1.9181848318812183e+22,0.00014714505498906137,5.914501559640156e+20,4293483067795955.5
41741.741741741745,1939.9779669160594,0.05000355773211361,280.0,5.755203609731731e+19,8.553669342562467e-22,515113.71858326014,0.28930749227444946,1,1,1,1.9181822273696465e+22,0.00014714507496843343,5.882169097829819e+20,4289734764281257.0
41841.841841841844,1937.9155639590235,0.05000363186844449,280.0,5.72647075089135e+19,8.551395079473651e-22,514976.75933573727,0.2887643775314021,1,1,1,1.918179628067299e+22,0.000147145094907875,5.8499038173929026e+20,4285970942358249.0
41941.94194194194,1935.8531610019877,0.050003707549628046,280.0,5.697881340872788e+19,8.549119000392196e-22,514839.6907266429,0.2882219831546349,1,1,1,1.9181770339637615e+22,0.0001471451148074657,5.817705868282233e+20,4282191554348981.5
42042.04204204204,1933.7907580449519,0.050003784807855625,280.0,5.669434663507681e+19,8.546841101931004e-22,514702.5125520014,0.2876803065194799,1,1,1,1.9181744450486395e+22,0.00014714513466728514,5.785575401014253e+20,4278396552598652.5
42142.14214214215,1931.728355087916,0.05000386367598938,280.0,5.641130006203138e+19,8.54456138069305e-22,514565.2246072393,0.2871393449989208,1,1,1,1.9181718613115607e+22,0.00014714515448741272,5.75351256667745e+20,4274585889477790.0
42242.242242242246,1929.6659521308802,0.050003944187576206,280.0,5.612966659923887e+19,8.542279833271324e-22,514427.82668718154,0.28659909596357847,1,1,1,1.9181692827421727e+22,0.00014714517426792765,5.721517516940836e+20,4270759517384455.5
42342.342342342345,1927.6035491738444,0.05000402637686205,280.0,5.584943919174517e+19,8.5399964562488e-22,514290.31858605036,0.2860595567816974,1,1,1,1.9181667093301445e+22,0.000147145194008909,5.689590404062458e+20,4266917388746472.0
42442.44244244244,1925.5411462168086,0.050004110278806434,280.0,5.5570610819818004e+19,8.5377112461984e-22,514152.7000974623,0.2855207248191321,1,1,1,1.9181641410651653e+22,0.00014714521371043574,5.657731380897978e+20,4263059456023677.5
42542.54254254254,1923.4787432597727,0.05000419592909737,280.0,5.529317449877115e+19,8.535424199682939e-22,514014.9710144254,0.2849825974393338,1,1,1,1.9181615779369456e+22,0.0001471452333725866,5.625940600909294e+20,4259185671710202.0
42642.64264264265,1921.416340302737,0.050004283364166485,280.0,5.501712327878942e+19,8.533135313255095e-22,513877.1311293371,0.28444517200333747,1,1,1,1.918159019935216e+22,0.00014714525299544016,5.594218218173203e+20,4255295988336769.5
42742.74274274275,1919.353937345701,0.05000437262120457,280.0,5.474245024475458e+19,8.53084458345737e-22,513739.18023398233,0.283908445869749,1,1,1,1.918156467049728e+22,0.00014714527257907487,5.562564387390133e+20,4251390358473025.5
42842.842842842845,1917.2915343886652,0.05000446373817736,280.0,5.4469148516072145e+19,8.528552006822044e-22,513601.11811953003,0.28337241639473315,1,1,1,1.9181539192702537e+22,0.00014714529212356907,5.530979263892889e+20,4247468734729886.0
42942.942942942944,1915.2291314316294,0.0500045567538417,280.0,5.419721124649899e+19,8.526257579871132e-22,513462.9445765313,0.28283708093200094,1,1,1,1.9181513765865854e+22,0.00014714531162900082,5.499463003655483e+20,4243531069761915.5
43043.04304304305,1913.1667284745936,0.05000465170776202,280.0,5.3926631623971865e+19,8.523961299116347e-22,513324.65939491655,0.2823024368327983,1,1,1,1.9181488389885367e+22,0.00014714533109544818,5.468015763301983e+20,4239577316269728.5
43143.14314314315,1911.1043255175578,0.05000474864032716,280.0,5.3657402870436766e+19,8.521663161059056e-22,513186.26236399345,0.28176848144589434,1,1,1,1.9181463064659406e+22,0.00014714535052298886,5.4366377001154386e+20,4235607427002416.5
43243.24324324325,1909.041922560522,0.05000484759276757,280.0,5.3389518241679114e+19,8.519363162190245e-22,513047.75327244424,0.2812352121175701,1,1,1,1.9181437790086515e+22,0.00014714536991170064,5.405328972046819e+20,4231621354759999.5
43343.343343343346,1906.979519603486,0.050004948607172806,280.0,5.312297102715483e+19,8.517061298990457e-22,512909.13190832245,0.2807026261916079,1,1,1,1.918141256606543e+22,0.0001471453892616609,5.374089737724026e+20,4227619052395904.0
43443.443443443444,1904.9171166464503,0.05000505172650948,280.0,5.285775454982224e+19,8.51475756792978e-22,512770.39805905183,0.280170721009281,1,1,1,1.9181387392495106e+22,0.00014714540857294712,5.342920156460941e+20,4223600472819468.0
43543.54354354355,1902.8547136894144,0.050005156994639484,280.0,5.2593862165974794e+19,8.512451965467774e-22,512631.55151142244,0.27963949390934273,1,1,1,1.918136226927469e+22,0.00014714542784563642,5.311820388266521e+20,4219565568998469.0
43643.64364364365,1900.7923107323786,0.05000526445633868,280.0,5.233128726507467e+19,8.510144488053453e-22,512492.5920515888,0.2791089422280174,1,1,1,1.9181337196303533e+22,0.00014714544707980585,5.280790593853943e+20,4215514293961681.5
43743.74374374375,1898.7299077753428,0.050005374157315936,280.0,5.207002326958713e+19,8.507835132125221e-22,512353.51946506684,0.2785790632989905,1,1,1,1.918131217348119e+22,0.00014714546627553235,5.249830934649783e+20,4211446600801457.0
43843.843843843846,1896.667504818307,0.05000548614423255,280.0,5.181006363481583e+19,8.505523894110848e-22,512214.3335367319,0.27804985445339947,1,1,1,1.9181287200707423e+22,0.0001471454854328926,5.21894157280325e+20,4207362442676333.0
43943.943943943945,1894.6051018612711,0.05000560046472212,280.0,5.1551401848738775e+19,8.50321077042741e-22,512075.03405081545,0.27752131301982513,1,1,1,1.9181262277882182e+22,0.00014714550455196315,5.1881226711954647e+20,4203261772813669.0
44044.04404404405,1892.5426989042353,0.050005717167410785,280.0,5.1294031431845265e+19,8.500895757481262e-22,511935.6207909031,0.2769934363242832,1,1,1,1.9181237404905633e+22,0.00014714552363282054,5.157374393448772e+20,4199144544512305.5
44144.14414414415,1890.4802959471995,0.0500058363019379,280.0,5.103794593697364e+19,8.498578851667974e-22,511796.09353993123,0.2764662216902165,1,1,1,1.9181212581678134e+22,0.00014714554267554093,5.126696903936113e+20,4195010711145254.5
44244.24424424425,1888.4178929901636,0.05000595791897719,280.0,5.078313894914956e+19,8.496260049372307e-22,511656.45208018523,0.27593966643848655,1,1,1,1.9181187808100243e+22,0.0001471455616802005,5.0960903677904165e+20,4190860226162413.5
44344.34434434435,1886.3554900331278,0.05000608207025824,280.0,5.052960408542554e+19,8.49393934696816e-22,511516.6961932962,0.27541376788736766,1,1,1,1.9181163084072723e+22,0.0001471455806468752,5.0655549509140546e+20,4186693043093307.5
44444.444444444445,1884.293087076092,0.050006208808588526,280.0,5.027733499472093e+19,8.491616740818512e-22,511376.82566023775,0.2748885233525387,1,1,1,1.9181138409496534e+22,0.00014714559957564085,5.0350908199883244e+20,4182509115549859.5
44544.54454454455,1882.2306841190561,0.050006338187875886,280.0,5.002632535766289e+19,8.489292227275412e-22,511236.84026132536,0.2743639301470775,1,1,1,1.918111378427283e+22,0.0001471456184665731,5.0046981424829766e+20,4178308397229186.5
44644.64464464465,1880.1682811620203,0.050006470263151435,280.0,4.977656888642805e+19,8.486965802679888e-22,511096.7397762106,0.27383998558145484,1,1,1,1.918108920830298e+22,0.0001471456373197475,4.97437708666579e+20,4174090841916425.0
44744.74474474475,1878.1058782049845,0.05000660509059295,280.0,4.952805932458496e+19,8.484637463361944e-22,510956.5239838814,0.27331668696352834,1,1,1,1.918106468148853e+22,0.00014714565613523938,4.9441278216121634e+20,4169856403487581.0
44844.84484484485,1876.0434752479487,0.0500067427275488,280.0,4.928079044693745e+19,8.48230720564049e-22,510816.1926626574,0.27279403159853777,1,1,1,1.9181040203731244e+22,0.00014714567491312392,4.913950517214769e+20,4165605035912412.0
44944.944944944946,1873.9810722909128,0.050006883232562305,280.0,4.903475605936863e+19,8.479975025823305e-22,510675.74559018784,0.27227201678909996,1,1,1,1.9181015774933065e+22,0.00014714569365347627,4.88384534419323e+20,4161336693257333.5
45045.04504504505,1871.918669333877,0.050007026665396644,280.0,4.8789949998685725e+19,8.477640920206988e-22,510535.18254344905,0.27175063983520464,1,1,1,1.918099139499615e+22,0.00014714571235637124,4.853812474103834e+20,4157051329688355.5
45145.14514514515,1869.8562663768412,0.05000717308706028,280.0,4.8546366132465795e+19,8.47530488507691e-22,510394.5032987408,0.27122989803421105,1,1,1,1.918096706382284e+22,0.00014714573102188365,4.8238520793492934e+20,4152748899474046.5
45245.24524524525,1867.7938634198053,0.050007322559832874,280.0,4.83039983589019e+19,8.472966916707172e-22,510253.70763168443,0.2707097886808435,1,1,1,1.918094278131568e+22,0.00014714574965008805,4.793964333188515e+20,4148429356988526.5
45345.34534534535,1865.7314604627695,0.05000747514729182,280.0,4.806284060665046e+19,8.470627011360559e-22,510112.7953172196,0.27019030906718955,1,1,1,1.9180918547377413e+22,0.00014714576824105896,4.76414940974643e+20,4144092656714486.0
45445.445445445446,1863.6690575057337,0.05000763091433925,280.0,4.782288683467905e+19,8.468285165288484e-22,509971.76612960146,0.26967145648269697,1,1,1,1.918089436191097e+22,0.00014714578679487066,4.734407484023838e+20,4139738753246238.5
45545.54554554555,1861.6066545486979,0.05000778992722964,280.0,4.75841310321151e+19,8.46594137473096e-22,509830.6198423983,0.26915322821417176,1,1,1,1.918087022481949e+22,0.00014714580531159728,4.704738731907282e+20,4135367601292796.5
45645.64564564565,1859.544251591662,0.05000795225359799,280.0,4.73465672180954e+19,8.463595635916521e-22,509689.35622848716,0.2686356215457773,1,1,1,1.9180846136006285e+22,0.0001471458237913129,4.675143330178967e+20,4130979155680981.0
45745.74574574575,1857.4818486346262,0.050008117962488594,280.0,4.7110189441616085e+19,8.4612479450622105e-22,509547.9750600534,0.2681186337590325,1,1,1,1.9180822095374886e+22,0.0001471458422340913,4.645621456526683e+20,4126573371358556.0
45845.84584584585,1855.4194456775904,0.050008287124384376,280.0,4.687499178138376e+19,8.458898298373509e-22,509406.4761085857,0.26760226213281185,1,1,1,1.918079810282901e+22,0.00014714586064000626,4.61617328955377e+20,4122150203397394.5
45945.94594594595,1853.3570427205545,0.050008459811236916,280.0,4.664096834566707e+19,8.45654669204429e-22,509264.8591448739,0.26708650394334554,1,1,1,1.918077415827256e+22,0.00014714587900913127,4.586799008789106e+20,4117709606996673.5
46046.04604604605,1851.2946397635187,0.05000863609649699,280.0,4.640811327214912e+19,8.454193122256786e-22,509123.12393900694,0.26657135646421987,1,1,1,1.918075026160964e+22,0.0001471458973415398,4.5574987946971097e+20,4113251537486099.0
46146.14614614615,1849.232236806483,0.05000881605514585,280.0,4.617642072778073e+19,8.451837585181518e-22,508981.27026036824,0.26605681696637845,1,1,1,1.918072641274455e+22,0.00014714591563730513,4.5282728286877784e+20,4108775950329159.0
46246.24624624625,1847.169833849447,0.05000899976372708,280.0,4.594588490863406e+19,8.449480076977259e-22,508839.2978776337,0.26554288271812376,1,1,1,1.9180702611581776e+22,0.00014714593389650036,4.499121293126726e+20,4104282801126407.5
46346.34634634635,1845.1074308924112,0.05000918730037917,280.0,4.571650003975752e+19,8.4471205937909835e-22,508697.20655876904,0.26502955098511954,1,1,1,1.9180678858026e+22,0.00014714595211919845,4.470044371345253e+20,4099772045618777.5
46446.44644644645,1843.0450279353754,0.05000937874486873,280.0,4.54882603750309e+19,8.444759131757818e-22,508554.9960710262,0.2645168190303933,1,1,1,1.9180655151982097e+22,0.00014714597030547223,4.4410422476504295e+20,4095243639690924.5
46546.54654654655,1840.9826249783396,0.05000957417862442,280.0,4.526116019702151e+19,8.442395687000994e-22,508412.66618094075,0.2640046841143401,1,1,1,1.9180631493355135e+22,0.00014714598845539441,4.412115107335187e+20,4090697539374600.5
46646.64664664665,1838.9202220213037,0.05000977368477159,280.0,4.503519381684103e+19,8.44003025563179e-22,508270.2166543287,0.263493143494726,1,1,1,1.918060788205037e+22,0.00014714600656903749,4.3832631366884314e+20,4086133700852057.0
46746.74674674675,1836.857819064268,0.05000997734816759,280.0,4.481035557400277e+19,8.437662833749485e-22,508127.6472562832,0.262982194426693,1,1,1,1.9180584317973248e+22,0.0001471460246464739,4.3544865230051495e+20,4081552080459479.0
46846.84684684685,1834.795416107232,0.05001018525543789,280.0,4.4586639836280136e+19,8.43529341744131e-22,507984.9577511719,0.2624718341627638,1,1,1,1.9180560801029413e+22,0.0001471460426877758,4.325785454596536e+20,4076952634690449.0
46946.94694694695,1832.7330131501963,0.05001039749501293,280.0,4.43640409995654e+19,8.432922002782396e-22,507842.1479026338,0.2619620599528478,1,1,1,1.9180537331124693e+22,0.00014714606069301544,4.2971601208001207e+20,4072335320199443.0
47047.047047047054,1830.6706101931604,0.050010614157165664,280.0,4.414255348772933e+19,8.430548585835731e-22,507699.2174735767,0.2614528690442473,1,1,1,1.9180513908165106e+22,0.0001471460786622646,4.268610711989896e+20,4067700093805355.0
47147.14714714715,1828.6082072361246,0.05001083533405002,280.0,4.392217175248158e+19,8.428173162652083e-22,507556.1662261724,0.2609442586816645,1,1,1,1.918049053205687e+22,0.00014714609659559517,4.240137419586452e+20,4063046912495055.5
47247.24724724725,1826.5458042790888,0.05001106111974003,280.0,4.370289027323157e+19,8.425795729269986e-22,507412.99392185593,0.2604362261072091,1,1,1,1.9180467202706375e+22,0.00014714611449307883,4.2117404360670924e+20,4058375733426975.0
47347.34734734735,1824.483401322053,0.05001129161026989,280.0,4.348470355695031e+19,8.4234162817156515e-22,507269.70032132027,0.2599287685604067,1,1,1,1.9180443920020214e+22,0.0001471461323547871,4.183419954975958e+20,4053686513934726.0
47447.44744744745,1822.420998365017,0.05001152690367472,280.0,4.326760613803278e+19,8.421034816002942e-22,507126.2851845148,0.2594218832782076,1,1,1,1.918042068390517e+22,0.00014714615018079127,4.1551761709341396e+20,4048979211530751.0
47547.547547547554,1820.3585954079813,0.05001176710003234,280.0,4.305159257816094e+19,8.418651328133302e-22,506982.74827064096,0.25891556749499606,1,1,1,1.91803974942682e+22,0.00014714616797116263,4.127009279649771e+20,4044253783910002.5
47647.64764764765,1818.2961924509455,0.05001201230150576,280.0,4.283665746616767e+19,8.416265814095723e-22,506839.08933815046,0.25840981844260136,1,1,1,1.9180374351016463e+22,0.0001471461857259723,4.098919477928122e+20,4039510188953656.5
47747.74774774775,1816.2337894939096,0.05001226261238666,280.0,4.262279541790097e+19,8.413878269866678e-22,506695.30814474076,0.2579046333503079,1,1,1,1.91803512540573e+22,0.00014714620344529118,4.070906963681651e+20,4034748384732855.0
47847.84784784785,1814.1713865368738,0.050012518139139706,280.0,4.241000107608931e+19,8.411488691410054e-22,506551.40444735176,0.2574000094448675,1,1,1,1.918032820329824e+22,0.0001471462211291901,4.042971935940055e+20,4029968329512481.5
47947.94794794795,1812.108983579838,0.050012778990447856,280.0,4.219826911020732e+19,8.409097074677142e-22,506407.3780021645,0.2568959439505114,1,1,1,1.9180305198647e+22,0.00014714623877773968,4.015114594860286e+20,4025169981754967.5
48048.048048048055,1810.0465806228021,0.050013045277258555,280.0,4.198759421634225e+19,8.406703415606529e-22,506263.2285645952,0.2563924340889634,1,1,1,1.9180282240011482e+22,0.00014714625639101044,3.9873351417365365e+20,4020353300124130.0
48148.14814814815,1807.9841776657663,0.050013317112830906,280.0,4.177797111706122e+19,8.404307710124088e-22,506118.95588929433,0.25588947707945364,1,1,1,1.9180259327299778e+22,0.00014714627396907276,3.959633779010202e+20,4015518243489045.0
48248.24824824825,1805.9217747087305,0.05001359461278384,280.0,4.156939456127888e+19,8.401909954142902e-22,505974.5597301421,0.2553870701387334,1,1,1,1.918023646042016e+22,0.00014714629151199688,3.932010710279787e+20,4010664770927945.0
48348.34834834835,1803.8593717516947,0.05001387789514527,280.0,4.136185932412591e+19,8.399510143563213e-22,505830.0398402455,0.2548852104810903,1,1,1,1.918021363928109e+22,0.00014714630901985286,3.904466140310791e+20,4005792841732157.5
48448.44844844845,1801.7969687946588,0.050014167080402294,280.0,4.11553602068182e+19,8.397108274272356e-22,505685.3959719342,0.25438389531836386,1,1,1,1.918019086379122e+22,0.00014714632649271068,3.877000275045536e+20,4000902415410069.0
48548.548548548555,1799.734565837623,0.0500144622915524,280.0,4.094989203652652e+19,8.394704342144735e-22,505540.62787675904,0.25388312185996326,1,1,1,1.918016813385937e+22,0.00014714634393064017,3.8496133216129457e+20,3995993451691123.5
48648.648648648654,1797.6721628805872,0.05001476365415581,280.0,4.074544966624708e+19,8.392298343041735e-22,505395.7353054871,0.2533828873128844,1,1,1,1.9180145449394573e+22,0.0001471463613337109,3.822305488338279e+20,3991065910529856.0
48748.74874874875,1795.6097599235513,0.05001507129638878,280.0,4.054202797467247e+19,8.389890272811679e-22,505250.7180080985,0.2528831888817285,1,1,1,1.918012281030602e+22,0.0001471463787019925,3.795076984752786e+20,3986119752109953.0
48848.84884884885,1793.5473569665155,0.050015385349098225,280.0,4.033962186606333e+19,8.387480127289773e-22,505105.5757337838,0.2523840237687211,1,1,1,1.9180100216503094e+22,0.00014714639603555425,3.767928021603317e+20,3981154936848349.0
48948.94894894895,1791.4849540094797,0.05001570594585723,280.0,4.013822627012091e+19,8.385067902298045e-22,504960.3082309396,0.25188538917373243,1,1,1,1.918007766789537e+22,0.00014714641333446547,3.740858810861854e+20,3976171425399355.0
49049.049049049056,1789.4225510524439,0.050016033223021936,280.0,3.993783614185983e+19,8.382653593645295e-22,504814.9152471663,0.25138728229429835,1,1,1,1.9180055164392602e+22,0.00014714643059879524,3.7138695657349605e+20,3971169178658820.0
49149.149149149154,1787.360148095408,0.05001636731978945,280.0,3.97384464614819e+19,8.380237197127021e-22,504669.3965292628,0.2508897003256419,1,1,1,1.9180032705904723e+22,0.00014714644782861248,3.686960500673172e+20,3966148157768324.5
49249.24924924925,1785.2977451383722,0.050016708378257085,280.0,3.954005223425023e+19,8.377818708525395e-22,504523.7518232259,0.25039264046069587,1,1,1,1.918001029234185e+22,0.0001471464650239861,3.660131831380269e+20,3961108324119406.0
49349.34934934935,1783.2353421813364,0.05001705654348273,280.0,3.934264849036411e+19,8.375398123609162e-22,504377.9808742434,0.24989609989012643,1,1,1,1.9179987923614285e+22,0.0001471464821849847,3.6333837748224826e+20,3956049639357818.5
49449.44944944945,1781.1729392243005,0.05001741196354654,280.0,3.914623028483462e+19,8.372975438133617e-22,504232.0834266935,0.2494000758023574,1,1,1,1.9179965599632513e+22,0.00014714649931167687,3.606716549237589e+20,3950972065387825.0
49549.549549549556,1779.1105362672647,0.05001777478961392,280.0,3.895079269736068e+19,8.370550647840529e-22,504086.05922413967,0.24890456538359573,1,1,1,1.91799433203072e+22,0.00014714651640413098,3.5801303741439024e+20,3945875564376522.5
49649.649649649655,1777.0481333102289,0.05001814517599974,280.0,3.875633083220586e+19,8.368123748458085e-22,503939.90800932737,0.2484095658178574,1,1,1,1.917992108554919e+22,0.00014714653346241532,3.5536254703491586e+20,3940760098758200.5
49749.74974974975,1774.985730353193,0.05001852328023402,280.0,3.856283981807566e+19,8.365694735700832e-22,503793.62952418084,0.24791507428699439,1,1,1,1.9179898895269515e+22,0.00014714655048659803,3.527202059959267e+20,3935625631238731.0
49849.84984984985,1772.9233273961572,0.05001890926312881,280.0,3.83703148079955e+19,8.363263605269624e-22,503647.2235097995,0.24742108797072296,1,1,1,1.917987674937938e+22,0.0001471465674767471,3.500860366386951e+20,3930472124799993.5
49949.94994994995,1770.8609244391214,0.05001930328884664,280.0,3.817875097918937e+19,8.36083035285155e-22,503500.68970645394,0.24692760404665276,1,1,1,1.917985464779018e+22,0.00014714658443293034,3.474600614360249e+20,3925299542704333.5
50050.05005005006,1768.7985214820856,0.05001970552497028,280.0,3.7988143532958925e+19,8.358394974119875e-22,503354.0278535823,0.24643461969031627,1,1,1,1.917983259041348e+22,0.00014714660135521548,3.4484230299308694e+20,3920107848499050.5
50150.150150150155,1766.7361185250497,0.05002011614257397,280.0,3.77984876945634e+19,8.355957464734e-22,503207.23768978764,0.2459421320751999,1,1,1,1.9179810577161038e+22,0.00014714661824367014,3.422327840482408e+20,3914897006020926.0
50250.250250250254,1764.673715568014,0.050020535316296195,280.0,3.760977871309988e+19,8.353517820339368e-22,503060.3189528327,0.24545013837277613,1,1,1,1.9179788607944776e+22,0.0001471466350983617,3.39631527473839e+20,3909666979400776.5
50350.35035035035,1762.611312610978,0.05002096322441387,280.0,3.74220118613843e+19,8.351076036567429e-22,502913.2713796373,0.24495863575253585,1,1,1,1.917976668267681e+22,0.0001471466519193575,3.370385562770162e+20,3904417733068047.5
50450.45045045045,1760.5489096539422,0.050021400048918196,280.0,3.7235182435833135e+19,8.348632109035577e-22,502766.09470627486,0.24446762138202277,1,1,1,1.9179744801269427e+22,0.00014714666870672467,3.344538936004603e+20,3899149231755435.0
50550.55055055056,1758.4865066969064,0.05002184597559196,280.0,3.704928575634544e+19,8.346186033347067e-22,502618.7886679675,0.24397709242686805,1,1,1,1.9179722963635092e+22,0.00014714668546053023,3.318775627231642e+20,3893861440503544.5
50650.650650650656,1756.4241037398706,0.05002230119408857,280.0,3.686431716618576e+19,8.343737805090973e-22,502471.35299908306,0.24348704605082616,1,1,1,1.9179701169686456e+22,0.00014714670218084113,3.293095870611608e+20,3888554324665582.5
50750.750750750754,1754.3617007828348,0.050022765898012654,280.0,3.668027203186734e+19,8.341287419842126e-22,502323.7874331318,0.24299747941581207,1,1,1,1.9179679419336342e+22,0.0001471467188677241,3.2674999016823384e+20,3883227849912079.0
50850.85085085085,1752.299297825799,0.05002324028500235,280.0,3.6497145743036092e+19,8.338834873161033e-22,502176.0917027613,0.24250838968193913,1,1,1,1.9179657712497754e+22,0.00014714673552124576,3.2419879573661064e+20,3877881982235646.5
50950.95095095095,1750.236894868763,0.05002372455681336,280.0,3.6314933712355156e+19,8.336380160593837e-22,502028.26553975436,0.24201977400755842,1,1,1,1.9179636049083873e+22,0.00014714675214147258,3.2165602759763087e+20,3872516687955771.0
51051.05105105106,1748.1744919117273,0.05002421891940467,280.0,3.6133631375389946e+19,8.333923277672232e-22,501880.3086750233,0.24153162954929877,1,1,1,1.9179614429008057e+22,0.0001471467687284709,3.19121709722392e+20,3867131933723636.5
51151.151151151156,1746.1120889546914,0.05002472358302614,280.0,3.5953234190493856e+19,8.331464219913411e-22,501732.2208386074,0.2410439534621083,1,1,1,1.9179592852183838e+22,0.00014714678528230694,3.165958662223711e+20,3861727686526985.5
51251.251251251255,1744.0496859976556,0.05002523876230784,280.0,3.577373763869442e+19,8.3290029828200115e-22,501584.0017596692,0.24055674289929674,1,1,1,1.9179571318524933e+22,0.00014714680180304677,3.1407852135001856e+20,3856303913695007.5
51351.35135135135,1741.9872830406198,0.05002576467635132,280.0,3.5595137223580123e+19,8.326539561880022e-22,501435.65116648935,0.24006999501257886,1,1,1,1.917954982794523e+22,0.00014714681829075638,3.115696994993276e+20,3850860582903267.0
51451.45145145145,1739.924880083584,0.05002630154882273,280.0,3.541742847118782e+19,8.324073952566745e-22,501287.16878646374,0.2395837069521195,1,1,1,1.917952838035879e+22,0.00014714683474550153,3.090694252063738e+20,3845397662178662.0
51551.55155155156,1737.8624771265481,0.050026849608047874,280.0,3.5240606929890615e+19,8.321606150338722e-22,501138.5543460996,0.2390978758665794,1,1,1,1.917950697567986e+22,0.00014714685116734794,3.065777231498255e+20,3839915119904415.0
51651.65165165166,1735.8000741695123,0.050027409087109294,280.0,3.5064668170286404e+19,8.319136150639654e-22,500989.8075710103,0.2386124989031623,1,1,1,1.917948561382285e+22,0.00014714686755636105,3.040946181514243e+20,3834412924825102.0
51751.751751751755,1733.7376712124765,0.050027980223945306,280.0,3.488960778508684e+19,8.316663948898359e-22,500840.92818591296,0.23812757320766303,1,1,1,1.917946429470236e+22,0.00014714688391260637,3.016201351764318e+20,3828891046051709.0
51851.851851851854,1731.6752682554406,0.05002856326145117,280.0,3.471542138900695e+19,8.314189540528698e-22,500691.915914624,0.23764309592451716,1,1,1,1.9179443018233155e+22,0.00014714690023614913,2.991542993340443e+20,3823349453066726.0
51951.95195195195,1729.6128652984048,0.050029158447582316,280.0,3.454210461865534e+19,8.311712920929493e-22,500542.77048005426,0.23715906419685173,1,1,1,1.9179421784330176e+22,0.00014714691652705446,2.9669713587777156e+20,3817788115729274.0
52052.05205205206,1727.550462341369,0.05002976603545972,280.0,3.4369653132424806e+19,8.30923408548448e-22,500393.49160420586,0.23667547516653697,1,1,1,1.9179400592908542e+22,0.0001471469327853874,2.9424867020577957e+20,3812207004280264.0
52152.15215215216,1725.4880593843332,0.05003038628347751,280.0,3.4198062610383684e+19,8.306753029562224e-22,500244.07900816743,0.2361923259742399,1,1,1,1.917937944388355e+22,0.00014714694901121273,2.9180892786119567e+20,3806606089347591.5
52252.252252252256,1723.4256564272973,0.05003101945541276,280.0,3.4027328754167546e+19,8.304269748516073e-22,500094.53241211135,0.23570961375947846,1,1,1,1.917935833717066e+22,0.0001471469652045953,2.8937793453237246e+20,3800985341951360.5
52352.352352352355,1721.3632534702615,0.05003166582053762,280.0,3.38574472868715e+19,8.3017842376840685e-22,499944.85153528786,0.23522733566067713,1,1,1,1.9179337272685513e+22,0.00014714698136559964,2.869557160531124e+20,3795344733509146.0
52452.45245245245,1719.3008505132257,0.05003232565373375,280.0,3.3688413952943174e+19,8.29929649238888e-22,499795.0360960218,0.23474548881522447,1,1,1,1.9179316250343924e+22,0.00014714699749429025,2.8454229840284837e+20,3789684235841285.5
52552.55255255256,1717.2384475561898,0.05003299923560916,280.0,3.3520224518075994e+19,8.296806507937751e-22,499645.08581170894,0.23426407035953087,1,1,1,1.917929527006188e+22,0.0001471470135907315,2.821377077067797e+20,3784003821176205.5
52652.65265265266,1715.176044599154,0.050033686852617415,280.0,3.3352874769103233e+19,8.294314279622412e-22,499495.0003988108,0.23378307742908896,1,1,1,1.9179274331755542e+22,0.00014714702965498754,2.7974197023596252e+20,3778303462155782.5
52752.752752752756,1713.1136416421182,0.05003438879717945,280.0,3.318636051389234e+19,8.29181980271902e-22,499344.779572851,0.23330250715853398,1,1,1,1.9179253435341245e+22,0.00014714704568712244,2.7735511240735015e+20,3772583131840732.5
52852.852852852855,1711.0512386850824,0.05003510536780774,280.0,3.3020677581240025e+19,8.289323072488088e-22,499194.42304841126,0.2328223566817064,1,1,1,1.9179232580735494e+22,0.00014714706168720017,2.7497716078378487e+20,3766842803716038.5
52952.95295295295,1708.9888357280465,0.05003583686923327,280.0,3.2855821820767683e+19,8.286824084174404e-22,499043.93053912604,0.23234262313171566,1,1,1,1.9179211767854968e+22,0.00014714707765528455,2.7260814207393684e+20,3761082451696408.5
53053.05305305306,1706.9264327710107,0.05003658361253494,280.0,3.2691789102817518e+19,8.284322833006976e-22,498893.3017576798,0.23186330364100552,1,1,1,1.9179190996616515e+22,0.0001471470935914393,2.7024808313218862e+20,3755302050131766.5
53153.15315315316,1704.8640298139749,0.050037345915271814,280.0,3.2528575318349074e+19,8.281819314198951e-22,498742.53641580156,0.23138439534142025,1,1,1,1.917917026693716e+22,0.00014714710949572784,2.6789701095846442e+20,3749501573812778.0
53253.25325325326,1702.801626856939,0.05003812410161801,280.0,3.2366176378836255e+19,8.279313522947538e-22,498591.6342242607,0.23090589536427308,1,1,1,1.91791495787341e+22,0.0001471471253682137,2.6555495269799913e+20,3743680997976404.0
53353.353353353355,1700.7392238999032,0.05003891850250051,280.0,3.2204588216164938e+19,8.276805454433948e-22,498440.59489286307,0.23042780084041517,1,1,1,1.9179128931924696e+22,0.0001471471412089601,2.6322193564104845e+20,3737840298311492.5
53453.453453453454,1698.6768209428674,0.050039729455739736,280.0,3.204380678253104e+19,8.274295103823317e-22,498289.4181304466,0.22995010890030657,1,1,1,1.9179108326426485e+22,0.00014714715701803026,2.6089798722253527e+20,3731979450964398.5
53553.55355355356,1696.6144179858316,0.05004055730619311,280.0,3.188382805033917e+19,8.2717824662646205e-22,498138.1036448758,0.2294728166740888,1,1,1,1.917908776215718e+22,0.00014714717279548715,2.5858313502163085e+20,3726098432544639.5
53653.65365365366,1694.5520150287957,0.05004140240590158,280.0,3.1724648012101722e+19,8.26926753689062e-22,497986.651143039,0.2289959212916586,1,1,1,1.9179067239034656e+22,0.00014714718854139369,2.5627740676126913e+20,3720197220130582.5
53753.75375375376,1692.48961207176,0.0500422651142392,280.0,3.156626268033847e+19,8.266750310817778e-22,497835.06033084285,0.2285194198827431,1,1,1,1.9179046756976964e+22,0.00014714720425581263,2.539808303075894e+20,3714275791275160.0
53853.853853853856,1690.427209114724,0.05004314579806582,280.0,3.1408668087476662e+19,8.264230783146178e-22,497683.33091320767,0.22804330957697683,1,1,1,1.9179026315902324e+22,0.0001471472199388066,2.5169343366930773e+20,3708334124011622.0
53953.953953953955,1688.3648061576882,0.05004404483188295,280.0,3.125186028575166e+19,8.261708948959464e-22,497531.46259406366,0.22756758750397996,1,1,1,1.9179005915729127e+22,0.00014714723559043814,2.494152449970127e+20,3702372196859319.0
54054.05405405406,1686.3024032006524,0.050044962597992876,280.0,3.109583534710805e+19,8.259184803324749e-22,497379.45507634565,0.22709225079343834,1,1,1,1.9178985556375933e+22,0.00014714725121076959,2.4714629258238273e+20,3696389988829515.0
54154.15415415416,1684.2400002436166,0.0500458994866611,280.0,3.094058936310127e+19,8.25665834129256e-22,497227.3080619895,0.22661729657518506,1,1,1,1.9178965237761472e+22,0.00014714726679986316,2.44886604857324e+20,3690387479431234.0
54254.25425425426,1682.1775972865807,0.05004685589628209,280.0,3.078611844479963e+19,8.254129557896733e-22,497075.0212519261,0.22614272197928348,1,1,1,1.917894495980464e+22,0.00014714728235778102,2.426362103930228e+20,3684364648677136.0
54354.35435435436,1680.115194329545,0.05004783223354859,280.0,3.0632418722686968e+19,8.251598448154365e-22,496922.5943460781,0.22566852413611188,1,1,1,1.9178924722424507e+22,0.00014714729788458514,2.4039513789891327e+20,3678321477089427.0
54454.454454454455,1678.052791372509,0.05004882891362434,280.0,3.0479486346565624e+19,8.249065007065719e-22,496770.0270433545,0.22519470017644974,1,1,1,1.9178904525540312e+22,0.00014714731338033737,2.381634162215549e+20,3672257945705797.0
54554.55455455456,1675.9903884154733,0.05004984636032047,280.0,3.0327317485460103e+19,8.246529229614155e-22,496617.31904164643,0.22472124723156578,1,1,1,1.9178884369071462e+22,0.00014714732884509946,2.359410743434175e+20,3666174036085392.0
54654.65465465466,1673.9279854584374,0.05005088500627552,280.0,3.0175908327521083e+19,8.243991110766042e-22,496464.47003782156,0.22424816243330759,1,1,1,1.917886425293753e+22,0.00014714734427893298,2.3372814138157128e+20,3660069730314815.0
54754.75475475476,1671.8655825014016,0.050051945293139215,280.0,3.002525507992983e+19,8.241450645470692e-22,496311.4797277206,0.2237754429141926,1,1,1,1.917884417705826e+22,0.0001471473596818994,2.3152464658627645e+20,3653945011014156.5
54854.85485485486,1669.8031795443658,0.050053027671760085,280.0,2.987535396880335e+19,8.238907828660276e-22,496158.34780615196,0.22330308580750158,1,1,1,1.9178824141353563e+22,0.00014714737505406003,2.2933061933947234e+20,3647799861343058.0
54954.954954954956,1667.74077658733,0.05005413260237694,280.0,2.9726201239099654e+19,8.23636265524974e-22,496005.0739668867,0.2228310882473725,1,1,1,1.9178804145743523e+22,0.00014714739039547615,2.2714608915316005e+20,3641634265006805.0
55055.05505505506,1665.6783736302941,0.05005526055481437,280.0,2.957779315452388e+19,8.2338151201367295e-22,495851.6579026539,0.22235944736889754,1,1,1,1.9178784190148385e+22,0.00014714740570620881,2.249710856676761e+20,3635448206262447.5
55155.15515515516,1663.6159706732583,0.050056412008682286,280.0,2.943012599743463e+19,8.231265218201513e-22,495698.0993051365,0.22188816030822106,1,1,1,1.917876427448856e+22,0.00014714742098631897,2.2280563864985403e+20,3629241669924955.0
55255.25525525526,1661.5535677162225,0.05005758745357963,280.0,2.928319606875078e+19,8.228712944306887e-22,495544.39786496485,0.22141722420263923,1,1,1,1.9178744398684638e+22,0.00014714743623586745,2.2064977799106855e+20,3623014641373396.0
55355.35535535536,1659.4911647591866,0.05005878738930229,280.0,2.9136999687858926e+19,8.226158293298116e-22,495390.5532717138,0.22094663619070165,1,1,1,1.9178724562657367e+22,0.00014714745145491493,2.185035337051608e+20,3616767106557150.5
55455.455455455456,1657.4287618021508,0.0500600123260554,280.0,2.899153319252107e+19,8.22360126000283e-22,495236.56521389604,0.22047639341231492,1,1,1,1.9178704766327664e+22,0.000147147466643522,2.1636693592623913e+20,3610499052002149.5
55555.55555555556,1655.366358845115,0.050061262784669956,280.0,2.884679293878297e+19,8.221041839230954e-22,495082.4333789583,0.22000649300884773,1,1,1,1.9178685009616616e+22,0.0001471474818017491,2.142400149063523e+20,3604210464817144.0
55655.65565565566,1653.3039558880791,0.05006253929682404,280.0,2.8702775300882862e+19,8.218480025774626e-22,494928.1574532758,0.21953693212323802,1,1,1,1.917866529244547e+22,0.0001471474969296566,2.121228010130313e+20,3597901332700005.0
55755.75575575576,1651.2415529310433,0.05006384240526857,280.0,2.8559476671160558e+19,8.215915814408106e-22,494773.73712214734,0.21906770790010155,1,1,1,1.917864561473565e+22,0.0001471475120273046,2.10015324726694e+20,3591571643944046.0
55855.85585585586,1649.1791499740075,0.0500651726640578,280.0,2.8416893459967136e+19,8.213349199887699e-22,494619.17206979054,0.2185988174858427,1,1,1,1.9178625976408734e+22,0.00014714752709475324,2.0791761663791114e+20,3585221387444379.5
55955.95595595596,1647.1167470169717,0.050066530638784544,280.0,2.8275022095574966e+19,8.210780176951662e-22,494464.4619793358,0.21813025802876712,1,1,1,1.9178606377386478e+22,0.00014714754213206237,2.058297074445273e+20,3578850552704298.5
56056.05605605606,1645.0543440599358,0.05006791690682035,280.0,2.81338590240883e+19,8.20820874032013e-22,494309.6065328225,0.2176620266791961,1,1,1,1.9178586817590796e+22,0.00014714755713929187,2.0375162794863287e+20,3572459129841685.5
56156.15615615616,1642.9919411029,0.05006933205756065,280.0,2.799340070935424e+19,8.205634884695038e-22,494154.60541119386,0.2171941205895829,1,1,1,1.9178567296943774e+22,0.0001471475721165014,2.0168340905338385e+20,3566047109595451.0
56256.25625625626,1640.9295381458642,0.05007077669267498,280.0,2.78536436328741e+19,8.20305860476e-22,493999.4582942898,0.21672653691463103,1,1,1,1.917854781536766e+22,0.0001471475870637505,1.9962508175966224e+20,3559614483331995.0
56356.35635635636,1638.8671351888283,0.05007225142636243,280.0,2.771458429371531e+19,8.2004798951802645e-22,493844.1648608443,0.2162592728114146,1,1,1,1.917852837278487e+22,0.0001471476019810986,1.9757667716257543e+20,3553161243051698.0
56456.45645645646,1636.8047322317925,0.050073756885612414,280.0,2.7576219208423694e+19,8.197898750602598e-22,493688.72478847834,0.21579232543949992,1,1,1,1.917850896911798e+22,0.00014714761686860503,1.9553822644778782e+20,3546687381395438.5
56556.55655655656,1634.7423292747567,0.05007529371047081,280.0,2.7438544910936236e+19,8.19531516565522e-22,493533.1377536958,0.2153256919610703,1,1,1,1.9178489604289742e+22,0.00014714763172632891,1.9350976088768027e+20,3540192891651134.0
56656.65665665666,1632.6799263177209,0.05007686255431167,280.0,2.7301557952494273e+19,8.19272913494769e-22,493377.40343187697,0.21485936954105167,1,1,1,1.917847027822307e+22,0.00014714764655432931,1.914913118373336e+20,3533677767760311.5
56756.75675675676,1630.617523360685,0.050078464084114586,280.0,2.7165254901557027e+19,8.190140653070851e-22,493221.52149727504,0.21439335534724094,1,1,1,1.917845099084103e+22,0.00014714766135266518,1.8948291073032834e+20,3527142004324699.0
56856.85685685686,1628.5551204036492,0.05008009898074778,280.0,2.702963234371571e+19,8.1875497145967045e-22,493065.49162300845,0.21392764655043578,1,1,1,1.9178431742066874e+22,0.0001471476761213953,1.874845890743593e+20,3520585596612845.0
56956.95695695696,1626.4927174466134,0.05008176793925709,280.0,2.6894686881607987e+19,8.184956314078354e-22,492909.3134810576,0.21346224032456715,1,1,1,1.9178412531824005e+22,0.00014714769086057828,1.8549637844665673e+20,3514008540566762.0
57057.05705705706,1624.4303144895775,0.05008347166916098,280.0,2.6760415134832796e+19,8.182360446049892e-22,492752.9867422581,0.21299713384683305,1,1,1,1.917839336003599e+22,0.00014714770557027279,1.8351831048921045e+20,3507410832808592.0
57157.15715715716,1622.3679115325417,0.050085210894751694,280.0,2.662681373986582e+19,8.179762105026322e-22,492596.5110762958,0.21253232429783525,1,1,1,1.9178374226626577e+22,0.0001471477202505371,1.8155041690379144e+20,3500792470647301.5
57257.25725725726,1620.3055085755059,0.05008698635540257,280.0,2.6493879349975085e+19,8.177161285503464e-22,492439.8861517015,0.21206780886171708,1,1,1,1.9178355131519655e+22,0.0001471477349014296,1.7959272944676392e+20,3494153452085391.5
57357.35735735736,1618.24310561847,0.05008879880588187,280.0,2.636160863513718e+19,8.174557981957859e-22,492283.1116358449,0.21160358472630422,1,1,1,1.9178336074639297e+22,0.00014714774952300842,1.7764527992368506e+20,3487493775825639.0
57457.45745745746,1616.1807026614342,0.050090649016673025,280.0,2.622999828195386e+19,8.171952188846681e-22,492126.1871949294,0.21113964908324714,1,1,1,1.9178317055909733e+22,0.0001471477641153316,1.757081001836844e+20,3480813441277855.0
57557.557557557564,1614.1182997043984,0.050092537774301595,280.0,2.609904499356899e+19,8.169343900607644e-22,491969.1124939865,0.2106759991281655,1,1,1,1.9178298075255356e+22,0.00014714777867845703,1.737812221136185e+20,3474112448565668.0
57657.65765765766,1612.0558967473626,0.050094465881668986,280.0,2.5968745489586037e+19,8.166733111658912e-22,491811.8871968704,0.2102126320607954,1,1,1,1.9178279132600723e+22,0.0001471477932124426,1.7186467763199512e+20,3467390798533330.5
57757.75775775776,1609.9934937903267,0.0500964341583931,280.0,2.583909650598581e+19,8.16411981639899e-22,491654.5109662514,0.20974954508513802,1,1,1,1.917826022787056e+22,0.0001471478077173458,1.699584986826598e+20,3460648492752541.5
57857.85785785786,1607.931090833291,0.050098443441156076,280.0,2.571009479504477e+19,8.161504009206653e-22,491496.98346361145,0.20928673540961068,1,1,1,1.9178241360989753e+22,0.00014714782219322432,1.6806271722824113e+20,3453885533529294.5
57957.95795795796,1605.868687876255,0.05010049458405925,280.0,2.5581737125253628e+19,8.1588856844408405e-22,491339.3043492382,0.2088242002472004,1,1,1,1.917822253188335e+22,0.0001471478366401355,1.6617736524334708e+20,3447101923910745.5
58058.058058058064,1603.8062849192193,0.05010258845898546,280.0,2.545402028123636e+19,8.15626483644054e-22,491181.47328221786,0.20836193681561893,1,1,1,1.917820374047657e+22,0.00014714785105813668,1.6430247470750695e+20,3440297667692099.0
58158.15815815816,1601.7438819621834,0.050104725955968876,280.0,2.53269410636698e+19,8.153641459524735e-22,491023.48992043163,0.20789994233746129,1,1,1,1.9178184986694794e+22,0.00014714786544728494,1.6243807759785375e+20,3433472769423517.5
58258.25825825826,1599.6814790051476,0.05010690798357258,280.0,2.5200496289203347e+19,8.151015547992266e-22,490865.35392054793,0.20743821404036486,1,1,1,1.917816627046356e+22,0.0001471478798076374,1.6058420588153874e+20,3426627234417043.0
58358.35835835836,1597.6190760481118,0.05010913546927384,280.0,2.5074682790379287e+19,8.148387096121754e-22,490707.0649380174,0.206976749157172,1,1,1,1.917814759170858e+22,0.00014714789413925085,1.5874089150787492e+20,3419761068753545.0
58458.45845845846,1595.556673091076,0.050111409359857556,280.0,2.494949741555346e+19,8.145756098171503e-22,490548.6226270673,0.2065155449260946,1,1,1,1.917812895035572e+22,0.0001471479084421822,1.5690816640020126e+20,3412874279289681.5
58558.558558558565,1593.49427013404,0.050113730621817704,280.0,2.4824937028816245e+19,8.143122548379401e-22,490390.0266406952,0.20605459859088032,1,1,1,1.917811034633102e+22,0.00014714792271648805,1.5508606244746225e+20,3405966873664877.5
58658.65865865866,1591.4318671770043,0.05011610024176723,280.0,2.470099850991412e+19,8.140486440962804e-22,490231.2766306626,0.20559390740098238,1,1,1,1.917809177956067e+22,0.00014714793696222496,1.5327461149549724e+20,3399038860308326.0
58758.75875875876,1589.3694642199684,0.050118519226856395,280.0,2.4577678754171388e+19,8.137847770118459e-22,490072.37224748934,0.20513346861173007,1,1,1,1.917807324997104e+22,0.00014714795117944934,1.514738453380314e+20,3392090248445997.0
58858.85885885886,1587.3070612629326,0.05012098860519983,280.0,2.4454974672412455e+19,8.135206530022395e-22,489913.313140448,0.20467327948450292,1,1,1,1.9178054757488647e+22,0.00014714796536821745,1.496837957073651e+20,3385121048107668.0
58958.95895895896,1585.2446583058968,0.050123509426312426,280.0,2.4332883190884454e+19,8.132562714829819e-22,489754.0989575572,0.20421333728690635,1,1,1,1.9178036302040185e+22,0.00014714797952858542,1.4790449426475316e+20,3378131270133970.0
59059.059059059065,1583.182255348861,0.05012608276155425,280.0,2.4211401251180184e+19,8.129916318675015e-22,489594.7293455752,0.20375363929295012,1,1,1,1.917801788355251e+22,0.00014714799366060937,1.4613597259046892e+20,3371120926183444.0
59159.159159159164,1581.1198523918251,0.05012870970458475,280.0,2.4090525810161623e+19,8.127267335671248e-22,489435.2039499951,0.20329418278322903,1,1,1,1.917799950195263e+22,0.00014714800776434512,1.4437826217354754e+20,3364090028739618.5
59259.25925925926,1579.0574494347893,0.050131391371826345,280.0,2.3970253839883543e+19,8.124615759910645e-22,489275.5224150364,0.20283496504510576,1,1,1,1.9177981157167728e+22,0.0001471480218398485,1.4263139440120062e+20,3357038591118092.5
59359.35935935936,1576.9950464777535,0.05013412890293761,280.0,2.385058232751779e+19,8.121961585464116e-22,489115.68438364123,0.20237598337289633,1,1,1,1.9177962849125148e+22,0.0001471480358871752,1.4089540054789882e+20,3349966627473636.5
59459.45945945946,1574.9326435207176,0.05013692346129629,280.0,2.373150827527773e+19,8.119304806381236e-22,488955.6894974669,0.20191723506805798,1,1,1,1.91779445777524e+22,0.00014714804990638067,1.391703117641147e+20,3342874152807306.0
59559.559559559566,1572.8702405636818,0.0501397762344924,280.0,2.3613028700343157e+19,8.116645416690131e-22,488795.5373968788,0.2014587174393791,1,1,1,1.9177926342977146e+22,0.00014714806389752043,1.3745615906472056e+20,3335761182973564.0
59659.659659659665,1570.807837606646,0.05014268843483138,280.0,2.3495140634785657e+19,8.1139834103973915e-22,488635.2277209457,0.20100042780317218,1,1,1,1.9177908144727227e+22,0.00014714807786064967,1.3575297331703631e+20,3328627734687418.5
59759.75975975976,1568.7454346496102,0.05014566129984786,280.0,2.3377841125494157e+19,8.11131878148795e-22,488474.7601074319,0.20054236348346852,1,1,1,1.917788998293064e+22,0.00014714809179582357,1.3406078522852006e+20,3321473825531563.5
59859.85985985986,1566.6830316925743,0.05014869609282999,280.0,2.3261127234101015e+19,8.108651523924991e-22,488314.1341927922,0.20008452181221575,1,1,1,1.9177871857515544e+22,0.00014714810570309718,1.3237962533409823e+20,3314299473963538.0
59959.95995995997,1564.6206287355385,0.050151794103354616,280.0,2.314499603690837e+19,8.105981631649823e-22,488153.34961216367,0.19962690012947784,1,1,1,1.9177853768410264e+22,0.00014714811958252538,1.3070952398312828e+20,3307104699322887.5
60060.06006006007,1562.5582257785027,0.050154956647833586,280.0,2.3029444624814952e+19,8.103309098581792e-22,487992.4059993612,0.19916949578363732,1,1,1,1.9177835715543293e+22,0.00014714813343416294,1.290505113259902e+20,3299889521838340.0
60160.160160160165,1560.4958228214668,0.050158185070071394,280.0,2.2914470103243158e+19,8.100633918618152e-22,487831.30298686883,0.1987123061316001,1,1,1,1.917781769884328e+22,0.0001471481472580646,1.2740261730030017e+20,3292653962634981.0
60260.260260260264,1558.433419864431,0.05016148074183433,280.0,2.280006959206658e+19,8.097956085633978e-22,487670.04020583536,0.19825532853900285,1,1,1,1.917779971823904e+22,0.00014714816105428484,1.257658716167438e+20,3285398043741445.5
60360.36036036036,1556.3710169073952,0.05016484506343143,280.0,2.2686240225537835e+19,8.095275593482025e-22,487508.61728606507,0.19779856038042268,1,1,1,1.917778177365956e+22,0.00014714817482287807,1.2414030374452319e+20,3278121788097107.5
60460.46046046047,1554.3086139503594,0.05016827946430751,280.0,2.2572979152216797e+19,8.09259243599266e-22,487347.0338560143,0.19734199903958935,1,1,1,1.9177763865033976e+22,0.00014714818856389854,1.2252594289641372e+20,3270825219559280.5
60560.56056056057,1552.2462109933235,0.05017178540364842,280.0,2.2460283534899143e+19,8.089906606973704e-22,487185.28954278154,0.19688564190960023,1,1,1,1.9177745992291604e+22,0.00014714820227740042,1.209228180134277e+20,3263508362910422.0
60660.660660660666,1550.1838080362877,0.05017536437099884,280.0,2.234815055054531e+19,8.087218100210353e-22,487023.38397210266,0.19642948639313726,1,1,1,1.9177728155361915e+22,0.0001471482159634378,1.1933095774907918e+20,3256171243865337.0
60760.760760760764,1548.1214050792519,0.05017901788689294,280.0,2.2236577390209753e+19,8.084526909465053e-22,486861.3167683436,0.19597352990268704,1,1,1,1.917771035417455e+22,0.0001471482296220645,1.1775039045324928e+20,3248813889078392.0
60860.86086086086,1546.059002122216,0.050182747503497986,280.0,2.2125561258970587e+19,8.081833028477383e-22,486699.08755449334,0.19551776986076283,1,1,1,1.9177692588659303e+22,0.00014714824325333435,1.1618114415564708e+20,3241436326150725.5
60960.96096096097,1543.9965991651802,0.05018655480527137,280.0,2.2015099375859585e+19,8.079136450963942e-22,486536.6959521567,0.19506220370012975,1,1,1,1.917767485874615e+22,0.000147148256857301,1.1462324654886445e+20,3234038583637463.5
61061.06106106107,1541.9341962081444,0.05019044140963117,280.0,2.1905188973792506e+19,8.076437170618253e-22,486374.14158154896,0.19460682886403166,1,1,1,1.917765716436521e+22,0.00014714827043401792,1.1307672497102293e+20,3226620691054934.0
61161.161161161166,1539.8717932511086,0.050194408967640616,280.0,2.1795827299499774e+19,8.073735181110609e-22,486211.4240614866,0.1941516428064214,1,1,1,1.917763950544679e+22,0.00014714828398353858,1.1154160638800952e+20,3219182678887881.5
61261.261261261265,1537.8093902940727,0.05019845916470672,280.0,2.1687011613457514e+19,8.071030476087992e-22,486048.54300938203,0.19369664299219325,1,1,1,1.9177621881921345e+22,0.00014714829750591625,1.1001791737530229e+20,3211724578596681.5
61361.36136136136,1535.746987337037,0.05020259372129337,280.0,2.1578739189818933e+19,8.068323049173937e-22,485885.49804123584,0.1932418268974177,1,1,1,1.9177604293719503e+22,0.000147148311001204,1.0850568409938335e+20,3204246422624551.0
61461.46146146147,1533.684584380001,0.05020681439364913,280.0,2.1471007316346024e+19,8.065612893968419e-22,485722.2887716296,0.1927871920095792,1,1,1,1.9177586740772053e+22,0.00014714832446945496,1.070049322987397e+20,3196748244404758.5
61561.56156156157,1531.6221814229652,0.05021112297455014,280.0,2.136381329434163e+19,8.062900004047731e-22,485558.91481371905,0.19233273582781601,1,1,1,1.9177569223009953e+22,0.00014714833791072197,1.0551568726445267e+20,3189230078367832.0
61661.66166166167,1529.5597784659294,0.050215521294058374,280.0,2.125715443858185e+19,8.060184372964371e-22,485395.3757792267,0.19187845586316335,1,1,1,1.9177551740364327e+22,0.00014714835132505774,1.0403797382037535e+20,3181691959948756.0
61761.761761761765,1527.4973755088936,0.05022001122029554,280.0,2.115102807724875e+19,8.057465994246913e-22,485231.67127843434,0.19142434963879806,1,1,1,1.917753429276646e+22,0.00014714836471251504,1.025718163029017e+20,3174133925594169.0
61861.861861861864,1525.4349725518578,0.05022459466023302,280.0,2.104543155186347e+19,8.054744861399901e-22,485067.8009201766,0.1909704146902867,1,1,1,1.9177516880147807e+22,0.0001471483780731463,1.0111723854032812e+20,3166556012769553.5
61961.96196196197,1523.372569594822,0.05022927356049812,280.0,2.0940362217219584e+19,8.052020967903698e-22,484903.7643118322,0.1905166485658359,1,1,1,1.917749950243999e+22,0.00014714839140700392,9.967426383181054e+19,3158958259966416.5
62062.06206206207,1521.310166637786,0.050234049908196965,280.0,2.0835817441316884e+19,8.049294307214398e-22,484739.56105931796,0.19006304882654526,1,1,1,1.917748215957479e+22,0.00014714840471414013,9.82429149259216e+19,3151340706709465.5
62162.16216216217,1519.2477636807503,0.05023892573175444,280.0,2.0731794605295415e+19,8.0465648727636825e-22,484575.19076708076,0.1896096130466628,1,1,1,1.9177464851484165e+22,0.00014714841799460713,9.68232139988106e+19,3143703393563770.0
62262.262262262266,1517.1853607237144,0.05024390310177143,280.0,2.062829110336988e+19,8.043832657958695e-22,484410.65303808975,0.18915633881384314,1,1,1,1.9177447578100235e+22,0.0001471484312484569,9.541518263197332e+19,3136046362141917.0
62362.362362362364,1515.1229577666786,0.050248984131899814,280.0,2.052530434276437e+19,8.0410976561819205e-22,484245.94747382903,0.1887032237294079,1,1,1,1.9177430339355287e+22,0.00014714844447574128,9.401884178963659e+19,3128369655111154.5
62462.46246246247,1513.0605548096428,0.05025417097973549,280.0,2.0422831743647416e+19,8.038359860791068e-22,484081.0736742908,0.1882502654086091,1,1,1,1.917741313518177e+22,0.00014714845767651205,9.26342117957646e+19,3120673316200521.0
62562.56256256257,1510.998151852607,0.050259465847729876,280.0,2.032087073906735e+19,8.035619265118928e-22,483916.03123796644,0.18779746148089507,1,1,1,1.9177395965512317e+22,0.00014714847085082084,9.126131231069553e+19,3112957390207965.0
62662.66266266267,1508.9357488955711,0.05026487098412017,280.0,2.021941877488802e+19,8.032875862473256e-22,483750.8197618399,0.18734480959017824,1,1,1,1.917737883027971e+22,0.0001471484839987191,8.990016230741577e+19,3105221923007445.5
62762.762762762766,1506.8733459385353,0.0502703886838789,280.0,2.0118473309724807e+19,8.030129646136639e-22,483585.43884137925,0.18689230739510657,1,1,1,1.9177361729416906e+22,0.00014714849712025826,8.855078004748324e+19,3097466961556020.5
62862.862862862865,1504.8109429814995,0.050276021289682955,280.0,2.0018031814880936e+19,8.027380609366366e-22,483419.8880705292,0.18643995256933665,1,1,1,1.9177344662857037e+22,0.00014714851021548948,8.72131830566093e+19,3089692553900918.5
62962.96296296297,1502.7485400244636,0.050281771192902704,280.0,1.9918091774284177e+19,8.024628745394304e-22,483254.1670417036,0.1859877428018099,1,1,1,1.9177327630533393e+22,0.00014714852328446396,8.588738809991139e+19,3081898749186591.5
63063.06306306307,1500.6861370674278,0.05028764083461147,280.0,1.9818650684423774e+19,8.02187404742676e-22,483088.2753457767,0.18553567579703087,1,1,1,1.9177310632379444e+22,0.0001471485363272326,8.457341115684992e+19,3074085597661752.5
63163.16316316317,1498.623734110392,0.050293632706615826,280.0,1.9719706054287757e+19,8.019116508644351e-22,482922.212572076,0.18508374927534837,1,1,1,1.917729366832882e+22,0.00014714854934384623,8.327126739586182e+19,3066253150686386.5
63263.26326326327,1496.5613311533562,0.050299749352507125,280.0,1.9621255405300543e+19,8.01635612220188e-22,482755.9783083744,0.1846319609732392,1,1,1,1.917727673831532e+22,0.00014714856233435562,8.198097114870792e+19,3058401460738747.0
63363.363363363365,1494.4989281963203,0.05030599336873475,280.0,1.952329627126083e+19,8.013592881228185e-22,482589.572140881,0.18418030864359408,1,1,1,1.9177259842272928e+22,0.00014714857529881138,8.070253588454903e+19,3050530581422328.0
63463.46346346347,1492.4365252392845,0.05031236740570139,280.0,1.942582619827983e+19,8.01082677882602e-22,482422.99365423416,0.1837287900560063,1,1,1,1.917724298013578e+22,0.00014714858823726388,7.943597418376883e+19,3042640567472812.0
63563.56356356357,1490.3741222822487,0.050318874168881006,280.0,1.9328842744719802e+19,8.008057808071911e-22,482256.24243149284,0.18327740299706297,1,1,1,1.91772261518382e+22,0.0001471486011497635,7.818129771156277e+19,3034731474764997.0
63663.66366366367,1488.3117193252128,0.05032551641995971,280.0,1.923234348113287e+19,8.005285962016022e-22,482089.31805412826,0.18282614527063842,1,1,1,1.9177209357314665e+22,0.0001471486140363604,7.693851719131162e+19,3026803360319691.5
63763.76376376377,1486.249316368177,0.05033229697800017,280.0,1.91363259902002e+19,8.002511233682031e-22,481922.2201020169,0.1823750146981905,1,1,1,1.9177192596499836e+22,0.0001471486268971047,7.570764237776313e+19,3018856282310589.0
63863.863863863866,1484.1869134111412,0.050339218720630095,280.0,1.9040787866671403e+19,7.999733616066962e-22,481754.9481534297,0.18192400911905895,1,1,1,1.917717586932855e+22,0.0001471486397320463,7.44886820300427e+19,3010890300071111.5
63963.96396396397,1482.1245104541053,0.05034628458525496,280.0,1.8945726717304316e+19,7.996953102141078e-22,481587.50178502646,0.18147312639076665,1,1,1,1.9177159175735796e+22,0.000147148652541235,7.3281643884518e+19,3002905474101223.0
64064.06406406407,1480.0621074970695,0.050353497570295926,280.0,1.885114016080504e+19,7.994169684847723e-22,481419.8805718455,0.18102236438932295,1,1,1,1.917714251565676e+22,0.00014714866532472041,7.2086534627543106e+19,2994901866074217.0
64164.16416416417,1477.9997045400337,0.050360860736453045,280.0,1.8757025827768283e+19,7.991383357103185e-22,481252.084087296,0.18057172100952945,1,1,1,1.917712588902679e+22,0.00014714867808255218,7.090335986810758e+19,2986879538843464.0
64264.26426426427,1475.9373015829979,0.05036837720799455,280.0,1.8663381360618017e+19,7.988594111796552e-22,481084.1119031491,0.18012119416528863,1,1,1,1.9177109295781407e+22,0.00014714869081477962,6.9732124110420574e+19,2978838556449133.5
64364.364364364366,1473.874898625962,0.050376050174072595,280.0,1.8570204413548397e+19,7.985801941789579e-22,480915.96358952986,0.17967078178991414,1,1,1,1.917709273585631e+22,0.000147148703521452,6.857283072645806e+19,2970778984124878.5
64464.46446446447,1471.8124956689262,0.050383882890066095,280.0,1.847749265246505e+19,7.983006839916535e-22,480747.6387149081,0.17922048183644443,1,1,1,1.9177076209187365e+22,0.00014714871620261853,6.7425481928504525e+19,2962700888304483.5
64564.56456456457,1469.7500927118904,0.05039187867895108,280.0,1.8385243754926529e+19,7.980208798984056e-22,480579.1368460896,0.17877029227795743,1,1,1,1.9177059715710624e+22,0.00014714872885832812,6.6290078741722006e+19,2954604336628478.5
64664.66466466467,1467.6876897548545,0.050400040932699286,280.0,1.8293455410086214e+19,7.977407811771017e-22,480410.45754820824,0.1783202111078892,1,1,1,1.9177043255362308e+22,0.0001471487414886297,6.516662097677882e+19,2946489397950710.0
64764.76476476477,1465.6252867978187,0.0504083731137054,280.0,1.8202125318634365e+19,7.974603871028362e-22,480241.60038471594,0.17787023634035337,1,1,1,1.917702682807882e+22,0.00014714875409357195,6.405510720257481e+19,2938356142344876.5
64864.86486486487,1463.562883840783,0.05041687875624366,280.0,1.811125119274056e+19,7.971796969478976e-22,480072.5649173748,0.17742036601046388,1,1,1,1.9177010433796734e+22,0.00014714876667320351,6.2955534719098315e+19,2930204641111020.0
64964.96496496497,1461.500480883747,0.0504255614679543,280.0,1.8020830755996373e+19,7.968987099817523e-22,479903.35070624755,0.17697059817465963,1,1,1,1.917699407245281e+22,0.00014714877922757282,6.186789953045311e+19,2922034966781976.5
65065.06506506507,1459.4380779267112,0.05043442493136052,280.0,1.7930861743358335e+19,7.966174254710303e-22,479733.9573096886,0.17652093091103135,1,1,1,1.917697774398397e+22,0.00014714879175672818,6.079219631809484e+19,2913847193129784.0
65165.16516516517,1457.3756749696754,0.05044347290541658,280.0,1.7841341901091224e+19,7.963358426795107e-22,479564.38428433565,0.17607136231965076,1,1,1,1.917696144832734e+22,0.0001471488042607178,5.972841841431626e+19,2905641395172039.0
65265.26526526527,1455.3132720126396,0.0504527092270876,280.0,1.7752268986711587e+19,7.960539608681053e-22,479394.63118509966,0.17562189052290214,1,1,1,1.91769451854202e+22,0.0001471488167395897,5.867655777602436e+19,2897417649178213.5
65365.36536536537,1453.2508690556037,0.050462137812961765,280.0,1.7663640768931568e+19,7.957717792948445e-22,479224.69756515627,0.17517251366581563,1,1,1,1.9176928955200023e+22,0.00014714882919339184,5.7636604958851465e+19,2889176032675920.0
65465.46546546547,1451.188466098568,0.05047176266089557,280.0,1.7575455027603024e+19,7.954892972148609e-22,479054.5829759361,0.17472322991640313,1,1,1,1.9176912757604464e+22,0.00014714884162217193,5.660854909164434e+19,2880916624457127.0
65565.56556556557,1449.126063141532,0.05048158785169273,280.0,1.7487709553661903e+19,7.95206513880375e-22,478884.2869671161,0.1742740374659961,1,1,1,1.917689659257135e+22,0.00014714885402597764,5.559237785137726e+19,2872639504584325.5
65665.66566566567,1447.0636601844963,0.0504916175508175,280.0,1.74004021490729e+19,7.949234285406787e-22,478713.8090866096,0.17382493452958545,1,1,1,1.9176880460038704e+22,0.00014714886640485646,5.458807743853387e+19,2864344754396637.5
65765.76576576577,1445.0012572274604,0.05050185601014302,280.0,1.7313530626774405e+19,7.946400404421195e-22,478543.14888055663,0.17337591934616356,1,1,1,1.917686435994472e+22,0.00014714887875885574,5.359563255300674e+19,2856032456515876.0
65865.86586586587,1442.9388542704246,0.050512307569735494,280.0,1.722709281062373e+19,7.9435634882808665e-22,478372.3058933158,0.17292699017906837,1,1,1,1.9176848292227777e+22,0.0001471488910880227,5.261502637056153e+19,2847702694852546.5
65965.96596596597,1440.8764513133888,0.05052297665967477,280.0,1.7141086535342555e+19,7.940723529389931e-22,478201.27966745343,0.17247814531632916,1,1,1,1.9176832256826445e+22,0.00014714890339240436,5.164624051991515e+19,2839355554611790.5
66066.06606606607,1438.814048356353,0.05053386780191221,280.0,1.7055509646462736e+19,7.937880520122595e-22,478030.0697437337,0.17202938307101487,1,1,1,1.9176816253679474e+22,0.00014714891567204773,5.0689255060477575e+19,2830991122299273.0
66166.16616616616,1436.751645399317,0.05054498561216649,280.0,1.6970360000272312e+19,7.935034452822999e-22,477858.6756611102,0.17158070178158383,1,1,1,1.91768002827258e+22,0.00014714892792699953,4.97440484608076e+19,2822609485727006.0
66266.26626626628,1434.689242442281,0.05055633480185812,280.0,1.6885635463761764e+19,7.932185319805052e-22,477687.09695671604,0.17113209981223548,1,1,1,1.917678434390455e+22,0.00014714894015730647,4.881059757783326e+19,2814210734019111.5
66366.36636636638,1432.6268394852452,0.05056792018008351,280.0,1.68013339145707e+19,7.929333113352241e-22,477515.3331658521,0.17068357555326433,1,1,1,1.917676843715503e+22,0.00014714895236301497,4.788887763688893e+19,2805794957617524.5
66466.46646646647,1430.5644365282094,0.05057974665562921,280.0,1.671745324093456e+19,7.926477825717507e-22,477343.38382198004,0.17023512742141497,1,1,1,1.9176752562416745e+22,0.00014714896454417147,4.697886221261878e+19,2797362248287621.0
66566.56656656657,1428.5020335711736,0.050591819239027405,280.0,1.6633991341631783e+19,7.923619449123048e-22,477171.2484567098,0.16978675386023995,1,1,1,1.917673671962938e+22,0.0001471489767008221,4.608052321080088e+19,2788912699123789.5
66666.66666666667,1426.4396306141377,0.050604143044653146,280.0,1.6550946125931155e+19,7.920757975760172e-22,476998.9265997912,0.1693384533404579,1,1,1,1.917672090873282e+22,0.000147148988833013,4.519383085114183e+19,2780446404554929.0
66766.76676676677,1424.377227657102,0.05061672329286445,280.0,1.646831551353944e+19,7.917893397789122e-22,476826.4177791033,0.16889022436031503,1,1,1,1.9176705129667126e+22,0.00014714900094079005,4.4318753651094315e+19,2771963460349876.5
66866.86686686687,1422.314824700066,0.050629565312185966,280.0,1.6386097434549283e+19,7.915025707338902e-22,476653.72152064403,0.1684420654459471,1,1,1,1.9176689382372565e+22,0.000147149013024199,4.345525841074906e+19,2763463963622763.5
66966.96696696697,1420.2524217430303,0.05064267454153703,280.0,1.6304289829387321e+19,7.912154896507123e-22,476480.8373485205,0.16799397515174297,1,1,1,1.9176673666789592e+22,0.00014714902508328553,4.260331019885209e+19,2754948012838299.5
67067.06706706707,1418.1900187859944,0.05065605653250519,280.0,1.6222890648762628e+19,7.90928095735981e-22,476307.7647849381,0.16754595206071074,1,1,1,1.9176657982858855e+22,0.0001471490371180951,4.176287233999791e+19,2746415707816978.5
67167.16716716716,1416.1276158289586,0.05066971695166585,280.0,1.6141897853615366e+19,7.906403881931246e-22,476134.50335019006,0.16709799478484424,1,1,1,1.91766423305212e+22,0.000147149049128673,4.093390640304839e+19,2737867149740210.5
67267.26726726728,1414.0652128719225,0.05068366158294915,280.0,1.606130941506567e+19,7.903523662223795e-22,475961.052562648,0.16665010196549146,1,1,1,1.9176626709717668e+22,0.00014714906111506444,4.011637219082624e+19,2729302441155370.5
67367.36736736738,1412.0028099148867,0.050697896330054955,280.0,1.5981123314362925e+19,7.900640290207725e-22,475787.41193875036,0.16620227227372467,1,1,1,1.917661112038949e+22,0.00014714907307731447,3.931022773113162e+19,2720721685980776.0
67467.46746746748,1409.9404069578509,0.05071242721891678,280.0,1.5901337542835077e+19,7.897753757821031e-22,475613.58099299215,0.16575450441071124,1,1,1,1.9176595562478107e+22,0.00014714908501546793,3.851542926912683e+19,2712124989510567.0
67567.56756756757,1407.878004000815,0.05072726040021584,280.0,1.5821950101838391e+19,7.894864056969269e-22,475439.55923791474,0.1653067971080863,1,1,1,1.917658003592515e+22,0.00014714909692956952,3.7731931261136806e+19,2703512458419515.5
67667.66766766767,1405.8156010437792,0.05074240215194608,280.0,1.5742959002707347e+19,7.891971179525351e-22,475265.3461840938,0.1648591491283263,1,1,1,1.917656454067246e+22,0.00014714910881966382,3.695968636990734e+19,2694884200767744.0
67767.76776776777,1403.7531980867434,0.050757858882031125,280.0,1.5664362266704855e+19,7.889075117329408e-22,475090.9413401308,0.16441155926512405,1,1,1,1.9176549076662066e+22,0.0001471491206857953,3.6198645461363778e+19,2686240326005355.5
67867.86786786787,1401.6907951297076,0.050773637130994365,280.0,1.5586157924972659e+19,7.886175862188553e-22,474916.34421263885,0.16396402634376475,1,1,1,1.917653364383621e+22,0.00014714913252800816,3.5448757602910073e+19,2677580944976975.0
67967.96796796797,1399.6283921726717,0.05078974357468305,280.0,1.5508344018482045e+19,7.883273405876763e-22,474741.5543062355,0.16351654922150266,1,1,1,1.9176518242137337e+22,0.0001471491443463465,3.470997006330634e+19,2668906169926200.5
68068.06806806807,1397.565989215636,0.05080618502704749,280.0,1.5430918597984735e+19,7.880367740134638e-22,474566.57112352835,0.1630691267879399,1,1,1,1.9176502871508094e+22,0.0001471491561408543,3.3982228314160435e+19,2660216114499958.5
68168.16816816817,1395.5035862586,0.05082296844297656,280.0,1.5353879723964099e+19,7.877458856669256e-22,474391.3941651063,0.16262175796540482,1,1,1,1.9176487531891334e+22,0.0001471491679115753,3.3265476033066955e+19,2651510893752766.5
68268.26826826828,1393.441183301564,0.0508401009211904,280.0,1.5277225466586489e+19,7.874546747153965e-22,474216.02292952687,0.16217444170933212,1,1,1,1.9176472223230122e+22,0.00014714917965855318,3.2559655108424077e+19,2642790624150896.0
68368.36836836838,1391.3787803445282,0.050857589707191606,280.0,1.5200953905653033e+19,7.8716314032282e-22,474040.45691330533,0.16172717700864384,1,1,1,1.9176456945467728e+22,0.0001471491913818314,3.1864705645956755e+19,2634055423576445.0
68468.46846846848,1389.3163773874924,0.050875442196275995,280.0,1.5125063130551398e+19,7.868712816497307e-22,473864.69561090413,0.16127996288613045,1,1,1,1.917644169854763e+22,0.00014714920308145322,3.1180565976969585e+19,2625305411331293.5
68568.56856856857,1387.2539744304565,0.05089366593660411,280.0,1.5049551240208011e+19,7.8657909785323385e-22,473688.7385147204,0.16083279839883316,1,1,1,1.917642648241353e+22,0.00014714921475746182,3.0507172668353135e+19,2616540708140972.5
68668.66866866867,1385.1915714734207,0.050912268632334556,280.0,1.497441634304038e+19,7.862865880869862e-22,473512.58511507476,0.16038568263842667,1,1,1,1.917641129700933e+22,0.0001471492264099002,2.9844460534360744e+19,2607761436158420.0
68768.76876876877,1383.1291685163849,0.05093125814682055,280.0,1.489965655690977e+19,7.85993751501178e-22,473336.2349001999,0.15993861473160237,1,1,1,1.9176396142279156e+22,0.00014714923803881114,2.919236265017143e+19,2598967718967633.5
68868.86886886887,1381.066765559349,0.05095064250587077,280.0,1.4825270009074012e+19,7.857005872425124e-22,473159.687356229,0.15949159384045236,1,1,1,1.917638101816734e+22,0.0001471492496442373,2.8550810367250416e+19,2590159681587211.0
68968.96896896897,1379.0043626023132,0.05097042990107578,280.0,1.4751254836140605e+19,7.854070944541871e-22,472982.94196718367,0.15904461916285326,1,1,1,1.9176365924618443e+22,0.0001471492612262212,2.791973333051512e+19,2581337450473786.0
69069.06906906907,1376.9419596452774,0.050990628693201305,280.0,1.4677609184020042e+19,7.851132722758724e-22,472805.99821496167,0.15859768993285098,1,1,1,1.9176350861577234e+22,0.00014714927278480506,2.7299059497310716e+19,2572501153525346.0
69169.16916916918,1374.8795566882413,0.05101124741564968,280.0,1.460433120787935e+19,7.848191198436947e-22,472628.85557932645,0.1581508054210452,1,1,1,1.917633582898871e+22,0.00014714928432003115,2.668871515819543e+19,2563650920084437.5
69269.26926926928,1372.8171537312055,0.05103229477799071,280.0,1.45314190720959e+19,7.845246362902136e-22,472451.5135378935,0.15770396493497432,1,1,1,1.917632082679809e+22,0.00014714929583194134,2.6088624959532323e+19,2554786880941260.0
69369.36936936938,1370.7547507741697,0.0510537796695634,280.0,1.4458870950211398e+19,7.842298207444035e-22,472273.9715661191,0.15725716781950047,1,1,1,1.917630585495082e+22,0.0001471493073205775,2.5498711927878484e+19,2545909168336631.0
69469.46946946948,1368.6923478171339,0.051075711163149705,280.0,1.4386685024886147e+19,7.839346723316323e-22,472096.22913728806,0.15681041345719438,1,1,1,1.917629091339256e+22,0.00014714931878598127,2.4918897496161497e+19,2537017915964839.5
69569.56956956958,1366.629944860098,0.05109809851872195,280.0,1.4314859487853533e+19,7.836391901736419e-22,471918.2857225011,0.15636370126872015,1,1,1,1.9176276002069207e+22,0.00014714933022819406,2.434910153162581e+19,2528113258976374.5
69669.66966966967,1364.5675419030622,0.0511209511872651,280.0,1.4243392539874683e+19,7.833433733885277e-22,471740.1407906631,0.1559170307132201,1,1,1,1.917626112092689e+22,0.00014714934164725715,2.3789242365529346e+19,2519195333980528.5
69769.76976976977,1362.5051389460264,0.05114427881467544,280.0,1.417228239069346e+19,7.830472210907167e-22,471561.79380846996,0.15547040128869913,1,1,1,1.917624626991196e+22,0.00014714935304321173,2.3239236824565793e+19,2510264279047874.5
69869.86986986987,1360.4427359889905,0.05116809124573706,280.0,1.410152725899156e+19,7.827507323909478e-22,471383.2442403964,0.1550238125324088,1,1,1,1.9176231448971e+22,0.0001471493644160986,2.269900026398403e+19,2501320233712615.5
69969.96996996997,1358.3803330319547,0.051192398528177675,280.0,1.4031125372343929e+19,7.824539063962511e-22,471204.4915486836,0.1545772640212309,1,1,1,1.917621665805084e+22,0.00014714937576595862,2.2168446602371834e+19,2492363338974801.0
70070.07007007007,1356.3179300749189,0.051217210916805166,280.0,1.396107496717433e+19,7.821567422099251e-22,471025.5351933257,0.15413075537206067,1,1,1,1.9176201897098535e+22,0.00014714938709283227,2.1647488358066983e+19,2483393737302414.5
70170.17017017018,1354.2555271178828,0.051242538877726604,280.0,1.3891374288711188e+19,7.818592389315172e-22,470846.3746320578,0.15368428624218924,1,1,1,1.9176187166061385e+22,0.00014714939839676004,2.1136036687154606e+19,2474411572633322.0
70270.27027027028,1352.193124160847,0.05126839309265099,280.0,1.382202159094364e+19,7.8156139565680185e-22,470667.0093203427,0.15323785632968565,1,1,1,1.9176172464886925e+22,0.00014714940967778202,2.0634001423006237e+19,2465416990377090.5
70370.37037037038,1350.1307212038112,0.05129478446327765,280.0,1.3753015136577765e+19,7.812632114777576e-22,470487.43871135754,0.15279146537377727,1,1,1,1.9176157793522935e+22,0.00014714942093593827,2.0141291117310435e+19,2456410137416656.5
70470.47047047048,1348.0683182467753,0.05132172411577153,280.0,1.368435319699309e+19,7.809646854825476e-22,470307.66225598153,0.15234511315523047,1,1,1,1.9176143151917443e+22,0.00014714943217126862,1.965781308254368e+19,2447391162109864.5
70570.57057057058,1346.0059152897395,0.05134922340532737,280.0,1.361603405219928e+19,7.806658167554954e-22,470127.6794027819,0.15189879949672938,1,1,1,1.917612854001872e+22,0.0001471494433838127,1.9183473435823874e+19,2438360214290856.0
70670.67067067068,1343.9435123327037,0.05137729392082408,280.0,1.3548055990793064e+19,7.803666043770647e-22,469947.4895980011,0.15145252426325398,1,1,1,1.9176113957775283e+22,0.00014714945457360994,1.871817714408684e+19,2429317445271316.0
70770.77077077077,1341.8811093756678,0.05140594748957135,280.0,1.348041730991533e+19,7.800670474238365e-22,469767.09228554356,0.1510062873624565,1,1,1,1.9176099405135908e+22,0.00014714946574069957,1.8261828070522237e+19,2420263007841571.0
70870.87087087087,1339.818706418632,0.051435196182149874,280.0,1.3413116315208511e+19,7.79767144968486e-22,469586.4869069616,0.15056008874503762,1,1,1,1.9176084882049615e+22,0.00014714947688512073,1.7814329022202094e+19,2411197056271536.5
70970.97097097097,1337.7563034615962,0.051465052317347174,280.0,1.3346151320774117e+19,7.794668960797614e-22,469405.6729014425,0.15011392840511967,1,1,1,1.917607038846569e+22,0.00014714948800691223,1.7375581798832163e+19,2402119746311515.5
71071.07107107107,1335.6939005045604,0.05149552846719068,280.0,1.3279520649130506e+19,7.791662998224596e-22,469224.6497057943,0.1496678063806196,1,1,1,1.917605592433366e+22,0.00014714949910611276,1.6945487242553401e+19,2393031235192841.5
71171.17117117118,1333.6314975475243,0.05152663746207989,280.0,1.3213222631170861e+19,7.788653552574048e-22,469043.41675443214,0.14922172275361992,1,1,1,1.917604148960333e+22,0.00014714951018276077,1.6523945288718141e+19,2383931681628364.5
71271.27127127128,1331.5690945904885,0.05155839239601938,280.0,1.3147255606121394e+19,7.785640614414248e-22,468861.973479365,0.14877567765073751,1,1,1,1.917602708422476e+22,0.00014714952123689456,1.611085501756354e+19,2374821245812785.0
71371.37137137138,1329.5066916334526,0.05159080663195464,280.0,1.3081617921499722e+19,7.782624174273268e-22,468680.31931018026,0.14832967124349117,1,1,1,1.917601270814828e+22,0.0001471495322685521,1.5706114706701355e+19,2365700089422816.0
71471.47147147148,1327.4442886764168,0.051623893807212475,280.0,1.301630793307348e+19,7.779604222638764e-22,468498.4536740316,0.14788370374866694,1,1,1,1.9175998361324474e+22,0.00014714954327777133,1.530962188434336e+19,2356568375617194.5
71571.57157157158,1325.381885719381,0.051657667839047974,280.0,1.295132400481914e+19,7.776580749957717e-22,468316.37599562295,0.14743777542868125,1,1,1,1.917598404370421e+22,0.0001471495542645899,1.492127338317773e+19,2347426269036523.0
71671.67167167168,1323.3194827623452,0.05169214293029992,280.0,1.2886664508881025e+19,7.773553746636205e-22,468134.0856971952,0.14699188659194198,1,1,1,1.917596975523863e+22,0.00014714956522904525,1.4540965394811705e+19,2338273935802944.0
71771.77177177178,1321.2570798053093,0.051727333575156645,280.0,1.2822327825530518e+19,7.770523203039169e-22,467951.5821985119,0.14654603759320747,1,1,1,1.9175955495879136e+22,0.00014714957617117456,1.4168593524694084e+19,2329111543519648.5
71871.87187187187,1319.1946768482735,0.05176325456503437,280.0,1.2758312343125502e+19,7.767489109490158e-22,467768.8649168438,0.14610022883394258,1,1,1,1.917594126557742e+22,0.00014714958709101487,1.380405284743035e+19,2319939261270210.5
71971.97197197197,1317.1322738912377,0.05179992099456989,280.0,1.2694616458069996e+19,7.7644514562711005e-22,467585.93326695537,0.1456544607626727,1,1,1,1.917592706428546e+22,0.000147149597988603,1.3447237962402523e+19,2310757259617749.5
72072.07207207207,1315.0698709342018,0.05183734826772987,280.0,1.263123857477396e+19,7.761410233622055e-22,467402.78666108946,0.14520873387533467,1,1,1,1.9175912891955502e+22,0.00014714960886397555,1.3098043049605462e+19,2301565710603918.5
72172.17217217218,1313.0074679771658,0.051875552104038644,280.0,1.2568177105613343e+19,7.75836543174096e-22,467219.42450895254,0.14476304871562534,1,1,1,1.917589874854009e+22,0.00014714961971716884,1.2756361925611217e+19,2292364787747711.5
72272.27227227228,1310.94506502013,0.051914548544926754,280.0,1.2505430470890314e+19,7.755317040783389e-22,467035.84621769964,0.1443174058753471,1,1,1,1.917588463399206e+22,0.00014714963054821898,1.242208809957353e+19,2283154666044100.5
72372.37237237238,1308.8826620630941,0.05195435396020233,280.0,1.2442997098793679e+19,7.752265050862292e-22,466852.051191919,0.14387180599474994,1,1,1,1.917587054826453e+22,0.000147149641357162,1.2095114829184e+19,2273935521962474.5
72472.47247247248,1306.8202591060583,0.05199498505464742,280.0,1.238087542535951e+19,7.749209452047773e-22,466668.0388336188,0.14342624976287102,1,1,1,1.9175856491310923e+22,0.0001471496521440335,1.1775335176493853e+19,2264707533444910.0
72572.57257257258,1304.7578561490225,0.052036458874741565,280.0,1.2319063894431975e+19,7.746150234366792e-22,466483.8085422087,0.14298073791787064,1,1,1,1.9175842463084953e+22,0.000147149662908869,1.1462642063514544e+19,2255470879904247.0
72672.67267267268,1302.6954531919866,0.052078792815514786,280.0,1.2257560957624357e+19,7.743087387802943e-22,466299.35971448704,0.1425352712473646,1,1,1,1.917582846354064e+22,0.00014714967365170363,1.1156928327512625e+19,2246225742221979.5
72772.77277277278,1300.6330502349508,0.05212200462753224,280.0,1.2196365074280241e+19,7.740020902296178e-22,466114.69174462394,0.14208985058875348,1,1,1,1.9175814492632314e+22,0.00014714968437257254,1.0858086775915506e+19,2236972302745955.5
72872.87287287287,1298.570647277915,0.05216611242401287,280.0,1.2135474711434959e+19,7.736950767742563e-22,465929.8040241466,0.14164447682954778,1,1,1,1.9175800550314603e+22,0.00014714969507151034,1.0566010240746455e+19,2227710745287883.2
72972.97297297297,1296.5082443208792,0.052211134688084256,280.0,1.2074888343777165e+19,7.73387697399401e-22,465744.6959419231,0.14119915090768978,1,1,1,1.9175786636542457e+22,0.00014714970574855168,1.0280591632509184e+19,2218441255120643.5
73073.07307307307,1294.4458413638433,0.0522570902801762,280.0,1.2014604453610631e+19,7.730799510857994e-22,465559.36688414577,0.1407538738118708,1,1,1,1.9175772751271136e+22,0.00014714971640373073,1.0001723993444473e+19,2209164018975405.2
73173.17317317319,1292.3834384068073,0.05230399844555521,280.0,1.1954621530816223e+19,7.727718368097323e-22,465373.81623431674,0.140308646581845,1,1,1,1.917575889445622e+22,0.0001471497270370816,9.729300550083672e+18,2199879225038540.2
73273.27327327328,1290.3210354497714,0.05235187882200237,280.0,1.1894938072814098e+19,7.724633535429848e-22,465188.0433732309,0.13986347030873886,1,1,1,1.9175745066053612e+22,0.000147149737648638,9.463214765026746e+18,2190587062948343.8
73373.37337337338,1288.2586324927356,0.05240075144763709,280.0,1.1835552584526017e+19,7.721545002528189e-22,465002.0476789592,0.13941834613535575,1,1,1,1.917573126601954e+22,0.00014714974823843357,9.203360387874437e+18,2181287723791538.5
73473.47347347348,1286.1962295356998,0.05245063676888906,280.0,1.177646357833794e+19,7.718452759019479e-22,464815.8285268334,0.13897327525647693,1,1,1,1.917571749431056e+22,0.0001471497588065015,8.949631505248441e+18,2171981400099586.8
73573.57357357358,1284.133826578664,0.052501555648620954,280.0,1.1717669574062731e+19,7.71535679448509e-22,464629.38528942934,0.1385282589191573,1,1,1,1.9175703750883565e+22,0.00014714976935287487,8.701922589835171e+18,2162668285844787.5
73673.67367367368,1282.0714236216281,0.05255352937440445,280.0,1.16591690989031e+19,7.71225709846033e-22,464442.71733654896,0.13808329842301648,1,1,1,1.9175690035695784e+22,0.00014714977987758646,8.460128548392704e+18,2153348576436166.5
73773.77377377378,1280.0090206645923,0.052606579666951925,280.0,1.1600960687414678e+19,7.709153660434208e-22,464255.8240352059,0.1376383951205254,1,1,1,1.917567634870479e+22,0.00014714979038066872,8.224144768663594e+18,2144022468715153.8
73873.87387387388,1277.9466177075565,0.05266072868870663,280.0,1.1543042881469352e+19,7.70604646984912e-22,464068.7047496068,0.13719355041728726,1,1,1,1.9175662689868493e+22,0.00014714980086215397,7.993867165139663e+18,2134690160951048.0
73973.97397397397,1275.8842147505206,0.0527159990525937,280.0,1.14854142302187e+19,7.70293551610058e-22,463881.3588411348,0.13674876577231393,1,1,1,1.917564905914516e+22,0.00014714981132207412,7.769192223628454e+18,2125351852836264.8
74074.07407407407,1273.8218117934848,0.05277241383093475,280.0,1.142807329005767e+19,7.699820788536934e-22,463693.7856683328,0.1363040426982965,1,1,1,1.9175635456493407e+22,0.00014714982176046096,7.550017044574596e+18,2116007745481366.8
74174.17417417419,1271.7594088364488,0.05282999656452865,280.0,1.13710186245884e+19,7.69670227645907e-22,463505.9845868856,0.1358593827618707,1,1,1,1.9175621881872213e+22,0.00014714983217734582,7.336239385092975e+18,2106658041409873.5
74274.27427427428,1269.697005879413,0.052888771271901114,280.0,1.1314248804584262e+19,7.693579969120141e-22,463317.95494960324,0.13541478758387684,1,1,1,1.9175608335240914e+22,0.00014714984257275986,7.127757699674516e+18,2097302944552854.5
74374.37437437438,1267.634602922377,0.052948762458725845,280.0,1.1257762407954029e+19,7.690453855725257e-22,463129.6961064026,0.13497025883961347,1,1,1,1.917559481655921e+22,0.00014714985294673406,6.924471179528475e+18,2087942660243286.8
74474.47447447448,1265.5721999653413,0.053009995127419884,280.0,1.1201558019706266e+19,7.687323925431206e-22,462941.20740429056,0.13452579825908584,1,1,1,1.917558132578718e+22,0.0001471498632992989,6.726279790529942e+18,2078577395210198.5
74574.57457457458,1263.5097970083054,0.05307249478691589,280.0,1.114563423191389e+19,7.68419016734615e-22,462752.4881873457,0.13408140762724768,1,1,1,1.9175567862885268e+22,0.00014714987363048472,6.533084309743948e+18,2069207357572578.0
74674.67467467468,1261.4473940512696,0.05313628746261414,280.0,1.1089989643678892e+19,7.68105257052933e-22,462563.5377967005,0.13363708878423752,1,1,1,1.917555442781431e+22,0.00014714988394032156,6.344786360501906e+18,2059832756833055.8
74774.77477477478,1259.3849910942338,0.05320139970651696,280.0,1.1034622861097255e+19,7.677911123990769e-22,462374.35557052336,0.133192843625608,1,1,1,1.9175541020535514e+22,0.00014714989422883904,6.161288446009623e+18,2050453803871352.0
74874.87487487488,1257.322588137198,0.053267858607548374,280.0,1.0979532497224008e+19,7.674765816690962e-22,462184.94084400026,0.13274867410254917,1,1,1,1.9175527641010487e+22,0.0001471499044960667,5.982493981469777e+18,2041070710937493.0
74974.97497497498,1255.2601851801621,0.05333569180206186,280.0,1.0924717172038525e+19,7.671616637540575e-22,461995.2929493162,0.13230458222210506,1,1,1,1.9175514289201224e+22,0.0001471499147420336,5.8083073247054e+18,2031683691644790.2
75075.07507507507,1253.1977822231263,0.05340492748453886,280.0,1.0870175512409928e+19,7.668463575400147e-22,461805.4112156375,0.13186057004738339,1,1,1,1.9175500965070122e+22,0.0001471499249667685,5.638633805274353e+18,2022292960962582.2
75175.17517517519,1251.1353792660902,0.053475594418481036,280.0,1.0815906152062687e+19,7.66530661907976e-22,461615.294969092,0.13141663969775846,1,1,1,1.917548766857998e+22,0.00014714993517029996,5.473379752068302e+18,2012898735208735.2
75275.27527527529,1249.0729763090544,0.05354772194749896,280.0,1.0761907731542428e+19,7.662145757338754e-22,461424.94353275164,0.1309727933490673,1,1,1,1.917547439969401e+22,0.0001471499453526561,5.312452519393163e+18,2003501232041910.0
75375.37537537538,1247.0105733520186,0.053621340006600314,280.0,1.0708178898181827e+19,7.658980978885378e-22,461234.3562266117,0.13052903323379794,1,1,1,1.9175461158375834e+22,0.0001471499555138649,5.155760511530784e+18,1994100670453571.8
75475.47547547548,1244.9481703949828,0.05369647913368014,280.0,1.0654718306066764e+19,7.6558122723765075e-22,461043.53236757364,0.13008536164127105,1,1,1,1.9175447944589497e+22,0.00014714996565395378,5.003213205785616e+18,1984697270759767.8
75575.57557557558,1242.885767437947,0.05377317048121631,280.0,1.0601524616002599e+19,7.652639626417305e-22,460852.4712694247,0.12964178091781353,1,1,1,1.917543475829947e+22,0.00014714997577295005,4.854721174022355e+18,1975291254592652.5
75675.67567567568,1240.823364480911,0.05385144582817295,280.0,1.0548596495480617e+19,7.649463029560901e-22,460661.1722428187,0.12919829346692513,1,1,1,1.917542159947065e+22,0.00014714998587088055,4.710196102703916e+18,1965882844891764.8
75775.77577577578,1238.7609615238753,0.053931337592114645,280.0,1.0495932618644664e+19,7.646282470308076e-22,460469.6345952567,0.12875490174943646,1,1,1,1.917540846806837e+22,0.00014714999594777183,4.569550811441805e+18,1956472265895055.2
75875.87587587588,1236.6985585668394,0.05401287884153449,280.0,1.0443531666257904e+19,7.643097937106923e-22,460277.85763106716,0.12831160828365978,1,1,1,1.9175395364058415e+22,0.00014715000600365013,4.43269927007357e+18,1947059743129661.5
75975.97597597598,1234.6361556098036,0.05409610330839862,280.0,1.039139232566981e+19,7.639909418352533e-22,460085.8406513865,0.12786841564553156,1,1,1,1.9175382287407007e+22,0.00014715001603854126,4.2995566142846065e+18,1937645503402429.0
76076.07607607607,1232.5737526527678,0.05418104540091037,280.0,1.0339513290783257e+19,7.636716902386637e-22,459893.58295413764,0.12742532646874638,1,1,1,1.9175369238080827e+22,0.00014715002605247086,4.1700391597939436e+18,1928229774790177.8
76176.17617617619,1230.5113496957317,0.0542677402164967,280.0,1.0287893262021808e+19,7.617154049195496e-22,458715.4810601068,0.12698234344488324,1,1,1,1.9175356216047013e+22,0.00014715003604546398,4.044334514208593e+18,1918832978306895.8
76276.27627627629,1228.448946738696,0.054356223555019824,280.0,1.023653094629718e+19,7.575947829272806e-22,456233.98588849447,0.1265394693235229,1,1,1,1.917534322127317e+22,0.00014715004601754546,3.9226865049733335e+18,1909481978784926.2
76376.37637637639,1226.38654378166,0.054446531932217074,280.0,1.018542505697681e+19,7.53495921251669e-22,453765.59507851,0.12609670691235633,1,1,1,1.917533025372738e+22,0.00014715005596873981,3.804961601692327e+18,1900176553027091.0
76476.47647647648,1224.3241408246242,0.05453870259337149,280.0,1.0134574313851662e+19,7.494187061442961e-22,451310.24012929294,0.12565405907728508,1,1,1,1.9175317313378195e+22,0.00014715006589907106,3.691030512282677e+18,1890916478923998.2
76576.57657657658,1222.2617378675884,0.05463277352721632,280.0,1.0083977443104145e+19,7.453630244464857e-22,448867.85289513395,0.12521152874251223,1,1,1,1.9175304400194656e+22,0.00014715007580856298,3.580768066951921e+18,1881701535448740.2
76676.67667667668,1220.1993349105526,0.05472878348007594,280.0,1.0033633177276197e+19,7.413287635862596e-22,446438.3655836413,0.12476911889062434,1,1,1,1.9175291514146292e+22,0.0001471500856972388,3.4740531039044183e+18,1872531502651617.8
76776.77677677678,1218.1369319535168,0.05482677197024623,280.0,9.983540255237554e+18,7.373158115753111e-22,444021.7107539181,0.12432683256266437,1,1,1,1.9175278655203137e+22,0.00014715009556512157,3.370768356862688e+18,1863406161654889.5
76876.87687687688,1216.074528996481,0.05492677930261691,280.0,9.933697422154127e+18,7.333240570059872e-22,441617.82131474535,0.12388467285819489,1,1,1,1.9175265823335723e+22,0.0001471501054122338,3.270800344479389e+18,1854325294647548.5
76976.97697697698,1214.012126039445,0.055028846583538835,280.0,9.884103429456603e+18,7.293533890482957e-22,439226.6305227792,0.12344264293535245,1,1,1,1.91752530185151e+22,0.0001471501152385977,3.174039261705849e+18,1845288684880122.8
77077.07707707708,1211.9497230824093,0.05513301573593862,280.0,9.834757034809143e+18,7.254036974469204e-22,436848.0719807535,0.12300074601089162,1,1,1,1.9175240240712825e+22,0.00014715012504423503,3.0803788731738004e+18,1836296116659502.0
77177.17717717719,1209.8873201253732,0.0552393295146836,280.0,9.785657002078276e+18,7.214748725182541e-22,434482.0796356933,0.12255898536021975,1,1,1,1.9175227489900994e+22,0.00014715013482916714,2.989716408638274e+18,1827347375343788.0
77277.27727727729,1207.8249171683374,0.05534783152219933,280.0,9.736802101301934e+18,7.175668051474481e-22,432128.58777713764,0.12211736431742164,1,1,1,1.917521476605223e+22,0.000147150144593415,2.901952460521529e+18,1818442247337176.2
77377.37737737739,1205.7625142113015,0.055458566224342684,280.0,9.688191108658622e+18,7.136793867854741e-22,429787.5310353705,0.12167588627527426,1,1,1,1.91752020691397e+22,0.00014715015433699923,2.8169908835899827e+18,1809580520084850.8
77477.47747747749,1203.7001112542657,0.05557157896653253,280.0,9.639822806436784e+18,7.098125094462027e-22,427458.84437966126,0.12123455468525136,1,1,1,1.9175189399137107e+22,0.00014715016405993987,2.734738696789445e+18,1800761982067914.8
77577.57757757758,1201.63770829723,0.0556869159901408,280.0,9.591695983004287e+18,7.059660657034988e-22,425142.4631165156,0.12079337305751754,1,1,1,1.9175176756018725e+22,0.00014715017376225664,2.655105987256838e+18,1791986422798341.2
77677.67767767768,1199.575305340194,0.05580462444914622,280.0,9.543809432778074e+18,7.021399486883277e-22,422838.32288793265,0.1203523449609124,1,1,1,1.9175164139759383e+22,0.00014715018344396884,2.5780058165207137e+18,1783253632813949.2
77777.77777777778,1197.5129023831582,0.05592475242705303,280.0,9.496161956193962e+18,6.983340520858794e-22,420546.3596696734,0.1199114740229236,1,1,1,1.917515155033448e+22,0.00014715019310509525,2.503354128897069e+18,1774563403673403.8
77877.87787787788,1195.4504994261224,0.0560473489540769,280.0,9.448752359676588e+18,6.945482701327062e-22,418266.50976953655,0.11947076392964961,1,1,1,1.9175138987719996e+22,0.00014715020274565433,2.431069662081706e+18,1765915527951240.5
77977.97797797798,1193.3880964690866,0.05617246402460027,280.0,9.401579455609524e+18,6.90782497613876e-22,415998.7098256447,0.11903021842575182,1,1,1,1.91751264518925e+22,0.00014715021236566398,2.361073859935531e+18,1757309799232915.0
78078.07807807808,1191.3256935120507,0.05630014861489918,280.0,9.354642062305511e+18,6.870366298601391e-22,413742.8968047377,0.11858984131439498,1,1,1,1.917511394282915e+22,0.0001471502219651417,2.2932907874547382e+18,1748746012109876.2
78178.17817817819,1189.2632905550147,0.05643045470114352,280.0,9.307939003976866e+18,6.8331056274510995e-22,411499.0080004757,0.11814963645717769,1,1,1,1.917510146050772e+22,0.00014715023154410447,2.227647047913743e+18,1740223962174662.0
78278.27827827829,1187.2008875979789,0.05656343527767264,280.0,9.261469110706035e+18,6.796041926824649e-22,409266.98103175167,0.11770960777405096,1,1,1,1.917508900490658e+22,0.00014715024110256887,2.1640717021651e+18,1731743446016025.0
78378.37837837839,1185.138484640943,0.05669914437554812,280.0,9.215231218416266e+18,6.759174166231508e-22,407046.75384101004,0.11726975924322572,1,1,1,1.9175076576004734e+22,0.00014715025064055096,2.1024961900770665e+18,1723304261214070.2
78478.47847847849,1183.0760816839072,0.056837637081385325,280.0,9.169224168842469e+18,6.722501320526115e-22,404838.26469257683,0.116830094901069,1,1,1,1.917506417378181e+22,0.00014715026015806634,2.0428542540867868e+18,1714906206335428.8
78578.57857857858,1181.0136787268714,0.05697896955646522,280.0,9.123446809502193e+18,6.686022369880265e-22,402641.45217099646,0.11639061884198885,1,1,1,1.9175051798218078e+22,0.0001471502696551301,1.9850818648439964e+18,1706549080928448.2
78678.67867867868,1178.9512757698355,0.057123199056128046,280.0,9.077897993666749e+18,6.649736299755645e-22,400456.2551793781,0.11595133521830714,1,1,1,1.9175039449294445e+22,0.00014715027913175682,1.9291171489179187e+18,1698232685518408.5
78778.77877877878,1176.8888728127997,0.05727038394944989,280.0,9.032576580332502e+18,6.613642100876518e-22,398282.6129377503,0.11551224824012114,1,1,1,1.9175027126992487e+22,0.00014715028858796066,1.874900318537786e+18,1689956821602760.2
78878.87887887888,1174.826469855764,0.05742058373920345,280.0,8.987481434192278e+18,6.577738769202534e-22,396120.46498142375,0.1150733621751532,1,1,1,1.917501483129444e+22,0.00014715029802375517,1.822373603335524e+18,1681721291646387.2
78978.97897897898,1172.764066898728,0.05757385908210394,280.0,8.942611425606914e+18,6.542025305901678e-22,393969.7511593625,0.11463468134858835,1,1,1,1.917500256218322e+22,0.0001471503074391534,1.7714811840574574e+18,1673525899076891.2
79079.07907907908,1170.7016639416922,0.057730271809340795,280.0,8.89796543057698e+18,6.506500717323372e-22,391830.4116325637,0.11419621014290011,1,1,1,1.917499031964242e+22,0.00014715031683416792,1.7221691282104563e+18,1665370448279900.0
79179.17917917919,1168.6392609846562,0.05788988494739602,280.0,8.853542330714607e+18,6.471164014971714e-22,389702.386872446,0.1137579529976641,1,1,1,1.917497810365634e+22,0.00014715032620881072,1.6743853276066867e+18,1657254744594397.5
79279.27927927929,1166.5768580276203,0.05805276273914929,280.0,8.809341013215504e+18,6.436014215478848e-22,387585.61765924626,0.11331991440935972,1,1,1,1.9174965914209972e+22,0.00014715033556309332,1.6280794377701384e+18,1649178594308081.8
79379.37937937939,1164.5144550705845,0.05821897066527057,280.0,8.765360370831021e+18,6.401050340578443e-22,385480.04508042225,0.11288209893115886,1,1,1,1.9174953751289033e+22,0.00014715034489702655,1.5832028191670825e+18,1641141804652734.2
79479.47947947949,1162.4520521135487,0.058388575465899546,280.0,8.721599301840468e+18,6.366271417079385e-22,383385.610529068,0.11244451117270339,1,1,1,1.9174941614879963e+22,0.00014715035421062088,1.539708480222161e+18,1633144183799624.0
79579.57957957959,1160.3896491565129,0.058561645162612384,280.0,8.678056710023492e+18,6.331676476839513e-22,381302.2557023326,0.11200715579986902,1,1,1,1.917492950496993e+22,0.00014715036350388606,1.4975510220810122e+18,1625185540854926.8
79679.67967967968,1158.327246199477,0.05873824908067489,280.0,8.634731504632619e+18,6.297264556739548e-22,379229.92259984993,0.11157003753451755,1,1,1,1.917491742154686e+22,0.0001471503727768313,1.4566865850800842e+18,1617265685855169.8
79779.77977977978,1156.2648432424412,0.05891845787158164,280.0,8.591622600365936e+18,6.263034698657149e-22,377168.55352217646,0.11113316115423622,1,1,1,1.9174905364599424e+22,0.00014715038202946524,1.4170727968839544e+18,1609384429762696.8
79879.87987987988,1154.2024402854054,0.05910234353588005,280.0,8.548728917339901e+18,6.2289859494410805e-22,375118.09106923535,0.11069653149206403,1,1,1,1.917489333411707e+22,0.000147150391261796,1.3786687222503334e+18,1601541584461155.8
79979.97997997998,1152.1400373283695,0.05928997944627818,280.0,8.506049381062287e+18,6.195117360885528e-22,373078.4781387698,0.11026015343620607,1,1,1,1.917488133009002e+22,0.00014715040047383102,1.3414348143828762e+18,1593736962751009.8
80080.08008008008,1150.0776343713337,0.0594814403710348,280.0,8.463582922405271e+18,6.161427989704543e-22,371049.65792480414,0.10982403192973439,1,1,1,1.9174869352509287e+22,0.00014715040966557712,1.3053328678319795e+18,1585970378345068.0
80180.18018018019,1148.0152314142977,0.059676802497629876,280.0,8.421328477578658e+18,6.127916897506631e-22,369031.57391611347,0.1093881719702764,1,1,1,1.9174857401366684e+22,0.00014715041883704054,1.2703259729038807e+18,1578241645864038.5
80280.28028028029,1145.9528284572618,0.05987614345671334,280.0,8.379284988103222e+18,6.09458315076944e-22,367024.1698946993,0.10895257860969033,1,1,1,1.9174845476654836e+22,0.00014715042798822694,1.2363784715386301e+18,1570550580832107.5
80380.38038038039,1143.890425500226,0.0600795423463298,280.0,8.337451400784196e+18,6.061425820814608e-22,365027.3899342749,0.10851725695372746,1,1,1,1.9174833578367196e+22,0.00014715043711914128,1.2034559146177027e+18,1562896999672530.2
80480.48048048049,1141.8280225431902,0.0602870797564162,280.0,8.295826667684887e+18,6.028443983782724e-22,363041.17839875724,0.10808221216168164,1,1,1,1.917482170649805e+22,0.00014715044622978793,1.171525020662557e+18,1555280719703253.0
80580.58058058059,1139.7656195861543,0.06049883779356939,280.0,8.254409746100428e+18,5.995636720608427e-22,361065.47994076787,0.10764744944602558,1,1,1,1.917480986104253e+22,0.00014715045532017054,1.1405536358856909e+18,1547701559132552.0
80680.68068068069,1137.7032166291185,0.06071490010607999,280.0,8.213199598531658e+18,5.963003116995622e-22,359100.23950013984,0.1072129740720341,1,1,1,1.917479804199663e+22,0.00014715046439029217,1.1105106955563297e+18,1540159337054694.2
80780.78078078078,1135.6408136720827,0.0609353519092286,280.0,8.172195192659128e+18,5.930542263392839e-22,357145.40230243414,0.10677879135739428,1,1,1,1.9174786249357215e+22,0.00014715047344015516,1.081366186643367e+18,1532653873445619.5
80880.88088088088,1133.5784107150469,0.06116028001083996,280.0,8.131395501317253e+18,5.898253254968697e-22,355200.9138574619,0.10634490667180227,1,1,1,1.917477448312204e+22,0.00014715048246976124,1.0530911116987487e+18,1525184989158643.0
80980.98098098098,1131.516007758011,0.061389772837090205,280.0,8.090799502468561e+18,5.866135191587518e-22,353266.719957816,0.10591132543654717,1,1,1,1.9174762743289747e+22,0.00014715049147911134,1.025657453945088e+18,1517752505920180.0
81081.08108108108,1129.4536048009752,0.061623920458561986,280.0,8.050406179178113e+18,5.834187177785044e-22,351342.7666774088,0.1054780531240814,1,1,1,1.9174751029859893e+22,0.0001471505004682058,9.990381435319315e+17,1510356246325490.2
81181.1811811812,1127.3912018439391,0.06186281461654162,280.0,8.010214519588012e+18,5.802408322744294e-22,349429.00037001783,0.10504509525757796,1,1,1,1.9174739342832966e+22,0.00014715050943704425,9.732070249257464e+17,1502996033834443.0
81281.28128128129,1125.3287988869033,0.06210654874955192,280.0,7.970223516892068e+18,5.770797740271545e-22,347525.3676678397,0.10461245741047465,1,1,1,1.9174727682210377e+22,0.00014715051838562547,9.481388253994065e+17,1495671692767306.8
81381.38138138139,1123.2663959298675,0.06235521802011418,280.0,7.930432169310568e+18,5.73935454877242e-22,345631.8154800499,0.10418014520600444,1,1,1,1.9174716047994493e+22,0.0001471505273139477,9.238091245875699e+17,1488383048300550.0
81481.48148148149,1121.2039929728317,0.06260891934173161,280.0,7.890839480065187e+18,5.708077871228114e-22,343748.29099137115,0.10374816431671316,1,1,1,1.917470444018864e+22,0.00014715053622200828,9.001943250751896e+17,1481129926462673.0
81581.58158158159,1119.1415900157958,0.06286775140608643,280.0,7.851444457354012e+18,5.676966835171742e-22,341874.7416606491,0.1033165204639636,1,1,1,1.9174692858797125e+22,0.00014715054510980387,8.772716239869824e+17,1473912154130053.8
81681.68168168169,1117.07918705876,0.0631318147104422,280.0,7.812246114326707e+18,5.646020572664806e-22,340011.115219435,0.1028852194174264,1,1,1,1.9174681303825238e+22,0.00014715055397733042,8.550189855465014e+17,1466729559022816.0
81781.78178178178,1115.0167841017242,0.06340121158524203,280.0,7.773243469059789e+18,5.615238220273772e-22,338157.35967057536,0.10245426699455765,1,1,1,1.917466977527928e+22,0.00014715056282458297,8.334151145741632e+17,1459581969700716.8
81881.88188188188,1112.9543811446883,0.06367604622189314,280.0,7.734435544532021e+18,5.584618919046787e-22,336313.4232868095,0.10202366906006331,1,1,1,1.9174658273166567e+22,0.00014715057165155592,8.124394308943301e+17,1452469215559055.0
81981.98198198198,1110.8919781876525,0.06395642470072685,280.0,7.695821368599951e+18,5.554161814490492e-22,334479.25460937363,0.1015934315253503,1,1,1,1.9174646797495446e+22,0.00014715058045824283,7.920720446222872e+17,1445391126824599.0
82082.08208208208,1108.8295752306167,0.06424245501912347,280.0,7.657399973973555e+18,5.52386605654699e-22,332654.80244661315,0.10116356034796438,1,1,1,1.917463534827531e+22,0.00014715058924463648,7.72293732302702e+17,1438347534551534.0
82182.1821821822,1106.7671722735806,0.0645342471197895,280.0,7.619170398192e+18,5.493730799570879e-22,330840.01587260043,0.10073406153101491,1,1,1,1.917462392551661e+22,0.00014715059801072874,7.53085913871886e+17,1431338270617429.0
82282.2822822823,1104.7047693165448,0.06483191291917483,280.0,7.581131683599544e+18,5.463755202306461e-22,329034.8442257616,0.1003049411225865,1,1,1,1.917461252923088e+22,0.00014715060675651073,7.344306304169372e+17,1424363167719228.0
82382.38238238239,1102.642366359509,0.06513556633601665,280.0,7.543282877321542e+18,5.433938427865024e-22,327239.23710750864,0.09987620521513726,1,1,1,1.917460115943074e+22,0.00014715061548197276,7.163105227055117e+17,1417422059369250.5
82482.48248248249,1100.5799634024731,0.0654453233199954,280.0,7.505623031240572e+18,5.404279643702263e-22,325453.14438087994,0.09944785994488438,1,1,1,1.9174589816129915e+22,0.00014715062418710424,6.987088104607942e+17,1410514779891221.2
82582.58258258259,1098.5175604454373,0.0657613018804878,280.0,7.468151201972694e+18,5.37477802159581e-22,323676.5161691865,0.09901991149117634,1,1,1,1.9174578499343253e+22,0.00014715063287189372,6.816092723568563e+17,1403641164416315.2
82682.68268268269,1096.4551574884015,0.06608362211540099,280.0,7.43086645084381e+18,5.345432737622878e-22,321909.3028546664,0.09859236607585231,1,1,1,1.9174567209086734e+22,0.00014715064153632894,6.649962267103537e+17,1396801048879223.0
82782.78278278279,1094.3927545313657,0.06641240624007089,280.0,7.393767843866156e+18,5.316242972138025e-22,320151.4550771451,0.09816522996258875,1,1,1,1.917455594537749e+22,0.00014715065018039666,6.488545128451916e+17,1389994270014233.2
82882.88288288288,1092.3303515743298,0.06674777861620677,280.0,7.3568544517149e+18,5.287207909751032e-22,318402.9237327034,0.09773850945623277,1,1,1,1.9174544708233826e+22,0.00014715065880408285,6.331694731074753e+17,1383220665351337.2
82982.98298298298,1090.267948617294,0.06708986578086326,280.0,7.320125349704867e+18,5.258326739304886e-22,316663.6599723515,0.09731221090212322,1,1,1,1.9174533497675223e+22,0.00014715066740737245,6.179269355087373e+17,1376480073212350.2
83083.08308308308,1088.2055456602582,0.06743879647541992,280.0,7.283579617767372e+18,5.229598653853882e-22,314933.6152007108,0.09688634068539868,1,1,1,1.9174522313722357e+22,0.00014715067599024962,6.031131969760915e+17,1369772332707052.2
83183.1831831832,1086.143142703222,0.06779470167454747,280.0,7.247216340427174e+18,5.201022850641841e-22,313212.7410747011,0.09646090523029287,1,1,1,1.917451115639713e+22,0.00014715068455269746,5.887150071886167e+17,1363097283729347.5
83283.2832832833,1084.0807397461863,0.06815771461513846,280.0,7.211034606779544e+18,5.172598531080438e-22,311500.9895022365,0.0960359109994179,1,1,1,1.9174500025722663e+22,0.00014715069309469825,5.747195529799164e+17,1356454766953446.2
83383.38338338339,1082.0183367891505,0.06852797082517972,280.0,7.175033510467445e+18,5.144324900727627e-22,309798.3126409257,0.09561136449303444,1,1,1,1.917448892172333e+22,0.00014715070161623318,5.611144432873863e+17,1349844623830056.0
83483.48348348349,1079.9559338321146,0.06890560815254167,280.0,7.139212149658826e+18,5.116201169266209e-22,308104.6628967811,0.09518727224831013,1,1,1,1.917447784442477e+22,0.00014715071011728255,5.478876946293992e+17,1343266696582601.5
83583.58358358359,1077.8935308750788,0.06929076679365939,280.0,7.103569627024038e+18,5.088226550482471e-22,306419.99292293296,0.09476364083856535,1,1,1,1.9174466793853898e+22,0.00014715071859782572,5.350277170921412e+17,1336720828203457.5
83683.68368368369,1075.831127918043,0.06968358932207859,280.0,7.068105049713348e+18,5.060400262244962e-22,304744.2556183508,0.09434047687250698,1,1,1,1.917445577003892e+22,0.00014715072705784093,5.225233008084578e+17,1330206862450201.2
83783.78378378379,1073.7687249610071,0.07008422071683848,280.0,7.032817529334575e+18,5.032721526483375e-22,303077.4041265718,0.09391778699345024,1,1,1,1.9174444773009365e+22,0.00014715073549730553,5.1036360291162086e+17,1323724643841883.5
83883.88388388389,1071.7063220039713,0.07049280839066205,280.0,6.99770618193084e+18,5.005189569167517e-22,301419.3918344344,0.09349557787852834,1,1,1,1.917443380279609e+22,0.00014715074391619576,4.98538134947483e+17,1317274017655317.0
83983.98398398398,1069.6439190469355,0.07090950221792314,280.0,6.962770127958415e+18,4.977803620286422e-22,299770.1723708204,0.0930738562378907,1,1,1,1.9174422859431293e+22,0.0001471507523144869,4.870367507290249e+17,1310854829921383.2
84084.08408408408,1067.5815160898997,0.07133445456235833,280.0,6.928008492264701e+18,4.950562913827533e-22,298129.69960540143,0.09265262881388919,1,1,1,1.9174411942948543e+22,0.00014715076069215315,4.7584963461782605e+17,1304466927421358.2
84184.1841841842,1065.5191131328636,0.0717678203044898,280.0,6.893420404066293e+18,4.923466687756017e-22,296497.92764739285,0.09223190238025283,1,1,1,1.9174401053382786e+22,0.00014715076904916764,4.649672902174989e+17,1298110157683253.8
84284.2842842843,1063.4567101758278,0.07220975686872408,280.0,6.859004996927176e+18,4.896514183994183e-22,294874.8108443147,0.09181168374125168,1,1,1,1.9174390190770368e+22,0.00014715077738550246,4.543805294646336e+17,1291784368978182.0
84384.3843843844,1061.394307218792,0.07266042425009074,280.0,6.824761408737017e+18,4.869704648400993e-22,293260.30378075765,0.09139197973084857,1,1,1,1.9174379355149047e+22,0.00014715078570112856,4.440804621032523e+17,1285489410316728.2
84484.48448448449,1059.331904261756,0.07311998504058193,280.0,6.790688781689568e+18,4.843037330751681e-22,291654.3612771557,0.09097279721184051,1,1,1,1.9174368546558023e+22,0.00014715079399601585,4.340584855292948e+17,1279225131445351.2
84584.58458458459,1057.2695013047203,0.0735886044550536,280.0,6.756786262261183e+18,4.816511484717506e-22,290056.9383885667,0.09055414307498881,1,1,1,1.917435776503794e+22,0.00014715080227013308,4.243062749920599e+17,1272991382842795.2
84684.68468468469,1055.2070983476845,0.07406645035664698,280.0,6.723053001189431e+18,4.790126367845549e-22,288467.99040345603,0.09013602423813843,1,1,1,1.9174347010630905e+22,0.0001471508105234479,4.148157741400012e+17,1266788015716521.5
84784.78478478479,1053.1446953906486,0.07455369328168689,280.0,6.689488153451823e+18,4.763881241538678e-22,286887.47284248966,0.08971844764532697,1,1,1,1.9174336283380522e+22,0.0001471508187559268,4.055791858986962e+17,1260614881999156.8
84884.88488488489,1051.0822924336128,0.07505050646401215,280.0,6.65609087824465e+18,4.737775371035578e-22,285315.34145733184,0.08930142026588284,1,1,1,1.9174325583331895e+22,0.00014715082696753514,3.965889636692244e+17,1254471834344959.0
84984.98498498499,1049.019889476577,0.07555706585869162,280.0,6.622860338961912e+18,4.711808025390885e-22,283751.5522294485,0.08888494909351356,1,1,1,1.9174314910531644e+22,0.0001471508351582371,3.878378028355961e+17,1248358726126300.2
85085.08508508508,1046.9574865195411,0.07607355016507712,280.0,6.589795703174366e+18,4.685978477455438e-22,282196.06136891845,0.08846904114538373,1,1,1,1.917430426502793e+22,0.00014715084332799573,3.7931863257026336e+17,1242275411430167.2
85185.1851851852,1044.895083562505,0.0766001408491429,280.0,6.556896142608675e+18,4.660286003856629e-22,280648.82531324925,0.08805370346118319,1,1,1,1.9174293646870476e+22,0.00014715085147677274,3.710246079271244e+17,1236221745054678.0
85285.2852852853,1042.8326806054692,0.07713702216505948,280.0,6.524160833126654e+18,4.634729884978822e-22,279109.8007261989,0.0876389431021857,1,1,1,1.917428305611057e+22,0.0001471508596045288,3.629491022118088e+17,1230197582505618.5
85385.3853853854,1040.7702776484334,0.07768438117594786,280.0,6.491588954704632e+18,4.609309404943941e-22,277578.94449660595,0.0872247671502976,1,1,1,1.917427249280109e+22,0.00014715086771122324,3.550856996193601e+17,1224202779992989.5
85485.4854854855,1038.7078746913976,0.07824240777375738,280.0,6.459179691412903e+18,4.584023851592069e-22,276056.2137372222,0.08681118270709784,1,1,1,1.9174261956996544e+22,0.00014715087579681425,3.474281881298224e+17,1218237194427577.8
85585.58558558559,1036.6454717343618,0.07881129469820931,280.0,6.426932231395295e+18,4.558872516462233e-22,274541.56578355434,0.08639819689286836,1,1,1,1.917425144875304e+22,0.00014715088386125865,3.399705526525245e+17,1212300683417539.5
85685.68568568569,1034.583068777326,0.07939123755474584,280.0,6.394845766848825e+18,4.533854694773227e-22,273034.95819271,0.08598581684561608,1,1,1,1.917424096812835e+22,0.00014715089190451219,3.327069684102082e+17,1206393105265002.2
85785.78578578579,1032.52066582029,0.07998243483142199,280.0,6.362919494003469e+18,4.508969685404551e-22,271536.34874224954,0.08557404972008587,1,1,1,1.9174230515181895e+22,0.00014715089992652907,3.256317945544473e+17,1200514318962682.2
85885.88588588589,1030.4582628632543,0.08058508791467589,280.0,6.331152613102026e+18,4.484216790877469e-22,270045.6954290453,0.08516290268676525,1,1,1,1.9174220089974785e+22,0.0001471509079272625,3.1873956800410835e+17,1194664184190518.8
85985.98598598599,1028.3958599062184,0.08119940110391055,280.0,6.299544328380081e+18,4.459595317336124e-22,268562.9564681444,0.08475238293088096,1,1,1,1.917420969256982e+22,0.00014715091590666418,3.1202499749889696e+17,1188842561312325.2
86086.0860860861,1026.3334569491824,0.08182558162481851,280.0,6.268093848046076e+18,4.43510457452879e-22,267088.09029163944,0.08434249765138739,1,1,1,1.917419932303152e+22,0.00014715092386468454,3.054829578603131e+17,1183049311372455.2
86186.1861861862,1024.2710539921466,0.08246383964137743,280.0,6.23680038426147e+18,4.4107438757891895e-22,265621.05554754415,0.08393325405994756,1,1,1,1.917418898142614e+22,0.00014715093180127272,2.991084844526194e+17,1177284296092489.0
86286.2862862863,1022.2086510351108,0.0831143882664444,280.0,6.205663153121013e+18,4.386512538017928e-22,264161.8110986744,0.08352465937990634,1,1,1,1.9174178667821665e+22,0.0001471509397163765,2.9289676783666944e+17,1171547377867928.2
86386.3863863864,1020.1462480780751,0.08377744357087188,280.0,6.174681374633094e+18,4.362409881664012e-22,262710.3160215359,0.08311672084525645,1,1,1,1.917416838228787e+22,0.0001471509476099423,2.8684314860973088e+17,1165838419764915.0
86486.4864864865,1018.0838451210394,0.08445322459106785,280.0,6.143854272700218e+18,4.338435230706459e-22,261266.5296052163,0.08270944569959766,1,1,1,1.9174158124896292e+22,0.00014715095548191516,2.8094311242465085e+17,1160157285516962.0
86586.58658658659,1016.0214421640037,0.08514195333491964,280.0,6.113181075099552e+18,4.314587912636016e-22,259830.41135028462,0.08230284119508925,1,1,1,1.917414789572028e+22,0.0001471509633322388,2.751922851819686e+17,1154503839521700.8
86686.68668668669,1013.959039206968,0.08584385478599885,280.0,6.082661013463591e+18,4.290867258436962e-22,258401.92096769498,0.08189691459139574,1,1,1,1.917413769483499e+22,0.00014715097116085545,2.6958642838880298e+17,1148877946837644.2
86786.78678678679,1011.8966362499323,0.08655915690596175,280.0,6.052293323260901e+18,4.267272602568999e-22,256981.01837769637,0.08149167315462667,1,1,1,1.917412752231741e+22,0.00014715097896770603,2.6412143467856387e+17,1143279473180966.8
86886.88688688689,1009.8342332928966,0.08728809063505807,280.0,6.022077243776975e+18,4.243803282949252e-22,255567.66370874847,0.08108712415627033,1,1,1,1.917411737824638e+22,0.00014715098675272995,2.587933234857518e+17,1137708284922298.0
86986.98698698699,1007.7718303358608,0.08803088989065785,280.0,5.992012018095173e+18,4.220458640934338e-22,254161.817296442,0.08068327487212183,1,1,1,1.9174107262702605e+22,0.00014715099451586528,2.535982368703145e+17,1132164249083534.2
87087.0870870871,1005.7094273788248,0.0887877915637047,280.0,5.962096893077759e+18,4.1972380213025517e-22,252763.4396824257,0.08028013258120567,1,1,1,1.917409717576866e+22,0.00014715100225704862,2.485324354862284e+17,1126647233334663.2
87187.1871871872,1003.6470244217891,0.08955903551299933,280.0,5.932331119347043e+18,4.1741407722361312e-22,251372.49161333853,0.07987770456469369,1,1,1,1.917408711752901e+22,0.00014715100997621505,2.435922946891702e+17,1121157105990608.2
87287.2872872873,1001.5846214647534,0.09034486455721888,280.0,5.902713951266601e+18,4.1511662453036034e-22,249988.93403974632,0.07947599810481727,1,1,1,1.917407708807004e+22,0.00014715101767329825,2.3877430077831248e+17,1115693736008081.2
87387.3873873874,999.5222185077176,0.09114552446456937,280.0,5.873244646922597e+18,4.128313795442241e-22,248612.72811508554,0.07907502048377577,1,1,1,1.9174067087480053e+22,0.00014715102534823045,2.340750473674831e+17,1110256992982457.5
87487.4874874875,997.4598155506819,0.09196126393997207,280.0,5.843922468105207e+18,4.1055827809405976e-22,247243.83519461125,0.0786747789826405,1,1,1,1.9174057115849285e+22,0.00014715103300094235,2.294912318810736e+17,1104846747144662.4
87587.5875875876,995.3974125936462,0.09279233460967838,280.0,5.814746680290113e+18,4.0829725634211303e-22,245882.2168343509,0.07827528088025455,1,1,1,1.9174047173269923e+22,0.00014715104063136314,2.250196521702638e+17,1099462869358074.1
87687.68768768769,993.3350096366105,0.09363899100320727,280.0,5.785716552620115e+18,4.06048250782292e-22,244527.83479006347,0.07787653345212907,1,1,1,1.917403725983612e+22,0.00014715104823942053,2.2065720324528534e+17,1094105231115441.2
87787.78778778779,991.2726066795748,0.09450149053249637,280.0,5.756831357886816e+18,4.0381119823844695e-22,243180.65101620374,0.07747854396933625,1,1,1,1.917402737564401e+22,0.00014715105582504073,2.164008741196016e+17,1088773704535815.5
87887.88788788789,989.2102037225391,0.09538009346815632,280.0,5.728090372512409e+18,4.015860358626601e-22,241840.62766489224,0.07708131969739897,1,1,1,1.91740175207917e+22,0.00014715106338814837,2.1224774476203082e+17,1083468162361499.2
87987.98798798799,987.1478007655033,0.09627506291271462,280.0,5.699492876531547e+18,3.993727011335439e-22,240507.7270848904,0.07668486789517803,1,1,1,1.917400769537931e+22,0.0001471510709286666,2.08194983152983e+17,1078188477955008.5
88088.0880880881,985.0853978084673,0.09718666477073502,280.0,5.671038153573309e+18,3.9717113185454577e-22,239181.91182057993,0.07628919581375657,1,1,1,1.9173997899508963e+22,0.00014715107844651704,2.0423984244111872e+17,1072934525296048.8
88188.1881881882,983.0229948514316,0.09811516771569335,280.0,5.642725490843276e+18,3.949812661522673e-22,237863.14461095023,0.07589431069532282,1,1,1,1.9173988133284818e+22,0.00014715108594161967,2.0037965819687587e+17,1067706178978510.8
88288.2882882883,980.9605918943959,0.09906084315349398,280.0,5.614554179105624e+18,3.9280304247478357e-22,236551.38838858658,0.07550021977205008,1,1,1,1.917397839681305e+22,0.00014715109341389296,1.9661184575942717e+17,1062503314207472.5
88388.3883883884,978.8981889373601,0.1000239651825024,280.0,5.586523512665409e+18,3.9063639958997895e-22,235246.60627866775,0.07510693026497638,1,1,1,1.917396869020189e+22,0.00014715110086325383,1.9293389767377475e+17,1057325806796223.2
88488.4884884885,976.8357859803244,0.10100481054997379,280.0,5.558632789350867e+18,3.884812765838878e-22,233948.7615979668,0.07471444938288188,1,1,1,1.9173959013561606e+22,0.0001471511082896176,1.8934338121478864e+17,1052173533163299.0
88588.5885885886,974.7733830232887,0.10200365860475208,280.0,5.530881310495826e+18,3.8633761285904316e-22,232657.8178538567,0.07432278432116607,1,1,1,1.917394936700453e+22,0.00014715111569289804,1.858379359951221e+17,1047046370329532.6
88688.6886886887,972.710980066253,0.1030207912461144,280.0,5.503268380922204e+18,3.8420534813283513e-22,231373.73874332153,0.07393194226072401,1,1,1,1.917393975064507e+22,0.0001471511230730073,1.82415271654045e+17,1041944195915118.6
88788.78878878879,970.6485771092173,0.10405649286863321,280.0,5.475793308922598e+18,3.8208442243587795e-22,230096.48815197343,0.0735419303668223,1,1,1,1.9173930164599692e+22,0.00014715113042985598,1.7907316562434288e+17,1036866888136691.9
88888.88888888889,968.5861741521816,0.10511105030292792,280.0,5.448455406242956e+18,3.799747761103841e-22,228826.03015307317,0.07315275578797545,1,1,1,1.9173920608986948e+22,0.000147151137763353,1.7580946097453366e+17,1031814325804421.0
88988.98898898899,966.5237711951459,0.10618475275217627,280.0,5.421253988065331e+18,3.77876349808548e-22,227562.32900655692,0.07276442565482223,1,1,1,1.9173911083927476e+22,0.00014715114507340583,1.7262206432375222e+17,1026786388319115.8
89089.0890890891,964.4613682381098,0.10727789172425574,280.0,5.39418837299073e+18,3.7578908449093706e-22,226305.3491580673,0.0723769470790029,1,1,1,1.9173901589543995e+22,0.00014715115235992016,1.695089438267492e+17,1021782955669347.6
89189.1891891892,962.3989652810741,0.10839076095938192,280.0,5.367257883022058e+18,3.737129214248925e-22,225055.05523799037,0.07199032715203768,1,1,1,1.9173892125961323e+22,0.0001471511596228002,1.6646812722654544e+17,1016803908428588.5
89289.2892892893,960.3365623240384,0.1095236563531157,280.0,5.340461843547101e+18,3.716478021829346e-22,223811.41206049515,0.07160457294420611,1,1,1,1.9173882693306366e+22,0.00014715116686194856,1.6349769997236317e+17,1011849127752355.2
89389.3893893894,958.2741593670027,0.11067687587460304,280.0,5.313799583321658e+18,3.69593668641182e-22,222574.38462258183,0.07121969150342836,1,1,1,1.917387329170813e+22,0.0001471511740772661,1.6059580340055584e+17,1006918495375376.6
89489.4894894895,956.2117564099669,0.11185071947991812,280.0,5.287270434452714e+18,3.6755046297777314e-22,221343.938103131,0.0708356898541488,1,1,1,1.9173863921297704e+22,0.00014715118126865223,1.577606329763263e+17,1002011893608769.2
89589.5895895896,954.1493534529312,0.11304548902037691,280.0,5.260873732381711e+18,3.6551812767130026e-22,220120.03786196074,0.07045257499622136,1,1,1,1.917385458220829e+22,0.0001471511884360047,1.549904365941112e+17,997129205337228.6
89689.6896896897,952.0869504958955,0.11426148814568977,280.0,5.234608815867901e+18,3.6349660549924897e-22,218902.64943888673,0.07007035390379801,1,1,1,1.9173845274575168e+22,0.00014715119557921964,1.5228351293458294e+17,992270314016234.0
89789.7897897898,950.0245475388598,0.11549902220182184,280.0,5.208475026971776e+18,3.614858395364458e-22,217691.73855278754,0.06968903352422004,1,1,1,1.9173835998535715e+22,0.00014715120269819153,1.496382098762954e+17,987435103669266.4
89889.88988988989,947.9621445818241,0.11675839812343194,280.0,5.182471711038597e+18,3.5948577315351563e-22,216487.27110067545,0.06930862077691256,1,1,1,1.917382675422939e+22,0.00014715120979281334,1.470529229600701e+17,982623458885040.2
89989.98998998999,945.8997416247884,0.11803992432076077,280.0,5.156598216681987e+18,3.574963500153445e-22,215289.21315677097,0.06892912255228296,1,1,1,1.917381754179773e+22,0.00014715121686297643,1.4452609390428832e+17,977835264814749.1
90090.0900900901,943.8373386677523,0.11934391056084191,280.0,5.130853895767611e+18,3.555175140795521e-22,214097.5309715828,0.0685505457106229,1,1,1,1.917380836138436e+22,0.00014715122390857052,1.4205620916931992e+17,973070407169323.5
90190.1901901902,941.7749357107166,0.1206706678429092,280.0,5.105238103396965e+18,3.5354920959497273e-22,212912.19097099302,0.06817289708101527,1,1,1,1.9173799213134946e+22,0.00014715123092948377,1.3964179856938666e+17,968328772216705.5
90290.2902902903,939.7125327536809,0.1220205082678808,280.0,5.079750197891173e+18,3.515913811001393e-22,211733.1597553442,0.06779618346024474,1,1,1,1.917379009719723e+22,0.00014715123792560276,1.3728143393021e+17,963610246779130.5
90390.3903903904,937.6501297966452,0.123393744901796,280.0,5.054389540774959e+18,3.4964397342178215e-22,210560.4040985355,0.06742041161171439,1,1,1,1.9173781013720994e+22,0.00014715124489681248,1.349737277908665e+17,958914718230428.0
90490.4904904905,935.5877268396094,0.1247906916330903,280.0,5.029155496760632e+18,3.4770693167333033e-22,209393.89094711983,0.06704558826436684,1,1,1,1.9173771962858045e+22,0.00014715125184299645,1.3271733214831693e+17,954242074493333.2
90590.5905905906,933.5253238825737,0.1262116630235945,280.0,5.004047433732176e+18,3.457802012534223e-22,208233.58741940712,0.06667172011161122,1,1,1,1.9173762944762215e+22,0.00014715125876403647,1.3051093724313848e+17,949592204036811.8
90690.6906906907,931.462920925538,0.12765697415314847,280.0,4.979064722729411e+18,3.4386372784442382e-22,207079.4608045719,0.06629881381025611,1,1,1,1.917375395958934e+22,0.00014715126565981296,1.2835327038503896e+17,944964995873397.1
90790.7907907908,929.4005179685023,0.129126940457724,280.0,4.954206737932246e+18,3.4195745741095486e-22,205931.47856176598,0.06592687597944856,1,1,1,1.917374500749724e+22,0.00014715127253020477,1.2624309481678347e+17,940360339556542.2
90890.89089089089,927.3381150114666,0.13062187756095692,280.0,4.929472856644993e+18,3.400613361984212e-22,204789.60831923422,0.06555591319961986,1,1,1,1.9173736088645715e+22,0.0001471512793750892,1.2417920861521293e+17,935778125177983.0
90990.99099099099,925.2757120544309,0.13214210109899294,280.0,4.904862459280777e+18,3.381753107315566e-22,203653.81787343672,0.06518593201143784,1,1,1,1.9173727203196494e+22,0.00014715128619434208,1.2216044362808077e+17,931218243365114.9
91091.0910910911,923.2133090973948,0.13368792653855913,280.0,4.880374929346004e+18,3.3629932781297017e-22,202524.07518817383,0.06481693891476668,1,1,1,1.9173718351313243e+22,0.00014715129298783784,1.2018566444547958e+17,926680585278381.6
91191.1911911912,921.1509061403591,0.1352596689881757,280.0,4.856009653424942e+18,3.3443333452170335e-22,201400.34839371732,0.06444894036763424,1,1,1,1.917370953316153e+22,0.00014715129975544924,1.1825376740467512e+17,922165042608680.2
91291.2912912913,919.0885031833234,0.13685764300243727,280.0,4.831766021164313e+18,3.3257727821179034e-22,200282.60578594333,0.06408194278520653,1,1,1,1.9173700748908792e+22,0.00014715130649704784,1.1636367962720102e+17,917671507574771.8
91391.3913913914,917.0261002262877,0.1384821623792893,280.0,4.807643425258044e+18,3.3073110651083133e-22,199170.81582547326,0.0637159525387712,1,1,1,1.917369199872432e+22,0.00014715131321250364,1.1451435808711882e+17,913199872920711.1
91491.4914914915,914.963697269252,0.1401335399502432,280.0,4.783641261432034e+18,3.2889476731856827e-22,198064.9471368159,0.06335097595472874,1,1,1,1.9173683282779224e+22,0.00014715131990168532,1.1270478870937626e+17,908750031913286.9
91591.5915915916,912.9012943122162,0.14181208736347792,280.0,4.759758928429023e+18,3.270682088054706e-22,196964.968507516,0.06298701931359268,1,1,1,1.91736746012464e+22,0.00014715132656446009,1.1093398549724117e+17,904321878339473.4
91691.6916916917,910.8388913551805,0.14351811485978455,280.0,4.735995827993525e+18,3.252513794113273e-22,195870.8488873061,0.06262408884899874,1,1,1,1.91736659543005e+22,0.00014715133320069386,1.0920098968782219e+17,899915306503895.5
91791.7917917918,908.7764883981448,0.145251931041322,280.0,4.712351364856849e+18,3.2344422784384597e-22,194782.55738726316,0.062262190746723185,1,1,1,1.9173657342117895e+22,0.00014715133981025132,1.0750486893472318e+17,895530211226306.0
91891.8918918919,906.7140854411091,0.14701384263316225,280.0,4.68882494672218e+18,3.2164670307725968e-22,193700.0632789693,0.06190133114371088,1,1,1,1.917364876487663e+22,0.0001471513463929957,1.0584471651691155e+17,891166487839075.1
91991.99199199199,904.6516824840734,0.14880415423761287,280.0,4.665415984249746e+18,3.1985875435094003e-22,192623.33599367677,0.06154151612711298,1,1,1,1.91736402227564e+22,0.00014715135294878913,1.0421965057291363e+17,886824032184692.1
92092.0920920921,902.5892795270373,0.15062316808131943,280.0,4.642123891042053e+18,3.1808033116801814e-22,191552.34512147744,0.06118275173333513,1,1,1,1.917363171593849e+22,0.00014715135947749238,1.0262881335948101e+17,882502740613278.6
92192.1921921922,900.5268765700016,0.152471183755158,280.0,4.618948083629206e+18,3.1631138329401293e-22,190487.06041047667,0.06082504394709583,1,1,1,1.917362324460574e+22,0.00014715136597896508,1.0107137053390362e+17,878202509980117.2
92292.2922922923,898.4644736129659,0.15434849794694971,280.0,4.5958879814542756e+18,3.1455186075546487e-22,189427.45176597065,0.06046839870049546,1,1,1,1.91736148089425e+22,0.00014715137245306575,9.954651045916966e+16,873923237643185.9
92392.3923923924,896.4020706559302,0.15625540416703104,280.0,4.572943006858757e+18,3.128017138385771e-22,188373.4892496279,0.06011282187209635,1,1,1,1.917360640913458e+22,0.0001471513788996517,9.805344353120859e+16,869664821460710.2
92492.4924924925,894.3396676988945,0.15819219246673877,280.0,4.5501125850681196e+18,3.110608930878661e-22,187325.1430786769,0.05975831928601424,1,1,1,1.9173598045369197e+22,0.00014715138531857925,9.6591401527472e+16,865427159788725.2
92592.5925925926,892.2772647418587,0.16015914914987786,280.0,4.527396144177387e+18,3.0932934930481536e-22,186282.38362509507,0.059404896711021046,1,1,1,1.917358971783491e+22,0.00014715139170970364,9.515963697613866e+16,861210151478649.1
92692.6926926927,890.214861784823,0.1621565564772582,280.0,4.504793115136822e+18,3.0760703354653836e-22,185245.18141480384,0.0590525598596594,1,1,1,1.917358142672159e+22,0.0001471513980728791,9.375742254525278e+16,857013695874868.8
92792.7927927928,888.1524588277873,0.16418469236440203,280.0,4.4823029317376666e+18,3.0589389712444743e-22,184213.50712686684,0.05870131438736923,1,1,1,1.9173573172220333e+22,0.0001471514044079589,9.238405045112965e+16,852837692812337.6
92892.8928928929,886.0900558707516,0.166243830072541,280.0,4.4599250305979633e+18,3.041898916029302e-22,183187.33159269288,0.058351165891626734,1,1,1,1.9173564954523417e+22,0.0001471514107147955,9.103883188538539e+16,848682042614184.6
92992.992992993,884.0276529137159,0.16833423789304042,280.0,4.437658851148437e+18,3.024949687980318e-22,182166.6257952424,0.05800211991109555,1,1,1,1.9173556773824236e+22,0.00014715141699324038,8.972109645997069e+16,844546646089335.2
93093.0930930931,881.9652499566798,0.17045617882540548,280.0,4.415503835618451e+18,3.008090807761434e-22,181151.36086823768,0.057654181924790944,1,1,1,1.9173548630317222e+22,0.0001471514232431443,8.843019166960925e+16,840431404530143.4
93193.1931931932,879.9028469996441,0.17260991024904276,280.0,4.393459429022053e+18,2.991321798527009e-22,180141.50809537916,0.057307357351257034,1,1,1,1.917354052419779e+22,0.00014715142946435724,8.716548237106438e+16,836336219710037.4
93293.2932932933,877.8404440426084,0.1747956835889756,280.0,4.371525079144049e+18,2.9746421859088463e-22,179137.03890956234,0.056961651547756786,1,1,1,1.917353245566226e+22,0.0001471514356567285,8.592635027867282e+16,832260993881172.5
93393.3933933934,875.7780410855727,0.17701374397572028,280.0,4.3497002365261727e+18,2.9580514980032947e-22,178137.92489210106,0.056617069809475826,1,1,1,1.917352442490777e+22,0.00014715144182010672,8.471219347561115e+16,828205629772099.6
93493.4934934935,873.715638128537,0.17926432989956487,280.0,4.3279843544533396e+18,2.94154926535842e-22,177144.1377719549,0.05627361736873987,1,1,1,1.9173516432132232e+22,0.00014715144795433998,8.352242594037242e+16,824170030585443.5
93593.5935935936,871.6532351715013,0.18154767285950285,280.0,4.306376888939939e+18,2.925135020961214e-22,176155.649424959,0.055931299394245876,1,1,1,1.9173508477534213e+22,0.00014715145405927584,8.235647708795182e+16,820154099995591.8
93693.6936936937,869.5908322144655,0.18386399700710188,280.0,4.284877298716204e+18,2.90880830022489e-22,175172.43187305875,0.0555901209903073,1,1,1,1.9173500561312885e+22,0.00014715146013476144,8.121379132525738e+16,816157742146396.2
93793.7937937938,867.5284292574298,0.18621351878560705,280.0,4.2634850452146637e+18,2.8925686409762336e-22,174194.45728354834,0.0552500871961137,1,1,1,1.917349268366792e+22,0.00014715146618064347,8.00938276202775e+16,812180861648885.0
93893.8938938939,865.4660263003941,0.1885964465646025,280.0,4.2421995925566413e+18,2.876415583443019e-22,173221.69796831266,0.05491120298500463,1,1,1,1.9173484844799406e+22,0.0001471514721967683,7.899605908455413e+16,808223363578985.1
93993.993993994,863.4036233433584,0.19101298027057673,280.0,4.2210204075388355e+18,2.8603486702414942e-22,172254.12638307383,0.054573473263758436,1,1,1,1.917347704490776e+22,0.00014715147818298208,7.79199725685253e+16,804285153475257.4
94094.09409409411,861.3412203863223,0.19346331101376252,280.0,4.199946959619961e+18,2.8443674463639214e-22,171291.7151266408,0.0542369028718956,1,1,1,1.9173469284193643e+22,0.00014715148413913082,7.686506826931613e+16,800366137336641.1
94194.1941941942,859.2788174292866,0.19594762071164146,280.0,4.1789787209074703e+18,2.8284714591661966e-22,170334.43694016384,0.0539014965809975,1,1,1,1.9173461562857835e+22,0.00014715149006506032,7.583085935057254e+16,796466221620212.5
94294.2942942943,857.2164144722509,0.1984660817095369,280.0,4.1581151661443113e+18,2.812660258355503e-22,169382.26470639088,0.05356725909403979,1,1,1,1.917345388110117e+22,0.00014715149596061645,7.48168715739428e+16,792585313238948.6
94394.3943943944,855.1540115152152,0.20101885639872769,280.0,4.1373557726957727e+18,2.7969333959780514e-22,168435.17144892935,0.05323419504474158,1,1,1,1.9173446239124418e+22,0.00014715150182564507,7.382264294183082e+16,788723319559507.9
94494.4944944945,853.0916085581795,0.2036060968325542,280.0,4.1167000205364076e+18,2.781290426406887e-22,167493.13033151187,0.05290230899693002,1,1,1,1.9173438637128177e+22,0.00014715150765999218,7.284772335105286e+16,784880148400018.4
94594.5945945946,851.0292056011438,0.20622794434100344,280.0,4.096147392236993e+18,2.765730906329736e-22,166556.11465726426,0.05257160544392052,1,1,1,1.9173431075312773e+22,0.00014715151346350402,7.189167425704481e+16,781055708027877.8
94694.6946946947,848.966802644108,0.2088845291442869,280.0,4.0756973729515725e+18,2.750254394736926e-22,165624.09786797827,0.05224208880791271,1,1,1,1.9173423553878157e+22,0.00014715151923602707,7.095406834827818e+16,777249907157563.6
94794.7947947948,846.9043996870723,0.21157596996594819,280.0,4.055349450404557e+18,2.7348604529093725e-22,164697.05354338785,0.05191376343940243,1,1,1,1.9173416073023776e+22,0.00014715152497740819,7.003448923055511e+16,773462654948454.8
94894.8948948949,844.8419967300366,0.21430237364606092,280.0,4.035103114877894e+18,2.719548644406612e-22,163774.95540044876,0.05158663361660982,1,1,1,1.917340863294847e+22,0.00014715153068749478,6.913253112086346e+16,769693861002662.8
94994.994994995,842.7795937730009,0.21706383475510183,280.0,4.0149578591983007e+18,2.704318535054912e-22,162857.7772926224,0.051260703544923535,1,1,1,1.9173401233850355e+22,0.00014715153636613474,6.8247798550484024e+16,765943435362874.5
95095.09509509511,840.7171908159648,0.21986043520910487,280.0,3.9949131787245517e+18,2.6891696929354277e-22,161945.49320916255,0.050935977356361344,1,1,1,1.9173393875926704e+22,0.00014715154201317662,6.737990607705253e+16,762211288510204.5
95195.1951951952,838.6547878589291,0.2226922438867246,280.0,3.9749685713348536e+18,2.6741016883724334e-22,161038.07727440674,0.0506124591090473,1,1,1,1.917338655937382e+22,0.00014715154762846974,6.652847800528939e+16,758497331362060.2
95295.2952952953,836.5923849018934,0.22555931624886588,280.0,3.9551235374142525e+18,2.659114093921596e-22,160135.50374707,0.05029015278670506,1,1,1,1.917337928438691e+22,0.00014715155321186422,6.5693148116118024e+16,754801475270013.0
95395.3953953954,834.5299819448577,0.22846169396154298,280.0,3.9353775798421125e+18,2.64420648435831e-22,159237.74701954244,0.049969062298168374,1,1,1,1.9173372051159966e+22,0.00014715155876321114,6.4873559403905576e+16,751123632017683.5
95495.4954954955,832.467578987822,0.23139940452266733,280.0,3.9157302039796844e+18,2.6293784366661156e-22,158344.78161719174,0.049649191476907904,1,1,1,1.917336485988564e+22,0.0001471515642823626,6.4069363821565176e+16,747463713818636.5
95595.5955955956,830.4051760307863,0.23437246089347324,280.0,3.8961809176577004e+18,2.6146295300251455e-22,157456.58219766736,0.04933054408057514,1,1,1,1.917335771075509e+22,0.00014715156976917188,6.328022203326974e+16,743821633314285.1
95695.6956956957,828.3427730737505,0.2373808611353121,280.0,3.8767292311640474e+18,2.5999593458006465e-22,156573.12355020936,0.049013123790563135,1,1,1,1.9173350603957884e+22,0.0001471515752234934,6.250580317453515e+16,740197303571805.6
95795.7957957958,826.2803701167148,0.24042458805256112,280.0,3.8573746572315003e+18,2.5853674675315513e-22,155694.38059496015,0.04869693421158411,1,1,1,1.9173343539681827e+22,0.00014715158064518302,6.174578461943872e+16,736590638082062.6
95895.8958958959,824.2179671596791,0.2435036088424114,280.0,3.8381167110255176e+18,2.570853480919115e-22,154820.3283822802,0.048381978871264344,1,1,1,1.917333651811285e+22,0.000147151586034098,6.099985175474687e+16,733001550757544.4
95995.995995996,822.1555642026434,0.24661787475231162,280.0,3.818954910132092e+18,2.5564169738156016e-22,153950.94209206654,0.04806826121975601,1,1,1,1.917332953943486e+22,0.00014715159139009715,6.026769776073332e+16,729429955930307.8
96096.09609609611,820.0931612456073,0.2497673207458584,280.0,3.7998887745456676e+18,2.542057536213034e-22,153086.19703307564,0.04775578462936615,1,1,1,1.917332260382961e+22,0.00014715159671304092,5.954902339847639e+16,725875768349933.1
96196.19619619621,818.0307582885716,0.25295186517793317,280.0,3.7809178266571264e+18,2.5277747602320037e-22,152226.06864224913,0.04744455239420318,1,1,1,1.917331571147654e+22,0.0001471516020027916,5.884353680343181e+16,722338903181491.8
96296.2962962963,815.9683553315359,0.2561714094799039,280.0,3.762041591241802e+18,2.513568240110519e-22,151370.5324840425,0.04713456772984008,1,1,1,1.9173308862552657e+22,0.00014715160725921328,5.815095328508192e+16,718819276003517.5
96396.3963963964,813.9059523745002,0.2594258378557012,280.0,3.7432595954475976e+18,2.4994375721929315e-22,150519.564249758,0.046825833772995415,1,1,1,1.917330205723237e+22,0.00014715161248217198,5.7470995132472536e+16,715316802805994.1
96496.4964964965,811.8435494174645,0.2627150169896027,280.0,3.724571368783119e+18,2.485382354918901e-22,149673.13975688035,0.04651835358123134,1,1,1,1.9173295295687356e+22,0.00014715161767153606,5.680339142545124e+16,711831399988349.5
96596.5965965966,809.7811464604288,0.26603879576655026,280.0,3.705976443105909e+18,2.471402188812434e-22,148831.23494841642,0.04621213013266917,1,1,1,1.9173288578086404e+22,0.00014715162282717583,5.614787785142932e+16,708362984357460.5
96696.6966966967,807.7187435033931,0.2693970050058337,280.0,3.6874743526107136e+18,2.4574966764709593e-22,147993.82589223742,0.045907166325722074,1,1,1,1.9173281904595286e+22,0.00014715162794896405,5.550419652749466e+16,704911473125666.8
96796.7967967968,805.6563405463573,0.2727894572089697,280.0,3.669064633817806e+18,2.4436654225544665e-22,147160.88878042484,0.04560346497884521,1,1,1,1.9173275275376586e+22,0.0001471516330367759,5.487209582770871e+16,701476783908795.1
96896.8968968969,803.5939375893216,0.27621594632260477,280.0,3.6507468255613865e+18,2.429908033774703e-22,146332.3999286198,0.04530102883030329,1,1,1,1.917326869058957e+22,0.0001471516380904891,5.425133021542622e+16,698058834724193.2
96996.996996997,801.5315346322859,0.27967624751726394,280.0,3.632520468978024e+18,2.416224118884418e-22,145508.33577537537,0.044999860537955384,1,1,1,1.9173262150390023e+22,0.00014715164310998406,5.36416600804816e+16,694657543988772.6
97097.09709709711,799.4691316752499,0.28317011698276023,280.0,3.6143851074951624e+18,2.402613288666663e-22,144688.6728815122,0.04469996267905704,1,1,1,1.917325565493011e+22,0.00014715164809514397,5.304285158109091e+16,691272830517060.8
97197.19719719721,797.4067287182141,0.2866972917410668,280.0,3.5963402868196915e+18,2.389075155924152e-22,143873.3879294779,0.04440133775007996,1,1,1,1.917324920435822e+22,0.0001471516530458549,5.245467649032413e+16,687904613519265.9
97297.29729729731,795.3443257611784,0.29025748947744967,280.0,3.5783855549265516e+18,2.3756093354686635e-22,143062.4577227085,0.0441039881665485,1,1,1,1.9173242798818827e+22,0.0001471516579620059,5.187691204700499e+16,684552812599345.0
97397.3973973974,793.2819228041427,0.2938504083906257,280.0,3.560520462047425e+18,2.3622154441105057e-22,142255.8591849944,0.043807916262893855,1,1,1,1.917323643845232e+22,0.00014715166284348923,5.13093408109038e+16,681217347753087.6
97497.4974974975,791.219519847107,0.297475727062712,280.0,3.5427445606594524e+18,2.3488931006480248e-22,141453.5693598483,0.043513124292325206,1,1,1,1.9173230123394875e+22,0.00014715166769020026,5.07517505220895e+16,677898139366205.2
97597.5975975976,789.1571168900713,0.3011331043496964,280.0,3.525057405474043e+18,2.335641925857182e-22,140655.56540987763,0.043219614426718234,1,1,1,1.91732238537783e+22,0.0001471516725020379,5.0203933964314e+16,674595108212431.1
97697.6976976977,787.0947139330356,0.30482217929314354,280.0,3.507458553425706e+18,2.322461542481167e-22,139861.82461615902,0.04292738875652053,1,1,1,1.917321762972989e+22,0.00014715167727890436,4.966568883230474e+16,671308175451629.6
97797.7977977978,785.0323109759998,0.3085425710538179,280.0,3.4899475636609556e+18,2.3093515752200642e-22,139072.32437761597,0.04263644929067418,1,1,1,1.9173211451372264e+22,0.0001471516820207055,4.913681760284607e+16,668037262627914.2
97897.8978978979,782.9699080189641,0.3122938788678805,280.0,3.4725239975272684e+18,2.2963116507205883e-22,138287.04221040074,0.04234679795655539,1,1,1,1.9173205318823255e+22,0.0001471516867273508,4.861712740953353e+16,664782291667774.8
97997.997997998,780.9075050619284,0.31607568202627817,280.0,3.455187418562091e+18,2.2833413975658417e-22,137505.9557472775,0.04205843659993088,1,1,1,1.917319923219574e+22,0.0001471516913987537,4.8106429921089016e+16,661543184878214.2
98098.09809809811,778.8451021048924,0.31988753987791385,280.0,3.437937392481911e+18,2.2704404462651516e-22,136729.04273701034,0.04177136698493126,1,1,1,1.917319319159749e+22,0.0001471516960348313,4.760454122312847e+16,658319864944893.9
98198.19819819821,776.7826991478566,0.3237289918571405,280.0,3.4207734871713823e+18,2.257608429243946e-22,135956.2810437536,0.04148559079404126,1,1,1,1.917318719713107e+22,0.00014715170063550498,4.711128170327751e+16,655112254930289.5
98298.29829829831,774.7202961908209,0.3275995575360937,280.0,3.4036952726724874e+18,2.2448449808336713e-22,135187.6486464446,0.04120110962810625,1,1,1,1.917318124889365e+22,0.00014715170520070007,4.662647593953242e+16,651920278271852.5
98398.3983983984,772.6578932337852,0.33149873670231433,280.0,3.386702321173781e+18,2.2321497372617773e-22,134423.12363820066,0.04091792500635582,1,1,1,1.917317534697692e+22,0.0001471517097303462,4.61499525917697e+16,648743858780184.2
98498.4984984985,770.5954902767495,0.33542600946208473,280.0,3.369794206999657e+18,2.219522336641735e-22,133662.68422571785,0.040636038366443444,1,1,1,1.9173169491466917e+22,0.00014715171422437725,4.568154429630801e+16,645582920637217.4
98598.5985985986,768.5330873197138,0.3393808363698424,280.0,3.352970506599704e+18,2.2069624189631226e-22,132906.30872867396,0.0403554510645029,1,1,1,1.917316368244391e+22,0.0001471517186827316,4.522108756343079e+16,642437388394405.6
98698.6986986987,766.4706843626781,0.34336265858398707,280.0,3.3362307985380844e+18,2.194469626081745e-22,132153.9755791336,0.04007616437522064,1,1,1,1.917315791998228e+22,0.00014715172310535211,4.476842267778045e+16,639307186970923.5
98798.7987987988,764.4082814056424,0.34737089804934235,280.0,3.319574663482979e+18,2.18204360170981e-22,131405.66332095643,0.039798179491924476,1,1,1,1.9173152204150385e+22,0.00014715172749218633,4.432339360153782e+16,636192241651874.0
98898.8988988989,762.3458784486066,0.351404957706478,280.0,3.303001684196081e+18,2.1696839914061503e-22,130661.35060920847,0.039521497526688244,1,1,1,1.9173146535010438e+22,0.00014715173184318644,4.388584788030339e+16,633092478086505.5
98998.998998999,760.2834754915709,0.3554642217280401,280.0,3.286511445522151e+18,2.157390442566498e-22,129921.01620957628,0.03924611951045248,1,1,1,1.9173140912618395e+22,0.00014715173615830943,4.345563655159935e+16,630007822286436.9
99099.09909909911,758.2210725345349,0.3595480557821779,280.0,3.2701035343786035e+18,2.1451626044137985e-22,129184.63899778377,0.038972046393160584,1,1,1,1.9173135337023846e+22,0.00014715174043751728,4.303261405591427e+16,626938200623891.2
99199.19919919921,756.1586695774992,0.3636558073230899,280.0,3.2537775397451817e+18,2.1330001279885895e-22,128452.1979590127,0.038699279043911176,1,1,1,1.917312980826989e+22,0.00014715174468077683,4.261663815021477e+16,623883539829940.5
99299.29929929931,754.0962666204634,0.36778680590866125,280.0,3.237533052653637e+18,2.1209026661394058e-22,127723.67218732496,0.038427818251125255,1,1,1,1.9173124326393043e+22,0.00014715174888806003,4.220756982385e+16,620843766992753.6
99399.39939939941,752.0338636634277,0.37194036354508064,280.0,3.221369666177501e+18,2.1088698735132488e-22,126999.04088508851,0.03815766472272923,1,1,1,1.9173118891423122e+22,0.00014715175305934396,4.1805273216779016e+16,617818809555858.5
99499.4994994995,749.971460706392,0.37611577505827654,280.0,3.205286975421878e+18,2.096901406546089e-22,126278.28336240555,0.03788881908635299,1,1,1,1.917311350338317e+22,0.0001471517571946109,4.140961554005124e+16,614808595316409.4
99599.5995995996,747.9090577493563,0.38031231849193997,280.0,3.1892845775133184e+18,2.0849969234534361e-22,125561.3790365445,0.03762128188954302,1,1,1,1.9173108162289337e+22,0.0001471517612938484,4.102046699847375e+16,611813052423463.6
99699.6996996997,745.8466547923206,0.3845292555318317,280.0,3.1733620715897155e+18,2.0731560842209302e-22,124848.30743137354,0.037355053599990355,1,1,1,1.917310286815082e+22,0.00014715176535704945,4.0637700715400776e+16,608832109376267.1
99799.7997997998,743.7842518352849,0.388765831956009,280.0,3.1575190587902684e+18,2.0613785505949983e-22,124139.0481767978,0.037090134605773394,1,1,1,1.9173097620969754e+22,0.00014715176938421228,4.026119265958272e+16,605865695022547.1
99899.8998998999,741.7218488782491,0.3930212781105357,280.0,3.1417551422454876e+18,2.049663986073549e-22,123433.58100819908,0.036826525215615115,1,1,1,1.917309242074115e+22,0.00014715177337534072,3.9890821574014264e+16,602913738556814.2
100000.0,739.6594459212134,0.3972948094101754,280.0,3.126069927067256e+18,2.0380120558967125e-22,122731.88576587812,0.03656422565915483,1,1,1,1.9173087267452816e+22,0.00014715177733044411,3.9526468906722776e+16,599976169518672.9
