time_years,temperature_K,cold_trap_factor,olr_W_m2,H2_flux_m-2_s-1,crossover_mass_kg_per_particle,crossover_mass_amu,atomic_N_photolysis_fraction,N_drag_active,Ar36_drag_active,Rayleigh_active,water_kg,D_H,N_kg,Ar36_kg
0.0,2800.0,0.05000000065485749,280.0,5.5673989614193515e+20,1.125054613437601e-21,677523.3438746439,0.6096948773246815,1,1,1,1.3174064038751246e+22,0.00014739336783243034,2.35e+21,5000000000000000.0
100.10010010010011,2797.4219963037053,0.05000000067195924,280.0,5.539603717442918e+20,1.1247955609133585e-21,677367.3388857591,0.6086246225971262,1,1,1,1.317400413933071e+22,0.00014739343484895142,2.3448972766908425e+21,4999455789923264.0
200.20020020020021,2794.8439926074107,0.0500000006895076,280.0,5.51194724124531e+20,1.1245363292770593e-21,677211.2260331335,0.607556213953666,1,1,1,1.3173944359708973e+22,0.00014739350173177367,2.3397943012301168e+21,4998908908782437.0
300.3003003003003,2792.265988911116,0.05000000070751424,280.0,5.484428840028275e+20,1.1242769182394753e-21,677055.0051425893,0.6064896479309433,1,1,1,1.3173884699646441e+22,0.00014739356848116316,2.3346910990786342e+21,4998359343767713.0
400.40040040040043,2789.6879852148213,0.050000000725991124,280.0,5.4570478244523567e+20,1.1240173275106455e-21,676898.6760395085,0.6054249210696768,1,1,1,1.3173825158903996e+22,0.00014739363509738544,2.3295876956963757e+21,4997807082010874.0
500.50050050050055,2787.1099815185266,0.05000000074495054,280.0,5.429803508619628e+20,1.1237575567998708e-21,676742.2385488279,0.6043620299146379,1,1,1,1.3173765737242998e+22,0.0001473937015807055,2.3244841165421307e+21,4997252110585052.0
600.6006006006006,2784.531977822232,0.050000000764405084,280.0,5.4026952100565044e+20,1.1234976058157123e-21,676585.6924950392,0.6033009710146267,1,1,1,1.3173706434425282e+22,0.00014739376793138786,2.3193803870731384e+21,4996694416504495.0
700.7007007007007,2781.9539741259373,0.05000000078436769,280.0,5.375722249696656e+20,1.1232374742659888e-21,676429.0377021865,0.6022417409224471,1,1,1,1.3173647250213164e+22,0.00014739383414969648,2.3142765327447294e+21,4996133986724331.0
800.8008008008009,2779.3759704296426,0.05000000080485162,280.0,5.3488839518639876e+20,1.1229771618577747e-21,676272.2739938663,0.6011843361948833,1,1,1,1.3173588184369432e+22,0.00014739390023589478,2.3091725790099724e+21,4995570808140327.0
900.900900900901,2776.797966733348,0.05000000082587049,280.0,5.322179644255721e+20,1.1227166682973972e-21,676115.4011932246,0.6001287533926752,1,1,1,1.317352923665735e+22,0.00014739396619024565,2.3040685513193195e+21,4995004867588655.0
1001.0010010010011,2774.2199630370533,0.05000000084743828,280.0,5.2956086579255476e+20,1.1224559932904324e-21,675958.4191229554,0.5990749890804937,1,1,1,1.3173470406840653e+22,0.00014739403201301156,2.2989644751202555e+21,4994436151845651.0
1101.1011011011012,2771.6419593407586,0.050000000869569315,280.0,5.269170327266875e+20,1.1221951365417046e-21,675801.3276052999,0.5980230398269163,1,1,1,1.3173411694683552e+22,0.00014739409770445438,2.2938603758569484e+21,4993864647627575.0
1201.2012012012012,2769.063955644464,0.05000000089227831,280.0,5.242863989996154e+20,1.1219340977552828e-21,675644.1264620442,0.5969729022044026,1,1,1,1.3173353099950727e+22,0.0001473941632648354,2.2887562789699023e+21,4993290341590374.0
1301.3013013013015,2766.4859519481693,0.05000000091558035,280.0,5.216688987136281e+20,1.1216728766344775e-21,675486.815514518,0.595924572789269,1,1,1,1.317329462240733e+22,0.00014739422869441556,2.283652209895612e+21,4992713220329438.0
1401.4014014014015,2763.9079482518746,0.050000000939490925,280.0,5.190644663000103e+20,1.1214114728818385e-21,675329.3945835924,0.5948780481616643,1,1,1,1.3173236261818982e+22,0.0001473942939934551,2.27854819406622e+21,4992133270379361.0
1501.5015015015017,2761.32994455558,0.05000000096402594,280.0,5.164730365173982e+20,1.1211498861991536e-21,675171.8634896802,0.5938333249055447,1,1,1,1.3173178017951775e+22,0.00014739435916221388,2.273444256909174e+21,4991550478213699.0
1601.6016016016017,2758.7519408592852,0.05000000098920168,280.0,5.1389454445014555e+20,1.120888116287444e-21,675014.2220527322,0.5927903996086483,1,1,1,1.3173119890572263e+22,0.00014739442420095116,2.2683404238468898e+21,4990964830244727.0
1701.7017017017017,2756.1739371629906,0.0500000010150349,280.0,5.113289255066976e+20,1.1206261628469623e-21,674856.4700922365,0.59174926886247,1,1,1,1.3173061879447473e+22,0.00014739448910992578,2.2632367202964126e+21,4990376312823197.0
1801.801801801802,2753.595933466696,0.05000000104154275,280.0,5.08776115417973e+20,1.1203640255771887e-21,674698.6074272157,0.5907099292622365,1,1,1,1.3173003984344896e+22,0.00014739455388939596,2.2581331716690826e+21,4989784912238093.0
1901.901901901902,2751.017929770401,0.05000000106874287,280.0,5.062360502357538e+20,1.1201017041768311e-21,674540.6338762278,0.5896723774068807,1,1,1,1.3172946205032487e+22,0.0001473946185396195,2.2530298033702023e+21,4989190614716388.0
2002.0020020020022,2748.4399260741066,0.05000000109665332,280.0,5.0370866633108364e+20,1.1198391983438204e-21,674382.5492573623,0.588636609899016,1,1,1,1.3172888541278666e+22,0.0001473946830608536,2.2479266407987054e+21,4988593406422799.0
2102.1021021021024,2745.861922377812,0.050000001125292654,280.0,5.011939003926738e+20,1.119576507775307e-21,674224.3533882393,0.5876026233449102,1,1,1,1.3172830992852316e+22,0.00014739474745335506,2.2428237093468286e+21,4987993273459543.0
2202.2022022022024,2743.283918681517,0.05000000115467992,280.0,4.986916894253169e+20,1.1193136321676602e-21,674066.0460860083,0.5865704143544609,1,1,1,1.3172773559522782e+22,0.00014739481171738007,2.2377210343997852e+21,4987390201866088.0
2302.3023023023025,2740.7059149852225,0.05000000118483463,280.0,4.9620197074830964e+20,1.1190505712164638e-21,673907.6271673455,0.5855399795411688,1,1,1,1.3172716241059871e+22,0.00014739487585318432,2.2326186413354404e+21,4986784177618908.0
2402.4024024024025,2738.127911288928,0.05000000121577684,280.0,4.9372468199388204e+20,1.1187873246165138e-21,673749.0964484528,0.5845113155221116,1,1,1,1.317265903723385e+22,0.0001473949398610231,2.22751655552399e+21,4986175186631238.0
2502.5025025025025,2735.549907592633,0.05000000124752712,280.0,4.9125976110563505e+20,1.1185238920618162e-21,673590.4537450565,0.5834844189179182,1,1,1,1.3172601947815445e+22,0.00014739500374115106,2.22241480232764e+21,4985563214752824.0
2602.602602602603,2732.9719038963385,0.05000000128010656,280.0,4.888071463369865e+20,1.118260273245583e-21,673431.6988724048,0.5824592863527425,1,1,1,1.317254497257584e+22,0.00014739506749382247,2.2173134071002893e+21,4984948247769675.0
2702.702702702703,2730.393900200044,0.05000000131353682,280.0,4.863667762496241e+20,1.117996467860231e-21,673272.8316452666,0.5814359144542365,1,1,1,1.3172488111286678e+22,0.00014739513111929094,2.2122123951872147e+21,4984330271403814.0
2802.802802802803,2727.815896503749,0.05000000134784012,280.0,4.839385897119661e+20,1.117732475597377e-21,673113.8518779294,0.5804142998535248,1,1,1,1.3172431363720058e+22,0.00014739519461780975,2.2071117919247577e+21,4983709271313031.0
2902.902902902903,2725.2378928074545,0.050000001383039255,280.0,4.815225258976304e+20,1.1174682961478368e-21,672954.7593841985,0.5793944391851766,1,1,1,1.3172374729648536e+22,0.0001473952579896316,2.202011622640013e+21,4983085233090630.0
3003.0030030030034,2722.65988911116,0.05000000141915762,280.0,4.791185242839108e+20,1.1172039292016216e-21,672795.5539773939,0.5783763290871805,1,1,1,1.317231820884512e+22,0.00014739532123500863,2.1969119126505214e+21,4982458142265180.0
3103.1031031031034,2720.081885414865,0.05000000145621923,280.0,4.767265246502605e+20,1.116939374447935e-21,672636.23547035,0.5773599662009162,1,1,1,1.3172261801083277e+22,0.00014739538435419258,2.191812687263963e+21,4981827984300265.0
3203.2032032032034,2717.5038817185705,0.050000001494248714,280.0,4.7434646707678406e+20,1.1166746315751692e-21,672476.8036754123,0.576345347171129,1,1,1,1.3172205506136923e+22,0.0001473954473474346,2.186713971777853e+21,4981194744594230.0
3303.3033033033034,2714.925878022276,0.05000000153327134,280.0,4.71978291942736e+20,1.1164097002709047e-21,672317.2584044376,0.5753324686459007,1,1,1,1.3172149323780426e+22,0.00014739551021498548,2.181615791479241e+21,4980558408479930.0
3403.4034034034034,2712.347874325981,0.05000000157331305,280.0,4.696219399250275e+20,1.1161445802219061e-21,672157.5994687909,0.5743213272766247,1,1,1,1.3172093253788606e+22,0.00014739557295709535,2.1765181716444115e+21,4979918961224480.0
3503.503503503504,2709.7698706296865,0.05000000161440046,280.0,4.672773519967404e+20,1.1158792711141172e-21,671997.8266793436,0.5733119197179769,1,1,1,1.3172037295936736e+22,0.00014739563557401392,2.1714211375385873e+21,4979276388028997.0
3603.603603603604,2707.191866933392,0.05000000165656088,280.0,4.649444694256484e+20,1.1156137726326613e-21,671837.9398464725,0.5723042426278888,1,1,1,1.3171981450000533e+22,0.00014739569806599046,2.1663247144156353e+21,4978630674028349.0
3703.703703703704,2704.613863237097,0.05000000169982232,280.0,4.6262323377274585e+20,1.1153480844618361e-21,671677.9387800571,0.5712982926675203,1,1,1,1.317192571575617e+22,0.00014739576043327365,2.1612289275177746e+21,4977981804290902.0
3803.803803803804,2702.0358595408024,0.050000001744213554,280.0,4.603135868907839e+20,1.1150822062851125e-21,671517.8232894797,0.5702940665012306,1,1,1,1.317187009298026e+22,0.0001473958226761117,2.1561338020752867e+21,4977329763818262.0
3903.9039039039044,2699.457855844508,0.05000000178976406,280.0,4.580154709228141e+20,1.1148161377851285e-21,671357.5931836201,0.5692915607965523,1,1,1,1.3171814581449867e+22,0.0001473958847947524,2.1510393633062285e+21,4976674537545023.0
4004.0040040040044,2696.879852148213,0.05000000183650414,280.0,4.5572882830073856e+20,1.114549878643691e-21,671197.2482708582,0.5682907722241611,1,1,1,1.31717591809425e+22,0.00014739594678944297,2.1459456364161487e+21,4976016110338508.0
4104.104104104104,2694.3018484519184,0.050000001884464844,280.0,4.534536017438683e+20,1.1142834285417685e-21,671036.788359069,0.5672916974578499,1,1,1,1.3171703891236114e+22,0.00014739600866043017,2.140852646597804e+21,4975354466998515.0
4204.204204204205,2691.7238447556238,0.05000000193367805,280.0,4.511897342574882e+20,1.1140167871594892e-21,670876.2132556211,0.5662943331744988,1,1,1,1.3171648712109107e+22,0.00014739607040796022,2.1357604190308807e+21,4974689592257060.0
4304.304304304304,2689.145841059329,0.05000000198417647,280.0,4.489371691314295e+20,1.1137499541761398e-21,670715.5227673769,0.5652986760540473,1,1,1,1.317159364334032e+22,0.00014739613203227899,2.1306689788817173e+21,4974021470778118.0
4404.404404404405,2686.5678373630344,0.05000000203599367,280.0,4.466958499386486e+20,1.1134829292701615e-21,670554.7167006886,0.5643047227794655,1,1,1,1.3171538684709037e+22,0.00014739619353363166,2.1255783513030297e+21,4973350087157367.0
4504.504504504504,2683.9898336667397,0.05000000208916408,280.0,4.444657205338144e+20,1.1132157121191452e-21,670393.7948613976,0.5633124700367262,1,1,1,1.3171483835994982e+22,0.00014739625491226311,2.1204885614336389e+21,4972675425921929.0
4604.604604604605,2681.411829970445,0.050000002143723056,280.0,4.422467250519011e+20,1.1129483023998306e-21,670232.757054832,0.5623219145147748,1,1,1,1.3171429096978322e+22,0.00014739631616841767,2.1153996343982018e+21,4971997471530111.0
4704.704704704705,2678.8338262741504,0.05000000219970684,280.0,4.400388079067891e+20,1.112680699788102e-21,670071.6030858046,0.5613330529055011,1,1,1,1.3171374467439663e+22,0.00014739637730233913,2.110311595306944e+21,4971316208371146.0
4804.804804804805,2676.2558225778557,0.05000000225715266,280.0,4.378419137898728e+20,1.1124129039589867e-21,669910.3327586127,0.56034588190371,1,1,1,1.3171319947160048e+22,0.0001473964383142709,2.1052244692553957e+21,4970631620764933.0
4904.904904904905,2673.677818881561,0.05000000231609869,280.0,4.356559876686747e+20,1.1121449145866498e-21,669748.9458770339,0.559360398207092,1,1,1,1.3171265535920958e+22,0.0001473964992044558,2.100138281324129e+21,4969943692961777.0
5005.005005005005,2671.0998151852664,0.05000000237658411,280.0,4.334809747854669e+20,1.1118767313443922e-21,669587.4422443254,0.5583765985161941,1,1,1,1.3171211233504315e+22,0.00014739655997313622,2.0950530565784994e+21,4969252409142129.0
5105.105105105105,2668.5218114889717,0.05000000243864912,280.0,4.313168206558996e+20,1.1116083539046478e-21,669425.8216632227,0.5573944795343899,1,1,1,1.317115703969247e+22,0.00014739662062055408,2.0899688200683882e+21,4968557753416323.0
5205.205205205206,2665.943807792677,0.05000000250233497,280.0,4.291634710676363e+20,1.1113397819389801e-21,669264.0839359366,0.5564140379678497,1,1,1,1.3171102954268217e+22,0.00014739668114695082,2.0848855968279497e+21,4967859709824316.0
5305.305305305305,2663.3658040963824,0.050000002567683985,280.0,4.270208720789953e+20,1.1110710151180776e-21,669102.2288641512,0.5554352705255116,1,1,1,1.3171048977014781e+22,0.00014739674155256737,2.0798034118753588e+21,4967158262335425.0
5405.405405405406,2660.7878004000877,0.05000000263473961,280.0,4.2488897001759906e+20,1.1108020531117533e-21,668940.2562490234,0.55445817391905,1,1,1,1.317099510771582e+22,0.0001473968018376442,2.0747222902125623e+21,4966453394848066.0
5505.505505505506,2658.209796703793,0.0500000027035464,280.0,4.2276771147902937e+20,1.1105328955889398e-21,668778.1658911799,0.5534827448628467,1,1,1,1.3170941346155424e+22,0.00014739686200242134,2.0696422568250326e+21,4965745091189489.0
5605.605605605606,2655.6317930074983,0.0500000027741501,280.0,4.206570433254897e+20,1.1102635422176861e-21,668615.9575907151,0.5525089800739598,1,1,1,1.3170887692118118e+22,0.00014739692204713834,2.064563336681525e+21,4965033335115515.0
5705.705705705706,2653.0537893112037,0.050000002846597634,280.0,4.185569126844738e+20,1.1099939926651546e-21,668453.6311471898,0.5515368762720931,1,1,1,1.3170834145388855e+22,0.00014739698197203412,2.0594855547338361e+21,4964318110310274.0
5805.805805805806,2650.475785614909,0.05000000292093714,280.0,4.1646726694744156e+20,1.109724246597619e-21,668291.1863596294,0.5505664301795664,1,1,1,1.3170780705753018e+22,0.0001473970417773474,2.0544089359165657e+21,4963599400385940.0
5905.905905905906,2647.8977819186143,0.050000002997218046,280.0,4.143880537685011e+20,1.1094543036804581e-21,668128.6230265204,0.5495976385212833,1,1,1,1.317072737299642e+22,0.00014739710146331617,2.0493335051468816e+21,4962877188882464.0
6006.006006006007,2645.3197782223197,0.050000003075491045,280.0,4.123192210630973e+20,1.1091841635781558e-21,667965.9409458103,0.5486304980247015,1,1,1,1.3170674146905306e+22,0.0001473971610301781,2.044259287324287e+21,4962151459267313.0
6106.106106106106,2642.741774526025,0.05000000315580816,280.0,4.102607170067077e+20,1.1089138259542968e-21,667803.1399149053,0.5476650054198008,1,1,1,1.3170621027266343e+22,0.00014739722047817037,2.0391863073303906e+21,4961422194935201.0
6206.206206206207,2640.1637708297303,0.05000000323822277,280.0,4.08212490033543e+20,1.108643290471562e-21,667640.2197306672,0.5467011574390519,1,1,1,1.3170568013866628e+22,0.00014739727980752962,2.0341145900286788e+21,4960689379207826.0
6306.306306306306,2637.5857671334356,0.05000000332278966,280.0,4.061744888352569e+20,1.1083725567917267e-21,667477.1801894123,0.5457389508173858,1,1,1,1.317051510649368e+22,0.00014739733901849208,2.0290441602642917e+21,4959952995333601.0
6406.406406406407,2635.007763437141,0.05000000340956503,280.0,4.041466623596596e+20,1.1081016245756566e-21,667314.0210869095,0.5447783822921607,1,1,1,1.3170462304935449e+22,0.00014739739811129354,2.023975042863801e+21,4959213026487390.0
6506.506506506507,2632.4297597408463,0.05000000349860655,280.0,4.021289598094396e+20,1.107830493483305e-21,667150.7422183778,0.5438194486031316,1,1,1,1.3170409608980302e+22,0.00014739745708616922,2.018907262634991e+21,4958469455770239.0
6606.606606606607,2629.8517560445516,0.05000000358997342,280.0,4.00121330640891e+20,1.107559163173709e-21,666987.3433784847,0.5428621464924173,1,1,1,1.3170357018417036e+22,0.00014739751594335397,2.0138408443666432e+21,4957722266209110.0
6706.706706706707,2627.273752348257,0.050000003683726355,280.0,3.981237245626473e+20,1.107287633304985e-21,666823.8243613433,0.541906472704469,1,1,1,1.3170304533034867e+22,0.00014739757468308214,2.008775812828322e+21,4956971440756613.0
6806.806806806807,2624.6957486519623,0.050000003779927665,280.0,3.961360915344219e+20,1.107015903534328e-21,666660.1849605116,0.5409524239860375,1,1,1,1.3170252152623432e+22,0.00014739763330558762,2.0037121927701644e+21,4956216962290737.0
6906.906906906907,2622.1177449556676,0.05000000387864129,280.0,3.941583817657541e+20,1.1067439735180065e-21,666496.4249689899,0.539999997086141,1,1,1,1.317019987697279e+22,0.0001473976918111038,1.998650008922672e+21,4955458813614584.0
7007.007007007008,2619.539741259373,0.050000003979932844,280.0,3.921905457147623e+20,1.1064718429113582e-21,666332.5441792178,0.5390491887560322,1,1,1,1.317014770587342e+22,0.00014739775019986367,1.9935892859965072e+21,4954696977456097.0
7107.107107107107,2616.9617375630783,0.050000004083869655,280.0,3.902325340869027e+20,1.1061995113687896e-21,666168.542383074,0.5380999957491658,1,1,1,1.317009563911622e+22,0.00014739780847209972,1.988530048682289e+21,4953931436467793.0
7207.207207207208,2614.3837338667836,0.05000000419052079,280.0,3.882842978337347e+20,1.1059269785437686e-21,666004.4193718722,0.5371524148211652,1,1,1,1.3170043676492506e+22,0.00014739786662804397,1.9834723216503957e+21,4953162173226494.0
7307.307307307307,2611.805730170489,0.05000000429995714,280.0,3.863457881516919e+20,1.105654244088824e-21,665840.1749363604,0.5362064427297895,1,1,1,1.316999181779401e+22,0.000147397924667928,1.9784161295507674e+21,4952389170233057.0
7407.407407407408,2609.2277264741942,0.050000004412251456,280.0,3.844169564808597e+20,1.1053813076555414e-21,665675.8088667189,0.5352620762349001,1,1,1,1.3169940062812884e+22,0.00014739798259198297,1.9733614970127125e+21,4951612409912102.0
7507.507507507508,2606.6497227778996,0.05000000452747835,280.0,3.8249775450375913e+20,1.105108168894558e-21,665511.3209525564,0.5343193120984273,1,1,1,1.316988841134169e+22,0.00014739804040043948,1.968308448644718e+21,4950831874611744.0
7607.607607607608,2604.071719081605,0.050000004645714434,280.0,3.805881341441362e+20,1.1048348274555627e-21,665346.7109829108,0.533378147084336,1,1,1,1.316983686317341e+22,0.00014739809809352777,1.96325700903426e+21,4950047546603323.0
7707.707707707708,2601.49371538531,0.05000000476703827,280.0,3.786880475657577e+20,1.1045612829872887e-21,665181.9787462445,0.5324385779585922,1,1,1,1.316978541810144e+22,0.00014739815567147753,1.958207202747621e+21,4949259408081129.0
7807.807807807809,2598.9157116890156,0.0500000048915305,280.0,3.767974471712126e+20,1.1042875351375115e-21,665017.1240304428,0.5315006014891298,1,1,1,1.3169734075919586e+22,0.00014739821313451815,1.9531590543297057e+21,4948467441162137.0
7907.907907907908,2596.337707992721,0.05000000501927388,280.0,3.749162856007202e+20,1.1040135835530463e-21,664852.1466228133,0.5305642144458143,1,1,1,1.3169682836422069e+22,0.00014739827048287834,1.948112588303863e+21,4947671627885730.0
8008.008008008009,2593.759704296426,0.0500000051503533,280.0,3.7304451573094364e+20,1.1037394278797423e-21,664687.0463100813,0.5296294136004103,1,1,1,1.316963169940352e+22,0.0001473983277167866,1.9430678291717103e+21,4946871950213430.0
8108.108108108108,2591.1817006001315,0.05000000528485589,280.0,3.711820906738091e+20,1.1034650677624823e-21,664521.8228783903,0.5286961957265455,1,1,1,1.316958066465898e+22,0.00014739838483647077,1.9380248014129594e+21,4946068390028627.0
8208.208208208209,2588.603696903837,0.050000005422871044,280.0,3.6932896377533176e+20,1.1031905028451748e-21,664356.4761132974,0.5277645575996767,1,1,1,1.3169529731983904e+22,0.00014739844184215835,1.9329835294852467e+21,4945260929136305.0
8308.30830830831,2586.025693207542,0.05000000556449049,280.0,3.6748508861444666e+20,1.102915732770755e-21,664191.0057997729,0.5268344959970543,1,1,1,1.316947890117415e+22,0.0001473984987340764,1.9279440378239658e+21,4944449549262769.0
8408.40840840841,2583.4476895112475,0.050000005709808365,280.0,3.6565041900184614e+20,1.102640757181177e-21,664025.411722197,0.5259060076976876,1,1,1,1.3169428172025992e+22,0.00014739855551245144,1.9229063508421032e+21,4943634232055376.0
8508.508508508508,2580.869685814953,0.05000000585892124,280.0,3.638249089788227e+20,1.1023655757174131e-21,663859.6936643581,0.5249790894823082,1,1,1,1.3169377544336103e+22,0.00014739861217750964,1.9178704929300766e+21,4942814959082259.0
8608.608608608609,2578.291682118658,0.050000006011928236,280.0,3.620085128161177e+20,1.1020901880194482e-21,663693.85140945,0.524053738133336,1,1,1,1.3169327017901567e+22,0.00014739866872947663,1.9128364884555766e+21,4941991711832055.0
8708.70870870871,2575.7136784223635,0.05000000616893104,280.0,3.6020118501277585e+20,1.1018145937262772e-21,663527.8847400708,0.523129950434842,1,1,1,1.3169276592519876e+22,0.0001473987251685777,1.907804361763412e+21,4941164471713632.0
8808.80880880881,2573.135674726069,0.05000000633003401,280.0,3.5840288029500545e+20,1.1015387924759021e-21,663361.7934382202,0.5222077231725133,1,1,1,1.3169226267988922e+22,0.0001473987814950376,1.9027741371753562e+21,4940333220055814.0
8908.90890890891,2570.557671029774,0.05000000649534422,280.0,3.566135536150442e+20,1.101262783905325e-21,663195.5772852957,0.5212870531336159,1,1,1,1.3169176044107005e+22,0.00014739883770908062,1.8977458389899983e+21,4939497938107111.0
9009.009009009009,2567.9796673334795,0.05000000666497153,280.0,3.548331601500309e+20,1.1009865676505477e-21,663029.2360620929,0.5203679371069593,1,1,1,1.316912592067283e+22,0.00014739889381093076,1.8927194914825972e+21,4938658607035442.0
9109.10910910911,2565.401663637185,0.0500000068390287,280.0,3.530616553008823e+20,1.1007101433465667e-21,662862.7695488014,0.5194503718828586,1,1,1,1.3169075897485496e+22,0.00014739894980081138,1.8876951189049372e+21,4937815207927863.0
9209.20920920921,2562.82365994089,0.050000007017631416,280.0,3.512989946911764e+20,1.1004335106273702e-21,662696.177525004,0.5185343542530995,1,1,1,1.3169025974344515e+22,0.0001473990056789455,1.882672745485188e+21,4936967721790292.0
9309.30930930931,2560.2456562445955,0.05000000720089837,280.0,3.495451341660403e+20,1.100156669125932e-21,662529.4597696726,0.5176198810108993,1,1,1,1.3168976151049792e+22,0.00014739906144555572,1.877652395427768e+21,4936116129547236.0
9409.40940940941,2557.667652548301,0.05000000738895139,280.0,3.478000297910445e+20,1.0998796184742097e-21,662362.6160611667,0.5167069489508711,1,1,1,1.3168926427401635e+22,0.00014739911710086412,1.8726340929132094e+21,4935260412041516.0
9509.50950950951,2555.089648852006,0.05000000758191545,280.0,3.46063637851102e+20,1.099602358303141e-21,662195.6461772321,0.5157955548689852,1,1,1,1.316887680320075e+22,0.0001473991726450924,1.8676178620980268e+21,4934400550033992.0
9609.60960960961,2552.5116451557114,0.05000000777991881,280.0,3.443359148493735e+20,1.099324888242638e-21,662028.5498949968,0.5148856955625325,1,1,1,1.3168827278248244e+22,0.0001473992280784618,1.8626037271145892e+21,4933536524203290.0
9709.70970970971,2549.933641459417,0.05000000798309307,280.0,3.426168175061778e+20,1.099047207921586e-21,661861.3269909704,0.513977367830086,1,1,1,1.3168777852345622e+22,0.00014739928340119313,1.857591712070995e+21,4932668315145527.0
9809.80980980981,2547.355637763122,0.05000000819157327,280.0,3.4090630275790733e+20,1.0987693169678372e-21,661693.9772410404,0.5130705684714626,1,1,1,1.3168728525294782e+22,0.00014739933861350672,1.8525818410509502e+21,4931795903374036.0
9909.909909909911,2544.7776340668274,0.050000008405497974,280.0,3.392043277559498e+20,1.0984912150082073e-21,661526.50042047,0.5121652942876854,1,1,1,1.3168679296898022e+22,0.0001473993937156225,1.8475741381136485e+21,4930919269319093.0
10010.01001001001,2542.1996303705328,0.05000000862500937,280.0,3.375108498656147e+20,1.0982129016684726e-21,661358.8963038967,0.5112615420809442,1,1,1,1.3168630166958033e+22,0.00014739944870776006,1.8425686272936567e+21,4930038393327639.0
10110.11011011011,2539.621626674238,0.05000000885025335,280.0,3.3582582666506496e+20,1.0979343765733659e-21,661191.1646653293,0.5103593086545579,1,1,1,1.3168581135277903e+22,0.00014739950359013833,1.8375653326008007e+21,4929153255663009.0
10210.21021021021,2537.0436229779434,0.05000000908137963,280.0,3.341492159442548e+20,1.0976556393465704e-21,661023.3052781448,0.5094585908129345,1,1,1,1.3168532201661113e+22,0.00014739955836297593,1.8325642780200563e+21,4928263836504654.0
10310.310310310311,2534.4656192816487,0.05000000931854182,280.0,3.324809757038721e+20,1.0973766896107194e-21,660855.3179150876,0.5085593853615326,1,1,1,1.3168483365911536e+22,0.00014739961302649113,1.8275654875114428e+21,4927370115947870.0
10410.410410410412,2531.887615585354,0.050000009561897554,280.0,3.308210641542864e+20,1.0970975269873879e-21,660687.202348265,0.5076616891068213,1,1,1,1.3168434627833439e+22,0.00014739966758090165,1.8225689850099196e+21,4926472074003519.0
10510.51051051051,2529.3096118890594,0.05000000981160857,280.0,3.291694397145018e+20,1.096818151097093e-21,660518.9583491473,0.5067654988562414,1,1,1,1.3168385987231479e+22,0.00014739972202642483,1.8175747944252855e+21,4925569690597757.0
10610.61061061061,2526.7316081927647,0.05000001006784085,280.0,3.275260610111157e+20,1.0965385615592867e-21,660350.5856885632,0.5058708114181649,1,1,1,1.3168337443910702e+22,0.00014739977636327753,1.812582939642081e+21,4924662945571759.0
10710.710710710711,2524.15360449647,0.050000010330764684,280.0,3.2589088687728224e+20,1.0962587579923519e-21,660182.0841366977,0.5049776236018547,1,1,1,1.3168288997676547e+22,0.0001473998305916762,1.8075934445194953e+21,4923751818681444.0
10810.810810810812,2521.5756008001754,0.05000001060055483,280.0,3.2426387635168104e+20,1.0959787400136016e-21,660013.4534630913,0.5040859322174255,1,1,1,1.3168240648334843e+22,0.00014739988471183693,1.802606332891275e+21,4922836289597200.0
10910.910910910912,2518.9975971038807,0.050000010877390616,280.0,3.226449886774912e+20,1.0956985072392706e-21,659844.6934366354,0.5031957340758012,1,1,1,1.3168192395691803e+22,0.00014739993872397525,1.7976216285656355e+21,4921916337903609.0
11011.011011011013,2516.419593407586,0.05000001116145602,280.0,3.210341833013703e+20,1.095418059284514e-21,659675.8038255712,0.5023070259886759,1,1,1,1.3168144239554032e+22,0.00014739999262830642,1.7926393553251774e+21,4920991943099174.0
11111.111111111111,2513.8415897112914,0.05000001145293985,280.0,3.194314198724383e+20,1.095137395763402e-21,659506.7843974864,0.501419804768472,1,1,1,1.316809617972852e+22,0.00014740004642504507,1.7876595369268045e+21,4920063084596043.0
11211.211211211212,2511.2635860149967,0.05000001175203585,280.0,3.178366582412674e+20,1.094856516288915e-21,659337.6349193123,0.5005340672282995,1,1,1,1.316804821602264e+22,0.00014740010011440565,1.7826821971016454e+21,4919129741719737.0
11311.311311311312,2508.685582318702,0.0500000120589428,280.0,3.1624985845887527e+20,1.0945754204729431e-21,659168.3551573242,0.49964981018191323,1,1,1,1.3168000348244157e+22,0.00014740015369660197,1.7777073595549782e+21,4918191893708873.0
11411.411411411413,2506.1075786224073,0.05000001237386469,280.0,3.146709807757254e+20,1.094294107926276e-21,658998.9448771339,0.4987670304436726,1,1,1,1.3167952576201215e+22,0.00014740020717184753,1.772735047966159e+21,4917249519714891.0
11511.511511511513,2503.5295749261127,0.05000001269701084,280.0,3.130999856407305e+20,1.0940125782586041e-21,658829.4038436919,0.4978857248284987,1,1,1,1.3167904899702343e+22,0.00014740026054035538,1.767765285988553e+21,4916302598801782.0
11611.611611611612,2500.951571229818,0.050000013028596024,280.0,3.115368337002626e+20,1.0937308310785115e-21,658659.731821282,0.4970058901518322,1,1,1,1.3167857318556454e+22,0.00014740031380233818,1.7627980972494682e+21,4915351109945811.0
11711.711711711712,2498.3735675335233,0.05000001336884062,280.0,3.099814857971662e+20,1.093448865993472e-21,658489.9285735195,0.4961275232295911,1,1,1,1.3167809832572842e+22,0.00014740036695800807,1.7578335053500934e+21,4914395032035245.0
11811.811811811813,2495.7955638372287,0.050000013717970776,280.0,3.084339029697784e+20,1.0931666826098456e-21,658319.993863349,0.4952506208781276,1,1,1,1.3167762441561182e+22,0.00014740042000757687,1.7528715338654393e+21,4913434343870080.0
11911.911911911913,2493.217560140934,0.05000001407621854,280.0,3.0689404645095204e+20,1.092884280532873e-21,658149.9274530412,0.4943751799141853,1,1,1,1.3167715145331532e+22,0.00014740047295125594,1.747912206344282e+21,4912469024161768.0
12012.012012012014,2490.6395564446393,0.05000001444382203,280.0,3.053618776670852e+20,1.0926016593666722e-21,657979.7291041904,0.49350119715485585,1,1,1,1.3167667943694328e+22,0.00014740052578925621,1.7429555463091097e+21,4911499051532944.0
12112.112112112112,2488.0615527483446,0.050000014821025555,280.0,3.038373582371549e+20,1.0923188187142352e-21,657809.3985777128,0.4926286694175362,1,1,1,1.3167620836460386e+22,0.00014740057852178823,1.7380015772560746e+21,4910524404517151.0
12212.212212212213,2485.48354905205,0.05000001520807984,280.0,3.023204499717548e+20,1.0920357581774202e-21,657638.9356338421,0.4917575935198834,1,1,1,1.3167573823440898e+22,0.00014740063114906208,1.7330503226549443e+21,4909545061558570.0
12312.312312312313,2482.9055453557553,0.05000001560524212,280.0,3.008111148721399e+20,1.0917524773569505e-21,657468.3400321284,0.4908879662797717,1,1,1,1.3167526904447438e+22,0.0001474006836712875,1.7281018059490606e+21,4908561001011747.0
12412.412412412414,2480.3275416594606,0.050000016012776385,280.0,2.993093151292735e+20,1.0914689758524087e-21,657297.6115314348,0.49001978451524797,1,1,1,1.3167480079291955e+22,0.0001474007360886737,1.7231560505552986e+21,4907572201141321.0
12512.512512512514,2477.749537963166,0.050000016430953496,280.0,2.978150131228808e+20,1.0911852532622328e-21,657126.7498899351,0.48915304504448714,1,1,1,1.3167433347786772e+22,0.00014740078840142954,1.7182130798640297e+21,4906578640121754.0
12612.612612612613,2475.1715342668713,0.05000001686005139,280.0,2.9632817142050626e+20,1.0909013091837108e-21,656955.7548651106,0.4882877446857475,1,1,1,1.3167386709744589e+22,0.00014740084060976355,1.7132729172390885e+21,4905580296037056.0
12712.712712712713,2472.5935305705766,0.05000001730035527,280.0,2.9484875277657575e+20,1.0906171432129772e-21,656784.6262137481,0.48742388025732547,1,1,1,1.3167340164978479e+22,0.00014740089271388367,1.7083355860177422e+21,4904577146880518.0
12812.812812812814,2470.015526874282,0.05000001775215778,280.0,2.933767201314637e+20,1.0903327549450078e-21,656613.3636919362,0.4865614485775103,1,1,1,1.3167293713301893e+22,0.00014740094471399755,1.7034011095106642e+21,4903569170554439.0
12912.912912912914,2467.4375231779873,0.05000001821575921,280.0,2.9191203661056495e+20,1.0900481439736154e-21,656441.9670550637,0.4857004464645389,1,1,1,1.3167247354528652e+22,0.00014740099661031243,1.6984695110019095e+21,4902556344869855.0
13013.013013013015,2464.8595194816926,0.05000001869146769,280.0,2.9045466552337062e+20,1.0897633098914455e-21,656270.4360578158,0.48484087073654925,1,1,1,1.316720108847295e+22,0.00014740104840303502,1.6935408137488944e+21,4901538647546273.0
13113.113113113113,2462.281515785398,0.0500000191795994,280.0,2.8900457036254937e+20,1.0894782522899707e-21,656098.770454172,0.4839827182115352,1,1,1,1.3167154914949352e+22,0.0001474011000923718,1.68861504098238e+21,4900516056211397.0
13213.213213213214,2459.7035120891032,0.05000001968047877,280.0,2.875617148030327e+20,1.0891929707594888e-21,655926.9699974038,0.4831259857072991,1,1,1,1.3167108833772795e+22,0.00014740115167852867,1.683692215906456e+21,4899488548400862.0
13313.313313313314,2457.1255083928086,0.05000002019443872,280.0,2.86126062701105e+20,1.0889074648891144e-21,655755.0344400704,0.48227067004140556,1,1,1,1.3167062844758586e+22,0.00014740120316171127,1.678772361698533e+21,4898456101557964.0
13413.413413413415,2454.547504696514,0.05000002072182084,280.0,2.846975780934982e+20,1.0886217342667768e-21,655582.9635340171,0.4814167680311351,1,1,1,1.31670169477224e+22,0.00014740125454212468,1.673855501509332e+21,4897418693033392.0
13513.513513513515,2451.969501000219,0.05000002126297566,280.0,2.8327622519649095e+20,1.0883357784792138e-21,655410.7570303719,0.4805642764934357,1,1,1,1.316697114248028e+22,0.00014740130581997372,1.6689416584628824e+21,4896376300084960.0
13613.613613613614,2449.3914973039246,0.05000002181826285,280.0,2.818619684050122e+20,1.0880495971119703e-21,655238.4146795442,0.47971319224487646,1,1,1,1.3166925428848641e+22,0.00014740135699546267,1.6640308556565195e+21,4895328899877340.0
13713.713713713714,2446.81349360763,0.05000002238805149,280.0,2.8045477229174892e+20,1.0877631897493884e-21,655065.9362312191,0.47886351210159883,1,1,1,1.3166879806644262e+22,0.00014740140806879552,1.6591231161608876e+21,4894276469481797.0
13813.813813813815,2444.235489911335,0.05000002297272028,280.0,2.7905460160625938e+20,1.087476555974606e-21,654893.3214343564,0.4780152328792699,1,1,1,1.316683427568429e+22,0.0001474014590401758,1.654218463019945e+21,4893218985875920.0
13913.913913913915,2441.6574862150405,0.05000002357265782,280.0,2.7766142127408952e+20,1.0871896953695529e-21,654720.5700371885,0.4771683513930322,1,1,1,1.3166788835786237e+22,0.00014740150990980662,1.6493169192509734e+21,4892156425943358.0
14014.014014014016,2439.079482518746,0.05000002418826286,280.0,2.7627519639589454e+20,1.0869026075149428e-21,654547.6817872155,0.4763228644574567,1,1,1,1.3166743486767978e+22,0.0001474015606778907,1.6444185078445902e+21,4891088766473555.0
14114.114114114114,2436.501478822451,0.050000024819944554,280.0,2.748958922465646e+20,1.0866152919902708e-21,654374.6564312036,0.4754787688864932,1,1,1,1.3166698228447755e+22,0.00014740161134463038,1.639523251764763e+21,4890015984161484.0
14214.214214214215,2433.9234751261565,0.05000002546812275,280.0,2.7352347427435505e+20,1.0863277483738082e-21,654201.493715182,0.47463606149342097,1,1,1,1.3166653060644174e+22,0.00014740166191022755,1.6346311739488285e+21,4888938055607386.0
14314.314314314315,2431.345471429862,0.050000026133228265,280.0,2.721579081000209e+20,1.0860399762425979e-21,654028.1933844399,0.47379473909079983,1,1,1,1.3166607983176202e+22,0.00014740171237488377,1.6297422973075157e+21,4887854957316504.0
14414.414414414416,2428.767467733567,0.050000026815703154,280.0,2.707991595159555e+20,1.0857519751724476e-21,653854.7551835232,0.47295479849041955,1,1,1,1.3166562995863168e+22,0.0001474017627388002,1.6248566447249694e+21,4886766665698822.0
14514.514514514516,2426.1894640372725,0.050000027516001015,280.0,2.694471944853337e+20,1.0854637447379268e-21,653681.1788562316,0.47211623650325085,1,1,1,1.3166518098524763e+22,0.00014740181300217748,1.6199742390587802e+21,4885673157068802.0
14614.614614614615,2423.611460340978,0.05000002823458731,280.0,2.681019791412593e+20,1.0851752845123623e-21,653507.4641456167,0.47127904993939373,1,1,1,1.3166473290981038e+22,0.000147401863165216,1.6150951031400156e+21,4884574407645123.0
14714.714714714715,2421.033456644683,0.050000028971939635,280.0,2.6676347978591647e+20,1.0848865940678319e-21,653333.6107939777,0.470443235608028,1,1,1,1.3166428573052405e+22,0.00014740191322811563,1.6102192597732554e+21,4883470393550422.0
14814.814814814816,2418.4554529483885,0.05000002972854808,280.0,2.6543166288972595e+20,1.0845976729751587e-21,653159.6185428587,0.4696087903173616,1,1,1,1.3166383944559636e+22,0.00014740196319107594,1.6053467317366306e+21,4882361090811031.0
14914.914914914916,2415.877449252094,0.05000003050491551,280.0,2.6410649509050476e+20,1.0843085208039079e-21,652985.4871330458,0.46877571087457937,1,1,1,1.316633940532386e+22,0.00014740201305429607,1.6004775417818642e+21,4881246475356722.0
15015.015015015017,2413.299445555799,0.05000003130155795,280.0,2.6278794319263076e+20,1.084019137122382e-21,652811.2163045648,0.46794399408579207,1,1,1,1.316629495516656e+22,0.0001474020628179747,1.5956117126343172e+21,4880126523020446.0
15115.115115115117,2410.7214418595045,0.050000032119004875,280.0,2.614759741662109e+20,1.0837295214976137e-21,652636.8057966768,0.46711363675598344,1,1,1,1.3166250593909587e+22,0.00014740211248231026,1.5907492669930367e+21,4879001209538076.0
15215.215215215216,2408.14343816321,0.050000032957799596,280.0,2.6017055514625396e+20,1.0834396734953622e-21,652462.2553478761,0.46628463568895906,1,1,1,1.3166206321375136e+22,0.00014740216204750062,1.5858902275308076e+21,4877870510548151.0
15315.315315315316,2405.565434466915,0.05000003381849963,280.0,2.588716534318472e+20,1.0831495926801077e-21,652287.5646958867,0.46545698768729354,1,1,1,1.3166162137385764e+22,0.0001474022115137434,1.5810346168942078e+21,4876734401591619.0
15415.415415415417,2402.9874307706204,0.05000003470167702,280.0,2.5757923648533712e+20,1.0828592786150466e-21,652112.7335776595,0.46463068955227693,1,1,1,1.3166118041764382e+22,0.00014740226088123573,1.5761824577036663e+21,4875592858111583.0
15515.515515515517,2400.409427074326,0.05000003560791878,280.0,2.5629327193151462e+20,1.0825687308620856e-21,651937.7617293685,0.46380573808386333,1,1,1,1.3166074034334256e+22,0.00014740231015017438,1.5713337725535246e+21,4874445855453047.0
15615.615615615618,2397.831423378031,0.050000036537827246,280.0,2.5501372755680385e+20,1.0822779489818378e-21,651762.6488864091,0.46298213008061545,1,1,1,1.3166030114919004e+22,0.00014740235932075575,1.5664885840121026e+21,4873293368862662.0
15715.715715715716,2395.2534196817364,0.05000003749202046,280.0,2.5374057130845513e+20,1.081986932533616e-21,651587.3947833935,0.4621598623396526,1,1,1,1.3165986283342596e+22,0.0001474024083931758,1.5616469146217664e+21,4872135373488476.0
15815.815815815817,2392.6754159854418,0.050000038471132636,280.0,2.5247377129374233e+20,1.0816956810754286e-21,651411.9991541478,0.46133893165659534,1,1,1,1.3165942539429358e+22,0.00014740245736763021,1.5568087868989993e+21,4870971844379679.0
15915.915915915917,2390.097412289147,0.05000003947581454,280.0,2.5121329577916367e+20,1.0814041941639727e-21,651236.4617317094,0.46051933482551227,1,1,1,1.3165898883003962e+22,0.00014740250624431414,1.5519742233344777e+21,4869802756486356.0
16016.016016016018,2387.5194085928524,0.05000004050673392,280.0,2.4995911318964693e+20,1.0811124713546318e-21,651060.7822483239,0.4597010686388642,1,1,1,1.3165855313891437e+22,0.00014740255502342239,1.547143246393149e+21,4868628084659237.0
16116.116116116118,2384.9414048965577,0.050000041564575985,280.0,2.487111921077585e+20,1.080820512201467e-21,650884.9604354409,0.45888412988745003,1,1,1,1.3165811831917154e+22,0.00014740260370514944,1.542315878514313e+21,4867447803649447.0
16216.216216216217,2382.363401200263,0.050000042650043826,280.0,2.4746950127291623e+20,1.0805283162572142e-21,650708.9960237116,0.4580685153603511,1,1,1,1.316576843690684e+22,0.00014740265228968934,1.537492142111707e+21,4866261888108262.0
16316.316316316317,2379.7853975039684,0.05000004376385888,280.0,2.4623400958060655e+20,1.080235883073277e-21,650532.8887429854,0.45725422184487546,1,1,1,1.316572512868657e+22,0.00014740270077723576,1.5326720595735948e+21,4865070312586859.0
16416.416416416418,2377.2073938076737,0.05000004490676146,280.0,2.4500468608160524e+20,1.0799432121997229e-21,650356.6383223066,0.45644124612650205,1,1,1,1.3165681907082763e+22,0.00014740274916798203,1.5278556532628563e+21,4863873051536075.0
16516.516516516516,2374.629390111379,0.05000004607951118,280.0,2.43781499981202e+20,1.0796503031852772e-21,650180.2444899112,0.45562958498882444,1,1,1,1.3165638771922189e+22,0.00014740279746212095,1.5230429455170842e+21,4862670079306161.0
16616.61661661662,2372.0513864150844,0.05000004728288752,280.0,2.4256442063842915e+20,1.0793571555773157e-21,650003.706973223,0.45481923521349377,1,1,1,1.316559572303196e+22,0.0001474028456598451,1.5182339586486819e+21,4861461370146538.0
16716.716716716717,2369.4733827187897,0.05000004851769028,280.0,2.413534175652942e+20,1.079063768921862e-21,649827.025498851,0.45401019358016254,1,1,1,1.316555276023954e+22,0.0001474028937613466,1.5134287149449643e+21,4860246898205559.0
16816.81681681682,2366.895379022495,0.05000004978474018,280.0,2.4014846042601577e+20,1.0787701427635817e-21,649650.1997925866,0.4532024568664266,1,1,1,1.3165509883372734e+22,0.00014740294176681726,1.5086272366682634e+21,4859026637530266.0
16916.916916916918,2364.3173753262004,0.05000005108487936,280.0,2.3894951903626415e+20,1.0784762766457746e-21,649473.2295793986,0.4523960218477683,1,1,1,1.316546709225969e+22,0.00014740298967644836,1.5038295460560364e+21,4857800562066152.0
17017.017017017017,2361.7393716299057,0.050000052418971944,280.0,2.3775656336240473e+20,1.0781821701103709e-21,649296.1145834313,0.4515908852974975,1,1,1,1.3165424386728905e+22,0.00014740303749043095,1.4990356653209768e+21,4856568645656923.0
17117.11711711712,2359.161367933611,0.05000005378790465,280.0,2.3656956352074583e+20,1.0778878226979257e-21,649118.8545280003,0.4507870439866944,1,1,1,1.3165381766609214e+22,0.00014740308520895567,1.4942456166511298e+21,4855330862044262.0
17217.217217217218,2356.5833642373163,0.050000055192587316,280.0,2.353884897767904e+20,1.0775932339476118e-21,648941.4491355895,0.44998449468415025,1,1,1,1.3165339231729796e+22,0.00014740313283221268,1.4894594222100104e+21,4854087184867592.0
17317.31731731732,2354.0053605410217,0.05000005663395357,280.0,2.342133125444905e+20,1.0772984033972166e-21,648763.8981278479,0.44918323415630845,1,1,1,1.3165296781920173e+22,0.00014740318036039188,1.4846771041367242e+21,4852837587663844.0
17417.41741741742,2351.427356844727,0.05000005811296142,280.0,2.3304400238550686e+20,1.077003330583133e-21,648586.2012255851,0.44838325916720556,1,1,1,1.3165254417010206e+22,0.00014740322779368276,1.4798986845460937e+21,4851582043867226.0
17517.517517517517,2348.8493531484323,0.05000005963059387,280.0,2.3188053000847095e+20,1.0767080150403572e-21,648408.3581487692,0.4475845664784112,1,1,1,1.31652121368301e+22,0.00014740327513227438,1.4751241855287847e+21,4850320526808987.0
17617.61761761762,2346.2713494521377,0.05000006118785961,280.0,2.3072286626825155e+20,1.0764124563024807e-21,648230.3686165228,0.4467871528489685,1,1,1,1.3165169941210395e+22,0.00014740332237635556,1.4703536291514394e+21,4849053009717193.0
17717.71771771772,2343.693345755843,0.05000006278579368,280.0,2.295709821652246e+20,1.0761166539016846e-21,648052.2323471188,0.44599101503533395,1,1,1,1.3165127829981971e+22,0.00014740336952611454,1.4655870374568104e+21,4847779465716496.0
17817.81781781782,2341.1153420595483,0.05000006442545813,280.0,2.2842484884454638e+20,1.0758206073687357e-21,647873.9490579786,0.4451961497913155,1,1,1,1.3165085802976049e+22,0.0001474034165817394,1.4608244324638987e+21,4846499867827908.0
17917.91791791792,2338.5373383632536,0.050000066107942776,280.0,2.2728443759543134e+20,1.0755243162329775e-21,647695.5184656663,0.4444025538680135,1,1,1,1.3165043860024186e+22,0.00014740346354341768,1.456065836168096e+21,4845214188968575.0
18018.018018018018,2335.959334666959,0.050000067834365856,280.0,2.2614971985043236e+20,1.0752277800223273e-21,647516.9402858873,0.4436102240137575,1,1,1,1.3165002000958273e+22,0.0001474035104113366,1.4513112705413284e+21,4843922401951554.0
18118.11811811812,2333.3813309706643,0.050000069605874845,280.0,2.2502066718472536e+20,1.0749309982632687e-21,647338.2142334835,0.44281915697404595,1,1,1,1.3164960225610542e+22,0.0001474035571856831,1.4465607575322055e+21,4842624479485593.0
18218.21821821822,2330.8033272743696,0.050000071423647166,280.0,2.238972513153973e+20,1.0746339704808455e-21,647159.3400224298,0.4420293494914828,1,1,1,1.3164918533813558e+22,0.00014740360386664362,1.4418143190661716e+21,4841320394174907.0
18318.31831831832,2328.225323578075,0.050000073288891,280.0,2.2277944410073743e+20,1.0743366961986576e-21,646980.3173658313,0.44124079830571666,1,1,1,1.3164876925400223e+22,0.00014740365045440429,1.4370719770456595e+21,4840010118518964.0
18418.41841841842,2325.6473198817803,0.05000007520284607,280.0,2.2166721753953272e+20,1.0740391749388517e-21,646801.1459759185,0.44045350015337664,1,1,1,1.3164835400203771e+22,0.00014740369694915084,1.4323337533502506e+21,4838693624912263.0
18518.51851851852,2323.0693161854856,0.05000007716678448,280.0,2.2056054377036608e+20,1.0737414062221194e-21,646621.8255640451,0.43966745176801003,1,1,1,1.316479395805777e+22,0.00014740374335106869,1.427599669836834e+21,4837370885644122.0
18618.61861861862,2320.491312489191,0.050000079182011554,280.0,2.194593950709186e+20,1.0734433895676872e-21,646442.3558406826,0.4388826498800186,1,1,1,1.3164752598796121e+22,0.00014740378966034284,1.4228697483397725e+21,4836041872898464.0
18718.71871871872,2317.9133087928963,0.05000008124986671,280.0,2.183637438572751e+20,1.0731451244933126e-21,646262.7365154183,0.4380990912165947,1,1,1,1.3164711322253057e+22,0.00014740383587715788,1.4181440106710714e+21,4834706558753604.0
18818.81881881882,2315.3353050966016,0.050000083371724346,280.0,2.1727356268323308e+20,1.0728466105152784e-21,646082.9672969506,0.43731677250165724,1,1,1,1.3164670128263145e+22,0.0001474038820016982,1.4134224786205476e+21,4833364915182042.0
18918.91891891892,2312.757301400307,0.05000008554899474,280.0,2.1618882423961528e+20,1.0725478471483842e-21,645903.0478930855,0.43653569045578716,1,1,1,1.3164629016661279e+22,0.00014740392803414763,1.4087051739560062e+21,4832016914050251.0
19019.01901901902,2310.1792977040122,0.05000008778312501,280.0,2.1510950135358554e+20,1.0722488339059428e-21,645722.9780107331,0.43575584179616256,1,1,1,1.3164587987282684e+22,0.00014740397397468974,1.4039921184234175e+21,4830662527118474.0
19119.11911911912,2307.6012940077176,0.050000090075600065,280.0,2.1403556698796795e+20,1.0719495702997722e-21,645542.7573559036,0.434977223236493,1,1,1,1.3164547039962918e+22,0.00014740401982350768,1.3992833337470983e+21,4829301726040518.0
19219.21921921922,2305.023290311423,0.05000009242794358,280.0,2.1296699424056997e+20,1.07165005584019e-21,645362.3856337036,0.43419983148695485,1,1,1,1.3164506174537865e+22,0.00014740406558078433,1.3945788416298973e+21,4827934482363552.0
19319.319319319322,2302.445286615128,0.05000009484171905,280.0,2.1190375634350798e+20,1.0713502900360078e-21,645181.8625483324,0.433423663254124,1,1,1,1.316446539084374e+22,0.00014740411124670216,1.3898786637533817e+21,4826560767527908.0
19419.41941941942,2299.8672829188336,0.05000009731853077,280.0,2.1084582666253736e+20,1.071050272394523e-21,645001.187803078,0.432648715240911,1,1,1,1.316442468871708e+22,0.00014740415682144316,1.3851828217780293e+21,4825180552866881.0
19519.51951951952,2297.289279222539,0.05000009986002495,280.0,2.0979317869638484e+20,1.0707500024215143e-21,644820.3611003134,0.43187498414649295,1,1,1,1.3164384067994757e+22,0.00014740420230518913,1.3804913373434224e+21,4823793809606533.0
19619.61961961962,2294.711275526244,0.050000102467890786,280.0,2.0874578607608463e+20,1.0704494796212342e-21,644639.3821414927,0.43110246666624763,1,1,1,1.3164343528513962e+22,0.00014740424769812144,1.3758042320684455e+21,4822400508865501.0
19719.71971971972,2292.1332718299495,0.050000105143861585,280.0,2.077036225643183e+20,1.0701487034964036e-21,644458.2506271476,0.4303311594916854,1,1,1,1.3164303070112216e+22,0.0001474042930004211,1.3711215275514869e+21,4821000621654801.0
19819.819819819822,2289.555268133655,0.05000010788971592,280.0,2.06666662054757e+20,1.0698476735482037e-21,644276.9662568825,0.42956105931038124,1,1,1,1.3164262692627363e+22,0.00014740433821226875,1.3664432453706423e+21,4819594118877641.0
19919.91991991992,2286.97726443736,0.05000011070727882,280.0,2.05634878571408e+20,1.0695463892762715e-21,644095.5287293721,0.4287921628059075,1,1,1,1.3164222395897572e+22,0.0001474043833338447,1.361769407083923e+21,4818180971329234.0
20020.02002002002,2284.3992607410655,0.05000011359842296,280.0,2.0460824626796347e+20,1.069244850178691e-21,643913.9377423555,0.42802446665776445,1,1,1,1.3164182179761336e+22,0.00014740442836532884,1.3571000342294663e+21,4816761149696611.0
20120.120120120122,2281.821257044771,0.05000011656506994,280.0,2.035867394271535e+20,1.0689430557519894e-21,643732.1929926346,0.4272579675413116,1,1,1,1.3164142044057472e+22,0.0001474044733069008,1.3524351483257493e+21,4815334624558437.0
20220.22022022022,2279.243253348476,0.050000119609191526,280.0,2.025703324601016e+20,1.0686410054911277e-21,643550.2941760679,0.426492662127699,1,1,1,1.3164101988625116e+22,0.00014740451815873975,1.3477747708718075e+21,4813901366384832.0
20320.320320320323,2276.6652496521815,0.05000012273281098,280.0,2.0155899990568367e+20,1.0683386988894958e-21,643368.2409875678,0.4257285470837968,1,1,1,1.316406201330373e+22,0.0001474045629210246,1.343118923347454e+21,4812461345537193.0
20420.42042042042,2274.087245955887,0.05000012593800441,280.0,2.0055271642989052e+20,1.0680361354389058e-21,643186.0331210967,0.42496561907212616,1,1,1,1.3164022117933095e+22,0.00014740460759393384,1.3384676272135046e+21,4811014532268016.0
20520.52052052052,2271.509242259592,0.05000012922690214,280.0,1.995514568251928e+20,1.0677333146295835e-21,643003.6702696614,0.42420387475078786,1,1,1,1.3163982302353312e+22,0.0001474046521776456,1.333820903912004e+21,4809560896720723.0
20620.620620620623,2268.9312385632975,0.05000013260169011,280.0,1.9855519600990988e+20,1.0674302359501649e-21,642821.1521253115,0.42344331077339226,1,1,1,1.3163942566404804e+22,0.0001474046966723377,1.3291787748664567e+21,4808100408929492.0
20720.72072072072,2266.353234867003,0.05000013606461137,280.0,1.9756390902758143e+20,1.0671268988876857e-21,642638.4783791332,0.4226839237889882,1,1,1,1.316390290992831e+22,0.00014740474107818757,1.324541261482061e+21,4806633038819087.0
20820.820820820823,2263.775231170708,0.050000139617967544,280.0,1.9657757104634223e+20,1.0668233029275777e-21,642455.6487212459,0.4219257104419914,1,1,1,1.316386333276489e+22,0.00014740478539537231,1.3199083851459443e+21,4805158756204693.0
20920.920920920922,2261.1972274744135,0.050000143264120354,280.0,1.9559615735830027e+20,1.0665194475536591e-21,642272.6628407983,0.4211686673721124,1,1,1,1.3163823834755922e+22,0.00014740482962406868,1.315280167227406e+21,4803677530791752.0
21021.02102102102,2258.619223778119,0.0500001470054932,280.0,1.946196433789175e+20,1.0662153322481307e-21,642089.5204259643,0.4204127912142844,1,1,1,1.3163784415743102e+22,0.00014740487376445306,1.310656629078158e+21,4802189332175802.0
21121.121121121123,2256.041220081824,0.050000150844572766,280.0,1.9364800464639453e+20,1.065910956491566e-21,641906.2211639383,0.4196580785985913,1,1,1,1.316374507556844e+22,0.00014740491781670145,1.3060377920325728e+21,4800694129842318.0
21221.22122122122,2253.4632163855294,0.0500001547839107,280.0,1.926812168210572e+20,1.065606319762906e-21,641722.7647409313,0.41890452615019375,1,1,1,1.3163705814074264e+22,0.0001474049617809896,1.3014236774079332e+21,4799191893166560.0
21321.321321321324,2250.885212689235,0.050000158826125254,280.0,1.917192556847473e+20,1.0653014215394512e-21,641539.1508421665,0.4181521304892567,1,1,1,1.3163666631103217e+22,0.00014740500565749284,1.2968143065046846e+21,4797682591413415.0
21421.421421421423,2248.30720899294,0.05000016297390307,280.0,1.907620971402159e+20,1.0649962612968562e-21,641355.3791518761,0.41740088823087523,1,1,1,1.3163627526498256e+22,0.00014740504944638612,1.292209700606692e+21,4796166193737252.0
21521.521521521525,2245.7292052966454,0.05000016723000097,280.0,1.8980971721051954e+20,1.064690838509121e-21,641171.4493532954,0.41665079598500054,1,1,1,1.3163588500102654e+22,0.0001474050931478441,1.287609880981499e+21,4794642669181772.0
21621.621621621623,2243.1512016003508,0.05000017159724773,280.0,1.8886209203841955e+20,1.0643851526485828e-21,640987.3611286586,0.4159018503563655,1,1,1,1.3163549551759995e+22,0.00014740513676204112,1.28301486888059e+21,4793111986679866.0
21721.721721721722,2240.573197904056,0.05000017607854605,280.0,1.8791919788578472e+20,1.0640792031859133e-21,640803.1141591972,0.4151540479444103,1,1,1,1.316351068131418e+22,0.00014740518028915107,1.278424685539657e+21,4791574115053471.0
21821.821821821824,2237.9951942077614,0.05000018067687439,280.0,1.8698101113299642e+20,1.0637729895901062e-21,640618.7081251317,0.4144073853432065,1,1,1,1.3163471888609417e+22,0.00014740522372934758,1.273839352178867e+21,4790029023013436.0
21921.921921921923,2235.4171905114667,0.05000018539528902,280.0,1.8604750827835693e+20,1.0634665113284744e-21,640434.1427056707,0.41366185914138187,1,1,1,1.316343317349023e+22,0.0001474052670828039,1.2692588900031359e+21,4788476679159382.0
22022.022022022025,2232.839186815172,0.05000019023692601,280.0,1.851186659375008e+20,1.0631597678666373e-21,640249.4175790028,0.4129174659220451,1,1,1,1.3163394535801454e+22,0.00014740531034969297,1.264683320202402e+21,4786917051979574.0
22122.122122122124,2230.2611831188774,0.050000195205003345,280.0,1.8419446084280923e+20,1.0628527586685213e-21,640064.5324222972,0.412174202262708,1,1,1,1.3163355975388232e+22,0.00014740535353018733,1.2601126639519057e+21,4785350109850789.0
22222.222222222223,2227.6831794225827,0.05000020030282304,280.0,1.8327486984282666e+20,1.0625454831963445e-21,639879.486911694,0.4114320647352105,1,1,1,1.3163317492096017e+22,0.00014740539662445924,1.2555469424124704e+21,4783775821038193.0
22322.322322322325,2225.105175726288,0.05000020553377332,280.0,1.823598699016815e+20,1.0622379409106147e-21,639694.280722304,0.4106910499056425,1,1,1,1.3163279085770572e+22,0.00014740543963268055,1.2509861767307872e+21,4782194153695216.0
22422.422422422424,2222.5271720299934,0.05000021090133095,280.0,1.814494380985086e+20,1.0619301312701189e-21,639508.913528201,0.4099511543342671,1,1,1,1.316324075625797e+22,0.00014740548255502283,1.2464303880397036e+21,4780605075863434.0
22522.522522522526,2219.9491683336987,0.05000021640906343,280.0,1.805435516268753e+20,1.0616220537319173e-21,639323.3850024194,0.40921237457544235,1,1,1,1.3163202503404587e+22,0.0001474055253916573,1.2418795974585124e+21,4779008555472452.0
22622.622622622624,2217.371164637404,0.05000022206063146,280.0,1.7964218779421026e+20,1.0613137077513363e-21,639137.694816949,0.40847470717754397,1,1,1,1.3163164327057113e+22,0.00014740556814275477,1.2373338260932484e+21,4777404560339793.0
22722.722722722723,2214.7931609411094,0.05000022785979134,280.0,1.787453240212344e+20,1.061005092781959e-21,638951.8426427301,0.4077381486828855,1,1,1,1.3163126227062542e+22,0.0001474056108084858,1.232793095036983e+21,4775793058170787.0
22822.822822822825,2212.2151572448147,0.05000023381039745,280.0,1.778529378413961e+20,1.0606962082756188e-21,638765.8281496494,0.407002695627641,1,1,1,1.3163088203268173e+22,0.00014740565338902054,1.2282574253701262e+21,4774174016558467.0
22922.922922922924,2209.63715354852,0.050000239916404836,280.0,1.769650069003078e+20,1.0603870536823923e-21,638579.6510065354,0.4062683445417649,1,1,1,1.316305025552161e+22,0.0001474056958845289,1.223726838160729e+21,4772547402983465.0
23023.023023023026,2207.0591498522253,0.05000024618187184,280.0,1.7608150895518633e+20,1.06007762845059e-21,638393.3108811531,0.40553509194891263,1,1,1,1.3163012383670765e+22,0.0001474057382951803,1.21920135446479e+21,4770913184813913.0
23123.123123123125,2204.4811461559307,0.050000252610962775,280.0,1.752024218742957e+20,1.0597679320267507e-21,638206.8074402006,0.4048029343663607,1,1,1,1.3162974587563853e+22,0.00014740578062114404,1.2146809953265648e+21,4769271329305351.0
23223.223223223224,2201.903142459636,0.05000025920795071,280.0,1.743277236363924e+20,1.0594579638556312e-21,638020.1403493028,0.4040718683049265,1,1,1,1.316293686704939e+22,0.00014740582286258883,1.2101657817788784e+21,4767621803600632.0
23323.323323323326,2199.3251387633413,0.05000026597722031,280.0,1.7345739233017423e+20,1.0591477233802004e-21,637833.3092730078,0.40334189026888767,1,1,1,1.3162899221976202e+22,0.00014740586501968322,1.2056557348434406e+21,4765964574729837.0
23423.423423423425,2196.7471350670467,0.05000027292327073,280.0,1.7259140615373108e+20,1.0588372100416307e-21,637646.3138747822,0.4026129967559009,1,1,1,1.3162861652193407e+22,0.00014740590709259535,1.2011508755311653e+21,4764299609610188.0
23523.523523523527,2194.169131370752,0.050000280050718646,280.0,1.7172974341399888e+20,1.0585264232792906e-21,637459.1538170057,0.40188518425692105,1,1,1,1.3162824157550434e+22,0.00014740594908149309,1.1966512248424903e+21,4762626875045970.0
23623.623623623625,2191.5911276744573,0.05000028736430129,280.0,1.7087238252621634e+20,1.0582153625307361e-21,637271.828760967,0.40115844925611893,1,1,1,1.3162786737897012e+22,0.00014740599098654389,1.192156803767704e+21,4760946337728456.0
23723.723723723724,2189.0131239781626,0.05000029486887959,280.0,1.7001930201338384e+20,1.0579040272317025e-21,637084.3383668581,0.4004327882307994,1,1,1,1.3162749393083166e+22,0.00014740603280791496,1.1876676332872708e+21,4759257964235831.0
23823.823823823826,2186.435120281868,0.05000030256944144,280.0,1.6917048050572594e+20,1.0575924168160978e-21,636896.6822937706,0.39970819765131926,1,1,1,1.3162712122959224e+22,0.00014740607454577306,1.1831837343721626e+21,4757561721033127.0
23923.923923923925,2183.8571165855733,0.05000031047110499,280.0,1.683258967401558e+20,1.0572805307159928e-21,636708.8601996897,0.3989846739810042,1,1,1,1.3162674927375814e+22,0.0001474061162002848,1.1787051279841931e+21,4755857574472155.0
24024.024024024027,2181.2791128892786,0.05000031857912204,280.0,1.6748552955974232e+20,1.056968368361614e-21,636520.8717414901,0.3982622136760657,1,1,1,1.3162637806183863e+22,0.00014740615777161624,1.174231835076352e+21,4754145490791449.0
24124.124124124126,2178.701109192984,0.05000032689888154,280.0,1.666493579131808e+20,1.0566559291813354e-21,636332.7165749307,0.39754081318551804,1,1,1,1.3162600759234595e+22,0.00014740619925993328,1.1697638765931464e+21,4752425436116207.0
24224.224224224225,2176.1231054966893,0.0500003354359132,280.0,1.658173608542648e+20,1.0563432126016703e-21,636144.3943546499,0.396820468951094,1,1,1,1.3162563786379534e+22,0.0001474062406654014,1.1653012734709417e+21,4750697376458240.0
24324.324324324327,2173.5451018003946,0.05000034419589112,280.0,1.6498951754136204e+20,1.0560302180472614e-21,635955.9047341596,0.39610117740716116,1,1,1,1.31625268874705e+22,0.00014740628198818575,1.1608440466383068e+21,4748961277715924.0
24424.424424424426,2170.9670981041,0.05000035318463756,280.0,1.641658072368922e+20,1.0557169449408764e-21,635767.2473658427,0.39538293498063715,1,1,1,1.3162490062359606e+22,0.00014740632322845124,1.1563922170163631e+21,4747217105674156.0
24524.524524524528,2168.3890944078053,0.05000036240812687,280.0,1.63346209306807e+20,1.0554033927033956e-21,635578.4219009452,0.39466573809090505,1,1,1,1.3162453310899267e+22,0.00014740636438636236,1.1519458055191341e+21,4745464826004317.0
24624.624624624626,2165.8110907115106,0.05000037187248939,280.0,1.625307032200741e+20,1.0550895607538045e-21,635389.4279895724,0.39394958314972855,1,1,1,1.3162416632942188e+22,0.00014740640546208333,1.1475048330539e+21,4743704404264236.0
24724.724724724725,2163.233087015216,0.05000038158401557,280.0,1.6171926854816196e+20,1.054775448509187e-21,635200.265280684,0.3932344665611658,1,1,1,1.3162380028341375e+22,0.00014740644645577796,1.1430693205215535e+21,4741935805898159.0
24824.824824824827,2160.6550833189212,0.050000391549160125,280.0,1.6091188496452872e+20,1.054461055384715e-21,635010.9334220886,0.39252038472148454,1,1,1,1.3162343496950122e+22,0.00014740648736760986,1.1386392888169596e+21,4740158996236725.0
24924.924924924926,2158.0770796226266,0.05000040177454635,280.0,1.6010853224411287e+20,1.0541463807936413e-21,634821.4320604389,0.3918073340190758,1,1,1,1.316230703862202e+22,0.00014740652819774218,1.1342147588293182e+21,4738373940496945.0
25025.02502502503,2155.499075926332,0.050000412266970495,280.0,1.5930919026282624e+20,1.0538314241472905e-21,634631.7608412267,0.39109531083436705,1,1,1,1.3162270653210952e+22,0.00014740656894633784,1.1297957514425277e+21,4736580603782184.0
25125.125125125127,2152.921072230037,0.0500004230334063,280.0,1.5851383899705056e+20,1.0535161848550486e-21,634441.9194087759,0.3903843115397362,1,1,1,1.316223434057109e+22,0.00014740660961355944,1.1253822875355543e+21,4734778951082153.0
25225.225225225226,2150.3430685337426,0.050000434081009626,280.0,1.5772245852313518e+20,1.0532006623243577e-21,634251.90740624,0.3896743324994238,1,1,1,1.3162198100556909e+22,0.0001474066501995692,1.1209743879828012e+21,4732968947272898.0
25325.325325325328,2147.765064837448,0.05000044541712321,280.0,1.5693502901689837e+20,1.0528848559607037e-21,634061.7244755945,0.3889653700694467,1,1,1,1.3162161933023162e+22,0.00014740669070452904,1.116572073654482e+21,4731150557116800.0
25425.425425425427,2145.187061141153,0.050000457049281535,280.0,1.561515307531309e+20,1.0525687651676115e-21,633871.370257634,0.38825742059750995,1,1,1,1.31621258378249e+22,0.00014740673112860052,1.1121753654169974e+21,4729323745262579.0
25525.52552552553,2142.6090574448585,0.050000468985215867,280.0,1.5537194410510116e+20,1.0522523893466312e-21,633680.8443919636,0.38755048042291873,1,1,1,1.3162089814817463e+22,0.00014740677147194497,1.1077842841333124e+21,4727488476245300.0
25625.625625625627,2140.031053748564,0.05000048123285936,280.0,1.5459624954406457e+20,1.0519357278973333e-21,633490.1465169966,0.38684454587649075,1,1,1,1.316205386385648e+22,0.00014740681173472335,1.103398850663339e+21,4725644714486387.0
25725.725725725726,2137.453050052269,0.050000493800352354,280.0,1.5382442763877338e+20,1.0516187802172986e-21,633299.2762699475,0.38613961328046714,1,1,1,1.3162017984797871e+22,0.00014740685191709627,1.0990190858643187e+21,4723792424293641.0
25825.82582582583,2134.8750463559745,0.05000050669604776,280.0,1.5305645905499056e+20,1.0513015457021077e-21,633108.233286827,0.38543567894842395,1,1,1,1.3161982177497842e+22,0.00014740689201922405,1.0946450105912094e+21,4721931569861264.0
25925.925925925927,2132.29704265968,0.050000519928516646,280.0,1.5229232455500536e+20,1.050984023745334e-21,632917.0172024366,0.3847327391851836,1,1,1,1.3161946441812885e+22,0.0001474069320412667,1.0902766456970752e+21,4720062115269885.0
26026.02602602603,2129.719038963385,0.050000533506553896,280.0,1.515320049971511e+20,1.0506662137385337e-21,632725.627650363,0.3840307902867249,1,1,1,1.3161910777599786e+22,0.0001474069719833839,1.0859140120334767e+21,4718184024486598.0
26126.126126126128,2127.1410352670905,0.05000054743918408,280.0,1.5077548133532608e+20,1.0503481150712366e-21,632534.0642629727,0.38332982854009356,1,1,1,1.316187518471561e+22,0.00014740701184573498,1.0815571304508667e+21,4716297261364996.0
26226.226226226227,2124.563031570796,0.05000056173566744,280.0,1.5002273461851613e+20,1.0500297271309364e-21,632342.3266714059,0.3826298502233129,1,1,1,1.3161839663017712e+22,0.000147407051628479,1.0772060217989852e+21,4714401789645219.0
26326.32632632633,2121.985027874501,0.05000057640550607,280.0,1.492737459903201e+20,1.0497110493030824e-21,632150.414505572,0.38193085160529344,1,1,1,1.3161804212363734e+22,0.0001474070913317747,1.07286070692726e+21,4712497572954004.0
26426.426426426427,2119.4070241782065,0.05000059145845019,280.0,1.485284966884775e+20,1.04939208097107e-21,631958.3273941429,0.3812328289457424,1,1,1,1.3161768832611601e+22,0.00014740713095578051,1.0685212066852078e+21,4710584574804739.0
26526.52652652653,2116.829020481912,0.05000060690450465,280.0,1.477869680443983e+20,1.049072821516231e-21,631766.0649645483,0.3805357784950731,1,1,1,1.3161733523619524e+22,0.0001474071705006545,1.0641875419228378e+21,4708662758597524.0
26626.62662662663,2114.251016785617,0.05000062275393559,280.0,1.4704914148269556e+20,1.0487532703178238e-21,631573.626842969,0.3798396964943145,1,1,1,1.3161698285245996e+22,0.00014740720996655443,1.0598597334910597e+21,4706732087619241.0
26726.726726726727,2111.6730130893225,0.05000063901727724,280.0,1.4631499852071993e+20,1.0484334267530248e-21,631381.0126543322,0.3791445791750202,1,1,1,1.3161663117349792e+22,0.00014740724935363782,1.0555378022420909e+21,4704792525043624.0
26826.82682682683,2109.095009393028,0.050000655705338945,280.0,1.4558452076809662e+20,1.0481132901969184e-21,631188.222022305,0.3784504227591764,1,1,1,1.3161628019789973e+22,0.00014740728866206182,1.0512217690298685e+21,4702844033931337.0
26926.926926926928,2106.517005696733,0.05000067282921231,280.0,1.4485768992626493e+20,1.0477928600224872e-21,630995.254569289,0.37775722345911134,1,1,1,1.3161592992425883e+22,0.00014740732789198318,1.0469116547104636e+21,4700886577230061.0
27027.02702702703,2103.9390020004384,0.05000069040027863,280.0,1.4413448778801963e+20,1.0474721356006029e-21,630802.1099164145,0.377064977477403,1,1,1,1.3161558035117143e+22,0.00014740736704355856,1.0426074801424956e+21,4698920117774582.0
27127.12712712713,2101.360998304144,0.050000708430216395,280.0,1.4341489623705507e+20,1.047151116300016e-21,630608.7876835342,0.3763736810067872,1,1,1,1.3161523147723659e+22,0.00014740740611694412,1.0383092661875524e+21,4696944618286890.0
27227.227227227228,2098.782994607849,0.05000072693100911,280.0,1.4269889724751123e+20,1.046829801487347e-21,630415.2874892185,0.37568333023006584,1,1,1,1.3161488330105618e+22,0.00014740744511229572,1.0340170337106088e+21,4694960041376279.0
27327.32732732733,2096.2049909115544,0.0500007459149532,280.0,1.4198647288352216e+20,1.0465081905270746e-21,630221.6089507478,0.3749939213200143,1,1,1,1.3161453582123484e+22,0.00014740748402976902,1.0297308035804502e+21,4692966349539457.0
27427.42742742743,2093.6269872152598,0.050000765394666226,280.0,1.4127760529876684e+20,1.0461862827815282e-21,630027.7516841077,0.374305450439289,1,1,1,1.3161418903638002e+22,0.0001474075228695193,1.0254505966700977e+21,4690963505160661.0
27527.52752752753,2091.048983518965,0.050000785383095256,280.0,1.4057227673602187e+20,1.0458640776108774e-21,629833.7153039839,0.37361791374033454,1,1,1,1.3161384294510196e+22,0.0001474075616317015,1.021176433857234e+21,4688951470511779.0
27627.62762762763,2088.4709798226704,0.05000080589352547,280.0,1.3987046952671704e+20,1.0455415743731192e-21,629639.4994237532,0.37293130736529134,1,1,1,1.3161349754601368e+22,0.00014740760031647031,1.0169083360246333e+21,4686930207752477.0
27727.727727727728,2085.8929761263757,0.050000826939588995,280.0,1.3917216609049228e+20,1.0452187724240729e-21,629445.1036554812,0.37224562744590206,1,1,1,1.3161315283773099e+22,0.0001474076389239801,1.012646324060592e+21,4684899678930333.0
27827.82782782783,2083.314972430081,0.05000084853527395,280.0,1.3847734893475752e+20,1.0448956711173664e-21,629250.5276099138,0.37156087010341904,1,1,1,1.3161280881887246e+22,0.00014740767745438494,1.0083904188593617e+21,4682859845980980.0
27927.92792792793,2080.7369687337864,0.05000087069493377,280.0,1.3778600065425459e+20,1.0445722698044261e-21,629055.7708964711,0.37087703144851025,1,1,1,1.316124654880594e+22,0.00014740771590783852,1.0041406413215848e+21,4680810670728251.0
28028.02802802803,2078.1589650374917,0.05000089343329671,280.0,1.3709810393062085e+20,1.044248567834468e-21,628860.8331232419,0.3701941075811666,1,1,1,1.3161212284391595e+22,0.00014740775428449433,9.998970123547312e+20,4678752114884335.0
28128.12812812813,2075.580961341197,0.050000916765475675,280.0,1.3641364153195589e+20,1.0439245645544885e-21,628665.7138969784,0.36951209459060813,1,1,1,1.3161178088506896e+22,0.00014740779258450547,9.956595528735376e+20,4676684140049936.0
28228.22822822823,2073.0029576449024,0.05000094070697823,280.0,1.3573259631238935e+20,1.0436002593092503e-21,628470.4128230879,0.3688309885551898,1,1,1,1.3161143961014803e+22,0.00014740783080802481,9.914282838004479e+20,4674606707714444.0
28328.32832832833,2070.4249539486077,0.05000096527371691,280.0,1.350549512116517e+20,1.0432756514412749e-21,628274.9295056276,0.36815078554230857,1,1,1,1.3161109901778553e+22,0.00014740786895520484,9.872032260660561e+20,4672519779256108.0
28428.42842842843,2067.846950252313,0.050000990482019836,280.0,1.3438068925464689e+20,1.042950740290832e-21,628079.2635472991,0.3674714816083089,1,1,1,1.3161075910661655e+22,0.0001474079070261978,9.829844006095515e+20,4670423315942218.0
28528.52852852853,2065.2689465560184,0.050001016348641514,280.0,1.3370979355102698e+20,1.0426255251959284e-21,627883.4145494408,0.36679307279838913,1,1,1,1.3161041987527892e+22,0.0001474079450211556,9.787718283791637e+20,4668317278929293.0
28628.62862862863,2062.6909428597237,0.050001042890774,280.0,1.3304224729476914e+20,1.0423000054922962e-21,627687.3821120216,0.3661155551465074,1,1,1,1.3161008132241318e+22,0.00014740798294022981,9.745655303326119e+20,4666201629263281.0
28728.72872872873,2060.112939163429,0.05000107012605832,280.0,1.323780337637546e+20,1.0419741805133849e-21,627491.1658336354,0.36543892467528716,1,1,1,1.3160974344666265e+22,0.00014740802078357185,9.703655274375533e+20,4664076327879759.0
28828.82882882883,2057.5349354671343,0.05000109807259619,280.0,1.3171713631934977e+20,1.0416480495903479e-21,627294.7653114938,0.3647631773959235,1,1,1,1.3160940624667331e+22,0.00014740805855133261,9.66171840672035e+20,4661941335604145.0
28928.92892892893,2054.9569317708397,0.05000112674896206,280.0,1.310595384059895e+20,1.0413216120520334e-21,627098.1801414199,0.3640883093080885,1,1,1,1.3160906972109388e+22,0.00014740809624366288,9.619844910249471e+20,4659796613151917.0
29029.029029029032,2052.378928074545,0.050001156174215446,280.0,1.3040522355076229e+20,1.0409948672249732e-21,626901.4099178419,0.36341431639983773,1,1,1,1.316087338685758e+22,0.00014740813386071306,9.57803499496476e+20,4657642121128838.0
29129.12912912913,2049.8009243782503,0.050001186367913605,280.0,1.2975417536299767e+20,1.0406678144333712e-21,626704.4542337861,0.362741194647515,1,1,1,1.3160839868777316e+22,0.0001474081714026333,9.536288870985615e+20,4655477820031190.0
29229.22922922923,2047.2229206819557,0.05000121735012453,280.0,1.291063775338556e+20,1.0403404529990935e-21,626507.312680871,0.362068940015659,1,1,1,1.3160806417734283e+22,0.00014740820886957327,9.494606748553529e+20,4653303670246015.0
29329.32932932933,2044.6449169856608,0.050001249141440274,280.0,1.2846181383591787e+20,1.0400127822416558e-21,626309.9848492995,0.36139754845690825,1,1,1,1.316077303359443e+22,0.00014740824626168262,9.452988838036682e+20,4651119632051364.0
29429.42942942943,2042.066913289366,0.050001281762990665,280.0,1.278204681227818e+20,1.0396848014782145e-21,626112.4703278539,0.36072701591190764,1,1,1,1.316073971622398e+22,0.0001474082835791105,9.411435349934539e+20,4648925665616554.0
29529.529529529533,2039.4889095930712,0.050001315236457344,280.0,1.2718232432865555e+20,1.0393565100235527e-21,625914.7687038871,0.3600573383092136,1,1,1,1.3160706465489419e+22,0.00014740832082200584,9.369946494882459e+20,4646721731002433.0
29629.62962962963,2036.9109058967765,0.050001349584088146,280.0,1.265473664679558e+20,1.0390279071900718e-21,625716.8795633179,0.3593885115652005,1,1,1,1.3160673281257505e+22,0.0001474083579905173,9.328522483656325e+20,4644507788161653.0
29729.72972972973,2034.3329022004818,0.050001384828711914,280.0,1.2591557863490725e+20,1.038698992287778e-21,625518.8024906224,0.3587205315839661,1,1,1,1.3160640163395261e+22,0.00014740839508479314,9.28716352717717e+20,4642283796938949.0
29829.829829829832,2031.754898504187,0.05000142099375366,280.0,1.2528694500314417e+20,1.0383697646242728e-21,625320.5370688287,0.3580533942572376,1,1,1,1.3160607111769978e+22,0.00014740843210498143,9.245869836515828e+20,4640049717071432.0
29929.92992992993,2029.1768948078923,0.05000145810325014,280.0,1.2466144982531401e+20,1.0380402235047386e-21,625122.0828795083,0.3573870954642779,1,1,1,1.3160574126249212e+22,0.0001474084690512299,9.204641622897596e+20,4637805508188884.0
30030.030030030033,2026.5988911115974,0.050001496181865834,280.0,1.240390774326829e+20,1.0377103682319312e-21,624923.4395027709,0.3567216310717914,1,1,1,1.3160541206700785e+22,0.00014740850592368594,9.163479097706886e+20,4635551129814063.0
30130.130130130132,2024.0208874153027,0.05000153525490932,280.0,1.2341981223474312e+20,1.0373801981061652e-21,624724.6065172566,0.35605699693383114,1,1,1,1.3160508352992784e+22,0.00014740854272249674,9.122382472491916e+20,4633286541363020.0
30230.230230230234,2021.4428837190078,0.05000157534835011,280.0,1.2280363871882256e+20,1.037049712425303e-21,624525.5835001282,0.355393188891704,1,1,1,1.316047556499356e+22,0.00014740857944780915,9.08135195896938e+20,4631011702145419.0
30330.330330330333,2018.8648800227131,0.0500016164888359,280.0,1.2219054144969615e+20,1.0367189104847437e-21,624326.3700270657,0.35473020277387823,1,1,1,1.316044284257173e+22,0.00014740861609976972,9.040387769029149e+20,4628726571364873.0
30430.43043043043,2016.2868763264185,0.05000165870371031,280.0,1.2158050506919918e+20,1.0363877915774105e-21,624126.9656722576,0.3540680343958898,1,1,1,1.3160410185596173e+22,0.0001474086526785247,8.999490114738964e+20,4626431108119281.0
30530.530530530534,2013.7088726301236,0.05000170202103099,280.0,1.2097351429584262e+20,1.0360563549937397e-21,623927.3700083947,0.353406679560249,1,1,1,1.3160377593936032e+22,0.00014740868918422008,8.958659208349141e+20,4624125271401177.0
30630.630630630632,2011.1308689338289,0.050001746469588354,280.0,1.203695539244303e+20,1.0357246000216686e-21,623727.5826066633,0.35274613405634864,1,1,1,1.3160345067460711e+22,0.00014740872561700154,8.917895262297285e+20,4621809020098090.0
30730.730730730735,2008.552865237534,0.050001792078924655,280.0,1.1976860882567792e+20,1.0353925259466223e-21,623527.6030367365,0.35208639366036987,1,1,1,1.3160312606039879e+22,0.0001474087619770145,8.877198489213002e+20,4619482312992911.0
30830.830830830833,2005.9748615412393,0.05000183887935362,280.0,1.1917066394583425e+20,1.0350601320515034e-21,623327.4308667684,0.3514274541351908,1,1,1,1.3160280209543462e+22,0.00014740879826440398,8.836569101922623e+20,4617145108764269.0
30930.930930930932,2003.3968578449446,0.05000188690198064,280.0,1.1857570430630384e+20,1.0347274176166772e-21,623127.065663385,0.3507693112302945,1,1,1,1.316024787784165e+22,0.00014740883447931488,8.796007313453921e+20,4614797365986916.0
31031.031031031034,2000.8188541486497,0.05000193617872339,280.0,1.1798371500327195e+20,1.0343943819199634e-21,622926.5069916794,0.35011196068167566,1,1,1,1.3160215610804895e+22,0.00014740887062189163,8.755513337040844e+20,4612439043132124.0
31131.131131131133,1998.240850452355,0.05000198674233309,280.0,1.1739468120733113e+20,1.03406102423662e-21,622725.7544152023,0.3494553982117508,1,1,1,1.3160183408303905e+22,0.00014740890669227857,8.71508738612824e+20,4610070098568088.0
31231.231231231235,1995.6628467560602,0.05000203862641624,280.0,1.168085881631097e+20,1.0337273438393336e-21,622524.8074959553,0.3487996195292658,1,1,1,1.3160151270209651e+22,0.00014740894269061957,8.674729674376584e+20,4607690490560339.0
31331.331331331334,1993.0848430597655,0.05000209186545695,280.0,1.1622542118890229e+20,1.0333933399982045e-21,622323.6657943829,0.34814462032920507,1,1,1,1.3160119196393362e+22,0.00014740897861705834,8.634440415666713e+20,4605300177272170.0
31431.431431431432,1990.5068393634708,0.0500021464948399,280.0,1.1564516567630193e+20,1.0330590119807369e-21,622122.328869366,0.3474903962927011,1,1,1,1.3160087186726525e+22,0.0001474090144717382,8.594219824104554e+20,4602899116765068.0
31531.531531531535,1987.928835667176,0.05000220255087382,280.0,1.1506780708983402e+20,1.032724359051823e-21,621920.7962782126,0.3468369430869442,1,1,1,1.3160055241080884e+22,0.00014740905025480226,8.554068114025846e+20,4600487266999156.0
31631.631631631633,1985.3508319708812,0.05000226007081562,280.0,1.144933309665925e+20,1.0323893804737339e-21,621719.0675766522,0.3461842563650926,1,1,1,1.3160023359328444e+22,0.0001474090859663933,8.513985500000877e+20,4598064585833649.0
31731.731731731736,1982.7728282745863,0.05000231909289517,280.0,1.1392172291587726e+20,1.0320540755061041e-21,621517.1423188265,0.34553233176618287,1,1,1,1.3159991541341465e+22,0.00014740912160665385,8.473972196839196e+20,4595631031027314.0
31831.831831831834,1980.1948245782917,0.050002379656340704,280.0,1.1335296861883382e+20,1.03171844340592e-21,621315.0200572826,0.34488116491504095,1,1,1,1.3159959786992462e+22,0.00014740915717572617,8.43402841959434e+20,4593186560238945.0
31931.931931931933,1977.616820881997,0.05000244180140488,280.0,1.1278705382809459e+20,1.0313824834275058e-21,621112.7003429643,0.34423075142219384,1,1,1,1.3159928096154209e+22,0.00014740919267375213,8.394154383568542e+20,4590731131027846.0
32032.032032032035,1975.038817185702,0.05000250556939156,280.0,1.1222396436742195e+20,1.031046194822513e-21,620910.1827252057,0.34358108688378086,1,1,1,1.3159896468699734e+22,0.00014740922810087346,8.354350304317441e+20,4588264700854325.0
32132.132132132134,1972.4608134894074,0.050002571002683203,280.0,1.1166368613135319e+20,1.0307095768399028e-21,620707.466751721,0.3429321668814668,1,1,1,1.3159864904502322e+22,0.00014740926345723152,8.31461639765479e+20,4585787227080198.0
32232.232232232236,1969.8828097931125,0.0500026381447691,280.0,1.1110620508484713e+20,1.0303726287259383e-21,620504.5519685996,0.3422839869823547,1,1,1,1.315983340343551e+22,0.00014740929874296736,8.274952879657136e+20,4583298666969304.0
32332.332332332335,1967.3048060968179,0.050002707040274236,280.0,1.1055150726293252e+20,1.0300353497241673e-21,620301.4379202954,0.34163654273889865,1,1,1,1.315980196537309e+22,0.00014740933395822185,8.235359966668519e+20,4580798977688030.0
32432.432432432433,1964.7268024005232,0.05000277773498896,280.0,1.0999957877035827e+20,1.0296977390754106e-21,620098.1241496204,0.34098982968881897,1,1,1,1.3159770590189107e+22,0.00014740936910313552,8.195837875305135e+20,4578288116305846.0
32532.532532532536,1962.1487987042283,0.05000285027589941,280.0,1.0945040578124533e+20,1.029359796017747e-21,619894.6101977351,0.34034384335501594,1,1,1,1.3159739277757865e+22,0.0001474094041778486,8.15638682246001e+20,4575766039795856.0
32632.632632632634,1959.5707950079336,0.05000292471121876,280.0,1.0890397453874033e+20,1.0290215197865041e-21,619690.8956041433,0.33969857924548563,1,1,1,1.3159708027953913e+22,0.00014740943918250103,8.117007025307643e+20,4573232705035351.0
32732.732732732737,1956.9927913116387,0.050003001090419226,280.0,1.0836027135467109e+20,1.028682909614238e-21,619486.9799066797,0.33905403285323565,1,1,1,1.3159676840652055e+22,0.00014740947411723255,8.077698701308651e+20,4570688068806382.0
32832.832832832835,1954.414787615344,0.05000307946426499,280.0,1.0781928260920354e+20,1.028343964730725e-21,619282.8626415052,0.33841019965620206,1,1,1,1.3159645715727347e+22,0.00014740950898218258,8.038462068214396e+20,4568132087796338.0
32932.932932932934,1951.8367839190494,0.050003159884845896,280.0,1.072809947505007e+20,1.0280046843629467e-21,619078.5433430973,0.33776707511716614,1,1,1,1.3159614653055097e+22,0.0001474095437774902,7.999297344071584e+20,4565564718598539.0
33033.03303303303,1949.2587802227547,0.05000324240561209,280.0,1.0674539429438313e+20,1.0276650677350746e-21,618874.0215442413,0.33712465468367314,1,1,1,1.3159583652510863e+22,0.0001474095785032943,7.960204747226866e+20,4562985917712837.0
33133.13313313314,1946.6807765264598,0.05000332708140954,280.0,1.0621246782399118e+20,1.027325114068457e-21,618669.2967760229,0.33648293378795074,1,1,1,1.3159552713970455e+22,0.00014740961315973342,7.921184496331409e+20,4560395641546232.0
33233.23323323324,1944.1027728301651,0.05000341396851649,280.0,1.056822019894489e+20,1.0269848225816058e-21,618464.3685678188,0.3358419078468288,1,1,1,1.3159521837309932e+22,0.00014740964774694588,7.882236810345463e+20,4557793846413498.0
33333.333333333336,1941.5247691338704,0.05000350312468086,280.0,1.0515458350752956e+20,1.0266441924901805e-21,618259.2364472885,0.3352015722616599,1,1,1,1.31594910224056e+22,0.0001474096822650697,7.843361908542877e+20,4555180488537821.0
33433.433433433434,1938.9467654375758,0.0500035946091586,280.0,1.0462959916132296e+20,1.0263032230069764e-21,618053.8999403666,0.33456192241824045,1,1,1,1.3159460269134019e+22,0.00014740971671424263,7.80456001051563e+20,4552555524051447.0
33533.53353353353,1936.368761741281,0.05000368848275311,280.0,1.0410723579990437e+20,1.0259619133419084e-21,617848.358571253,0.33392295368673314,1,1,1,1.3159429577371992e+22,0.00014740975109460216,7.765831336178313e+20,4549918908996346.0
33633.63363363364,1933.7907580449862,0.050003784807855625,280.0,1.0358748033800502e+20,1.0256202627019969e-21,617642.6118624044,0.33328466142158997,1,1,1,1.3159398946996576e+22,0.0001474097854062854,7.727176105772599e+20,4547270599324884.0
33733.73373373374,1931.2127543486915,0.05000388364848669,280.0,1.030703197556844e+20,1.0252782702913548e-21,617436.6593345266,0.3326470409614765,1,1,1,1.315936837788507e+22,0.00014740981964942937,7.688594539871695e+20,4544610550900510.0
33833.833833833836,1928.6347506523969,0.05000398507033868,280.0,1.0255574109800405e+20,1.024935935311171e-21,617230.5005065647,0.33201008762919676,1,1,1,1.3159337869915026e+22,0.00014740985382417064,7.650086859384737e+20,4541938719498452.0
33933.933933933935,1926.0567469561022,0.0500040891408195,280.0,1.02043731474703e+20,1.024593256959696e-21,617024.1348956942,0.3313737967316191,1,1,1,1.3159307422964235e+22,0.0001474098879306456,7.61165328556119e+20,4539255060806431.0
34034.03403403403,1923.4787432598075,0.05000419592909737,280.0,1.01534278059875e+20,1.0242502344322292e-21,616817.5620173132,0.33073816355960384,1,1,1,1.315927703691074e+22,0.00014740992196899037,7.573294039995203e+20,4536559530425381.0
34134.13413413414,1920.9007395635126,0.05000430550614675,280.0,1.0102736809164705e+20,1.0239068669211013e-21,616610.7813850321,0.33010318338793115,1,1,1,1.3159246711632832e+22,0.00014740995593934074,7.53500934462993e+20,4533852083870188.0
34234.23423423424,1918.322735867218,0.05000441794479556,280.0,1.0052298887185995e+20,1.0235631536156615e-21,616403.7925106662,0.32946885147523064,1,1,1,1.315921644700904e+22,0.0001474099898418323,7.496799421761832e+20,4531132676570436.0
34334.33433433434,1915.7447321709233,0.05000453331977356,280.0,1.0002112776574996e+20,1.0232190937022607e-21,616196.5949042244,0.3288351630639114,1,1,1,1.3159186242918144e+22,0.00014741002367660029,7.458664494044923e+20,4528401263871168.0
34434.434434434435,1913.1667284746286,0.05000465170776202,280.0,9.95217722016324e+19,1.0228746863642382e-21,615989.1880739026,0.32820211338009436,1,1,1,1.3159156099239165e+22,0.00014741005744377969,7.420604784495002e+20,4525657801033664.0
34534.534534534534,1910.588724778334,0.05000477318744465,280.0,9.902490967058681e+19,1.022529930781905e-21,615781.5715260728,0.32756969763354443,1,1,1,1.315912601585137e+22,0.0001474100911435053,7.382620516493832e+20,4522902243236225.0
34634.63463463464,1908.010721082039,0.050004897839559935,280.0,9.853052772614347e+19,1.0221848261325283e-21,615573.7447652741,0.32693791101760533,1,1,1,1.3159095992634273e+22,0.00014741012477591158,7.344711913793288e+20,4520134545574976.0
34734.73473473474,1905.4327173857444,0.050005025746954763,280.0,9.803861398397174e+19,1.0218393715903182e-21,615365.7072942044,0.326306748709135,1,1,1,1.3159066029467623e+22,0.00014741015834113269,7.306879200519468e+20,4517354663064679.0
34834.83483483484,1902.8547136894497,0.050005156994639484,280.0,9.754915612156966e+19,1.0214935663264094e-21,615157.4586137097,0.3256762058684423,1,1,1,1.3159036126231418e+22,0.00014741019183930258,7.269122601176743e+20,4514562550639562.0
34934.934934934936,1900.276709993155,0.050005291669844396,280.0,9.706214187795546e+19,1.0211474095088484e-21,614948.998222776,0.3250462776392249,1,1,1,1.3159006282805896e+22,0.00014741022527055487,7.231442340651785e+20,4511758163154160.0
35035.035035035035,1897.6987062968603,0.05000542986207774,280.0,9.657755905336025e+19,1.0208009003025744e-21,614740.3256185184,0.32441695914850965,1,1,1,1.3158976499071538e+22,0.00014741025863502298,7.193838644217536e+20,4508941455384168.0
35135.13513513514,1895.1207026005654,0.05000557166318517,280.0,9.609539550892256e+19,1.0204540378694072e-21,614531.4402961731,0.3237882455065933,1,1,1,1.3158946774909064e+22,0.00014741029193284007,7.156311737537127e+20,4506112382027314.0
35235.23523523524,1892.5426989042708,0.05000571716741078,280.0,9.561563916638423e+19,1.020106821368028e-21,614322.3417490864,0.3231601318069851,1,1,1,1.315891711019944e+22,0.0001474103251641389,7.118861846667767e+20,4503270897704238.0
35335.33533533534,1889.964695207976,0.050005866471459735,280.0,9.513827800778772e+19,1.0197592499539656e-21,614113.0294687063,0.32253261312635123,1,1,1,1.315888750482387e+22,0.0001474103583290521,7.08148919806455e+20,4500416956959392.0
35435.43543543544,1887.3866915116814,0.05000601967456255,280.0,9.466330007517517e+19,1.0194113227795786e-21,613903.5029445714,0.32190568452446033,1,1,1,1.3158857958663794e+22,0.00014741039142771202,7.04419401858423e+20,4497550514261949.5
35535.535535535535,1884.8086878153867,0.05000617687854102,280.0,9.419069347028889e+19,1.0190630389940418e-21,613693.761664303,0.321279341044131,1,1,1,1.3158828471600898e+22,0.00014741042446025067,7.006976535488939e+20,4494671524006732.0
35635.63563563564,1882.2306841190918,0.050006338187875886,280.0,9.372044635427319e+19,1.0187143977433257e-21,613483.805113593,0.3206535777111812,1,1,1,1.3158799043517106e+22,0.00014741045742679986,6.969836976449832e+20,4491779940515149.0
35735.73573573574,1879.6526804227972,0.05000650370977627,280.0,9.325254694737795e+19,1.0183653981701844e-21,613273.6327761959,0.32002838953437873,1,1,1,1.3158769674294577e+22,0.00014741049032749107,6.932775569550702e+20,4488875718036153.0
35835.83583583584,1877.0746767265025,0.05000667355425092,280.0,9.278698352866343e+19,1.0180160394141357e-21,613063.2441339177,0.3194037715053941,1,1,1,1.3158740363815716e+22,0.00014741052316245558,6.895792543291498e+20,4485958810747208.5
35935.93593593594,1874.4966730302078,0.05000684783418131,280.0,9.232374443570664e+19,1.0176663206114468e-21,612852.6386666065,0.31877971859875476,1,1,1,1.3158711111963157e+22,0.0001474105559318244,6.8588881265918e+20,4483029172755277.5
36036.036036036036,1871.9186693339132,0.050007026665396644,280.0,9.18628180643093e+19,1.0173162408951155e-21,612641.8158521418,0.31815622577180175,1,1,1,1.3158681918619781e+22,0.00014741058863572824,6.822062548794232e+20,4480086758097817.5
36136.13613613614,1869.3406656376183,0.050007210166750846,280.0,9.140419286820708e+19,1.016965799394855e-21,612430.7751664248,0.31753328796464764,1,1,1,1.31586527836687e+22,0.00014741062127429755,6.785316039667785e+20,4477131520743797.0
36236.23623623624,1866.7626619413236,0.05000739846020154,280.0,9.094785735878042e+19,1.0166149952370761e-21,612219.5160833681,0.3169109001001372,1,1,1,1.3158623706993264e+22,0.00014741065384766256,6.748648829411105e+20,4474163414594726.0
36336.33633633634,1864.184658245029,0.050007591670891055,280.0,9.049380010476667e+19,1.01626382754487e-21,612008.0380748854,0.3162890570838092,1,1,1,1.3158594688477062e+22,0.00014741068635595316,6.712061148655662e+20,4471182393485699.5
36436.43643643644,1861.6066545487342,0.05000778992722964,280.0,9.004200973197374e+19,1.015912295437992e-21,611796.3406108809,0.315667753803861,1,1,1,1.3158565728003916e+22,0.00014741071879929908,6.675553228468885e+20,4468188411186459.5
36536.536536536536,1859.0286508524396,0.05000799336098075,280.0,8.959247492299527e+19,1.0155603980328414e-21,611584.4231592382,0.3150469851311147,1,1,1,1.3158536825457888e+22,0.00014741075117782968,6.639125300357197e+20,4465181421402471.5
36636.63663663664,1856.4506471561447,0.05000820210734864,280.0,8.9145184416927e+19,1.015208134442449e-21,611372.2851858125,0.3144267459189865,1,1,1,1.315850798072327e+22,0.00014741078349167413,6.602777596268977e+20,4462161377776015.5
36736.73673673674,1853.87264345985,0.05000841630506816,280.0,8.87001270090848e+19,1.0148555037764543e-21,611159.9261544163,0.31380703100345714,1,1,1,1.3158479193684593e+22,0.00014741081574096135,6.566510348597445e+20,4459128233887296.5
36836.83683683684,1851.2946397635553,0.05000863609649699,280.0,8.825729155072392e+19,1.014502505141091e-21,610947.3455268112,0.3131878352030447,1,1,1,1.3158450464226621e+22,0.00014741084792581994,6.530323790183447e+20,4456081943255566.5
36936.93693693694,1848.7166360672607,0.05000886162771022,280.0,8.781666694875967e+19,1.0141491376391689e-21,610734.542762697,0.31256915331878077,1,1,1,1.3158421792234351e+22,0.00014741088004637827,6.494218154318163e+20,4453022459340265.5
37037.03703703704,1846.138632370966,0.0500090930485974,280.0,8.737824216548966e+19,1.0137954003700548e-21,610521.5173197001,0.31195098013418837,1,1,1,1.3158393177593019e+22,0.00014741091210276446,6.458193674745728e+20,4449949735542179.5
37137.13713713714,1843.560628674671,0.05000933051296217,280.0,8.69420062183172e+19,1.0134412924296543e-21,610308.2686533624,0.31133331041526174,1,1,1,1.3158364620188088e+22,0.00014741094409510637,6.422250585665748e+20,4446863725204612.5
37237.23723723724,1840.9826249783764,0.050009574178624415,280.0,8.650794817947627e+19,1.0130868129103962e-21,610094.7962171319,0.3107161389104499,1,1,1,1.3158336119905257e+22,0.00014741097602353153,6.38638912173574e+20,4443764381614577.0
37337.33733733734,1838.4046212820817,0.05000982420752519,280.0,8.60760571757577e+19,1.012731960901211e-21,609881.0994623502,0.31009946035064195,1,1,1,1.315830767663046e+22,0.00014741100788816738,6.350609518073446e+20,4440651658004000.0
37437.43743743744,1835.826617585787,0.05001008076583429,280.0,8.564632238823681e+19,1.012376735487515e-21,609667.1778382424,0.30948326944915505,1,1,1,1.315827929024986e+22,0.00014741103968914088,6.31491201025907e+20,4437525507550947.0
37537.53753753754,1833.2486138894924,0.05001034402406064,280.0,8.521873305200242e+19,1.0120211357511894e-21,609453.0307919047,0.30886756090172546,1,1,1,1.3158250960649852e+22,0.00014741107142657891,6.279296834337399e+20,4434385883380862.5
37637.63763763764,1830.6706101931975,0.050010614157165664,280.0,8.47932784558872e+19,1.0116651607705646e-21,609238.657768295,0.3082523293865021,1,1,1,1.3158222687717065e+22,0.00014741110310060804,6.243764226819823e+20,4431232738567827.5
37737.73773773774,1828.0926064969028,0.05001089134467947,280.0,8.436994794219931e+19,1.0113088096203982e-21,609024.0582102197,0.30763756956404303,1,1,1,1.3158194471338357e+22,0.0001474111347113545,6.208314424686241e+20,4428066026135835.5
37837.83783783784,1825.5146028006081,0.05001117577082016,280.0,8.394873090645546e+19,1.0109520813718599e-21,608809.2315583243,0.3070232760773147,1,1,1,1.3158166311400819e+22,0.00014741116625894443,6.172947665386852e+20,4424885699060083.0
37937.93793793794,1822.9365991043135,0.05001146762461628,280.0,8.352961679711529e+19,1.0105949750925079e-21,608594.1772510797,0.3064094435516943,1,1,1,1.3158138207791772e+22,0.00014741119774350358,6.137664186843831e+20,4421691710268281.0
38038.03803803804,1820.3585954080188,0.050011767100032335,280.0,8.311259511531687e+19,1.0102374898462734e-21,608378.8947247723,0.3057960665949749,1,1,1,1.3158110160398766e+22,0.00014741122916515743,6.102464227452892e+20,4418484012641982.0
38138.13813813814,1817.780591711724,0.050012074396097735,280.0,8.2697655414614e+19,1.0098796246934403e-21,608163.3834134922,0.30518313979737416,1,1,1,1.3158082169109582e+22,0.00014741126052403132,6.067348026084718e+20,4415262559017926.5
38238.23823823824,1815.2025880154292,0.050012389717039,280.0,8.228478730071432e+19,1.0095213786906246e-21,607947.6427491205,0.3045706577315459,1,1,1,1.315805423381223e+22,0.0001474112918202503,6.032315822086281e+20,4412027302189406.0
38338.33833833834,1812.6245843191346,0.05001271327241548,280.0,8.187398043121898e+19,1.0091627508907566e-21,607731.672161319,0.30395861495259435,1,1,1,1.3158026354394948e+22,0.00014741132305393903,5.997367855282005e+20,4408778194907644.5
38438.43843843844,1810.0465806228399,0.050013045277258555,280.0,8.146522451536359e+19,1.0088037403430607e-21,607515.4710775174,0.30334700599809267,1,1,1,1.3157998530746206e+22,0.00014741135422522211,5.962504365974827e+20,4405515189883199.0
38538.53853853854,1807.4685769265452,0.050013385952214544,280.0,8.105850931376033e+19,1.0084443460930345e-21,607299.0389229013,0.30273582538810473,1,1,1,1.3157970762754702e+22,0.00014741138533422377,5.9277255949471e+20,4402238239787378.0
38638.638638638644,1804.8905732302503,0.050013735523691275,280.0,8.06538246381416e+19,1.00808456718243e-21,607082.3751204006,0.302125067625209,1,1,1,1.315794305030936e+22,0.00014741141638106804,5.8930317834613686e+20,4398947297253678.5
38738.73873873874,1802.3125695339556,0.050014094224008536,280.0,8.025116035110475e+19,1.0077244026492339e-21,606865.4790906777,0.3015147271945281,1,1,1,1.3157915393299331e+22,0.00014741144736587868,5.858423173261e+20,4395642314879241.5
38838.83883883884,1799.734565837661,0.0500144622915524,280.0,7.985050636585809e+19,1.0073638515276455e-21,606648.3502521141,0.3009047985637599,1,1,1,1.3157887791614e+22,0.00014741147828877912,5.823900006570655e+20,4392323245226327.5
38938.93893893894,1797.1565621413663,0.05001483997093363,280.0,7.945185264596823e+19,1.0070029128480586e-21,606430.9880207996,0.30029527618321383,1,1,1,1.3157860245142971e+22,0.00014741150914989265,5.789462526096626e+20,4388990040823808.5
39039.03903903904,1794.5785584450716,0.05001522751315018,280.0,7.905518920510872e+19,1.0066415856370397e-21,606213.3918105193,0.2996861544858495,1,1,1,1.315783275377608e+22,0.00014741153994934228,5.75511097502701e+20,4385642654168683.0
39139.139139139144,1792.0005547487767,0.050015625175753954,280.0,7.86605061068098e+19,1.006279868917307e-21,605995.5610327405,0.29907742788732056,1,1,1,1.315780531740339e+22,0.00014741157068725075,5.720845597031724e+20,4382281037727606.0
39239.23923923924,1789.422551052482,0.05001603322302193,280.0,7.826779346420962e+19,1.0059177617077123e-21,605777.4950966025,0.29846909078602174,1,1,1,1.315777793591519e+22,0.00014741160136374053,5.686666636262369e+20,4378905143938442.5
39339.33933933934,1786.8445473561874,0.05001645192613171,280.0,7.787704143980642e+19,1.005555263023215e-21,605559.1934089002,0.2978611375631395,1,1,1,1.315775060920199e+22,0.00014741163197893385,5.652574337351904e+20,4375514925211837.5
39439.43943943944,1784.2665436598927,0.050016881563341706,280.0,7.748824024521227e+19,1.005192371874867e-21,605340.6553740753,0.29725356258270763,1,1,1,1.3157723337154533e+22,0.00014741166253295278,5.618568945414176e+20,4372110333932807.0
39539.53953953954,1781.688539963598,0.05001732242017597,280.0,7.710138014090764e+19,1.0048290872697866e-21,605121.880394201,0.29664636019166574,1,1,1,1.3157696119663785e+22,0.00014741169302591892,5.584650706043257e+20,4368691322462349.5
39639.639639639645,1779.1105362673031,0.05001777478961391,280.0,7.671645143599766e+19,1.0044654082111404e-21,604902.8678689706,0.2960395247199238,1,1,1,1.3157668956620934e+22,0.00014741172345795388,5.5508198653126096e+20,4365257843139075.5
39739.73973973974,1776.5325325710085,0.050018238972284905,280.0,7.633344448796924e+19,1.0041013336981203e-21,604683.6171956835,0.2954330504804287,1,1,1,1.3157641847917397e+22,0.0001474117538291788,5.517076669774077e+20,4361809848280860.5
39839.83983983984,1773.9545288747138,0.05001871527666802,280.0,7.595234970244956e+19,1.003736862725922e-21,604464.1277692328,0.29482693176923763,1,1,1,1.3157614793444813e+22,0.00014741178413971476,5.4834213664566634e+20,4358347290186514.5
39939.93993993994,1771.3765251784191,0.05001920401929695,280.0,7.557315753296568e+19,1.0033719942857235e-21,604244.3989820923,0.2942211628655934,1,1,1,1.3157587793095046e+22,0.00014741181438968247,5.449854202865146e+20,4354870121137475.0
40040.04004004004,1768.7985214821244,0.050019705524970266,280.0,7.519585848070542e+19,1.0030067273646626e-21,604024.4302243021,0.2936157380320064,1,1,1,1.3157560846760188e+22,0.00014741184457920238,5.4163754269784795e+20,4351378293399519.0
40140.140140140145,1766.2205177858295,0.050020220126967226,280.0,7.48204430942795e+19,1.0026410609458155e-21,603804.2208834569,0.29301065151434025,1,1,1,1.3157533954332548e+22,0.00014741187470839476,5.382985287247996e+20,4347871759224496.0
40240.240240240244,1763.6425140895349,0.0500207481672691,280.0,7.444690196948463e+19,1.0022749940081748e-21,603583.7703446919,0.29240589754190205,1,1,1,1.3157507115704664e+22,0.00014741190477737958,5.349684032595418e+20,4344350470852083.5
40340.34034034034,1761.0645103932402,0.05002128999678639,280.0,7.407522574906807e+19,1.001908525526626e-21,603363.0779906693,0.291801470327538,1,1,1,1.3157480330769295e+22,0.00014741193478627664,5.316471912410633e+20,4340814380511560.5
40440.44044044044,1758.4865066969455,0.05002184597559195,280.0,7.3705405122493145e+19,1.0015416544719253e-21,603142.1432015642,0.29119736406773333,1,1,1,1.3157453599419423e+22,0.00014741196473520537,5.283349176549274e+20,4337263440423605.5
40540.54054054054,1755.9085030006509,0.05002241647316009,280.0,7.333743082570604e+19,1.0011743798106779e-21,602920.9653550519,0.29059357294271776,1,1,1,1.3157426921548255e+22,0.00014741199462428505,5.250316075330075e+20,4333697602802113.0
40640.640640640646,1753.330499304356,0.05002300186861206,280.0,7.297129364090374e+19,1.0008067005053141e-21,602699.5438262939,0.28999009111657553,1,1,1,1.3157400297049216e+22,0.00014741202445363468,5.2173728595319954e+20,4330116819856034.5
40740.740740740745,1750.7524956080613,0.05002360255096787,280.0,7.260698439630313e+19,1.0004386155140658e-21,602477.8779879231,0.28938691273736145,1,1,1,1.315737372581596e+22,0.00014741205422337297,5.184519780391132e+20,4326521043791238.5
40840.84084084084,1748.1744919117666,0.050024218919404666,280.0,7.224449396591124e+19,1.0000701237909452e-21,602255.9672100312,0.28878403193722096,1,1,1,1.3157347207742359e+22,0.00014741208393361847,5.151757089597366e+20,4322910226812393.5
40940.94094094094,1745.596488215472,0.05002485138352188,280.0,7.188381326929657e+19,9.997012242857189e-22,602033.8108601533,0.2881814428325166,1,1,1,1.3157320742722507e+22,0.00014741211358448942,5.1190850392907966e+20,4319284321124873.0
41041.04104104104,1743.0184845191773,0.05002550036361331,280.0,7.152493327136176e+19,9.993319159438872e-22,601811.4083032551,0.28757913952395975,1,1,1,1.315729433065072e+22,0.0001474121431761039,5.086503882057919e+20,4315643278936683.5
41141.14114114115,1740.4404808228824,0.05002616629094622,280.0,7.116784498211711e+19,9.989621977066577e-22,601588.7589017174,0.2869771160967474,1,1,1,1.3157267971421537e+22,0.00014741217270857957,5.054013870927547e+20,4311987052460412.0
41241.241241241245,1737.8624771265877,0.05002684960804787,280.0,7.081253945645552e+19,9.985920685109239e-22,601365.8620153227,0.2863753666207057,1,1,1,1.3157241664929717e+22,0.000147412202182034,5.0216152593664954e+20,4308315593915200.5
41341.341341341344,1735.284473430293,0.05002755076899932,280.0,7.045900779392829e+19,9.982215272892391e-22,601142.71700124,0.2857738851504374,1,1,1,1.315721541107024e+22,0.00014741223159658447,4.989308301274973e+20,4304628855528737.0
41441.44144144144,1732.7064697339983,0.050028270239737105,280.0,7.010724113852223e+19,9.97850572969793e-22,600919.3232140106,0.2851726657254776,1,1,1,1.3157189209738308e+22,0.00014741226095234798,4.9570932509817333e+20,4300926789539275.0
41541.54154154154,1730.1284660377037,0.05002900849836263,280.0,6.9757230678437814e+19,9.974792044763886e-22,600695.6800055335,0.28457170237045315,1,1,1,1.3157163060829346e+22,0.0001474122902494413,4.9249703632389426e+20,4297209348197673.0
41641.64164164165,1727.5504623414088,0.050029766035459715,280.0,6.940896764586843e+19,9.971074207284152e-22,600471.7867250504,0.28397098909524976,1,1,1,1.3157136964238992e+22,0.00014741231948798105,4.8929398932167636e+20,4293476483769457.0
41741.741741741745,1724.972458645114,0.050030543354420386,280.0,6.906244331678076e+19,9.967352206408252e-22,600247.6427191306,0.28337051989518425,1,1,1,1.3157110919863114e+22,0.00014741234866808345,4.8610020964976696e+20,4289728148536908.0
41841.841841841844,1722.3944549488194,0.0500313409717792,280.0,6.871764901069619e+19,9.963626031241105e-22,600023.2473316576,0.2827702887511838,1,1,1,1.3157084927597792e+22,0.00014741237778986455,4.8291572290704454e+20,4285964294801169.5
41941.94194194194,1719.8164512525248,0.050032159417556246,280.0,6.8374576090473456e+19,9.95989567084274e-22,599798.5999038108,0.28217028962997115,1,1,1,1.3157058987339335e+22,0.00014741240685344013,4.79740554732391e+20,4282184874884383.0
42042.04204204204,1717.23844755623,0.050032999235609145,280.0,6.803321596209217e+19,9.95616111422808e-22,599573.6997740542,0.2815705164842563,1,1,1,1.3157033098984263e+22,0.00014741243585892583,4.765747308040329e+20,4278389841131843.0
42142.14214214215,1714.6604438599352,0.05003386098399417,280.0,6.769356007443765e+19,9.952422350366653e-22,599348.5462781176,0.28097096325293486,1,1,1,1.3157007262429322e+22,0.0001474124648064369,4.734182768388516e+20,4274579145914178.0
42242.242242242246,1712.0824401636405,0.05003474523533686,280.0,6.735559991908664e+19,9.94867936818237e-22,599123.1387489835,0.2803716238612934,1,1,1,1.3156981477571473e+22,0.0001474124936960884,4.702712185916629e+20,4270752741629555.5
42342.342342342345,1709.5044364673458,0.05003565257721222,280.0,6.701932703009419e+19,9.944932156553248e-22,598897.4765168709,0.27977249222122114,1,1,1,1.3156955744307903e+22,0.0001474125225279952,4.6713358185446244e+20,4266910580705910.5
42442.44244244244,1706.9264327710512,0.05003658361253493,280.0,6.66847329837816e+19,9.94118070431115e-22,598671.5589092192,0.27917356223142886,1,1,1,1.3156930062536013e+22,0.0001474125513022718,4.6400539245564015e+20,4263052615603198.0
42542.54254254254,1704.3484290747565,0.05003753895995961,280.0,6.635180939852537e+19,9.937425000241527e-22,598445.3852506732,0.2785748277776746,1,1,1,1.3156904432153425e+22,0.00014741258001903262,4.608866762591605e+20,4259178798815670.5
42642.64264264265,1701.7704253784616,0.05003851925429166,280.0,6.60205479345473e+19,9.933665033083159e-22,598218.9548630662,0.2779762827329968,1,1,1,1.315687885305798e+22,0.0001474126086783917,4.577774591637084e+20,4255289082874179.5
42742.74274274275,1699.192421682167,0.05003952514690871,280.0,6.569094029370549e+19,9.929900791527881e-22,597992.2670654053,0.27737792095795455,1,1,1,1.315685332514774e+22,0.0001474126372804629,4.54677767101801e+20,4251383420348503.0
42842.842842842845,1696.6144179858723,0.05004055730619309,280.0,6.536297821928657e+19,9.92613226422032e-22,597765.3211738543,0.276779736300875,1,1,1,1.3156827848320985e+22,0.00014741266582535986,4.515876260388625e+20,4247461763849696.5
42942.942942942944,1694.0364142895776,0.050041616417975644,280.0,6.5036653495798776e+19,9.922359439757635e-22,597538.1165017184,0.2761817225981088,1,1,1,1.3156802422476213e+22,0.00014741269431319586,4.4850706197226435e+20,4243524066032468.0
43043.04304304305,1691.4584105932827,0.050042703185990974,280.0,6.471195794876623e+19,9.918582306689228e-22,597310.652359427,0.27558387367429243,1,1,1,1.3156777047512144e+22,0.00014741272274408407,4.454361009303275e+20,4239570279597582.0
43143.14314314315,1688.880406896988,0.05004381833234471,280.0,6.438888344452411e+19,9.914800853516479e-22,597082.9280545171,0.27498618334261876,1,1,1,1.3156751723327713e+22,0.0001474127511181374,4.42374768971288e+20,4235600357294285.5
43243.24324324325,1686.3024032006933,0.05004496259799286,280.0,6.406742189001493e+19,9.911015068692482e-22,596854.9428916185,0.27438864540511515,1,1,1,1.3156726449822077e+22,0.00014741277943546835,4.3932309218222277e+20,4231614251922759.5
43343.343343343346,1683.7243995043987,0.0500461367432337,280.0,6.374756523258579e+19,9.907224940621738e-22,596626.6961724341,0.27379125365293,1,1,1,1.3156701226894612e+22,0.00014741280769618942,4.362810966779375e+20,4227611916336598.5
43443.443443443444,1681.146395808104,0.05004734154821249,280.0,6.342930545978668e+19,9.903430457659924e-22,596398.1871957269,0.27319400186662657,1,1,1,1.315667605444491e+22,0.00014741283590041272,4.332488085998147e+20,4223593303445313.0
43543.54354354355,1678.568392111809,0.050048577813439306,280.0,6.311263459916975e+19,9.899631608113565e-22,596169.4152572998,0.2725968838164855,1,1,1,1.3156650932372786e+22,0.0001474128640482501,4.302262541146201e+20,4219558366216859.5
43643.64364364365,1675.9903884155144,0.05004984636032045,280.0,6.279754471808959e+19,9.895828380239763e-22,595940.3796499791,0.2719998932628156,1,1,1,1.3156625860578268e+22,0.0001474128921398133,4.272134594132701e+20,4215507057680197.5
43743.74374374375,1673.4123847192197,0.05005114803170363,280.0,6.248402792350455e+19,9.892020762245943e-22,595711.0796636,0.2714030239562731,1,1,1,1.315660083896161e+22,0.00014741292017521367,4.2421045070955374e+20,4211439330927869.0
43843.843843843846,1670.834381022925,0.050052483692437415,280.0,6.217207636177899e+19,9.888208742289514e-22,595481.5145849853,0.2708062696381887,1,1,1,1.3156575867423278e+22,0.0001474129481545624,4.2121725423881506e+20,4207355139118610.0
43943.943943943945,1668.2563773266304,0.05005385422994523,280.0,6.186168221848652e+19,9.884392308477628e-22,595251.6836979312,0.2702096240409051,1,1,1,1.3156550945863962e+22,0.0001474129760779704,4.1823389625658986e+20,4203254435479982.0
44044.04404404405,1665.6783736303355,0.05005526055481435,280.0,6.155283771821431e+19,9.880571448866853e-22,595021.5862831882,0.26961308088812075,1,1,1,1.315652607418457e+22,0.00014741300394554836,4.152604030371989e+20,4199137173311036.0
44144.14414414415,1663.1003699340408,0.050056703601400195,280.0,6.124553512436837e+19,9.876746151462912e-22,594791.2216184441,0.26901663389524494,1,1,1,1.3156501252286225e+22,0.00014741303175740673,4.1229680087229635e+20,4195003305985000.0
44244.24424424425,1660.5223662377462,0.050058184328446435,280.0,6.093976673897946e+19,9.872916404220336e-22,594560.5889783044,0.2684202767697602,1,1,1,1.3156476480070275e+22,0.00014741305951365566,4.093431160693705e+20,4190852786951993.5
44344.34434434435,1657.9443625414515,0.05005970371972121,280.0,6.063552490251064e+19,9.869082195042227e-22,594329.6876342773,0.2678240032115948,1,1,1,1.3156451757438284e+22,0.00014741308721440512,4.063993749501998e+20,4186685569741770.5
44444.444444444445,1655.3663588451568,0.05006126278466993,280.0,6.033280199366512e+19,9.865243511779927e-22,594098.5168547537,0.26722780691350423,1,1,1,1.3156427084292034e+22,0.00014741311485976484,4.034656038492598e+20,4182501607966489.5
44544.54454454455,1652.788355148862,0.05006286255908513,280.0,6.003159042919545e+19,9.861400342232702e-22,593867.0759049888,0.2666316815614618,1,1,1,1.3156402460533528e+22,0.00014741314244984423,4.005418291120823e+20,4178300855323509.0
44644.64464464465,1650.2103514525672,0.050064504105793745,280.0,5.973188266371366e+19,9.857552674147469e-22,593635.3640470852,0.26603562083505955,1,1,1,1.315637788606499e+22,0.00014741316998475253,3.9762807709356596e+20,4174083265598214.5
44744.74474474475,1647.6323477562726,0.050066188515362264,280.0,5.943367118950195e+19,9.853700495218459e-22,593403.3805399725,0.2654396184079177,1,1,1,1.315635336078886e+22,0.00014741319746459867,3.947243741562346e+20,4169848792666867.0
44844.84484484485,1645.054344059978,0.050067916906820324,280.0,5.913694853632493e+19,9.849843793086942e-22,593171.124639391,0.2648436679481046,1,1,1,1.31563288846078e+22,0.00014741322488949146,3.918307466684469e+20,4165597390499486.5
44944.944944944946,1642.4763403636832,0.0500696904284031,280.0,5.884170727124234e+19,9.845982555340873e-22,592938.5955978702,0.26424776311856707,1,1,1,1.315630445742469e+22,0.00014741325225953934,3.8894722100255326e+20,4161329013162757.5
45045.04504504505,1639.8983366673883,0.05007151025831306,280.0,5.854793999842287e+19,9.842116769514615e-22,592705.7926647124,0.2636518975775689,1,1,1,1.3156280079142636e+22,0.00014741327957485054,3.860738235329997e+20,4157043614822965.5
45145.14514514515,1637.3203329710936,0.050073377605501554,280.0,5.825563935895895e+19,9.838246423088608e-22,592472.7150859726,0.2630560649791419,1,1,1,1.3156255749664955e+22,0.00014741330683553308,3.832105806343797e+20,4152741149748962.5
45245.24524524525,1634.742329274799,0.05007529371047077,280.0,5.7964798030682276e+19,9.834371503489045e-22,592239.3621044386,0.26246025897354525,1,1,1,1.315623146889519e+22,0.00014741333404169463,3.803575186794293e+20,4148421572315157.5
45345.34534534535,1632.1643255785043,0.05007725984609657,280.0,5.767540872798055e+19,9.830491998087558e-22,592005.732959613,0.26186447320773637,1,1,1,1.3156207236737103e+22,0.00014741336119344277,3.775146640369693e+20,4144084837004539.5
45445.445445445446,1629.5863218822096,0.05007927731847272,280.0,5.738746420161485e+19,9.826607894200894e-22,591771.8268876928,0.2612687013258519,1,1,1,1.3156183053094678e+22,0.00014741338829088474,3.746820430697899e+20,4139730898411725.5
45545.54554554555,1627.0083181859147,0.05008134746777719,280.0,5.710095723853811e+19,9.822719179090594e-22,591537.6431215506,0.2606729369696991,1,1,1,1.315615891787212e+22,0.00014741341533412752,3.718596821324787e+20,4135359711246039.5
45645.64564564565,1624.43031448962,0.050083471669160946,280.0,5.681588066171448e+19,9.818825839962653e-22,591303.1808907135,0.26007717377925904,1,1,1,1.3156134830973854e+22,0.00014741344232327788,3.690476075691916e+20,4130971230334621.5
45745.74574574575,1621.8523107933254,0.050085651333659886,280.0,5.653222732993929e+19,9.814927863967197e-22,591068.4394213447,0.25948140539319897,1,1,1,1.3156110792304527e+22,0.00014741346925844237,3.662458457113629e+20,4126565410625561.5
45845.84584584585,1619.2743070970307,0.05008788790913054,280.0,5.62499901376605e+19,9.811025238198155e-22,590833.4179362229,0.25888562544939714,1,1,1,1.315608680176901e+22,0.00014741349613972722,3.634544228753579e+20,4122142207191066.0
45945.94594594595,1616.696303400736,0.050090182881210116,280.0,5.596916201480048e+19,9.807117949692904e-22,590598.115654721,0.2582898275854786,1,1,1,1.315606285927239e+22,0.00014741352296723846,3.606733653600635e+20,4117701575230654.5
46046.04604604605,1614.1182997044411,0.05009253777430155,280.0,5.568973592657895e+19,9.803205985431958e-22,590362.5317927877,0.2576940054393612,1,1,1,1.3156038964719986e+22,0.00014741354974108186,3.579026994444178e+20,4113243470074381.0
46146.14614614615,1611.5402960081465,0.05009495415258421,280.0,5.541170487333687e+19,9.7992893323386e-22,590126.6655629253,0.25709815264981467,1,1,1,1.3156015118017333e+22,0.00014741357646136296,3.551424513848779e+20,4108767847186090.5
46246.24624624625,1608.9622923118518,0.050097433621050826,280.0,5.513506189036088e+19,9.795367977278556e-22,589890.5161741696,0.2565022628570292,1,1,1,1.3155991319070187e+22,0.00014741360312818703,3.523926474128226e+20,4104274662166701.5
46346.34634634635,1606.3842886155571,0.05009997782657151,280.0,5.485980004770902e+19,9.791441907059648e-22,589654.0828320696,0.2559063297031976,1,1,1,1.3155967567784537e+22,0.00014741362974165907,3.496533137318926e+20,4099763870757519.0
46446.44644644645,1603.8062849192625,0.05010258845898541,280.0,5.458591245003707e+19,9.787511108431432e-22,589417.3647386653,0.25531034683310777,1,1,1,1.3155943864066587e+22,0.0001474136563018839,3.469244765152651e+20,4095235428843579.0
46546.54654654655,1601.2282812229676,0.05010526725222076,280.0,5.4313392236425806e+19,9.783575568084876e-22,589180.3610924685,0.25471430789474797,1,1,1,1.3155920207822771e+22,0.00014741368280896602,3.4420616190286155e+20,4090689292457021.0
46646.64664664665,1598.6502775266729,0.0501080159854441,280.0,5.404223258020922e+19,9.779635272651955e-22,588943.0710884384,0.25411820653992334,1,1,1,1.3155896598959745e+22,0.00014741370926300973,3.4149839599849026e+20,4086125417780493.0
46746.74674674675,1596.0722738303782,0.050110836484239356,280.0,5.3772426688803316e+19,9.775690208705351e-22,588705.4939179635,0.2535220364248853,1,1,1,1.315587303738439e+22,0.00014741373566411903,3.388012048669185e+20,4081543761150584.5
46846.84684684685,1593.4942701340835,0.050113730621817655,280.0,5.3503967803536155e+19,9.771740362758067e-22,588467.6287688382,0.2529257912109722,1,1,1,1.3155849523003814e+22,0.0001474137620123977,3.361146145308782e+20,4076944279061290.5
46946.94694694695,1590.9162664377889,0.050116700320258493,280.0,5.323684919947848e+19,9.76778572126304e-22,588229.47482524,0.2523294645652634,1,1,1,1.315582605572535e+22,0.00014741378830794927,3.334386509680007e+20,4072326928167507.5
47047.047047047054,1588.338262741494,0.05011974755178334,280.0,5.297106418527519e+19,9.763826270612827e-22,587991.0312677097,0.25173305016124503,1,1,1,1.315580263545656e+22,0.00014741381455087705,3.307733401076809e+20,4067691665288559.0
47147.14714714715,1585.7602590451993,0.050122874340062185,280.0,5.27066061029779e+19,9.759861997139207e-22,587752.2972731285,0.25113654167948873,1,1,1,1.3155779262105233e+22,0.00014741384074128393,3.281187078278713e+20,4063038447411752.5
47247.24724724725,1583.1822553489046,0.0501260827615542,280.0,5.244346832787788e+19,9.755892887112807e-22,587513.2720146944,0.2505399328083427,1,1,1,1.3155755935579383e+22,0.0001474138668792728,3.254747799518009e+20,4058367231695965.5
47347.34734734735,1580.60425165261,0.05012937494688317,280.0,5.218164426834037e+19,9.751918926742734e-22,587273.9546619012,0.2499432172446357,1,1,1,1.3155732655787255e+22,0.00014741389296494615,3.228415822446235e+20,4053677975475265.0
47447.44744744745,1578.0262479563153,0.050132753082248745,280.0,5.192112736563933e+19,9.747940102176214e-22,587034.3443805156,0.24934638869439466,1,1,1,1.3155709422637322e+22,0.0001474139189984062,3.202191404099903e+20,4048970636262556.0
47547.547547547554,1575.4482442600204,0.05013621941087427,280.0,5.166191109379313e+19,9.743956399498187e-22,586794.4403325537,0.2487494408735737,1,1,1,1.315568623603829e+22,0.00014741394497975495,3.176074800865477e+20,4044245171753263.5
47647.64764764765,1572.8702405637257,0.05013977623449234,280.0,5.1403988959401206e+19,9.739967804730946e-22,586554.2416762587,0.24815236750879813,1,1,1,1.3155663095899089e+22,0.00014741397090909414,3.1500662684436e+20,4039501539829044.5
47747.74774774775,1570.292236867431,0.05014342591486893,280.0,5.114735450148116e+19,9.73597430383373e-22,586313.7475660767,0.24755516233811992,1,1,1,1.3155640002128885e+22,0.00014741399678652525,3.124166061812531e+20,4034739698561531.0
47847.84784784785,1567.7142331711364,0.050147170875367096,280.0,5.089200129130716e+19,9.731975882702361e-22,586072.9571526347,0.24695781911178835,1,1,1,1.3155616954637076e+22,0.00014741402261214955,3.098374435190832e+20,4029959606216104.5
47947.94794794795,1565.1362294748417,0.050151013602551316,280.0,5.063792293224877e+19,9.72797252716884e-22,585831.8695827165,0.2463603315930322,1,1,1,1.315559395333329e+22,0.0001474140483860679,3.072691641999247e+20,4025161221255704.5
48048.048048048055,1562.5582257785468,0.05015495664783352,280.0,5.03851130596107e+19,9.723964223000933e-22,585590.4839992372,0.2457626935588568,1,1,1,1.315557099812739e+22,0.0001474140741083811,3.047117934821803e+20,4020344502344665.0
48148.14814814815,1559.980222082252,0.050159002629161814,280.0,5.013356534047346e+19,9.719950955901821e-22,585348.7995412229,0.24516489880085424,1,1,1,1.315554808892947e+22,0.00014741409977918959,3.021653565366102e+20,4015509408352587.5
48248.24824824825,1557.4022183859574,0.05016315423275314,280.0,4.988327347353466e+19,9.715932711509646e-22,585106.8153437825,0.2445669411260274,1,1,1,1.3155525225649862e+22,0.0001474141253985935,2.996298784422796e+20,4010655898358240.5
48348.34834834835,1554.8242146896628,0.05016741421487082,280.0,4.963423118895109e+19,9.71190947539715e-22,584864.530538087,0.24396881435762743,1,1,1,1.3155502408199135e+22,0.0001474141509666928,2.971053841824256e+20,4005783931653496.0
48448.44844844845,1552.246210993368,0.05017178540364834,280.0,4.938643224818183e+19,9.707881233071233e-22,584621.9442513419,0.2433705123360056,1,1,1,1.315547963648809e+22,0.00014741417648358708,2.945918986402409e+20,4000893467747294.0
48548.548548548555,1549.6682072970732,0.05017627070096039,280.0,4.913987044383182e+19,9.703847969972575e-22,584379.055606765,0.24277202891947916,1,1,1,1.315545691042777e+22,0.00014741420194937582,2.9208944659457376e+20,3995984466369643.0
48648.648648648654,1547.0902036007785,0.05018087308434251,280.0,4.8894539599496495e+19,9.69980967147521e-22,584135.8637235605,0.24217335798521095,1,1,1,1.3155434229929456e+22,0.00014741422736415808,2.895980527155449e+20,3991056887475650.5
48748.74874874875,1544.5121999044839,0.050185595608960534,280.0,4.865043356960695e+19,9.69576632288609e-22,583892.3677168926,0.2415744934301031,1,1,1,1.3155411594904666e+22,0.00014741425272803274,2.871177415600777e+20,3986110691249586.0
48848.84884884885,1541.9341962081892,0.05019044140963108,280.0,4.8407546239276e+19,9.691717909444692e-22,583648.5666978628,0.24097542917170522,1,1,1,1.315538900526516e+22,0.0001474142780410984,2.8464853756734456e+20,3981145838108976.5
48948.94894894895,1539.3561925118945,0.050195413702894535,280.0,4.816587152414509e+19,9.687664416322584e-22,583404.4597734824,0.24037615914913704,1,1,1,1.3155366460922939e+22,0.00014741430330345332,2.821904650541259e+20,3976162288708736.0
49049.049049049056,1536.7781888155996,0.05020051578914169,280.0,4.792540337023179e+19,9.683605828623e-22,583160.0460466475,0.2397766773240252,1,1,1,1.3155343961790247e+22,0.0001474143285151956,2.7974354821008268e+20,3971160003945325.0
49149.149149149154,1534.200185119305,0.05020575105479562,280.0,4.7686135753778274e+19,9.679542131380402e-22,582915.324616113,0.23917697768145418,1,1,1,1.315532150777957e+22,0.00014741435367642306,2.773078110929414e+20,3966138944960946.5
49249.24924924925,1531.6221814230103,0.05021112297455005,280.0,4.744806268110027e+19,9.675473309560065e-22,582670.294576467,0.23857705423093253,1,1,1,1.3155299098803644e+22,0.00014741437878723314,2.748832776235899e+20,3961099073147770.5
49349.34934934935,1529.0441777267156,0.05021663511366574,280.0,4.721117818843692e+19,9.671399348057615e-22,582424.9550181035,0.23797690100737276,1,1,1,1.3155276734775446e+22,0.00014741440384772307,2.724699715810854e+20,3956040350152193.0
49449.44944944945,1526.466174030421,0.05022229113032643,280.0,4.697547634180154e+19,9.667320231698601e-22,582179.3050271961,0.23737651207208688,1,1,1,1.3155254415608202e+22,0.00014741442885798982,2.7006791659757276e+20,3950962737879130.5
49549.549549549556,1523.888170334126,0.050228094778055773,280.0,4.6740951236832805e+19,9.663235945238067e-22,581933.3436856725,0.2367758815137954,1,1,1,1.3155232141215388e+22,0.00014741445381813008,2.6767713615311248e+20,3945866198496342.5
49649.649649649655,1521.3101666378313,0.05023404990819686,280.0,4.650759699864703e+19,9.65914647336007e-22,581687.0700711859,0.23617500344965234,1,1,1,1.3155209911510728e+22,0.00014741447872824022,2.652976535704192e+20,3940750694438792.0
49749.74974974975,1518.7321629415367,0.05024016047245601,280.0,4.6275407781690786e+19,9.655051800677253e-22,581440.4832570882,0.23557387202628408,1,1,1,1.3155187726408196e+22,0.0001474145035884164,2.629294920095076e+20,3935616188413035.0
49849.84984984985,1516.154159245242,0.05024643052551237,280.0,4.604437776959459e+19,9.650951911730399e-22,581193.5823124043,0.23497248142084326,1,1,1,1.315516558582202e+22,0.0001474145283987544,2.605726744622485e+20,3930462643401646.0
49949.94994994995,1513.5761555489473,0.050252864227695086,280.0,4.581450117502724e+19,9.646846790987937e-22,580946.3663018016,0.2343708258420782,1,1,1,1.3155143489666685e+22,0.0001474145531593498,2.5822722374683263e+20,3925290022667674.5
50050.05005005006,1510.9981518526524,0.05025946584772976,280.0,4.558577223955071e+19,9.642736422845503e-22,580698.8342855639,0.2337688995314159,1,1,1,1.3155121437856928e+22,0.0001474145778702979,2.5589316250214197e+20,3920098289759136.5
50150.150150150155,1508.4201481563578,0.05026623976555592,280.0,4.5358185233476076e+19,9.63862079162549e-22,580450.9853195641,0.23316669676406138,1,1,1,1.3155099430307741e+22,0.00014741460253169366,2.5357051318202968e+20,3914887408513539.5
50250.250250250254,1505.842144460063,0.05027319047521747,280.0,4.513173445571985e+19,9.634499881576534e-22,580202.8184552335,0.23256421185011103,1,1,1,1.3155077466934382e+22,0.00014741462714363174,2.512592980495055e+20,3909657343062438.0
50350.35035035035,1503.2641407637684,0.05028032258782775,280.0,4.490641423366116e+19,9.630373676873087e-22,579954.3327395358,0.2319614391356808,1,1,1,1.315505554765236e+22,0.00014741465170620656,2.4895953917083e+20,3904408057836025.0
50450.45045045045,1500.6861370674737,0.05028764083461134,280.0,4.468221892299976e+19,9.626242161614902e-22,579705.5272149362,0.23135837300405065,1,1,1,1.3155033672377455e+22,0.00014741467621951228,2.4667125840951476e+20,3899139517567757.0
50550.55055055056,1498.1081333711788,0.05029515007002449,280.0,4.445914290761453e+19,9.622105319826584e-22,579456.4009193747,0.23075500787682202,1,1,1,1.3155011841025703e+22,0.00014741470068364263,2.4439447742022943e+20,3893851687299009.5
50650.650650650656,1495.5301296748842,0.050302855274956114,280.0,4.423718059942291e+19,9.617963135457075e-22,579206.9528862343,0.23015133821509232,1,1,1,1.315499005351341e+22,0.0001474147250986912,2.421292176426159e+20,3888544532383771.0
50750.750750750754,1492.9521259785895,0.0503107615600115,280.0,4.4016326438240805e+19,9.613815592379181e-22,578957.1821443134,0.2295473585206426,1,1,1,1.3154968309757146e+22,0.00014741474946475115,2.398755002950079e+20,3883218018493364.5
50850.85085085085,1490.3741222822948,0.05031887416888086,280.0,4.379657489164331e+19,9.609662674389085e-22,578707.0877177957,0.22894306333714126,1,1,1,1.3154946609673753e+22,0.00014741477378191548,2.3763334636805843e+20,3877872111621207.0
50950.95095095095,1487.7961185860001,0.05032719848179478,280.0,4.357792045482618e+19,9.605504365205825e-22,578456.6686262195,0.22833844725136263,1,1,1,1.3154924953180339e+22,0.00014741479805027672,2.3540277661827337e+20,3872506778087600.0
51051.05105105106,1485.2181148897052,0.05033574001906888,280.0,4.336035765046793e+19,9.601340648470826e-22,578205.9238844488,0.22773350489441996,1,1,1,1.3154903340194292e+22,0.00014741482226992729,2.331838115614518e+20,3867121984544555.5
51151.151151151156,1482.6401111934106,0.05034450444473994,280.0,4.314388102859262e+19,9.597171507747358e-22,577954.8525026412,0.2271282309430139,1,1,1,1.3154881770633269e+22,0.0001474148464409591,2.3097647146603423e+20,3861717697980654.5
51251.251251251255,1480.062107497116,0.050353497570295766,280.0,4.2928485166433305e+19,9.592996926520064e-22,577703.4534862192,0.22652262012069532,1,1,1,1.3154860244415206e+22,0.0001474148705634639,2.2878077634635635e+20,3856293885725938.0
51351.35135135135,1477.4841038008212,0.050362725358501295,280.0,4.271416466829614e+19,9.588816888194401e-22,577451.7258358366,0.22591666719914297,1,1,1,1.3154838761458318e+22,0.00014741489463753306,2.2659674595581228e+20,3850850515456832.5
51451.45145145145,1474.9061001045266,0.05037219392732326,280.0,4.250091416542538e+19,9.58463137609618e-22,577199.6685473508,0.22531036699945656,1,1,1,1.3154817321681103e+22,0.00014741491866325764,2.2442439977992484e+20,3845387555201110.0
51551.55155155156,1472.3280964082317,0.05038190955395599,280.0,4.228872831586873e+19,9.580440373470977e-22,576947.2806117876,0.22470371439346382,1,1,1,1.3154795925002338e+22,0.00014741494264072848,2.2226375702932442e+20,3839904973342880.0
51651.65165165166,1469.750092711937,0.0503918786789509,280.0,4.207760180434368e+19,9.576243863483662e-22,576694.561015312,0.22409670430504272,1,1,1,1.3154774571341092e+22,0.0001474149665700359,2.2011483663263777e+20,3834402738627617.0
51751.751751751755,1467.1720890156423,0.05040210791045235,280.0,4.186752934210421e+19,9.572041829217839e-22,576441.5087391956,0.22348933171145746,1,1,1,1.3154753260616715e+22,0.00014741499045127005,2.1797765722928454e+20,3828880820167217.0
51851.851851851854,1464.5940853193476,0.050412604028542446,280.0,4.165850566680834e+19,9.567834253675311e-22,576188.1227597836,0.22288159164470997,1,1,1,1.3154731992748854e+22,0.00014741501428452077,2.1585223716218618e+20,3823339187445093.0
51951.95195195195,1462.016081623053,0.05042337398969772,280.0,4.14505255423864e+19,9.563621119775556e-22,575934.4020484635,0.22227347919290522,1,1,1,1.3154710767657447e+22,0.0001474150380698775,2.13738594470385e+20,3817777810321300.5
52052.05205205206,1459.438077926758,0.05043442493136032,280.0,4.124358375890976e+19,9.559402410355158e-22,575680.3455716308,0.22166498950163097,1,1,1,1.3154689585262728e+22,0.00014741506180742934,2.1163674688157512e+20,3812196659037698.0
52152.15215215216,1456.8600742304634,0.05044576417662678,280.0,4.103767513246042e+19,9.555178108167287e-22,575425.9522906577,0.22105611777535178,1,1,1,1.3154668445485226e+22,0.00014741508549726516,2.095467118045475e+20,3806595704223141.0
52252.252252252256,1454.2820705341687,0.050457399239057274,280.0,4.083279450500105e+19,9.550948195881111e-22,575171.2211618577,0.2204468592788169,1,1,1,1.3154647348245778e+22,0.0001474151091394733,2.0746850632154697e+20,3800974916898706.0
52352.352352352355,1451.704066837874,0.05046933782760839,280.0,4.06289367442458e+19,9.546712656081276e-22,574916.1511364542,0.21983720933848236,1,1,1,1.315462629346552e+22,0.00014741513273414203,2.054021471805464e+20,3795334268482952.5
52452.45245245245,1449.1260631415794,0.0504815878516925,280.0,4.042609674353181e+19,9.542471471267294e-22,574660.7411605438,0.21922716334394682,1,1,1,1.3154605281065895e+22,0.00014741515628135905,2.033476507874361e+20,3789673730797216.0
52552.55255255256,1446.5480594452845,0.050494157426367065,280.0,4.022426942169119e+19,9.538224623853033e-22,574404.9901750656,0.21861671674940136,1,1,1,1.3154584310968658e+22,0.00014741517978121183,2.0130503319813118e+20,3783993276070933.0
52652.65265265266,1443.9700557489898,0.05050705487765694,280.0,4.002344972292388e+19,9.533972096166096e-22,574148.8971157633,0.21800586507509243,1,1,1,1.3154563383095875e+22,0.00014741520323378738,1.992743101105985e+20,3778292876947003.5
52752.752752752756,1441.3920520526951,0.05052028874801323,280.0,3.982363261667081e+19,9.529713870447262e-22,573892.4609131524,0.21739460390879836,1,1,1,1.315454249736993e+22,0.00014741522663917254,1.9725549685680302e+20,3772572506487179.5
52852.852852852855,1438.8140483564005,0.05053386780191196,280.0,3.962481309748802e+19,9.525449928849912e-22,573635.6804924851,0.2167829289073193,1,1,1,1.3154521653713524e+22,0.00014741524999745362,1.952486083945777e+20,3766832138177493.0
52952.95295295295,1436.2360446601058,0.05054780103159617,280.0,3.942698618492122e+19,9.521180253439414e-22,573378.554773713,0.2161708357979801,1,1,1,1.3154500852049682e+22,0.00014741527330871664,1.932536592994169e+20,3761071745933715.0
53053.05305305306,1433.658040963811,0.050562097662965044,280.0,3.9230146923381015e+19,9.516904826192568e-22,573121.0826714543,0.21555832038014572,1,1,1,1.3154480092301754e+22,0.00014741529657304729,1.9127066375619527e+20,3755291304106844.5
53153.15315315316,1431.0800372675162,0.050576767161613634,280.0,3.903429038201889e+19,9.512623628996977e-22,572863.2630949557,0.21494537852675044,1,1,1,1.315445937439342e+22,0.00014741531979053078,1.8929963555081565e+20,3749490787488635.5
53253.25325325326,1428.5020335712215,0.05059181923902712,280.0,3.8839411654603506e+19,9.508336643650456e-22,572605.0949480565,0.21433200618583795,1,1,1,1.3154438698248692e+22,0.00014741534296125211,1.87340588061785e+20,3743670171317151.5
53353.353353353355,1425.9240298749269,0.05060726385893331,280.0,3.864550585939793e+19,9.504043851860423e-22,572346.5771291521,0.21371819938211503,1,1,1,1.3154418063791918e+22,0.00014741536608529576,1.8539353425172408e+20,3737829431282355.5
53453.453453453454,1423.3460261786322,0.05062311124381747,280.0,3.8452568139037245e+19,9.499745235243284e-22,572087.7085311576,0.21310395421851666,1,1,1,1.3154397470947788e+22,0.0001474153891627459,1.8345848665881087e+20,3731968543531732.0
53553.55355355356,1420.7680224823373,0.05063937188160336,280.0,3.8260593660407e+19,9.495440775323826e-22,571828.4880414701,0.2124892668777831,1,1,1,1.3154376919641336e+22,0.0001474154121936863,1.8153545738816065e+20,3726087484675941.0
53653.65365365366,1418.1900187860426,0.05065605653250487,280.0,3.8069577614522065e+19,9.491130453534571e-22,571568.9145419304,0.21187413362404875,1,1,1,1.315435640979794e+22,0.00014741543517820036,1.7962445810314635e+20,3720186231794505.5
53753.75375375376,1415.612015089748,0.05067317623605219,280.0,3.787951521640616e+19,9.486814251215168e-22,571308.9869087868,0.21125855080444167,1,1,1,1.3154335941343337e+22,0.000147415458116371,1.7772550001665956e+20,3714264762441528.5
53853.853853853856,1413.0340113934533,0.05069074231829713,280.0,3.769040170497199e+19,9.482492149611748e-22,571048.7040126554,0.21064251485069485,1,1,1,1.3154315514203613e+22,0.00014741548100828092,1.7583859388231785e+20,3708323054651443.5
53953.953953953955,1410.4560076971586,0.05070876639920182,280.0,3.750223234290199e+19,9.478164129876272e-22,570788.0647184815,0.21002602228076783,1,1,1,1.315429512830522e+22,0.00014741550385401225,1.739637499856193e+20,3702361086944799.0
54054.05405405406,1407.8780040008637,0.05072726040021549,280.0,3.731500241652965e+19,9.473830173065923e-22,570527.0678855025,0.209409069700479,1,1,1,1.3154274783574972e+22,0.00014741552665364674,1.721009781350481e+20,3696378838334070.0
54154.15415415416,1405.300000304569,0.05074623655204388,280.0,3.712870723572152e+19,9.469490260142403e-22,570265.712367206,0.208791653805148,1,1,1,1.3154254479940053e+22,0.0001474155494072658,1.7025028765313473e+20,3690376288329506.5
54254.25425425426,1402.7219966082744,0.05076570740261609,280.0,3.694334213375955e+19,9.465144371971326e-22,570003.9970112931,0.20817377138124782,1,1,1,1.3154234217328022e+22,0.00014741557211495038,1.6841168736747284e+20,3684353416945009.0
54354.35435435436,1400.1439929119797,0.05078568582525369,280.0,3.6758902467224355e+19,9.460792489321519e-22,569741.9206596359,0.20755541930806667,1,1,1,1.3154213995666813e+22,0.00014741559477678102,1.6658518560169817e+20,3678310204704037.0
54454.454454454455,1397.565989215685,0.0508061850270471,280.0,3.6575383615878746e+19,9.456434592864367e-22,569479.482148239,0.2069365945593788,1,1,1,1.3154193814884744e+22,0.00014741561739283772,1.6477079016643163e+20,3672246632645549.0
54554.55455455456,1394.9879855193901,0.050827218557444404,280.0,3.639278098255212e+19,9.45207066317314e-22,569216.6803071976,0.2063172942051244,1,1,1,1.3154173674910525e+22,0.0001474156399632003,1.6296850835019104e+20,3666162682329973.5
54654.65465465466,1392.4099818230954,0.050848800317057644,280.0,3.6211089993025294e+19,9.447700680722307e-22,568953.5139606578,0.20569751541309803,1,1,1,1.3154153575673256e+22,0.00014741566248794788,1.6117834691027583e+20,3660058335845211.0
54754.75475475476,1389.8319781268008,0.050870944566692056,280.0,3.60303060959158e+19,9.44332462588686e-22,568689.9819267745,0.20507725545064454,1,1,1,1.315413351710244e+22,0.00014741568496715922,1.59400312063627e+20,3653933575812664.0
54854.85485485486,1387.253974430506,0.05089366593660367,280.0,3.5850424762564014e+19,9.438942478941605e-22,568426.0830176693,0.20445651168636358,1,1,1,1.3154113499127976e+22,0.00014741570740091272,1.5763440947766932e+20,3647788385393300.0
54954.954954954956,1384.6759707342114,0.0509169794359908,280.0,3.5671441486919586e+19,9.434554220060488e-22,568161.81603939,0.20383528159182066,1,1,1,1.3154093521680179e+22,0.0001474157297892862,1.558806442611378e+20,3641622748293745.0
55055.05505505506,1382.0979670379165,0.0509409004627252,280.0,3.5493351785428656e+19,9.430159829315847e-22,567897.1797918658,0.20321356274326563,1,1,1,1.3154073584689775e+22,0.0001474157521323571,1.5413902095489424e+20,3635436648772405.0
55155.15515515516,1379.5199633416219,0.05096544481332863,280.0,3.531615119692155e+19,9.425759286677756e-22,567632.1730688666,0.20259135282335766,1,1,1,1.3154053688087913e+22,0.00014741577443020234,1.524095435227383e+20,3629230071645620.5
55255.25525525526,1376.9419596453272,0.05099062869320081,280.0,3.513983528250093e+19,9.421352572013275e-22,567366.7946579591,0.20196864962289543,1,1,1,1.3154033831806167e+22,0.00014741579668289833,1.5069221534221707e+20,3623003002293845.0
55355.35535535536,1374.3639559490325,0.05101646872710491,280.0,3.496439962543071e+19,9.416939665085721e-22,567101.0433404628,0.20134545104255408,1,1,1,1.3154014015776547e+22,0.00014741581889052112,1.4898703919543976e+20,3616755426667858.5
55455.455455455456,1371.7859522527378,0.051042981969916704,280.0,3.4789839831025275e+19,9.412520545553958e-22,566834.9178914063,0.20072175509462648,1,1,1,1.3153994239931497e+22,0.00014741584105314615,1.4729401725990126e+20,3610487331295007.5
55555.55555555556,1369.207948556443,0.0510701859176438,280.0,3.461615152653956e+19,9.408095192971644e-22,566568.4170794828,0.20009755990476943,1,1,1,1.3153974504203909e+22,0.0001474158631708484,1.4561315109932042e+20,3604198703285473.5
55655.65565565566,1366.6299448601483,0.051098098518721394,280.0,3.444333036105943e+19,9.40366358678651e-22,566301.5396670065,0.19947286371375395,1,1,1,1.3153954808527124e+22,0.0001474158852437024,1.4394444165449893e+20,3597889530338573.0
55755.75575575576,1364.0519411638536,0.05112673818559131,280.0,3.4271372005392663e+19,9.399225706339569e-22,566034.2844098648,0.1988476648792193,1,1,1,1.3153935152834943e+22,0.00014741590727178206,1.4228788923420484e+20,3591559800749080.5
55855.85585585586,1361.473937467559,0.05115612380657084,280.0,3.410027215196056e+19,9.394781530864411e-22,565766.650057476,0.19822196187742974,1,1,1,1.3153915537061633e+22,0.00014741592925516085,1.4064349350608862e+20,3585209503413584.5
55955.95595595596,1358.8959337712643,0.051186274758018666,280.0,3.3930026514689958e+19,9.390331039486398e-22,565498.6353527405,0.19759575330503462,1,1,1,1.3153895961141931e+22,0.0001474159511939117,1.3901125348763612e+20,3578838627836869.5
56056.05605605606,1356.3179300749694,0.051217210916804555,280.0,3.376063082890596e+19,9.385874211221908e-22,565230.2390319961,0.19696903788082973,1,1,1,1.3153876425011053e+22,0.00014741597308810697,1.373911675371649e+20,3572447164138325.0
56156.15615615616,1353.7399263786747,0.05124895267309036,280.0,3.359208085122509e+19,9.38141102497757e-22,564961.4598249708,0.19634181444752088,1,1,1,1.3153856928604704e+22,0.00014741599493781854,1.3578323334487074e+20,3566035103058384.0
56256.25625625626,1351.16192268238,0.05128152094342953,280.0,3.3424372359448916e+19,9.376941459549458e-22,564692.2964547351,0.19571408197348752,1,1,1,1.3153837471859078e+22,0.00014741601674311765,1.3418744792392906e+20,3559602435964984.0
56356.35635635636,1348.5839189860853,0.05131493718419264,280.0,3.325750115245837e+19,9.372465493622321e-22,564422.7476376554,0.19508583955454778,1,1,1,1.3153818054710876e+22,0.00014741603850407502,1.3260380760165984e+20,3553149154860060.0
56456.45645645646,1346.0059152897907,0.051349223405326674,280.0,3.3091463050108432e+19,9.367983105768754e-22,564152.8120833436,0.19445708641572187,1,1,1,1.3153798677097305e+22,0.00014741606022076085,1.3103230801076119e+20,3546675252386059.0
56556.55655655656,1343.4279115934958,0.05138440218445598,280.0,3.292625389312348e+19,9.363494274448429e-22,563882.4884946119,0.19382782191299608,1,1,1,1.315377933895609e+22,0.00014741608189324475,1.294729440806187e+20,3540180721832483.5
56656.65665665666,1340.849907897201,0.05142049668133261,280.0,3.276186954299312e+19,9.358998978007261e-22,563611.7755674216,0.19319804553508438,1,1,1,1.3153760040225482e+22,0.0001474161035215956,1.2792571002869816e+20,3533665557142462.5
56756.75675675676,1338.2719042009064,0.05145753065264456,280.0,3.2598305881868427e+19,9.354497194676581e-22,563340.6719908332,0.1925677569051877,1,1,1,1.3153740780844268e+22,0.00014741612510588186,1.26390599352027e+20,3527129752919340.0
56856.85685685686,1335.6939005046117,0.05149552846718992,280.0,3.243555881245885e+19,9.349988902572328e-22,563069.1764469587,0.19193695578275113,1,1,1,1.3153721560751774e+22,0.0001474161466461713,1.2486760481877387e+20,3520573304433297.0
56956.95695695696,1333.115896808317,0.051534515121425574,280.0,3.227362425792958e+19,9.345474079694187e-22,562797.287610909,0.19130564206521708,1,1,1,1.315370237988788e+22,0.00014741616814253108,1.2335671845993179e+20,3513996207627994.5
57057.05705705706,1330.5378931120222,0.05157451625539909,280.0,3.2112498161799352e+19,9.34095270392478e-22,562525.0041507449,0.19067381578977435,1,1,1,1.315368323819303e+22,0.00014741618959502776,1.2185793156111326e+20,3507398459127240.0
57157.15715715716,1327.9598894157275,0.051615558169072505,280.0,3.1952176487838982e+19,9.336424753028777e-22,562252.3247274247,0.19004147713510283,1,1,1,1.3153664135608232e+22,0.00014741621100372723,1.2037123465446495e+20,3500780056241680.0
57257.25725725726,1325.3818857194328,0.051657667839047114,280.0,3.1792655219970097e+19,9.331890204652067e-22,561979.2479947527,0.1894086264231118,1,1,1,1.3153645072075077e+22,0.0001474162323686947,1.1889661751070828e+20,3494140996975513.5
57357.35735735736,1322.8038820231382,0.05170087293569833,280.0,3.1633930362164613e+19,9.327349036320875e-22,561705.7725993276,0.18877526412067266,1,1,1,1.3153626047535745e+22,0.0001474162536899948,1.174340691313157e+20,3487481280033229.5
57457.45745745746,1320.2258783268435,0.05174520184072993,280.0,3.1475997938344632e+19,9.32280122544088e-22,561431.8971804882,0.18814139084134435,1,1,1,1.3153607061933016e+22,0.00014741627496769148,1.159835777408289e+20,3480800904826369.5
57557.557557557564,1317.6478746305486,0.05179068366515725,280.0,3.1318853992282784e+19,9.318246749296361e-22,561157.6203702628,0.18750700734709083,1,1,1,1.315358811521028e+22,0.0001474162962018479,1.1454513077932748e+20,3474099871480307.5
57657.65765765766,1315.069870934254,0.051837348267728914,280.0,3.116249458750324e+19,9.313685585049277e-22,560882.9407933129,0.1868721145499907,1,1,1,1.3153569207311544e+22,0.0001474163173925267,1.131187148950566e+20,3467378180841058.5
57757.75775775776,1312.4918672379592,0.05188522627379695,280.0,3.100691580718297e+19,9.309117709738374e-22,560607.8570668803,0.18623671351393653,1,1,1,1.3153550338181447e+22,0.00014741633853978964,1.1170431593722013e+20,3460635834482099.0
57857.85785785786,1309.9138635416646,0.05193434909464534,280.0,3.0852113754053722e+19,9.304543100278283e-22,560332.3678007325,0.18560080545632482,1,1,1,1.3153531507765273e+22,0.00014741635964369787,1.1030191894894969e+20,3453872834711218.5
57957.95795795796,1307.33585984537,0.05198474894728712,280.0,3.069808455030435e+19,9.2999617334586e-22,560056.471597107,0.1849643917497349,1,1,1,1.3153512716008956e+22,0.00014741638070431176,1.0891150816045605e+20,3447089184577384.5
58058.058058058064,1304.757856149075,0.052036458874740496,280.0,3.0544824337483633e+19,9.295373585942962e-22,559780.1670506559,0.18432747392359583,1,1,1,1.3153493962859093e+22,0.00014741640172169097,1.0753306698237195e+20,3440284887877629.5
58158.15815815816,1302.1798524527803,0.0520895127667943,280.0,3.0392329276403757e+19,9.290778634268108e-22,559503.4527483896,0.18369005366584149,1,1,1,1.315347524826296e+22,0.00014741642269589436,1.0616657799929507e+20,3433459949163960.5
58258.25825825826,1299.6018487564857,0.05214394538127375,280.0,3.024059554704401e+19,9.286176854842948e-22,559226.32726962,0.18305213282455143,1,1,1,1.315345657216852e+22,0.0001474164436269801,1.0481202296353807e+20,3426614373750281.5
58358.35835835836,1297.023845060191,0.05219979236581721,280.0,3.008961934845514e+19,9.28156822394759e-22,558948.7891859028,0.18241371340957804,1,1,1,1.3153437934524438e+22,0.00014741646451500552,1.0346938278909611e+20,3419748167719339.5
58458.45845845846,1294.4458413638963,0.05225709028017501,280.0,2.993939689866415e+19,9.276952717732405e-22,558670.8370609805,0.18177479759415852,1,1,1,1.315341933528009e+22,0.00014741648536002708,1.0213863754583887e+20,3412861337929687.5
58558.558558558565,1291.8678376676014,0.0523158766190416,280.0,2.978992443457949e+19,9.27233031221704e-22,558392.4694507233,0.18113538771651072,1,1,1,1.315340077438558e+22,0.0001474165061621006,1.0081976645393585e+20,3405953892022662.5
58658.65865865866,1289.2898339713067,0.05237618983543239,280.0,2.964119821189694e+19,9.267700983289443e-22,558113.6849030702,0.18049548628141293,1,1,1,1.3153382251791752e+22,0.0001474165269212809,9.951274787852414e+19,3399025838429385.0
58758.75875875876,1286.711830275012,0.05243806936461687,280.0,2.9493214505005662e+19,9.263064706704878e-22,557834.4819579702,0.17985509596176472,1,1,1,1.3153363767450197e+22,0.00014741654763762206,9.82175593246255e+19,3392077186377770.5
58858.85885885886,1284.1338265787174,0.05250155564861962,280.0,2.9345969606894944e+19,9.258421458084919e-22,557554.8591473207,0.1792142196001301,1,1,1,1.315334532131328e+22,0.00014741656831117727,9.693417743232303e+19,3385107945899559.0
58958.95895895896,1281.5558228824227,0.052566690161301215,280.0,2.919945982906134e+19,9.25377121291646e-22,557274.8149949089,0.1785728602102609,1,1,1,1.3153326913334146e+22,0.0001474165889419988,9.56625779722046e+19,3378118127837360.0
59059.059059059065,1278.9778191861278,0.052633515434030984,280.0,2.905368150141622e+19,9.249113946550673e-22,556994.3480163486,0.1779310209785994,1,1,1,1.3153308543466728e+22,0.00014741660953013818,9.44027358410817e+19,3371107743851710.5
59159.159159159164,1276.3998154898331,0.05270207508196377,280.0,2.8908630972193944e+19,9.244449634202007e-22,556713.4567190196,0.17728870526576043,1,1,1,1.3153290211665778e+22,0.0001474166300756458,9.315462505799244e+19,3364076806428152.0
59259.25925925926,1273.8218117935385,0.05277241383093327,280.0,2.8764304607860253e+19,9.239778250947136e-22,556432.1396020051,0.17664591660798984,1,1,1,1.3153271917886868e+22,0.00014741665057857136,9.191821876049566e+19,3357025328884313.0
59359.35935935936,1271.2438080972438,0.05284457754497407,280.0,2.8620698793021346e+19,9.235099771723912e-22,556150.3951560283,0.17600265871860074,1,1,1,1.3153253662086413e+22,0.00014741667103896348,9.069348920126603e+19,3349953325377011.5
59459.45945945946,1268.6658044009491,0.052918613254485374,280.0,2.8477809930333274e+19,9.230414171330328e-22,555868.2218633895,0.17535893548938541,1,1,1,1.3153235444221681e+22,0.00014741669145686988,8.948040774499682e+19,3342860810909366.5
59559.559559559566,1266.0878007046542,0.05299456918504893,280.0,2.8335634440411783e+19,9.225721424423413e-22,555585.6181979002,0.17471475099200123,1,1,1,1.3153217264250817e+22,0.0001474167118323372,8.827894486561869e+19,3335747801337922.0
59659.659659659665,1263.5097970083596,0.05307249478691423,280.0,2.8194168761742782e+19,9.221021505518197e-22,555302.5826248206,0.1740701094793317,1,1,1,1.3153199122132855e+22,0.00014741673216541124,8.708907014384286e+19,3328614313379783.5
59759.75975975976,1260.9317933120649,0.05315244076516392,280.0,2.8053409350592987e+19,9.216314388986598e-22,555019.1136007924,0.17342501538681898,1,1,1,1.3153181017827732e+22,0.0001474167524561367,8.591075226503484e+19,3321460364619761.0
59859.85985985986,1258.3537896157702,0.053234459110572556,280.0,2.7913352680921215e+19,9.211600049056335e-22,554735.2095737733,0.17277947333376928,1,1,1,1.3153162951296312e+22,0.00014741677270455717,8.474395901742814e+19,3314285973517525.0
59959.95995995997,1255.7757859194753,0.05331860313117206,280.0,2.7773995244290044e+19,9.206878459809809e-22,554450.8689829699,0.17213348812462864,1,1,1,1.3153144922500399e+22,0.0001474167929107154,8.358865729068381e+19,3307091159414771.0
60060.06006006007,1253.1977822231806,0.05340492748453701,280.0,2.763533354977794e+19,9.202149595182993e-22,554166.0902587709,0.17148706475022893,1,1,1,1.3153126931402756e+22,0.0001474168130746528,8.2444813074804e+19,3299875942542392.5
60160.160160160165,1250.619778526886,0.053493488210803554,280.0,2.7497364123891786e+19,9.1974134289643e-22,553880.8718226781,0.17084020838900213,1,1,1,1.3153108977967125e+22,0.0001474168331964099,8.131239145940532e+19,3292640344027660.0
60260.260260260264,1248.0417748305913,0.053584342766435034,280.0,2.7360083510479892e+19,9.192669934793438e-22,553595.212087239,0.17019292440816336,1,1,1,1.3153091062158246e+22,0.000147416853276026,8.019135663336022e+19,3285384385901408.0
60360.36036036036,1245.4637711342966,0.05367755005874833,280.0,2.72234882706454e+19,9.187919086160256e-22,553309.1094559755,0.16954521836486003,1,1,1,1.3153073183941873e+22,0.00014741687331353928,7.908167188481188e+19,3278108091105229.0
60460.46046046047,1242.8857674380017,0.05377317048121426,280.0,2.7087574982660153e+19,9.183160856403586e-22,553022.5623233157,0.1688970960072869,1,1,1,1.3153055343284798e+22,0.00014741689330898683,7.798329960156915e+19,3270811483498671.5
60560.56056056057,1240.307763741707,0.05387126594954587,280.0,2.695234024187897e+19,9.178395218710062e-22,552735.5690745217,0.1682485632757667,1,1,1,1.315303754015487e+22,0.00014741691326240438,7.689620127188817e+19,3263494587866445.0
60660.660660660666,1237.7297600454124,0.05397189993858839,280.0,2.6817780660654367e+19,9.17362214611294e-22,552448.1280856192,0.16759962630379352,1,1,1,1.3153019774521016e+22,0.0001474169331738267,7.582033748564507e+19,3256157429925624.0
60760.760760760764,1235.1517563491177,0.054075137520024394,280.0,2.66838928682517e+19,9.168841611490889e-22,552160.2377233243,0.16695029141903983,1,1,1,1.3153002046353255e+22,0.00014741695304328715,7.47556679359071e+19,3248800036332861.5
60860.86086086086,1232.573752652823,0.054181045400908075,280.0,2.65506735107647e+19,9.164053587566784e-22,551871.8963449711,0.16630056514432473,1,1,1,1.3152984355622735e+22,0.00014741697287081783,7.370215142090586e+19,3241422434691600.0
60960.96096096097,1229.9957489565281,0.05428969196304231,280.0,2.64181192510315e+19,9.159258046906492e-22,551583.1022984387,0.16565045419854338,1,1,1,1.315296670230174e+22,0.0001474169926564497,7.265974584641822e+19,3234024653559285.5
61061.06106106107,1227.4177452602335,0.05440114730321209,280.0,2.6286226768551006e+19,9.154454961917615e-22,551293.8539220744,0.16499996549755594,1,1,1,1.315294908636372e+22,0.0001474170124002123,7.162840822855977e+19,3226606722454585.0
61161.161161161166,1224.8397415639388,0.05451548327428808,280.0,2.6154992759399727e+19,9.149644304848279e-22,551004.1495446227,0.164349106155035,1,1,1,1.3152931507783317e+22,0.00014741703210213383,7.060809469699389e+19,3219168671864597.5
61261.261261261265,1222.2617378676441,0.054632773527213754,280.0,2.6024413936149017e+19,9.144826047785819e-22,550713.9874851445,0.1636978834832713,1,1,1,1.3152913966536377e+22,0.00014741705176224122,6.959876049856176e+19,3211710533252070.0
61361.36136136136,1219.6837341713494,0.05475309355388948,280.0,2.5894487027782717e+19,9.140000162655573e-22,550423.366052945,0.1630463049939356,1,1,1,1.3152896462599989e+22,0.00014741707138055997,6.860036000133593e+19,3204232339062609.5
61461.46146146147,1217.1057304750545,0.05487652073096705,280.0,2.5765208779615228e+19,9.135166621219545e-22,550132.2835474933,0.16239437839879642,1,1,1,1.3152878995952495e+22,0.00014741709095711416,6.761284669910064e+19,3196734122731890.5
61561.56156156157,1214.5277267787599,0.05500313436456754,280.0,2.5636575953209954e+19,9.130325395075128e-22,549840.7382583454,0.1617421116103926,1,1,1,1.3152861566573528e+22,0.0001474171104919264,6.663617321626234e+19,3189215918692864.5
61661.66166166167,1211.9497230824652,0.05513301573593577,280.0,2.5508585326298214e+19,9.125476455653784e-22,549548.7284650647,0.1610895127426592,1,1,1,1.3152844174444028e+22,0.00014741712998501792,6.567029131319131e+19,3181677762382956.0
61761.761761761765,1209.3717193861705,0.05526624814804384,280.0,2.5381233692698497e+19,9.120619774219739e-22,549256.2524371432,0.16043659011150638,1,1,1,1.3152826819546274e+22,0.00014741714943640834,6.4715151891998155e+19,3174119690251261.0
61861.861861861864,1206.7937156898759,0.05540291697315639,280.0,2.5254517862236156e+19,9.115755321868617e-22,548963.3084339201,0.15978335223534973,1,1,1,1.3152809501863908e+22,0.00014741716884611588,6.37707050027452e+19,3166541739765736.5
61961.96196196197,1204.215711993581,0.055543109701369886,280.0,2.5128434660663497e+19,9.110883069526104e-22,548669.8947045,0.1591298078355915,1,1,1,1.3152792221381965e+22,0.00014741718821415707,6.283689985009456e+19,3158943949420380.0
62062.06206206207,1201.6377082972863,0.05568691599013761,280.0,2.500298092958026e+19,9.10600298794659e-22,548376.0094876721,0.15847596583705148,1,1,1,1.31527749780869e+22,0.000147417207540547,6.1913684800393585e+19,3151326358742407.5
62162.16216216217,1199.0597046009916,0.05583442771479228,280.0,2.4878153526354498e+19,9.10111504771177e-22,548081.6510118257,0.15782183536834657,1,1,1,1.3152757771966611e+22,0.00014741722682529894,6.1001007389197025e+19,3143689008299413.0
62262.262262262266,1196.481700904697,0.05598573902007713,280.0,2.4753949324043854e+19,9.096219219229266e-22,547786.8174948671,0.1571674257622181,1,1,1,1.3152740603010478e+22,0.0001474172460684247,6.009881432922687e+19,3136031939706525.0
62362.362362362364,1193.9036972084023,0.05614094637269643,280.0,2.463036521131724e+19,9.091315472731205e-22,547491.5071441341,0.15651274655580633,1,1,1,1.3152723471209383e+22,0.00014741726526993428,5.92070515187681e+19,3128355195633550.0
62462.46246246247,1191.3256935121074,0.05630014861489564,280.0,2.4507398092376895e+19,9.086403778272827e-22,547195.7181563122,0.15585780749087055,1,1,1,1.3152706376555748e+22,0.000147417284429836,5.832566405049947e+19,3120658819812101.5
62562.56256256257,1188.7476898158127,0.05646344701908086,280.0,2.4385044886880817e+19,9.081484105731007e-22,546899.4487173454,0.15520261851395456,1,1,1,1.3152689319043563e+22,0.00014741730354813642,5.745459622075791e+19,3112942857042720.0
62662.66266266267,1186.169686119518,0.056630945343487,280.0,2.4263302529865626e+19,9.076556424802828e-22,546602.6970023504,0.15454718977649545,1,1,1,1.3152672298668416e+22,0.0001474173226248403,5.6593791539233374e+19,3105207353201972.5
62762.762762762766,1183.5916824232233,0.056802749888902854,280.0,2.4142167971669766e+19,9.071620705004124e-22,546305.4611755287,0.1538915316348768,1,1,1,1.3152655315427526e+22,0.00014741734165995063,5.574319273909267e+19,3097452355249541.5
62862.862862862865,1181.0136787269287,0.056978969556461256,280.0,2.4021638177857122e+19,9.066676915667966e-22,546007.7393900759,0.15323565465042302,1,1,1,1.3152638369319776e+22,0.00014741736065346838,5.490274178752811e+19,3089677911235297.0
62962.96296296297,1178.4356750306338,0.05715971590650125,280.0,2.390171012914101e+19,9.06172502594319e-22,545709.5297880924,0.15257956958933597,1,1,1,1.3152621460345751e+22,0.00014741737960539283,5.407237989672766e+19,3081884070306349.0
63063.06306306307,1175.857671334339,0.05734510321850857,280.0,2.3782380821308527e+19,9.05676500479288e-22,545410.8305004927,0.1519232874225719,1,1,1,1.3152604588507765e+22,0.00014741739851572116,5.325204753526254e+19,3074070882714084.0
63163.16316316317,1173.2796676380444,0.05753524855214008,280.0,2.3663647265145307e+19,9.051796820992836e-22,545111.6396469122,0.1512668193256581,1,1,1,1.3152587753809898e+22,0.0001474174173844486,5.244168443988677e+19,3066238399821177.0
63263.26326326327,1170.7016639417498,0.05773027180933639,280.0,2.3545506486360654e+19,9.046820443130032e-22,544811.9553356157,0.1506101766784486,1,1,1,1.3152570956258036e+22,0.00014741743621156836,5.164122962774456e+19,3058386674108588.0
63363.363363363365,1168.123660245455,0.05793029579752629,280.0,2.3427955525512995e+19,9.041835839601055e-22,544511.7756634019,0.14995337106481818,1,1,1,1.3152554195859899e+22,0.0001474174549970717,5.085062140897898e+19,3050515759182534.0
63463.46346346347,1165.5456565491602,0.05813544629392539,280.0,2.3310991437935796e+19,9.036842978610516e-22,544211.0987155092,0.14929641427229373,1,1,1,1.3152537472625088e+22,0.00014741747374094765,5.006979739973589e+19,3042625709781435.5
63563.56356356357,1162.9676528528655,0.058345852110930185,280.0,2.319461129366376e+19,9.031841828169483e-22,543909.9225655198,0.14863931829162216,1,1,1,1.3152520786565115e+22,0.00014741749244318308,4.929869453555679e+19,3034716581782845.0
63663.66366366367,1160.3896491565708,0.058561645162607465,280.0,2.3078812177359446e+19,9.026832356093846e-22,543608.2452752626,0.14798209531627438,1,1,1,1.3152504137693446e+22,0.00014741751110376278,4.853724908515237e+19,3026788432210341.0
63763.76376376377,1157.8116454602762,0.058782960532277814,280.0,2.2963591188240237e+19,9.021814530002699e-22,543306.0648947149,0.14732475774188447,1,1,1,1.3152487526025533e+22,0.0001474175297226692,4.778539666455033e+19,3018841319240403.5
63863.863863863866,1155.2336417639815,0.05900993654119019,280.0,2.284894544000568e+19,9.0167883173167e-22,543003.3794619039,0.14666731816562353,1,1,1,1.3152470951578862e+22,0.00014741754829988263,4.704307225160833e+19,3010875302209256.0
63963.96396396397,1152.6556380676866,0.05924271481828358,280.0,2.2734872060765176e+19,9.011753685256403e-22,542700.1870028065,0.14600978938550732,1,1,1,1.3152454414372994e+22,0.00014741756683538093,4.631021020088366e+19,3002890441619680.0
64064.06406406407,1150.077634371392,0.05948144037102933,280.0,2.2621368192966046e+19,9.006710600840578e-22,542396.4855312476,0.14535218439963712,1,1,1,1.3152437914429597e+22,0.00014741758532913968,4.5586744258850824e+19,2994886799147801.0
64164.16416416417,1147.4996306750973,0.059726261657346943,280.0,2.250843099332194e+19,9.001659030884513e-22,542092.2730487982,0.14469451640537342,1,1,1,1.3152421451772497e+22,0.00014741760378113195,4.487260757945656e+19,2986864437649837.5
64264.26426426427,1144.9216269788026,0.05997733065858327,280.0,2.2396057632741618e+19,8.996598941998302e-22,541787.5475446724,0.14403679879844172,1,1,1,1.3152405026427715e+22,0.00014741762219132846,4.416773274000333e+19,2978823421168822.5
64364.364364364366,1142.343623282508,0.060234802953543935,280.0,2.2284245296258077e+19,8.991530300585108e-22,541482.3069956223,0.14337904517196967,1,1,1,1.3152388638423518e+22,0.00014741764055969727,4.347205175735003e+19,2970763814941287.5
64464.46446446447,1139.765619586213,0.06049883779356331,280.0,2.2172991182958055e+19,8.986453072839412e-22,541176.5493658335,0.14272126931545548,1,1,1,1.3152372287790457e+22,0.00014741765888620403,4.278549610441916e+19,2962685685403909.5
64564.56456456457,1137.1876158899183,0.06076959817859684,280.0,2.2062292505911833e+19,8.981367224745246e-22,540870.2726068174,0.1420634852136669,1,1,1,1.3152355974561411e+22,0.00014741767717081175,4.2107996726999515e+19,2954589100200128.0
64664.66466466467,1134.6096121936237,0.06104725093431825,280.0,2.1952146492103455e+19,8.976272722074392e-22,540563.4746573038,0.1414057070454701,1,1,1,1.315233969877164e+22,0.00014741769541348068,4.143948406083181e+19,2946474128186711.5
64764.76476476477,1132.031608497329,0.06133196679020015,280.0,2.1842550382361235e+19,8.97116953038457e-22,540256.1534431312,0.1407479491825883,1,1,1,1.3152323460458827e+22,0.0001474177136141684,4.077988804896613e+19,2938340839440296.0
64864.86486486487,1129.4536048010343,0.061623920458555206,280.0,2.1733501431288672e+19,8.96605761501763e-22,539948.3068771382,0.14009022618828987,1,1,1,1.3152307259663125e+22,0.00014741773177282978,4.012913815937804e+19,2930189305263875.5
64964.96496496497,1126.8756011047394,0.061923290714511726,280.0,2.1624996907195646e+19,8.960936941097673e-22,539639.9328590502,0.13943255281600525,1,1,1,1.315229109642721e+22,0.00014741774988941676,3.948716340283072e+19,2922019598193252.0
65065.06506506507,1124.2975974084447,0.062230260476894284,280.0,2.151703409203e+19,8.955807473529214e-22,539331.0292753691,0.13877494400787238,1,1,1,1.3152274970796324e+22,0.00014741776796387853,3.885389235097019e+19,2913831792003444.0
65165.16516516517,1121.71959371215,0.06254501688997777,280.0,2.1409610281309467e+19,8.950669176995262e-22,539021.5939992571,0.13811741489321053,1,1,1,1.3152258882818328e+22,0.00014741778599616122,3.8229253154639544e+19,2905625961715042.5
65265.26526526527,1119.1415900158554,0.06286775140607888,280.0,2.1302722784053903e+19,8.945522015955425e-22,538711.6248904227,0.13745998078692226,1,1,1,1.3152242832543754e+22,0.00014741780398620801,3.761317356239916e+19,2897402183600528.5
65365.36536536537,1116.5635863195607,0.06319865986894643,280.0,2.119636892271788e+19,8.940365954643975e-22,538401.119795005,0.1368026571878233,1,1,1,1.3152226820025859e+22,0.0001474178219339591,3.700558093923838e+19,2889160535190536.5
65465.46546546547,1113.9855826232658,0.063537942597908,280.0,2.1090546033123627e+19,8.935200957067891e-22,538090.0765454546,0.13614545977689982,1,1,1,1.3152210845320666e+22,0.0001474178398393515,3.6406402285464375e+19,2880901095280070.0
65565.56556556557,1111.4075789269712,0.06388580447272627,280.0,2.098525146439428e+19,8.930026987004908e-22,537778.492960417,0.13548840441549384,1,1,1,1.3152194908487032e+22,0.000147417857702319,3.5815564255754043e+19,2872623943934669.5
65665.66566566567,1108.8295752306765,0.0642424550191151,280.0,2.088048257888748e+19,8.924844008001478e-22,537466.3668446095,0.13483150714341532,1,1,1,1.3152179009586691e+22,0.00014741787552279237,3.5232993178353463e+19,2864329162496519.0
65765.76576576577,1106.2515715343818,0.06460810849486037,280.0,2.0776236752129286e+19,8.919651983370792e-22,537153.695988702,0.1341747841769822,1,1,1,1.3152163148684316e+22,0.00014741789330069885,3.465861507441084e+19,2856016833590506.5
65865.86586586587,1103.6735678380871,0.06498298397648651,280.0,2.0672511372748472e+19,8.914450876190722e-22,536840.4781691933,0.13351825190698777,1,1,1,1.3152147325847572e+22,0.0001474179110359624,3.409235567742724e+19,2847687041130225.5
65965.96596596597,1101.0955641417925,0.06536730544640537,280.0,2.0569303842411065e+19,8.909240649301757e-22,536526.7111482866,0.13286192689659515,1,1,1,1.3152131541147167e+22,0.00014741792872850372,3.3534140452810093e+19,2839339870323919.0
66066.06606606607,1098.5175604454978,0.06576130188047843,280.0,2.046661157575528e+19,8.904021265304922e-22,536212.3926737641,0.13220582587915958,1,1,1,1.3152115794656918e+22,0.00014741794637823977,3.2983894617514074e+19,2830975407680365.0
66166.16616616616,1095.9395567492031,0.06616520733591881,280.0,2.036443200032677e+19,8.898792686559665e-22,535897.5204788601,0.13154996575597797,1,1,1,1.3152100086453807e+22,0.0001474179639850842,3.244154315975394e+19,2822593741014701.0
66266.26626626628,1093.361553052908,0.06657926103945415,280.0,2.0262762556514116e+19,8.893554875181737e-22,535582.0922821333,0.13089436359396636,1,1,1,1.3152084416618033e+22,0.00014741798154894689,3.190701085877368e+19,2814194959454186.5
66366.36636636638,1090.7835493566133,0.067003707475665,280.0,2.016160069748484e+19,8.888307793040998e-22,535266.1057873341,0.13023903662326555,1,1,1,1.315206878523308e+22,0.0001474179990697341,3.138022230465689e+19,2805779153443906.5
66466.46646646647,1088.2055456603186,0.06743879647540958,280.0,2.006094388912147e+19,8.88305140175929e-22,534949.5586832771,0.129584002234774,1,1,1,1.315205319238577e+22,0.00014741801654734836,3.086110191816165e+19,2797346414752398.0
66566.56656656657,1085.627541964024,0.06788478330423657,280.0,1.9960789609958138e+19,8.877785662708191e-22,534632.4486437057,0.12892927797761017,1,1,1,1.3152037638166335e+22,0.00014741803398168836,3.0349573970565788e+19,2788896836477222.0
66666.66666666667,1083.0495382677293,0.06834192875068394,280.0,1.986113535111738e+19,8.8725105370068e-22,534314.7733271586,0.12827488155650285,1,1,1,1.3152022122668463e+22,0.0001474180513726489,2.9845562603505926e+19,2780430513050461.5
66766.76676676677,1080.4715345714346,0.06881049921435403,280.0,1.976197861624733e+19,8.867225985519479e-22,533996.530376834,0.1276208308291113,1,1,1,1.3152006645989375e+22,0.00014741806872012084,2.934899184879512e+19,2771947540244148.5
66866.86686686687,1077.89353087514,0.06929076679364785,280.0,1.966331692145914e+19,8.86193196885356e-22,533677.7174204511,0.12696714380327423,1,1,1,1.3151991208229877e+22,0.00014741808602399103,2.8859785648203706e+19,2763448015175620.0
66966.96696696697,1075.3155271788453,0.06978300937303498,280.0,1.9565147795264782e+19,8.856628447357063e-22,533358.3320701135,0.12631383863418916,1,1,1,1.315197580949443e+22,0.00014741810328414227,2.837786787318794e+19,2754932036312802.0
67067.06706706707,1072.7375234825506,0.0702875107097278,280.0,1.9467468778515153e+19,8.851315381116345e-22,533038.3719221666,0.12566093362152225,1,1,1,1.3151960449891214e+22,0.00014741812050045303,2.790316234455123e+19,2746399703479415.0
67167.16716716716,1070.159519786256,0.07080456051962042,280.0,1.9370277424338436e+19,8.845992729953745e-22,532717.8345570564,0.1250084472064491,1,1,1,1.3151945129532192e+22,0.0001474181376727977,2.7435592852022927e+19,2737851117860105.5
67267.26726726728,1067.5815160899608,0.07133445456234559,280.0,1.92735712980788e+19,8.840660453425182e-22,532396.717539185,0.12435639796862698,1,1,1,1.3151929848533174e+22,0.00014741815480104627,2.6975083173739647e+19,2729286382005495.5
67367.36736736738,1065.0035123936661,0.07187749472529285,280.0,1.917734797723551e+19,8.835318510817774e-22,532075.0184167665,0.12370480462310025,1,1,1,1.3151914607013886e+22,0.00014741817188506444,2.6521557095614886e+19,2720705599837158.0
67467.46746746748,1062.4255086973715,0.07243398910642497,280.0,1.9081605051402093e+19,8.82996686114735e-22,531752.734721678,0.12305368601713722,1,1,1,1.3151899405098034e+22,0.00014741818892471332,2.6074938430581346e+19,2712108876652498.0
67567.56756756757,1059.8475050010768,0.0730042520957175,280.0,1.898634012220607e+19,8.82460546315603e-22,531429.8639693131,0.122403061127002,1,1,1,1.3151884242913375e+22,0.00014741820591984952,2.563515103769314e+19,2703496319129562.5
67667.66766766767,1057.2695013047821,0.0735886044550394,280.0,1.8891550803248816e+19,8.819234275309677e-22,531106.403658429,0.12175294905466058,1,1,1,1.315186912059178e+22,0.0001474182228703251,2.520211884107277e+19,2694868035331756.5
67767.76776776777,1054.6914976084875,0.07418737339628217,280.0,1.879723472004582e+19,8.81385325579541e-22,530782.3512709967,0.12110336902442162,1,1,1,1.3151854038269303e+22,0.00014741823977598744,2.477576584868962e+19,2686224134712475.0
67867.86786786787,1052.1134939121928,0.07480089265753442,280.0,1.870338950996719e+19,8.808462362519015e-22,530457.7042720449,0.12045434037951436,1,1,1,1.3151838996086254e+22,0.00014741825663667897,2.4356016170956403e+19,2677564728119643.0
67967.96796796797,1049.535490215898,0.07542950257708936,280.0,1.861001282217845e+19,8.80306155310238e-22,530132.4601095053,0.1198058825786027,1,1,1,1.3151823994187262e+22,0.0001474182734522375,2.394279403913049e+19,2668889927800165.5
68068.06806806807,1046.9574865196034,0.07607355016506137,280.0,1.851710231758168e+19,8.797650784880866e-22,529806.6162140549,0.1191580151922382,1,1,1,1.3151809032721346e+22,0.0001474182902224958,2.3536023823507255e+19,2660199847404284.5
68168.16816816817,1044.3794828233088,0.07673338917237722,280.0,1.8424655668756916e+19,8.79223001490065e-22,529480.1699989552,0.11851075789925168,1,1,1,1.3151794111841988e+22,0.00014741830694728163,2.313563005139305e+19,2651494601989840.0
68268.26826826828,1041.8014791270136,0.07740938015689619,280.0,1.8332670559903783e+19,8.78679919991608e-22,529153.1188598938,0.11786413048308474,1,1,1,1.3151779231707196e+22,0.00014741832362641773,2.274153742484562e+19,2642774308026433.5
68368.36836836838,1039.223475430719,0.07810189054640097,280.0,1.8241144686783638e+19,8.781358296386913e-22,528825.4601748175,0.11721815282806367,1,1,1,1.3151764392479579e+22,0.00014741834025972173,2.2353670838170632e+19,2634039083399499.0
68468.46846846848,1036.6454717344243,0.0788112946981919,280.0,1.8150075756661676e+19,8.775907260475633e-22,528497.1913037706,0.1165728449156142,1,1,1,1.3151749594326411e+22,0.00014741835684700587,2.19719553951621e+19,2625289047414259.0
68568.56856856857,1034.0674680381296,0.07953797395500053,280.0,1.805946148824961e+19,8.770446048044612e-22,528168.3095887249,0.11592822682042096,1,1,1,1.3151734837419709e+22,0.0001474183733880772,2.1596316426076963e+19,2616524320799593.5
68668.66866866867,1031.489464341835,0.08028231669693078,280.0,1.7969299611648455e+19,8.76497461465335e-22,527838.8123534122,0.11528431870653144,1,1,1,1.3151720121936294e+22,0.00014741838988273733,2.122667950433249e+19,2607745025711795.5
68768.76876876877,1028.9114606455403,0.08104471838911972,280.0,1.7879587868291723e+19,8.759492915555612e-22,527508.6969031527,0.114641140823406,1,1,1,1.3151705448057867e+22,0.00014741840633078243,2.086297046291673e+19,2598951285738221.5
68868.86886886887,1026.3334569492456,0.08182558162479914,280.0,1.7790324010888813e+19,8.754000905696559e-22,527177.9605246823,0.11399871350191544,1,1,1,1.3151690815971074e+22,0.00014741842273200312,2.050511541050239e+19,2590143225900835.0
68968.96896896897,1023.7554532529509,0.08262531616342444,280.0,1.7701505803368724e+19,8.748498539709833e-22,526846.6004859764,0.11335705715028735,1,1,1,1.3151676225867578e+22,0.00014741843908618442,2.0153040747254915e+19,2581320972659638.5
69069.06906906907,1021.1774495566563,0.08344433896352507,280.0,1.761313102082405e+19,8.742985771914623e-22,526514.614036074,0.11271619225000248,1,1,1,1.3151661677944123e+22,0.00014741845539310557,1.9806673180326093e+19,2572484653915994.0
69169.16916916918,1018.5994458603611,0.08428307420991643,280.0,1.7525197449455219e+19,8.737462556312668e-22,526181.9984048965,0.1120761393516431,1,1,1,1.3151647172402606e+22,0.00014741847165254012,1.946593973902486e+19,2563634399015825.5
69269.26926926928,1016.0214421640665,0.08514195333489849,280.0,1.743770288651508e+19,8.731928846585262e-22,525848.7508030678,0.1114369190706944,1,1,1,1.3151632709450149e+22,0.0001474184878642557,1.9130767789657805e+19,2554770338752715.0
69369.36936936938,1013.4434384677718,0.08602141503305608,280.0,1.7350645140253676e+19,8.72638459609019e-22,525514.8684217297,0.1107985520833003,1,1,1,1.3151618289299152e+22,0.0001474185040280141,1.8801085050031362e+19,2545892605370864.0
69469.46946946948,1010.8654347714771,0.0869219052692555,280.0,1.7264022029863375e+19,8.720829757858632e-22,525180.3484323552,0.11016105912197591,1,1,1,1.3151603912167374e+22,0.00014741852014357105,1.8476819603609825e+19,2537001332567949.5
69569.56956956958,1008.2874310751824,0.08784387727942405,280.0,1.7177831385424237e+19,8.715264284592052e-22,524845.1879865618,0.10952446097127762,1,1,1,1.315158957827799e+22,0.00014741853621067617,1.8157899913322084e+19,2528096655497851.0
69669.66966966967,1005.7094273788878,0.08878779156368136,280.0,1.709207104784962e+19,8.709688128659025e-22,524509.3842159192,0.10888877846343276,1,1,1,1.3151575287859654e+22,0.00014741855222907306,1.7844254835011566e+19,2519178710773253.0
69769.76976976977,1003.1314236825931,0.08975411587137791,280.0,1.700673886883215e+19,8.704101242092035e-22,524172.93423175806,0.10825403247393052,1,1,1,1.315156104114657e+22,0.0001474185681984989,1.7535813630523894e+19,2510247636468123.0
69869.86986986987,1000.5534199862984,0.09074332517758252,280.0,1.6921832710789872e+19,8.69850357658424e-22,523835.83512497385,0.10762024391707557,1,1,1,1.3151546838378546e+22,0.00014741858411868486,1.7232505980427428e+19,2501303572120059.0
69969.96996996997,997.9754162900037,0.09175590165054581,280.0,1.6837350446812713e+19,8.69289508348617e-22,523498.0839658286,0.10698743374150654,1,1,1,1.3151532679801059e+22,0.00014741859998935547,1.6934261996362246e+19,2492346658732507.5
70070.07007007007,995.3974125937091,0.09279233460965283,280.0,1.6753289960609196e+19,8.687275713802435e-22,523159.6778037527,0.1063556229256808,1,1,1,1.3151518565665312e+22,0.00014741861581022905,1.6641012233013662e+19,2483377038776848.5
70170.17017017018,992.819408897414,0.09385312047336462,280.0,1.6669649146453426e+19,8.681645418188325e-22,522820.6136671399,0.10572483247332758,1,1,1,1.3151504496228292e+22,0.00014741863158101737,1.6352687699706782e+19,2474394856194345.0
70270.27027027028,990.2414052011193,0.09493876269663389,280.0,1.6586425909132366e+19,8.676004146946451e-22,522480.8885631452,0.10509508340887129,1,1,1,1.3151490471752825e+22,0.00014741864730142559,1.6069219871619406e+19,2465400256397960.5
70370.37037037038,987.6634015048246,0.09604977169726953,280.0,1.6503618163893318e+19,8.670351850023252e-22,522140.49947747437,0.10446639677282629,1,1,1,1.315147649250763e+22,0.00014741866297115236,1.5790540700610128e+19,2456393386274027.5
70470.47047047048,985.0853978085299,0.09718666477070709,280.0,1.6421223836391707e+19,8.664688477005535e-22,521799.4433741756,0.10383879361716632,1,1,1,1.3151462558767369e+22,0.0001474186785898896,1.5516582625660455e+19,2447374394183785.0
70570.57057057058,982.5073941122353,0.09834996599263512,280.0,1.6339240862639135e+19,8.659013977116932e-22,521457.7171954263,0.10321229500066909,1,1,1,1.3151448670812701e+22,0.00014741869415732254,1.5247278582928767e+19,2438343429964768.0
70670.67067067068,979.9293904159406,0.0995402061089121,280.0,1.6257667188951677e+19,8.653328299214325e-22,521115.3178613177,0.10258692198423913,1,1,1,1.3151434828930324e+22,0.00014741870967312963,1.4982562015415222e+19,2429300644932051.5
70770.77077077077,977.3513867196459,0.100757922412199,280.0,1.6176500771898397e+19,8.647631391784225e-22,520772.24226963666,0.1019626956262099,1,1,1,1.3151421033413018e+22,0.00014741872513698251,1.4722366882236928e+19,2420246191879350.5
70870.87087087087,974.7733830233512,0.1020036586047215,280.0,1.6095739578250213e+19,8.641923202939103e-22,520428.487295645,0.10133963697762817,1,1,1,1.3151407284559693e+22,0.00014741874054854595,1.446662766751314e+19,2411180225079966.5
70970.97097097097,972.1953793270566,0.10327796464656692,280.0,1.601538158492894e+19,8.636203680413672e-22,520084.0497918552,0.1007177670775218,1,1,1,1.3151393582675422e+22,0.0001474187559074778,1.4215279388860674e+19,2402102900287584.0
71071.07107107107,969.6173756307619,0.1045813965889113,280.0,1.5935424778956605e+19,8.630472771561144e-22,519738.92658780544,0.1000971069481535,1,1,1,1.3151379928071476e+22,0.0001474187712134289,1.396825760550018e+19,2393014374736914.0
71171.17117117118,967.0393719344668,0.10591451639156575,280.0,1.5855867157405032e+19,8.624730423349395e-22,519393.1144898283,0.09947767759026252,1,1,1,1.3151366321065358e+22,0.00014741878646604327,1.3725498425974241e+19,2383914807144180.0
71271.27127127128,964.4613682381721,0.10727789172422242,280.0,1.577670672734567e+19,8.618976582357136e-22,519046.61028082046,0.09885949997829654,1,1,1,1.315135276198083e+22,0.00014741880166495777,1.3486938515478948e+19,2374804357707451.5
71371.37137137138,961.8833645418774,0.10867209575078038,280.0,1.5697941505799664e+19,8.613211194769994e-22,518699.4107200064,0.09824259505563486,1,1,1,1.315133925114794e+22,0.0001474188168098022,1.3252515102810241e+19,2365683188106804.0
71471.47147147148,959.3053608455828,0.11009770689611982,280.0,1.5619569519688174e+19,8.607434206376556e-22,518351.51254270034,0.09762698372980691,1,1,1,1.3151325788903037e+22,0.00014741883190019943,1.3022165986927895e+19,2356551461504332.0
71571.57157157158,956.7273571492881,0.11155530859469862,280.0,1.5541588805782966e+19,8.601645562564372e-22,518002.9124600655,0.09701268686770627,1,1,1,1.3151312375588789e+22,0.0001474188469357651,1.2795829543139189e+19,2347409342543988.5
71671.67167167168,954.1493534529934,0.11304548902034058,280.0,1.5463997410657229e+19,8.595845208315893e-22,517653.6071588696,0.09639972529080343,1,1,1,1.3151299011554199e+22,0.0001474188619161079,1.2573444728905363e+19,2338256997351260.0
71771.77177177178,951.5713497566987,0.11456884079658666,280.0,1.5386793390636618e+19,8.590033088204365e-22,517303.59330123727,0.0957881197703593,1,1,1,1.3151285697154604e+22,0.00014741887684082918,1.2354951089274081e+19,2329094593532673.5
71871.87187187187,948.9933460604041,0.11612596068698408,280.0,1.53099748117506e+19,8.584209146389657e-22,516952.86752439913,0.09517789102264138,1,1,1,1.3151272432751683e+22,0.00014741889170952349,1.2140288761941443e+19,2319922300175131.5
71971.97197197197,946.4153423641094,0.11771744926469353,280.0,1.5233539749683993e+19,8.57837332661407e-22,516601.4264404393,0.09456905970414481,1,1,1,1.3151259218713451e+22,0.00014741890652177804,1.1929398481947453e+19,2310740287845073.0
72072.07207207207,943.8373386678147,0.11934391056080211,280.0,1.5157486289728752e+19,8.572525572198036e-22,516249.2666360363,0.09396164640682067,1,1,1,1.3151246055414247e+22,0.000147418921277173,1.1722221586009113e+19,2301548728587462.0
72172.17217217218,941.2593349715196,0.12100595169074034,280.0,1.508181252673601e+19,8.566665826035815e-22,515896.384672204,0.0933556716533134,1,1,1,1.3151232943234728e+22,0.00014741893597528154,1.1518700016495542e+19,2292347795924594.0
72272.27227227228,938.6813312752249,0.12270418245821176,280.0,1.5006516565068376e+19,8.560794030591112e-22,515542.7770840276,0.09275115589221028,1,1,1,1.3151219882561836e+22,0.00014741895061566975,1.1318776325050102e+19,2283137664854732.0
72372.37237237238,936.1033275789302,0.1244392149360656,280.0,1.4931596518552414e+19,8.554910127892621e-22,515188.4403803956,0.09214811949330333,1,1,1,1.3151206873788781e+22,0.00014741896519789656,1.1122393675863986e+19,2273918511850545.0
72472.47247247248,933.5253238826356,0.12621166302355152,280.0,1.4857050510431412e+19,8.549014059529555e-22,514833.37104373006,0.09154658274286841,1,1,1,1.3151193917315002e+22,0.00014741897972151414,1.0929495848607175e+19,2264690514857378.0
72572.57257257258,930.9473201863409,0.12802214197942574,280.0,1.478287667331837e+19,8.543105766647052e-22,514477.5655297103,0.09094656583896127,1,1,1,1.315118101354613e+22,0.00014741899418606755,1.0740027241021729e+19,2255453853291328.5
72672.67267267268,928.3693164900462,0.1298712679303989,280.0,1.4709073149149227e+19,8.537185189941599e-22,514121.0202669974,0.09034808888673436,1,1,1,1.3151168162893935e+22,0.00014741900859109505,1.0553932871183284e+19,2246208708037135.8
72772.77277277278,925.7913127937516,0.13175965735444328,280.0,1.4635638089136288e+19,8.531252269656333e-22,513763.73165695096,0.08975117189377564,1,1,1,1.3151155365776275e+22,0.000147419022936128,1.0371158379436605e+19,2236955261445879.5
72872.87287287287,923.2133090974569,0.1336879265385122,280.0,1.4562569653721948e+19,8.525306945576307e-22,513405.69607334404,0.08915583476547191,1,1,1,1.3151142622617034e+22,0.00014741903722069108,1.0191650030011255e+19,2227693697332486.0
72972.97297297297,920.6353054011622,0.13565669101025613,280.0,1.4489866012532597e+19,8.519349157023681e-22,513046.90986207384,0.08856209730039877,1,1,1,1.3151129933846046e+22,0.0001474190514443023,1.0015354712323617e+19,2218424200973040.0
73073.07307307307,918.0573017048675,0.13766656494336346,280.0,1.4417525344332757e+19,8.513378842852869e-22,512687.3693408692,0.0879699791857392,1,1,1,1.3151117299899022e+22,0.000147419065606473,9.842219941971665e+18,2209146959101900.0
73173.17317317319,915.4792980085724,0.13971816053619474,280.0,1.4345545836979468e+19,8.507395941445598e-22,512327.070798993,0.08737949999273302,1,1,1,1.3151104721217456e+22,0.0001474190797067081,9.672193861429015e+18,2199862159908611.8
73273.27327327328,912.9012943122777,0.14181208736342746,280.0,1.4273925687376916e+19,8.501400390705914e-22,511966.01049694157,0.08679067917215952,1,1,1,1.3151092198248536e+22,0.00014741909374450614,9.505225240445055e+18,2190569993034628.5
73373.37337337338,910.3232906159831,0.14394895170048588,280.0,1.420266310143122e+19,8.495392128055121e-22,511604.18466614,0.08620353604985442,1,1,1,1.315107973144503e+22,0.00014741910771935934,9.341263476157602e+18,2181270649569814.2
73473.47347347348,907.7452869196884,0.14612935582057687,280.0,1.4131756294005527e+19,8.489371090426645e-22,511241.58950863243,0.08561808982226463,1,1,1,1.3151067321265176e+22,0.00014741912163075392,9.180258592925471e+18,2171964322048755.2
73573.57357357358,905.1672832233937,0.14835389726422563,280.0,1.4061203488875276e+19,8.483337214260842e-22,510878.22119676985,0.08503435955204171,1,1,1,1.3151054968172558e+22,0.00014741913547816998,9.022161241887577e+18,2162651204446857.0
73673.67367367368,902.589279527099,0.15062316808126452,280.0,1.3991002918683718e+19,8.477290435499698e-22,510514.07587289065,0.08445236416367653,1,1,1,1.3151042672635968e+22,0.00014741914926108174,8.86692270025581e+18,2153331492176233.2
73773.77377377378,900.0112758308044,0.15293775404530155,280.0,1.3921152824897612e+19,8.471230689581528e-22,510149.1496490014,0.08387212243917716,1,1,1,1.3151030435129263e+22,0.00014741916297895792,8.714494870348778e+18,2144005382081382.8
73873.87387387388,897.4332721345097,0.15529823384077113,280.0,1.385165145776322e+19,8.465157911435523e-22,509783.4386064487,0.08329365301379162,1,1,1,1.3151018256131206e+22,0.00014741917663126162,8.564830278373656e+18,2134673072434653.0
73973.97397397397,894.855268438215,0.15770517822275176,280.0,1.3782497076262439e+19,8.459072035476281e-22,509416.9387955895,0.08271697437177797,1,1,1,1.3151006136125306e+22,0.00014741919021745063,8.417882072963351e+18,2125334762931488.2
74074.07407407407,892.2772647419204,0.16015914914981863,280.0,1.3713687948069204e+19,8.452972995598236e-22,509049.6462354557,0.08214210484222305,1,1,1,1.3150994075599633e+22,0.00014741920373697763,8.273604023476302e+18,2115990654685458.8
74174.17417417419,889.6992610456252,0.1626606988902945,280.0,1.3645222349506079e+19,8.446860725170003e-22,508681.55691341386,0.08156906259491213,1,1,1,1.3150982075046636e+22,0.00014741921718929038,8.131950518066179e+18,2106640950223069.5
74274.27427427428,887.1212573493306,0.16521036910235212,280.0,1.3577098565501114e+19,8.440735157028683e-22,508312.666784822,0.08099786563625185,1,1,1,1.3150970134962937e+22,0.00014741923057383203,7.992876561528928e+18,2097285853478354.0
74374.37437437438,884.5432536530359,0.16780868988853354,280.0,1.350931488954483e+19,8.434596223474043e-22,507942.97177267895,0.08042853180524626,1,1,1,1.3150958255849123e+22,0.00014741924389004117,7.856337772934189e+18,2087925569787229.5
74474.47447447448,881.9652499567412,0.1704561788253418,280.0,1.3441869623647517e+19,8.428443856262653e-22,507572.4677672717,0.07986107876953086,1,1,1,1.3150946438209524e+22,0.0001474192571373523,7.722290383048797e+18,2078560305881640.5
74574.57457457458,879.3872462604465,0.17315333996868612,280.0,1.3374761078296666e+19,8.422277986601909e-22,507201.1506258151,0.07929552402146339,1,1,1,1.3150934682551972e+22,0.00014741927031519593,7.59069123155938e+18,2069190269883468.0
74674.67467467468,876.8092425641519,0.17590066283606853,280.0,1.3307987572414669e+19,8.416098545144002e-22,506829.0161720887,0.07873188487427529,1,1,1,1.3150922989387553e+22,0.00014741928342299892,7.461497764101424e+18,2059815671298209.2
74774.77477477478,874.2312388678572,0.17869862136652204,280.0,1.3241547433316704e+19,8.409905461979787e-22,506456.06019606796,0.07817017845828393,1,1,1,1.3150911359230352e+22,0.00014741929646018478,7.334668029102054e+18,2050436721008426.2
74874.87487487488,871.6532351715625,0.18154767285943457,280.0,1.3175438996668807e+19,8.403698666632558e-22,506082.27845354873,0.07761042171716846,1,1,1,1.3150899792597177e+22,0.000147419309426174,7.210160674443715e+18,2041053631266960.0
74974.97497497498,869.0752314752679,0.18444825689351946,280.0,1.3109660606446227e+19,8.397478088051764e-22,505707.66666576924,0.07705263140431012,1,1,1,1.3150888290007269e+22,0.00014741932232038428,7.087934943955893e+18,2031666615689909.8
75075.07507507507,866.4972277789732,0.18740079422732647,280.0,1.3044210614891911e+19,8.3912436546066075e-22,505332.2205190244,0.07649682407919883,1,1,1,1.3150876851982008e+22,0.00014741933514223103,6.967950673742e+18,2022275889249373.5
75175.17517517519,863.919224082678,0.1904056856828204,280.0,1.2979087382475225e+19,8.38499529407956e-22,504955.9356642755,0.0759430161039075,1,1,1,1.31508654790446e+22,0.00014741934789112745,6.850168288348387e+18,2012881668265949.0
75275.27527527529,861.3412203863834,0.19346331101368947,280.0,1.2914289277850913e+19,8.3787329336598e-22,504578.80771675485,0.07539122363963607,1,1,1,1.3150854171719755e+22,0.00014741936056648518,6.734548796782585e+18,2003484170400999.0
75375.37537537538,858.7632166900887,0.1965740277601961,280.0,1.284981467781819e+19,8.372456499936541e-22,504200.83225556393,0.07484146264332535,1,1,1,1.3150842930533348e+22,0.0001474193731677145,6.621053788387358e+18,1994083614648660.5
75475.47547547548,856.185212993794,0.19973817009250533,280.0,1.2785661967280116e+19,8.366165918892262e-22,503822.00482326606,0.0742937488643437,1,1,1,1.3150831756012065e+22,0.0001474193856942248,6.509645428577738e+18,1984680221327622.0
75575.57557557558,853.6072092974994,0.20295604764458758,280.0,1.2721829539203117e+19,8.359861115895863e-22,503442.3209254739,0.07374809784124678,1,1,1,1.3150820648683047e+22,0.00014741939814542492,6.400286454447456e+18,1975274212072647.8
75675.67567567568,851.0292056012047,0.20622794434092545,280.0,1.265831579457674e+19,8.353542015695702e-22,503061.77603043,0.07320452489861214,1,1,1,1.3150809609073508e+22,0.0001474194105207237,6.292940170251507e+18,1965865809825854.0
75775.77577577578,848.45120190491,0.20955411721840023,280.0,1.2595119142373595e+19,8.34720854241253e-22,502680.3655685819,0.07266304514394954,1,1,1,1.3150798637710352e+22,0.00014741942281953023,6.187570442771316e+18,1956455238827736.0
75875.87587587588,845.8731982086153,0.21293479524587644,280.0,1.2532237999509484e+19,8.34086061953235e-22,502298.0849321516,0.07212367346468855,1,1,1,1.315078773511977e+22,0.00014741943504125446,6.084141696568941e+18,1947042724607942.0
75975.97597597598,843.2951945123207,0.21637017814414505,280.0,1.246967079080377e+19,8.33449816989913e-22,501914.9294746968,0.0715864245252444,1,1,1,1.3150776901826823e+22,0.0001474194471853076,5.982618909136574e+18,1937628493975794.2
76076.07607607607,840.717190816026,0.21986043520902138,280.0,1.2407415948939907e+19,8.328121115707458e-22,501530.8945106687,0.07105131276416318,1,1,1,1.3150766138355022e+22,0.00014741945925110254,5.882967605947559e+18,1928212775010553.8
76176.17617617619,838.1391871197309,0.22340570414053557,280.0,1.234547191442617e+19,8.303887518159618e-22,500071.513974949,0.07051835239134732,1,1,1,1.315075544522589e+22,0.00014741947123805452,5.785363574810463e+18,1918815988583404.8
76276.27627627629,835.5611834234362,0.22700608988127413,280.0,1.2283837135556614e+19,8.256069672067846e-22,497191.8575925811,0.06998755738536289,1,1,1,1.3150744822958508e+22,0.00014741948314558136,5.690034894874662e+18,1909464999334060.0
76376.37637637639,832.9831797271415,0.2306616634670764,280.0,1.222251006837217e+19,8.208507650535877e-22,494327.60731664865,0.06945894149082833,1,1,1,1.3150734272069062e+22,0.00014741949497310426,5.59692156340299e+18,1900159584065274.8
76476.47647647648,830.4051760308469,0.23437246089338537,280.0,1.2161489176621992e+19,8.161200085111574e-22,491478.68073708395,0.06893251821588743,1,1,1,1.3150723793070366e+22,0.00014741950672004814,5.505965279855807e+18,1890899520667604.2
76576.57657657658,827.8271723345522,0.2381384820006882,280.0,1.2100772931724972e+19,8.114145614381993e-22,488644.99586772936,0.06840830082976561,1,1,1,1.3150713386471386e+22,0.00014741951838584218,5.41710939657727e+18,1881684588114101.2
76676.67667667668,825.2491686382575,0.2419596893825745,280.0,1.2040359812731437e+19,8.067342883935346e-22,485826.4711440463,0.0678863023604113,1,1,1,1.3150703052776746e+22,0.00014741952996992055,5.330298870840833e+18,1872514566455039.8
76776.77677677678,822.6711649419628,0.2458360073200424,280.0,1.1980248306285062e+19,8.020790546323192e-22,483023.02542083856,0.06736653559222289,1,1,1,1.3150692792486226e+22,0.00014741954147172277,5.245480218223818e+18,1863389236812666.2
76876.87687687688,820.0931612456682,0.2497673207457649,280.0,1.1920436906584953e+19,7.974487261022737e-22,480234.5779699819,0.06684901306386155,1,1,1,1.3150682606094252e+22,0.00014741955289069436,5.162601467280939e+18,1854308381375974.5
76976.97697697698,817.5151575493735,0.25375347424210837,280.0,1.186092411534792e+19,7.928431694399343e-22,477461.04847816634,0.06633374706615136,1,1,1,1.3150672494089382e+22,0.00014741956422628744,5.081612115486921e+18,1845271783395507.0
77077.07707707708,814.9371538530788,0.25779427107675335,280.0,1.1801708441770971e+19,7.882622519669208e-22,474702.3570446486,0.0658207496400663,1,1,1,1.3150662456953778e+22,0.0001474195754779613,5.002463086418488e+18,1836279227178182.0
77177.17717717719,812.3591501567837,0.2618894722798236,280.0,1.174278840249393e+19,7.837058416862196e-22,471958.4241790138,0.06531003257480548,1,1,1,1.3150652495162667e+22,0.00014741958664518299,4.925106688146293e+18,1827330498082143.2
77277.27727727729,809.781146460489,0.2660387957664526,280.0,1.1684162521562319e+19,7.7917380727848535e-22,469229.17079894815,0.06480160740595656,1,1,1,1.3150642609183814e+22,0.0001474195977274279,4.849496572807657e+18,1818425382511642.2
77377.37737737739,807.2031427641944,0.27024191550875826,280.0,1.1625829330390346e+19,7.746660180983577e-22,466514.5182280208,0.06429548541374762,1,1,1,1.3150632799476969e+22,0.00014741960872418044,4.775587697331137e+18,1809563667911932.8
77477.47747747749,804.6251390678997,0.27449846076117085,280.0,1.156778736772414e+19,7.701823441707955e-22,463814.38819347654,0.06379167762138861,1,1,1,1.3150623066493318e+22,0.0001474196196349347,4.703336285284586e+18,1800745142764201.8
77577.57757757758,802.047135371605,0.2788080153430722,280.0,1.1510035179605144e+19,7.657226561874276e-22,461128.70282403775,0.06329019479350156,1,1,1,1.3150613410674932e+22,0.0001474196304591948,4.632699789818443e+18,1791969596580520.5
77677.67767767768,799.4691316753103,0.28317011698265726,280.0,1.1452571319333687e+19,7.612868255029197e-22,458457.3846477168,0.06279104743464085,1,1,1,1.3150603832454212e+22,0.0001474196411964759,4.5636368576765005e+18,1783236819898819.8
77777.77777777778,796.8911279790157,0.28758425672588317,280.0,1.1395394347432753e+19,7.568747241313561e-22,455800.35658963723,0.06229424578790273,1,1,1,1.315059433225333e+22,0.00014741965184630445,4.496107294246841e+18,1774546604277890.5
77877.87787787788,794.313124282721,0.29204987841430136,280.0,1.1338502831611906e+19,7.5248622474264055e-22,453157.54196986556,0.061799799833625095,1,1,1,1.3150584910483668e+22,0.00014741966240821913,4.4300720296259686e+18,1765898742292409.0
77977.97797797798,791.7351205864263,0.29656637823547677,280.0,1.1281895346731428e+19,7.481212006589075e-22,450528.8645012511,0.06130771928817695,1,1,1,1.315057556754526e+22,0.00014741967288177125,4.365493085669674e+18,1757293027527986.0
78078.07807807808,789.1571168901316,0.3011331043495889,280.0,1.1225570474766612e+19,7.43779525850957e-22,447914.2482872783,0.060818013602837825,1,1,1,1.3150566303826232e+22,0.00014741968326652548,4.3023335440045804e+18,1748729254576239.5
78178.17817817819,786.5791131938365,0.3057493565956771,280.0,1.116952680477224e+19,7.394610749346973e-22,445313.61781992443,0.06033069196276704,1,1,1,1.3150557119702255e+22,0.0001474196935620606,4.240557514974797e+18,1740207219029890.8
78278.27827827829,784.0011094975418,0.31041438628083634,280.0,1.1113762932847241e+19,7.351657231676082e-22,442726.8979775303,0.059845763286063114,1,1,1,1.315054801553598e+22,0.00014741970376796974,4.1801301074986194e+18,1731726717477891.0
78378.37837837839,781.4231058012472,0.3151273960555096,280.0,1.1058277462099517e+19,7.30893346445217e-22,440154.0140226776,0.059363236222912105,1,1,1,1.3150538991676498e+22,0.00014741971388386143,4.1210173998105344e+18,1723287547500558.5
78478.47847847849,778.8451021049525,0.31988753987780233,280.0,1.1003069002610962e+19,7.2664382129759085e-22,437594.8916000764,0.05888311915482606,1,1,1,1.3150530048458792e+22,0.00014741972390935993,4.0631864110645586e+18,1714889507664752.0
78578.57857857858,776.2670984086578,0.3246939230695538,280.0,1.094813617140263e+19,7.224170248858431e-22,435049.4567344617,0.05840542019397036,1,1,1,1.3150521186203204e+22,0.0001474197338441059,4.0066050737751373e+18,1706532397519061.8
78678.67867867868,773.6890947123632,0.32954560246664827,280.0,1.08934775924001e+19,7.182128349986569e-22,432517.63582849974,0.057930147182580036,1,1,1,1.3150512405214906e+22,0.00014741974368775708,3.9512422070724987e+18,1698216017589025.0
78778.77877877878,771.1110910160685,0.33444158666579443,280.0,1.0839091896399002e+19,7.140311300488205e-22,429999.35566070105,0.05745730769246451,1,1,1,1.3150503705783382e+22,0.00014741975343998874,3.897067490749798e+18,1689940169372365.5
78878.87887887888,768.5330873197738,0.3393808363697269,280.0,1.0784977721030732e+19,7.098717890697804e-22,427494.5433833454,0.05698690902460072,1,1,1,1.3150495088181915e+22,0.0001474197631004943,3.844051440079883e+18,1681704655334254.5
78978.97897897898,765.9550836234791,0.34436226483248483,280.0,1.0731133710728296e+19,7.057346917122046e-22,425003.1265204118,0.056518958208813704,1,1,1,1.3150486552667094e+22,0.00014741977266898593,3.792165381380015e+18,1673509278902596.8
79079.07907907908,763.3770799271845,0.34938473840611134,280.0,1.0677558516692376e+19,7.016197182405664e-22,422525.03296552115,0.05605346200354452,1,1,1,1.3150478099478326e+22,0.00014741978214519505,3.7413814283033697e+18,1665353844463338.5
79179.17917917919,760.7990762308893,0.35444707718978685,280.0,1.0624250796857528e+19,6.975267495297352e-22,420060.19097988313,0.0555904268957047,1,1,1,1.3150469728837363e+22,0.0001474197915288729,3.6916724588366203e+18,1657238157355797.5
79279.27927927929,758.2210725345947,0.3595480557820591,280.0,1.0571209215858604e+19,6.934556670615901e-22,417608.5291902574,0.055129859100617254,1,1,1,1.3150461440947856e+22,0.00014741980081979094,3.6430120929834604e+18,1649162023868021.0
79379.37937937939,755.6430688383,0.3646864041364911,280.0,1.0518432444997224e+19,6.8940635292163705e-22,415169.9765869157,0.05467176456204211,1,1,1,1.3150453235994904e+22,0.00014741981001774155,3.595374671114237e+18,1641125251232155.5
79479.47947947949,753.0650651420053,0.3698608085206469,280.0,1.0465919162208561e+19,6.853786897956486e-22,412744.46252161864,0.05421614895228751,1,1,1,1.3150445114144636e+22,0.00014741981912253822,3.5487352329626143e+18,1633127647619850.5
79579.57957957959,750.4870614457107,0.3750699125779848,280.0,1.0413668052028189e+19,6.813725609663136e-22,410331.91670559795,0.0537630176724045,1,1,1,1.3150437075543812e+22,0.0001474198281340163,3.5030694972504e+18,1625169022137678.8
79679.67967967968,747.909057749416,0.3803123184918183,280.0,1.036167780555914e+19,6.773878503098998e-22,407932.26920754684,0.05331237585246534,1,1,1,1.3150429120319432e+22,0.0001474198370520332,3.4583538419222973e+18,1617249184822580.0
79779.77977977978,745.3310540531213,0.3855865882501167,280.0,1.0309947120439122e+19,6.73424442292932e-22,405545.45045161934,0.05286422835192405,1,1,1,1.315042124857838e+22,0.00014741984587646892,3.414565284972748e+18,1609367946637326.2
79879.87987987988,742.7530503568266,0.3908912450095164,280.0,1.025847470080788e+19,6.694822219688817e-22,403171.391215437,0.05241857976005857,1,1,1,1.3150413460407077e+22,0.0001474198546072264,3.371681465847509e+18,1601525119466010.8
79979.97997997998,740.175046660532,0.3962247745565085,280.0,1.0207259257274745e+19,6.655610749748697e-22,400810.0226281027,0.051975434396493984,1,1,1,1.3150405755871164e+22,0.00014741986324423188,3.329680627403049e+18,1593720516109557.8
80080.08008008008,737.5970429642373,0.4015856268633739,280.0,1.0156299506886324e+19,6.6166088752838315e-22,398461.2761682243,0.051534796311805124,1,1,1,1.3150398135015209e+22,0.0001474198717874352,3.288541598407294e+18,1585953950281254.0
80180.18018018019,735.0190392679422,0.4069722177360333,280.0,1.010559417309439e+19,6.57781546424006e-22,396125.08366194495,0.05109666928819844,1,1,1,1.3150390597862438e+22,0.00014741988023681015,3.2482437765656904e+18,1578225236602301.8
80280.28028028029,732.4410355716475,0.4123829305505819,280.0,1.0055141985723865e+19,6.5392293903015685e-22,393801.377280979,0.05066105684027166,1,1,1,1.315038314441449e+22,0.0001474198885923547,3.208767112057016e+18,1570534190597398.5
80380.38038038039,729.8630318753528,0.417816118074916,280.0,1.0004941680941033e+19,6.500849532858468e-22,391490.0895406595,0.050227962215849985,1,1,1,1.3150375774651198e+22,0.0001474198968540913,3.17009209156367e+18,1562880628690327.0
80480.48048048049,727.2850281790581,0.4232701043714469,280.0,9.954992001221861e+18,6.462674776974436e-22,389191.1532979896,0.04979738839689843,1,1,1,1.3150368488530398e+22,0.00014741990502206706,3.1321997227818e+18,1555264368199578.8
80580.58058058059,724.7070244827635,0.428743186776572,280.0,9.905291695320513e+18,6.424704013354509e-22,386904.5017497025,0.04936933810050878,1,1,1,1.3150361285987767e+22,0.00014741991309635388,3.095071519396809e+18,1547685227333991.8
80680.68068068069,722.1290207864688,0.434233637952204,280.0,9.855839518237989e+18,6.386936138312993e-22,384630.0684303295,0.04894381377995994,1,1,1,1.3150354166936689e+22,0.00014741992107704873,3.058689486510324e+18,1540143025188412.2
80780.78078078078,719.5510170901741,0.43973970800433954,280.0,9.806634231190954e+18,6.349370053741476e-22,382367.78721027356,0.04852081762585091,1,1,1,1.3150347131268148e+22,0.0001474199289642736,3.0230361065050414e+18,1532637581739376.5
80880.88088088088,716.9730133938795,0.44525962666333524,280.0,9.757674601580702e+18,6.312004667076991e-22,380117.5922938918,0.048100351567304814,1,1,1,1.3150340178850653e+22,0.00014741993675817576,2.988094325334261e+18,1525168717840814.2
80980.98098098098,714.3950096975848,0.45079160552027653,280.0,9.708959402962272e+18,6.27483889127025e-22,377879.4182175828,0.047682417273243016,1,1,1,1.3150333309530185e+22,0.00014741994445892776,2.953847539223292e+18,1517736255219772.8
81081.08108108108,711.8170060012901,0.4563338403135548,280.0,9.660487415013734e+18,6.237871644754024e-22,375653.19984788226,0.04726701615372802,1,1,1,1.3150326523130188e+22,0.00014741995206672725,2.920279581770272e+18,1510340016472161.5
81181.1811811812,709.239002304995,0.4618845132595411,280.0,9.612257423505613e+18,6.201101851411623e-22,373438.8723795647,0.046854149361373734,1,1,1,1.3150319819451575e+22,0.00014741995958179736,2.887374711434305e+18,1502979825058517.2
81281.28128128129,706.6609986087003,0.46744179542101916,280.0,9.564268220270481e+18,6.164528440545508e-22,371236.3713337534,0.046443817792822334,1,1,1,1.3150313198272781e+22,0.00014741996700438627,2.8551175993991936e+18,1495655505299794.8
81381.38138138139,704.0829949124056,0.4730038491068877,280.0,9.516518603172682e+18,6.128150346845955e-22,369045.6325560333,0.04603602209028545,1,1,1,1.3150306659349823e+22,0.00014741997433476736,2.823493317801283e+18,1488366882373166.8
81481.48148148149,701.504991216111,0.4785688302964543,280.0,9.469007376078223e+18,6.091966510359898e-22,366866.59221457463,0.045630762643149386,1,1,1,1.3150300202416418e+22,0.00014741998157323896,2.7924873283104445e+18,1481113782307856.5
81581.58158158159,698.9269875198163,0.48413489108155844,280.0,9.421733348824814e+18,6.055975876459825e-22,364699.1867982599,0.04522803958964249,1,1,1,1.31502938271841e+22,0.00014741998872012433,2.762085471053363e+18,1473896031980983.2
81681.68168168169,696.3489838235216,0.4897001821196569,280.0,9.374695337192049e+18,6.020177395812798e-22,362543.353114818,0.044827852818563226,1,1,1,1.3150287533342403e+22,0.00014741999577577136,2.7322739538687304e+18,1466713459113431.2
81781.78178178178,693.770980127227,0.4952628550909577,280.0,9.327892162871747e+18,5.984570024349589e-22,360399.0282889656,0.04443020197106785,1,1,1,1.315028132055904e+22,0.00014742000274055244,2.7030393418842004e+18,1459565892265737.2
81881.88188188188,691.1929764309323,0.5008210651526677,280.0,9.281322653438425e+18,5.949152723233859e-22,358266.14976055134,0.044035086442516067,1,1,1,1.3150275188480125e+22,0.00014742000961486408,2.6743685474052854e+18,1452453160833998.5
81981.98198198198,688.6149727346376,0.5063729733834317,280.0,9.234985642319942e+18,5.913924458831527e-22,356144.65528271085,0.043642505384373455,1,1,1,1.3150269136730436e+22,0.00014742001639912684,2.64624882010665e+18,1445375095045801.5
82082.08208208208,686.0369690383429,0.511916749211092,280.0,9.188879968768266e+18,5.878884202680148e-22,354034.4829200229,0.04325245770616891,1,1,1,1.3150263164913683e+22,0.00014742002309378485,2.618667737516555e+18,1438331525956169.0
82182.1821821822,683.4589653420478,0.5174505728169767,280.0,9.143004477830399e+18,5.844030931458423e-22,351935.571046673,0.04286494207750598,1,1,1,1.3150257272612815e+22,0.00014742002969930546,2.591613195785463e+18,1431322285443527.8
82282.2822822823,680.8809616457531,0.5229726375100285,280.0,9.097358020319453e+18,5.809363626955831e-22,349847.8583446247,0.042479956930126704,1,1,1,1.3150251459390359e+22,0.00014742003621617898,2.5650734007301366e+18,1424347206205698.8
82382.38238238239,678.3029579494585,0.5284811520642575,280.0,9.051939452785849e+18,5.774881276042283e-22,347771.28380179236,0.04209750046002571,1,1,1,1.3150245724788774e+22,0.00014742004264491822,2.539036859144715e+18,1417406121755899.0
82482.48248248249,675.7249542531638,0.533974343013137,280.0,9.006747637488686e+18,5.740582870637915e-22,345705.78671022167,0.04171757062961437,1,1,1,1.3150240068330838e+22,0.00014742004898605804,2.513492370370659e+18,1410498866418771.5
82582.58258258259,673.1469505568691,0.5394504568948016,280.0,8.961781442367232e+18,5.706467407682973e-22,343651.3066642763,0.04134016516993234,1,1,1,1.315023448952005e+22,0.0001474200552401549,2.4884290181175777e+18,1403625275326430.0
82682.68268268269,670.5689468605744,0.5449077624421234,280.0,8.917039741012571e+18,5.672533889107738e-22,341607.78355882654,0.040965281582905744,1,1,1,1.3150228987841075e+22,0.0001474200614077864,2.4638361625272443e+18,1396785184414523.8
82782.78278278279,667.9909431642798,0.5503445527119984,280.0,8.872521412639387e+18,5.63878132180258e-22,339575.1575874463,0.04059291714365022,1,1,1,1.3150223562760182e+22,0.00014742006748955078,2.4397034324733425e+18,1389978430418322.2
82882.88288288288,665.4129394679851,0.5557591471484699,280.0,8.82822534205788e+18,5.605208717588073e-22,337553.36924061284,0.04022306890281723,1,1,1,1.315021821372573e+22,0.0001474200734860663,2.4160207180897075e+18,1383204850868818.5
82982.98298298298,662.8349357716904,0.561149893574608,280.0,8.784150419645839e+18,5.5718150931851745e-22,335542.3593039117,0.03985573368898244,1,1,1,1.3150212940168658e+22,0.0001474200793979708,2.39277816352004e+18,1376464284088850.5
83083.08308308308,660.2569320753958,0.5665151701084015,280.0,8.740295541320845e+18,5.538599470185515e-22,333542.0688562465,0.0394909081110744,1,1,1,1.3150207741502998e+22,0.00014742008522592104,2.3699661598822953e+18,1369756569189243.2
83183.1831831832,657.6789283791006,0.5718533869982562,280.0,8.696659608512608e+18,5.505560875021728e-22,331552.43926805304,0.03912858856084201,1,1,1,1.315020261712641e+22,0.00014742009097059225,2.3475753384411576e+18,1363081546064967.8
83283.2832832833,655.100924682806,0.5771629883740483,280.0,8.653241528135452e+18,5.472698338937882e-22,329573.41219951835,0.03876877121535977,1,1,1,1.3150197566420724e+22,0.00014742009663267725,2.3255965639822234e+18,1356439055391323.0
83383.38338338339,652.5229209865113,0.5824424539100765,280.0,8.610040212560933e+18,5.440010897959961e-22,327604.9295988029,0.0384114520395682,1,1,1,1.3150192588752509e+22,0.00014742010221288604,2.304020928381656e+18,1349828938620128.0
83483.48348348349,649.9449172902166,0.5876903003966015,280.0,8.56705457959059e+18,5.407497592866414e-22,325646.933700267,0.038056626788849315,1,1,1,1.3150187683473644e+22,0.0001474201077119451,2.2828397443653809e+18,1343251037975941.5
83583.58358358359,647.3669135939219,0.5929050832170921,280.0,8.524283552428845e+18,5.375157469158794e-22,323699.3670227031,0.03770429101163459,1,1,1,1.3150182849921908e+22,0.0001474201131305968,2.2620445394519485e+18,1336705196452295.2
83683.68368368369,644.7889098976273,0.5980853977286722,280.0,8.481726059656017e+18,5.342989577032421e-22,321762.1723675684,0.03735444005204443,1,1,1,1.3150178087421579e+22,0.0001474201184695984,2.241627050073459e+18,1330191257807946.8
83783.78378378379,642.2109062013326,0.6032298805436702,280.0,8.43938103520149e+18,5.31099297134714e-22,319835.2928172245,0.037007069052557476,1,1,1,1.3150173395284046e+22,0.00014742012372972188,2.2215792158690785e+18,1323709066563150.2
83883.88388388389,639.6329025050379,0.6083372107105728,280.0,8.397247418317008e+18,5.279166711598121e-22,317918.67173317843,0.03666217295670837,1,1,1,1.3150168772808427e+22,0.0001474201289117529,2.201893174145861e+18,1317258467995945.5
83983.98398398398,637.0548988087432,0.61340611079309,280.0,8.355324153550098e+18,5.247509861886719e-22,316012.252754328,0.03631974651181237,1,1,1,1.3150164219282191e+22,0.00014742013401649004,2.1825612545017462e+18,1310839308138466.0
84084.08408408408,634.4768951124486,0.6184353478464284,280.0,8.313610190717641e+18,5.216021490891385e-22,314115.9797952103,0.03597978427171551,1,1,1,1.315015973398179e+22,0.00014742013904474444,2.163575973605769e+18,1304451433773263.0
84184.1841841842,631.8988914161534,0.6234237342902658,280.0,8.27210448487955e+18,5.184700671838624e-22,312229.7970442521,0.03564228059956866,1,1,1,1.3150155316173296e+22,0.00014742014399733876,2.144930030130665e+18,1298094692429648.8
84284.2842842843,629.3208877198588,0.6283701286782977,280.0,8.23080599631261e+18,5.153546482474021e-22,310353.6489620257,0.035307229670624364,1,1,1,1.3150150965113037e+22,0.0001474201488751066,2.126616299833226e+18,1291768932380060.8
84384.3843843844,626.7428840235641,0.6332734363646146,280.0,8.189713690484419e+18,5.122558005033283e-22,308487.48027950444,0.034974625475054394,1,1,1,1.3150146680048239e+22,0.00014742015367889176,2.108627830777849e+18,1285474002636434.5
84484.48448448449,624.1648803272694,0.6381326100674992,280.0,8.14882653802748e+18,5.0917343262133385e-22,306631.2359963228,0.03464446182078732,1,1,1,1.3150142460217667e+22,0.0001474201584095476,2.0909578386989553e+18,1279209752946604.5
84584.58458458459,621.5868766309748,0.6429466503316167,280.0,8.108143514713419e+18,5.06107453714349e-22,304784.8613790388,0.03431673233636429,1,1,1,1.3150138304852264e+22,0.00014742016306793618,2.0735997024980012e+18,1272976033790716.8
84684.68468468469,619.0088729346801,0.6477146058898768,280.0,8.067663601427316e+18,5.030577733356574e-22,302948.3019593972,0.03399143047381156,1,1,1,1.3150134213175792e+22,0.0001474201676549276,2.0565469598709908e+18,1266772696377660.2
84784.78478478479,616.4308692383854,0.6524355739265788,280.0,8.027385784142188e+18,5.000243014760181e-22,301121.5035325967,0.03366854951152863,1,1,1,1.3150130184405463e+22,0.00014742017217139934,2.0397933030625075e+18,1260599592641515.8
84884.88488488489,613.8528655420907,0.6571087002437368,280.0,7.987309053893579e+18,4.970069485607897e-22,299304.41215555766,0.0333480825571904,1,1,1,1.3150126217752572e+22,0.00014742017661823552,2.0233325747424115e+18,1254456575238022.5
84984.98498498499,611.2748618457961,0.6617331793327768,280.0,7.947432406754293e+18,4.940056254470571e-22,297496.97414519195,0.03303002255066208,1,1,1,1.315012231242313e+22,0.00014742018099632624,2.0071587640014694e+18,1248343497541060.8
85085.08508508508,608.6968581495014,0.6663082543540436,280.0,7.907754843809239e+18,4.910202434207607e-22,295699.1360766743,0.03271436226692559,1,1,1,1.3150118467618472e+22,0.00014742018530656666,1.991266002462301e+18,1242260213639152.8
85185.1851851852,606.1188544532063,0.6708332170268088,280.0,7.868275371130409e+18,4.880507141938284e-22,293910.84478171467,0.03240109431901585,1,1,1,1.3150114682535881e+22,0.00014742018954985668,1.975648560502133e+18,1236206578331980.0
85285.2852852853,603.5408507569116,0.6753074074326777,280.0,7.828992999751984e+18,4.850969499013098e-22,292132.0473468328,0.03209021116096619,1,1,1,1.3150110956369186e+22,0.0001474201937271,1.9603008435839857e+18,1230182447126920.2
85385.3853853854,600.9628470606169,0.6797302137355129,280.0,7.789906745645558e+18,4.821588630985098e-22,290362.6911116323,0.031781705090760656,1,1,1,1.3150107288309361e+22,0.0001474201978392035,1.945217388692965e+18,1224187676235594.8
85485.4854854855,598.3848433643223,0.6841010718211389,280.0,7.751015629695483e+18,4.792363667581258e-22,288602.7236670757,0.03147556825329311,1,1,1,1.3150103677545107e+22,0.00014742020188707666,1.9303928608745247e+18,1218222122570439.2
85585.58558558559,595.8068396680276,0.6884194648602809,280.0,7.712318677674353e+18,4.763293742673857e-22,286852.09285376186,0.031171792643330885,1,1,1,1.3150100123263433e+22,0.0001474202058716308,1.9158220498715756e+18,1212285643741288.8
85685.68568568569,593.2288359717329,0.6926849227983042,280.0,7.673814920218589e+18,4.734377994251832e-22,285110.7467602004,0.03087037010848233,1,1,1,1.3150096624650214e+22,0.0001474202097937785,1.901499866857472e+18,1206378098051978.8
85785.78578578579,590.6508322754382,0.6968970217754424,280.0,7.635503392804163e+18,4.705615564392178e-22,283378.6337210894,0.030571292352166737,1,1,1,1.3150093180890744e+22,0.00014742021365443317,1.887421341261973e+18,1200499344496964.2
85885.88588588589,588.0728285791436,0.701055383481298,280.0,7.597383135722429e+18,4.677005599231312e-22,281655.7023155908,0.03027455093658563,1,1,1,1.315008979117028e+22,0.00014742021745450804,1.8735816176873764e+18,1194649242757953.5
85985.98598598599,585.4948248828489,0.7051596744474674,280.0,7.559453194056097e+18,4.648547248936449e-22,279941.9013656069,0.02998013728569411,1,1,1,1.3150086454674561e+22,0.00014742022119491592,1.8599759529121088e+18,1188827653200559.8
86086.0860860861,582.9168211865538,0.7092096052822007,280.0,7.52171261765529e+18,4.620239667676947e-22,278237.1799340544,0.02968804268817113,1,1,1,1.3150083170590324e+22,0.00014742022487656845,1.846599712979137e+18,1183034436870968.2
86186.1861861862,580.3388174902591,0.7132049298510332,280.0,7.484160461113764e+18,4.59208201359567e-22,276541.4873231401,0.029398258300387833,1,1,1,1.3150079938105797e+22,0.00014742022850037562,1.8334483703666627e+18,1177269455492622.5
86286.2862862863,577.7608137939644,0.7171454444073629,280.0,7.446795783745214e+18,4.564073448780311e-22,274854.77307263366,0.029110775149372135,1,1,1,1.3150076756411187e+22,0.0001474202320672453,1.8205175012386017e+18,1171532571462919.8
86386.3863863864,575.1828100976697,0.7210309866769127,280.0,7.409617649559713e+18,4.536213139234678e-22,273176.9869581388,0.028825584135769314,1,1,1,1.3150073624699144e+22,0.00014742023557808243,1.8078027827724943e+18,1165823647849930.5
86486.4864864865,572.6048064013751,0.7248614349000347,280.0,7.372625127240261e+18,4.508500254849994e-22,271508.07898936456,0.028542676036797013,1,1,1,1.3150070542165212e+22,0.00014742023903378882,1.795299990562498e+18,1160142548389129.0
86586.58658658659,570.0268027050804,0.7286367068357597,280.0,7.335817290119462e+18,4.480933969376134e-22,269847.9994083933,0.028262041509193682,1,1,1,1.3150067508008274e+22,0.00014742024243526256,1.7830049960952292e+18,1154489137480142.0
86686.68668668669,567.4487990087857,0.7323567587314519,280.0,7.299193216156308e+18,4.453513460392837e-22,268196.6986879471,0.027983671092159598,1,1,1,1.3150064521430962e+22,0.0001474202457833975,1.7709137642962757e+18,1148863280183512.0
86786.78678678679,564.870795312491,0.7360215842618747,280.0,7.262751987913081e+18,4.426237909280871e-22,266554.1275296513,0.02770755521028923,1,1,1,1.3150061581640067e+22,0.00014742024907908287,1.7590223511452726e+18,1143264842217477.2
86886.88688688689,562.2927916161964,0.7396312134413916,280.0,7.226492692532369e+18,4.399106501193167e-22,264920.23686229583,0.027433684176494177,1,1,1,1.3150058687846926e+22,0.0001474202523232027,1.7473269013574984e+18,1137693689954767.2
86986.98698698699,559.7147879199017,0.7431857115129471,280.0,7.190414421714207e+18,4.372118425025886e-22,263294.9778400933,0.027162048194915602,1,1,1,1.3150055839267792e+22,0.00014742025551663562,1.735823646130013e+18,1132149690419413.2
87087.0870870871,557.1367842236066,0.7466851778173762,280.0,7.15451627169331e+18,4.345272873389444e-22,261678.30184093394,0.026892637363825144,1,1,1,1.3150053035124195e+22,0.00014742025866025434,1.724508900950418e+18,1126632711283574.0
87187.1871871872,554.5587805273119,0.7501297446464857,280.0,7.118797343216451e+18,4.318569042579465e-22,260070.1604646359,0.026625441678513936,1,1,1,1.3150050274643278e+22,0.00014742026175492518,1.7133790634663916e+18,1121142620864381.5
87287.2872872873,551.9807768310172,0.7535195760832444,280.0,7.08325674151992e+18,4.292006132547684e-22,258470.50553119372,0.02636045103416774,1,1,1,1.3150047557058115e+22,0.00014742026480150792,1.7024306114141745e+18,1115679288120793.0
87387.3873873874,549.4027731347226,0.7568548668322869,280.0,7.047893576307117e+18,4.265583346872758e-22,256879.28907901997,0.02609765522872858,1,1,1,1.315004488160803e+22,0.00014742026780085527,1.691660100604294e+18,1110242582650467.4
87487.4874874875,546.8247694384279,0.7601358410438255,280.0,7.012706961726248e+18,4.239299892731015e-22,255296.46336318398,0.025837043965741237,1,1,1,1.3150042247538873e+22,0.00014742027075381268,1.681064162962811e+18,1104832374686652.2
87587.5875875876,544.2467657421332,0.7633627511339224,280.0,6.977696016348134e+18,4.213154980867125e-22,253721.9808536455,0.025578606857184088,1,1,1,1.3150039654103305e+22,0.0001474202736612179,1.670639504626465e+18,1099448535095086.9
87687.68768768769,541.6687620458385,0.7665358766039453,280.0,6.942859863144137e+18,4.18714782556466e-22,252155.79423348187,0.025322333426283282,1,1,1,1.3150037100561053e+22,0.0001474202765239008,1.6603829040901248e+18,1094090935370920.8
87787.78778778779,539.0907583495439,0.769655522861889,280.0,6.908197629464179e+18,4.1612776446165766e-22,250597.8563971104,0.02506821311030987,1,1,1,1.315003458617915e+22,0.0001474202793426831,1.6502912104050086e+18,1088759447635646.9
87887.88788788789,536.5127546532492,0.7727220200481041,280.0,6.873708447014889e+18,4.1355436592955978e-22,249048.12044850457,0.02481623526335867,1,1,1,1.315003211023217e+22,0.00014742028211837794,1.6403613414261837e+18,1083453944634050.0
87987.98798798799,533.9347509569545,0.7757357218678348,280.0,6.839391451837856e+18,4.109945094324477e-22,247506.53969940366,0.02456638915910852,1,1,1,1.315002967200243e+22,0.0001474202848517899,1.6305902821078991e+18,1078174299731169.8
88088.0880880881,531.3567472606594,0.7786970044328204,280.0,6.805245784287971e+18,4.084481177846152e-22,245973.0676675149,0.024318663993562972,1,1,1,1.31500272707802e+22,0.00014742028754371464,1.620975082845352e+18,1072920386909278.2
88188.1881881882,528.7787435643647,0.7816062651140706,280.0,6.771270589011931e+18,4.0591511413937924e-22,244447.6580747102,0.024073048887771106,1,1,1,1.315002490586387e+22,0.00014742029019493866,1.6115128578615373e+18,1067692080764875.2
88288.2882882883,526.2007398680701,0.7844639214077948,280.0,6.737465014926749e+18,4.033954219860673e-22,242930.26484521138,0.02382953289052706,1,1,1,1.3150022576560134e+22,0.00014742029280623916,1.602200783637847e+18,1062489256505691.6
88388.3883883884,523.6227361717754,0.7872704098162987,280.0,6.70382821519849e+18,4.008889651469967e-22,241420.8421037715,0.023588104981048703,1,1,1,1.3150020282184133e+22,0.0001474202953783839,1.5930360973871698e+18,1057311789947714.1
88488.4884884885,521.0447324754807,0.7900261847455494,280.0,6.670359347221039e+18,3.9839566777443627e-22,239919.34417384482,0.02334875407163396,1,1,1,1.3150018022059603e+22,0.000147420297912131,1.5840160955682355e+18,1052159557512221.2
88588.5885885886,518.466728779186,0.7927317174209517,280.0,6.63705757259499e+18,3.959154543475537e-22,238425.7255757487,0.02311146901029463,1,1,1,1.3150015795518998e+22,0.00014742030040822878,1.5751381324400156e+18,1047032436222834.2
88688.6886886887,515.8887250828914,0.7953874948227527,280.0,6.603922057106644e+18,3.9344824966934616e-22,236939.94102481494,0.02287623858336705,1,1,1,1.3150013601903603e+22,0.0001474203028674157,1.5663996186550167e+18,1041930303702582.6
88788.78878878879,513.3107213865967,0.7979940186423611,280.0,6.570951970707118e+18,3.9099397886355544e-22,235461.94542953224,0.022643051518099016,1,1,1,1.3150011440563644e+22,0.00014742030529042022,1.557798019890342e+18,1036853038170983.6
88888.88888888889,510.73271769030197,0.8005518042607312,280.0,6.538146487491546e+18,3.885525673715641e-22,233991.6938896769,0.02241189648521256,1,1,1,1.3150009310858365e+22,0.00014742030767796058,1.5493308555154286e+18,1031800518441136.8
88988.98898898899,508.15471399400724,0.8030613797498454,280.0,6.505504785678397e+18,3.8612394094927377e-22,232529.141694433,0.022182762101441964,1,1,1,1.3150007212156115e+22,0.0001474203100307449,1.5409956972954045e+18,1026772623916831.4
89089.0890890891,505.57671029771217,0.8055232848982039,280.0,6.473026047588875e+18,3.8370802566396377e-22,231074.24432050044,0.02195563693204659,1,1,1,1.3150005143834412e+22,0.00014742031234947102,1.532790168129037e+18,1021769234589668.8
89189.1891891892,502.99870660141744,0.8079380702611153,280.0,6.44070945962647e+18,3.813047478911306e-22,229626.95743019175,0.02173050949329822,1,1,1,1.3150003105279997e+22,0.00014742031463482643,1.5247119408202867e+18,1016790231036201.0
89289.2892892893,500.4207029051227,0.8103062962364739,280.0,6.408554212256521e+18,3.78914034311301e-22,228187.23686951294,0.021507368254942063,1,1,1,1.315000109588888e+22,0.00014742031688748822,1.5167587368824832e+18,1011835494415077.1
89389.3893893894,497.842699208828,0.8126285321665911,280.0,6.37655949998599e+18,3.765358119068306e-22,226755.03866623546,0.021286201642631557,1,1,1,1.3149999115066371e+22,0.00014742031910812309,1.5089283253742141e+18,1006904906464210.5
89489.4894894895,495.26469551253325,0.8149053554665653,280.0,6.344724521343257e+18,3.741700079586717e-22,225330.31902794976,0.021066998040336262,1,1,1,1.3149997162227107e+22,0.00014742032129738718,1.5012185217660014e+18,1001998349497955.8
89589.5895895896,492.6866918162385,0.8171373507795588,280.0,6.313048478858054e+18,3.7181655004312064e-22,223913.03434010662,0.02084974579272247,1,1,1,1.314999523679507e+22,0.00014742032345592632,1.4936271868368924e+18,997115706404300.9
89689.6896896897,490.1086881199438,0.8193251091592701,280.0,6.281530579041481e+18,3.694753660285382e-22,222503.14116404194,0.020634433207506336,1,1,1,1.3149993338203584e+22,0.00014742032558437567,1.486152225600115e+18,992256860642072.9
89789.7897897898,487.53068442364906,0.8214692272797999,280.0,6.250170032366131e+18,3.6714638407204207e-22,221100.59623498505,0.020421048557779084,1,1,1,1.3149991465895317e+22,0.00014742032768336015,1.4787915862569661e+18,987421696238156.9
89889.88988988989,484.95268072735433,0.8235703066730234,280.0,6.218966053246316e+18,3.648295326161736e-22,219705.3564600513,0.02020958008430405,1,1,1,1.3149989619322277e+22,0.00014742032975349398,1.4715432591781363e+18,982610097784729.0
89989.98998998999,482.3746770310596,0.8256289529935125,280.0,6.187917860018384e+18,3.625247403855333e-22,218317.378916216,0.020000015997785302,1,1,1,1.314998779794578e+22,0.00014742033179538112,1.4644052759116882e+18,977821950436502.8
90090.0900900901,479.79667333476453,0.8276457753109694,280.0,6.157024674921133e+18,3.6023193638338554e-22,216936.62084826958,0.01979234448110739,1,1,1,1.314998600123643e+22,0.00014742033380961498,1.4573757082169377e+18,973057139907988.0
90190.1901901902,477.2186696384698,0.8296213854300755,280.0,6.126285724076358e+18,3.5795104988823436e-22,215563.03966675562,0.019586553691546427,1,1,1,1.3149984228674088e+22,0.0001474203357967787,1.4504526671235113e+18,968315552470767.0
90290.2902902903,474.6406659421751,0.8315563972375918,280.0,6.095700237469407e+18,3.556820104503597e-22,214196.59294588488,0.019382631762951495,1,1,1,1.3149982479747826e+22,0.00014742033775744503,1.4436343020148516e+18,963597074950776.8
90390.3903903904,472.06266224588035,0.8334514260764896,280.0,6.06526744892995e+18,3.5342474788832586e-22,212837.2384214327,0.0191805668078971,1,1,1,1.314998075395588e+22,0.00014742033969217654,1.4369187997355085e+18,958901594725611.4
90490.4904904905,469.4846585495856,0.8353070881468353,280.0,6.034986596112759e+18,3.511791922854497e-22,211484.93398861194,0.01898034691980578,1,1,1,1.3149979050805605e+22,0.00014742034160152538,1.4303043837215288e+18,954228999721834.6
90590.5905905906,466.9066548532909,0.8371239999331153,280.0,6.00485692047861e+18,3.4894527398623078e-22,210139.6376999234,0.01878196017504098,1,1,1,1.3149977369813407e+22,0.0001474203434860338,1.423789313153304e+18,949579178412305.9
90690.6906906907,464.32865115699616,0.8389027776576229,280.0,5.974877667275293e+18,3.4672292359274437e-22,208801.30776298334,0.018585394634970064,1,1,1,1.3149975710504684e+22,0.00014742034534623384,1.4173718821302477e+18,944952019813519.0
90790.7907907908,461.75064746070143,0.8406440367595108,280.0,5.945048085518694e+18,3.4451207196099093e-22,207469.90253832546,0.018390638347997174,1,1,1,1.3149974072413756e+22,0.00014742034718264743,1.41105041886669e+18,940347413482955.0
90890.89089089089,459.1726437644067,0.8423483913990578,280.0,5.915367427973991e+18,3.423126501972049e-22,206145.3805371776,0.01819767935156599,1,1,1,1.314997245508379e+22,0.00014742034899578685,1.4048232849084024e+18,935765249516446.6
90990.99099099099,456.59464006811197,0.8440164539866777,280.0,5.885834951136933e+18,3.4012458965411705e-22,204827.70041921127,0.01800650567413212,1,1,1,1.3149970858066722e+22,0.00014742035078615432,1.3986888743691725e+18,931205418545556.8
91091.0910910911,454.0166363718169,0.8456488347361654,280.0,5.856449915215204e+18,3.379478219271711e-22,203516.82099026287,0.017817105337105153,1,1,1,1.3149969280923177e+22,0.00014742035255424244,1.3926456131868767e+18,926667811734968.4
91191.1911911912,451.4386326755222,0.8472461412416489,280.0,5.82721158410993e+18,3.3578227885069406e-22,202212.70120002775,0.017629466356760385,1,1,1,1.3149967723222381e+22,0.00014742035430053408,1.3866919583985114e+18,922152320779890.6
91291.2912912913,448.86062897922744,0.8488089780776956,280.0,5.798119225397175e+18,3.3362789249401067e-22,200915.30013972003,0.017443576746119707,1,1,1,1.3149966184542072e+22,0.00014742035602550264,1.3808263974336474e+18,917658837903471.4
91391.3913913914,446.2826252829327,0.8503379464220027,280.0,5.769172110309652e+18,3.3148459515751174e-22,199624.577039705,0.017259424516802315,1,1,1,1.3149964664468406e+22,0.0001474203577296121,1.375047447425815e+18,913187255854228.6
91491.4914914915,443.704621586638,0.8518336437000815,280.0,5.74036951371844e+18,3.2935231936866393e-22,198340.49126709622,0.017076997680844634,1,1,1,1.3149963162595864e+22,0.000147420359413317,1.3693536545413125e+18,908737467903491.2
91591.5915915916,441.12661789034325,0.8532966632513396,280.0,5.711710714114826e+18,3.2723099787796412e-22,197063.002323319,0.016896284252489707,1,1,1,1.3149961678527148e+22,0.00014742036107706278,1.3637435933249638e+18,904309367842853.1
91691.6916916917,438.5486141940485,0.854727594015948,280.0,5.68319499359223e+18,3.2512056365483374e-22,195792.06984163812,0.016717272249946,1,1,1,1.3149960211873086e+22,0.0001474203627212857,1.3582158660623593e+18,899902849981639.5
91791.7917917918,435.9706104977538,0.8561270202418733,280.0,5.654821637828218e+18,3.2302094988345226e-22,194527.65358464853,0.016539949697115617,1,1,1,1.3149958762252527e+22,0.0001474203643464131,1.3527691021581276e+18,895517809144385.9
91891.8918918919,433.39260680145907,0.8574955212114531,280.0,5.626589936066615e+18,3.209320899585262e-22,193269.71344172754,0.016364304625292012,1,1,1,1.3149957329292232e+22,0.0001474203659528633,1.3474019575298002e+18,891154140668329.1
91991.99199199199,430.81460310516434,0.858833670986885,280.0,5.598499181099695e+18,3.188539174809912e-22,192018.20942644632,0.01619032507482715,1,1,1,1.3149955912626772e+22,0.00014742036754104601,1.3421131140168422e+18,886811740400911.0
92092.0920920921,428.23659940886927,0.8601420381739993,280.0,5.570548669250463e+18,3.167863662536453e-22,190773.1016739406,0.01601799909676822,1,1,1,1.3149954511898415e+22,0.00014742036911136235,1.3369012788044362e+18,882490504697293.2
92192.1921921922,425.65859571257454,0.8614211857036862,280.0,5.542737700355046e+18,3.147293702767094e-22,189534.3504382366,0.01584731475446407,1,1,1,1.314995312675702e+22,0.00014742037066420473,1.3317651838616212e+18,878190330417888.0
92292.2922922923,423.0805920162798,0.8626716706303516,280.0,5.51506557774513e+18,3.126828637433118e-22,188301.91608953223,0.015678260125141133,1,1,1,1.314995175685992e+22,0.00014742037219995735,1.326703585393388e+18,873911114925893.8
92392.3923923924,420.5025883199851,0.8638940439467747,280.0,5.487531608230509e+18,3.1064678103489446e-22,187075.7591114303,0.015510823301449329,1,1,1,1.314995040187182e+22,0.0001474203737189961,1.321715263306364e+18,869652756084850.1
92492.4924924925,417.92458462369035,0.865088850414751,280.0,5.460135102081743e+18,3.0862105671654066e-22,185855.8400981251,0.015344992392977765,1,1,1,1.314994906146467e+22,0.0001474203752216887,1.3167990206877125e+18,865415152256201.2
92592.5925925926,415.3465809273956,0.8662566284109054,280.0,5.432875373012864e+18,3.0660562553221236e-22,184642.11975153405,0.015180755527740435,1,1,1,1.3149947735317567e+22,0.00014742037670839494,1.311953683296893e+18,861198202296871.5
92692.6926926927,412.7685772311009,0.8673979097870731,280.0,5.405751738164186e+18,3.0460042239990433e-22,183434.55887837952,0.015018100853632064,1,1,1,1.3149946423116623e+22,0.00014742037817946671,1.3071780990699328e+18,857001805556853.5
92792.7927927928,410.19057353480616,0.8685132197446493,280.0,5.3787635180852e+18,3.0260538240670244e-22,182233.11838721286,0.014857016539854148,1,1,1,1.3149945124554868e+22,0.00014742037963524812,1.3024711376358792e+18,852825861876807.6
92892.8928928929,407.61256983851143,0.8696030767223197,280.0,5.351910036717556e+18,3.006204408037485e-22,181037.75928538217,0.014697490778311463,1,1,1,1.3149943839332122e+22,0.00014742038107607572,1.2978316898450988e+18,848670271585673.8
92992.992992993,405.0345661422167,0.8706679922965976,280.0,5.325190621378124e+18,2.986455330011039e-22,179848.44267593912,0.014539511784979052,1,1,1,1.3149942567154888e+22,0.00014742038250227846,1.2932586673091118e+18,844534935498294.0
93093.0930930931,402.45656244592163,0.8717084710945985,280.0,5.298604602742141e+18,2.966805945625102e-22,178665.1297544836,0.014383067801239923,1,1,1,1.3149941307736232e+22,0.00014742038391417808,1.2887510019516495e+18,840419754913047.2
93193.1931931932,399.8785587496269,0.8727250107184991,280.0,5.272151314826463e+18,2.9472556120004147e-22,177487.78180594352,0.014228147095193721,1,1,1,1.314994006079567e+22,0.00014742038531208903,1.2843076455706412e+18,836324631609497.6
93293.2932932933,397.3005550533322,0.8737181016811386,280.0,5.245830094972858e+18,2.9278036876864344e-22,176316.360201286,0.01407473796293624,1,1,1,1.3149938826059056e+22,0.00014742038669631857,1.2799275694108283e+18,832249467846049.2
93393.3933933934,394.72255135703745,0.8746882273522331,280.0,5.219640283831407e+18,2.908449532605537e-22,175150.82639415713,0.013922828729810379,1,1,1,1.3149937603258465e+22,0.00014742038806716713,1.2756097637467374e+18,828194166357617.6
93493.4934934935,392.1445476607427,0.8756358639146857,280.0,5.193581225344007e+18,2.889192507996043e-22,173991.14191745114,0.01377240775162843,1,1,1,1.314993639213208e+22,0.00014742038942492817,1.2713532374757276e+18,824158630353310.5
93593.5935935936,389.566543964448,0.8765614803304907,280.0,5.167652266727926e+18,2.8700319763539165e-22,172837.26837979915,0.013623463415866028,1,1,1,1.314993519242408e+22,0.0001474203907698885,1.267157017720849e+18,820142763514119.9
93693.6936936937,386.98854026815326,0.8774655383157426,280.0,5.141852758459444e+18,2.8509673013731646e-22,171689.16746198013,0.013475984142827895,1,1,1,1.3149934003884529e+22,0.00014742039210232833,1.2630201494432525e+18,816146469990625.4
93793.7937937938,384.41053657185853,0.8783484923242734,280.0,5.116182054257596e+18,2.8319978478848506e-22,170546.80091324815,0.013329958386785721,1,1,1,1.3149932826269258e+22,0.00014742039342252136,1.2589416950639014e+18,812169654400709.8
93893.8938938939,381.8325328755638,0.8792107895394599,280.0,5.090639511067969e+18,2.81312298179465e-22,169410.13054757187,0.013185374637088241,1,1,1,1.3149931659339764e+22,0.00014742039473073502,1.2549207340943357e+18,808212221827284.6
93993.993993994,379.25452917926907,0.8800528698737522,280.0,5.065224489046603e+18,2.794342070018922e-22,168279.1182397848,0.013042221419243867,1,1,1,1.314993050286309e+22,0.00014742039602723037,1.2509563627762557e+18,804274077816028.0
94094.09409409411,376.676525482974,0.8808751659754899,280.0,5.039936351543952e+18,2.775654480419195e-22,167153.72592163965,0.012900487295976064,1,1,1,1.3149929356611723e+22,0.00014742039731226254,1.2470476937296906e+18,800355128373132.2
94194.1941941942,374.09852178667927,0.8816781032425908,280.0,5.014774465088964e+18,2.7570595817350404e-22,166033.9155777663,0.012760160868251717,1,1,1,1.3149928220363487e+22,0.0001474203985860806,1.2431938556095332e+18,796455279963065.8
94294.2942942943,371.52051809038454,0.8824620998427053,280.0,4.989738199373174e+18,2.7385567435152055e-22,164919.64924152417,0.012621230776282655,1,1,1,1.3149927093901428e+22,0.00014742039984892775,1.239393992770211e+18,792574439506340.2
94394.3943943944,368.9425143940898,0.8832275667394465,280.0,4.964826927234927e+18,2.720145336046986e-22,163810.88899074917,0.012483685700500726,1,1,1,1.3149925977013717e+22,0.00014742040110104148,1.2356472649382966e+18,788712514377294.8
94494.4944944945,366.3645106977951,0.8839749077243217,280.0,4.940040024643688e+18,2.7018247302837637e-22,162707.59694338974,0.012347514362506608,1,1,1,1.3149924869493542e+22,0.00014742040234265363,1.2319528468928394e+18,784869412401887.5
94594.5945945946,363.78650700150035,0.8847045194540014,280.0,4.915376870684391e+18,2.6835942977705617e-22,161609.73525302383,0.012212705525992584,1,1,1,1.3149923771139003e+22,0.0001474204035739905,1.2283099281532237e+18,781045041855499.2
94694.6946946947,361.2085033052056,0.8854167914925777,280.0,4.890836847541887e+18,2.665453410567612e-22,160517.26610425598,0.0120792479976396,1,1,1,1.3149922681753013e+22,0.0001474204047952731,1.2247177126743575e+18,777239311460747.6
94794.7947947948,358.6304996089109,0.8861121063584768,280.0,4.866419340485468e+18,2.647401441171791e-22,159430.15170798602,0.011947130627988843,1,1,1,1.3149921601143194e+22,0.00014742040600671704,1.2211754185490012e+18,773452130385312.2
94894.8948948949,356.05249591261617,0.8867908395757056,280.0,4.842123737853473e+18,2.6294377624358604e-22,158348.35429654573,0.011816342312288121,1,1,1,1.3149920529121781e+22,0.00014742040720853287,1.2176822777170552e+18,769683408239770.5
94994.994994995,353.47449221632144,0.8874533597291191,280.0,4.81794943103796e+18,2.611561747485402e-22,157271.83611869646,0.011686871991313331,1,1,1,1.3149919465505523e+22,0.000147420408400926,1.2142375356816236e+18,765933055075443.8
95095.09509509511,350.89648852002637,0.8881000285234196,280.0,4.793895814469461e+18,2.593772769633339e-22,156200.55943448152,0.011558708652165288,1,1,1,1.3149918410115585e+22,0.0001474204095840969,1.2108404512316823e+18,762200981382254.5
95195.1951951952,348.31848482373164,0.8887312008455958,280.0,4.769962285601824e+18,2.5760702022919597e-22,155134.48650992807,0.011431841329042246,1,1,1,1.3149917362777452e+22,0.00014742041075824124,1.207490296171185e+18,758487098086595.9
95295.2952952953,345.7404811274369,0.8893472248305375,280.0,4.746148244897103e+18,2.558453418882287e-22,154073.57961158943,0.011306259103988211,1,1,1,1.3149916323320837e+22,0.00014742041192354995,1.2041863550544317e+18,754791316549206.9
95395.3953953954,343.1624774311422,0.8899484419295639,280.0,4.722453095810534e+18,2.5409217927407142e-22,153017.80100092225,0.011181951107617638,1,1,1,1.3149915291579589e+22,0.00014742041308020922,1.200927924927557e+18,751113548563063.2
95495.4954954955,340.58447373484745,0.8905351869816162,280.0,4.698876244775621e+18,2.5234746970227756e-22,151967.11292849167,0.011058906519816518,1,1,1,1.3149914267391598e+22,0.0001474204142284008,1.1977143150759657e+18,747453706351276.4
95595.5955955956,338.0064700385527,0.8911077882868801,280.0,4.67541710118924e+18,2.506111504603895e-22,150921.47762799423,0.010937114570420367,1,1,1,1.3149913250598708e+22,0.00014742041536830206,1.1945448467775754e+18,743811702565003.1
95695.6956956957,335.428466342258,0.891666567682613,280.0,4.652075077396857e+18,2.4888315879769875e-22,149880.85731009115,0.010816564539869237,1,1,1,1.3149912241046632e+22,0.00014742041650008588,1.1914188530617142e+18,740187450281365.5
95795.7957957958,332.85046264596326,0.8922118406209598,280.0,4.6288495886778e+18,2.4716343191467794e-22,148845.21415604439,0.01069724575984017,1,1,1,1.314991123858486e+22,0.00014742041762392104,1.1883356784735306e+18,736580863001381.8
95895.8958958959,330.27245894966853,0.8927439162485535,280.0,4.6057400532306207e+18,2.454519069520677e-22,147814.5103111444,0.010579147613857318,1,1,1,1.3149910243066574e+22,0.0001474204187399721,1.1852946788437788e+18,732991854647906.5
95995.995995996,327.6944552533738,0.8932630974877072,280.0,4.5827458921585096e+18,2.43748520979602e-22,146788.70787792045,0.010462259537880093,1,1,1,1.3149909254348569e+22,0.0001474204198483997,1.1822952210638405e+18,729420339563582.2
96096.09609609611,325.11645155707873,0.8937696811190116,280.0,4.559866529454801e+18,2.4205321098435593e-22,145767.7689091235,0.010346571020869604,1,1,1,1.3149908272291164e+22,0.0001474204209493603,1.179336682865854e+18,725866232508799.8
96196.19619619621,322.538447860784,0.8942639578651631,280.0,4.537101391988551e+18,2.403659138586978e-22,144751.65540047083,0.010232071605333713,1,1,1,1.314990729675813e+22,0.00014742042204300668,1.176418452607823e+18,722329448659671.8
96296.2962962963,319.9604441644893,0.894746212475859,280.0,4.514449909490162e+18,2.386865663878236e-22,143740.32928313897,0.010118750887850938,1,1,1,1.3149906327616598e+22,0.0001474204231294878,1.1735399290635763e+18,718809903606011.4
96396.3963963964,317.38244046819455,0.8952167238135978,280.0,4.4919115145371167e+18,2.3701510523685857e-22,142733.75241599634,0.010006598519573655,1,1,1,1.3149905364736994e+22,0.0001474204242089489,1.1707005212174607e+18,715307513349325.6
96496.4964964965,314.8044367718998,0.8956757649402418,280.0,4.4694856425397427e+18,2.3535146693750055e-22,141731.88657755943,0.009895604206710738,1,1,1,1.3149904407992956e+22,0.00014742042528153167,1.16789964806365e+18,711822194300816.9
96596.5965965966,312.2264330756051,0.8961236032041942,280.0,4.4471717317270907e+18,2.336955878741849e-22,140734.6934576613,0.009785757710990089,1,1,1,1.3149903457261258e+22,0.0001474204263473742,1.1651367384099517e+18,708353863279394.5
96696.6966966967,309.64842937931036,0.8965605003280667,280.0,4.424969223132856e+18,2.320474042697458e-22,139742.1346488165,0.009677048850101245,1,1,1,1.314990251242174e+22,0.00014742042740661126,1.1624112306860006e+18,704902437509696.5
96796.7967967968,307.0704256830156,0.8969867124967048,280.0,4.4028775605813663e+18,2.304068521705489e-22,138754.17163726795,0.009569467498118446,1,1,1,1.314990157335723e+22,0.00014742042845937418,1.1597225727557332e+18,701467834620121.4
96896.8968968969,304.4924219867209,0.8974024904454564,280.0,4.3808961906736635e+18,2.287738674310718e-22,137770.76579370073,0.009463003585904427,1,1,1,1.3149900639953482e+22,0.00014742042950579104,1.157070221734034e+18,698049972640869.4
96996.996996997,301.91441829042617,0.8978080795485744,280.0,4.3590245627736284e+18,2.271483856978979e-22,136791.87836360335,0.009357647101495252,1,1,1,1.3149899712099097e+22,0.00014742043054598672,1.154453643807451e+18,694648770001994.4
97097.09709709711,300.0,0.8981028186691027,280.0,4.3372621289941944e+18,2.2565522877780572e-22,135892.67875378235,0.009275936797455798,1,1,1,1.3149898788771161e+22,0.00014742043158110798,1.1518660237339039e+18,691264145063084.4
97197.19719719721,300.0,0.8981028186691027,280.0,4.3156083441836293e+18,2.245286615723315e-22,135214.24450620371,0.009259701882843356,1,1,1,1.314989786728988e+22,0.00014742043261415906,1.1492889680934604e+18,687896015686447.9
97297.29729729731,300.0,0.8981028186691027,280.0,4.294062665911862e+18,2.234077187545739e-22,134539.1973421742,0.009243495382876058,1,1,1,1.3149896947651561e+22,0.00014742043364514415,1.1467224241381969e+18,684544301478572.4
97397.3973973974,300.0,0.8981028186691027,280.0,4.27262455445691e+18,2.2229237224477266e-22,133867.52035167636,0.009227317247822074,1,1,1,1.314989602985252e+22,0.0001474204346740673,1.1441663394353062e+18,681208922437755.5
97497.4974974975,300.0,0.8981028186691027,280.0,4.2512934727913426e+18,2.211825941033553e-22,133199.19670911587,0.009211167428036605,1,1,1,1.3149895113889074e+22,0.0001474204357009327,1.1416206618649495e+18,677889798952195.0
97597.5975975976,300.0,0.8981028186691027,280.0,4.230068886568851e+18,2.2007835653023816e-22,132534.20967290047,0.009195045873961754,1,1,1,1.3149894199757555e+22,0.00014742043672574448,1.1390853396181238e+18,674586851798088.5
97697.6976976977,300.0,0.8981028186691027,280.0,4.208950264110847e+18,2.189796318641294e-22,131872.5425850202,0.00917895253612636,1,1,1,1.3149893287454299e+22,0.0001474204377485067,1.1365603211945471e+18,671300002137742.2
97797.7977977978,300.0,0.8981028186691027,280.0,4.1879370763931464e+18,2.1788639258183616e-22,131214.17887063013,0.009162887365145833,1,1,1,1.314989237697565e+22,0.00014742043876922348,1.134045555400559e+18,668029171517689.9
97897.8978978979,300.0,0.8981028186691027,280.0,4.1670287970327214e+18,2.1679861129757513e-22,130559.10203763543,0.009146850311722037,1,1,1,1.3149891468317954e+22,0.0001474204397878989,1.131540991347037e+18,664774281866819.4
97997.997997998,300.0,0.8981028186691027,280.0,4.146224902274509e+18,2.1571626076228655e-22,129907.29567627794,0.009130841326643104,1,1,1,1.3149890561477576e+22,0.00014742044080453702,1.1290465784473297e+18,661535255494509.9
98098.09809809811,300.0,0.8981028186691027,280.0,4.125524870978292e+18,2.146393138629514e-22,129258.7434587251,0.009114860360783301,1,1,1,1.3149889656450877e+22,0.00014742044181914198,1.1265622664152037e+18,658312015088776.6
98198.19819819821,300.0,0.8981028186691027,280.0,4.104928184605658e+18,2.1356774362191316e-22,128613.42913866162,0.009098907365102884,1,1,1,1.314988875323423e+22,0.00014742044283171777,1.1240880052628097e+18,655104483714427.8
98298.29829829831,300.0,0.8981028186691027,280.0,4.0844343272069847e+18,2.1250152319620053e-22,127971.33655088136,0.009082982290647926,1,1,1,1.3149887851824016e+22,0.00014742044384226854,1.121623745298659e+18,651912584811224.8
98398.3983983984,300.0,0.8981028186691027,280.0,4.064042785408537e+18,2.1144062587685617e-22,127332.44961088331,0.009067085088550192,1,1,1,1.3149886952216623e+22,0.00014742044485079826,1.1191694371256197e+18,648736242192057.4
98498.4984984985,300.0,0.8981028186691027,280.0,4.043753048399588e+18,2.1038502508826673e-22,126696.75231446803,0.009051215710026967,1,1,1,1.3149886054408443e+22,0.00014742044585731097,1.1167250316389262e+18,645575380041124.5
98598.5985985986,300.0,0.8981028186691027,280.0,4.023564607919644e+18,2.0933469438749819e-22,126064.22873733737,0.009035374106380918,1,1,1,1.3149885158395879e+22,0.00014742044686181076,1.1142904800242039e+18,642429922912124.2
98698.6986986987,300.0,0.8981028186691027,280.0,4.003476958245701e+18,2.0828960746363265e-22,125434.86303469514,0.009019560228999952,1,1,1,1.3149884264175339e+22,0.00014742044786430163,1.1118657337555089e+18,639299795726453.5
98798.7987987988,300.0,0.8981028186691027,280.0,3.983489596179574e+18,2.0724973813710953e-22,124808.63944085028,0.00900377402935705,1,1,1,1.314988337174324e+22,0.00014742044886478756,1.1094507445933825e+18,636184923771415.9
98898.8988988989,300.0,0.8981028186691027,280.0,3.9636020210352973e+18,2.062150603590698e-22,124185.54226882207,0.008988015459010125,1,1,1,1.3149882481096004e+22,0.00014742044986327263,1.107045464582921e+18,633085232698438.1
98998.998998999,300.0,0.8981028186691027,280.0,3.9438137346265805e+18,2.0518554821070327e-22,123565.55590994694,0.00897228446960188,1,1,1,1.3149881592230061e+22,0.00014742045085976076,1.1046498460518587e+18,630000648521295.9
99099.09909909911,300.0,0.8981028186691027,280.0,3.9241242412543237e+18,2.0416117590259924e-22,122948.66483348745,0.008956581012859644,1,1,1,1.3149880705141852e+22,0.00014742045185425605,1.1022638416086666e+18,626931097614347.0
99199.19919919921,300.0,0.8981028186691027,280.0,3.9045330476942177e+18,2.0314191777410132e-22,122334.85358624383,0.008940905040595252,1,1,1,1.3149879819827818e+22,0.0001474204528467624,1.0998874041406661e+18,623876506710776.1
99299.29929929931,300.0,0.8981028186691027,280.0,3.885039663184364e+18,2.0212774829266334e-22,121724.10679216601,0.008925256504704857,1,1,1,1.3149878936284411e+22,0.00014742045383728377,1.0975204868121537e+18,620836802900843.1
99399.39939939941,300.0,0.8981028186691027,280.0,3.865643599413001e+18,2.0111864205321077e-22,121116.4091519691,0.008909635357168821,1,1,1,1.314987805450809e+22,0.0001474204548258242,1.0951630430625434e+18,617811913630144.8
99499.4994994995,300.0,0.8981028186691027,280.0,3.846344370506253e+18,2.0011457377750343e-22,120511.74544274961,0.00889404155005154,1,1,1,1.3149877174495322e+22,0.00014742045581238764,1.092815026604521e+18,614801766697882.1
99599.5995995996,300.0,0.8981028186691027,280.0,3.8271414930159816e+18,1.9911551831350322e-22,119910.10051760465,0.008878475035501312,1,1,1,1.3149876296242579e+22,0.000147420456796978,1.0904763914222134e+18,611806290255137.9
99699.6996996997,300.0,0.8981028186691027,280.0,3.808034485907658e+18,1.9812145063474355e-22,119311.45930525224,0.008862935765750186,1,1,1,1.314987541974634e+22,0.00014742045777959927,1.0881470917693708e+18,608825412803160.6
99799.7997997998,300.0,0.8981028186691027,280.0,3.789022870548322e+18,1.9713234583970246e-22,118715.80680965376,0.008847423693113816,1,1,1,1.3149874545003093e+22,0.00014742045876025536,1.0858270821675626e+18,605859063191658.9
99899.8998998999,300.0,0.8981028186691027,280.0,3.770106170694585e+18,1.9614817915117874e-22,118123.12810963827,0.008831938769991313,1,1,1,1.3149873672009332e+22,0.00014742045973895022,1.0835163174043877e+18,602907170617102.5
100000.0,300.0,0.8981028186691027,280.0,3.7512839124807066e+18,1.951689259156715e-22,117533.40835852885,0.008816480948865101,1,1,1,1.3149872800761557e+22,0.00014742046071568776,1.0812147525316969e+18,599969664621032.8
