time_years,temperature_K,cold_trap_factor,olr_W_m2,H2_flux_m-2_s-1,crossover_mass_kg_per_particle,crossover_mass_amu,atomic_N_photolysis_fraction,N_drag_active,Ar36_drag_active,Rayleigh_active,water_kg,D_H,N_kg,Ar36_kg
0.0,2800.0,0.05000000065485749,280.0,4.639499134516127e+20,9.37546069139441e-22,564603.1225622032,0.6096948773246815,1,1,1,2.8385836915292207e+22,0.00014693712050250685,2.35e+21,5000000000000000.0
100.10010010010011,2797.6563602760957,0.05000000067038625,280.0,4.6163364312024325e+20,9.373498233912894e-22,564484.9406767013,0.6086249108129783,1,1,1,2.838577701587167e+22,0.00014693715150902118,2.3452414792083364e+21,4999455795429340.0
200.20020020020021,2795.3127205521914,0.05000000068628325,280.0,4.5932893677044256e+20,9.37153454305818e-22,564366.6845157708,0.6075567950627653,1,1,1,2.838571723624993e+22,0.00014693718245359426,2.340482885989914e+21,4998908919821838.0
300.3003003003003,2792.969080828287,0.05000000070255721,280.0,4.57035736669023e+20,9.369569617020044e-22,564248.3539703978,0.6064905266675931,1,1,1,2.83856575761874e+22,0.00014693721333634968,2.33572424245166e+21,4998359360367816.0
400.40040040040043,2790.625441104383,0.050000000719217084,280.0,4.5475398537102977e+20,9.3676034539841e-22,564129.9489313175,0.6054261022257035,1,1,1,2.8385598035444955e+22,0.00014693724415741077,2.3309655706875496e+21,4997807104199187.0
500.50050050050055,2788.2818013804786,0.05000000073627201,280.0,4.524836257183024e+20,9.365636052131763e-22,564011.4692890121,0.6043635183400107,1,1,1,2.8385538613783957e+22,0.00014693727491690067,2.326206892778279e+21,4997252138389214.0
600.6006006006006,2785.9381616565743,0.050000000753731365,280.0,4.502246008380421e+20,9.363667409640247e-22,563892.9149337112,0.6033027716180842,1,1,1,2.8385479310966243e+22,0.00014693730561494224,2.3214482307909385e+21,4996694449952277.0
700.7007007007007,2783.59452193267,0.05000000077160474,280.0,4.4797685414138806e+20,9.36169752468254e-22,563774.2857553893,0.6022438586721303,1,1,1,2.8385420126754122e+22,0.0001469373362516581,2.316689606778688e+21,4996134025843635.0
800.8008008008009,2781.2508822087657,0.05000000078990195,280.0,4.45740329321999e+20,9.359726395427411e-22,563655.5816437672,0.6011867761189741,1,1,1,2.838536106091039e+22,0.00014693736682717056,2.3119310427804344e+21,4995570852959189.0
900.900900900901,2778.9072424848614,0.050000000808633045,280.0,4.4351497035464344e+20,9.357754020039373e-22,563536.8024883094,0.6001315205800426,1,1,1,2.838530211319831e+22,0.00014693739734160182,2.3071725608205099e+21,4995004918135243.0
1001.0010010010011,2776.563602760957,0.05000000082780831,280.0,4.413007214937957e+20,9.355780396678686e-22,563417.9481782244,0.599078088681345,1,1,1,2.838524328338161e+22,0.00014693742779507373,2.302414182908354e+21,4994436208148267.0
1101.1011011011012,2774.219963037053,0.05000000084743828,280.0,4.3909752727223966e+20,9.353805523501339e-22,563299.018602463,0.5980264770534562,1,1,1,2.838518457122451e+22,0.00014693745818770794,2.297655931038196e+21,4993864709714656.0
1201.2012012012012,2771.8763233131485,0.05000000086753374,280.0,4.369053324996795e+20,9.351829398659032e-22,563180.0136497183,0.5969766823314981,1,1,1,2.8385125976491684e+22,0.00014693748851962585,2.2928978271887394e+21,4993290409490491.0
1301.3013013013015,2769.5326835892442,0.05000000088810574,280.0,4.347240822613568e+20,9.349852020299168e-22,563060.9332084242,0.5959287011551214,1,1,1,2.8385067498948287e+22,0.0001469375187909486,2.2881398933228492e+21,4992713294071299.0
1401.4014014014015,2767.18904386534,0.05000000090916555,280.0,4.325537219166753e+20,9.34787338656484e-22,562941.7771667554,0.5948825301684871,1,1,1,2.8385009138359937e+22,0.0001469375490017971,2.2833821513872405e+21,4992133349991809.0
1501.5015015015017,2764.8454041414357,0.050000000930724764,280.0,4.3039419709783186e+20,9.34589349559481e-22,562822.5454126254,0.5938381660202491,1,1,1,2.8384950894492725e+22,0.00014693757915229208,2.2786246233121683e+21,4991550563725714.0
1601.6016016016017,2762.5017644175314,0.05000000095279522,280.0,4.2824545370845466e+20,9.343912345523502e-22,562703.2378336868,0.5927956053635356,1,1,1,2.8384892767113214e+22,0.0001469376092425539,2.273867331011121e+21,4990964921685427.0
1701.7017017017017,2760.158124693627,0.05000000097538903,280.0,4.26107437922248e+20,9.341929934480985e-22,562583.8543173296,0.5917548448559302,1,1,1,2.838483475598842e+22,0.00014693763927270281,2.2691102963805145e+21,4990376410221837.0
1801.801801801802,2757.814484969723,0.05000000099851861,280.0,4.239800961816442e+20,9.339946260592966e-22,562464.3947506815,0.5907158811594544,1,1,1,2.838477686088584e+22,0.00014693766924285878,2.2643535412993883e+21,4989785015624067.0
1901.901901901902,2755.4708452458185,0.05000000102219667,280.0,4.218633751964616e+20,9.33796132198076e-22,562344.8590206055,0.5896787109405488,1,1,1,2.838471908157343e+22,0.00014693769915314147,2.2595970876291046e+21,4989190724119229.0
2002.0020020020022,2753.127205521914,0.05000000104643621,280.0,4.197572219425697e+20,9.335975116761295e-22,562225.2470137001,0.5886433308700547,1,1,1,2.8384661417819606e+22,0.0001469377290036704,2.2548409572130483e+21,4988593521872180.0
2102.1021021021024,2750.78356579801,0.05000000107125055,280.0,4.1766158366056147e+20,9.33398764304709e-22,562105.558616299,0.5876097376231956,1,1,1,2.838460386939325e+22,0.00014693775879456479,2.2500851718763297e+21,4987993394985276.0
2202.2022022022024,2748.4399260741056,0.05000000109665332,280.0,4.155764078544308e+20,9.331998898946236e-22,561985.7937144686,0.5865779278795585,1,1,1,2.8384546436063716e+22,0.00014693778852594366,2.2453297534254886e+21,4987390329498126.0
2302.3023023023025,2746.0962863502014,0.05000000112265846,280.0,4.1350164229025805e+20,9.330008882562382e-22,561865.9521940082,0.5855478983230755,1,1,1,2.8384489117600803e+22,0.00014693781819792573,2.2405747236482014e+21,4986784311387347.0
2402.4024024024025,2743.752646626297,0.05000000114928027,280.0,4.1143723499490175e+20,9.32801759199474e-22,561746.0339404495,0.5845196456420054,1,1,1,2.838443191377478e+22,0.0001469378478106296,2.2358201043129894e+21,4986175326566316.0
2502.5025025025025,2741.409006902393,0.050000001176533374,280.0,4.093831342546959e+20,9.32602502533803e-22,561626.0388390542,0.5834931665289145,1,1,1,2.838437482435637e+22,0.00014693787736417353,2.231065917168929e+21,4985563360884920.0
2602.602602602603,2739.0653671784885,0.05000000120443273,280.0,4.073392886141555e+20,9.324031180682523e-22,561505.9667748156,0.5824684576806582,1,1,1,2.8384317849116757e+22,0.00014693790685867556,2.2263121839453645e+21,4984948400129312.0
2702.702702702703,2736.721727454584,0.05000000123299367,280.0,4.053056468746868e+20,9.322036056113967e-22,561385.8176324549,0.5814455157983622,1,1,1,2.838426098782759e+22,0.00014693793629425356,2.2215589263516235e+21,4984330430021660.0
2802.802802802803,2734.37808773068,0.05000000126223188,280.0,4.032821580933051e+20,9.32003964971362e-22,561265.5912964229,0.5804243375874034,1,1,1,2.8384204240260967e+22,0.00014693796567102506,2.2168061660767333e+21,4983709436219897.0
2902.902902902903,2732.0344480067756,0.05000000129216342,280.0,4.012687715813587e+20,9.318041959558205e-22,561145.2876508969,0.5794049197573914,1,1,1,2.838414760618944e+22,0.0001469379949891075,2.212053924789139e+21,4983085404317473.0
3003.0030030030034,2729.6908082828713,0.05000000132280474,280.0,3.9926543690325905e+20,9.316042983719913e-22,561024.906579782,0.5783872590221492,1,1,1,2.838409108538602e+22,0.0001469380242486179,2.207302224136426e+21,4982458319843103.0
3103.1031031031034,2727.347168558967,0.05000000135417265,280.0,3.972721038752171e+20,9.314042720266372e-22,560904.447966708,0.5773713520996947,1,1,1,2.8384034677624173e+22,0.0001469380534496732,2.2025510857450418e+21,4981828168260516.0
3203.2032032032034,2725.0035288350628,0.0500000013862844,280.0,3.9528872256398675e+20,9.31204116726066e-22,560783.9116950305,0.5763571957122211,1,1,1,2.8383978382677812e+22,0.0001469380825923901,2.1978005312200222e+21,4981194934968205.0
3303.3033033033034,2722.6598891111585,0.05000000141915762,280.0,3.933152432856134e+20,9.310038322761245e-22,560663.2976478281,0.5753447865860782,1,1,1,2.838392220032131e+22,0.0001469381116768849,2.1930505821447177e+21,4980558605299174.0
3403.4034034034034,2720.316249387254,0.050000001452810375,280.0,3.913516166041896e+20,9.308034184822028e-22,560542.605707904,0.5743341214517528,1,1,1,2.838386613032948e+22,0.0001469381407032739,2.1883012600805243e+21,4979919164520684.0
3503.503503503504,2717.97260966335,0.050000001487261136,280.0,3.8939779333061706e+20,9.306028751492279e-22,560421.8357577823,0.5733251970438505,1,1,1,2.8383810172477604e+22,0.00014693816967167303,2.1835525865666136e+21,4979276597834001.0
3603.603603603604,2715.6289699394456,0.05000000152252884,280.0,3.874537245213737e+20,9.30402202081664e-22,560300.987679709,0.5723180101010751,1,1,1,2.8383754326541393e+22,0.00014693819858219802,2.178804583119668e+21,4978630890374144.0
3703.703703703704,2713.2853302155413,0.05000000155863285,280.0,3.855193614772882e+20,9.302013990835127e-22,560180.061355651,0.5713125573662102,1,1,1,2.838369859229702e+22,0.00014693822743496436,2.174057271233616e+21,4977982027209628.0
3803.803803803804,2710.941690491637,0.05000000159559301,280.0,3.8359465574232e+20,9.300004659583083e-22,560059.056667294,0.5703088355860997,1,1,1,2.83836429695211e+22,0.0001469382562300873,2.16931067237937e+21,4977329993342210.0
3903.9039039039044,2708.5980507677327,0.0500000016334296,280.0,3.816795591023451e+20,9.297994025091179e-22,559937.9734960422,0.5693068415116284,1,1,1,2.83835874579907e+22,0.0001469382849676819,2.1645648080045676e+21,4976674773706634.0
4004.0040040040044,2706.2544110438284,0.050000001672163424,280.0,3.797740235839488e+20,9.295982085385403e-22,559816.8117230181,0.5683065718977018,1,1,1,2.8383532057483324e+22,0.000146938313647863,2.159819699533313e+21,4976016353170377.0
4104.104104104104,2703.910771319924,0.05000000171181575,280.0,3.7787800145322364e+20,9.293968838487053e-22,559695.5712290612,0.5673080235032282,1,1,1,2.838347676777693e+22,0.0001469383422707451,2.155075368365923e+21,4975354716533388.0
4204.204204204205,2701.56713159602,0.05000000175240836,280.0,3.7599144521457356e+20,9.291954282412682e-22,559574.251894726,0.5663111930910971,1,1,1,2.838342158864991e+22,0.00014693837083644266,2.1503318358786727e+21,4974689848527837.0
4304.304304304304,2699.2234918721156,0.05000000179396354,280.0,3.7411430760952463e+20,9.289938415174135e-22,559452.8536002827,0.5653160774281615,1,1,1,2.838336651988111e+22,0.0001469383993450697,2.1455891234235453e+21,4974021733817853.0
4404.404404404405,2696.8798521482113,0.05000000183650414,280.0,3.722465416155406e+20,9.287921234778491e-22,559331.3762257153,0.5643226732852162,1,1,1,2.8383311561249813e+22,0.00014693842779674017,2.1408472523279835e+21,4973350356999268.0
4504.504504504504,2694.536212424307,0.050000001880053505,280.0,3.703881004448454e+20,9.285902739228074e-22,559209.8196507205,0.5633309774369798,1,1,1,2.8383256712535748e+22,0.00014693845619156775,2.136106243894643e+21,4972675702599360.0
4604.604604604605,2692.1925727004027,0.05000000192463557,280.0,3.6853893754325094e+20,9.283882926520428e-22,559088.183754708,0.5623409866620743,1,1,1,2.8383201973519077e+22,0.00014693848452966587,2.1313661194011479e+21,4971997755076591.0
4704.704704704705,2689.8489329764984,0.050000001970274814,280.0,3.66699006588991e+20,9.281861794648293e-22,558966.4684167977,0.5613526977430048,1,1,1,2.8383147343980406e+22,0.00014693851281114773,2.1266269000998495e+21,4971316498820351.0
4804.804804804805,2687.505293252594,0.05000000201699631,280.0,3.6486826149156074e+20,9.27983934159961e-22,558844.6735158208,0.5603661074661398,1,1,1,2.838309282370078e+22,0.00014693854103612638,2.1218886072175863e+21,4970631918150696.0
4904.904904904905,2685.16165352869,0.05000000206482572,280.0,3.6304665639056225e+20,9.277815565357482e-22,558722.7989303168,0.5593812126216912,1,1,1,2.8383038412461676e+22,0.0001469385692047145,2.1171512619554465e+21,4969943997318089.0
5005.005005005005,2682.8180138047856,0.05000000211378932,280.0,3.612341456545558e+20,9.275790463900177e-22,558600.8445385343,0.5583980100036947,1,1,1,2.8382984110045015e+22,0.0001469385973170247,2.1124148854885334e+21,4969252720503139.0
5105.105105105105,2680.4743740808813,0.050000002163914,280.0,3.594306838799164e+20,9.273764035201108e-22,558478.8102184294,0.557416496409989,1,1,1,2.8382929916233154e+22,0.0001469386253731693,2.1076794989657315e+21,4968558071816339.0
5205.205205205206,2678.130734356977,0.0500000022152273,280.0,3.5763622588969694e+20,9.2717362772288e-22,558356.695847664,0.5564366686421959,1,1,1,2.8382875830808887e+22,0.00014693865337326036,2.1029451235094768e+21,4967860035297806.0
5305.305305305305,2675.7870946330727,0.0500000022677574,280.0,3.558507267324961e+20,9.269707187946895e-22,558234.5013036057,0.5554585235057,1,1,1,2.8382821853555434e+22,0.0001469386813174098,2.0982117802155285e+21,4967158594917018.0
5405.405405405406,2673.4434549091684,0.05000000232153316,280.0,3.540741416813326e+20,9.267676765314139e-22,558112.2264633275,0.5544820578096286,1,1,1,2.8382767984256454e+22,0.00014693870920572919,2.0934794901527428e+21,4966453734572551.0
5505.505505505506,2671.099815185264,0.05000000237658411,280.0,3.523064262325245e+20,9.265645007284332e-22,557989.8712036044,0.553507268366831,1,1,1,2.838271422269604e+22,0.00014693873703833005,2.088748274362849e+21,4965745438091816.0
5605.605605605606,2668.75617546136,0.0500000024329405,280.0,3.505475361045748e+20,9.26361191180636e-22,557867.4354009153,0.5525341519938581,1,1,1,2.8382660568658716e+22,0.00014693876481532354,2.0840181538602284e+21,4965033689230798.0
5705.705705705706,2666.4125357374555,0.05000000249063327,280.0,3.487974272370615e+20,9.261577476824138e-22,557744.9189314403,0.5515627055109424,1,1,1,2.8382607021929434e+22,0.00014693879253682062,2.0792891496316954e+21,4964318471673790.0
5805.805805805806,2664.0688960135512,0.050000002549694125,280.0,3.4705605578953464e+20,9.25954170027661e-22,557622.3216710594,0.5505929257419768,1,1,1,2.8382553582293576e+22,0.0001469388202029321,2.0745612826362802e+21,4963599769033128.0
5905.905905905906,2661.725256289647,0.0500000026101555,280.0,3.4532337814041756e+20,9.257504580097745e-22,557499.6434953536,0.5496248095144939,1,1,1,2.838250024953696e+22,0.00014693884781376848,2.069834573805015e+21,4962877564848929.0
6006.006006006007,2659.3816165657427,0.050000002672050604,280.0,3.435993508859145e+20,9.255466114216495e-22,557376.8842796015,0.548658353659646,1,1,1,2.8382447023445823e+22,0.00014693887536944015,2.0651090440407218e+21,4962151842588824.0
6106.106106106106,2657.0379768418384,0.05000000273541345,280.0,3.418839308389231e+20,9.253426300556788e-22,557254.0438987792,0.5476935550121839,1,1,1,2.8382393903806834e+22,0.00014693890287005711,2.060384714217802e+21,4961422585647693.0
6206.206206206207,2654.694337117934,0.05000000280027882,280.0,3.4017707502795253e+20,9.251385137037537e-22,557131.1222275607,0.5467304104104356,1,1,1,2.838234089040709e+22,0.00014693893031572934,2.05566160518203e+21,4960689777347400.0
6306.306306306306,2652.35069739403,0.05000000286668235,280.0,3.384787406960474e+20,9.24934262157257e-22,557008.119140314,0.5457689166962865,1,1,1,2.838228798303412e+22,0.00014693895770656644,2.0509397377503474e+21,4959953400936525.0
6406.406406406407,2650.0070576701255,0.05000000293466053,280.0,3.3678888529971636e+20,9.247298752070672e-22,556885.0345111032,0.5448090707151573,1,1,1,2.8382235181475862e+22,0.00014693898504267787,2.0462191327106609e+21,4959213439590100.0
6506.506506506507,2647.663417946221,0.050000003004250684,280.0,3.3510746650786634e+20,9.245253526435519e-22,556761.8682136846,0.5438508693159838,1,1,1,2.838218248552069e+22,0.0001469390123241729,2.041499810821641e+21,4958469876409339.0
6606.606606606607,2645.319778222317,0.050000003075491045,280.0,3.3343444220074256e+20,9.243206942565698e-22,556638.6201215086,0.542894309351195,1,1,1,2.8382129894957393e+22,0.0001469390395511605,2.0367817928125257e+21,4957722694421373.0
6706.706706706707,2642.9761384984126,0.05000000314842074,280.0,3.317697704688728e+20,9.241158998354665e-22,556515.2901077159,0.5419393876766924,1,1,1,2.8382077409575196e+22,0.00014693906672374945,2.032065099382923e+21,4956971876578982.0
6806.806806806807,2640.6324987745083,0.050000003223079834,280.0,3.301134096120183e+20,9.239109691690737e-22,556391.8780451381,0.5409861011518291,1,1,1,2.8382025029163732e+22,0.00014693909384204835,2.027349751202619e+21,4956217405760326.0
6906.906906906907,2638.288859050604,0.05000000329950933,280.0,3.2846531813812843e+20,9.237059020457086e-22,556268.3838062971,0.5400344466393876,1,1,1,2.838197275351306e+22,0.00014693912090616557,2.022635768911387e+21,4955459264768677.0
7007.007007007008,2635.9452193266998,0.05000000337775121,280.0,3.268254547623019e+20,9.235006982531696e-22,556144.807263402,0.539084421005559,1,1,1,2.8381920582413656e+22,0.00014693914791620924,2.0179231731187977e+21,4954697436332150.0
7107.107107107107,2633.6015796027955,0.05000000345784846,280.0,3.251937784057523e+20,9.232953575787377e-22,556021.1482883507,0.5381360211199212,1,1,1,2.8381868515656422e+22,0.00014693917487228726,2.0132119844040354e+21,4953931903103436.0
7207.207207207208,2631.257939878891,0.05000000353984507,280.0,3.235702481947789e+20,9.230898798091716e-22,555897.406752726,0.5371892438554174,1,1,1,2.838181655303267e+22,0.0001469392017745074,2.0085022233157123e+21,4953162647659529.0
7307.307307307307,2628.914300154987,0.05000000362378608,280.0,3.219548234597433e+20,9.228842647307084e-22,555773.5825277972,0.536244086088335,1,1,1,2.838176469433414e+22,0.00014693922862297711,2.003793910371688e+21,4952389652501459.0
7407.407407407408,2626.5706604310826,0.0500000037097176,280.0,3.203474637340498e+20,9.226785121290609e-22,555649.6754845176,0.5353005446982829,1,1,1,2.8381712939352974e+22,0.00014693925541780373,1.9990870660588912e+21,4951612900054021.0
7507.507507507508,2624.2270207071783,0.05000000379768683,280.0,3.1874812875313263e+20,9.224726217894155e-22,555525.6854935235,0.5343586165681705,1,1,1,2.838166128788174e+22,0.0001469392821590943,1.9943817108331422e+21,4950832372665506.0
7607.607607607608,2621.883380983274,0.05000000388774209,280.0,3.171567784534469e+20,9.22266593496432e-22,555401.6124251339,0.533418298584186,1,1,1,2.838160973971342e+22,0.00014693930884695564,1.9896778651189799e+21,4950048052607428.0
7707.707707707708,2619.5397412593697,0.050000003979932844,280.0,3.155733729714647e+20,9.220604270342385e-22,555277.4561493482,0.5324795876357732,1,1,1,2.838155829464141e+22,0.00014693933548149448,1.984975549309489e+21,4949259922074255.0
7807.807807807809,2617.1961015354655,0.05000000407430974,280.0,3.1399787264267715e+20,9.218541221864341e-22,555153.2165358462,0.531542480615611,1,1,1,2.838150695245951e+22,0.00014693936206281716,1.9802747837661318e+21,4948467963183139.0
7907.907907907908,2614.852461811561,0.05000000417092461,280.0,3.124302380006002e+20,9.216476787360838e-22,555028.8934539872,0.5306069744195906,1,1,1,2.8381455712961948e+22,0.00014693938859102994,1.9755755888185812e+21,4947672157973641.0
8008.008008008009,2612.508822087657,0.05000000426983053,280.0,3.108704297757864e+20,9.214410964657175e-22,554904.4867728073,0.5296730659467935,1,1,1,2.8381404575943352e+22,0.00014693941506623888,1.9708779847645562e+21,4946872488407462.0
8108.108108108108,2610.1651823637526,0.05000000437108182,280.0,3.0931840889484096e+20,9.212343751573285e-22,554779.9963610203,0.5287407520994687,1,1,1,2.838135354119876e+22,0.00014693944148854972,1.9661819918696597e+21,4946068936368171.0
8208.208208208209,2607.8215426398483,0.05000000447473411,280.0,3.077741364794431e+20,9.210275145923724e-22,554655.4220870154,0.5278100297830114,1,1,1,2.8381302608523633e+22,0.00014693946785806803,1.9614876303672198e+21,4945261483660931.0
8308.30830830831,2605.477902915944,0.05000000458084431,280.0,3.0623757384537224e+20,9.208205145517633e-22,554530.7638188561,0.5268808959059396,1,1,1,2.838125177771383e+22,0.00014693949417489923,1.9567949204581316e+21,4944450112012230.0
8408.40840840841,2603.1342631920397,0.05000000468947073,280.0,3.047086825015385e+20,9.206133748158742e-22,554406.0214242801,0.5259533473798722,1,1,1,2.8381201048565616e+22,0.0001469395204391485,1.9521038823107036e+21,4943634803069605.0
8508.508508508508,2600.7906234681354,0.050000004800673035,280.0,3.03187424149019e+20,9.204060951645338e-22,554281.1947706974,0.5250273811195062,1,1,1,2.838115042087567e+22,0.00014693954665092075,1.9474145360605057e+21,4942815538401372.0
8608.608608608609,2598.446983744231,0.05000000491451229,280.0,3.0167376068009814e+20,9.201986753770245e-22,554156.2837251886,0.5241029940425944,1,1,1,2.8381099894441077e+22,0.00014693957281032073,1.942726901810218e+21,4941992299496350.0
8708.70870870871,2596.103344020327,0.050000005031051044,280.0,3.0016765417731326e+20,9.199911152320819e-22,554031.2881545051,0.5231801830699219,1,1,1,2.8381049469059325e+22,0.00014693959891745302,1.9380409996294847e+21,4941165067763591.0
8808.80880880881,2593.7597042964226,0.0500000051503533,280.0,2.9866906691250455e+20,9.197834145078916e-22,553906.2079250675,0.5222589451252841,1,1,1,2.8380999144528308e+22,0.00014693962497242194,1.93335684955477e+21,4940333824532103.0
8908.90890890891,2591.4160645725183,0.0500000052724846,280.0,2.971779613458702e+20,9.195755729820884e-22,553781.0429029644,0.5213392771354631,1,1,1,2.8380948920646326e+22,0.0001469396509753316,1.9286744715892142e+21,4939498551050582.0
9009.009009009009,2589.072424848614,0.05000000539751201,280.0,2.956943001250257e+20,9.193675904317523e-22,553655.7929539501,0.5204211760302057,1,1,1,2.8380898797212083e+22,0.0001469396769262859,1.9239938857024938e+21,4938659228487132.0
9109.10910910911,2586.7287851247097,0.050000005525504224,280.0,2.9421804608406864e+20,9.191594666334107e-22,553530.4579434466,0.5195046387421985,1,1,1,2.8380848774024683e+22,0.00014693970282538858,1.9193151118306857e+21,4937815837928995.0
9209.20920920921,2584.3851454008054,0.050000005656531545,280.0,2.9274916224264703e+20,9.189512013630319e-22,553405.0377365387,0.5185896622070474,1,1,1,2.838079885088363e+22,0.0001469397286727431,1.914638169876131e+21,4936968360382277.0
9309.30930930931,2582.041505676901,0.050000005790665936,280.0,2.9128761180503363e+20,9.187427943960259e-22,553279.5321979753,0.5176762433632518,1,1,1,2.8380749027588832e+22,0.00014693975446845284,1.909963079707302e+21,4936116776771672.0
9409.40940940941,2579.697865952997,0.05000000592798108,280.0,2.898333581592038e+20,9.185342455072428e-22,553153.9411921682,0.5167643791521825,1,1,1,2.8380699303940597e+22,0.00014693978021262084,1.905289861158674e+21,4935261067940190.0
9509.50950950951,2577.3542262290925,0.050000006068552406,280.0,2.8838636487591834e+20,9.18325554470969e-22,553028.2645831893,0.5158540665180583,1,1,1,2.8380649679739632e+22,0.00014693980590534992,1.9006185340305959e+21,4934401214648880.0
9609.60960960961,2575.0105865051883,0.05000000621245713,280.0,2.8694659570781133e+20,9.181167210609263e-22,552902.5022347708,0.5149453024079222,1,1,1,2.8380600154787045e+22,0.00014693983154674288,1.8959491180891655e+21,4933537197576559.0
9709.70970970971,2572.666946781284,0.05000000635977429,280.0,2.855140145884815e+20,9.1790774505027e-22,552776.6540103039,0.5140380837716177,1,1,1,2.838055072888434e+22,0.00014693985713690213,1.8912816330661078e+21,4932668997319534.0
9809.80980980981,2570.3233070573797,0.05000000651058481,280.0,2.8408858563158947e+20,9.176986262115878e-22,552650.7197728376,0.5131324075617654,1,1,1,2.8380501401833413e+22,0.00014693988267592994,1.886616098658654e+21,4931796594391330.0
9909.909909909911,2567.9796673334754,0.05000000666497153,280.0,2.826702731299582e+20,9.17489364316896e-22,552524.6993850772,0.5122282707337391,1,1,1,2.8380452173436565e+22,0.0001469399081639284,1.8819525345294245e+21,4930919969222414.0
10010.01001001001,2565.636027609571,0.05000000682301925,280.0,2.8125904155467894e+20,9.172799591376387e-22,552398.5927093829,0.5113256702456419,1,1,1,2.8380403043496486e+22,0.00014693993360099936,1.8772909603063123e+21,4930039102159922.0
10110.11011011011,2563.292387885667,0.050000006984814785,280.0,2.7985485555422082e+20,9.170704104446864e-22,552272.39960777,0.5104246030582825,1,1,1,2.838035401181626e+22,0.00014693995898724447,1.872631395582372e+21,4929153973467381.0
10210.21021021021,2560.9487481617625,0.05000000715044701,280.0,2.7845767995354572e+20,9.16860718008332e-22,552146.1199419056,0.50952506613515,1,1,1,2.8380305078199372e+22,0.0001469399843227652,1.8679738599157088e+21,4928264563324437.0
10310.310310310311,2558.6051084378582,0.050000007320006895,280.0,2.7706747975322678e+20,9.166508815982906e-22,552019.7535731092,0.5086270564423916,1,1,1,2.8380256242449693e+22,0.00014694000960766284,1.8633183728293705e+21,4927370851826580.0
10410.410410410412,2556.261468713954,0.050000007493587593,280.0,2.7568422012857198e+20,9.16440900983698e-22,551893.3003623509,0.5077305709487868,1,1,1,2.838020750437149e+22,0.00014694003484203838,1.858664953811243e+21,4926472818984869.0
10510.51051051051,2553.9178289900497,0.050000007671284444,280.0,2.743078664287515e+20,9.162307759331067e-22,551766.7601702499,0.5068356066257238,1,1,1,2.838015886376942e+22,0.00014694006002599275,1.854013622313947e+21,4925570444725657.0
10610.61061061061,2551.5741892661454,0.05000000785319505,280.0,2.7293838417592975e+20,9.160205062144845e-22,551640.1328570733,0.5059421604471745,1,1,1,2.8380110320448534e+22,0.0001469400851596265,1.8493643977547372e+21,4924663708890315.0
10710.710710710711,2549.230549542241,0.050000008039419334,280.0,2.715757390644019e+20,9.158100915952147e-22,551513.4182827362,0.505050229389671,1,1,1,2.838006187421426e+22,0.00014694011024304017,1.8447172995154062e+21,4923752591234960.0
10810.810810810812,2546.886909818337,0.05000000823005959,280.0,2.7021989695973425e+20,9.155995318420903e-22,551386.616306798,0.5041598104322796,1,1,1,2.838001352487244e+22,0.00014694013527633402,1.8400723469421872e+21,4922837071430179.0
10910.910910910912,2544.5432700944325,0.05000000842522054,280.0,2.6887082389790936e+20,9.153888267213152e-22,551259.7267884635,0.5032709005565774,1,1,1,2.8379965272229274e+22,0.00014694016025960802,1.8354295593456632e+21,4921917129060754.0
11011.011011011013,2542.199630370528,0.05000000862500937,280.0,2.6752848608447522e+20,9.151779759985004e-22,551132.7495865806,0.502383496746626,1,1,1,2.8379917116091375e+22,0.00014694018519296207,1.8307889560006746e+21,4920992743625388.0
11111.111111111111,2539.855990646624,0.050000008829535834,280.0,2.6619284989369863e+20,9.149669794386625e-22,551005.6845596387,0.5014975959889479,1,1,1,2.837986905626573e+22,0.00014694021007649586,1.8261505561462332e+21,4920063894536430.0
11211.211211211212,2537.5123509227196,0.050000009038912274,280.0,2.6486388186772282e+20,9.14755836806222e-22,550878.531565769,0.5006131952725011,1,1,1,2.8379821092559714e+22,0.0001469402349103088,1.8215143789854358e+21,4919130561119603.0
11311.311311311312,2535.1687111988153,0.050000009253253694,280.0,2.6354154871572942e+20,9.145445478650006e-22,550751.2904627414,0.49973029158865334,1,1,1,2.837977322478109e+22,0.00014694025969450012,1.8168804436853819e+21,4918192722613725.0
11411.411411411413,2532.825071474911,0.05000000947267783,280.0,2.622258173131045e+20,9.14333112378219e-22,550623.9611079643,0.4988488819311575,1,1,1,2.8379725452738002e+22,0.0001469402844291689,1.812248769377093e+21,4917250358170441.0
11511.511511511513,2530.4814317510068,0.05000000969730522,280.0,2.6091665470060878e+20,9.141215301084958e-22,550496.5433584832,0.4979689632961265,1,1,1,2.8379677776238977e+22,0.00014694030911441405,1.8076193751554353e+21,4916303446853945.0
11611.611611611612,2528.1377920271025,0.05000000992725923,280.0,2.596140280835522e+20,9.139098008178438e-22,550369.0370709792,0.4970905326820068,1,1,1,2.8379630195092933e+22,0.0001469403337503342,1.802992280079044e+21,4915351967640706.0
11711.711711711712,2525.794152303198,0.05000001016266619,280.0,2.583179048309719e+20,9.13697924267671e-22,550241.4421017688,0.496213587089554,1,1,1,2.837958270910916e+22,0.00014694035833702786,1.79836750317025e+21,4914395899419198.0
11811.811811811813,2523.450512579294,0.0500000104036554,280.0,2.5702825247481538e+20,9.134859002187741e-22,550113.7583068003,0.4953381235218065,1,1,1,2.8379535318097334e+22,0.0001469403828745932,1.793745063415011e+21,4913435220989622.0
11911.911911911913,2521.1068728553896,0.05000001065035923,280.0,2.5574503870912676e+20,9.132737284313394e-22,549985.9855416548,0.49446413898405994,1,1,1,2.8379488021867512e+22,0.00014694040736312836,1.7891249797628423e+21,4912469911063637.0
12012.012012012014,2518.7632331314853,0.05000001090291319,280.0,2.5446823138923774e+20,9.130614086649406e-22,549858.1236615442,0.4935916304838413,1,1,1,2.8379440820230134e+22,0.00014694043180273124,1.7845072711267522e+21,4911499948264085.0
12112.112112112112,2516.419593407581,0.05000001116145602,280.0,2.531977985309624e+20,9.128489406785347e-22,549730.1725213091,0.4927205950308834,1,1,1,2.837939371299601e+22,0.00014694045619349948,1.7798919563831788e+21,4910525311124718.0
12212.212212212213,2514.0759536836767,0.05000001142612972,280.0,2.519337083097957e+20,9.126363242304623e-22,549602.131975419,0.491851029637098,1,1,1,2.8379346699976337e+22,0.00014694048053553064,1.7752790543719297e+21,4909545978089926.0
12312.312312312313,2511.7323139597725,0.05000001169707967,280.0,2.5067592906011656e+20,9.124235590784437e-22,549474.0018779696,0.49098293131655013,1,1,1,2.8379299780982682e+22,0.0001469405048289219,1.7706685838961245e+21,4908561927514465.0
12412.412412412414,2509.388674235868,0.050000011974454715,280.0,2.4942442927439456e+20,9.122106449795779e-22,549345.7820826827,0.49011629708543186,1,1,1,2.8379252955827e+22,0.0001469405290737705,1.766060563722139e+21,4907573137663185.0
12512.512512512514,2507.045034511964,0.0500000122584072,280.0,2.481791776024007e+20,9.119975816903389e-22,549217.4724429034,0.4892511239620357,1,1,1,2.837920622432161e+22,0.00014694055327017325,1.7614550125795533e+21,4906579586710758.0
12612.612612612613,2504.7013947880596,0.05000001254909311,280.0,2.469401428504219e+20,9.117843689665748e-22,549089.0728116004,0.488387408966728,1,1,1,2.8379159586279216e+22,0.00014694057741822692,1.7568519491611003e+21,4905581252741408.0
12712.712712712713,2502.3577550641553,0.050000012846672104,280.0,2.457072939804798e+20,9.115710065635053e-22,548960.5830413633,0.48752514912192274,1,1,1,2.837911304151289e+22,0.000146940601518028,1.7522513921226184e+21,4904578113748637.0
12812.812812812814,2500.014115340251,0.05000001315130764,280.0,2.4448060010955312e+20,9.113574942357197e-22,548832.0029844025,0.48666434145205445,1,1,1,2.837906658983608e+22,0.00014694062556967283,1.7476533600830064e+21,4903570147634958.0
12912.912912912914,2497.6704756163467,0.05000001346316706,280.0,2.4326003050880415e+20,9.111438317371744e-22,548703.3324925472,0.48580498298355146,1,1,1,2.837902023106261e+22,0.00014694064957325757,1.7430578716241803e+21,4902557332211622.0
13013.013013013015,2495.3268358924424,0.05000001378242167,280.0,2.4204555460280887e+20,9.1093001882119e-22,548574.5714172438,0.4849470707448091,1,1,1,2.8378973965006668e+22,0.00014694067352887815,1.7384649452910333e+21,4901539645198351.0
13113.113113113113,2492.983196168538,0.050000014109246815,280.0,2.4083714196879118e+20,9.107160552404507e-22,548445.7196095552,0.4840906017661626,1,1,1,2.8378927791482824e+22,0.0001469406974366303,1.7338745995913976e+21,4900517064223064.0
13213.213213213214,2490.639556444634,0.05000001444382203,280.0,2.396347623358606e+20,9.105019407469998e-22,548316.7769201584,0.48323557307985926,1,1,1,2.837888171030601e+22,0.00014694072129660965,1.7292868529960093e+21,4899489566821613.0
13313.313313313314,2488.2959167207296,0.050000014786331086,280.0,2.384383855842542e+20,9.102876750922403e-22,548187.743199345,0.48238198172003255,1,1,1,2.8378835721291538e+22,0.00014694074510891153,1.724701723938476e+21,4898457130437511.0
13413.413413413415,2485.9522769968253,0.050000015136962124,280.0,2.3724798174458187e+20,9.1007325802693e-22,548058.6182970179,0.4815298247226732,1,1,1,2.837878982425508e+22,0.00014694076887363113,1.7201192308152457e+21,4897419732421665.0
13513.513513513515,2483.608637272921,0.05000001549590774,280.0,2.360635209970758e+20,9.098586893011802e-22,547929.4020626906,0.4806790991256027,1,1,1,2.8378744019012683e+22,0.00014694079259086344,1.7155393919855792e+21,4896377350032108.0
13613.613613613614,2481.2649975490167,0.0500000158633651,280.0,2.348849736708435e+20,9.096439686644547e-22,547800.0943454868,0.47982980196844544,1,1,1,2.837869830538076e+22,0.0001469408162607033,1.710962225771525e+21,4895329960433732.0
13713.713713713714,2478.9213578251124,0.050000016239536045,280.0,2.3371231024312412e+20,9.09429095865565e-22,547670.6949941374,0.47898193029260017,1,1,1,2.8378652683176084e+22,0.00014694083988324525,1.706387750457896e+21,4894277540698022.0
13813.813813813815,2476.577718101208,0.050000016624627205,280.0,2.325455013385495e+20,9.092140706526697e-22,547541.2038569801,0.4781354811412136,1,1,1,2.837860715221581e+22,0.00014694086345858382,1.7018159842922505e+21,4893220067802788.0
13913.913913913915,2474.234078377304,0.0500000170188501,280.0,2.3138451772840795e+20,9.089988927732726e-22,547411.620781958,0.4772904515591513,1,1,1,2.837856171231744e+22,0.00014694088698681318,1.697246945484872e+21,4892157518631901.0
14014.014014014016,2471.8904386533995,0.050000017422421286,280.0,2.302293303299121e+20,9.087835619742175e-22,547281.9456166172,0.4764468385929696,1,1,1,2.837851636329886e+22,0.0001469409104680274,1.6926806522087565e+21,4891089869975027.0
14114.114114114114,2469.5467989294953,0.05000001783556242,280.0,2.290799102054705e+20,9.085680780016907e-22,547152.1782081075,0.47560463929088814,1,1,1,2.8378471104978306e+22,0.00014694093390232036,1.688117122599597e+21,4890017098527363.0
14214.214214214215,2467.203159205591,0.05000001825850045,280.0,2.2793622856196257e+20,9.08352440601214e-22,547022.3184031785,0.47476385070276045,1,1,1,2.837842593717438e+22,0.00014694095728978574,1.6835563747557756e+21,4888939180889374.0
14314.314314314315,2464.8595194816867,0.05000001869146769,280.0,2.2679825675001745e+20,9.081366495176438e-22,546892.3660481795,0.4739244698800466,1,1,1,2.8378380859706054e+22,0.000146940980630517,1.6789984267383538e+21,4887856093566527.0
14414.414414414416,2462.5158797577824,0.05000001913470196,280.0,2.2566596626329626e+20,9.079207044951708e-22,546762.3209890582,0.4730864938757837,1,1,1,2.8378335872392656e+22,0.00014694100392460748,1.6744432965710677e+21,4886767812969032.0
14514.514514514516,2460.172240033878,0.05000001958844673,280.0,2.245393287377781e+20,9.077046052773151e-22,546632.1830713594,0.4722499197445577,1,1,1,2.8378290975053877e+22,0.00014694102717215026,1.669891002240326e+21,4885674315411577.0
14614.614614614615,2457.828600309974,0.05000002005295123,280.0,2.234183159510494e+20,9.074883516069239e-22,546501.9521402218,0.47141474454247423,1,1,1,2.8378246167509766e+22,0.0001469410503732383,1.6653415616952077e+21,4884575577113069.0
14714.714714714715,2455.4849605860695,0.05000002052847062,280.0,2.223028998215971e+20,9.072719432261714e-22,546371.6280403793,0.47058096532712984,1,1,1,2.8378201449580735e+22,0.00014694107352796433,1.660794992847466e+21,4883471574196371.0
14814.814814814816,2453.1413208621652,0.050000021015266086,280.0,2.2119305240810498e+20,9.07055379876553e-22,546241.2106161568,0.4697485791575829,1,1,1,2.8378156821087556e+22,0.00014694109663642094,1.656251313571532e+21,4882362282688046.0
14914.914914914916,2450.797681138261,0.05000002151360502,280.0,2.20088745908754e+20,9.068386612988865e-22,546110.6997114712,0.4689175830943241,1,1,1,2.8378112281851357e+22,0.00014694111969870054,1.6517105417045218e+21,4881247678518094.0
15015.015015015017,2448.4540414143567,0.05000002202376116,280.0,2.1898995266052565e+20,9.066217872333071e-22,545980.0951698286,0.46808797419924775,1,1,1,2.8378067831693626e+22,0.0001469411427148952,1.647172695046246e+21,4880127737519695.0
15115.115115115117,2446.1104016904524,0.050000022546014725,280.0,2.178966451385091e+20,9.06404757419265e-22,545849.396834322,0.4672597495356213,1,1,1,2.8378023470436203e+22,0.00014694116568509706,1.6426377913592222e+21,4879002435428954.0
15215.215215215216,2443.766761966548,0.05000002308065259,280.0,2.1680879595521167e+20,9.06187571595525e-22,545718.6045476322,0.46643290616805694,1,1,1,2.837797919790129e+22,0.0001469411886093979,1.6381058483686883e+21,4877871747884641.0
15315.315315315316,2441.423122242644,0.050000023627968425,280.0,2.1572637785987265e+20,9.059702295001617e-22,545587.7181520239,0.4656074411624809,1,1,1,2.8377935013911445e+22,0.00014694121148788934,1.633576883762621e+21,4876735650427937.0
15415.415415415417,2439.0794825187395,0.05000002418826286,280.0,2.1464936373778094e+20,9.057527308705583e-22,545456.7374893458,0.46478335158610384,1,1,1,2.8377890918289574e+22,0.00014694123432066288,1.6290509151917546e+21,4875594118502177.0
15515.515515515517,2436.735842794835,0.05000002476184366,280.0,2.1357772660959553e+20,9.055350754434044e-22,545325.6624010288,0.4639606345073913,1,1,1,2.8377846910858947e+22,0.0001469412571078098,1.6245279602696024e+21,4874447127452599.0
15615.615615615618,2434.392203070931,0.05000002534902589,280.0,2.1251143963066987e+20,9.053172629546911e-22,545194.4927280832,0.46313928699603296,1,1,1,2.8377802991443177e+22,0.00014694127984942116,1.620008036572482e+21,4873294652526090.0
15715.715715715716,2432.0485633470266,0.05000002595013208,280.0,2.114504760903793e+20,9.050992931397134e-22,545063.2283110996,0.462319306122913,1,1,1,2.8377759159866236e+22,0.00014694130254558788,1.6154911616395415e+21,4872136668870931.0
15815.815815815817,2429.7049236231223,0.05000002656549241,280.0,2.1039480941145198e+20,9.04881165733061e-22,544931.8689902448,0.461500688960079,1,1,1,2.837771541595245e+22,0.00014694132519640075,1.6109773529727894e+21,4870973151536550.0
15915.915915915917,2427.361283899218,0.0500000271954449,280.0,2.0934441314930308e+20,9.04662880468622e-22,544800.4146052621,0.46068343258071215,1,1,1,2.837767175952649e+22,0.0001469413478019503,1.6064666280371259e+21,4869804075473268.0
16016.016016016018,2425.0176441753138,0.05000002784033557,280.0,2.0829926099137246e+20,9.04444437079576e-22,544668.864995469,0.4598675340590961,1,1,1,2.8377628190413383e+22,0.00014694137036232684,1.6019590042603776e+21,4868629415532052.0
16116.116116116118,2422.6740044514095,0.05000002850051865,280.0,2.072593267564654e+20,9.042258352983946e-22,544537.2199997558,0.45905299047058645,1,1,1,2.8377584708438505e+22,0.00014694139287762064,1.5974544990333344e+21,4867449146464266.0
16216.216216216217,2420.330364727505,0.05000002917635678,280.0,2.0622458439409687e+20,9.040070748568364e-22,544405.4794565842,0.4582397988915795,1,1,1,2.8377541313427575e+22,0.00014694141534792168,1.5929531297097882e+21,4866263242921424.0
16316.316316316317,2417.986725003601,0.05000002986822118,280.0,2.0519500798383882e+20,9.037881554859462e-22,544273.6432039856,0.457427956399482,1,1,1,2.837749800520667e+22,0.00014694143777331978,1.5884549136065747e+21,4865071679454944.0
16416.416416416418,2415.6430852796966,0.05000003057649188,280.0,2.0417057173467103e+20,9.035690769160508e-22,544141.7110795589,0.4566174600726788,1,1,1,2.837745478360221e+22,0.0001469414601539047,1.5839598680036179e+21,4863874430515902.0
16516.516516516516,2413.2994455557923,0.05000003130155795,280.0,2.0315124998433502e+20,9.033498388767578e-22,544009.6829204704,0.45580830699050245,1,1,1,2.8377411648440964e+22,0.00014694148248976577,1.579468010143977e+21,4862671470454791.0
16616.61661661662,2410.955805831888,0.05000003204381764,280.0,2.0213701719869096e+20,9.031304410969525e-22,543877.5585634508,0.4550004942332011,1,1,1,2.8377368599550044e+22,0.00014694150478099233,1.5749793572338947e+21,4861462773521274.0
16716.716716716717,2408.6121661079837,0.05000003280367867,280.0,2.011278479710785e+20,9.029108833047946e-22,543745.3378447943,0.45419401888190764,1,1,1,2.8377325636756915e+22,0.00014694152702767355,1.570493926442849e+21,4860248313863947.0
16816.81681681682,2406.2685263840795,0.05000003358155843,280.0,2.0012371702167985e+20,9.026911652277173e-22,543613.0206003573,0.4533888780186073,1,1,1,2.8377282759889376e+22,0.00014694154922989834,1.5660117349036078e+21,4859028065530095.0
16916.916916916918,2403.924886660175,0.0500000343778842,280.0,1.9912459919688683e+20,9.024712865924224e-22,543480.606665556,0.45258506872610604,1,1,1,2.837723996877558e+22,0.00014694157138775546,1.5615327997122846e+21,4857802002465455.0
17017.017017017017,2401.581246936271,0.05000003519309339,280.0,1.9813046946867062e+20,9.022512471248782e-22,543348.0958753648,0.45178258808799837,1,1,1,2.8377197263244023e+22,0.0001469415935013335,1.5570571379283982e+21,4856570098513977.0
17117.11711711712,2399.2376072123666,0.05000003602763378,280.0,1.971413029339549e+20,9.020310465503194e-22,543215.4880643161,0.4509814331886355,1,1,1,2.8377154643123535e+22,0.00014694161557072088,1.5525847665749325e+21,4855332327417590.0
17217.217217217218,2396.8939674884623,0.050000036881963784,280.0,1.96157074813992e+20,9.018106845932407e-22,543082.7830664968,0.45018160111309297,1,1,1,2.83771121082433e+22,0.00014694163759600582,1.548115702638403e+21,4854088662815964.0
17317.31731731732,2394.550327764558,0.05000003775655268,280.0,1.951777604537421e+20,9.01590160977396e-22,542949.9807155479,0.44938308894713774,1,1,1,2.8377069658432835e+22,0.00014694165957727644,1.5436499630689204e+21,4852839078246278.0
17417.41741741742,2392.2066880406537,0.05000003865188086,280.0,1.9420333532125574e+20,9.013694754257954e-22,542817.0808446623,0.44858589377719627,1,1,1,2.8377027293522e+22,0.00014694168151462052,1.5391875647802612e+21,4851583547142985.0
17517.517517517517,2389.8630483167494,0.05000003956844012,280.0,1.9323377500705915e+20,9.011486276607029e-22,542684.0832865832,0.4477900126903215,1,1,1,2.8376985013341e+22,0.00014694170340812584,1.5347285246499375e+21,4850322042837585.0
17617.61761761762,2387.519408592845,0.05000004050673392,280.0,1.92269055223543e+20,9.009276174036327e-22,542550.987873603,0.4469954427741597,1,1,1,2.837694281772038e+22,0.00014694172525787992,1.5302728595192716e+21,4849054538558393.0
17717.71771771772,2385.175768868941,0.05000004146727766,280.0,1.9130915180435384e+20,9.007064443753473e-22,542417.7944375608,0.446202181116918,1,1,1,2.837690070649101e+22,0.00014694174706397014,1.525820586193472e+21,4847781007430310.0
17817.81781781782,2382.8321291450366,0.05000004245059895,280.0,1.9035404070378868e+20,9.00485108295854e-22,542284.5028098414,0.44541022480733083,1,1,1,2.8376858679484116e+22,0.00014694176882648364,1.521371721441711e+21,4846501422474598.0
17917.91791791792,2380.4884894211323,0.05000004345723792,280.0,1.894036979961928e+20,9.00263608884403e-22,542151.1128213733,0.4446195709346269,1,1,1,2.8376816736531252e+22,0.00014694179054550746,1.5169262819972072e+21,4845215756608655.0
18018.018018018018,2378.144849697228,0.05000004448774751,280.0,1.884580998753603e+20,9.00041945859484e-22,542017.6243026269,0.4438302165884954,1,1,1,2.837677487746431e+22,0.0001469418122211284,1.5124842845573072e+21,4843923982645791.0
18118.11811811812,2375.8012099733237,0.05000004554269376,280.0,1.875172226539378e+20,8.998201189388233e-22,541884.0370836133,0.44304215885905274,1,1,1,2.837673310211552e+22,0.0001469418338534332,1.508045745783572e+21,4842626073295006.0
18218.21821821822,2373.4575702494194,0.05000004662265614,280.0,1.865810427628311e+20,8.995981278393814e-22,541750.3509938824,0.4422553948368086,1,1,1,2.837669141031745e+22,0.00014694185544250827,1.5036106823018666e+21,4841322001160770.0
18318.31831831832,2371.113930525515,0.05000004772822788,280.0,1.8564953675061454e+20,8.99375972277349e-22,541616.56586252,0.4414699216126321,1,1,1,2.8376649801902995e+22,0.00014694187698843997,1.4991791107024484e+21,4840011738742803.0
18418.41841841842,2368.770290801611,0.050000048860016244,280.0,1.8472268128294394e+20,8.991536519681475e-22,541482.6815181492,0.44068573627771784,1,1,1,2.837660827670539e+22,0.00014694189849131446,1.4947510475400623e+21,4838695258435860.0
18518.51851851852,2366.4266510777065,0.05000005001864291,280.0,1.8380045314197176e+20,8.989311666264204e-22,541348.6977889243,0.4399028359235518,1,1,1,2.8376566834558203e+22,0.0001469419199512177,1.4903265093340346e+21,4837372532529515.0
18618.61861861862,2364.0830113538022,0.05000005120474431,280.0,1.8288282922576554e+20,8.98708515966036e-22,541214.6145025329,0.4391212176418764,1,1,1,2.8376525475295334e+22,0.0001469419413682355,1.4859055125683723e+21,4836043533207947.0
18718.71871871872,2361.739371629898,0.050000052418971944,280.0,1.8196978654772927e+20,8.98485699700082e-22,541080.4314861924,0.43834087852465664,1,1,1,2.837648419875102e+22,0.00014694196274245345,1.4814880736918632e+21,4834708232549728.0
18818.81881881882,2359.3957319059937,0.05000005366199279,280.0,1.810613022360276e+20,8.98262717540862e-22,540946.1485666482,0.4375618156640456,1,1,1,2.8376443004759816e+22,0.00014694198407395708,1.4770742091181777e+21,4833366602527615.0
18918.91891891892,2357.0520921820894,0.05000005493448961,280.0,1.8015735353301277e+20,8.980395691998945e-22,540811.7655701727,0.4367840261523489,1,1,1,2.8376401893156622e+22,0.00014694200536283163,1.4726639352259758e+21,4832018615008341.0
19019.01901901902,2354.708452458185,0.05000005623716139,280.0,1.7925791779465465e+20,8.978162543879079e-22,540677.2823225625,0.4360075070819905,1,1,1,2.8376360863776664e+22,0.00014694202660916225,1.4682572683590133e+21,4830664241752407.0
19119.11911911912,2352.364812734281,0.05000005757072366,280.0,1.783629724899733e+20,8.975927728148394e-22,540542.6986491379,0.43523225554547695,1,1,1,2.8376319916455496e+22,0.0001469420478130339,1.4638542248262524e+21,4829303454413880.0
19219.21921921922,2350.0211730103765,0.05000005893590895,280.0,1.77472495200475e+20,8.973691241898306e-22,540408.0143747398,0.4344582686353629,1,1,1,2.8376279051029e+22,0.0001469420689745313,1.4594548209019744e+21,4827936224540191.0
19319.319319319322,2347.677533286472,0.05000006033346712,280.0,1.7658646361959e+20,8.97145308221225e-22,540273.229323729,0.4336855434442147,1,1,1,2.8376238267333396e+22,0.00014694209009373917,1.4550590728258946e+21,4826562523571931.0
19419.41941941942,2345.333893562568,0.05000006176416585,280.0,1.757048555521145e+20,8.969213246165655e-22,540138.3433199836,0.4329140770645764,1,1,1,2.837619756520521e+22,0.00014694211117074186,1.4506669968032795e+21,4825182322842658.0
19519.51951951952,2342.9902538386636,0.050000063228791,280.0,1.7482764891365405e+20,8.966971730825918e-22,540003.3561868981,0.43214386658893206,1,1,1,2.837615694448132e+22,0.00014694213220562365,1.446278609005066e+21,4823795593578697.0
19619.61961961962,2340.6466141147594,0.050000064728147074,280.0,1.7395482173007053e+20,8.964728533252345e-22,539868.2677473801,0.43137490910967147,1,1,1,2.8376116404998914e+22,0.00014694215319846873,1.4418939255679843e+21,4822402306898947.0
19719.71971971972,2338.302974390855,0.050000066263057655,280.0,1.7308635213693193e+20,8.96248365049616e-22,539733.0778238501,0.43060720171905353,1,1,1,2.837607594659551e+22,0.000146942174149361,1.437512962594683e+21,4821002433814689.0
19819.819819819822,2335.959334666951,0.050000067834365856,280.0,1.722222183789642e+20,8.960237079600455e-22,539597.786238239,0.42984074150917,1,1,1,2.8376035569108957e+22,0.00014694219505838422,1.4331357361538542e+21,4819595945229395.0
19919.91991991992,2333.6156949430465,0.05000006944293478,280.0,1.7136239880950668e+20,8.957988817600148e-22,539462.3928119857,0.4290755255719094,1,1,1,2.837599527237742e+22,0.00014694221592562195,1.4287622622803646e+21,4818182811938544.0
20020.02002002002,2331.272055219142,0.05000007108964799,280.0,1.7050687188996958e+20,8.955738861521976e-22,539326.8973660361,0.42831155099892043,1,1,1,2.8375955056239384e+22,0.00014694223675115772,1.4243925569753868e+21,4816763004629432.0
20120.120120120122,2328.928415495238,0.050000072775410014,280.0,1.696556161892946e+20,8.953487208384453e-22,539191.299720841,0.42754881488157526,1,1,1,2.837591492053367e+22,0.00014694225753507479,1.420026636206533e+21,4815336493880991.0
20220.22022022022,2326.5847757713336,0.05000007450114682,280.0,1.68808610383418e+20,8.951233855197832e-22,539055.5996963538,0.4267873143109329,1,1,1,2.837587486509941e+22,0.0001469422782774562,1.4156645159079924e+21,4813903250163609.0
20320.320320320323,2324.2411360474293,0.050000076267806344,280.0,1.6796583325473643e+20,8.94897879896409e-22,538919.7971120292,0.4260270463777021,1,1,1,2.837583488977607e+22,0.00014694229897838494,1.411306211980669e+21,4812463243838950.0
20420.42042042042,2321.897496323525,0.050000078076358985,280.0,1.6712726369157546e+20,8.946722036676875e-22,538783.8917868208,0.4252680081722045,1,1,1,2.8375794994403424e+22,0.0001469423196379438,1.4069517402923247e+21,4811016445159778.0
20520.52052052052,2319.5538565996208,0.05000007992779817,280.0,1.662928806876607e+20,8.9444635653215e-22,538647.88353918,0.42451019678433655,1,1,1,2.8375755178821573e+22,0.00014694234025621538,1.4026011166777208e+21,4809562824269786.0
20620.620620620623,2317.2102168757165,0.05000008182314087,280.0,1.654626633415916e+20,8.942203381874896e-22,538511.7721870533,0.42375360930353345,1,1,1,2.837571544287094e+22,0.00014694236083328207,1.3982543569387662e+21,4808102351203421.0
20720.72072072072,2314.866577151812,0.050000083763428176,280.0,1.6463659085631786e+20,8.93994148330557e-22,538375.5575478802,0.4229982428187304,1,1,1,2.8375675786392265e+22,0.00014694238136922624,1.3939114768446655e+21,4806634995885717.0
20820.820820820823,2312.522937427908,0.05000008574972587,280.0,1.6381464253861855e+20,8.9376778665736e-22,538239.2394385923,0.4222440944183254,1,1,1,2.8375636209226603e+22,0.00014694240186412998,1.389572492132069e+21,4805160728132131.0
20920.920920920922,2310.1792977040036,0.05000008778312501,280.0,1.6299679779858357e+20,8.935412528630585e-22,538102.8176756107,0.421491161190141,1,1,1,2.837559671121533e+22,0.00014694242231807518,1.3852374185052267e+21,4803679517648376.0
21021.02102102102,2307.8356579800993,0.05000008986474251,280.0,1.6218303614909796e+20,8.933145466419608e-22,537966.2920748435,0.4207394402213866,1,1,1,2.837555729220014e+22,0.00014694244273114371,1.380906271636144e+21,4802191334030262.0
21121.121121121123,2305.492018256195,0.05000009199572179,280.0,1.6137333720532877e+20,8.930876676875227e-22,537829.662451686,0.41998892859862025,1,1,1,2.837551795202304e+22,0.0001469424631034172,1.37657906716474e+21,4800696146763539.0
21221.22122122122,2303.1483785322907,0.05000009417723337,280.0,1.6056768068421432e+20,8.92860615692341e-22,537692.9286210155,0.41923962340770987,1,1,1,2.837547869052636e+22,0.00014694248343497703,1.3722558206990077e+21,4799193925223738.0
21321.321321321324,2300.8047388083864,0.050000096410475536,280.0,1.5976604640395608e+20,8.926333903481537e-22,537556.0903971923,0.41849152173379495,1,1,1,2.8375439507552737e+22,0.0001469425037259046,1.3679365478151765e+21,4797684638676022.0
21421.421421421423,2298.461099084482,0.050000098696674974,280.0,1.5896841428351327e+20,8.924059913458337e-22,537419.147594056,0.4177446206612478,1,1,1,2.837540040294513e+22,0.00014694252397628101,1.3636212640578784e+21,4796168256275035.0
21521.521521521525,2296.117459360578,0.05000010103708748,280.0,1.581747643420996e+20,8.921784183753866e-22,537282.1000249236,0.4169989172736351,1,1,1,2.837536137654681e+22,0.00014694254418618722,1.3593099849403146e+21,4794644747064753.0
21621.621621621623,2293.7738196366736,0.050000103432998606,280.0,1.5738507669868295e+20,8.91950671125949e-22,537144.9475025889,0.4162544086536776,1,1,1,2.837532242820136e+22,0.00014694256435570407,1.3550027259444265e+21,4793114079978343.0
21721.721721721722,2291.4301799127693,0.05000010588572442,280.0,1.5659933157148728e+20,8.91722749285782e-22,537007.6898393185,0.41551109188321284,1,1,1,2.837528355775267e+22,0.00014694258448491221,1.350699502521067e+21,4791576223838019.0
21821.821821821824,2289.086540188865,0.05000010839661216,280.0,1.5581750927749703e+20,8.91494652542271e-22,536870.3268468516,0.4147689640431541,1,1,1,2.837524476504496e+22,0.00014694260457389212,1.3464003300901758e+21,4790031147354906.0
21921.921921921923,2286.7429004649607,0.05000011096704104,280.0,1.5503959023196412e+20,8.912663805819196e-22,536732.8583363964,0.41402802221345186,1,1,1,2.837520604992274e+22,0.00014694262462272418,1.3421052240409573e+21,4788478819128905.0
22022.022022022025,2284.3992607410564,0.05000011359842296,280.0,1.5426555494791735e+20,8.910379330903482e-22,536595.2841186291,0.413288263473054,1,1,1,2.837516741223085e+22,0.0001469426446314885,1.3378141997320585e+21,4786919207648558.0
22122.122122122124,2282.055621017152,0.05000011629220333,280.0,1.5349538403567436e+20,8.908093097522904e-22,536457.6040036918,0.4125496848998653,1,1,1,2.837512885181442e+22,0.00014694266460026512,1.3335272724917518e+21,4785352281290922.0
22222.222222222223,2279.711981293248,0.05000011904986179,280.0,1.5272905820235556e+20,8.90580510251588e-22,536319.81780119,0.4118122835707084,1,1,1,2.8375090368518914e+22,0.00014694268452913393,1.3292444576181196e+21,4783778008321441.0
22322.322322322325,2277.3683415693436,0.05000012187291311,280.0,1.5196655825140125e+20,8.90351534271189e-22,536181.9253201905,0.4110760565612833,1,1,1,2.8375051962190085e+22,0.00014694270441817462,1.3249657703792396e+21,4782196356893826.0
22422.422422422424,2275.0247018454393,0.05000012476290795,280.0,1.5120786508209052e+20,8.901223814931449e-22,536043.9263692201,0.4103410009461263,1,1,1,2.8375013632674007e+22,0.00014694272426746667,1.3206912260133751e+21,4780607295049934.0
22522.522522522526,2272.681062121535,0.05000012772143377,280.0,1.5045295968906278e+20,8.898930515986035e-22,535905.8207562622,0.40960711379857084,1,1,1,2.8374975379817055e+22,0.0001469427440770895,1.3164208397291655e+21,4779010790719652.0
22622.622622622624,2270.3374223976307,0.05000013075011564,280.0,1.4970182316184188e+20,8.89663544267811e-22,535767.6082887561,0.4088743921907061,1,1,1,2.837493720346591e+22,0.00014694276384712233,1.3121546267058207e+21,4777406811720784.0
22722.722722722723,2267.9937826737264,0.0500001338506172,280.0,1.4895443668436202e+20,8.894338591801036e-22,535629.288773594,0.4081428331933358,1,1,1,2.837489910346757e+22,0.00014694278357764423,1.307892602093316e+21,4775795325758942.0
22822.822822822825,2265.650142949822,0.0500001370246415,280.0,1.4821078153449675e+20,8.892039960139065e-22,535490.8620171188,0.4074124338759382,1,1,1,2.837486107966933e+22,0.00014694280326873403,1.303634781012592e+21,4774176300427442.0
22922.922922922924,2263.306503225918,0.050000140273932014,280.0,1.4747083908358984e+20,8.889739544467298e-22,535352.3278251231,0.4066831913066244,1,1,1,2.8374823131918784e+22,0.0001469428229204706,1.2993811785557536e+21,4772549703207200.0
23023.023023023026,2260.9628635020135,0.050000143600273536,280.0,1.4673459079598862e+20,8.88743734155165e-22,535213.6860028454,0.40595510255209716,1,1,1,2.837478526006385e+22,0.00014694284253293245,1.2951318097862748e+21,4770915501466632.0
23123.123123123125,2258.6192237781092,0.0500001470054932,280.0,1.4600201822857975e+20,8.885133348148814e-22,535074.9363549697,0.40522816467760936,1,1,1,2.837474746395274e+22,0.00014694286210619798,1.2908866897392034e+21,4769273662461562.0
23223.223223223224,2256.275584054205,0.05000015049146144,280.0,1.4527310303032702e+20,8.882827561006222e-22,534936.0786856216,0.4045023747469224,1,1,1,2.837470974343396e+22,0.00014694288164034556,1.2866458334213683e+21,4767624153335129.0
23323.323323323326,2253.9319443303007,0.050000154060093074,280.0,1.4454782694181187e+20,8.88051997686201e-22,534797.1127983674,0.40377772982226473,1,1,1,2.8374672098356334e+22,0.00014694290113545326,1.282409255811591e+21,4765966941117698.0
23423.423423423425,2251.5883046063964,0.050000157713348314,280.0,1.438261717947759e+20,8.878210592444987e-22,534658.0384962113,0.40305422696428966,1,1,1,2.8374634528568984e+22,0.00014694292059159902,1.278176971860897e+21,4764301992726778.0
23523.523523523527,2249.244664882492,0.05000016145323384,280.0,1.4310811951166575e+20,8.875899404474596e-22,534518.8555815937,0.402331863232033,1,1,1,2.8374597033921333e+22,0.0001469429400088607,1.2739489964927306e+21,4762629274966941.0
23623.623623623625,2246.901025158588,0.05000016528180395,280.0,1.4239365210518028e+20,8.873586409660868e-22,534379.5638563882,0.40161063568287153,1,1,1,2.83745596142631e+22,0.00014694295938731593,1.2697253446031736e+21,4760948754529746.0
23723.723723723724,2244.5573854346835,0.05000016920116162,280.0,1.4168275167781988e+20,8.871271604704406e-22,534240.1631219005,0.4008905413724799,1,1,1,2.8374522269444314e+22,0.00014694297872704223,1.265506031061163e+21,4759260397993666.0
23823.823823823826,2242.213745710779,0.05000017321345972,280.0,1.4097540042143831e+20,8.868954986296325e-22,534100.653178865,0.40017157735478837,1,1,1,2.83744849993153e+22,0.00014694299802811689,1.2612910707087143e+21,4757564171824021.0
23923.923923923925,2239.870105986875,0.05000017732090215,280.0,1.4027158061679649e+20,8.866636551118224e-22,533961.0338274431,0.39945374068194006,1,1,1,2.8374447803726677e+22,0.00014694301729061717,1.257080478361145e+21,4755860042372911.0
24024.024024024027,2237.5264662629706,0.050000181525745105,280.0,1.395712746331186e+20,8.864316295842167e-22,533821.304867222,0.3987370284042479,1,1,1,2.837441068252937e+22,0.00014694303651462004,1.2528742688073014e+21,4754147975879158.0
24124.124124124126,2235.1828265390664,0.05000018583029824,280.0,1.3887446492765066e+20,8.861994217130602e-22,533681.4660972095,0.3980214375701521,1,1,1,2.8374373635574603e+22,0.00014694305570020245,1.2486724568097877e+21,4752427938468250.0
24224.224224224225,2232.839186815162,0.05000019023692601,280.0,1.3818113404522068e+20,8.859670311636371e-22,533541.5173158353,0.39730696522617615,1,1,1,2.837433666271389e+22,0.00014694307484744104,1.244475057105197e+21,4750699896152287.0
24324.324324324327,2230.495547091258,0.050000194748048926,280.0,1.3749126461780171e+20,8.857344576002642e-22,533401.4583209463,0.39659360841688396,1,1,1,2.837429976379905e+22,0.00014694309395641247,1.2402820844043454e+21,4748963814829935.0
24424.424424424426,2228.1519073673535,0.0500001993661449,280.0,1.3680483936407683e+20,8.855017006862878e-22,533261.2889098051,0.39588136418483644,1,1,1,2.8374262938682194e+22,0.0001469431130271931,1.2360935533925077e+21,4747219660286383.0
24524.524524524528,2225.808267643449,0.0500002040937506,280.0,1.3612184108900585e+20,8.852687600840808e-22,533121.008879088,0.39517022957054715,1,1,1,2.837422618721573e+22,0.00014694313205985927,1.2319094787296553e+21,4745467398193303.0
24624.624624624626,2223.464627919545,0.05000020893346284,280.0,1.3544225268339507e+20,8.850356354550376e-22,532980.618024882,0.3944602016124395,1,1,1,2.837418950925236e+22,0.000146943151054487,1.2277298750506979e+21,4743706994108814.0
24724.724724724725,2221.1209881956406,0.05000021388794003,280.0,1.347660571234683e+20,8.8480232645957e-22,532840.1161426825,0.3937512773468017,1,1,1,2.8374152904645087e+22,0.00014694317001115237,1.2235547569657254e+21,4741938413477455.0
24824.824824824827,2218.7773484717363,0.050000218959903614,280.0,1.340932374704406e+20,8.845688327571057e-22,532699.5030273921,0.39304345380774347,1,1,1,2.8374116373247195e+22,0.00014694318892993113,1.2193841390602533e+21,4740161621630158.0
24924.924924924926,2216.433708747832,0.050000224152139554,280.0,1.3342377687009406e+20,8.843351540060808e-22,532558.7784733165,0.39233672802715125,1,1,1,2.8374079914912275e+22,0.00014694320781089893,1.2152180358954717e+21,4738376583784225.0
25025.02502502503,2214.0900690239278,0.0500002294674999,280.0,1.3275765855235521e+20,8.841012898639399e-22,532417.9422741637,0.3916310970346436,1,1,1,2.8374043529494206e+22,0.00014694322665413136,1.2110564620084933e+21,4736583265043316.0
25125.125125125127,2211.7464293000235,0.05000023490890431,280.0,1.3209486583087548e+20,8.838672399871279e-22,532276.9942230406,0.3909265578575274,1,1,1,2.8374007216847156e+22,0.0001469432454597037,1.2068994319126073e+21,4734781630397434.0
25225.225225225226,2209.402789576119,0.0500002404793417,280.0,1.3143538210261267e+20,8.836330040310898e-22,532135.9341124513,0.39022310752075196,1,1,1,2.8373970976825588e+22,0.00014694326422769118,1.2027469600975332e+21,4732971644722919.0
25325.325325325328,2207.059149852215,0.05000024618187184,280.0,1.3077919084741534e+20,8.833985816502642e-22,531994.7617342938,0.38952074304686496,1,1,1,2.8373934809284256e+22,0.0001469432829581689,1.198599061029678e+21,4731153272782447.0
25425.425425425427,2204.7155101283106,0.050000252019627066,280.0,1.3012627562760908e+20,8.831639724980808e-22,531853.4768798589,0.3888194614559674,1,1,1,2.8373898714078205e+22,0.00014694330165121173,1.1944557491523955e+21,4729326479225032.0
25525.52552552553,2202.3718704044063,0.050000257995814,280.0,1.2947662008758431e+20,8.829291762269554e-22,531712.0793398265,0.38811925976566747,1,1,1,2.837386269106277e+22,0.00014694332030689442,1.190317038886248e+21,4727491228586034.0
25625.625625625627,2200.028230680502,0.05000026411371529,280.0,1.2883020795338714e+20,8.826941924882865e-22,531570.568904264,0.38742013499103656,1,1,1,2.837382674009357e+22,0.00014694333892529166,1.1861829446292702e+21,4725647485287173.0
25725.725725725726,2197.6845909565977,0.050000270376691434,280.0,1.2818702303231115e+20,8.8245902093245e-22,531428.9453626231,0.38672208414456244,1,1,1,2.837379086102652e+22,0.00014694335750647786,1.1820534807572355e+21,4723795213636545.0
25825.82582582583,2195.3409512326934,0.050000276788182606,280.0,1.2754704921249214e+20,8.822236612087977e-22,531287.2085037384,0.38602510423610437,1,1,1,2.8373755053717825e+22,0.00014694337605052733,1.1779286616239245e+21,4721934377828647.0
25925.925925925927,2192.997311508789,0.050000283351710584,280.0,1.2691027046250448e+20,8.819881129656504e-22,531145.358115824,0.38532919227284734,1,1,1,2.837371931802397e+22,0.00014694339455751426,1.1738085015613959e+21,4720064941944406.0
26026.02602602603,2190.653671784885,0.05000029007088062,280.0,1.2627667083095926e+20,8.817523758502952e-22,531003.3939864715,0.38463434525925555,1,1,1,2.837368365380173e+22,0.00014694341302751266,1.1696930148802599e+21,4718186869951210.0
26126.126126126128,2188.3100320609806,0.05000029694938349,280.0,1.2564623444610508e+20,8.815164495089813e-22,530861.315902647,0.3839405601970268,1,1,1,2.837364806090817e+22,0.0001469434314605964,1.165582215869954e+21,4716300125702951.0
26226.226226226227,2185.9663923370763,0.050000303990997474,280.0,1.2501894551543012e+20,8.812803335869153e-22,530719.1236506891,0.38324783408504615,1,1,1,2.8373612539200634e+22,0.00014694344985683922,1.16147611879902e+21,4714404672940065.0
26326.32632632633,2183.622752613172,0.05000031119959046,280.0,1.2439478832526675e+20,8.810440277282573e-22,530576.8170163063,0.3825561639193397,1,1,1,2.837357708853676e+22,0.00014694346821631467,1.1573747379153853e+21,4712500475289586.0
26426.426426426427,2181.2791128892677,0.05000031857912204,280.0,1.2377374724039793e+20,8.808075315761174e-22,530434.3957845746,0.3818655466930277,1,1,1,2.8373541708774467e+22,0.00014694348653909617,1.1532780874466449e+21,4710587496265200.0
26526.52652652653,2178.9354731653634,0.050000326133645696,280.0,1.2315580670366527e+20,8.805708447725495e-22,530291.8597399337,0.381175979396278,1,1,1,2.8373506399771952e+22,0.00014694350482525708,1.1491861816003457e+21,4708665699267305.0
26626.62662662663,2176.591833441459,0.05000033386731106,280.0,1.2254095123557964e+20,8.803339669585496e-22,530149.2086661867,0.38048745901625963,1,1,1,2.8373471161387705e+22,0.00014694352307487047,1.1450990345642751e+21,4706735047583080.0
26726.726726726727,2174.248193717555,0.05000034178436614,280.0,1.219291654339333e+20,8.800968977740498e-22,530006.4423464956,0.37979998253709546,1,1,1,2.83734359934805e+22,0.00014694354128800933,1.1410166605067489e+21,4704795504386557.0
26826.82682682683,2171.9045539936506,0.050000349889159676,280.0,1.2132043397341387e+20,8.798596368579137e-22,529863.5605633792,0.3791135469398152,1,1,1,2.837340089590938e+22,0.00014694355946474658,1.1369390735769039e+21,4702847032738700.0
26926.926926926928,2169.5609142697463,0.050000358186143554,280.0,1.207147416052208e+20,8.796221838479337e-22,529720.5630987111,0.3784281492023085,1,1,1,2.837336586853369e+22,0.00014694357760515483,1.1328662879049923e+21,4700889595587487.0
27027.02702702703,2167.217274545842,0.050000366679875195,280.0,1.2011207315668304e+20,8.79384538380826e-22,529577.4497337168,0.37774378629927746,1,1,1,2.8373330911213038e+22,0.00014694359570930666,1.1287983176026769e+21,4698923155768004.0
27127.12712712713,2164.8736348219377,0.05000037537502012,280.0,1.1951241353087925e+20,8.791467000922252e-22,529434.2202489703,0.3770604552021889,1,1,1,2.8373296023807323e+22,0.00014694361377727452,1.1247351767633316e+21,4696947676002539.0
27227.227227227228,2162.5299950980334,0.05000038427635446,280.0,1.1891574770625937e+20,8.789086686166809e-22,529290.8744243926,0.37637815287922716,1,1,1,2.8373261206176724e+22,0.0001469436318091306,1.1206768794623405e+21,4694963118900685.0
27327.32732732733,2160.186355374129,0.05000039338876763,280.0,1.1832206073626847e+20,8.786704435876534e-22,529147.4120392483,0.37569687629524634,1,1,1,2.8373226458181697e+22,0.00014694364980494715,1.1166234397574024e+21,4692969446959450.0
27427.42742742743,2157.842715650225,0.05000040271726496,280.0,1.1773133774897237e+20,8.784320246375085e-22,529003.8328721431,0.3750166224117224,1,1,1,2.837319177968298e+22,0.00014694366776479603,1.1125748716888368e+21,4690966622563371.0
27527.52752752753,2155.4990759263205,0.050000412266970495,280.0,1.171435639466849e+20,8.781934113975143e-22,528860.1367010216,0.37433738818670503,1,1,1,2.837315717054158e+22,0.00014694368568874913,1.1085311892798905e+21,4688954607984634.0
27627.62762762763,2153.1554362024162,0.050000422043129766,280.0,1.1655872460559753e+20,8.77954603497835e-22,528716.3233031635,0.3736591705747698,1,1,1,2.83731226306188e+22,0.00014694370357687815,1.1044924065370491e+21,4686933365383205.0
27727.727727727728,2150.811796478512,0.05000043205111271,280.0,1.1597680507541026e+20,8.777156005675282e-22,528572.3924551822,0.3729819665269702,1,1,1,2.83730881597762e+22,0.00014694372142925457,1.1004585374503486e+21,4684902856806963.0
27827.82782782783,2148.4681567546077,0.05000044229641659,280.0,1.153977907789646e+20,8.774764022345388e-22,528428.3439330211,0.3723057729907885,1,1,1,2.8373053757875634e+22,0.00014694373924594987,1.0964295959936911e+21,4682863044191839.0
27927.92792792793,2146.1245170307034,0.05000045278466903,280.0,1.1482166721187883e+20,8.772370081256954e-22,528284.1775119512,0.37163058691008866,1,1,1,2.8373019424779225e+22,0.0001469437570270353,1.0924055961251616e+21,4680813889361967.0
28028.02802802803,2143.780877306799,0.050000463521631115,280.0,1.1424841994218406e+20,8.769974178667054e-22,528139.8929665684,0.3709564052250662,1,1,1,2.8372985160349373e+22,0.00014694377477258194,1.0883865517873471e+21,4678755354029835.0
28128.12812812813,2141.437237582895,0.05000047451320051,280.0,1.1367803460996325e+20,8.76757631082151e-22,527995.4900707909,0.3702832248722009,1,1,1,2.8372950964448757e+22,0.0001469437924826608,1.0843724769076592e+21,4676687399796449.0
28228.22822822823,2139.0935978589905,0.050000485765414764,280.0,1.1311049692699114e+20,8.765176473954828e-22,527850.9685978554,0.36961104278420737,1,1,1,2.8372916836940323e+22,0.00014694381015734273,1.0803633853986572e+21,4674609988151497.0
28328.32832832833,2136.749958135086,0.05000049728445459,280.0,1.1254579267637643e+20,8.762774664290184e-22,527706.3283203165,0.36893985588998635,1,1,1,2.8372882777687296e+22,0.0001469438277966984,1.0763592911583749e+21,4672523080473528.0
28428.42842842843,2134.406318411182,0.05000050907664724,280.0,1.1198390771220575e+20,8.760370878039332e-22,527561.5690100408,0.3682696611145757,1,1,1,2.837284878655317e+22,0.00014694384540079838,1.0723602080706498e+21,4670426638030133.0
28528.52852852853,2132.0626786872776,0.05000052114847005,280.0,1.1142482795918916e+20,8.757965111402605e-22,527416.6904382071,0.36760045537910147,1,1,1,2.8372814863401723e+22,0.00014694386296971307,1.068366150005453e+21,4668320621978131.0
28628.62862862863,2129.7190389633734,0.050000533506553896,280.0,1.1086853941230762e+20,8.755557360568838e-22,527271.692375302,0.3669322356007288,1,1,1,2.8372781008096997e+22,0.00014694388050351276,1.064377130819223e+21,4666204993363770.0
28728.72872872873,2127.375399239469,0.05000054615768694,280.0,1.1031502813646219e+20,8.753147621715316e-22,527126.5745911159,0.36626499869261203,1,1,1,2.8372747220503306e+22,0.00014694389800226756,1.0603931643552014e+21,4664079713122927.0
28828.82882882883,2125.0317595155648,0.050000559108818295,280.0,1.0976428026612482e+20,8.750735891007758e-22,526981.3368547435,0.36559874156384653,1,1,1,2.8372713500485242e+22,0.00014694391546604752,1.05641426444377e+21,4661944742081319.0
28928.92892892893,2122.6881197916605,0.05000057236706186,280.0,1.0921628200499126e+20,8.748322164600231e-22,526835.9789345774,0.36493346111941805,1,1,1,2.837267984790766e+22,0.00014694393289492238,1.052440444902792e+21,4659800040954725.0
29029.029029029032,2120.344480067756,0.050000585939700214,280.0,1.0867101962563525e+20,8.745906438635134e-22,526690.5005983075,0.3642691542601538,1,1,1,2.8372646262635695e+22,0.000146943950288962,1.048471719537953e+21,4657645570349207.0
29129.12912912913,2118.000840343852,0.05000059983418865,280.0,1.0812847946916472e+20,8.743488709243129e-22,526544.9016129168,0.3636058178826731,1,1,1,2.837261274453474e+22,0.00014694396764823584,1.0445081021431071e+21,4655481290761347.0
29229.22922922923,2115.6572006199476,0.05000061405815923,280.0,1.0758864794487967e+20,8.741068972543095e-22,526399.1817446792,0.36294344887933727,1,1,1,2.8372579293470464e+22,0.00014694398497281337,1.0405496065006228e+21,4653307162578486.0
29329.32932932933,2113.3135608960433,0.050000628619425024,280.0,1.0705151152993157e+20,8.738647224642095e-22,526253.3407591564,0.36228204413819964,1,1,1,2.8372545909308806e+22,0.00014694400226276388,1.0365962463817324e+21,4651123146078975.0
29429.42942942943,2110.969921172139,0.05000064352598432,280.0,1.0651705676898484e+20,8.736223461635304e-22,526107.3784211946,0.36162160054295645,1,1,1,2.837251259191597e+22,0.00014694401951815658,1.0326480355468842e+21,4648929201432430.0
29529.529529529533,2108.6262814482347,0.05000065878602514,280.0,1.0598527027387964e+20,8.733797679605968e-22,525961.2944949215,0.3609621149728963,1,1,1,2.8372479341158434e+22,0.00014694403673906042,1.0287049877460951e+21,4646725288699998.0
29629.62962962963,2106.2826417243305,0.050000674407929595,280.0,1.0545613872329651e+20,8.731369874625366e-22,525815.088743744,0.36030358430285053,1,1,1,2.8372446156902933e+22,0.00014694405392554432,1.024767116719308e+21,4644511367834630.0
29729.72972972973,2103.939002000426,0.05000069040027863,280.0,1.0492964886242273e+20,8.728940042752746e-22,525668.7609303447,0.359646005403143,1,1,1,2.837241303901648e+22,0.00014694407107767704,1.020834436196749e+21,4642287398681361.0
29829.829829829832,2101.595362276522,0.05000070677185662,280.0,1.0440578750262015e+20,8.72650818003528e-22,525522.3108166789,0.3589893751395399,1,1,1,2.837237998736635e+22,0.00014694408819552714,1.0169069598992884e+21,4640053340977599.0
29929.92992992993,2099.2517225526176,0.050000723531656265,280.0,1.0388454152109503e+20,8.724074282508017e-22,525375.7381639718,0.3583336903732,1,1,1,2.837234700182008e+22,0.00014694410527916314,1.012984701538804e+21,4637809154353425.0
30030.030030030033,2096.9080828287133,0.05000074068888352,280.0,1.033658978605691e+20,8.721638346193813e-22,525229.0427327142,0.357678947960624,1,1,1,2.8372314082245473e+22,0.00014694412232865337,1.0090676748185456e+21,4635554798331895.0
30130.130130130132,2094.564443104809,0.050000758252962615,280.0,1.0284984352895261e+20,8.719200367103312e-22,525082.2242826618,0.3570251447536045,1,1,1,2.8372281228510603e+22,0.00014694413934406594,1.0051558934335027e+21,4633290232329357.0
30230.230230230234,2092.2208033809047,0.05000077623354127,280.0,1.0233636559901881e+20,8.716760341234864e-22,524935.2825728295,0.3563722775991755,1,1,1,2.83722484404838e+22,0.00014694415632546907,1.0012493710707737e+21,4631015415655774.0
30330.330330330333,2089.8771636570004,0.05000079464049599,280.0,1.0182545120808013e+20,8.7143182645745e-22,524788.2173614909,0.35572034333956226,1,1,1,2.837221571803366e+22,0.00014694417327293054,9.97348121409939e+20,4628730307515055.0
30430.43043043043,2087.533523933096,0.05000081348393747,280.0,1.01317087557666e+20,8.711874133095865e-22,524641.028406173,0.35506933881213104,1,1,1,2.837218306102905e+22,0.00014694419018651823,9.934521581234337e+20,4626434867005396.0
30530.530530530534,2085.189884209192,0.05000083277421616,280.0,1.008112619132022e+20,8.709427942760146e-22,524493.7154636532,0.35441926084933784,1,1,1,2.837215046933909e+22,0.00014694420706629977,9.895614948769245e+20,4624129053119628.0
30630.630630630632,2082.8462444852876,0.05000085252192796,280.0,1.0030796160369192e+20,8.706979689516072e-22,524346.2782899583,0.35377010627867933,1,1,1,2.837211794283316e+22,0.00014694422391234264,9.856761453296896e+20,4621812824745576.0
30730.730730730735,2080.5026047613833,0.05000087273792002,280.0,9.980717402139828e+19,8.704529369299818e-22,524198.7166403591,0.3531218719226411,1,1,1,2.8372085481380912e+22,0.00014694424072471429,9.817961231349972e+20,4619486140666427.0
30830.830830830833,2078.158965037479,0.05000089343329671,280.0,9.930888662152856e+19,8.702076978034956e-22,524051.0302693676,0.3524745545986476,1,1,1,2.837205308485225e+22,0.0001469442575034819,9.779214419404911e+20,4617148959561105.0
30930.930930930932,2075.8153253135747,0.050000914619425726,280.0,9.881308692191989e+19,8.699622511632424e-22,523903.2189307348,0.35182815111901233,1,1,1,2.837202075311735e+22,0.00014694427424871264,9.740521153885743e+20,4614801240004658.0
31031.031031031034,2073.4716855896704,0.050000936307944326,280.0,9.831976250272665e+19,8.697165965990452e-22,523755.2823774466,0.35118265829088585,1,1,1,2.8371988486046634e+22,0.0001469442909604735,9.701881571167977e+20,4612442940468652.0
31131.131131131133,2071.128045865766,0.0500009585107657,280.0,9.782890100610928e+19,8.694707336994515e-22,523607.2203617206,0.35053807291620653,1,1,1,2.837195628351079e+22,0.00014694430763883127,9.663295807582496e+20,4610074019321575.0
31231.231231231235,2068.784406141862,0.05000098124008557,280.0,9.734049013592475e+19,8.692246620517282e-22,523459.0326350032,0.3498943917916496,1,1,1,2.837192414538076e+22,0.00014694432428385274,9.624763999419476e+20,4607694434829254.0
31331.331331331334,2066.4407664179575,0.050001004508388826,280.0,9.68545176574186e+19,8.689783812418554e-22,523310.718947966,0.3492516117085764,1,1,1,2.837189207152776e+22,0.00014694434089560442,9.586286282932334e+20,4605304145155274.0
31431.431431431432,2064.0971266940533,0.05000102832845642,280.0,9.637097139691828e+19,8.687318908545221e-22,523162.2790505029,0.3486097294529841,1,1,1,2.8371860061823244e+22,0.00014694435747415277,9.547862794341687e+20,4602903108361414.0
31531.531531531535,2061.753486970149,0.05000105271337239,280.0,9.588983924152836e+19,8.68485190473119e-22,523013.7126917263,0.347968741805455,1,1,1,2.8371828116138937e+22,0.00014694437401956416,9.509493669839343e+20,4600491282408090.0
31631.631631631633,2059.4098472462447,0.050001077676531024,280.0,9.54111091388271e+19,8.682382796797345e-22,522865.0196199637,0.3473286455411066,1,1,1,2.8371796234346814e+22,0.0001469443905319047,9.471179045592317e+20,4598068625154808.0
31731.731731731736,2057.0662075223404,0.05000110323164423,280.0,9.49347690965644e+19,8.679911580551487e-22,522716.19958275545,0.3466894374295401,1,1,1,2.837176441631911e+22,0.0001469444070112405,9.43291905774685e+20,4595635094360627.0
31831.831831831834,2054.722567798436,0.05000112939274907,280.0,9.446080718236153e+19,8.677438251788273e-22,522567.2523268499,0.346051114234791,1,1,1,2.8371732661928318e+22,0.00014694442345763745,9.394713842432473e+20,4593190647684631.0
31931.931931931933,2052.378928074532,0.050001156174215446,280.0,9.398921152341216e+19,8.674962806289162e-22,522418.17759820074,0.3454136727152781,1,1,1,2.8371700971047177e+22,0.00014694443987116134,9.356563535766075e+20,4590735242686414.0
32032.032032032035,2050.0352883506275,0.05000118359075405,280.0,9.351997030618497e+19,8.672485239822369e-22,522268.975141964,0.3447771096237532,1,1,1,2.837166934354869e+22,0.00014694445625187787,9.31846827385601e+20,4588268836826573.0
32132.132132132134,2047.6916486267232,0.05000121165742437,280.0,9.305307177612768e+19,8.67000554814279e-22,522119.6447024938,0.34414142170725115,1,1,1,2.837163777930611e+22,0.00014694447259985246,9.280428192806211e+20,4585791387467212.0
32232.232232232236,2045.348008902819,0.05000124038964303,280.0,9.258850423737262e+19,8.667523726991956e-22,521970.18602333916,0.34350660570703917,1,1,1,2.837160627819295e+22,0.0001469444889151506,9.24244342872033e+20,4583302851872458.0
32332.332332332335,2043.0043691789147,0.050001269803192194,280.0,9.212625605244377e+19,8.66503977209798e-22,521820.5988472413,0.3428726583585668,1,1,1,2.8371574840082966e+22,0.0001469445051978375,9.204514117705905e+20,4580803187208985.0
32432.432432432433,2040.6607294550104,0.050001299914228296,280.0,9.166631564196523e+19,8.662553679175482e-22,521670.8829161286,0.34223957639141583,1,1,1,2.837154346485018e+22,0.0001469445214479783,9.166640395878543e+20,4578292350546550.0
32532.532532532536,2038.317089731106,0.05000133073929088,280.0,9.12086714843711e+19,8.660065443925549e-22,521521.03797111474,0.3416073565292504,1,1,1,2.8371512152368853e+22,0.000146944537665638,9.128822399366125e+20,4575770298858542.0
32632.632632632634,2035.9734500072018,0.05000136229531168,280.0,9.075331211561696e+19,8.65757506203567e-22,521371.0637524944,0.3409759954897665,1,1,1,2.8371480902513505e+22,0.0001469445538508815,9.091060264313043e+20,4573236989022538.0
32732.732732732737,2033.6298102832975,0.050001394599623925,280.0,9.030022612889258e+19,8.655082529179671e-22,521220.9599997393,0.3403454899846425,1,1,1,2.837144971515891e+22,0.00014694457000377357,9.053354126884435e+20,4570692377820872.0
32832.832832832835,2031.2861705593932,0.05000142766997189,280.0,8.984940217433629e+19,8.652587841017666e-22,521070.7264514957,0.33971583671948935,1,1,1,2.8371418590180083e+22,0.00014694458612437872,9.015704123270474e+20,4568136421941216.0
32932.932932932934,2028.942530835489,0.050001461524520605,280.0,8.940082895875059e+19,8.65009099319599e-22,520920.36284557974,0.33908703239380084,1,1,1,2.83713875274523e+22,0.00014694460221276152,8.978110389690643e+20,4565569077977173.0
33033.03303303303,2026.5988911115846,0.050001496181865834,280.0,8.895449524531929e+19,8.647591981347149e-22,520769.86891897506,0.3384590737009036,1,1,1,2.8371356526851085e+22,0.00014694461826898628,8.940573062398062e+20,4562990302428876.0
33133.13313313314,2024.2552513876801,0.05000153166104432,280.0,8.851038985332598e+19,8.64509080108974e-22,520619.24440782756,0.3378319573279083,1,1,1,2.8371325588252207e+22,0.00014694463429311725,8.903092277683816e+20,4560400051703606.0
33233.23323323324,2021.9116116637758,0.0500015679815442,280.0,8.806850165787409e+19,8.642587448028424e-22,520468.48904744384,0.33720567995566,1,1,1,2.8371294711531686e+22,0.00014694465028521856,8.86566817188132e+20,4557798282116417.0
33333.333333333336,2019.5679719398715,0.05000160516331575,280.0,8.762881958960798e+19,8.640081917753822e-22,520317.60257228505,0.3365802382586887,1,1,1,2.837126389656579e+22,0.00014694466624535406,8.828300881370686e+20,4555184949890773.0
33433.433433433434,2017.2243322159673,0.0500016432267823,280.0,8.719133263443581e+19,8.637574205842496e-22,520166.58471596567,0.33595562890516034,1,1,1,2.837123314323104e+22,0.00014694468217358773,8.790990542583128e+20,4552560011159198.0
33533.53353353353,2014.880692492063,0.05000168219285151,280.0,8.675602983325365e+19,8.635064307856863e-22,520015.43521124835,0.3353318485568283,1,1,1,2.8371202451404195e+22,0.00014694469806998323,8.753737292005381e+20,4549923421963939.0
33633.63363363364,2012.5370527681584,0.05000172208292679,280.0,8.632290028167086e+19,8.632552219345132e-22,519864.1537900401,0.33470889386898406,1,1,1,2.837117182096227e+22,0.00014694471393460412,8.716541266184136e+20,4547275138257637.0
33733.73373373374,2010.1934130442542,0.05000176291891909,280.0,8.589193312973701e+19,8.63003793584127e-22,519712.7401833903,0.33408676149040867,1,1,1,2.837114125178252e+22,0.0001469447297675139,8.679402601730517e+20,4544615115904016.0
33833.833833833836,2007.8497733203499,0.05000180472325895,280.0,8.546311758167004e+19,8.627521452864888e-22,519561.19412148383,0.33346544806332473,1,1,1,2.8371110743742454e+22,0.00014694474556877586,8.642321435324543e+20,4541943310678578.0
33933.933933933935,2005.5061335964456,0.05000184751890877,280.0,8.503644289558584e+19,8.625002765921236e-22,519409.5153336406,0.3328449502233475,1,1,1,2.837108029671982e+22,0.00014694476133845325,8.605297903719643e+20,4539259678269316.0
34034.03403403403,2003.1624938725413,0.05000189132937547,280.0,8.461189838322917e+19,8.622481870501098e-22,519257.7035483095,0.332225264599437,1,1,1,2.8371049910592615e+22,0.0001469447770766091,8.568332143747172e+20,4536564174277436.0
34134.13413413414,2000.8188541486368,0.05000193617872339,280.0,8.418947340970589e+19,8.619958762080746e-22,519105.7584930653,0.33160638781385066,1,1,1,2.8371019585239074e+22,0.00014694479278330643,8.53142429232096e+20,4533856754218093.0
34234.23423423424,1998.4752144247325,0.05000198209158749,280.0,8.376915739321663e+19,8.61743343612189e-22,518953.67989460594,0.3309883164820948,1,1,1,2.837098932053768e+22,0.00014694480845860804,8.494574486441878e+20,4531137373521140.0
34334.33433433434,1996.1315747008282,0.05000202909318689,280.0,8.335093980479164e+19,8.614905888071567e-22,518801.4674787459,0.3303710472128776,1,1,1,2.8370959116367166e+22,0.00014694482410257658,8.457782863202411e+20,4528405987531889.0
34434.434434434435,1993.787934976924,0.05000207720933875,280.0,8.2934810168027e+19,8.612376113362136e-22,518649.1209704154,0.3297545766080616,1,1,1,2.83709289726065e+22,0.0001469448397152747,8.421049559791269e+20,4525662551511886.0
34534.534534534534,1991.4442952530196,0.05000212646647239,280.0,8.252075805882235e+19,8.609844107411166e-22,518496.6400936543,0.3291389012626173,1,1,1,2.8370898889134892e+22,0.00014694485529676482,8.384374713498014e+20,4522907020639697.0
34634.63463463464,1989.100655529115,0.05000217689164386,280.0,8.210877310511958e+19,8.607309865621395e-22,518344.0245716089,0.32852401776457546,1,1,1,2.83708688658318e+22,0.00014694487084710922,8.347758461717692e+20,4520139350011711.0
34734.73473473474,1986.7570158052108,0.050002228512550796,280.0,8.169884498664312e+19,8.604773383380666e-22,518191.2741265291,0.3279099226949815,1,1,1,2.8370838902576924e+22,0.0001469448863663702,8.311200941955516e+20,4517359494642953.0
34834.83483483484,1984.4133760813065,0.050002281357547584,280.0,8.129096343464139e+19,8.60223465606184e-22,518038.388479762,0.32729661262784837,1,1,1,2.83708089992502e+22,0.00014694490185460977,8.274702291831524e+20,4514567409467911.0
34934.934934934936,1982.0697363574022,0.05000233545566101,280.0,8.088511823162956e+19,8.599693679022752e-22,517885.3673517502,0.32668408413011135,1,1,1,2.837077915573181e+22,0.0001469449173118899,8.238262649085299e+20,4511763049341380.0
35035.035035035035,1979.726096633498,0.05000239083660613,280.0,8.048129921113355e+19,8.597150447606135e-22,517732.21046202653,0.3260723337615817,1,1,1,2.8370749371902174e+22,0.0001469449327382724,8.201882151580686e+20,4508946369039314.0
35135.13513513514,1977.3824569095934,0.050002447530802636,280.0,8.007949625743548e+19,8.594604957139552e-22,517578.9175292105,0.3254613580749018,1,1,1,2.837071964764195e+22,0.00014694494813381894,8.165560937310527e+20,4506117323259697.0
35235.23523523524,1975.0388171856891,0.05000250556939156,280.0,7.96796993053202e+19,8.592057202935327e-22,517425.4882710038,0.3248511536154997,1,1,1,2.837068998283204e+22,0.00014694496349859122,8.129299144401433e+20,4503275866623425.5
35335.33533533534,1972.6951774617849,0.05000256498425235,280.0,7.928189833982309e+19,8.589507180290485e-22,517271.92240418686,0.3242417169215444,1,1,1,2.837066037735358e+22,0.00014694497883265057,8.093096911118548e+20,4500421953675205.0
35435.43543543544,1970.3515377378806,0.05000262580802042,280.0,7.888608339597931e+19,8.58695488448668e-22,517118.2196446144,0.32363304452390146,1,1,1,2.8370630831087953e+22,0.00014694499413605842,8.056954375870356e+20,4497555538884461.0
35535.535535535535,1968.0078980139763,0.050002688074105045,280.0,7.849224455857408e+19,8.584400310790118e-22,516964.3797072108,0.32302513294608903,1,1,1,2.8370601343916767e+22,0.00014694500940887594,8.02087167721349e+20,4494676576646265.5
35635.63563563564,1965.6642582900718,0.05000275181670772,280.0,7.810037196189434e+19,8.5818434544515e-22,516810.4023059668,0.32241797870423367,1,1,1,2.8370571915721877e+22,0.00014694502465116422,7.984848953857572e+20,4491785021282277.5
35735.73573573574,1963.3206185661675,0.05000281707084095,280.0,7.771045578948164e+19,8.579284310705955e-22,516656.2871539352,0.3218115783070273,1,1,1,2.8370542546385375e+22,0.00014694503986298422,7.948886344670063e+20,4488880827041696.5
35835.83583583584,1960.9769788422632,0.05000288387234747,280.0,7.73224862738862e+19,8.576722874772952e-22,516502.03396322596,0.3212059282556842,1,1,1,2.837051323578959e+22,0.0001469450550443968,7.912983988681129e+20,4485963948102233.5
35935.93593593594,1958.633339118359,0.05000295225791995,280.0,7.693645369642222e+19,8.57415914185624e-22,516347.6424450023,0.3206010250438981,1,1,1,2.8370483983817082e+22,0.00014694507019546267,7.877142025088535e+20,4483034338571093.5
36036.036036036036,1956.2896993944546,0.050003022265121135,280.0,7.655234838692443e+19,8.571593107143794e-22,516193.1123094773,0.3199968651578002,1,1,1,2.837045479035065e+22,0.00014694508531624243,7.841360593262544e+20,4480091952485977.0
36136.13613613614,1953.94605967055,0.05000309393240446,280.0,7.61701607235059e+19,8.569024765807715e-22,516038.4432659084,0.3193934450759173,1,1,1,2.8370425655273328e+22,0.0001469451004067966,7.805639832750843e+20,4477136743816092.5
36236.23623623624,1951.6024199466458,0.050003167299135204,280.0,7.578988113231702e+19,8.566454113004174e-22,515883.6350225935,0.3187907612691303,1,1,1,2.8370396578468386e+22,0.00014694511546718545,7.769979883283491e+20,4474168666463188.5
36336.33633633634,1949.2587802227415,0.05000324240561209,280.0,7.541150008730557e+19,8.56388114387334e-22,515728.68728686695,0.31818881020063333,1,1,1,2.837036755981933e+22,0.0001469451304974693,7.734380884777858e+20,4471187674262596.5
36436.43643643644,1946.9151404988372,0.050003319293089425,280.0,7.503500810997812e+19,8.561305853539313e-22,515573.5997650953,0.3175875883258932,1,1,1,2.83703385992099e+22,0.00014694514549770825,7.698842977343616e+20,4468193720984294.0
36536.536536536536,1944.571500774933,0.050003398003799764,280.0,7.466039576916274e+19,8.55872823711003e-22,515418.3721626718,0.3169870920926096,1,1,1,2.837030969652406e+22,0.0001469451604679623,7.663366301287716e+20,4465186760333978.5
36636.63663663664,1942.2278610510284,0.05000347858097709,280.0,7.428765368077251e+19,8.556148289677219e-22,515263.0041840136,0.3163873179406749,1,1,1,2.837028085164602e+22,0.00014694517540829124,7.627950997119403e+20,4462166745954161.5
36736.73673673674,1939.8842213271241,0.05000356106888057,280.0,7.391677250757068e+19,8.553566006316308e-22,515107.49553255615,0.31578826230213625,1,1,1,2.837025206446022e+22,0.00014694519031875495,7.592597205555243e+20,4459133631425277.0
36836.83683683684,1937.5405816032198,0.05000364551281887,280.0,7.3547742958936605e+19,8.550981382086358e-22,514951.8459107494,0.31518992160115583,1,1,1,2.8370223334851325e+22,0.000146945205199413,7.557305067524144e+20,4456087370266803.0
36936.93693693694,1935.1969418793155,0.05000373195917501,280.0,7.318055579063307e+19,8.548394412029984e-22,514796.05502005277,0.3145922922539733,1,1,1,2.8370194662704235e+22,0.0001469452200503249,7.52207472417243e+20,4453027915938405.5
37037.03703703704,1932.8533021554113,0.050003820455431905,280.0,7.281520180457473e+19,8.545805091173292e-22,514640.1225609315,0.31399537066886873,1,1,1,2.8370166047904086e+22,0.00014694523487155013,7.486906316868897e+20,4449955221841092.5
37137.13713713714,1930.5096624315067,0.05000391105019836,280.0,7.245167184859768e+19,8.543213414525785e-22,514484.0482328511,0.3133991532461249,1,1,1,2.837013749033624e+22,0.00014694524966314785,7.451799987209899e+20,4446869241318388.0
37237.23723723724,1928.1660227076025,0.05000400379323582,280.0,7.208995681623023e+19,8.5406193770803e-22,514327.83173427323,0.31280363637799163,1,1,1,2.8370108989886295e+22,0.00014694526442517728,7.41675587702446e+20,4443769927657523.0
37337.33733733734,1925.8223829836982,0.05000409873548571,280.0,7.173004764646475e+19,8.538022973812935e-22,514171.4727626516,0.3122088164486495,1,1,1,2.8370080546440073e+22,0.00014694527915769747,7.381774128379369e+20,4440657234090641.0
37437.43743743744,1923.4787432597939,0.05000419592909737,280.0,7.137193532353068e+19,8.535424199682962e-22,514014.97101442673,0.311614689834175,1,1,1,2.837005215988363e+22,0.0001469452938607673,7.34685488358432e+20,4437531113796020.5
37537.53753753754,1921.1351035358896,0.05000429542745672,280.0,7.101561087666869e+19,8.532823049632754e-22,513858.32618502143,0.3110212529025059,1,1,1,2.8370023830103247e+22,0.0001469453085344456,7.311998285197051e+20,4434391519899318.0
37637.63763763764,1918.791463811985,0.05000439728521559,280.0,7.0661065379906e+19,8.530219518587718e-22,513701.53796883655,0.31042850201340716,1,1,1,2.8369995556985437e+22,0.00014694532317879107,7.277204476028495e+20,4431238405474823.5
37737.73773773774,1916.4478240880808,0.05000450155832173,280.0,7.030828995183276e+19,8.527613601456192e-22,513544.6060592453,0.30983643351843787,1,1,1,2.836996734041694e+22,0.00014694533779386224,7.242473599147961e+20,4428071723546736.5
37837.83783783784,1914.1041843641765,0.05000460830404952,280.0,6.995727575537956e+19,8.525005293129404e-22,513387.5301485905,0.30924504376091866,1,1,1,2.8369939180284725e+22,0.0001469453523797176,7.2078057978883e+20,4424891427090458.0
37937.93793793794,1911.7605446402722,0.05000471758103146,280.0,6.960801399759607e+19,8.522394588481354e-22,513230.3099281772,0.30865432907589974,1,1,1,2.836991107647599e+22,0.00014694536693641544,7.173201215851109e+20,4421697469033900.5
38038.03803803804,1909.416904916368,0.050004829449290335,280.0,6.926049592943073e+19,8.51978148236876e-22,513072.9450882701,0.3080642857901291,1,1,1,2.8369883028878155e+22,0.00014694538146401402,7.138659996911934e+20,4418489802258816.0
38138.13813813814,1907.0732651924634,0.05000494397027221,280.0,6.891471284551167e+19,8.517165969630978e-22,512915.435318088,0.30747491022202333,1,1,1,2.8369855037378872e+22,0.0001469453959625714,7.104182285225487e+20,4415268379602141.5
38238.23823823824,1904.729625468559,0.05000506120688016,280.0,6.8570656083928605e+19,8.5145480450899e-22,512757.78030579817,0.30688619868163675,1,1,1,2.836982710186602e+22,0.0001469454104321456,7.069768225230887e+20,4412033153857362.5
38338.33833833834,1902.3859857446548,0.05000518122350883,280.0,6.822831702601583e+19,8.511927703549906e-22,512599.9797385131,0.3062981474706326,1,1,1,2.8369799222227695e+22,0.00014694542487279444,7.035417961656882e+20,4408784077775894.0
38438.43843843844,1900.0423460207505,0.05000530408607979,280.0,6.788768709613633e+19,8.509304939797752e-22,512442.0333022843,0.30571075288225513,1,1,1,2.8369771398352228e+22,0.0001469454392845757,7.001131639527114e+20,4405521104068482.0
38538.53853853854,1897.6987062968462,0.05000542986207775,280.0,6.754875776146695e+19,8.506679748602507e-22,512283.9406820978,0.305124011201302,1,1,1,2.8369743630128166e+22,0.00014694545366754702,6.966909404165378e+20,4402244185406620.5
38638.638638638644,1895.3550665729417,0.050005558620587594,280.0,6.721152053178467e+19,8.504052124715472e-22,512125.70156186976,0.3045379187040976,1,1,1,2.8369715917444293e+22,0.00014694546802176587,6.932751401200891e+20,4398953274423989.5
38738.73873873874,1893.0114268490374,0.050005690432332384,280.0,6.687596695925396e+19,8.501422062870085e-22,511967.31562444055,0.30395247165846756,1,1,1,2.8369688260189603e+22,0.0001469454823472897,6.898657776573582e+20,4395648323717911.0
38838.83883883884,1890.6677871251331,0.05000582536971215,280.0,6.654208863821507e+19,8.498789557781844e-22,511808.7825515703,0.30336766632371315,1,1,1,2.836966065825333e+22,0.0001469454966441758,6.864628676539372e+20,4392329285850822.0
38938.93893893894,1888.3241474012289,0.05000596350684364,280.0,6.6209877204973535e+19,8.496154604148234e-22,511650.102023934,0.30278349895058826,1,1,1,2.8369633111524912e+22,0.00014694551091248126,6.83066424767548e+20,4388996113351769.5
39039.03903903904,1885.9805076773246,0.050006104919601085,280.0,6.587932433759061e+19,8.493517196648622e-22,511491.27372111613,0.3021999657812751,1,1,1,2.8369605619894027e+22,0.00014694552515226322,6.796764636885725e+20,4385648758717923.0
39139.139139139144,1883.63686795342,0.05000624968565782,280.0,6.555042175567484e+19,8.49087732994419e-22,511332.2973216056,0.3016170630493627,1,1,1,2.8369578183250567e+22,0.00014694553936357862,6.762929991405843e+20,4382287174416106.0
39239.23923923924,1881.2932282295158,0.05000639788452895,280.0,6.522316122017469e+19,8.48823499867785e-22,511173.17250279133,0.30103478697982555,1,1,1,2.8369550801484646e+22,0.00014694555354648423,6.729160458808818e+20,4378911312884349.5
39339.33933933934,1878.9495885056115,0.05000654959761505,280.0,6.489753453317203e+19,8.485590197474137e-22,511013.8989409552,0.3004531337890028,1,1,1,2.83695234744866e+22,0.00014694556770103678,6.695456187010195e+20,4375521126533460.0
39439.43943943944,1876.6059487817072,0.05000670490824682,280.0,6.4573533537676894e+19,8.482942920939155e-22,510854.4763112695,0.29987209968457945,1,1,1,2.8369496202146994e+22,0.0001469455818272929,6.661817324273425e+20,4372116567748613.0
39539.53953953954,1874.262309057803,0.05000686390173089,280.0,6.425115011742305e+19,8.480293163660466e-22,510694.9042877899,0.2992916808655672,1,1,1,2.8369468984356604e+22,0.00014694559592530907,6.628244019215203e+20,4368697588890962.5
39639.639639639645,1871.9186693338984,0.050007026665396644,280.0,6.393037619666473e+19,8.477640920207013e-22,510535.1825434505,0.29871187352228806,1,1,1,2.836944182100643e+22,0.0001469456099951416,6.594736420810811e+20,4365264142299271.5
39739.73973973974,1869.575029609994,0.050007193288644204,280.0,6.361120373997438e+19,8.474986185129035e-22,510375.3107500593,0.29813267383635733,1,1,1,2.8369414711987694e+22,0.0001469456240368468,6.561294678399479e+20,4361816180291565.5
39839.83983983984,1867.2313898860898,0.050007363862993516,280.0,6.32936247520413e+19,8.472328952957965e-22,510215.2885782917,0.2975540779806686,1,1,1,2.8369387657191833e+22,0.0001469456380504808,6.527918941689723e+20,4358353655166800.0
39939.93993993994,1864.8877501621855,0.050007538482134586,280.0,6.297763127747141e+19,8.469669218206366e-22,510055.1156976867,0.2969760821193795,1,1,1,2.836936065651051e+22,0.00014694565203609964,6.494609360764714e+20,4354876519206555.0
40040.04004004004,1862.5441104382812,0.05000771724197898,280.0,6.266321540058785e+19,8.467006975367814e-22,509894.7917766398,0.2963986824078988,1,1,1,2.83693337098356e+22,0.00014694566599375922,6.461366086087634e+20,4351384724676746.5
40140.140140140145,1860.2004707143767,0.05000790024071246,280.0,6.235036924523292e+19,8.4643422189168305e-22,509734.3164823991,0.2958218749928744,1,1,1,2.8369306817059208e+22,0.00014694567992351535,6.428189268507034e+20,4347878223829359.5
40240.240240240244,1857.8568309904724,0.05000808757884892,280.0,6.203908497457053e+19,8.461674943308783e-22,509573.6894810594,0.2952456560121825,1,1,1,2.836927997807364e+22,0.0001469456938254237,6.395079059262211e+20,4344356968904203.5
40340.34034034034,1855.5131912665681,0.05000827935928558,280.0,6.172935479089007e+19,8.459005142979792e-22,509412.910437556,0.29467002159491845,1,1,1,2.836925319277143e+22,0.00014694570769953986,6.362035609988558e+20,4340820912130686.5
40440.44044044044,1853.1695515426638,0.050008475687359506,280.0,6.142117093541096e+19,8.456332812346642e-22,509251.97901566006,0.29409496786138795,1,1,1,2.8369226461045334e+22,0.00014694572154591934,6.329059072722932e+20,4337270005729610.5
40540.54054054054,1850.8259118187596,0.05000867667090544,280.0,6.111452568808837e+19,8.453657945806698e-22,509090.8948779733,0.2935204909231002,1,1,1,2.8369199782788317e+22,0.0001469457353646174,6.296149599909025e+20,4333704201914992.0
40640.640640640646,1848.482272094855,0.05000888242031501,280.0,6.080941136741979e+19,8.450980537737798e-22,508929.65768592135,0.29294658688276193,1,1,1,2.8369173157893563e+22,0.00014694574915568936,6.263307344402716e+20,4330123452895899.0
40740.740740740745,1846.1386323709507,0.0500090930485974,280.0,6.0505820330252616e+19,8.448300582498175e-22,508768.2670997492,0.29237325183427304,1,1,1,2.836914658625447e+22,0.00014694576291919036,6.230532459477445e+20,4326527710878314.0
40840.84084084084,1843.7949926470465,0.05000930867144137,280.0,6.02037449715927e+19,8.445618074426348e-22,508606.7227785147,0.2918004818627233,1,1,1,2.8369120067764657e+22,0.00014694577665517534,6.197825098829555e+20,4322916928067015.0
40940.94094094094,1841.4513529231422,0.05000952940727877,280.0,5.990317772441382e+19,8.442933007841047e-22,508445.024380084,0.2912282730443902,1,1,1,2.8369093602317955e+22,0.00014694579036369926,6.165185416583659e+20,4319291056667481.0
41041.04104104104,1839.1077131992379,0.050009755377349634,280.0,5.960411105946814e+19,8.440245377041104e-22,508283.17156112497,0.2906566214467389,1,1,1,2.836906718980841e+22,0.00014694580404481697,6.13261356729798e+20,4315650048887819.5
41141.14114114115,1836.7640734753334,0.050009986705768714,280.0,5.93065374850976e+19,8.437555176305357e-22,508121.16397710127,0.29008552312842284,1,1,1,2.8369040830130286e+22,0.00014694581769858302,6.100109705969701e+20,4311993856940716.0
41241.241241241245,1834.420433751429,0.05001022351959364,280.0,5.901044954704627e+19,8.434862399892567e-22,507959.0012822677,0.2895149741392861,1,1,1,2.836901452317806e+22,0.00014694583132505212,6.067673988040308e+20,4308322433045405.0
41341.341341341344,1832.0767940275248,0.05001046594889472,280.0,5.871583982827358e+19,8.432167042041311e-22,507796.6831296633,0.288944970520367,1,1,1,2.836898826884642e+22,0.00014694584492427868,6.035306569400909e+20,4304635729429664.0
41441.44144144144,1829.7331543036205,0.05001071412682633,280.0,5.842270094876853e+19,8.42946909696989e-22,507634.2091711064,0.2883755083039036,1,1,1,2.8368962067030272e+22,0.000146945858496317,6.003007606397567e+20,4300933698331831.5
41541.54154154154,1827.3895145797162,0.050010968189700064,280.0,5.8131025565364855e+19,8.426768558876226e-22,507471.57905718783,0.2878065835133405,1,1,1,2.8368935917624733e+22,0.00014694587204122143,5.970777255836613e+20,4297216292002847.0
41641.64164164165,1825.0458748558117,0.05001122827705957,280.0,5.784080637155703e+19,8.424065421937769e-22,507308.79243726557,0.28723819216333674,1,1,1,2.836890982052513e+22,0.00014694588555904604,5.938615674989947e+20,4293483462708312.5
41741.741741741745,1822.7022351319074,0.05001149453175717,280.0,5.755203609731731e+19,8.421359680311398e-22,507145.8489594589,0.286670330259776,1,1,1,2.836888377562701e+22,0.00014694589904984488,5.906523021600345e+20,4289735162730581.5
41841.841841841844,1820.358595408003,0.050011767100032335,280.0,5.72647075089135e+19,8.418651328133328e-22,506982.7482706426,0.28610299379977816,1,1,1,2.8368857782826123e+22,0.00014694591251367183,5.874499453886724e+20,4285971344370865.0
41941.94194194194,1818.0149556840988,0.05001204613159195,280.0,5.697881340872788e+19,8.415940359518993e-22,506819.49001644,0.2855361787717119,1,1,1,2.8368831842018442e+22,0.0001469459259505807,5.842545130549426e+20,4282191959951367.0
42042.04204204204,1815.6713159601945,0.05001233177969254,280.0,5.669434663507681e+19,8.413226768562952e-22,506656.0738412175,0.2849698811552101,1,1,1,2.8368805953100145e+22,0.00014694593936062522,5.8106602107754696e+20,4278396961817441.0
42142.14214214215,1813.32767623629,0.05001262420122442,280.0,5.641130006203138e+19,8.4105105493388085e-22,506492.4993880791,0.28440409692118573,1,1,1,2.836878011596762e+22,0.00014694595274385895,5.7788448542437894e+20,4274586302339769.0
42242.242242242246,1810.9840365123857,0.05001292355679784,280.0,5.612966659923887e+19,8.407791695899079e-22,506328.7662988593,0.2838388220318504,1,1,1,2.8368754330517465e+22,0.00014694596610033542,5.7470992211304736e+20,4270759933916568.0
42342.342342342345,1808.6403967884814,0.05001323001083119,280.0,5.584943919174517e+19,8.405070202275104e-22,506164.87421411736,0.2832740524407341,1,1,1,2.8368728596646497e+22,0.00014694597943010792,5.715423472113957e+20,4266917808975817.5
42442.44244244244,1806.2967570645772,0.05001354373164127,280.0,5.5570610819818004e+19,8.4023460624769485e-22,506000.82277313096,0.28270978409270703,1,1,1,2.8368702914251735e+22,0.00014694599273322976,5.683817768380222e+20,4263059879977511.5
42542.54254254254,1803.9531173406729,0.0500138648915357,280.0,5.529317449877115e+19,8.399619270493297e-22,505836.6116138905,0.2821460129240031,1,1,1,2.836867728323041e+22,0.0001469460060097541,5.652282271627968e+20,4259186099415937.5
42642.64264264265,1801.6094776167683,0.05001419366690756,280.0,5.501712327878942e+19,8.39688982029134e-22,505672.2403730919,0.2815827348622451,1,1,1,2.8368651703479966e+22,0.00014694601925973396,5.62081714407376e+20,4255296419821976.5
42742.74274274275,1799.265837892864,0.050014530238332223,280.0,5.474245024475458e+19,8.394157705816672e-22,505507.7086861305,0.2810199458264727,1,1,1,2.836862617489805e+22,0.0001469460324832223,5.589422548457169e+20,4251390793765432.0
42842.842842842845,1796.9221981689598,0.050014874790666505,280.0,5.4469148516072145e+19,8.391422920993211e-22,505343.0161870964,0.28045764172717075,1,1,1,2.836860069738252e+22,0.00014694604568027191,5.558098648045861e+20,4247469173857378.0
42942.942942942944,1794.5785584450555,0.050015227513150184,280.0,5.419721124649899e+19,8.388685459723047e-22,505178.16250876506,0.27989581846630085,1,1,1,2.8368575270831442e+22,0.00014694605885093556,5.52684560664069e+20,4243531512752538.0
43043.04304304305,1792.234918721151,0.050015588599509865,280.0,5.3926631623971865e+19,8.385945315886371e-22,505013.14728259307,0.27933447193733485,1,1,1,2.8368549895143097e+22,0.00014694607199526583,5.4956635885807514e+20,4239577763151685.0
43143.14314314315,1789.8912789972467,0.050015958248065394,280.0,5.3657402870436766e+19,8.383202483341357e-22,504847.97013871133,0.2787735980252893,1,1,1,2.8368524570215963e+22,0.00014694608511331525,5.464552758748418e+20,4235607877804070.5
43243.24324324325,1787.5476392733424,0.050016336661838724,280.0,5.3389518241679114e+19,8.380456955924049e-22,504682.63070591795,0.27821319260676336,1,1,1,2.8368499295948737e+22,0.00014694609820513617,5.433513282574326e+20,4231621809509874.5
43343.343343343346,1785.203999549438,0.05001672404866538,280.0,5.312297102715483e+19,8.377708727448256e-22,504517.1286116719,0.2776532515499779,1,1,1,2.8368474072240313e+22,0.00014694611127078096,5.402545326042359e+20,4227619511122684.5
43443.443443443444,1782.8603598255338,0.050017120621308565,280.0,5.285775454982224e+19,8.374957791705449e-22,504351.46348208707,0.27709377071481656,1,1,1,2.83684488989898e+22,0.00014694612431030176,5.371649055694579e+20,4223600935551998.5
43543.54354354355,1780.5167201016293,0.05001752659757601,280.0,5.2593862165974794e+19,8.372204142464628e-22,504185.6349419242,0.2765347459528703,1,1,1,2.8368423776096505e+22,0.00014694613732375066,5.340824638636137e+20,4219566035765755.5
43643.64364364365,1778.173080377725,0.05001794220043951,280.0,5.233128726507467e+19,8.369447773472243e-22,504019.6426145858,0.2759761731074823,1,1,1,2.836839870345995e+22,0.0001469461503111796,5.310072242540148e+20,4215514764792892.0
43743.74374374375,1775.8294406538207,0.05001836765815737,280.0,5.207002326958713e+19,8.366688678452064e-22,503853.48612210876,0.27541804801379693,1,1,1,2.8368373680979858e+22,0.0001469461632726405,5.279392035652517e+20,4211447075725921.0
43843.843843843846,1773.4858009299164,0.05001880320439972,280.0,5.181006363481583e+19,8.363926851105068e-22,503687.16508515715,0.2748603664988092,1,1,1,2.836834870855616e+22,0.0001469461762081851,5.248784186796744e+20,4207362921723543.0
43943.943943943945,1771.1421612060121,0.05001924907837679,280.0,5.1551401848738775e+19,8.361162285109324e-22,503520.67912301567,0.2743031243814181,1,1,1,2.8368323786088986e+22,0.00014694618911786504,5.218248865378678e+20,4203262256013280.0
44044.04404404405,1768.7985214821076,0.05001970552497027,280.0,5.1294031431845265e+19,8.3583949741199e-22,503354.0278535838,0.2737463174724818,1,1,1,2.8368298913478683e+22,0.0001469462020017319,5.187786241391237e+20,4199145031894136.0
44144.14414414415,1766.4548817582033,0.05002017279486771,280.0,5.103794593697364e+19,8.355624911768723e-22,503187.2108933674,0.27318994157487475,1,1,1,2.8368274090625795e+22,0.00014694621485983707,5.157396485419085e+20,4195011202739286.5
44244.24424424425,1764.111242034299,0.05002065114470015,280.0,5.078313894914956e+19,8.352852091664469e-22,503020.22785747226,0.27263399248354736,1,1,1,2.836824931743107e+22,0.00014694622769223192,5.1270797686432524e+20,4190860721998793.0
44344.34434434435,1761.7676023103948,0.050021140837183044,280.0,5.052960408542554e+19,8.350076507392466e-22,502853.0783595978,0.2720784659855889,1,1,1,2.836822459379546e+22,0.00014694624049896765,5.096836262845725e+20,4186693543202344.5
44444.444444444445,1759.4239625864905,0.05002164214126045,280.0,5.027733499472093e+19,8.347298152514548e-22,502685.7620120291,0.2715233578602922,1,1,1,2.836819991962013e+22,0.00014694625328009545,5.066666140413976e+20,4182509619962029.0
44544.54454454455,1757.080322862586,0.05002215533225269,280.0,5.002632535766289e+19,8.344517020568975e-22,502518.2784256311,0.27096866387922103,1,1,1,2.8368175294806435e+22,0.0001469462660356663,5.036569574345448e+20,4178308905975128.5
44644.64464464465,1754.7366831386817,0.050022680692007465,280.0,4.977656888642805e+19,8.341733105070265e-22,502350.6272098393,0.2704143798062802,1,1,1,2.836815071925594e+22,0.0001469462787657311,5.00654673825199e+20,4174091355026944.5
44744.74474474475,1752.3930434147774,0.05002321850905461,280.0,4.952805932458496e+19,8.338946399509128e-22,502182.80797265517,0.2698605013977885,1,1,1,2.8368126192870415e+22,0.0001469462914703407,4.9765978063642244e+20,4169856920993649.5
44844.84484484485,1750.049403690873,0.05002376907876448,280.0,4.928079044693745e+19,8.336156897352313e-22,502014.82032063743,0.26930702440255366,1,1,1,2.836810171555183e+22,0.00014694630414954578,4.946722953535871e+20,4165605557845166.5
44944.944944944946,1747.7057639669688,0.05002433270351005,280.0,4.903475605936863e+19,8.333364592042488e-22,501846.6638588946,0.2687539445619506,1,1,1,2.8368077287202362e+22,0.00014694631680339695,4.916922355248006e+20,4161337219648077.0
45045.04504504505,1745.3621242430643,0.050024909692832936,280.0,4.8789949998685725e+19,8.330569476998141e-22,501678.33819107886,0.2682012576100025,1,1,1,2.8368052907724383e+22,0.0001469463294319447,4.8871961876132613e+20,4157051860568558.0
45145.14514514515,1743.01848451916,0.05002550036361331,280.0,4.8546366132465795e+19,8.327771545613441e-22,501509.8429193781,0.26764895927346455,1,1,1,2.8368028577020472e+22,0.00014694634203523944,4.857544627379967e+20,4152749434875345.5
45245.24524524525,1740.6748447952557,0.05002610504024381,280.0,4.83039983589019e+19,8.324970791258112e-22,501341.1776445079,0.2670970452719101,1,1,1,2.836800429499341e+22,0.00014694635461333144,4.827967851936208e+20,4148429896942725.5
45345.34534534535,1738.3312050713514,0.050026724054807625,280.0,4.806284060665046e+19,8.322167207277325e-22,501172.34196570545,0.26654551131782034,1,1,1,2.8367980061546173e+22,0.00014694636716627092,4.7984660393138356e+20,4144093201253557.5
45445.445445445446,1735.9875653474471,0.05002735774726078,280.0,4.782288683467905e+19,8.319360786991553e-22,501003.3354807203,0.2659943531166768,1,1,1,2.836795587658195e+22,0.00014694637969410787,4.769039368192396e+20,4139739302402322.0
45545.54554554555,1733.6439256235426,0.0500280064656187,280.0,4.75841310321151e+19,8.316551523696477e-22,500834.15778580925,0.2654435663670565,1,1,1,2.836793174000412e+22,0.00014694639219689238,4.739688017902986e+20,4135368155098199.5
45645.64564564565,1731.3002858996383,0.050028670566147265,280.0,4.73465672180954e+19,8.3137394106628235e-22,500664.80847572617,0.2648931467607308,1,1,1,2.836790765171627e+22,0.0001469464046746743,4.710412168432045e+20,4130979714168179.0
45745.74574574575,1728.956646175734,0.050029350413558334,280.0,4.7110189441616085e+19,8.310924441136264e-22,500495.2871437162,0.2643430899827662,1,1,1,2.8367883611622183e+22,0.0001469464171275033,4.681212000425045e+20,4126573934560193.5
45845.84584584585,1726.6130064518297,0.050030046381209906,280.0,4.687499178138376e+19,8.30810660833728e-22,500325.5933815072,0.26379339171162935,1,1,1,2.8367859619625844e+22,0.00014694642955542916,4.652087695190122e+20,4122150771346284.5
45945.94594594595,1724.2693667279254,0.05003075885131107,280.0,4.664096834566707e+19,8.305285905461029e-22,500155.72677930247,0.2632440476192951,1,1,1,2.836783567563144e+22,0.0001469464419585014,4.6230394347016146e+20,4117710179725798.5
46046.04604604605,1721.925727004021,0.050031488215131766,280.0,4.640811327214912e+19,8.302462325677223e-22,499985.6869257725,0.262695053371357,1,1,1,2.8367811779543356e+22,0.00014694645433676947,4.594067401603513e+20,4113252115028610.0
46146.14614614615,1719.5820872801166,0.050032234873217486,280.0,4.617642072778073e+19,8.299635862129998e-22,499815.47340804787,0.262146404627142,1,1,1,2.8367787931266177e+22,0.00014694646669028276,4.565171779212832e+20,4108776532718377.0
46246.24624624625,1717.2384475562123,0.05003299923560915,280.0,4.594588490863406e+19,8.296806507937777e-22,499645.08581171045,0.26159809703982756,1,1,1,2.8367764130704688e+22,0.0001469464790190905,4.5363527515228674e+20,4104283388395823.0
46346.34634634635,1714.894807832308,0.05003378172206812,280.0,4.571650003975752e+19,8.293974256193147e-22,499474.52372078644,0.2610501262565629,1,1,1,2.836774037776387e+22,0.0001469464913232418,4.507610503206379e+20,4099772637802051.0
46446.44644644645,1712.5511681084038,0.05003458276230654,280.0,4.54882603750309e+19,8.291139099962712e-22,499303.78671773715,0.2605024879185932,1,1,1,2.836771667234891e+22,0.00014694650360278576,4.478945219618668e+20,4095244236821886.5
46546.54654654655,1710.2075283844993,0.05003540279622319,280.0,4.526116019702151e+19,8.288301032286983e-22,499132.8743834526,0.2599551776613878,1,1,1,2.8367693014365186e+22,0.00014694651585777136,4.450357086800545e+20,4090698141487251.0
46646.64664664665,1707.863888660595,0.05003624227414486,280.0,4.503519381684103e+19,8.2854600461802235e-22,498961.7862972421,0.25940819111477087,1,1,1,2.8367669403718276e+22,0.00014694652808824738,4.421846291481212e+20,4086134307980567.5
46746.74674674675,1705.5202489366907,0.05003710165707348,280.0,4.481035557400277e+19,8.282616134630318e-22,498790.52203682647,0.25886152390305645,1,1,1,2.836764584031396e+22,0.00014694654029426255,4.393413021081007e+20,4081552692638190.5
46846.84684684685,1703.1766092127864,0.0500379814169391,280.0,4.4586639836280136e+19,8.279769290598639e-22,498619.0811783299,0.2583151716451873,1,1,1,2.8367622324058216e+22,0.00014694655247586555,4.3650574637140627e+20,4076953251953873.5
46946.94694694695,1700.832969488882,0.05003888203685883,280.0,4.43640409995654e+19,8.276919507019922e-22,498447.46329627244,0.2577691299548763,1,1,1,2.8367598854857216e+22,0.0001469465646331049,4.336779808190839e+20,4072335942582263.5
47047.047047047054,1698.4893297649776,0.05003980401140195,280.0,4.414255348772933e+19,8.274066776802103e-22,498275.66796356026,0.25722339444075293,1,1,1,2.836757543261734e+22,0.00014694657676602907,4.3085802440205337e+20,4067700721342425.0
47147.14714714715,1696.1456900410733,0.05004074784686129,280.0,4.392217175248158e+19,8.2712110928262e-22,498103.69475147844,0.2566779607065123,1,1,1,2.8367552057245147e+22,0.00014694658887468633,4.2804589614133825e+20,4063047545221399.5
47247.24724724725,1693.802050317169,0.05004171406153101,280.0,4.370289027323157e+19,8.268352447946164e-22,497931.54322968214,0.25613282435106877,1,1,1,2.8367528728647413e+22,0.00014694660095912492,4.252416151282813e+20,4058376371377788.5
47347.34734734735,1691.4584105932647,0.05004270318599098,280.0,4.348470355695031e+19,8.265490834988738e-22,497759.21296618803,0.2555879809687128,1,1,1,2.83675054467311e+22,0.000146946613019393,4.2244520052474865e+20,4053687157145376.0
47447.44744744745,1689.1147708693604,0.05004371576339788,280.0,4.326760613803278e+19,8.262626246753322e-22,497586.7035273659,0.2550434261492727,1,1,1,2.8367482211403372e+22,0.00014694662505553856,4.196566715633197e+20,4048979860036775.0
47547.547547547554,1686.771131145456,0.05004475234978324,280.0,4.305159257816094e+19,8.259758676011823e-22,497414.01447793026,0.2544991554782788,1,1,1,2.836745902257159e+22,0.00014694663706760953,4.16876047547463e+20,4044254437747109.5
47647.64764764765,1684.4274914215516,0.05004581351435843,280.0,4.283665746616767e+19,8.256888115508523e-22,497241.1453809317,0.2539551645371331,1,1,1,2.83674358801433e+22,0.00014694664905565377,4.141033478516992e+20,4039510848157727.5
47747.74774774775,1682.0838516976473,0.05004689983982699,280.0,4.262279541790097e+19,8.254014557959924e-22,497068.09579774796,0.2534114489032823,1,1,1,2.836741278402627e+22,0.00014694666101971898,4.113385919217472e+20,4034749049339942.0
47847.84784784785,1679.740211973743,0.05004801192270429,280.0,4.241000107608931e+19,8.251137996054601e-22,496894.86528807506,0.25286800415039473,1,1,1,2.8367389734128442e+22,0.00014694667295985276,4.085817992746567e+20,4029968999558807.5
47947.94794794795,1677.3965722498388,0.050049150373644755,280.0,4.219826911020732e+19,8.24825842245307e-22,496721.45340991905,0.25232482584854177,1,1,1,2.836736673035796e+22,0.00014694668487610262,4.05832989498925e+20,4025170657276926.5
48048.048048048055,1675.0529325259342,0.050050315817776844,280.0,4.198759421634225e+19,8.245375829787621e-22,496547.8597195865,0.2517819095643836,1,1,1,2.836734377262317e+22,0.00014694669676851602,4.0309218225459724e+20,4020353981158288.0
48148.14814814815,1672.70929280203,0.05005150889504599,280.0,4.177797111706122e+19,8.242490210662192e-22,496374.08377167623,0.2512392508613589,1,1,1,2.836732086083261e+22,0.00014694670863714025,4.003593972733514e+20,4015518930072138.5
48248.24824824825,1670.3656530781257,0.0500527302605656,280.0,4.156939456127888e+19,8.239601557652202e-22,496200.1251190698,0.250696845299879,1,1,1,2.8367297994895017e+22,0.00014694672048202253,3.9763465435856424e+20,4010665463096883.0
48348.34834834835,1668.0220133542214,0.050053980584976426,280.0,4.136185932412591e+19,8.2367098633044115e-22,496025.983312923,0.2501546884375263,1,1,1,2.836727517471932e+22,0.00014694673230320995,3.949179733853618e+20,4005793539524019.0
48448.44844844845,1665.678373630317,0.05005526055481436,280.0,4.11553602068182e+19,8.233815120136759e-22,495851.6579026557,0.2496127758292572,1,1,1,2.8367252400214645e+22,0.00014694674410074956,3.922093743006512e+20,4000903118862104.5
48548.548548548555,1663.3347339064126,0.05005657087288703,280.0,4.094989203652652e+19,8.230917320638229e-22,495677.1484359443,0.24907110302760965,1,1,1,2.8367229671290316e+22,0.0001469467558746882,3.895088771231334e+20,3995994160840755.0
48648.648648648654,1660.9910941825083,0.050057912258659236,280.0,4.074544966624708e+19,8.228016457268679e-22,495502.45445871097,0.24852966558291512,1,1,1,2.8367206987855852e+22,0.00014694676762507276,3.8681650194329875e+20,3991066625414676.5
48748.74874874875,1658.647454458604,0.050059285448647524,280.0,4.054202797467247e+19,8.225112522458702e-22,495327.5755151157,0.24798845904351463,1,1,1,2.8367184349820967e+22,0.0001469467793519499,3.8413226892340055e+20,3986120472767725.5
48848.84884884885,1656.3038147346997,0.050060691196824124,280.0,4.033962186606333e+19,8.222205508609449e-22,495152.5111475453,0.2474474789559802,1,1,1,2.8367161757095567e+22,0.00014694679105536624,3.8145619829741067e+20,3981155663317007.5
48948.94894894895,1653.9601750107954,0.0500621302750304,280.0,4.013822627012091e+19,8.2192954080925e-22,494977.26089660596,0.24690672086534093,1,1,1,2.836713920958976e+22,0.0001469468027353683,3.787883103709535e+20,3976172157717005.0
49049.049049049056,1651.616535286891,0.05006360347340013,280.0,3.993783614185983e+19,8.21638221324969e-22,494801.82430111227,0.24636618031531302,1,1,1,2.836711670721385e+22,0.00014694681439200244,3.7612862552121895e+20,3971169916863736.5
49149.149149149154,1649.2728955629866,0.050065111600792765,280.0,3.97384464614819e+19,8.2134659163929475e-22,494626.2008980782,0.24582585284853536,1,1,1,2.836709424987833e+22,0.000146946826025315,3.734771641968543e+20,3966148901898953.0
49249.24924924925,1646.9292558390823,0.05006665548523696,280.0,3.954005223425023e+19,8.210546509804149e-22,494450.39022270765,0.24528573400680992,1,1,1,2.836707183749389e+22,0.00014694683763535218,3.708339469178322e+20,3961109074214362.0
49349.34934934935,1644.585616115178,0.050068235974384576,280.0,3.934264849036411e+19,8.20762398573495e-22,494274.3918083846,0.24474581933134634,1,1,1,2.8367049469971418e+22,0.00014694684922216008,3.6819899427529726e+20,3956050395455887.0
49449.44944944945,1642.2419763912737,0.05006985393597543,280.0,3.914623028483462e+19,8.204698336406619e-22,494098.2051866633,0.2442061043630123,1,1,1,2.8367027147222e+22,0.00014694686078578468,3.6557232693138804e+20,3950972827527961.5
49549.549549549556,1639.8983366673692,0.05007151025831307,280.0,3.895079269736068e+19,8.201769554009892e-22,493921.8298872591,0.24366658464258875,1,1,1,2.836700486915691e+22,0.00014694687232627188,3.629539656190353e+20,3945876332597851.0
49649.649649649655,1637.554696943465,0.05007320585075175,280.0,3.875633083220586e+19,8.198837630704782e-22,493745.2654380371,0.24312725571102956,1,1,1,2.8366982635687617e+22,0.00014694688384366754,3.603439311417358e+20,3940760873100014.5
49749.74974974975,1635.2110572195606,0.05007494164419495,280.0,3.856283981807566e+19,8.195902558620439e-22,493568.5113650041,0.24258811310972694,1,1,1,2.8366960446725796e+22,0.0001469468953380173,3.577422443732987e+20,3935626411740493.0
49849.84984984985,1632.8674174956564,0.050076718591605694,280.0,3.83703148079955e+19,8.192964329854979e-22,493391.56719229766,0.2420491523807819,1,1,1,2.8366938302183308e+22,0.00014694690680936676,3.551489262575681e+20,3930472911501335.0
49949.94994994995,1630.523777771752,0.050078537668528905,280.0,3.817875097918937e+19,8.190022936475295e-22,493214.43244217517,0.2415103690672797,1,1,1,2.8366916201972213e+22,0.0001469469182577614,3.52563997808117e+20,3925300335645053.5
50050.05005005006,1628.1801380478475,0.05008039987362617,280.0,3.7988143532958925e+19,8.18707837051692e-22,493037.10663500545,0.24097175871357088,1,1,1,2.8366894146004764e+22,0.00014694692968324669,3.499874801079142e+20,3920108647719116.5
50150.150150150155,1625.8364983239433,0.050082306229223064,280.0,3.77984876945634e+19,8.184130623983841e-22,492859.58928925777,0.24043331686555733,1,1,1,2.8366872134193408e+22,0.00014694694108586783,3.4741939430896343e+20,3914897811560473.0
50250.250250250254,1623.492858600039,0.05008425778186949,280.0,3.760977871309988e+19,8.1811796888483245e-22,492681.8799214909,0.2398950390709839,1,1,1,2.8366850166450794e+22,0.0001469469524656701,3.448597616319115e+20,3909667791300106.5
50350.35035035035,1621.1492188761347,0.05008625560291325,280.0,3.74220118613843e+19,8.178225557050758e-22,492503.97804634384,0.23935692087973537,1,1,1,2.8366828242689757e+22,0.00014694696382269853,3.4230860336562864e+20,3904418551367629.0
50450.45045045045,1618.8055791522304,0.050088300789087124,280.0,3.7235182435833135e+19,8.175268220499469e-22,492325.88317652507,0.23881895784413903,1,1,1,2.8366806362823336e+22,0.00014694697515699816,3.3976594086675717e+20,3899150056495903.5
50550.55055055056,1616.4619394283259,0.0500903944631099,280.0,3.704928575634544e+19,8.172307671070544e-22,492147.59482280124,0.23828114551927265,1,1,1,2.8366784526764764e+22,0.00014694698646861384,3.372317955592286e+20,3893862271725702.0
50650.650650650656,1614.1182997044216,0.050092537774301574,280.0,3.686431716618576e+19,8.169343900607674e-22,491969.11249398836,0.23774347946327823,1,1,1,2.8366762734427465e+22,0.00014694699775759037,3.347061889337495e+20,3888555162410396.0
50750.750750750754,1611.7746599805173,0.05009473189921306,280.0,3.668027203186734e+19,8.166376900921954e-22,491790.4356969392,0.2372059552376808,1,1,1,2.836674098572506e+22,0.00014694700902397243,3.321891425472525e+20,3883228694220680.5
50850.85085085085,1609.431020256613,0.05009697804227086,280.0,3.6497145743036092e+19,8.163406663791717e-22,491611.5639365337,0.2366685684077139,1,1,1,2.836671928057137e+22,0.00014694702026780463,3.296806780223151e+20,3877882833149333.0
50950.95095095095,1607.0873805327087,0.05009927743643688,280.0,3.6314933712355156e+19,8.160433180962361e-22,491432.4967156685,0.23613131454265002,1,1,1,2.8366697618880407e+22,0.00014694703148913143,3.271808170465429e+20,3872517545516003.5
51051.05105105106,1604.7437408088042,0.05010163134388391,280.0,3.6133631375389946e+19,8.1574564441461615e-22,491253.23353524524,0.235594189216137,1,1,1,2.8366676000566384e+22,0.00014694704268799726,3.2468958137191675e+20,3867132797972040.0
51151.151151151156,1602.4001010849,0.05010404105668701,280.0,3.5953234190493856e+19,8.154476445022074e-22,491073.7738941594,0.23505718800654068,1,1,1,2.8366654425543706e+22,0.00014694705386444638,3.2220699281410503e+20,3861728557505348.0
51251.251251251255,1600.0564613609956,0.05010650789753127,280.0,3.577373763869442e+19,8.151493175235593e-22,490894.11728929105,0.23452030649729266,1,1,1,2.8366632893726977e+22,0.00014694706501852296,3.197330732517359e+20,3856304791445279.5
51351.35135135135,1597.7128216370913,0.05010903322043626,280.0,3.5595137223580123e+19,8.148506626398524e-22,490714.2632154916,0.23398354027724474,1,1,1,2.8366611405030994e+22,0.00014694707615027104,3.1726784462563325e+20,3850861467467561.0
51451.45145145145,1595.369181913187,0.05011161841149758,280.0,3.541742847118782e+19,8.145516790088825e-22,490534.21116557415,0.233446884941029,1,1,1,2.8366589959370755e+22,0.0001469470872597347,3.148113289380124e+20,3845398553599252.0
51551.55155155156,1593.0255421892825,0.050114264889646015,280.0,3.5240606929890615e+19,8.142523657850409e-22,490353.96063030156,0.23291033608942383,1,1,1,2.8366568556661456e+22,0.0001469470983469577,3.1236354825163525e+20,3839916018223735.5
51651.65165165166,1590.6819024653782,0.05011697410742446,280.0,3.5064668170286404e+19,8.139527221192956e-22,490173.511098375,0.23237388932972666,1,1,1,2.836654719681848e+22,0.00014694710941198392,3.099245246889254e+20,3834413830085748.0
51751.751751751755,1588.338262741474,0.05011974755178336,280.0,3.488960778508684e+19,8.136527471591732e-22,489992.8620564234,0.23183754027613185,1,1,1,2.836652587975742e+22,0.00014694712045485697,3.0749428043103856e+20,3828891958296434.5
51851.851851851854,1585.9946230175697,0.0501225867448948,280.0,3.471542138900695e+19,8.1335244004873935e-22,489812.01298899116,0.23130128455011537,1,1,1,2.8366504605394053e+22,0.00014694713147562046,3.0507283771689186e+20,3823350372338444.0
51951.95195195195,1583.6509832936654,0.0501254932449859,280.0,3.454210461865534e+19,8.130517999285786e-22,489630.9633785267,0.23076511778082606,1,1,1,2.8366483373644367e+22,0.00014694714247431783,3.026602188421476e+20,3817789042071055.5
52052.05205205206,1581.3073435697609,0.050128468647191816,280.0,3.4369653132424806e+19,8.127508259357768e-22,489449.712705371,0.23022903560548197,1,1,1,2.836646218442454e+22,0.00014694715345099247,3.0025644615815155e+20,3812207937735337.5
52152.15215215216,1578.9637038458566,0.05013151458442896,280.0,3.4198062610383684e+19,8.124495172039009e-22,489268.2604477465,0.2296930336697745,1,1,1,2.836644103765095e+22,0.00014694716440568763,2.978615420708254e+20,3806607029959341.5
52252.252252252256,1576.6200641219523,0.05013463272828872,280.0,3.4027328754167546e+19,8.121478728629786e-22,489086.60608174367,0.22915710762827782,1,1,1,2.8366419933240175e+22,0.00014694717533844645,2.9547552903951e+20,3800986289763328.0
52352.352352352355,1574.276424398048,0.05013782478995238,280.0,3.38574472868715e+19,8.118458920394799e-22,488904.7490813108,0.2286212531448648,1,1,1,2.8366398871108986e+22,0.00014694718624931204,2.9309842957576113e+20,3795345688565026.5
52452.45245245245,1571.9327846741437,0.050141092521127556,280.0,3.3688413952943174e+19,8.1154357385629605e-22,488722.6889182411,0.22808546589313025,1,1,1,2.8366377851174357e+22,0.0001469471971383273,2.907302662420949e+20,3789685198184929.0
52552.55255255256,1569.5891449502392,0.050144437715006734,280.0,3.3520224518075994e+19,8.112409174327209e-22,488540.42506216106,0.22754974155681926,1,1,1,2.8366356873353464e+22,0.00014694720800553516,2.883710616506813e+20,3784004790851615.0
52652.65265265266,1567.245505226335,0.05014786220724847,280.0,3.3352874769103233e+19,8.109379218844291e-22,488357.9569805179,0.22701407583026365,1,1,1,2.836633593756368e+22,0.0001469472188509783,2.860208384619869e+20,3778304439207113.0
52752.752752752756,1564.9018655024306,0.05015136787698166,280.0,3.318636051389234e+19,8.106345863234571e-22,488175.28413856763,0.22647846441882363,1,1,1,2.8366315043722575e+22,0.00014694722967469937,2.8367961938336167e+20,3772584116312291.0
52852.852852852855,1562.5582257785263,0.05015495664783355,280.0,3.3020677581240025e+19,8.103309098581823e-22,487992.40599936305,0.22594290303933676,1,1,1,2.8366294191747923e+22,0.00014694724047674095,2.8134742716757295e+20,3766843795652282.5
52952.95295295295,1560.214586054622,0.050158630488981976,280.0,3.2855821820767683e+19,8.100268915933015e-22,487809.3220237402,0.22540738742057337,1,1,1,2.8366273381557695e+22,0.0001469472512571455,2.790242846112824e+20,3761083451141945.0
53053.05305305306,1557.8709463307175,0.050162391416232396,280.0,3.2691789102817518e+19,8.097225306298128e-22,487626.03167030774,0.22487191330369877,1,1,1,2.836625261307007e+22,0.0001469472620159553,2.7671021455346555e+20,3755303057131351.5
53153.15315315316,1555.5273066068132,0.05016624149312033,280.0,3.2528575318349074e+19,8.094178260649914e-22,487442.53439543245,0.22433647644274227,1,1,1,2.8366231886203418e+22,0.0001469472727532126,2.744052398737733e+20,3749502588411314.5
53253.25325325326,1553.183666882909,0.050170182832039785,280.0,3.2366176378836255e+19,8.091127769923703e-22,487258.82965322747,0.22380107260507245,1,1,1,2.836621120087632e+22,0.00014694728346895952,2.7210938349083194e+20,3743682020218941.5
53353.353353353355,1550.8400271590046,0.050174217595398266,280.0,3.2204588216164938e+19,8.088073825017199e-22,487074.91689553997,0.22326569757187992,1,1,1,2.8366190557007555e+22,0.0001469472941632381,2.6982266836048327e+20,3737841328243226.0
53453.453453453454,1548.4963874351004,0.050178347996799016,280.0,3.204380678253104e+19,8.085016416790248e-22,486890.79557193734,0.22273034713866607,1,1,1,2.8366169954516107e+22,0.00014694730483609026,2.6754511747396115e+20,3731980488630668.0
53553.55355355356,1546.1527477111958,0.050182576302251106,280.0,3.188382805033917e+19,8.081955536064636e-22,486706.4651296949,0.22219501711573972,1,1,1,2.836614939332116e+22,0.0001469473154875578,2.652767538560038e+20,3726099477990928.0
53653.65365365366,1543.8091079872916,0.050186904831408016,280.0,3.1724648012101722e+19,8.078891173623866e-22,486521.9250137827,0.22165970332871976,1,1,1,2.8366128873342102e+22,0.00014694732611768242,2.6301760056290148e+20,3720198273402515.0
53753.75375375376,1541.4654682633873,0.05019133595883543,280.0,3.156626268033847e+19,8.075823320212949e-22,486337.1746668523,0.22112440161904506,1,1,1,2.836610839449853e+22,0.00014694733672650578,2.6076768068047523e+20,3714276852418503.0
53853.853853853856,1539.121828539483,0.050195872115308834,280.0,3.1408668087476662e+19,8.072751966538166e-22,486152.2135292234,0.22058910784449118,1,1,1,2.836608795671024e+22,0.0001469473473140693,2.5852701732198895e+20,3708335193072281.5
53953.953953953955,1536.7781888155787,0.05020051578914173,280.0,3.125186028575166e+19,8.069677103266872e-22,485967.0410388712,0.22005381787969422,1,1,1,2.8366067559897235e+22,0.00014694735788041443,2.5629563362599043e+20,3702373273883339.5
54054.05405405406,1534.4345490916742,0.05020526952754506,280.0,3.109583534710805e+19,8.066598721027255e-22,485781.6566314124,0.21951852761668145,1,1,1,2.8366047203979726e+22,0.00014694736842558242,2.540735527540811e+20,3696391073863077.5
54154.15415415416,1532.0909093677699,0.05021013593801866,280.0,3.094058936310127e+19,8.063516810408107e-22,485596.059740091,0.21898323296540945,1,1,1,2.8366026888878125e+22,0.00014694737894961445,2.5186079788861332e+20,3690388572520656.0
54254.25425425426,1529.7472696438656,0.050215117689775456,280.0,3.078611844479963e+19,8.060431361958618e-22,485410.2497957663,0.21844792985430836,1,1,1,2.8366006614513055e+22,0.00014694738945255162,2.496573922303115e+20,3684365749868870.0
54354.35435435436,1527.4036299199613,0.05022021751519917,280.0,3.0632418722686968e+19,8.05734236618814e-22,485224.2262268985,0.21791261423083388,1,1,1,2.8365986380805346e+22,0.00014694739993443485,2.474633589958187e+20,3678322586430058.5
54454.454454454455,1525.059990196057,0.05022543821133634,280.0,3.0479486346565624e+19,8.054249813565947e-22,485037.98845953407,0.21737728206202628,1,1,1,2.836596618767604e+22,0.000146947410395305,2.452787214151646e+20,3672259063242044.0
54554.55455455456,1522.7163504721525,0.05023078264142338,280.0,3.0327317485460103e+19,8.051153694521018e-22,484851.53591729305,0.21684192933507626,1,1,1,2.8365946035046374e+22,0.0001469474208352029,2.431035027291539e+20,3666175161864102.0
54654.65465465466,1520.3727107482482,0.05023625373644958,280.0,3.0175908327521083e+19,8.048053999441793e-22,484664.8680213541,0.216306552057898,1,1,1,2.836592592283781e+22,0.00014694743125416907,2.4093772618667478e+20,3660070864382965.0
54754.75475475476,1518.029071024344,0.05024185449675692,280.0,3.002525507992983e+19,8.044950718675948e-22,484477.98419044097,0.2157711462597093,1,1,1,2.836590585097202e+22,0.00014694744165224416,2.3878141504192276e+20,3653946153418851.5
54854.85485485486,1515.6854313004396,0.05024758799367735,280.0,2.987535396880335e+19,8.041843842530154e-22,484290.88384080806,0.21523570799161904,1,1,1,2.836588581937087e+22,0.00014694745202946846,2.366345925515419e+20,3647801012131529.0
54954.954954954956,1513.3417915765353,0.05025345737120869,280.0,2.9726201239099654e+19,8.038733361269847e-22,484103.5663862266,0.21470023332722116,1,1,1,2.8365865827956456e+22,0.0001469474623858824,2.3449728197167897e+20,3641635424226407.0
55055.05505505506,1510.9981518526308,0.05025946584772981,280.0,2.957779315452388e+19,8.035619265118961e-22,483916.0312379684,0.21416471836319648,1,1,1,2.836584587665108e+22,0.00014694747272152612,2.3236950655495e+20,3635449373960658.5
55155.15515515516,1508.6545121287265,0.05026561671775618,280.0,2.943012599743463e+19,8.032501544259732e-22,483728.2778047944,0.21362915921992165,1,1,1,2.8365825965377253e+22,0.00014694748303643973,2.302512895473179e+20,3629242846149375.0
55255.25525525526,1506.3108724048222,0.05027191335373656,280.0,2.928319606875078e+19,8.02938018883241e-22,483540.30549293663,0.21309355204208416,1,1,1,2.8365806094057707e+22,0.0001469474933306632,2.2814265418487726e+20,3623015826171744.5
55355.35535535536,1503.967232680918,0.050278359207892,280.0,2.9136999687858926e+19,8.026255188935053e-22,483352.11370608676,0.21255789299930608,1,1,1,2.8365786262615385e+22,0.0001469475036042364,2.2604362369054756e+20,3616768299977265.0
55455.455455455456,1501.6235929570137,0.050284957814097864,280.0,2.899153319252107e+19,8.023126534623239e-22,483163.7018453779,0.21202217828677344,1,1,1,2.8365766470973446e+22,0.00014694751385719917,2.2395422127067077e+20,3610500254091983.5
55555.55555555556,1499.2799532331092,0.05029171278981018,280.0,2.884679293878297e+19,8.019994215909851e-22,482975.0693093723,0.2114864041258739,1,1,1,2.8365746719055266e+22,0.00014694752408959104,2.2187447011151233e+20,3604211675624766.0
55655.65565565566,1496.9363135092049,0.050298627838037055,280.0,2.8702775300882862e+19,8.016858222764822e-22,482786.21549404546,0.21095056676484097,1,1,1,2.836572700678444e+22,0.00014694753430145158,2.198043933756642e+20,3597902552273596.5
55755.75575575576,1494.5926737853006,0.050305706749356444,280.0,2.8559476671160558e+19,8.013718545114863e-22,482597.13979277003,0.21041466247940516,1,1,1,2.836570733408478e+22,0.00014694754449282022,2.177440141983463e+20,3591572872331899.0
55855.85585585586,1492.2490340613963,0.05031295340398116,280.0,2.8416893459967136e+19,8.010575172843222e-22,482407.84159630135,0.20987868757345277,1,1,1,2.8365687700880324e+22,0.00014694755466373627,2.15693355683607e+20,3585222624694895.5
55955.95595595596,1489.905394337492,0.05032037177387234,280.0,2.8275022095574966e+19,8.007428095789433e-22,482218.3202927622,0.20934263837969128,1,1,1,2.8365668107095315e+22,0.00014694756481423895,2.1365244090041903e+20,3578851798865986.5
56056.05605605606,1487.5617546135875,0.05032796592490245,280.0,2.81338590240883e+19,8.004277303749053e-22,482028.57526762696,0.20880651126032213,1,1,1,2.8365648552654233e+22,0.00014694757494436732,2.1162129287866945e+20,3572460384963160.0
56156.15615615616,1485.2181148896832,0.05033574001906895,280.0,2.799340070935424e+19,8.001122786473392e-22,481838.6059037056,0.20827030260772061,1,1,1,2.836562903748177e+22,0.0001469475850541603,2.0959993460504242e+20,3566048373725429.5
56256.25625625626,1482.874475165779,0.050343698316759875,280.0,2.78536436328741e+19,7.9979645336692705e-22,481648.4115811285,0.20773400884512214,1,1,1,2.836560956150286e+22,0.0001469475951436568,2.07588389018791e+20,3559615756519296.5
56356.35635635636,1480.5308354418746,0.05035184517907239,280.0,2.771458429371531e+19,7.994802534998738e-22,481457.99167733017,0.20719762642731646,1,1,1,2.8365590124642634e+22,0.00014694760521289553,2.0558667900739866e+20,3553162525345241.5
56456.45645645646,1478.1871957179703,0.05036018507018568,280.0,2.7576219208423694e+19,7.991636780078817e-22,481267.34556703345,0.20666115184134784,1,1,1,2.8365570726826472e+22,0.00014694761526191512,2.0359482740212682e+20,3546688672844240.0
56556.55655655656,1475.8435559940658,0.050368722559789414,280.0,2.7438544910936236e+19,7.988467258481235e-22,481076.47262223344,0.2061245816072232,1,1,1,2.836555136797997e+22,0.00014694762529075402,2.016128569734469e+20,3540194192304305.0
56656.65665665666,1473.4999162701615,0.050377462325568945,280.0,2.7301557952494273e+19,7.985293959732148e-22,480885.37221218087,0.2055879122786265,1,1,1,2.836553204802896e+22,0.00014694763529945066,1.996407904263558e+20,3533679077667056.5
56756.75675675676,1471.1562765462572,0.05038640915574869,280.0,2.7165254901557027e+19,7.98211687331187e-22,480694.0437033658,0.2050511404436399,1,1,1,2.83655127668995e+22,0.0001469476452880433,1.9767865039557073e+20,3527143323534313.5
56856.85685685686,1468.812636822353,0.050395567951694996,280.0,2.702963234371571e+19,7.97893598865461e-22,480502.4864595017,0.20451426272547218,1,1,1,2.836549352451787e+22,0.00014694765525657003,1.957264594406047e+20,3520586925174713.5
56956.95695695696,1466.4689970984487,0.0504049437305798,280.0,2.6894686881607987e+19,7.975751295148182e-22,480310.6998415083,0.2039772757831939,1,1,1,2.83654743208106e+22,0.00014694766520506893,1.9378424004071798e+20,3514009878530355.0
57057.05705705706,1464.1253573745441,0.05041454162810659,280.0,2.6760415134832796e+19,7.972562782133732e-22,480118.6832074947,0.20344017631247882,1,1,1,2.836545515570444e+22,0.00014694767513357781,1.9185201458974487e+20,3507412180223465.0
57157.15715715716,1461.7817176506398,0.05042436690129996,280.0,2.662681373986582e+19,7.969370438905459e-22,479926.4359127428,0.20290296104635272,1,1,1,2.8365436029126385e+22,0.0001469476850421346,1.899298053907946e+20,3500793827563091.0
57257.25725725726,1459.4380779267356,0.05043442493136042,280.0,2.6493879349975085e+19,7.966174254710336e-22,479733.9573096906,0.20236562675594796,1,1,1,2.836541694100366e+22,0.0001469476949307768,1.8801763465082195e+20,3494154818551814.5
57357.35735735736,1457.0944382028313,0.05044472122658567,280.0,2.636160863513718e+19,7.962974218747814e-22,479541.2467479142,0.20182817025126568,1,1,1,2.8365397891263727e+22,0.00014694770479954203,1.8611552447506904e+20,3487495151892489.0
57457.45745745746,1454.750798478927,0.05045526142536025,280.0,2.622999828195386e+19,7.959770320169543e-22,479348.303574111,0.20129058838194352,1,1,1,2.8365378879834294e+22,0.00014694771464846768,1.8422349686137412e+20,3480814826995000.5
57557.557557557564,1452.4071587550225,0.0504660512992147,280.0,2.609904499356899e+19,7.95656254807909e-22,479155.12713208294,0.2007528780380304,1,1,1,2.836535990664331e+22,0.00014694772447759107,1.8234157369434623e+20,3474113843983049.5
57657.65765765766,1450.0635190311182,0.05047709675595622,280.0,2.5968745489586037e+19,7.95335089153163e-22,478961.7167627176,0.20021503615076774,1,1,1,2.8365340971618953e+22,0.00014694773428694928,1.8046977673940464e+20,3467392203700958.5
57757.75775775776,1447.719879307214,0.05048840384287219,280.0,2.583909650598581e+19,7.950135339533669e-22,478768.07180397154,0.19967705969337618,1,1,1,2.8365322074689666e+22,0.00014694774407657938,1.786081276366794e+20,3460649907720493.0
57857.85785785786,1445.3762395833096,0.050499978750008306,280.0,2.571009479504477e+19,7.946915881042735e-22,478574.1915908521,0.1991389456818497,1,1,1,2.8365303215784123e+22,0.0001469477538465183,1.767566478947737e+20,3453886958347711.5
57957.95795795796,1443.0325998594053,0.05051182781352314,280.0,2.5581737125253628e+19,7.943692504967103e-22,478380.0754554002,0.19860069117575505,1,1,1,2.8365284394831255e+22,0.0001469477635968028,1.7491535888438467e+20,3447103358629831.5
58058.058058058064,1440.6889601355008,0.050523957519120664,280.0,2.545402028123636e+19,7.940465200165458e-22,478185.72272667073,0.1980622932790373,1,1,1,2.836526561176024e+22,0.0001469477733274695,1.7308428183178124e+20,3440299112362117.0
58158.15815815816,1438.3453204115965,0.05053637450556272,280.0,2.53269410636698e+19,7.937233955446627e-22,477991.13273071573,0.1975237491408323,1,1,1,2.83652468665005e+22,0.00014694778303855492,1.712634378121383e+20,3433474224094786.5
58258.25825825826,1436.0016806876922,0.0505490855682631,280.0,2.5200496289203347e+19,7.933998759569257e-22,477796.30479056557,0.19698505595628354,1,1,1,2.836522815898172e+22,0.00014694779273009552,1.6945284774272372e+20,3426628699139936.0
58358.35835835836,1433.658040963788,0.05056209766296517,280.0,2.5074682790379287e+19,7.930759601241511e-22,477601.23822621023,0.19644621096736617,1,1,1,2.8365209489133833e+22,0.00014694780240212746,1.6765253237593896e+20,3419762543578485.5
58458.45845845846,1431.3144012398836,0.05057541790950502,280.0,2.494949741555346e+19,7.927516469120757e-22,477405.93235458084,0.19590721146371592,1,1,1,2.836519085688704e+22,0.0001469478120546869,1.6586251229221025e+20,3412875764267140.5
58558.558558558565,1428.9707615159791,0.05058905359566183,280.0,2.4824937028816245e+19,7.924269351813258e-22,477210.386489531,0.1953680547834637,1,1,1,2.836517226217179e+22,0.00014694782168780986,1.6408280789272917e+20,3405968368845371.5
58658.65865865866,1426.6271217920748,0.05060301218109772,280.0,2.470099850991412e+19,7.921018237873855e-22,477014.5999418174,0.19482873831407643,1,1,1,2.8365153704918794e+22,0.00014694783130153212,1.6231343939204216e+20,3399040365742413.5
58758.75875875876,1424.2834820681705,0.05061730130138898,280.0,2.4577678754171388e+19,7.917763115805658e-22,476818.5720190816,0.19428925949320208,1,1,1,2.8365135185059034e+22,0.00014694784089588946,1.605544268104857e+20,3392091764184275.0
58858.85885885886,1421.9398423442663,0.05063192877215064,280.0,2.4454974672412455e+19,7.914503974059712e-22,476622.3020258297,0.19374961580952113,1,1,1,2.8365116702523753e+22,0.00014694785047091743,1.5880578996646835e+20,3385122574200770.5
58958.95895895896,1419.596202620362,0.05064690259325678,280.0,2.4332883190884454e+19,7.911240801034691e-22,476425.7892634138,0.19320980480360206,1,1,1,2.836509825724446e+22,0.00014694786002665146,1.570675484685968e+20,3378132806632563.0
59059.059059059065,1417.2525628964574,0.05066223095315843,280.0,2.4211401251180184e+19,7.907973585076558e-22,476229.0330300118,0.19266982406876276,1,1,1,2.836507984915294e+22,0.00014694786956312688,1.553397217076452e+20,3371122473138223.5
59159.159159159164,1414.9089231725532,0.05067792223330146,280.0,2.4090525810161623e+19,7.90470231447826e-22,476032.032620609,0.19212967125193683,1,1,1,2.8365061478181243e+22,0.00014694787908037883,1.5362232884836788e+20,3364091586201307.0
59259.25925925926,1412.5652834486489,0.05069398501264668,280.0,2.3970253839883543e+19,7.90142697747936e-22,475834.78732697555,0.1915893440545436,1,1,1,2.8365043144261695e+22,0.00014694788857844233,1.51915388821152e+20,3357040159137435.5
59359.35935935936,1410.2216437247446,0.05071042807229436,280.0,2.385058232751779e+19,7.898147562265758e-22,475637.2964376503,0.19104884023336408,1,1,1,2.8365024847326903e+22,0.00014694789805735225,1.5021892031351266e+20,3349968206101400.5
59459.45945945946,1407.8780040008403,0.05072726040021566,280.0,2.373150827527773e+19,7.894864056969304e-22,475439.55923791684,0.19050815760142048,1,1,1,2.8365006587309754e+22,0.0001469479075171433,1.4853294176142714e+20,3342875742094273.5
59559.559559559566,1405.5343642769358,0.050744491196093235,280.0,2.3613028700343157e+19,7.891576449667495e-22,475241.57500978565,0.1899672940288604,1,1,1,2.8364988364143412e+22,0.00014694791695785015,1.468574713405089e+20,3335762782970531.0
59659.659659659665,1403.1907245530315,0.050762129876273564,280.0,2.3495140634785657e+19,7.888284728383123e-22,475043.3430319729,0.18942624744384565,1,1,1,2.836497017776133e+22,0.00014694792637950712,1.4519252695702109e+20,3328629345445190.5
59759.75975975976,1400.8470848291272,0.05078018607883344,280.0,2.3377841125494157e+19,7.88498888108393e-22,474844.86257987947,0.18888501583344383,1,1,1,2.8364952028097246e+22,0.00014694793578214855,1.4353812623872765e+20,3321475447100952.5
59859.85985985986,1398.503445105223,0.05079866966876321,280.0,2.3261127234101015e+19,7.881688895682269e-22,474646.13292557054,0.18834359724452523,1,1,1,2.836493391508519e+22,0.0001469479451658086,1.4189428652558424e+20,3314301106395359.0
59959.95995995997,1396.1598053813184,0.05081759074326936,280.0,2.314499603690837e+19,7.878384760034746e-22,474447.15333775437,0.1878019897846623,1,1,1,2.836491583865948e+22,0.0001469479545305212,1.4026102486026673e+20,3307106342667955.0
60060.06006006007,1393.816165657414,0.050836959637199065,280.0,2.3029444624814952e+19,7.87507646194188e-22,474247.92308176134,0.18726019162303345,1,1,1,2.8364897798754736e+22,0.00014694796387632023,1.3863835797853903e+20,3299891176147464.0
60160.160160160165,1391.4725259335098,0.05085678692858954,280.0,2.2914470103243158e+19,7.871763989147744e-22,474048.4414195228,0.1867182009913294,1,1,1,2.8364879795305876e+22,0.00014694797320323935,1.3702630229945865e+20,3292655627958964.0
60260.260260260264,1389.1288862096055,0.05087708344434477,280.0,2.280006959206658e+19,7.868447329339605e-22,473848.70760954905,0.1861760161846636,1,1,1,2.836486182824812e+22,0.00014694798251131208,1.3542487391542236e+20,3285399720131077.5
60360.36036036036,1386.7852464857012,0.05089786026604265,280.0,2.2686240225537835e+19,7.8651264701475695e-22,473648.720906908,0.18563363556248474,1,1,1,2.8364843897516986e+22,0.00014694799180057182,1.3383408858205125e+20,3278123475603163.5
60460.46046046047,1384.4416067617967,0.05091912873587529,280.0,2.2572979152216797e+19,7.861801399144216e-22,473448.48056320334,0.1850910575494926,1,1,1,2.8364826003048313e+22,0.00014694800107105168,1.322539617079161e+20,3270826918232516.5
60560.56056056057,1382.0979670378924,0.05094090046272543,280.0,2.2460283534899143e+19,7.858472103844239e-22,473247.98582655273,0.18454828063655634,1,1,1,2.836480814477824e+22,0.0001469480103227848,1.306845083441049e+20,3263510072801570.5
60660.660660660666,1379.7543273139881,0.0509631873283821,280.0,2.234815055054531e+19,7.855138571704069e-22,473047.23594156536,0.184005303381635,1,1,1,2.8364790322643224e+22,0.000146948019555804,1.2912574317363157e+20,3256172965025103.5
60760.760760760764,1377.4106875900839,0.05098600149389837,280.0,2.2236577390209753e+19,7.851800790121507e-22,472846.23014931934,0.18346212441070053,1,1,1,2.836477253658004e+22,0.00014694802877014202,1.275776805006899e+20,3248815621557451.0
60860.86086086086,1375.0670478661796,0.05100935540609458,280.0,2.2125561258970587e+19,7.848458746435352e-22,472644.9676873398,0.18291874241866213,1,1,1,2.8364754786525787e+22,0.00014694803796583145,1.2604033423975206e+20,3241438069999716.5
60960.96096096097,1372.723408142275,0.051033261804209945,280.0,2.2015099375859585e+19,7.845112427925016e-22,472443.44778957544,0.18237515617029332,1,1,1,2.836473707241788e+22,0.0001469480471429046,1.2451371790451445e+20,3234040338906986.5
61061.06106106107,1370.3797684183708,0.05105773372670609,280.0,2.1905188973792506e+19,7.841761821810159e-22,472241.6696863767,0.18183136450115953,1,1,1,2.836471939419408e+22,0.00014694805630139369,1.2299784459669309e+20,3226622457795546.5
61161.161161161166,1368.0361286944665,0.05108278451822557,280.0,2.1795827299499774e+19,7.838406915250286e-22,472039.63260447123,0.1812873663185474,1,1,1,2.836470175179246e+22,0.0001469480654413308,1.2149272699466934e+20,3219184457150093.0
61261.261261261265,1365.6924889705622,0.051108427836708936,280.0,2.1687011613457514e+19,7.835047695344375e-22,471837.3357669418,0.18074316060239548,1,1,1,2.8364684145151443e+22,0.00014694807456274776,1.1999837734199035e+20,3211726368430949.5
61361.36136136136,1363.348849246658,0.051134677660673686,280.0,2.1578739189818933e+19,7.831684149130472e-22,471634.7783932017,0.18019874640622482,1,1,1,2.8364666574209787e+22,0.0001469480836656763,1.1851480743572564e+20,3204248224081277.5
61461.46146146147,1361.0052095227534,0.05116154829665867,280.0,2.1471007316346024e+19,7.828316263585326e-22,471431.959698973,0.17965412285807114,1,1,1,2.836464903890659e+22,0.00014694809275014788,1.1704202861468298e+20,3196750057534285.5
61561.56156156157,1358.661569798849,0.05118905438683754,280.0,2.136381329434163e+19,7.82494402562396e-22,471228.8788962602,0.17910928916141663,1,1,1,2.836463153918131e+22,0.0001469481018161939,1.1558005174748768e+20,3189231903220436.5
61661.66166166167,1356.3179300749448,0.05121721091680485,280.0,2.125715443858185e+19,7.82156742209929e-22,471025.53519332805,0.17856424459612208,1,1,1,2.8364614074973746e+22,0.0001469481108638454,1.1412888722052689e+20,3181693796574645.5
61761.761761761765,1353.9742903510405,0.051246033223538545,280.0,2.115102807724875e+19,7.818186439801718e-22,470821.92779467633,0.1780189885193585,1,1,1,2.8364596646224054e+22,0.00014694811989313344,1.1268854492576522e+20,3174135774043478.0
61861.861861861864,1351.6306506271362,0.051275537003542655,280.0,2.104543155186347e+19,7.814801065458732e-22,470618.05590101605,0.17747352036653893,1,1,1,2.8364579252872753e+22,0.00014694812890408878,1.1125903424843386e+20,3166557873092338.5
61961.96196196197,1349.2870109032317,0.051305738321174035,280.0,2.0940362217219584e+19,7.811411285734481e-22,470413.91870924406,0.17692783965224865,1,1,1,2.836456189486073e+22,0.00014694813789674197,1.0984036405459837e+20,3158960132212650.5
62062.06206206207,1346.9433711793274,0.051336653617157106,280.0,2.0835817441316884e+19,7.8080170872293825e-22,470209.515412419,0.17638194597117512,1,1,1,2.8364544572129234e+22,0.0001469481468711235,1.0843254267861036e+20,3151342590929034.5
62162.16216216217,1344.5997314554231,0.051368299717290546,280.0,2.0731794605295415e+19,7.804618456479691e-22,470004.8451997357,0.17583583899903596,1,1,1,2.83645272846199e+22,0.00014694815582726344,1.0703557791044652e+20,3143705289806467.5
62262.262262262266,1342.2560917315188,0.051400693841350105,280.0,2.062829110336988e+19,7.801215379957084e-22,469799.9072565,0.17528951849350577,1,1,1,2.8364510032274727e+22,0.0001469481647651919,1.0564947698294253e+20,3136048270457440.0
62362.362362362364,1339.9124520076145,0.05143385361219166,280.0,2.052530434276437e+19,7.797807844068241e-22,469594.7007641033,0.17474298429514093,1,1,1,2.836449281503611e+22,0.00014694817368493865,1.0427424655892596e+20,3128371575549098.0
62462.46246246247,1337.56881228371,0.05146779706505866,280.0,2.0422831743647416e+19,7.794395835154407e-22,469389.2248999968,0.17419623632830203,1,1,1,2.836447563284683e+22,0.0001469481825865333,1.0290989271825498e+20,3120675248810373.0
62562.56256256257,1335.2251725598057,0.051502542657098464,280.0,2.032087073906735e+19,7.79097933949098e-22,469183.47883766604,0.1736492746020744,1,1,1,2.8364458485650058e+22,0.00014694819147000529,1.0155642094476948e+20,3112959335039102.5
62662.66266266267,1332.8815328359015,0.05153810927709172,280.0,2.021941877488802e+19,7.787558343287057e-22,468977.46174660395,0.17310209921118475,1,1,1,2.8364441373389363e+22,0.00014694820033538374,1.002138361131603e+20,3105223880109128.5
62762.762762762766,1330.5378931119972,0.05157451625539949,280.0,2.0118473309724807e+19,7.784132832685014e-22,468771.1727922853,0.17255471033691577,1,1,1,2.8364424296008723e+22,0.00014694820918269768,9.888214247576548e+19,3097468930977387.5
62862.862862862865,1328.1942533880929,0.051611783374132386,280.0,2.0018031814880936e+19,7.780702793760055e-22,468564.6111361398,0.17200710824801657,1,1,1,2.8364407253452525e+22,0.00014694821801197592,9.756134364929974e+19,3089694535690981.5
62962.96296296297,1325.8506136641884,0.05164993087754669,280.0,1.9918091774284177e+19,7.77726821251977e-22,468357.7759355252,0.1714592933016098,1,1,1,2.836439024566557e+22,0.000146948226823247,9.625144260152562e+19,3081900743394230.5
63063.06306306307,1323.506973940284,0.05168897948267175,280.0,1.9818650684423774e+19,7.773829074903683e-22,468150.66634370043,0.17091126594409434,1,1,1,2.8364373272593074e+22,0.00014694823561653924,9.495244163787507e+19,3074087604335710.5
63163.16316316317,1321.1633342163798,0.05172895039017378,280.0,1.9719706054287757e+19,7.770385366782807e-22,467943.2815097984,0.17036302671204362,1,1,1,2.836435633418069e+22,0.0001469482443918808,9.366434238802885e+19,3066255169875263.5
63263.26326326327,1318.8196944924755,0.05176986529546071,280.0,1.9621255405300543e+19,7.766937073959179e-22,467735.6205787984,0.16981457623309923,1,1,1,2.8364339430374496e+22,0.00014694825314929955,9.238714579246481e+19,3058403492490995.5
63363.363363363365,1316.4760547685712,0.05181174640003313,280.0,1.952329627126083e+19,7.763484182165413e-22,467527.6826914987,0.1692659152268594,1,1,1,2.8364322561121013e+22,0.00014694826188882314,9.112085208898311e+19,3050532625786247.5
63463.46346346347,1314.1324150446667,0.05185461642308628,280.0,1.942582619827983e+19,7.760026677064217e-22,467319.466984488,0.16871704450576194,1,1,1,2.8364305726367202e+22,0.00014694827061047906,8.986546079921883e+19,3042642624496543.5
63563.56356356357,1311.7887753207624,0.051898498613368184,280.0,1.9328842744719802e+19,7.756564544247951e-22,467110.97259011836,0.16816796497596118,1,1,1,2.836428892606048e+22,0.00014694827931429453,8.862097071515292e+19,3034733544496517.5
63663.66366366367,1309.445135596858,0.05194341676129926,280.0,1.923234348113287e+19,7.75309776923812e-22,466902.1986364749,0.16761867763819915,1,1,1,2.8364272160148713e+22,0.00014694828800029648,8.738737988563078e+19,3026805442806808.0
63763.76376376377,1307.1014958729538,0.05198939521135838,280.0,1.91363259902002e+19,7.749626337484946e-22,466693.14424735,0.16706918358866965,1,1,1,2.8364255428580238e+22,0.00014694829666851163,8.616468560290152e+19,3018858377600933.5
63863.863863863866,1304.7578561490495,0.052036458874741016,280.0,1.9040787866671403e+19,7.746150234366831e-22,466483.808542211,0.1665194840198758,1,1,1,2.8364238731303864e+22,0.0001469483053189665,8.495288438918834e+19,3010892408212135.0
63963.96396396397,1302.414216425145,0.0520846332422947,280.0,1.8945726717304316e+19,7.742669445189926e-22,466274.1906361742,0.16596958022147995,1,1,1,2.836422206826887e+22,0.00014694831395168734,8.375197198330218e+19,3002907595140190.0
64064.06406406407,1300.0705767012407,0.05213394439773739,280.0,1.885114016080504e+19,7.739183955187609e-22,466064.2896399731,0.16541947358114617,1,1,1,2.836420543942502e+22,0.0001469483225667001,8.256194332731197e+19,2994904000058199.0
64164.16416416417,1297.7269369773364,0.05218441903116431,280.0,1.8757025827768283e+19,7.735693749520013e-22,465854.1046599307,0.16486916558537446,1,1,1,2.8364188844722575e+22,0.00014694833116403054,8.13827925532827e+19,2986881685819334.0
64264.26426426427,1295.3832972534321,0.0522360844528489,280.0,1.8663381360618017e+19,7.732198813273507e-22,465643.63479792763,0.16431865782032656,1,1,1,2.836417228411229e+22,0.0001469483397437042,8.021451297009651e+19,2978840716463561.0
64364.364364364366,1293.0396575295279,0.05228896860734366,280.0,1.8570204413548397e+19,7.728699131460222e-22,465432.8791513738,0.16376795197264288,1,1,1,2.836415575754543e+22,0.00014694834830574616,7.905709705036913e+19,2970781157224322.5
64464.46446446447,1290.6960178056233,0.0523431000878867,280.0,1.847749265246505e+19,7.725194689017523e-22,465221.83681317663,0.16321704983025018,1,1,1,2.8364139264973776e+22,0.00014694835685018145,7.791053641747628e+19,2962703074535186.5
64564.56456456457,1288.352378081719,0.05239850815111985,280.0,1.8385243754926529e+19,7.721685470807514e-22,465010.50687171123,0.16266595328315947,1,1,1,2.8364122806349617e+22,0.00014694836537703477,7.677482183270477e+19,2954606536036461.0
64664.66466466467,1286.0087383578148,0.05245522273212439,280.0,1.8293455410086214e+19,7.718171461616521e-22,464798.8884107893,0.16211466432425412,1,1,1,2.8364106381625785e+22,0.0001469483738863305,7.564994318254211e+19,2946491610581764.0
64764.76476476477,1283.6650986339105,0.05251327445978041,280.0,1.8202125318634365e+19,7.714652646154566e-22,464586.9805096274,0.16156318505006714,1,1,1,2.8364089990755645e+22,0.00014694838237809275,7.453588946612142e+19,2938358368244559.0
64864.86486486487,1281.3214589100062,0.05257269467245585,280.0,1.811125119274056e+19,7.711129009054856e-22,464374.782242816,0.16101151766154767,1,1,1,2.836407363369311e+22,0.00014694839085234538,7.3432648782836015e+19,2930206880324647.0
64964.96496496497,1278.9778191861017,0.052633515434031664,280.0,1.8020830755996373e+19,7.707600534873255e-22,464162.2926802881,0.16045966446481658,1,1,1,2.836405731039264e+22,0.00014694839930911194,7.234020832014013e+19,2922037219354616.5
65065.06506506507,1276.6341794621974,0.052695769550269014,280.0,1.7930861743358335e+19,7.704067208087736e-22,463949.5108872858,0.1599076278719095,1,1,1,2.836404102080927e+22,0.00014694840774841572,7.12585543415524e+19,2913849459106252.0
65165.16516516517,1274.290539738293,0.05275949058552521,280.0,1.7841341901091224e+19,7.700529013097862e-22,463736.43592432956,0.15935541040150847,1,1,1,2.836402476489859e+22,0.00014694841617027965,7.018767217487752e+19,2905643674596889.5
65265.26526526527,1271.9469000143888,0.0528247128798246,280.0,1.7752268986711587e+19,7.69698593422424e-22,463523.0668471847,0.1588030146796606,1,1,1,2.8364008542616783e+22,0.00014694842457472644,6.912754620066476e+19,2897419942095735.0
65365.36536536537,1269.6032602904845,0.05289147156629085,280.0,1.7663640768931568e+19,7.69343795570797e-22,463309.4027068285,0.1582504434404838,1,1,1,2.836399235392062e+22,0.00014694843296177843,6.807815984091912e+19,2889178339130128.0
65465.46546546547,1267.25962056658,0.052959802588947405,280.0,1.7575455027603024e+19,7.689885061710103e-22,463095.44254941784,0.15769769952685922,1,1,1,2.8363976198767465e+22,0.00014694844133145767,6.70394955480833e+19,2880918944491756.5
65565.56556556557,1264.9159808426757,0.0530297427208924,280.0,1.7487709553661903e+19,7.686327236311075e-22,462881.1854162546,0.15714478589110964,1,1,1,2.83639600771153e+22,0.00014694844968378594,6.601153479430838e+19,2872641838242825.5
65665.66566566567,1262.5723411187714,0.053101329582854975,280.0,1.74004021490729e+19,7.682764463510156e-22,462666.630343753,0.15659170559566354,1,1,1,2.8363943988922717e+22,0.00014694845801878465,6.499425806103017e+19,2864347101722163.0
65765.76576576577,1260.2287013948671,0.05317460166213958,280.0,1.7313530626774405e+19,7.67919672722488e-22,462451.7763634047,0.15603846181370457,1,1,1,2.8363927934148943e+22,0.0001469484663364748,6.398764482887088e+19,2856034817551282.5
65865.86586586587,1257.8850616709628,0.05324959833196501,280.0,1.722709281062373e+19,7.675624011290473e-22,462236.62250174483,0.15548505782980562,1,1,1,2.836391191275384e+22,0.00014694847463687726,6.299167356788329e+19,2847705069640382.5
65965.96596596597,1255.5414219470586,0.05332635987120512,280.0,1.7141086535342555e+19,7.67204629945928e-22,462021.16778031725,0.15493149704054748,1,1,1,2.8363895924697915e+22,0.00014694848292001243,6.200632172815646e+19,2839357943194291.0
66066.06606606607,1253.1977822231543,0.05340492748453791,280.0,1.7055509646462736e+19,7.668463575400186e-22,461805.41121563985,0.1543777829551213,1,1,1,2.836387996994234e+22,0.00014694849118590035,6.1031565730801385e+19,2830993524718351.5
66166.16616616616,1250.85414249925,0.0534853433230101,280.0,1.6970360000272312e+19,7.664875822698034e-22,461589.35181916936,0.15382391919591462,1,1,1,2.8363864048448955e+22,0.0001469484994345608,6.0067380959335416e+19,2822611902024249.0
66266.26626626628,1248.5105027753455,0.053567650505023955,280.0,1.6885635463761764e+19,7.661283024853016e-22,461372.9885972645,0.15326990949908006,1,1,1,2.836384816018028e+22,0.0001469485076660132,5.911374175148395e+19,2814213164235769.5
66366.36636636638,1246.1668630514412,0.053651893137753384,280.0,1.68013339145707e+19,7.657685165280094e-22,461156.32055115164,0.15271575771508739,1,1,1,2.836383230509953e+22,0.0001469485158802765,5.817062139141911e+19,2805797401794507.0
66466.46646646647,1243.8232233275369,0.05373811633899644,280.0,1.671745324093456e+19,7.654082227308402e-22,460939.3466768884,0.15216146780925663,1,1,1,2.836381648317062e+22,0.0001469485240773694,5.723799210245198e+19,2797364706465488.0
66566.56656656657,1241.4795836036326,0.05382636625947105,280.0,1.6633991341631783e+19,7.650474194180618e-22,460722.06596532563,0.15160704386227405,1,1,1,2.836380069435819e+22,0.00014694853225731018,5.63158250401999e+19,2788915171342744.5
66666.66666666667,1239.1359438797283,0.05391669010556113,280.0,1.6550946125931155e+19,7.646861049052377e-22,460504.47740207263,0.1510524900706882,1,1,1,2.836378493862759e+22,0.00014694854042011677,5.5404090286245446e+19,2780448890854811.0
66766.76676676677,1236.792304155824,0.054009136162520135,280.0,1.646831551353944e+19,7.643242774991629e-22,460286.5799674581,0.1504978107473876,1,1,1,2.8363769215944927e+22,0.00014694854856580673,5.450275684230624e+19,2771965960770154.0
66866.86686686687,1234.4486644319197,0.05410375381813902,280.0,1.6386097434549283e+19,7.639619354978033e-22,460068.37263649376,0.14994301032205878,1,1,1,2.836375352627705e+22,0.0001469485566943971,5.361179262493388e+19,2763466478202526.0
66966.96696696697,1232.1050247080154,0.05420059358688575,280.0,1.6304289829387321e+19,7.635990771902321e-22,459849.8543788359,0.14938809334162323,1,1,1,2.8363737869591576e+22,0.00014694856480590475,5.273116446076002e+19,2754950541616250.5
67067.06706706707,1229.7613849841111,0.054299707134523305,280.0,1.6222890648762628e+19,7.632357008565668e-22,459631.02415874763,0.14883306447065495,1,1,1,2.83637222458569e+22,0.00014694857290034594,5.1860838082307465e+19,2746418250831428.0
67167.16716716716,1227.4177452602069,0.05440114730321325,280.0,1.6141897853615366e+19,7.62871804767904e-22,459411.8809350597,0.1482779284917765,1,1,1,2.8363706655042202e+22,0.00014694858097773664,5.100077812438375e+19,2737869707029066.5
67267.26726726728,1225.0741055363023,0.05450496813711181,280.0,1.606130941506567e+19,7.6250738718625635e-22,459192.42366113217,0.1477226903060331,1,1,1,2.8363691097117476e+22,0.00014694858903809235,5.015094812107432e+19,2729305012756133.0
67367.36736736738,1222.730465812398,0.05461122490846536,280.0,1.5981123314362925e+19,7.621424463644859e-22,458972.6512848145,0.14716735493324623,1,1,1,2.8363675572053524e+22,0.0001469485970814282,4.931131050335278e+19,2720724271930527.5
67467.46746746748,1220.3868260884938,0.05471997414421236,280.0,1.5901337542835077e+19,7.617769805462392e-22,458752.56274840666,0.146611927512343,1,1,1,2.8363660079821983e+22,0.00014694860510775878,4.848182659732267e+19,2712127589845965.5
67567.56756756757,1218.0431863645895,0.05483127365309841,280.0,1.5821950101838391e+19,7.614109879658804e-22,458532.1569886184,0.14605641330166433,1,1,1,2.836364462039534e+22,0.0001469486131170984,4.766245662310917e+19,2703515073176787.0
67667.66766766767,1215.6995466406852,0.054945182553311205,280.0,1.5742959002707347e+19,7.610444668484248e-22,458311.43293652957,0.14550081767924916,1,1,1,2.836362919374694e+22,0.00014694862110946078,4.685315969441406e+19,2694886829982674.5
67767.76776776777,1213.355906916781,0.055061761300642206,280.0,1.5664362266704855e+19,7.606774154094706e-22,458090.3895175489,0.14494514614309492,1,1,1,2.8363613799850994e+22,0.0001469486290848593,4.6053893818749485e+19,2686242969713282.5
67867.86786786787,1211.0122671928766,0.05518107171718142,280.0,1.5586157924972659e+19,7.603098318551301e-22,457869.0256513725,0.1443894043113946,1,1,1,2.836359843868262e+22,0.0001469486370433068,4.5264615898364396e+19,2677583603212780.5
67967.96796796797,1208.6686274689723,0.05530317702055187,280.0,1.5508344018482045e+19,7.599417143819634e-22,457647.3402519442,0.14383359792274816,1,1,1,2.836358311021783e+22,0.0001469486449848156,4.448528173187713e+19,2668908842724301.5
68068.06806806807,1206.324987745068,0.05542814185369015,280.0,1.5430918597984735e+19,7.595730611769053e-22,457425.33222741116,0.14327773283635029,1,1,1,2.836356781443356e+22,0.00014694865290939776,4.371584601662667e+19,2660218801894300.0
68168.16816816817,1203.9813480211637,0.05555603231517915,280.0,1.5353879723964099e+19,7.592038704171982e-22,457203.00048008375,0.14272181503215178,1,1,1,2.836355255130768e+22,0.0001469486608170646,4.295626235175462e+19,2651513595776813.5
68268.26826826828,1201.6377082972592,0.055686915990139134,280.0,1.5277225466586489e+19,7.588341402703185e-22,456980.343906391,0.14216585061099538,1,1,1,2.8363537320819017e+22,0.00014694866870782714,4.220648324202856e+19,2642793340837624.5
68368.36836836838,1199.294068573355,0.055820861981682963,280.0,1.5200953905653033e+19,7.584638688939078e-22,456757.3613968395,0.14160984579472616,1,1,1,2.836352212294737e+22,0.00014694867658169574,4.1466460102417916e+19,2634058154958334.0
68468.46846846848,1196.9504288494506,0.05595794094294129,280.0,1.5125063130551398e+19,7.580930544356998e-22,456534.0518359689,0.14105380692627376,1,1,1,2.8363506957673514e+22,0.0001469486844386804,4.073614326342969e+19,2625308157440317.0
68568.56856856857,1194.6067891255464,0.056098225109663155,280.0,1.5049551240208011e+19,7.5772169503344625e-22,456310.41410230787,0.1404977404697092,1,1,1,2.8363491824979243e+22,0.00014694869227879046,4.001548197721459e+19,2616543469008590.5
68668.66866866867,1192.263149401642,0.05624178833339725,280.0,1.497441634304038e+19,7.57349788814845e-22,456086.4470683302,0.13994165301027325,1,1,1,2.8363476724847363e+22,0.00014694870010203485,3.930442442444922e+19,2607764211815571.0
68768.76876876877,1189.9195096777378,0.05638870611525895,280.0,1.489965655690977e+19,7.569773338974655e-22,455862.1496004104,0.1393855512543773,1,1,1,2.836346165726172e+22,0.00014694870790842192,3.86029177220011e+19,2598970509444725.0
68868.86886886887,1187.5758699538335,0.05653905564028787,280.0,1.4825270009074012e+19,7.566043283886736e-22,455637.5205587782,0.13882944202957626,1,1,1,2.8363446622207217e+22,0.00014694871569795938,3.7910907931381604e+19,2590162486914112.0
68968.96896896897,1185.2322302299292,0.05669291581240038,280.0,1.4751254836140605e+19,7.562307703855559e-22,455412.5587974731,0.13827333228451227,1,1,1,2.8363431619669833e+22,0.00014694872347065455,3.7228340067990766e+19,2581340270679818.0
69069.06906906907,1182.888590506025,0.056850367289941355,280.0,1.4677609184020042e+19,7.558566579748443e-22,455187.2631642986,0.13771722908883025,1,1,1,2.8363416649636644e+22,0.00014694873122651403,3.655515811115673e+19,2572503988639274.0
69169.16916916918,1180.5449507821204,0.057011492521838986,280.0,1.460433120787935e+19,7.554819892328376e-22,454961.63250077545,0.1371611396330634,1,1,1,2.836340171209584e+22,0.00014694873896554396,3.589130501497142e+19,2563653770134461.5
69269.26926926928,1178.201311058216,0.057176375784365976,280.0,1.45314190720959e+19,7.551067622253259e-22,454735.6656420959,0.13660507122848944,1,1,1,2.836338680703674e+22,0.00014694874668774981,3.5236722719923364e+19,2554789745955007.0
69369.36936936938,1175.8576713343118,0.05734510321851055,280.0,1.4458870950211398e+19,7.547309750075092e-22,454509.3614170747,0.1360490313069566,1,1,1,2.836337193444982e+22,0.00014694875439313655,3.4591352165325357e+19,2545912048341145.0
69469.46946946948,1173.5140316104075,0.05751776286795965,280.0,1.4386685024886147e+19,7.54354625623921e-22,454282.718648103,0.1354930274206794,1,1,1,2.8363357094326724e+22,0.0001469487620817084,3.3955133302536737e+19,2537020810986573.5
69569.56956956958,1171.1703918865032,0.057694444717696636,280.0,1.4314859487853533e+19,7.539777121083466e-22,454055.73615109944,0.13493706724200355,1,1,1,2.8363342286660294e+22,0.0001469487697534691,3.332800510897535e+19,2528116169041182.0
69669.66966966967,1168.826752162599,0.05787524073321546,280.0,1.4243392539874683e+19,7.536002324837437e-22,453828.4127354618,0.1343811585631399,1,1,1,2.8363327511444586e+22,0.00014694877740842164,3.2709905602915013e+19,2519198259113654.0
69769.76976976977,1166.4831124386947,0.058060244900352276,280.0,1.417228239069346e+19,7.532221847621594e-22,453600.74720401765,0.13382530929586683,1,1,1,2.8363312768674894e+22,0.00014694878504656849,3.2100771859062243e+19,2510267219273944.5
69869.86986986987,1164.1394727147904,0.05824955326573536,280.0,1.410152725899156e+19,7.528435669446494e-22,453372.7383529752,0.13326952747120147,1,1,1,2.8363298058347766e+22,0.00014694879266791133,3.150054002490474e+19,2501323189055629.0
69969.96996996997,1161.795832990886,0.05844326397785353,280.0,1.4031125372343929e+19,7.524643770211935e-22,453144.3849718727,0.1327138212390381,1,1,1,2.836328338046103e+22,0.00014694880027245135,3.090914533782284e+19,2492366309458122.5
70070.07007007007,1159.4521932669818,0.05864147732874242,280.0,1.396107496717433e+19,7.520846129706138e-22,452915.6858435291,0.13215819886775515,1,1,1,2.8363268735013816e+22,0.0001469488078601889,3.0326522142953677e+19,2483396722948763.0
70170.17017017018,1157.1085535430773,0.05884429579628768,280.0,1.3891374288711188e+19,7.517042727604872e-22,452686.63974399125,0.131602668743789,1,1,1,2.8363254122006582e+22,0.0001469488154311238,2.9752603911796433e+19,2474414573464762.0
70270.27027027028,1154.764913819173,0.05905182408714299,280.0,1.382202159094364e+19,7.513233543470627e-22,452457.2454424842,0.1310472393711755,1,1,1,2.836323954144113e+22,0.00014694882298525494,2.9187323261546217e+19,2465420006415024.0
70370.37037037038,1152.4212740952687,0.0592641691802608,280.0,1.3753015136577765e+19,7.509418556751736e-22,452227.50170135836,0.1304919193710577,1,1,1,2.8363224993320634e+22,0.00014694883052258082,2.863061197514107e+19,2456413168681813.0
70470.47047047048,1150.0776343713644,0.05948144037103191,280.0,1.368435319699309e+19,7.505597746781505e-22,451997.40727603703,0.129936717481161,1,1,1,2.8363210477649665e+22,0.00014694883804309894,2.808240102200808e+19,2447394208622292.0
70570.57057057058,1147.7339946474601,0.05970374931603014,280.0,1.361603405219928e+19,7.501771092777343e-22,451766.96091496403,0.12938164255523432,1,1,1,2.8363195994434213e+22,0.0001469488455468062,2.754262057949047e+19,2438363276069911.5
70670.67067067068,1145.3903549235558,0.059931210078356806,280.0,1.3548055990793064e+19,7.49793857383986e-22,451536.1613595493,0.12882670356245765,1,1,1,2.8363181543681713e+22,0.00014694885303369868,2.701120005493786e+19,2429320522335656.0
70770.77077077077,1143.0467151996515,0.06016393917357923,280.0,1.348041730991533e+19,7.49410016895197e-22,451305.0073441152,0.12827190958681528,1,1,1,2.836316712540107e+22,0.00014694886050377177,2.6488068108440035e+19,2420266100209142.5
70870.87087087087,1140.7030754757473,0.06040205561625614,280.0,1.3413116315208511e+19,7.490255856978011e-22,451073.497595843,0.12771726982643533,1,1,1,2.836315273960268e+22,0.00014694886795702008,2.5973152676183544e+19,2411200163959568.0
70970.97097097097,1138.359435751843,0.060645680967042224,280.0,1.3346151320774117e+19,7.486405616662793e-22,450841.630834716,0.1271627935928946,1,1,1,2.8363138386298468e+22,0.00014694887539343736,2.5466380994408993e+19,2402122869336507.0
71071.07107107107,1136.0157960279387,0.06089493938036258,280.0,1.3279520649130506e+19,7.482549426630703e-22,450609.40577346546,0.12660849031048882,1,1,1,2.8363124065501897e+22,0.0001469488828130166,2.496767962394591e+19,2393034373570555.5
71171.17117117118,1133.6721563040342,0.061149957652646976,280.0,1.3213222631170861e+19,7.478687265384757e-22,450376.8211175134,0.12605436951546825,1,1,1,2.836310977722801e+22,0.00014694889021575004,2.4476974475300725e+19,2383934835373816.0
71271.27127127128,1131.3285165801299,0.06141086527111244,280.0,1.3147255606121394e+19,7.47481911130567e-22,450143.8755649168,0.12550044085523873,1,1,1,2.836309552149345e+22,0.000146948897601629,2.3994190834272924e+19,2374824414940232.0
71371.37137137138,1128.9848768562256,0.061677794463081706,280.0,1.3081617921499722e+19,7.470944942650893e-22,449910.5678063096,0.124946714087527,1,1,1,2.8363081298316485e+22,0.00014694890497064396,2.3519253388071727e+19,2365703273945750.5
71471.47147147148,1126.6412371323213,0.06195088024582325,280.0,1.301630793307348e+19,7.467064737553664e-22,449676.8965248452,0.12439319907951164,1,1,1,2.8363067107717046e+22,0.00014694891232278456,2.3052086251907318e+19,2356571575548333.0
71571.57157157158,1124.297597408417,0.06223026047689762,280.0,1.295132400481914e+19,7.463178474022035e-22,449442.86039613833,0.12383990580691856,1,1,1,2.8363052949716748e+22,0.00014694891965803963,2.2592612996027093e+19,2347429484387796.0
71671.67167167168,1121.9539576845127,0.06251607590499329,280.0,1.2886664508881025e+19,7.459286129937882e-22,449208.4580882052,0.12328684435308092,1,1,1,2.836303882433891e+22,0.00014694892697639703,2.2140756673168052e+19,2338277166585487.5
71771.77177177178,1119.6103179606084,0.06280847022123347,280.0,1.2822327825530518e+19,7.455387683055931e-22,448973.6882614048,0.12273402490796409,1,1,1,2.8363024731608615e+22,0.00014694893427784372,2.1696439846395146e+19,2329114789743793.5
71871.87187187187,1117.2666782367041,0.06310759011093386,280.0,1.2758312343125502e+19,7.451483111002751e-22,448738.5495683784,0.12218145776715489,1,1,1,2.8363010671552697e+22,0.0001469489415623658,2.125958461729469e+19,2319942522945473.5
71971.97197197197,1114.9230385127998,0.0634135853057898,280.0,1.2694616458069996e+19,7.447572391275748e-22,448503.04065398895,0.1216291533308156,1,1,1,2.83629966441998e+22,0.00014694894882994836,2.0830112654491263e+19,2310760536752823.0
72072.07207207207,1112.5793987888956,0.06372660863646892,280.0,1.263123857477396e+19,7.443655501242147e-22,448267.1601552596,0.12107712210260216,1,1,1,2.836298264958041e+22,0.00014694895608057562,2.040794522245595e+19,2301569003206661.0
72172.17217217218,1110.235759064991,0.06404681608558437,280.0,1.2568177105613343e+19,7.439732418137956e-22,448030.9067013114,0.12052537468854707,1,1,1,2.8362968687726865e+22,0.00014694896331423078,1.999300321057306e+19,2292368095825138.5
72272.27227227228,1107.8921193410868,0.0643743668410209,280.0,1.2505430470890314e+19,7.435803119066932e-22,447794.2789133012,0.11997392179590705,1,1,1,2.8362954758673406e+22,0.0001469489705308961,1.9585207162432532e+19,2283157989602374.0
72372.37237237238,1105.5484796171825,0.0647094233495848,280.0,1.2442997098793679e+19,7.431867580999534e-22,447557.27540435846,0.11942277423197444,1,1,1,2.8362940862456192e+22,0.00014694897773055276,1.9184477305313518e+19,2273938861006893.5
72472.47247247248,1103.2048398932782,0.0650521513709459,280.0,1.238087542535951e+19,7.427925780771858e-22,447319.89477952104,0.1188719429028541,1,1,1,2.8362926999113354e+22,0.00014694898491318103,1.879073357982638e+19,2264710887979900.0
72572.57257257258,1100.861200169374,0.0654027200318382,280.0,1.2319063894431975e+19,7.42397769508456e-22,447082.13563567033,0.11832143881220435,1,1,1,2.8362913168685003e+22,0.00014694899207876006,1.8403895669678103e+19,2255474249933351.5
72672.67267267268,1098.5175604454696,0.06576130188048279,280.0,1.2257560957624357e+19,7.42002330050179e-22,446843.99656146736,0.11777127305994264,1,1,1,2.836289937121328e+22,0.000146948999227268,1.8023883031527082e+19,2246229127747849.5
72772.77277277278,1096.1739207215653,0.06612807294119509,280.0,1.2196365074280241e+19,7.4160625734500845e-22,446605.47613728576,0.11722145684091644,1,1,1,2.836288560674238e+22,0.00014694900635868198,1.7650614924892887e+19,2236975703770339.5
72872.87287287287,1093.830280997661,0.06650321276913485,280.0,1.2135474711434959e+19,7.412095490217267e-22,446366.57293514564,0.11667200144353843,1,1,1,2.8362871875318596e+22,0.0001469490134729779,1.7284010442086533e+19,2227714161811617.5
72972.97297297297,1091.4866412737567,0.06688690450515591,280.0,1.2074888343777165e+19,7.408122026951331e-22,446127.2855186464,0.11612291824838725,1,1,1,2.836285817699034e+22,0.0001469490205701307,1.6923988538126946e+19,2218444687143642.5
73073.07307307307,1089.1430015498524,0.06727933493070909,280.0,1.2014604453610631e+19,7.404142159659319e-22,445887.61244289926,0.1155742187267731,1,1,1,2.8362844511808183e+22,0.00014694902765011416,1.6570468060609427e+19,2209167466496651.5
73173.17317317319,1086.799361825948,0.06768069452274907,280.0,1.1954621530816223e+19,7.40015586420618e-22,445647.5522544582,0.1150259144392688,1,1,1,2.836283087982489e+22,0.0001469490347129009,1.6223367779492116e+19,2199882688056074.8
73273.27327327328,1084.4557221020436,0.06809117750859305,280.0,1.1894938072814098e+19,7.396163116313619e-22,445407.103491251,0.11447801703420649,1,1,1,2.8362817281095465e+22,0.0001469490417584624,1.588260641676711e+19,2190590541459255.8
73373.37337337338,1082.1120823781393,0.06851098192067655,280.0,1.1835552584526017e+19,7.392163891558928e-22,445166.26468250854,0.11393053824613972,1,1,1,2.8362803715677165e+22,0.00014694904878676896,1.5548102675982195e+19,2181291217791956.0
73473.47347347348,1079.768442654235,0.06894030965114717,280.0,1.177646357833794e+19,7.388158165373832e-22,444925.0343486958,0.11338348989427188,1,1,1,2.8362790183629553e+22,0.00014694905579778965,1.5219775271581442e+19,2171984909584666.2
73573.57357357358,1077.4248029303308,0.06937936650623516,280.0,1.1717669574062731e+19,7.384145913043289e-22,444683.4110014386,0.11283688388085059,1,1,1,2.836277668501453e+22,0.00014694906279149247,1.4897542958031585e+19,2162671810808704.2
73673.67367367368,1075.0811632064265,0.06982836226033562,280.0,1.16591690989031e+19,7.380127109704287e-22,444441.3931434526,0.1122907321895285,1,1,1,2.8362763219896365e+22,0.00014694906976784401,1.4581324558702832e+19,2153352116872104.8
73773.77377377378,1072.7375234825222,0.07028751070973342,280.0,1.1600960687414678e+19,7.376101730344641e-22,444198.9792684694,0.11174504688369104,1,1,1,2.8362749788341748e+22,0.00014694907672680975,1.427103899447305e+19,2144026024615296.8
73873.87387387388,1070.393883758618,0.07075702972589884,280.0,1.1543042881469352e+19,7.372069749801777e-22,443956.16786116426,0.11119984010475084,1,1,1,2.8362736390419803e+22,0.0001469490836683538,1.3966605312025039e+19,2134693732306568.2
73973.97397397397,1068.0502440347136,0.07123714130827728,280.0,1.14854142302187e+19,7.368031142761487e-22,443712.9573970809,0.11065512407040988,1,1,1,2.836272302620215e+22,0.00014694909059243905,1.3667942711807404e+19,2125355439637314.2
74074.07407407407,1065.7066043108093,0.0717280716364935,280.0,1.142807329005767e+19,7.363985883756675e-22,443469.3463425558,0.11011091107288883,1,1,1,2.836270969576292e+22,0.00014694909749902706,1.3374970575630414e+19,2116011347717066.8
74174.17417417419,1063.3629645869048,0.07223005112188566,280.0,1.13710186245884e+19,7.359933947166106e-22,443225.33315464284,0.10956721347712477,1,1,1,2.8362696399178814e+22,0.00014694910438807805,1.3087608493869054e+19,2106661659068305.0
74274.27427427428,1061.0193248630005,0.07274331445828085,280.0,1.1314248804584262e+19,7.355875307213122e-22,442980.9162810364,0.10902404371893729,1,1,1,2.836268313652913e+22,0.00014694911125955098,1.2805776292246782e+19,2097306577621048.8
74374.37437437438,1058.6756851390962,0.07326810067192002,280.0,1.1257762407954029e+19,7.351809937964371e-22,442736.0941599944,0.10848141430316284,1,1,1,2.8362669907895795e+22,0.00014694911811340326,1.2529394058173592e+19,2087946308707214.8
74474.47447447448,1056.332045415192,0.073804653170434,280.0,1.1201558019706266e+19,7.347737813328475e-22,442490.8652202582,0.10793933780175897,1,1,1,2.836265671336342e+22,0.0001469491249495911,1.225838216661452e+19,2078581059054761.2
74574.57457457458,1053.9884056912877,0.0743532197907694,280.0,1.114563423191389e+19,7.343658907054748e-22,442245.22788097535,0.10739782685187756,1,1,1,2.836264355301932e+22,0.00014694913176806923,1.1992661305464363e+19,2069211036781597.5
74674.67467467468,1051.6447659673834,0.07491405284595808,280.0,1.1089989643678892e+19,7.339573192731837e-22,441999.180551618,0.10685689415390856,1,1,1,2.8362630426953574e+22,0.00014694913856879091,1.173215250040639e+19,2059836451389264.5
74774.77477477478,1049.301126243479,0.07548740917061782,280.0,1.1034622861097255e+19,7.335480643786405e-22,441752.7216319032,0.10631655246949387,1,1,1,2.8362617335259043e+22,0.00014694914535170808,1.1476777139233681e+19,2050457513756383.8
74874.87487487488,1046.9574865195748,0.07607355016506862,280.0,1.0979532497224008e+19,7.331381233481739e-22,441505.8495117094,0.10577681461951233,1,1,1,2.836260427803143e+22,0.00014694915211677106,1.1226456995612998e+19,2041074436131872.8
74974.97497497498,1044.6138467956705,0.07667274183794229,280.0,1.0924717172038525e+19,7.327274934916418e-22,441258.56257099606,0.10523769348203629,1,1,1,2.8362591255369295e+22,0.00014694915886392877,1.0981114252272271e+19,2031687432127924.5
75075.07507507507,1042.2702070717662,0.0772852548471589,280.0,1.0870175512409928e+19,7.323161721022894e-22,441010.8591797183,0.1046992019902601,1,1,1,2.836257826737412e+22,0.00014694916559312862,1.0740671523594076e+19,2022296716712749.8
75175.17517517519,1039.9265673478617,0.0779113645391373,280.0,1.0815906152062687e+19,7.319041564566107e-22,440762.73769774335,0.10416135313040087,1,1,1,2.8362565314150325e+22,0.00014694917230431646,1.0505051877598648e+19,2012902506203077.0
75275.27527527529,1037.5829276239574,0.07855135098610201,280.0,1.0761907731542428e+19,7.31491443814206e-22,440514.1964747649,0.103624159939573,1,1,1,2.8362552395805326e+22,0.00014694917899743664,1.0274178857301533e+19,2003505018256420.2
75375.37537537538,1035.2392879000531,0.0792054990213432,280.0,1.0708178898181827e+19,7.310780314176397e-22,440265.23385021725,0.10308763550363553,1,1,1,2.8362539512449563e+22,0.00014694918567243186,1.0047976501431507e+19,1994104471863087.8
75475.47547547548,1032.8956481761488,0.07987409827227984,280.0,1.0654718306066764e+19,7.306639164922933e-22,440015.8481531871,0.10255179295501445,1,1,1,2.8362526664196543e+22,0.00014694919232924336,9.826369364496916e+18,1984701087337960.8
75575.57557557558,1030.5520084522445,0.08055744319117107,280.0,1.0601524616002599e+19,7.3024909624622215e-22,439766.03770232707,0.10201664547049928,1,1,1,2.836251385116288e+22,0.00014694919896781066,9.609282536188625e+18,1975295086312018.0
75675.67567567568,1028.2083687283402,0.08125583308331472,280.0,1.0548596495480617e+19,7.298335678700052e-22,439515.80080576515,0.10148220626901568,1,1,1,2.836250107346833e+22,0.00014694920558807164,9.39664166010983e+18,1965886691723613.2
75775.77577577578,1025.864729004436,0.081969572132565,280.0,1.0495932618644664e+19,7.294173285365968e-22,439265.1357610156,0.1009484886093737,1,1,1,2.8362488331235834e+22,0.00014694921218996265,9.188372951823975e+18,1956476127809503.0
75875.87587587588,1023.5210892805317,0.08269896942399661,280.0,1.0443531666257904e+19,7.2900037540117415e-22,439014.04085488705,0.10041550578799306,1,1,1,2.836247562459156e+22,0.00014694921877341825,8.984403216213353e+18,1947063620095620.8
75975.97597597598,1021.1774495566274,0.08344433896353436,280.0,1.039139232566981e+19,7.285827056009867e-22,438762.5143633919,0.099883271136606,1,1,1,2.836246295366493e+22,0.00014694922533837137,8.784659864142212e+18,1937649395387599.2
76076.07607607607,1018.8338098327231,0.08420599969436282,280.0,1.0339513290783257e+19,7.281643162551996e-22,438510.55455165164,0.09935179801993779,1,1,1,2.8362450318588664e+22,0.0001469492318847532,8.589070928419431e+18,1928233681761036.0
76176.17617617619,1016.4901701088185,0.08498427550992296,280.0,1.0287893262021808e+19,7.261849133026425e-22,437318.53090117825,0.0988210998333666,1,1,1,2.8362437719498827e+22,0.00014694923841249326,8.397975682153709e+18,1918836900269599.5
76276.27627627629,1014.1465303849142,0.08577949526329581,280.0,1.023653094629718e+19,7.221426057570137e-22,434884.1977651931,0.0982911900005628,1,1,1,2.836242515653485e+22,0.00014694924492151921,8.211810117464411e+18,1909485915799908.2
76376.37637637639,1011.8028906610099,0.08659199277276905,280.0,1.018542505697681e+19,7.181218410382172e-22,432462.8380154752,0.09776208197110824,1,1,1,2.8362412629839575e+22,0.0001469492514117571,8.030442267143982e+18,1900180505155126.5
76476.47647647648,1009.4592509371056,0.08742210682337181,280.0,1.0134574313851662e+19,7.1412250548349225e-22,430054.38320274866,0.09723378921809692,1,1,1,2.83624001395593e+22,0.00014694925788313106,7.853743535864437e+18,1890920446226208.0
76576.57657657658,1007.1156112132013,0.08827018116416034,280.0,1.0083977443104145e+19,7.101444860206442e-22,427658.76523338445,0.09670632523571765,1,1,1,2.836238768584379e+22,0.00014694926433556343,7.681588630727037e+18,1881705517986593.0
76676.67667667668,1004.771971489297,0.08913656450102772,280.0,1.0033633177276197e+19,7.061876701649697e-22,425275.9163675489,0.09617970353681851,1,1,1,2.8362375268846344e+22,0.00014694927076897482,7.513855492166183e+18,1872535500486932.5
76776.77677677678,1002.4283317653927,0.0900216104848059,280.0,9.983540255237554e+18,7.022519460161981e-22,422905.76921736187,0.09565393765045588,1,1,1,2.8362362888723804e+22,0.00014694927718328393,7.350425225277088e+18,1863410174849838.8
76876.87687687688,1000.0846920414884,0.0909256776944208,280.0,9.933697422154127e+18,6.983372022554443e-22,420548.25674506143,0.09512904111942638,1,1,1,2.8362350545636604e+22,0.0001469492835784076,7.191182031632204e+18,1854329323264660.5
76976.97697697698,997.7410523175841,0.09184912961485475,280.0,9.884103429456603e+18,6.944433281421841e-22,418203.3122611826,0.09460502749778507,1,1,1,2.8362338239748795e+22,0.00014694928995426072,7.036013141646899e+18,1845292728982284.5
77077.07707707708,995.3974125936799,0.09279233460966471,280.0,9.834757034809143e+18,6.905702135112384e-22,415870.86942274106,0.09408191034834845,1,1,1,2.8362325971228082e+22,0.00014694929631075654,6.884808747550507e+18,1836300176309962.0
77177.17717717719,993.0537728697752,0.09375566588779735,280.0,9.785657002078276e+18,6.867177487697759e-22,413550.86223142827,0.09355970324018485,1,1,1,2.836231374024585e+22,0.00014694930264780613,6.737461937014634e+18,1827351450606158.8
77277.27727727729,990.7101331458709,0.09473950146443605,280.0,9.736802101301934e+18,6.828858248943322e-22,411243.2250318163,0.09303841974609217,1,1,1,2.8362301546977196e+22,0.00014694930896531875,6.593868627486662e+18,1818446338275437.5
77377.37737737739,988.3664934219667,0.0957442241156106,280.0,9.688191108658622e+18,6.790743334278392e-22,408947.8925095687,0.09251807344006376,1,1,1,2.8362289391600962e+22,0.0001469493152632017,6.453927501271954e+18,1809584626763351.8
77477.47747747749,986.0228536980624,0.09677022132629018,280.0,9.639822806436784e+18,6.752831664766755e-22,406664.79968966456,0.09199867789474411,1,1,1,2.8362277274299765e+22,0.00014694932154136038,6.317539941405276e+18,1800766104551377.5
77577.57757757758,983.6792139741581,0.09781788523167892,280.0,9.591695983004287e+18,6.715122167077275e-22,404393.88193462824,0.0914802466788742,1,1,1,2.8362265195260016e+22,0.00014694932779969814,6.184609968347435e+18,1791990561151863.2
77677.67767767768,981.3355742502538,0.09888761255142525,280.0,9.543809432778074e+18,6.677613773454679e-22,402135.0749427704,0.09096279335472844,1,1,1,2.8362253154671942e+22,0.00014694933403811643,6.055044177540171e+18,1783257787103006.5
77777.77777777778,978.9919345263495,0.09997980451645133,280.0,9.496161956193962e+18,6.640305421690477e-22,399888.31474643655,0.09044633147554308,1,1,1,2.836224115272963e+22,0.00014694934025651465,5.928751677848736e+18,1774567573963853.8
77877.87787787788,976.6482948024452,0.10109486678810475,280.0,9.448752359676588e+18,6.603196055094031e-22,397653.5377102648,0.08993087458293807,1,1,1,2.836222918963102e+22,0.00014694934645479018,5.805644030918448e+18,1765919714309325.0
77977.97797797798,974.3046550785409,0.10223320936932857,280.0,9.401579455609524e+18,6.566284622463788e-22,395430.68052945356,0.08941643620433223,1,1,1,2.8362217265577958e+22,0.00014694935263283844,5.685635191468411e+18,1757314001725263.2
78078.07807807808,971.9610153546366,0.10339524650754289,280.0,9.354642062305511e+18,6.529570078058618e-22,393219.6802280354,0.08890302985035357,1,1,1,2.836220538077619e+22,0.0001469493587905528,5.568641448542664e+18,1748750230803507.8
78178.17817817819,969.617375630732,0.1045813965889266,280.0,9.307939003976866e+18,6.493051381569353e-22,391020.47415716294,0.08839066901224503,1,1,1,2.8362193535435402e+22,0.00014694936492782462,5.454581367736235e+18,1740228197136989.5
78278.27827827829,967.2737359068277,0.10579208202378368,280.0,9.261469110706035e+18,6.456727498090431e-22,388832.9999934016,0.08787936715926722,1,1,1,2.8362181729769205e+22,0.00014694937104454316,5.343375734411052e+18,1731747697314858.0
78378.37837837839,964.9300961829234,0.10702772912267908,280.0,9.215231218416266e+18,6.42059739809169e-22,386657.1957370307,0.08736913773609827,1,1,1,2.836216996399518e+22,0.00014694937714059564,5.234947497913795e+18,1723308528917617.8
78478.47847847849,962.5864564590191,0.10828876796302046,280.0,9.169224168842469e+18,6.384660057390304e-22,384492.9997103535,0.08685999416023256,1,1,1,2.836215823833487e+22,0.00014694938321586727,5.129221716806025e+18,1714910490512302.8
78578.57857857858,960.2428167351148,0.10957563224576723,280.0,9.123446809502193e+18,6.348914457122883e-22,382340.35055601696,0.086351949819379,1,1,1,2.8362146553013805e+22,0.00014694938927024124,5.026125505114097e+18,1706553381647666.5
78678.67867867868,957.8991770112106,0.11088875914194243,280.0,9.077897993666749e+18,6.313359583717692e-22,380199.1872353387,0.08584501806885962,1,1,1,2.8362134908261485e+22,0.00014694939530359845,4.925587979604614e+18,1698237002849398.2
78778.77877877878,955.5555372873063,0.11222858912862493,280.0,9.032576580332502e+18,6.277994428867012e-22,378069.44902664266,0.08533921222900952,1,1,1,2.8362123304311414e+22,0.00014694940131581807,4.827540208089121e+18,1689961155615361.0
78878.87887887888,953.211897563402,0.11359556581409863,280.0,8.987481434192278e+18,6.24281798949965e-22,375951.07552360377,0.08483454558257966,1,1,1,2.8362111741401084e+22,0.0001469494073067769,4.731915158759866e+18,1681725642410854.0
78978.97897897898,950.8682578394977,0.11499013575183736,280.0,8.942611425606914e+18,6.207829267753577e-22,373844.00663359975,0.0843310313721425,1,1,1,2.8362100219771976e+22,0.00014694941327634983,4.638647650556788e+18,1673530266663898.2
79079.07907907908,948.5246181155934,0.11641274824300513,280.0,8.89796543057698e+18,6.173027270948723e-22,371748.18257607304,0.08382868279750244,1,1,1,2.8362088739669564e+22,0.00014694941922440967,4.5476743045642117e+18,1665374832760543.8
79179.17917917919,946.1809783916888,0.11786385512715648,280.0,8.853542330714607e+18,6.138411011559884e-22,369663.5438808992,0.0833275130131113,1,1,1,2.8362077301343305e+22,0.0001469494251508271,4.458933496434303e+18,1657259146040200.2
79279.27927927929,943.8373386677845,0.1193439105608214,280.0,8.809341013215504e+18,6.10397950718981e-22,367590.0313867664,0.08282753512549056,1,1,1,2.8362065905046627e+22,0.0001469494310554708,4.372365309832948e+18,1649183012790994.8
79379.37937937939,941.4936989438802,0.12085337078367152,280.0,8.765360370831021e+18,6.069731780542348e-22,365527.5862395575,0.08232876219066006,1,1,1,2.8362054551036926e+22,0.00014694943693820744,4.2879114909022433e+18,1641146240245141.5
79479.47947947949,939.1500592199759,0.12239269387196108,280.0,8.721599301840468e+18,6.035666859395815e-22,363476.14989074727,0.081831207211576,1,1,1,2.8362043239575537e+22,0.0001469494427989015,4.205515403732984e+18,1633148636574345.5
79579.57957957959,936.8064194960716,0.12396233947895208,280.0,8.678056710023492e+18,6.001783776576443e-22,361435.66409580276,0.0813348831355774,1,1,1,2.8362031970927728e+22,0.00014694944863741555,4.125121986839038e+18,1625190010885222.2
79679.67967967968,934.4627797721673,0.12556276856203608,280.0,8.634731504632619e+18,5.968081569931986e-22,359406.07091259386,0.0808398028518433,1,1,1,2.8362020745362673e+22,0.00014694945445361006,4.046677710624731e+18,1617270173214741.8
79779.77977977978,932.119140048263,0.12719444309627795,280.0,8.591622600365936e+18,5.934559282305441e-22,357387.31269981095,0.08034597918886084,1,1,1,2.836200956315343e+22,0.00014694946024734358,3.9701305358353736e+18,1609388934525694.5
79879.87987987988,929.7755003243587,0.1288578257741164,280.0,8.548728917339901e+18,5.901215961508921e-22,355379.33211539144,0.07985342491190542,1,1,1,2.8361998424576897e+22,0.00014694946601847262,3.8954298729802414e+18,1601546106702179.0
79979.97997997998,927.4318606004545,0.13055337969096972,280.0,8.506049381062287e+18,5.868050660297649e-22,353382.07211495354,0.07936215272053454,1,1,1,2.83619873299138e+22,0.00014694947176685166,3.8225265427165553e+18,1593741502545112.2
80080.08008008008,925.0882208765502,0.13228156801650953,280.0,8.463582922405271e+18,5.835062436344072e-22,351395.47595023736,0.078872175246095,1,1,1,2.8361976279448645e+22,0.00014694947749233325,3.7513727371823324e+18,1585974935767761.0
80180.18018018019,922.7445811526455,0.13404285365138074,280.0,8.421328477578658e+18,5.802250352212145e-22,349419.48716755665,0.07838350504924564,1,1,1,2.836196527346967e+22,0.00014694948319476803,3.681921982265351e+18,1578246220991294.8
80280.28028028029,920.4009414287412,0.1358376988691624,280.0,8.379284988103222e+18,5.7696134753316925e-22,347454.04960625415,0.07789615461749608,1,1,1,2.8361954312268806e+22,0.00014694948887400473,3.614129100795004e+18,1570555173740365.0
80380.38038038039,918.057301704837,0.13766656494338753,280.0,8.337451400784196e+18,5.737150877972934e-22,345499.10739716806,0.07741013636276178,1,1,1,2.836194339614163e+22,0.00014694949452989022,3.547950176643111e+18,1562901610438695.8
80480.48048048049,915.7136619809327,0.13952991175945384,280.0,8.295826667684887e+18,5.704861637221131e-22,343554.60496110487,0.07692546261893779,1,1,1,2.8361932525387303e+22,0.00014694950016226938,3.4833425197197036e+18,1555285348404706.5
80580.58058058059,913.3700222570284,0.14142819741128665,280.0,8.254409746100428e+18,5.672744834951347e-22,341620.48700731975,0.0764421456394907,1,1,1,2.836192170030852e+22,0.00014694950577098537,3.420264631849059e+18,1547706205847150.0
80680.68068068069,911.0263825331241,0.14336187778263648,280.0,8.213199598531658e+18,5.640799557803356e-22,339696.698532005,0.07596019759507051,1,1,1,2.836191092121143e+22,0.00014694951135587957,3.3586761735111654e+18,1540164001860773.8
80780.78078078078,908.6827428092198,0.1453314061129215,280.0,8.172195192659128e+18,5.609024897156669e-22,337783.1848167866,0.07547963057114326,1,1,1,2.8361900188405584e+22,0.00014694951691679155,3.298537931433468e+18,1532658556422002.2
80880.88088088088,906.3391030853155,0.14733723254755277,280.0,8.131395501317253e+18,5.577419949105673e-22,335879.8914272269,0.07500045656564479,1,1,1,2.8361889502203843e+22,0.00014694952245355918,3.2398117870175217e+18,1525189690384639.5
80980.98098098098,903.9954633614112,0.1493798036727113,280.0,8.090799502468561e+18,5.545983814434906e-22,333986.7642113352,0.0745226874866573,1,1,1,2.8361878862922317e+22,0.00014694952796601865,3.1824606855850127e+18,1517757225475593.5
81081.08108108108,901.6518236375069,0.151459562034579,280.0,8.050406179178113e+18,5.514715598594473e-22,332103.74929808814,0.07404633515010892,1,1,1,2.8361868270880265e+22,0.00014694953345400453,3.126448606427464e+18,1510360984290620.8
81181.1811811812,899.3081839136023,0.1535769456430593,280.0,8.010214519588012e+18,5.483614411675539e-22,330230.79309595306,0.07357141127749761,1,1,1,2.836185772640001e+22,0.00014694953891734972,3.0717405336438436e+18,1503000790290091.5
81281.28128128129,896.964544189698,0.1557323874600594,280.0,7.970223516892068e+18,5.452679368386004e-22,328367.8422914235,0.07309792749364022,1,1,1,2.836184722980684e+22,0.0001469495443558857,3.01830242775027e+18,1495676467794779.2
81381.38138138139,894.6209044657937,0.15792631487244974,280.0,7.930432169310568e+18,5.4219095880262425e-22,326514.8438475582,0.07262589532444674,1,1,1,2.836183678142891e+22,0.00014694954976944243,2.966101198045827e+18,1488387841981662.0
81481.48148148149,892.2772647418894,0.16015914914984836,280.0,7.890839480065187e+18,5.391304194465005e-22,324671.7450025296,0.0721553261947221,1,1,1,2.8361826381597136e+22,0.00014694955515784838,2.915104675718766e+18,1481134738879753.8
81581.58158158159,889.9336250179852,0.16243130488743038,280.0,7.851444457354012e+18,5.360862316115424e-22,322838.4932681793,0.07168623142599498,1,1,1,2.8361816030645074e+22,0.00014694956052093076,2.8652815876771205e+18,1473916985365950.2
81681.68168168169,887.5899852940809,0.16474318943400246,280.0,7.812246114326707e+18,5.330583085911142e-22,321015.03642857994,0.07121862223437501,1,1,1,2.8361805728908803e+22,0.00014694956585851532,2.8166015310879805e+18,1466734409160897.5
81781.78178178178,885.2463455701766,0.16709520230563085,280.0,7.773243469059789e+18,5.30046564128256e-22,319201.32253860554,0.07075250972843912,1,1,1,2.8361795476726804e+22,0.00014694957117042672,2.7690349486096937e+18,1459586838824879.5
81881.88188188188,882.9027058462723,0.16948773458516186,280.0,7.734435544532021e+18,5.270509124133195e-22,317397.29992250685,0.07028790490714784,1,1,1,2.8361785274439817e+22,0.00014694957645648837,2.722553104301357e+18,1452474103753726.5
81981.98198198198,880.559066122368,0.1719211683080236,280.0,7.695821368599951e+18,5.240712680816172e-22,315602.91717249644,0.06982481865779204,1,1,1,2.8361775122390714e+22,0.0001469495817165226,2.6771280601940854e+18,1445396034174742.2
82082.08208208208,878.2154263984637,0.1743958758347529,280.0,7.657399973973555e+18,5.211075462110826e-22,313818.1231473392,0.06936326175397133,1,1,1,2.836176502092435e+22,0.0001469495869503507,2.632732653508674e+18,1438352461142652.2
82182.1821821822,875.8717866745591,0.1769122192107458,280.0,7.619170398192e+18,5.181596623199412e-22,312042.8669709499,0.0689032448536042,1,1,1,2.836175497038741e+22,0.00014694959215779294,2.589340474504417e+18,1431343216535570.8
82282.2822822823,873.5281469506548,0.179470549513784,280.0,7.581131683599544e+18,5.152275323643946e-22,310277.0980309987,0.06844477849697166,1,1,1,2.836174497112824e+22,0.0001469495973386689,2.546925844944048e+18,1424368133050991.0
82382.38238238239,871.1845072267505,0.18207120618995903,280.0,7.543282877321542e+18,5.1231107273631425e-22,308520.76597752195,0.06798787310479337,1,1,1,2.8361735023496715e+22,0.00014694960249279722,2.5054637971598264e+18,1417427044201786.5
82482.48248248249,868.8408675028462,0.18471451637865904,280.0,7.505623031240572e+18,5.09410200260949e-22,306773.8207215418,0.067532538976339,1,1,1,2.8361725127844027e+22,0.0001469496076199959,2.464930053706181e+18,1410519784312241.2
82582.58258258259,866.4972277789419,0.1874007942273626,280.0,7.468151201972694e+18,5.065248321946423e-22,305036.21243369166,0.06707878628757384,1,1,1,2.836171528452254e+22,0.00014694961272008239,2.425301007584331e+18,1403646188514094.2
82682.68268268269,864.1535880550376,0.1901303401970349,280.0,7.43086645084381e+18,5.036548862225607e-22,303307.89154284797,0.06662662508934003,1,1,1,2.836170549388558e+22,0.00014694961779287353,2.3865537030246195e+18,1396806092742604.2
82782.78278278279,861.8099483311333,0.19290344035899226,280.0,7.393767843866156e+18,5.008002804564351e-22,301588.8087347701,0.06617606530557409,1,1,1,2.8361695756287266e+22,0.00014694962283818584,2.3486658168124897e+18,1389999333732633.8
82882.88288288288,859.466308607229,0.19572036568416323,280.0,7.3568544517149e+18,4.9796093343231135e-22,299878.91495074576,0.06572711673156087,1,1,1,2.83616860720823e+22,0.00014694962785583552,2.311615640144245e+18,1383225749014752.8
82982.98298298298,857.1226688833248,0.19858137132574233,280.0,7.320125349704867e+18,4.951367641083131e-22,298178.1613862437,0.06527978903222505,1,1,1,2.836167644162576e+22,0.00014694963284563853,2.2753820609989896e+18,1376485176911359.8
83083.08308308308,854.7790291594205,0.20148669589629764,280.0,7.283579617767372e+18,4.923276918624161e-22,296486.49948957335,0.06483409174046043,1,1,1,2.8361666865272896e+22,0.00014694963780741081,2.2399445470133542e+18,1369777456532823.5
83183.1831831832,852.4353894355158,0.20443656074046201,280.0,7.247216340427174e+18,4.895336364902318e-22,294803.88096055004,0.06439003425549752,1,1,1,2.8361657343378903e+22,0.00014694964274096828,2.2052831288458775e+18,1363102427773642.0
83283.2832832833,850.0917497116116,0.20743116920440063,280.0,7.211034606779544e+18,4.867545182028039e-22,293130.25774916826,0.06394762584131043,1,1,1,2.8361647876298705e+22,0.000146949647646127,2.1713783840181637e+18,1356459931308624.5
83383.38338338339,847.7481099877073,0.21047070590332423,280.0,7.175033510467445e+18,4.839902576244142e-22,291465.58205428004,0.06350687562506259,1,1,1,2.836163846438672e+22,0.0001469496525227033,2.1382114212201037e+18,1349849808589082.8
83483.48348348349,845.404470263803,0.2135553359883675,280.0,7.139212149658826e+18,4.812407757903998e-22,289809.8063222806,0.06306779259559285,1,1,1,2.8361629107996626e+22,0.00014694965737051393,2.1057638650668552e+18,1343271901839051.0
83583.58358358359,843.0608305398987,0.2166852044142344,280.0,7.103569627024038e+18,4.785059941449824e-22,288162.88324580103,0.06263038560194198,1,1,1,2.8361619807481107e+22,0.0001469496621893761,2.07401784129536e+18,1336726054051518.8
83683.68368368369,840.7171908159944,0.2198604352090645,280.0,7.068105049713348e+18,4.757858345391048e-22,286524.76576240547,0.06219466335191964,1,1,1,2.8361610563191617e+22,0.0001469496669791077,2.0429559623885335e+18,1330212108984683.8
83783.78378378379,838.3735510920901,0.22308113074804398,280.0,7.032817529334575e+18,4.730802192282822e-22,284895.4070532972,0.0617606344107129,1,1,1,2.8361601375478108e+22,0.00014694967173952732,2.0125613136154752e+18,1323729911158222.5
83883.88388388389,836.0299113681858,0.22634737103234182,280.0,6.99770618193084e+18,4.703890708704613e-22,283274.7605420293,0.061328307199536206,1,1,1,2.8361592244688782e+22,0.00014694967647045458,1.9828174394763077e+18,1317279305849578.8
83983.98398398398,833.6862716442815,0.2296592129750138,280.0,6.962770127958415e+18,4.677123125238903e-22,281662.7798932216,0.060897689994323434,1,1,1,2.8361583171169818e+22,0.00014694968117171005,1.9537083305405053e+18,1310860139090271.5
84084.08408408408,831.3426319203772,0.23301668969557027,280.0,6.928008492264701e+18,4.650498676450005e-22,280059.41901128576,0.06046879092446229,1,1,1,2.8361574155265096e+22,0.00014694968584311557,1.9252184106678195e+18,1304472257662219.0
84184.1841841842,828.9989921964726,0.23641980982496047,280.0,6.893420404066293e+18,4.62401660086297e-22,278464.6320391541,0.06004161797157123,1,1,1,2.8361565197315917e+22,0.0001469496904844942,1.8973325246011548e+18,1298115509094081.2
84284.2842842843,826.6553524725683,0.23986855682276914,280.0,6.859004996927176e+18,4.5976761409426e-22,276878.3733570164,0.059616178968319805,1,1,1,2.8361556297660727e+22,0.00014694969509567064,1.8700359259210276e+18,1291789741657625.0
84384.3843843844,824.311712748664,0.2433628883084818,280.0,6.824761408737017e+18,4.57147654307257e-22,275300.5975810622,0.05919248159729168,1,1,1,2.8361547456634813e+22,0.000146949699676471,1.8433142653513946e+18,1285494804364095.5
84484.48448448449,821.9680730247597,0.24690273540869656,280.0,6.790688781689568e+18,4.545417057534639e-22,273731.2595622291,0.05877053338989155,1,1,1,2.8361538674570035e+22,0.00014694970422672344,1.8171535794070264e+18,1279230546960617.2
84584.58458458459,819.6244333008555,0.25048800212221606,280.0,6.756786262261183e+18,4.519496938487982e-22,272170.31438495807,0.05835034172529586,1,1,1,2.8361529951794495e+22,0.00014694970874625787,1.7915402793727e+18,1272996819926606.5
84684.68468468469,817.2807935769512,0.2541185647049774,280.0,6.723053001189431e+18,4.493715443948597e-22,270617.7173659531,0.05793191382944732,1,1,1,2.8361521288632267e+22,0.00014694971323490636,1.766461140604802e+18,1266793474470202.5
84784.78478478479,814.9371538530469,0.2577942710768038,280.0,6.689488153451823e+18,4.468071835768835e-22,269073.4240529488,0.057515256774093734,1,1,1,2.836151268540307e+22,0.00014694971769250317,1.7419032921461484e+18,1260620362524716.2
84884.88488488489,812.5935141291426,0.26151494025198885,280.0,6.65609087824465e+18,4.442565379617017e-22,267537.39022348257,0.05710037747587115,1,1,1,2.836150414242196e+22,0.0001469497221188851,1.7178542066450511e+18,1254477336745095.8
84984.98498498499,810.2498744052383,0.26528036179573317,280.0,6.622860338961912e+18,4.417195344957151e-22,266009.57188367343,0.056687282695431426,1,1,1,2.8361495659999033e+22,0.0001469497265138914,1.6943016905699013e+18,1248364250504410.2
85085.08508508508,807.906234681334,0.26909029530846673,280.0,6.589795703174366e+18,4.391961005028746e-22,264489.92526700627,0.0562759790366146,1,1,1,2.8361487238439096e+22,0.00014694973087736414,1.6712338747107523e+18,1242280957890349.2
85185.1851851852,805.5625949574294,0.27294446994008914,280.0,6.556896142608675e+18,4.366861636826733e-22,262978.40683312254,0.055866472945665706,1,1,1,2.8361478878041356e+22,0.00014694973520914823,1.6486392049596106e+18,1236227313701740.0
85285.2852852853,803.2189552335251,0.2768425839361527,280.0,6.524160833126654e+18,4.34189652108147e-22,261474.9732666163,0.05545877071049696,1,1,1,2.8361470579099094e+22,0.00014694973950909174,1.626506433361379e+18,1230203173445084.5
85385.3853853854,800.8753155096208,0.2807843042180104,280.0,6.491588954704632e+18,4.317064942238851e-22,259979.58147583622,0.05505287845999389,1,1,1,2.8361462341899358e+22,0.00014694974377704584,1.6048246094275407e+18,1224208393331106.2
85485.4854854855,798.5316757857165,0.2847692659989115,280.0,6.459179691412903e+18,4.292366188440502e-22,258492.1885916932,0.05464880216336739,1,1,1,2.8361454166722627e+22,0.00014694974801286522,1.5835830717049966e+18,1218242830271321.0
85585.58558558559,796.1880360618122,0.28879707243801506,280.0,6.426932231395295e+18,4.267799551504097e-22,257012.75196647458,0.0542465476295499,1,1,1,2.8361446053842497e+22,0.00014694975221640806,1.5627714395925612e+18,1212306341874621.0
85685.68568568569,793.8443963379079,0.29286729433424685,280.0,6.394845766848825e+18,4.243364326903723e-22,255541.22917266208,0.053846120506637035,1,1,1,2.836143800352536e+22,0.00014694975638753635,1.542379605397888e+18,1206398786443876.5
85785.78578578579,791.5007566140036,0.29697946986187723,280.0,6.362919494003469e+18,4.2190598137503876e-22,254077.57800175773,0.053447526281373677,1,1,1,2.836143001603008e+22,0.00014694976052611588,1.5223977266277732e+18,1200520022972553.0
85885.88588588589,789.1571168900994,0.30113310434964635,280.0,6.331152613102026e+18,4.194885314772588e-22,252621.7564631137,0.05305077027868524,1,1,1,2.8361422091607677e+22,0.0001469497646320166,1.5028162185049792e+18,1194669911141346.8
85985.98598598599,786.8134771661951,0.30532767010519685,280.0,6.299544328380081e+18,4.1708401362969823e-22,251173.7227827684,0.052655857661253413,1,1,1,2.836141423050099e+22,0.0001469497687051126,1.4836257467049124e+18,1188848311314834.5
86086.0860860861,784.4698374422904,0.3095626062865008,280.0,6.268093848046076e+18,4.146923588229153e-22,249733.43540228799,0.05226279342913674,1,1,1,2.836140643294439e+22,0.00014694977274528248,1.4648172203056678e+18,1183055084538140.8
86186.1861861862,782.1261977183862,0.31383731882188487,280.0,6.23680038426147e+18,4.1231349840344665e-22,248300.85297761371,0.051871582419435756,1,1,1,2.8361398699163442e+22,0.00014694977675240928,1.4463817849451558e+18,1177290092533623.8
86286.2862862863,779.7825579944819,0.3181511803801749,280.0,6.205663153121013e+18,4.099473640719011e-22,246875.93437791386,0.05148222930600233,1,1,1,2.83613910293746e+22,0.00014694978072638085,1.4283108161791434e+18,1171553197697570.8
86386.3863863864,777.4389182705776,0.3225035303923626,280.0,6.174681374633094e+18,4.075938878810636e-22,245458.63868444218,0.05109473859919338,1,1,1,2.83613834237849e+22,0.00014694978466708994,1.4105959130343117e+18,1165844263096916.0
86486.4864864865,775.0952785466733,0.3268936751261088,280.0,6.143854272700218e+18,4.0525300223400735e-22,244048.92518940064,0.05070911464566878,1,1,1,2.836137588259167e+22,0.00014694978857443416,1.3932288917505047e+18,1160163152465972.8
86586.58658658659,772.751638822769,0.33132088781426683,280.0,6.113181075099552e+18,4.0292463988221566e-22,242646.7533948087,0.05032536162823292,1,1,1,2.83613684059822e+22,0.00014694979244831653,1.376201779706565e+18,1154509730203180.2
86686.68668668669,770.4079990988647,0.3357844088384888,280.0,6.082661013463591e+18,4.0060873392371207e-22,241252.08301137708,0.0499434835657201,1,1,1,2.8361360994133483e+22,0.00014694979628864527,1.359506809524294e+18,1148883861367866.8
86786.78678678679,768.0643593749604,0.34028344596884097,280.0,6.052293323260901e+18,3.9830521780119875e-22,239864.87395738662,0.04956348431292314,1,1,1,2.8361353647211902e+22,0.0001469498000953342,1.3431364133452334e+18,1143285411677029.8
86886.88688688689,765.7207196510561,0.3448171746602157,280.0,6.022077243776975e+18,3.9601402530020447e-22,238485.08635757313,0.049185367560565366,1,1,1,2.8361346365372968e+22,0.00014694980386830263,1.3270832172751206e+18,1137714247502130.2
86986.98698698699,763.3770799271518,0.3493847384061752,280.0,5.992012018095173e+18,3.937350905472413e-22,237112.68054201725,0.04880913683531537,1,1,1,2.836133914876104e+22,0.00014694980760747583,1.3113400359910118e+18,1132170235865903.2
87087.0870870871,761.0334402032472,0.3539852491507083,280.0,5.962096893077759e+18,3.9146834800796883e-22,235747.61704503887,0.04843479549984422,1,1,1,2.8361331997509046e+22,0.00014694981131278484,1.2958998675062188e+18,1126653244439183.5
87187.1871871872,758.6898004793429,0.35861778775821573,280.0,5.932331119347043e+18,3.8921373248536834e-22,234389.85660409767,0.048062346752925415,1,1,1,2.836132491173825e+22,0.00014694981498416677,1.280755888088356e+18,1121163141537749.6
87287.2872872873,756.3461607554386,0.36328140454188196,280.0,5.902713951266601e+18,3.8697117911792353e-22,233039.3601586975,0.0476917936295761,1,1,1,2.836131789155799e+22,0.00014694981862156502,1.2659014473258893e+18,1115699796119176.9
87387.3873873874,754.0025210315343,0.3679751198503987,280.0,5.873244646922597e+18,3.8474062337781223e-22,231696.08884929738,0.047323139001240425,1,1,1,2.8361310937065426e+22,0.00014694982222492915,1.2513300633387837e+18,1110263077779712.2
87487.4874874875,751.65888130763,0.3726979247128492,280.0,5.843922468105207e+18,3.8252200106910363e-22,230360.00401622584,0.04695638557601392,1,1,1,2.8361304048345348e+22,0.00014694982579421524,1.2370354181289126e+18,1104852856751161.5
87587.5875875876,749.3152415837258,0.3774487815413666,280.0,5.814746680290113e+18,3.8031524832596624e-22,229031.0671986018,0.04659153589890874,1,1,1,2.836129722546991e+22,0.00014694982932938585,1.223011353066048e+18,1099469003897791.5
87687.68768768769,746.9716018598215,0.38222662489100245,280.0,5.785716552620115e+18,3.781203016108826e-22,227709.24013325942,0.04622859235215932,1,1,1,2.8361290468498466e+22,0.00014694983283041025,1.2092518645053737e+18,1094111390713248.2
87787.78778778779,744.6279621359172,0.3870303622760523,280.0,5.756831357886816e+18,3.7593709771287257e-22,226394.48475367806,0.04586755715556822,1,1,1,2.836128377747734e+22,0.00014694983629726435,1.1957510995325796e+18,1088779889317489.6
87887.88788788789,742.2843224120129,0.3918588750418993,280.0,5.728090372512409e+18,3.737655737457239e-22,225086.7631889168,0.04550843236689129,1,1,1,2.8361277152439654e+22,0.000146949839729931,1.1825033518327117e+18,1083474372453733.1
87987.98798798799,739.9406826881086,0.39671101929124913,280.0,5.699492876531547e+18,3.716056671462332e-22,223786.0377625551,0.04515121988226233,1,1,1,2.836127059340517e+22,0.00014694984312839992,1.1695030576790684e+18,1078194713485418.6
88088.0880880881,737.597042964204,0.40158562686344335,280.0,5.671038153573309e+18,3.6945731567245173e-22,222492.2709916363,0.04479592143665611,1,1,1,2.836126410038011e+22,0.00014694984649266785,1.156744792038543e+18,1072940786393184.9
88188.1881881882,735.2534032402997,0.40648150636534724,280.0,5.642725490843276e+18,3.67320457401943e-22,221205.42558561853,0.04444253860439013,1,1,1,2.8361257673357015e+22,0.00014694984982273863,1.1442232647899297e+18,1067712465771865.0
88288.2882882883,732.9097635163954,0.4113974442521415,280.0,5.614554179105624e+18,3.6519503073004215e-22,219925.4644453263,0.04409107279966327,1,1,1,2.8361251312314626e+22,0.0001469498531186233,1.1319333170517798e+18,1062509626827488.5
88388.3883883884,730.5661237924911,0.4163322059561418,280.0,5.586523512665409e+18,3.6308097436813006e-22,218652.35066191122,0.04374152527713256,1,1,1,2.836124501721775e+22,0.00014694985638034005,1.119869917616559e+18,1057332145374305.9
88488.4884884885,728.2224840685868,0.4212845370616223,280.0,5.558632789350867e+18,3.609782273419111e-22,217386.0475158148,0.04339389713252616,1,1,1,2.836123878801716e+22,0.0001469498596079143,1.1080281594878902e+18,1052179897831823.8
88588.5885885886,725.8788443446825,0.4262531645234304,280.0,5.530881310495826e+18,3.5888672898969877e-22,216126.51847573608,0.043048189303292635,1,1,1,2.8361232624649517e+22,0.00014694986280137888,1.0964032565178043e+18,1047052761221855.4
88688.6886886887,723.5352046207782,0.43123679792702857,280.0,5.503268380922204e+18,3.5680641896071043e-22,214873.72719760466,0.04270440256928599,1,1,1,2.836122652703728e+22,0.00014694986596077393,1.0849905401409969e+18,1041950613165585.4
88788.78878878879,721.191564896874,0.43623413078743617,280.0,5.475793308922598e+18,3.5473723721336796e-22,213627.63752355738,0.042362537553485576,1,1,1,2.8361220495088655e+22,0.00014694986908614705,1.0737854562031848e+18,1036873331880648.8
88888.88888888889,718.8479251729697,0.44124384188439936,280.0,5.448455406242956e+18,3.5267912401360756e-22,212388.2134809204,0.042022594722750876,1,1,1,2.8361214528697557e+22,0.00014694987217755314,1.0627835618807438e+18,1031820796178224.2
88988.98898898899,716.5042854490654,0.4462645966309798,280.0,5.421253988065331e+18,3.5063201993319536e-22,211155.4192811949,0.041684574388609875,1,1,1,2.8361208627743565e+22,0.00014694987523505452,1.0519805226888919e+18,1026792885460142.0
89089.0890890891,714.1606457251607,0.4512950484726203,280.0,5.39418837299073e+18,3.4859586584805064e-22,209929.2193190472,0.041348476708081075,1,1,1,2.8361202792091934e+22,0.00014694987825872107,1.0413721095757665e+18,1021789479716004.1
89189.1891891892,711.8170060012565,0.45633384031362734,280.0,5.367257883022058e+18,3.4657060293657907e-22,208709.57817130515,0.04101430168452835,1,1,1,2.8361197021593577e+22,0.00014694988124862996,1.0309541960998335e+18,1016810459520323.5
89289.2892892893,709.4733662773522,0.4613796059679127,280.0,5.340461843547101e+18,3.4455617267800713e-22,207496.46059595502,0.040682049168547604,1,1,1,2.8361191316085096e+22,0.00014694988420486585,1.0207227556881124e+18,1011855706029668.9
89389.3893893894,707.1297265534479,0.46643097163072206,280.0,5.313799583321658e+18,3.425525168507311e-22,206289.83153114718,0.04035171885888547,1,1,1,2.8361185675388817e+22,0.00014694988712752078,1.0106738589728316e+18,1006925100979831.2
89489.4894894895,704.7860868295436,0.4714865573680135,280.0,5.287270434452714e+18,3.4055957753066688e-22,205089.65609420242,0.04002331030338867,1,1,1,2.8361180099312834e+22,0.00014694989001669417,1.0008036712041466e+18,1002018526683000.6
89589.5895895896,702.4424471056393,0.4765449786200714,280.0,5.260873732381711e+18,3.3857729708961097e-22,203895.89958062497,0.039696822899983865,1,1,1,2.8361174587651087e+22,0.00014694989287249272,9.911084497366579e+17,997135866024956.9
89689.6896896897,700.098807381735,0.4816048477158829,280.0,5.234608815867901e+18,3.366056181936063e-22,202708.52746311823,0.03937225589768709,1,1,1,2.8361169140183437e+22,0.00014694989569503055,9.815845415875255e+17,992277002462274.6
89789.7897897898,697.7551676578307,0.48666477539476466,280.0,5.208475026971776e+18,3.346444838013152e-22,201527.505390605,0.039049608397642314,1,1,1,2.8361163756675768e+22,0.00014694989848442884,9.722283810640417e+17,987441820019541.5
89889.88988988989,695.4115279339264,0.4917233723316972,280.0,5.182471711038597e+18,3.3269383716240024e-22,200352.7991872525,0.03872887935418834,1,1,1,2.8361158436880105e+22,0.00014694990124081614,9.630364874585933e+17,982630203286590.2
89989.98998998999,693.0678882100221,0.4967792506628094,280.0,5.156598216681987e+18,3.3075362181591037e-22,199184.37485150035,0.038410067575953596,1,1,1,2.8361153180534732e+22,0.00014694990396432798,9.540054628090042e+17,977842037415744.1
90090.0900900901,690.7242484861175,0.5018310255074561,280.0,5.130853895767611e+18,3.28823781588675e-22,198022.19855509352,0.03809317172697778,1,1,1,2.8361147987364357e+22,0.00014694990665510704,9.451319897223116e+17,973077208119075.2
90190.1901901902,688.3806087622132,0.5068773164833386,280.0,5.105238103396965e+18,3.2690426059370483e-22,196866.23664211933,0.03777819032786035,1,1,1,2.8361142857080246e+22,0.00014694990931330283,9.364128292600956e+17,968335601665679.1
90290.2902902903,686.0369690383089,0.511916749211165,280.0,5.079750197891173e+18,3.249950032285965e-22,195716.4556280466,0.037465121756934186,1,1,1,2.8361137789380424e+22,0.00014694991193907187,9.278448188835136e+17,963617104878956.5
90390.3903903904,683.6933293144047,0.5169479568053592,280.0,5.054389540774959e+18,3.2309595417394796e-22,194572.82219877146,0.03715396425146484,1,1,1,2.8361132783949842e+22,0.0001469499145325773,9.194248704562917e+17,958921605133914.9
90490.4904904905,681.3496895905004,0.5219695813474096,280.0,5.029155496760632e+18,3.2120705839177785e-22,193435.30320966544,0.03684471590887404,1,1,1,2.8361127840460596e+22,0.00014694991709398905,9.111499683039345e+17,954248990354479.4
90590.5905905906,679.0060498665961,0.526980275338505,280.0,5.004047433732176e+18,3.1932826112395065e-22,192303.8656846271,0.036537374687986866,1,1,1,2.8361122958572127e+22,0.00014694991962348357,9.030171673274931e+17,949599149010818.1
90690.6906906907,676.6624101426918,0.5319787031281882,280.0,4.979064722729411e+18,3.174595078906099e-22,191178.4768151384,0.03623193841030198,1,1,1,2.8361118137931465e+22,0.00014694992212124373,8.950235911702756e+17,944971970116680.2
90790.7907907908,674.3187704187875,0.5369635423158523,280.0,4.954206737932246e+18,3.1560074448861614e-22,190059.10395932416,0.03592840476128437,1,1,1,2.8361113378173466e+22,0.00014694992458745866,8.871664304359309e+17,940367343226746.9
90890.89089089089,671.9751306948832,0.5419334851220147,280.0,4.929472856644993e+18,3.1375191698999225e-22,188945.71464101571,0.03562677129167955,1,1,1,2.836110867892106e+22,0.00014694992702232374,8.79442940956389e+17,935785158433995.2
90990.99099099099,669.6314909709789,0.5468872397264152,280.0,4.904862459280777e+18,3.1191297174037405e-22,187838.2765488179,0.035327035418848914,1,1,1,2.8361104039785517e+22,0.00014694992942604042,8.718504421081848e+17,931225306367075.4
91091.0910910911,667.2878512470743,0.5518235315701187,280.0,4.880374929346004e+18,3.100838553574666e-22,186736.7575351793,0.0350291944281253,1,1,1,2.836109946036674e+22,0.0001469499317988159,8.643863151757357e+17,926687678187699.1
91191.1911911912,664.94421152317,0.5567411046189329,280.0,4.856009653424942e+18,3.0826451472950854e-22,185641.12561546758,0.03473324547418839,1,1,1,2.8361094940253533e+22,0.00014694993414086327,8.570480017601961e+17,922172165588045.1
91291.2912912913,662.6005717992657,0.5616387225856155,280.0,4.831766021164313e+18,3.06454897013738e-22,184551.34896704566,0.03443918558245851,1,1,1,2.836109047902391e+22,0.00014694993645240114,8.498330022325312e+17,917678660788169.8
91391.3913913914,660.2569320753614,0.5665151701084727,280.0,4.807643425258044e+18,3.0465494963486996e-22,183467.3959283546,0.034147011650509256,1,1,1,2.8361086076245393e+22,0.00014694993873365364,8.427388742295302e+17,913207056533437.6
91491.4914914915,657.9132923514571,0.5713692538841433,280.0,4.783641261432034e+18,3.0286462028357436e-22,182389.23499799726,0.033856720449497335,1,1,1,2.8361081731475334e+22,0.00014694994098485002,8.357632311914819e+17,908757246091960.8
91591.5915915916,655.5696526275528,0.5761998037525093,280.0,4.759758928429023e+18,3.01083856914963e-22,181316.83483382693,0.03356830862560928,1,1,1,2.8361077444261242e+22,0.00014694994320622477,8.289037409402957e+17,904329123252051.4
91691.6916916917,653.2260129036486,0.5810056737318632,280.0,4.735995827993525e+18,2.993126077470803e-22,180250.1642520387,0.03328177270152442,1,1,1,2.8361073214141103e+22,0.00014694994539801728,8.221581242968824e+17,899922582319687.1
91791.7917917918,650.8823731797443,0.5857857430026284,280.0,4.712351364856849e+18,2.9755082125940056e-22,179189.1922262641,0.03299710907789333,1,1,1,2.8361069040643732e+22,0.00014694994756047163,8.155241537366447e+17,895537518115988.1
91891.8918918919,648.53873345584,0.5905389168381237,280.0,4.68882494672218e+18,2.957984461913299e-22,178133.88788666934,0.032714314034830924,1,1,1,2.836106492328911e+22,0.00014694994969383652,8.089996520819633e+17,891173825974706.9
91991.99199199199,646.1950937319357,0.5952641274810392,280.0,4.665415984249746e+18,2.940554315407142e-22,177084.22051905657,0.03243338373342387,1,1,1,2.8361060861588734e+22,0.0001469499517983651,8.025824912305974e+17,886831401739730.2
92092.0920920921,643.851454008031,0.5999603349644831,280.0,4.642123891042053e+18,2.923217265623512e-22,176040.15956396787,0.03215431421725132,1,1,1,2.8361056855045983e+22,0.0001469499538743146,7.962705909189527e+17,882510141762592.9
92192.1921921922,641.5078142841268,0.6046265278766386,280.0,4.618948083629206e+18,2.9059728076651065e-22,175001.67461579407,0.031877101413918536,1,1,1,2.8361052903156467e+22,0.00014694995592194645,7.900619175192045e+17,878209942900006.0
92292.2922922923,639.1641745602225,0.6092617240682757,280.0,4.5958879814542756e+18,2.888820439174548e-22,173968.73542188373,0.03160174113660238,1,1,1,2.83610490054084e+22,0.00014694995794152572,7.839544828692783e+17,873930702511391.9
92392.3923923924,636.8205348363182,0.6138649713025205,280.0,4.572943006858757e+18,2.871759660319678e-22,172941.31188165766,0.031328229085608394,1,1,1,2.8361045161282952e+22,0.00014694995993332131,7.77946343134752e+17,869672318456436.8
92492.4924924925,634.4768951124139,0.6184353478464959,280.0,4.5501125850681196e+18,2.8547899737788917e-22,171919.3740457256,0.03105656084993873,1,1,1,2.8361041370254643e+22,0.00014694996189760538,7.720355977017376e+17,865434689092652.4
92592.5925925926,632.1332553885096,0.6229719630046138,280.0,4.527396144177387e+18,2.83791088472652e-22,170902.89211500596,0.03078673190887002,1,1,1,2.8361037631791695e+22,0.00014694996383465353,7.662203880998523e+17,861217713272950.4
92692.6926926927,629.7896156646053,0.6274739575934823,280.0,4.504793115136822e+18,2.8211219008182446e-22,169891.83643984757,0.030518737633540727,1,1,1,2.8361033945356412e+22,0.00014694996574474435,7.604988969544055e+17,857021290343227.8
92792.7927927928,627.445975940701,0.631940504358562,280.0,4.4823029317376666e+18,2.8044225321765844e-22,168886.1775191555,0.030252573288547396,1,1,1,2.8361030310405557e+22,0.00014694996762815924,7.548693469669583e+17,852845320139965.2
92892.8928928929,625.1023362167967,0.6363708083328761,280.0,4.4599250305979633e+18,2.7878122913764138e-22,167885.88599951906,0.02998823403354901,1,1,1,2.8361026726390716e+22,0.0001469499694851824,7.493299999234364e+17,848689702987836.2
92992.992992993,622.7586964928925,0.6407641071382425,280.0,4.437658851148437e+18,2.771290693430524e-22,166890.93267434233,0.029725714924878813,1,1,1,2.836102319275869e+22,0.00014694997131610045,7.438791557290012e+17,844554339697328.2
93093.0930930931,620.4150567689878,0.6451196712296515,280.0,4.415503835618451e+18,2.754857255775235e-22,165901.2884829775,0.029465010917163147,1,1,1,2.836101970895184e+22,0.00014694997312120228,7.385151514689102e+17,840439131562374.6
93193.1931931932,618.0714170450835,0.6494368040835578,280.0,4.393459429022053e+18,2.7385114982560606e-22,164916.92450986188,0.0292061168649466,1,1,1,2.836101627440848e+22,0.00014694997490077895,7.332363604946223e+17,836343980358001.8
93293.2932932933,615.7277773211792,0.653714842331012,280.0,4.371525079144049e+18,2.7222529431133862e-22,163937.8119836551,0.02894902752432248,1,1,1,2.836101288856325e+22,0.00014694997665512334,7.280411915344133e+17,832268788337980.9
93393.3933933934,613.384137597275,0.6579531558366734,280.0,4.3497002365261727e+18,2.706081114968215e-22,162963.92227638088,0.028693737554568714,1,1,1,2.8361009550847453e+22,0.00014694997838453016,7.229280878278139e+17,828213458232497.6
93493.4934934935,611.0404978733707,0.6621511477248847,280.0,4.3279843544533396e+18,2.689995540807951e-22,161995.22690257092,0.02844024151978804,1,1,1,2.8361006260689438e+22,0.0001469499800892956,7.17895526283177e+17,824177893245830.0
93593.5935935936,608.6968581494664,0.6663082543541053,280.0,4.306376888939939e+18,2.6739957499722133e-22,161031.69751841048,0.028188533890551964,1,1,1,2.836100301751496e+22,0.0001469499817697171,7.129420166577185e+17,820161997054038.4
93693.6936936937,606.3532184255621,0.6704239452411067,280.0,4.284877298716204e+18,2.658081274138688e-22,160073.30592088646,0.027938609045548065,1,1,1,2.8360999820747526e+22,0.00014694998342609347,7.080661007593896e+17,816165673802666.5
93793.7937937938,604.0095787016578,0.6744977229364362,280.0,4.2634850452146637e+18,2.6422516473090347e-22,159120.02404693863,0.027690461273229928,1,1,1,2.836099666980876e+22,0.0001469499850587243,7.03266351669957e+17,812188828104454.0
93893.8938938939,601.6659389777535,0.6785291228527487,280.0,4.2421995925566413e+18,2.6265064057948057e-22,158171.82397261166,0.02744408477346915,1,1,1,2.8360993564118716e+22,0.0001469499866679101,6.985413729886913e+17,808231365037059.8
93993.993993994,599.3222992538492,0.6825177130476842,280.0,4.2210204075388355e+18,2.610845088203422e-22,157228.6779122106,0.027199473659208908,1,1,1,2.8360990503096258e+22,0.00014694998825395199,6.938897980960746e+17,804293190140796.5
94094.09409409411,596.9786595299446,0.6864630939630494,280.0,4.199946959619961e+18,2.595267235424168e-22,156290.55821745747,0.026956621958118435,1,1,1,2.836098748615936e+22,0.0001469499898171515,6.89310289436961e+17,800374209416376.0
94194.1941941942,594.6350198060403,0.6903648981221181,280.0,4.1789787209074703e+18,2.5797723906142425e-22,155357.43737665113,0.026715523614248077,1,1,1,2.8360984512725464e+22,0.0001469499913578105,6.848015378226427e+17,796474329322667.9
94294.2942942943,592.291380082136,0.6942227897869331,280.0,4.1581151661443113e+18,2.564360099184806e-22,154429.28801382717,0.026476172489683925,1,1,1,2.8360981582211774e+22,0.00014694999287623094,6.803622617512778e+17,792593456774463.9
94394.3943943944,589.9477403582317,0.6980364645775239,280.0,4.1373557726957727e+18,2.5490299087870905e-22,153506.08288792142,0.026238562366202013,1,1,1,2.836097869403558e+22,0.00014694999437271474,6.75991206746174e+17,788731499140258.5
94494.4944944945,587.6041006343274,0.7018056490550063,280.0,4.1167000205364076e+18,2.5337813692985386e-22,152587.79489193507,0.02600268694692134,1,1,1,2.8360975847614574e+22,0.00014694999584756362,6.716871447114153e+17,784888364240038.0
94594.5945945946,585.2604609104231,0.7055301002705544,280.0,4.096147392236993e+18,2.5186140328089496e-22,151674.3970521005,0.025768539857955082,1,1,1,2.8360973042367137e+22,0.0001469499973010789,6.67448873304349e+17,781063960343080.2
94694.6946946947,582.9168211865189,0.7092096052822551,280.0,4.0756973729515725e+18,2.5035274536066777e-22,150765.8625270501,0.025536114650059626,1,1,1,2.8360970277712644e+22,0.00014694999873356146,6.632752153244567e+17,777258196165765.5
94794.7947947948,580.5731814626146,0.7128439806418749,280.0,4.055349450404557e+18,2.4885211881648407e-22,149862.16460698572,0.02530540480028094,1,1,1,2.8360967553071735e+22,0.00014695000014531146,6.591650181181512e+17,773470980869398.2
94894.8948948949,578.2295417387103,0.7164330718535695,280.0,4.035103114877894e+18,2.4735947951275634e-22,148963.27671285023,0.025076403713597723,1,1,1,2.83609648678666e+22,0.0001469500015366283,6.551171529990534e+17,769702224058039.0
94994.994994995,575.885902014806,0.7199767528065695,280.0,4.0149578591983007e+18,2.4587478352962497e-22,148069.17239550085,0.024849104724560877,1,1,1,2.836096222152125e+22,0.0001469500029078104,6.511305146833164e+17,765951835776347.1
95095.09509509511,573.5422622909014,0.723474925183864,280.0,3.9949131787245517e+18,2.4439798716158563e-22,147179.8253348824,0.024623501098928826,1,1,1,2.836095961346177e+22,0.00014695000425915512,6.472040207395752e+17,762219726507433.5
95195.1951951952,571.1986225669971,0.7269275178488924,280.0,3.9749685713348536e+18,2.4292904691612264e-22,146295.2093392045,0.024399586035298394,1,1,1,2.836095704311657e+22,0.00014695000559095865,6.433366110531203e+17,758505807170726.6
95295.2952952953,568.8549828430928,0.7303344862122351,280.0,3.9551235374142525e+18,2.4146791951234046e-22,145415.29834411724,0.024177352666730267,1,1,1,2.8360954509916644e+22,0.00014695000690351576,6.395272473038886e+17,754809989119843.1
95395.3953953954,566.5113431191885,0.7336958115802571,280.0,3.9353775798421125e+18,2.4001456187959915e-22,144540.0664118896,0.02395679406236934,1,1,1,2.8360952013295784e+22,0.00014695000819711987,6.357749124579018e+17,751132184140474.6
95495.4954954955,564.1677033952842,0.7370115004876441,280.0,3.9157302039796844e+18,2.385689311561523e-22,143669.48773058903,0.023737903229058974,1,1,1,2.8360949552690812e+22,0.00014695000947206275,6.320786102717678e+17,747472304448281.9
95595.5955955956,561.8240636713799,0.740281584015713,280.0,3.8961809176577004e+18,2.371309846877851e-22,142803.5366132614,0.023520673112948913,1,1,1,2.836094712754181e+22,0.00014695001072863453,6.28437364809891e+17,743830262686800.0
95695.6956956957,559.4804239474756,0.7435061170983572,280.0,3.8767292311640474e+18,2.3570068002645493e-22,141942.18749711235,0.023305096601096448,1,1,1,2.8360944737292317e+22,0.0001469500119671235,6.24850219974036e+17,740205971925353.8
95795.7957957958,557.1367842235713,0.7466851778174237,280.0,3.8573746572315003e+18,2.3427797492893304e-22,141085.41494268915,0.023091166523060452,1,1,1,2.8360942381389526e+22,0.00014695001318781612,6.213162390449075e+17,736599345656983.0
95895.8958958959,554.793144499667,0.7498188666892807,280.0,3.8381167110255176e+18,2.328628273554473e-22,140233.19363306355,0.022878875652487838,1,1,1,2.8360940059284482e+22,0.00014695001439099682,6.178345042354125e+17,733010297796378.2
95995.995995996,552.4495047757628,0.7529073059442781,280.0,3.818954910132092e+18,2.3145519546832696e-22,139385.49837301538,0.022668216708692124,1,1,1,2.8360937770432267e+22,0.0001469500155769479,6.144041162552856e+17,729438742677826.5
96096.09609609611,550.1058650518581,0.7559506388007455,280.0,3.7998887745456676e+18,2.300550376306468e-22,138542.30408821636,0.022459182358223605,1,1,1,2.8360935514292166e+22,0.0001469500167459496,6.110241938867654e+17,725884595053166.0
96196.19619619621,547.7622253279538,0.7589490287351135,280.0,3.7809178266571264e+18,2.2866231240487463e-22,137703.58582441532,0.022251765216431067,1,1,1,2.8360933290327843e+22,0.0001469500178982797,6.076938735710205e+17,722347770089754.5
96296.2962962963,545.4185856040496,0.7619026587496902,280.0,3.762041591241802e+18,2.2727697855151615e-22,136869.31874662227,0.022045957849014156,1,1,1,2.836093109800748e+22,0.0001469500190342139,6.044123090050258e+17,718828183368441.5
96396.3963963964,543.0749458801453,0.7648117306395509,280.0,3.7432595954475976e+18,2.258989950277633e-22,136039.47813829436,0.02184175277356672,1,1,1,2.836092893680394e+22,0.0001469500201540252,6.011786707486124e+17,715325750881555.8
96496.4964964965,540.731306156241,0.7676764642599423,280.0,3.724571368783119e+18,2.2452832098614084e-22,135214.03940052082,0.021639142461110226,1,1,1,2.836092680619491e+22,0.0001469500212579843,5.979921458414071e+17,711840389030900.0
96596.5965965966,538.3876664323367,0.7704970967955377,280.0,3.705976443105909e+18,2.231649157731546e-22,134392.978051209,0.021438119337617342,1,1,1,2.836092470566301e+22,0.0001469500223463592,5.948519374293958e+17,708372014625756.4
96696.6966966967,536.0440267084324,0.7732738820328097,280.0,3.6874743526107136e+18,2.218087389279392e-22,133576.26972426992,0.021238675785525032,1,1,1,2.8360922634695955e+22,0.00014695002341941546,5.91757264400848e+17,704920544880901.0
96796.7967967968,533.7003869845281,0.7760070896367189,280.0,3.669064633817806e+18,2.2045975018090455e-22,132763.89016880325,0.021040804145237117,1,1,1,2.836092059278663e+22,0.0001469500244774157,5.887073610313499e+17,701485897414628.4
96896.8968968969,531.3567472606238,0.7786970044328609,280.0,3.6507468255613865e+18,2.191179094523842e-22,131955.8152482832,0.02084449671661591,1,1,1,2.836091857943322e+22,0.00014695002552062,5.857014766376992e+17,698067990246785.9
96996.996996997,529.0131075367195,0.7813439256961279,280.0,3.632520468978024e+18,2.1778317685128095e-22,131152.02093974306,0.020649745760462603,1,1,1,2.836091659413931e+22,0.00014695002654928558,5.827388752404216e+17,694666741796817.0
97097.09709709711,526.6694678128149,0.7839481664468972,280.0,3.6143851074951624e+18,2.1645551267371244e-22,130352.48333295943,0.02045654349998619,1,1,1,2.8360914636413975e+22,0.00014695002756366673,5.798188352346781e+17,691282070881814.9
97197.19719719721,524.3258280889106,0.7865100527556734,280.0,3.5963402868196915e+18,2.151348774016574e-22,129557.17862963697,0.020264882122260755,1,1,1,2.8360912705771855e+22,0.00014695002856401505,5.769406490693373e+17,687913896714586.2
97297.29729729731,521.9821883650063,0.7890299230570574,280.0,3.5783855549265516e+18,2.138212317015975e-22,128766.08314259067,0.02007475377967052,1,1,1,2.836091080173325e+22,0.000146950029550579,5.7410362293398944e+17,684562138901721.5
97397.3973973974,519.638548641102,0.7915081274738461,280.0,3.560520462047425e+18,2.1251453642316124e-22,127979.17329492891,0.019886150591342862,1,1,1,2.836090892382418e+22,0.00014695003052360415,5.7130707645369606e+17,681226717441677.8
97497.4974974975,517.2949089171977,0.7939450271520053,280.0,3.5427445606594524e+18,2.1121475259776345e-22,127196.42561923437,0.019699064644568796,1,1,1,2.836090707157645e+22,0.00014695003148333316,5.685503423912632e+17,677907552722869.6
97597.5975975976,514.9512691932935,0.7963409936071943,280.0,3.525057405474043e+18,2.099218414372453e-22,126417.81675674497,0.019513487996210742,1,1,1,2.8360905244527708e+22,0.0001469500324300056,5.658327663568385e+17,674604565521769.8
97697.6976976977,512.6076294693892,0.7986964080834636,280.0,3.507458553425706e+18,2.086357643325112e-22,125643.32345653295,0.019329412674097355,1,1,1,2.83609034422215e+22,0.00014695003336385784,5.6315370652463725e+17,671317677001018.0
97797.7977977978,510.2639897454849,0.8010116609246845,280.0,3.4899475636609556e+18,2.0735648285216312e-22,124872.92257468241,0.01914683067840522,1,1,1,2.836090166420731e+22,0.00014695003428512348,5.605125333566076e+17,668046808707540.8
97897.8978978979,507.9203500215806,0.8032871509592127,280.0,3.4725239975272684e+18,2.0608395874113344e-22,124106.59107346613,0.018965733983027314,1,1,1,2.8360899910040593e+22,0.00014695003519403277,5.5790862933285056e+17,664791882570678.6
97997.997997998,505.5767102976763,0.8055232848982377,280.0,3.455187418562091e+18,2.0481815391931395e-22,123344.3060205198,0.018786114536927797,1,1,1,2.8360898179282825e+22,0.00014695003609081292,5.553413886886151e+17,661552820900323.9
98098.09809809811,503.23307057377167,0.8077204767482068,280.0,3.437937392481911e+18,2.0355903048018319e-22,122586.04458801546,0.018607964265483206,1,1,1,2.836089647150151e+22,0.00014695003697568808,5.528102171576952e+17,658329546385066.1
98198.19819819821,500.8894308498674,0.8098791472376685,280.0,3.4207734871713823e+18,2.0230655068943012e-22,121831.78405183261,0.018431275071809854,1,1,1,2.8360894786270216e+22,0.0001469500378488791,5.503145317220606e+17,655121982090349.5
98298.29829829831,498.5457911259631,0.8119997232588317,280.0,3.4036952726724874e+18,2.0106067698357304e-22,121081.50179072654,0.01825603883807693,1,1,1,2.8360893123168576e+22,0.0001469500387106039,5.478537603675518e+17,651930051456634.4
98398.3983983984,496.2021514020588,0.8140826373240787,280.0,3.386702321173781e+18,1.998213719685768e-22,120335.17528549556,0.018082247426805732,1,1,1,2.8360891481782307e+22,0.00014695003956107704,5.454273418454878e+17,648753678297572.2
98498.4984984985,493.8585116781545,0.8161283270376367,280.0,3.369794206999657e+18,1.9858859841846442e-22,119592.78211814495,0.01790989268215432,1,1,1,2.8360889861703224e+22,0.00014695004040051008,5.430347254400244e+17,645592786798187.9
98598.5985985986,491.5148719542502,0.8181372345825656,280.0,3.352970506599704e+18,1.973623192739255e-22,118854.29997104888,0.01773896643118785,1,1,1,2.8360888262529227e+22,0.00014695004122911135,5.4067537074111546e+17,642447301513070.0
98698.6986986987,489.17123223034594,0.820109806223172,280.0,3.3362307985380844e+18,1.961424976409194e-22,118119.70662610921,0.01756946048513424,1,1,1,2.8360886683864303e+22,0.000146950042047086,5.3834874742292986e+17,639317147364571.6
98798.7987987988,486.82759250644165,0.822046491822931,280.0,3.319574663482979e+18,1.949290967892736e-22,117388.97996391151,0.017401366640625134,1,1,1,2.8360885125318516e+22,0.00014695004285463612,5.3605433502758106e+17,636202249641018.8
98898.8988988989,484.48395278253736,0.8239477443779518,280.0,3.303001684196081e+18,1.9372208015127683e-22,116662.09796287764,0.017234676680921986,1,1,1,2.8360883586507995e+22,0.0001469500436519606,5.3379162275403174e+17,633102533994927.5
98998.998998999,482.14031305863307,0.8258140195659927,280.0,3.286511445522151e+18,1.925214113202668e-22,115939.03869841546,0.017069382377127313,1,1,1,2.836088206705492e+22,0.0001469500444392552,5.315601092520379e+17,630017926441230.6
99099.09909909911,479.79667333472844,0.8276457753109971,280.0,3.2701035343786035e+18,1.9132705404921163e-22,115219.7803420644,0.016905475489380737,1,1,1,2.83608805665875e+22,0.00014695004521671256,5.293593024210015e+17,626948353355512.0
99199.19919919921,477.45303361082415,0.8294434713630909,280.0,3.2537775397451817e+18,1.9013897224928646e-22,114504.30116063838,0.016742947768040167,1,1,1,2.8360879084739953e+22,0.00014695004598452217,5.271887192136065e+17,623893741472251.9
99299.29929929931,475.10939388691986,0.8312075688939539,280.0,3.237533052653637e+18,1.8895712998844102e-22,113792.57951536309,0.016581790954847443,1,1,1,2.8360877621152466e+22,0.0001469500467428705,5.250478854441097e+17,620854017883076.0
99399.39939939941,472.7657541630156,0.8329385301074506,280.0,3.221369666177501e+18,1.8778149148996246e-22,113084.59386101055,0.01642199678407896,1,1,1,2.836087617547118e+22,0.0001469500474919409,5.229363356011715e+17,617829110035018.5
99499.4994994995,470.4221144391113,0.8346368178653814,280.0,3.205286975421878e+18,1.866120211310297e-22,112380.32274502855,0.016263556983680823,1,1,1,2.836087474734815e+22,0.00014695004823191363,5.208536126651065e+17,614818945728790.1
99599.5995995996,468.078474715207,0.8363028953281904,280.0,3.1892845775133184e+18,1.8544868344126094e-22,111679.74480666587,0.01610646327638863,1,1,1,2.8360873336441296e+22,0.00014695004896296597,5.1879926792944045e+17,611823453117056.1
99699.6996996997,465.7348349913027,0.8379372256104491,280.0,3.1733620715897155e+18,1.8429144310125215e-22,110982.8387760922,0.01595070738083176,1,1,1,2.836087194241439e+22,0.00014695004968527209,5.167728608266637e+17,608842560702722.2
99799.7997997998,463.3911952673984,0.8395402714509108,280.0,3.1575190587902684e+18,1.8314026494110738e-22,110289.58347351306,0.015796281012622194,1,1,1,2.8360870564936997e+22,0.00014695005039900327,5.147739587580729e+17,605876197337229.1
99899.8998998999,461.0475555434941,0.8411124948969174,280.0,3.1417551422454876e+18,1.8199511393896071e-22,109599.95780827967,0.015643175885427765,1,1,1,2.836086920368442e+22,0.00014695005110432766,5.128021369275968e+17,602924292218854.9
100000.0,458.70391581958984,0.8426543570029197,280.0,3.126069927067256e+18,1.808559552194875e-22,108913.94077799241,0.01549138371202982,1,1,1,2.8360867858337677e+22,0.0001469500518014106,5.1085697817950394e+17,599986774891026.4
