time_s,temperature_K,pressure_Pa,quench_active,NH3_mol,N2_mol,H2_mol,CO2_mol,CO_mol,H2O_mol,Fe_mol,FeO_mol,CN_mol,HCN_mol,H2S_mol,HS_mol,cumulative_H2_from_NH3_mol,cumulative_H2_from_Fe_H2O_mol,cumulative_N2_from_NH3_mol
0.0,2800.0,298875739.68200165,0,7.897586215805506e+22,0.0,0.0,9.997841375157636e+19,0.0,5.550843506179199e+22,1.0027755394395202e+20,0.0,0.0,0.0,9.976262363963394e+16,0.0,0.0,0.0,0.0
3158918918.918919,2798.281330869137,298782973.3357663,0,1.1846379323708259e+22,3.3564741417173403e+22,1.0072801298619069e+23,9.993806184346375e+19,4.035190811260644e+16,5.5474646327121504e+22,6.64484673653571e+19,3.3829086578594914e+19,0.0,0.0,9.976262363963394e+16,0.0,1.0069422425152021e+23,3.378873467048231e+19,3.3564741417173403e+22
6317837837.837838,2796.562661738274,298690207.78420943,0,1.1846379323708259e+22,3.3564741417173403e+22,1.007429462677229e+23,9.99172053191642e+19,6.120843241215195e+16,5.54597130455893e+22,5.149432930885413e+19,4.878322463509788e+19,0.0,0.0,9.976262363963394e+16,0.0,1.0069422425152021e+23,4.8722016202685735e+19,3.3564741417173403e+22
9476756756.756758,2794.843992607411,298597443.44656307,0,1.1846379323708259e+22,3.3564741417173403e+22,1.0075451571913341e+23,9.990104463966983e+19,7.736911190652355e+16,5.544814359417879e+22,3.990871721884801e+19,6.036883672510401e+19,0.0,0.0,9.976262363963394e+16,0.0,1.0069422425152021e+23,6.029146761319749e+19,3.3564741417173403e+22
12635675675.675676,2793.125323476548,298504680.7417992,0,1.1846379323708259e+22,3.3564741417173403e+22,1.0076348031098441e+23,9.988852118973989e+19,8.989256183646662e+16,5.543917900232779e+22,3.093160191792202e+19,6.934595202602999e+19,0.0,0.0,9.976262363963394e+16,0.0,1.0069422425152021e+23,6.925605946419353e+19,3.3564741417173403e+22
15794594594.594597,2791.406654345685,298411920.0886242,0,1.1846379323708259e+22,3.3564741417173403e+22,1.007704272733279e+23,9.987881554205308e+19,9.959820952327331e+16,5.543223203998431e+22,2.3974933926747353e+19,7.630262001720466e+19,0.0,0.0,9.976262363963394e+16,0.0,1.0069422425152021e+23,7.620302180768139e+19,3.3564741417173403e+22
18953513513.513515,2789.687985214822,298319161.9054719,0,1.1846379323708259e+22,3.3564741417173403e+22,1.0077581115526298e+23,9.987129319976573e+19,1.0712055181061637e+17,5.542684815804923e+22,1.858352964938105e+19,8.169402429457097e+19,0.0,0.0,9.976262363963394e+16,0.0,1.0069422425152021e+23,8.158690374276035e+19,3.3564741417173403e+22
22112432432.432434,2787.9693160839593,298226406.610497,0,1.1846379323708259e+22,3.3564741417173403e+22,1.007799839222171e+23,9.986546273221883e+19,1.1295101935751626e+17,5.542267539109511e+22,1.4404932227709614e+19,8.58726217162424e+19,0.0,0.0,9.976262363963394e+16,0.0,1.0069422425152021e+23,8.57596706968849e+19,3.3564741417173403e+22
25271351351.351353,2786.2506469530963,298133654.6215691,0,1.1846379323708259e+22,3.3564741417173403e+22,1.0078321817863095e+23,9.98609434391117e+19,1.1747031246463789e+17,5.5419441134681266e+22,1.1166156520758624e+19,8.911139742319339e+19,0.0,0.0,9.976262363963394e+16,0.0,1.0069422425152021e+23,8.899392711072876e+19,3.3564741417173403e+22
28430270270.27027,2784.5319778222333,298040906.3562659,0,1.1846379323708259e+22,3.3564741417173403e+22,1.0078572510509796e+23,9.98574403540341e+19,1.2097339754223757e+17,5.541693420821425e+22,8.655726968666406e+18,9.162182697528561e+19,0.0,0.0,9.976262363963394e+16,0.0,1.0069422425152021e+23,9.150085357774338e+19,3.3564741417173403e+22
31589189189.189194,2782.8133086913704,297948162.231867,0,1.1846379323708259e+22,3.3564741417173403e+22,1.0078766832427201e+23,9.985472490925862e+19,1.236888423177182e+17,5.541499098904021e+22,6.709792349848661e+18,9.356776159410337e+19,0.0,0.0,9.976262363963394e+16,0.0,1.0069422425152021e+23,9.344407275178566e+19,3.3564741417173403e+22
34748108108.10811,2781.0946395605074,297855422.6653478,0,1.1846379323708259e+22,3.3564741417173403e+22,1.0078917462639904e+23,9.985261997224585e+19,1.2579377933048517e+17,5.541348468691318e+22,5.201385285802354e+18,9.507616865814969e+19,0.0,0.0,9.976262363963394e+16,0.0,1.0069422425152021e+23,9.49503748788192e+19,3.3564741417173403e+22
37907027027.02703,2779.3759704296444,297762688.0733729,0,1.1846379323708259e+22,3.3564741417173403e+22,1.0079034226979875e+23,9.985098826098149e+19,1.2742549059484253e+17,5.541231704351347e+22,4.032110174824599e+18,9.624544376912744e+19,0.0,0.0,9.976262363963394e+16,0.0,1.0069422425152021e+23,9.61180182785326e+19,3.3564741417173403e+22
41065945945.94595,2777.6573012987815,297669958.87228996,0,1.1846379323708259e+22,3.3564741417173403e+22,1.0079124740705891e+23,9.984972337252449e+19,1.2869037905183982e+17,5.54114119062533e+22,3.1257080261980257e+18,9.715184591775402e+19,0.0,0.0,9.976262363963394e+16,0.0,1.0069422425152021e+23,9.702315553870217e+19,3.3564741417173403e+22
44224864864.86487,2775.9386321679185,297577235.4781236,0,1.1846379323708259e+22,3.3564741417173403e+22,1.0079194906164237e+23,9.98487428336899e+19,1.2967091788642398e+17,5.541071025166983e+22,2.4230729038995487e+18,9.785448104005249e+19,0.0,0.0,9.976262363963394e+16,0.0,1.0069422425152021e+23,9.772481012216606e+19,3.3564741417173403e+22
47383783783.78379,2774.2199630370555,297484518.3065693,0,1.1846379323708259e+22,3.3564741417173403e+22,1.0079249298278483e+23,9.98479827171218e+19,1.3043103445451534e+17,5.541016633052738e+22,1.878391644880724e+18,9.839916229907132e+19,0.0,0.0,9.976262363963394e+16,0.0,1.0069422425152021e+23,9.82687312646168e+19,3.3564741417173403e+22
50542702702.702705,2772.5012939061926,297391807.77298695,0,1.1846379323708259e+22,3.3564741417173403e+22,1.0079291463204625e+23,9.98473934695611e+19,1.3102028201522285e+17,5.540974468126596e+22,1.456153135898733e+18,9.882140080805331e+19,0.0,0.0,9.976262363963394e+16,0.0,1.0069422425152021e+23,9.869038052603807e+19,3.3564741417173403e+22
53701621621.62162,2770.7826247753296,297299104.2923951,0,1.1846379323708259e+22,3.3564741417173403e+22,1.0079324149743865e+23,9.9846936679034e+19,1.3147707254232666e+17,5.5409417815873565e+22,1.1288309529740544e+18,9.914872299097799e+19,0.0,0.0,9.976262363963394e+16,0.0,1.0069422425152021e+23,9.901724591843566e+19,3.3564741417173403e+22
56860540540.54054,2769.0639556444667,297206408.27946466,0,1.1846379323708259e+22,3.3564741417173403e+22,1.0079349488671941e+23,9.984658256943196e+19,1.3183118214435898e+17,5.540916442659281e+22,8.750875626103181e+17,9.940246638134174e+19,0.0,0.0,9.976262363963394e+16,0.0,1.0069422425152021e+23,9.927063519919736e+19,3.3564741417173403e+22
60019459459.459465,2767.3452865136037,297113720.148513,0,1.1846379323708259e+22,3.3564741417173403e+22,1.0079369131718892e+23,9.984630805869242e+19,1.3210569288389618e+17,5.540896799612331e+22,6.783825823712568e+17,9.95991713615808e+19,0.0,0.0,9.976262363963394e+16,0.0,1.0069422425152021e+23,9.946706566869688e+19,3.3564741417173403e+22
63178378378.37839,2765.6266173827407,297021040.313498,0,1.1846379323708259e+22,3.3564741417173403e+22,1.007938435928496e+23,9.984609525372132e+19,1.3231849785499347e+17,5.5408815720462624e+22,5.2589411671426234e+17,9.97516598272378e+19,0.0,0.0,9.976262363963394e+16,0.0,1.0069422425152021e+23,9.961934132938279e+19,3.3564741417173403e+22
66337297297.29731,2763.9079482518778,296928369.188012,0,1.1846379323708259e+22,3.3564741417173403e+22,1.0079396163929725e+23,9.984593028378295e+19,1.3248346779336269e+17,5.540869767401498e+22,4.07682699129416e+17,9.986987124482264e+19,0.0,0.0,9.976262363963394e+16,0.0,1.0069422425152021e+23,9.973738777702926e+19,3.3564741417173403e+22
69496216216.21622,2762.189279121015,296835707.1852759,0,1.1846379323708259e+22,3.3564741417173403e+22,1.0079405315085887e+23,9.984580239621402e+19,1.3261135536228934e+17,5.540860616245335e+22,3.160432499361854e+17,9.996151069401588e+19,0.0,0.0,9.976262363963394e+16,0.0,1.0069422425152021e+23,9.982889933865356e+19,3.3564741417173403e+22
72655135135.13515,2760.470609990152,296743054.71813345,0,1.1846379323708259e+22,3.3564741417173403e+22,1.0079412409221507e+23,9.984570325545933e+19,1.3271049611696893e+17,5.540853522109715e+22,2.450027529795844e+17,1.0003255119097248e+20,0.0,0.0,9.976262363963394e+16,0.0,1.0069422425152021e+23,9.989984069485548e+19,3.3564741417173403e+22
75814054054.05406,2758.751940859289,296650412.1990451,0,1.1846379323708259e+22,3.3564741417173403e+22,1.0079417908723653e+23,9.984562639970394e+19,1.3278735187236565e+17,5.540848022607567e+22,1.8993087575205312e+17,1.0008762306820001e+20,0.0,0.0,9.976262363963394e+16,0.0,1.0069422425152021e+23,9.995483571632762e+19,3.3564741417173403e+22
78972972972.97298,2757.033271728426,296557780.04008263,0,1.1846379323708259e+22,3.3564741417173403e+22,1.0079422172039921e+23,9.984556681966368e+19,1.3284693191262565e+17,5.5408437592913e+22,1.472381330396326e+17,1.0013031581091244e+20,0.0,0.0,9.976262363963394e+16,0.0,1.0069422425152021e+23,9.999746887899978e+19,3.3564741417173403e+22
82131891891.8919,2755.314602597563,296465158.652923,0,1.1846379323708259e+22,3.3564741417173403e+22,1.0079425477043609e+23,9.984552063206738e+19,1.3289311950892086e+17,5.540840454287612e+22,1.1414190856725254e+17,1.0016341203538482e+20,0.0,0.0,9.976262363963394e+16,0.0,1.0069422425152021e+23,1.0003051891587586e+20,3.3564741417173403e+22
85290810810.81082,2753.5959334667,296372548.44884294,0,1.1846379323708259e+22,3.3564741417173403e+22,1.007942803914621e+23,9.984548482654093e+19,1.3292892503535512e+17,5.540837892185011e+22,8.848507702522482e+16,1.0018906886692685e+20,0.0,0.0,9.976262363963394e+16,0.0,1.0069422425152021e+23,1.0005613994189146e+20,3.3564741417173403e+22
88449729729.72974,2751.877264335837,296279949.8387128,0,1.1846379323708259e+22,3.3564741417173403e+22,1.0079430025338171e+23,9.984545706939115e+19,1.3295668218513554e+17,5.5408359059930495e+22,6.859540026495465e+16,1.0020895854368712e+20,0.0,0.0,9.976262363963394e+16,0.0,1.0069422425152021e+23,1.0007600186150194e+20,3.3564741417173403e+22
91608648648.64865,2750.158595204974,296187363.2329918,0,1.1846379323708259e+22,3.3564741417173403e+22,1.0079431565073325e+23,9.98454355514976e+19,1.3297820007867917e+17,5.5408343662578956e+22,5.31765308277279e+16,1.0022437741312436e+20,0.0,0.0,9.976262363963394e+16,0.0,1.0069422425152021e+23,1.0009139921304563e+20,3.3564741417173403e+22
94767567567.56758,2748.439926074111,296094789.0417213,0,1.1846379323708259e+22,3.3564741417173403e+22,1.0079432758706584e+23,9.984541887039696e+19,1.3299488117931251e+17,5.5408331726246365e+22,4.122351714012168e+16,1.0023633042681197e+20,0.0,0.0,9.976262363963394e+16,0.0,1.0069422425152021e+23,1.001033355456326e+20,3.3564741417173403e+22
97926486486.4865,2746.721256943248,296002227.67452,0,1.1846379323708259e+22,3.3564741417173403e+22,1.0079433684034914e+23,9.984540593887332e+19,1.3300781270295954e+17,5.540832247296306e+22,3.1957302310312236e+16,1.0024559664164178e+20,0.0,0.0,9.976262363963394e+16,0.0,1.0069422425152021e+23,1.0011258882893876e+20,3.3564741417173403e+22
101085405405.40541,2745.002587812385,295909679.5405785,0,1.1846379323708259e+22,3.3564741417173403e+22,1.0079434401367987e+23,9.984539591409607e+19,1.3301783748021394e+17,5.540831529963232e+22,2.477394679592536e+16,1.0025277999715616e+20,0.0,0.0,9.976262363963394e+16,0.0,1.0069422425152021e+23,1.001197621596759e+20,3.3564741417173403e+22
104244324324.32433,2743.283918681522,295817145.048653,0,1.1846379323708259e+22,3.3564741417173403e+22,1.0079434957459015e+23,9.984538814268657e+19,1.3302560888971216e+17,5.540830973872204e+22,1.920526510374507e+16,1.0025834867884835e+20,0.0,0.0,9.976262363963394e+16,0.0,1.0069422425152021e+23,1.0012532306995859e+20,3.3564741417173403e+22
107403243243.24324,2741.5652495506592,295724624.60706085,0,1.1846379323708259e+22,3.3564741417173403e+22,1.0079435388551994e+23,9.984538211813289e+19,1.3303163344339314e+17,5.540830542779224e+22,1.4888310751182014e+16,1.0026266563320091e+20,0.0,0.0,9.976262363963394e+16,0.0,1.0069422425152021e+23,1.0012963399975748e+20,3.3564741417173403e+22
110562162162.16217,2739.8465804197963,295632118.6236744,0,1.1846379323708259e+22,3.3564741417173403e+22,1.0079435722743983e+23,9.984537744777694e+19,1.3303630379933266e+17,5.5408302085872344e+22,1.1541720503379794e+16,1.0026601222344873e+20,0.0,0.0,9.976262363963394e+16,0.0,1.0069422425152021e+23,1.0013297591964934e+20,3.3564741417173403e+22
113721081081.08109,2738.1279112889333,295539627.5059161,0,1.1846379323708259e+22,3.3564741417173403e+22,1.0079435981816377e+23,9.984537382722239e+19,1.330399243538889e+17,5.540829949514841e+22,8947376014136463.0,1.0026860656793797e+20,0.0,0.0,9.976262363963394e+16,0.0,1.0069422425152021e+23,1.0013556664358402e+20,3.3564741417173403e+22
116880000000.0,2736.4092421580704,295447151.6607529,0,1.1846379323708259e+22,3.3564741417173403e+22,1.0079436182654546e+23,9.984537102049506e+19,1.3304273108120902e+17,5.540829748676672e+22,6936187598674978.0,1.0027061775635343e+20,0.0,0.0,9.976262363963394e+16,0.0,1.0069422425152021e+23,1.0013757502527216e+20,3.3564741417173403e+22
120038918918.91893,2734.6905730272074,295354691.494691,0,1.1846379323708259e+22,3.3564741417173403e+22,1.0079436338348367e+23,9.984536884466308e+19,1.3304490691319115e+17,5.54082959298285e+22,5377073550198551.0,1.002721768704019e+20,0.0,0.0,9.976262363963394e+16,0.0,1.0069422425152021e+23,1.0013913196348865e+20,3.3564741417173403e+22
123197837837.83786,2732.9719038963444,295262247.4137708,0,1.1846379323708259e+22,3.3564741417173403e+22,1.0079436459045377e+23,9.984536715791394e+19,1.3304659366232741e+17,5.540829472285839e+22,4168416696971891.5,1.0027338552725512e+20,0.0,0.0,9.976262363963394e+16,0.0,1.0069422425152021e+23,1.0014033893359274e+20,3.3564741417173403e+22
126356756756.75677,2731.2532347654815,295169819.8235614,0,1.1846379323708259e+22,3.3564741417173403e+22,1.007943655261215e+23,9.984536585031175e+19,1.330479012645246e+17,5.540829378719066e+22,3231441360630365.5,1.0027432250259146e+20,0.0,0.0,9.976262363963394e+16,0.0,1.0069422425152021e+23,1.0014127460132689e+20,3.3564741417173403e+22
129515675675.67569,2729.5345656346185,295077409.12915576,0,1.1846379323708259e+22,3.3564741417173403e+22,1.0079436625147014e+23,9.984536483663195e+19,1.3304891494432098e+17,5.540829306184202e+22,2505079044969540.5,1.0027504886490713e+20,0.0,0.0,9.976262363963394e+16,0.0,1.0069422425152021e+23,1.0014199994996276e+20,3.3564741417173403e+22
132674594594.59462,2727.8158965037555,294985015.73516536,0,1.1846379323708259e+22,3.3564741417173403e+22,1.0079436681377515e+23,9.984536405080677e+19,1.3304970076950443e+17,5.5408292499537015e+22,1941988216714702.5,1.002756119557354e+20,0.0,0.0,9.976262363963394e+16,0.0,1.0069422425152021e+23,1.0014256225496583e+20,3.3564741417173403e+22
135833513513.51352,2726.0972273728926,294892640.0457151,0,1.1846379323708259e+22,3.3564741417173403e+22,1.0079436724968542e+23,9.98453634416191e+19,1.3305030995716349e+17,5.540829206362675e+22,1505468760565227.2,1.0027604847519154e+20,0.0,0.0,9.976262363963394e+16,0.0,1.0069422425152021e+23,1.0014299816523432e+20,3.3564741417173403e+22
138992432432.43243,2724.3785582420296,294800282.4644384,0,1.1846379323708259e+22,3.3564741417173403e+22,1.0079436758761192e+23,9.984536296936445e+19,1.3305078221182426e+17,5.540829172570025e+22,1167070003152928.8,1.0027638687394895e+20,0.0,0.0,9.976262363963394e+16,0.0,1.0069422425152021e+23,1.0014333609173706e+20,3.3564741417173403e+22
142151351351.35135,2722.6598891111666,294707943.3944722,0,1.1846379323708259e+22,3.3564741417173403e+22,1.0079436784957942e+23,9.984536260326303e+19,1.3305114831324147e+17,5.5408291463732755e+22,904736405260853.8,1.0027664920754684e+20,0.0,0.0,9.976262363963394e+16,0.0,1.0069422425152021e+23,1.0014359805923354e+20,3.3564741417173403e+22
145310270270.2703,2720.9412199803037,294615623.2384518,0,1.1846379323708259e+22,3.3564741417173403e+22,1.0079436805266195e+23,9.984536231945377e+19,1.3305143212250613e+17,5.5408291260650226e+22,701370065132598.1,1.0027685257388697e+20,0.0,0.0,9.976262363963394e+16,0.0,1.0069422425152021e+23,1.001438011417644e+20,3.3564741417173403e+22
148469189189.1892,2719.2225508494407,294523322.3985062,0,1.1846379323708259e+22,3.3564741417173403e+22,1.0079436821009566e+23,9.984536209943906e+19,1.3305165213722083e+17,5.540829110321651e+22,543716342048472.9,1.0027701022761004e+20,0.0,0.0,9.976262363963394e+16,0.0,1.0069422425152021e+23,1.0014395857547277e+20,3.3564741417173403e+22
151628108108.10812,2717.5038817185778,294431041.2762531,0,1.1846379323708259e+22,3.3564741417173403e+22,1.0079436833214146e+23,9.984536192887918e+19,1.3305182269710307e+17,5.54082909811707e+22,421499969203937.5,1.0027713244398289e+20,0.0,0.0,9.976262363963394e+16,0.0,1.0069422425152021e+23,1.0014408062128574e+20,3.3564741417173403e+22
154787027027.02704,2715.785212587715,294338780.27279395,0,1.1846379323708259e+22,3.3564741417173403e+22,1.0079436842675386e+23,9.98453617966577e+19,1.3305195491859334e+17,5.54082908865583e+22,326755350929784.1,1.0027722718860116e+20,0.0,0.0,9.976262363963394e+16,0.0,1.0069422425152021e+23,1.0014417523368252e+20,3.3564741417173403e+22
157945945945.94595,2714.066543456852,294246539.7887094,0,1.1846379323708259e+22,3.3564741417173403e+22,1.0079436850009931e+23,9.98453616941569e+19,1.3305205741938237e+17,5.540829081321284e+22,253307395527738.3,1.0027730063655657e+20,0.0,0.0,9.976262363963394e+16,0.0,1.0069422425152021e+23,1.0014424857913714e+20,3.3564741417173403e+22
161104864864.86487,2712.347874325989,294154320.2240545,0,1.1846379323708259e+22,3.3564741417173403e+22,1.007943685569582e+23,9.98453616146962e+19,1.3305213688007925e+17,5.540829075635395e+22,196369046355554.4,1.0027735757490574e+20,0.0,0.0,9.976262363963394e+16,0.0,1.0069422425152021e+23,1.0014430543802561e+20,3.3564741417173403e+22
164263783783.7838,2710.629205195126,294062121.9783538,0,1.1846379323708259e+22,3.3564741417173403e+22,1.0079436860103636e+23,9.984536155309665e+19,1.33052198479628e+17,5.540829071227578e+22,152229279755997.94,1.0027740171467234e+20,0.0,0.0,9.976262363963394e+16,0.0,1.0069422425152021e+23,1.0014434951619266e+20,3.3564741417173403e+22
167422702702.7027,2708.910536064263,293969945.450597,0,1.1846379323708259e+22,3.3564741417173403e+22,1.0079436863520665e+23,9.984536150534344e+19,1.3305224623285138e+17,5.540829067810549e+22,118011234715740.25,1.0027743593271737e+20,0.0,0.0,9.976262363963394e+16,0.0,1.0069422425152021e+23,1.0014438368648448e+20,3.3564741417173403e+22
170581621621.62164,2707.1918669334,293877791.0392338,0,1.1846379323708259e+22,3.3564741417173403e+22,1.0079436866169617e+23,9.984536146832417e+19,1.3305228325212165e+17,5.540829065161599e+22,91484710063297.39,1.0027746245924202e+20,0.0,0.0,9.976262363963394e+16,0.0,1.0069422425152021e+23,1.0014441017598986e+20,3.3564741417173403e+22
173740540540.54056,2705.473197802537,293785659.1421702,0,1.1846379323708259e+22,3.3564741417173403e+22,1.0079436868223138e+23,9.984536143962608e+19,1.330523119502131e+17,5.540829063108078e+22,70920808486453.62,1.0027748302314358e+20,0.0,0.0,9.976262363963394e+16,0.0,1.0069422425152021e+23,1.0014443071119334e+20,3.3564741417173403e+22
176899459459.45947,2703.754528671674,293693550.1567629,0,1.1846379323708259e+22,3.3564741417173403e+22,1.007943686981507e+23,9.984536141737874e+19,1.3305233419755746e+17,5.540829061516148e+22,54979253619892.445,1.0027749896469845e+20,0.0,0.0,9.976262363963394e+16,0.0,1.0069422425152021e+23,1.0014444663050086e+20,3.3564741417173403e+22
180058378378.3784,2702.035859540811,293601464.4798158,0,1.1846379323708259e+22,3.3564741417173403e+22,1.0079436871049166e+23,9.984536140013214e+19,1.3305235144415142e+17,5.540829060282051e+22,42621035960545.34,1.0027751132291611e+20,0.0,0.0,9.976262363963394e+16,0.0,1.0069422425152021e+23,1.0014445897147192e+20,3.3564741417173403e+22
183217297297.2973,2700.317190409948,293509402.50757474,0,1.1846379323708259e+22,3.3564741417173403e+22,1.0079436872005863e+23,9.984536138676222e+19,1.3305236481406195e+17,5.540829059325354e+22,33040694204878.586,1.0027752090325787e+20,0.0,0.0,9.976262363963394e+16,0.0,1.0069422425152021e+23,1.0014446853844376e+20,3.3564741417173403e+22
186376216216.21622,2698.598521279085,293417364.63572365,0,1.1846379323708259e+22,3.3564741417173403e+22,1.0079436872747515e+23,9.984536137639759e+19,1.3305237517868859e+17,5.540829058583703e+22,25613818364375.227,1.0027752833013372e+20,0.0,0.0,9.976262363963394e+16,0.0,1.0069422425152021e+23,1.0014447595495498e+20,3.3564741417173403e+22
189535135135.13516,2696.879852148222,293325351.2593801,0,1.1846379323708259e+22,3.3564741417173403e+22,1.0079436873322459e+23,9.984536136836271e+19,1.3305238321355803e+17,5.540829058008759e+22,19856353112937.293,1.0027753408759898e+20,0.0,0.0,9.976262363963394e+16,0.0,1.0069422425152021e+23,1.0014448170438536e+20,3.3564741417173403e+22
192694054054.05408,2695.1611830173592,293233362.77309054,0,1.1846379323708259e+22,3.3564741417173403e+22,1.0079436873768165e+23,9.984536136213393e+19,1.330523894423523e+17,5.5408290575630515e+22,15393048914014.42,1.0027753855090318e+20,0.0,0.0,9.976262363963394e+16,0.0,1.0069422425152021e+23,1.0014448616146077e+20,3.3564741417173403e+22
195852972972.973,2693.4425138864963,293141399.57082665,0,1.1846379323708259e+22,3.3564741417173403e+22,1.0079436874113687e+23,9.984536135730523e+19,1.3305239427104034e+17,5.54082905721753e+22,11933004692608.047,1.002775420109474e+20,0.0,0.0,9.976262363963394e+16,0.0,1.0069422425152021e+23,1.001444896166763e+20,3.3564741417173403e+22
199011891891.8919,2691.7238447556333,293049462.0459805,0,1.1846379323708259e+22,3.3564741417173403e+22,1.0079436874381542e+23,9.984536135356193e+19,1.3305239801433755e+17,5.540829056949675e+22,9250708017093.045,1.0027754469324408e+20,0.0,0.0,9.976262363963394e+16,0.0,1.0069422425152021e+23,1.0014449229522969e+20,3.3564741417173403e+22
202170810810.81082,2690.0051756247703,292957550.59136105,0,1.1846379323708259e+22,3.3564741417173403e+22,1.0079436874589189e+23,9.984536135066005e+19,1.3305240091621771e+17,5.540829056742028e+22,7171337062468.296,1.0027754677261504e+20,0.0,0.0,9.976262363963394e+16,0.0,1.0069422425152021e+23,1.0014449437169875e+20,3.3564741417173403e+22
205329729729.72977,2688.2865064939074,292865665.5991893,0,1.1846379323708259e+22,3.3564741417173403e+22,1.0079436874750161e+23,9.984536134841046e+19,1.3305240316581424e+17,5.540829056581056e+22,5559366393260.206,1.002775483845857e+20,0.0,0.0,9.976262363963394e+16,0.0,1.0069422425152021e+23,1.0014449598141982e+20,3.3564741417173403e+22
208488648648.64865,2686.5678373630444,292773807.4610946,0,1.1846379323708259e+22,3.3564741417173403e+22,1.007943687487495e+23,9.984536134666653e+19,1.3305240490974725e+17,5.540829056456267e+22,4309733934627.451,1.0027754963421815e+20,0.0,0.0,9.976262363963394e+16,0.0,1.0069422425152021e+23,1.0014449722930835e+20,3.3564741417173403e+22
211647567567.5676,2684.8491682321815,292681976.56811064,0,1.1846379323708259e+22,3.3564741417173403e+22,1.0079436874971689e+23,9.98453613453146e+19,1.330524062616796e+17,5.540829056359528e+22,3340993428660.9033,1.0027755060295865e+20,0.0,0.0,9.976262363963394e+16,0.0,1.0069422425152021e+23,1.0014449819669692e+20,3.3564741417173403e+22
214806486486.48648,2683.1304991013185,292590173.31067115,0,1.1846379323708259e+22,3.3564741417173403e+22,1.0079436875046683e+23,9.984536134426655e+19,1.3305240730972506e+17,5.540829056284534e+22,2590006079198.184,1.0027755135394601e+20,0.0,0.0,9.976262363963394e+16,0.0,1.0069422425152021e+23,1.0014449894663623e+20,3.3564741417173403e+22
217965405405.40543,2681.4118299704555,292498398.07860607,0,1.1846379323708259e+22,3.3564741417173403e+22,1.007943687510482e+23,9.984536134345409e+19,1.3305240812219122e+17,5.540829056226397e+22,2007825406887.5942,1.0027755193612668e+20,0.0,0.0,9.976262363963394e+16,0.0,1.0069422425152021e+23,1.0014449952800444e+20,3.3564741417173403e+22
221124324324.32434,2679.6931608395926,292406651.2611377,0,1.1846379323708259e+22,3.3564741417173403e+22,1.0079436875149888e+23,9.984536134282425e+19,1.3305240875203152e+17,5.540829056181329e+22,1556507105112.132,1.0027755238744498e+20,0.0,0.0,9.976262363963394e+16,0.0,1.0069422425152021e+23,1.001444999786929e+20,3.3564741417173403e+22
224283243243.24326,2677.9744917087296,292314933.2468767,0,1.1846379323708259e+22,3.3564741417173403e+22,1.0079436875184827e+23,9.984536134233599e+19,1.3305240924029653e+17,5.54082905614639e+22,1206635975398.7776,1.0027755273731611e+20,0.0,0.0,9.976262363963394e+16,0.0,1.0069422425152021e+23,1.0014450032807577e+20,3.3564741417173403e+22
227442162162.16217,2676.2558225778666,292223244.42381847,0,1.1846379323708259e+22,3.3564741417173403e+22,1.0079436875211912e+23,9.984536134195747e+19,1.330524096188095e+17,5.540829056119305e+22,935408757433.414,1.0027755300854333e+20,0.0,0.0,9.976262363963394e+16,0.0,1.0069422425152021e+23,1.0014450059892448e+20,3.3564741417173403e+22
230601081081.0811,2674.5371534470037,292131585.1793388,0,1.1846379323708259e+22,3.3564741417173403e+22,1.0079436875232909e+23,9.984536134166403e+19,1.3305240991224046e+17,5.540829056098308e+22,725147899883.5503,1.002775532188042e+20,0.0,0.0,9.976262363963394e+16,0.0,1.0069422425152021e+23,1.001445008088919e+20,3.3564741417173403e+22
233760000000.0,2672.8184843161407,292039955.90019095,0,1.1846379323708259e+22,3.3564741417173403e+22,1.0079436875249186e+23,9.984536134143656e+19,1.3305241013971411e+17,5.540829056082031e+22,562149405302.6675,1.002775533818027e+20,0.0,0.0,9.976262363963394e+16,0.0,1.0069422425152021e+23,1.0014450097166293e+20,3.3564741417173403e+22
236918918918.91895,2671.0998151852777,291948356.97250116,0,1.1846379323708259e+22,3.3564741417173403e+22,1.0079436875261804e+23,9.984536134126022e+19,1.330524103160563e+17,5.540829056069413e+22,435789656059.34906,1.0027755350816245e+20,0.0,0.0,9.976262363963394e+16,0.0,1.0069422425152021e+23,1.0014450109784634e+20,3.3564741417173403e+22
240077837837.83786,2669.381146054415,291856788.78176546,0,1.1846379323708259e+22,3.3564741417173403e+22,1.0079436875271587e+23,9.984536134112351e+19,1.3305241045276037e+17,5.540829056059631e+22,337833007625.79297,1.0027755360611911e+20,0.0,0.0,9.976262363963394e+16,0.0,1.0069422425152021e+23,1.001445011956663e+20,3.3564741417173403e+22
243236756756.75677,2667.662476923552,291765251.712846,0,1.1846379323708259e+22,3.3564741417173403e+22,1.007943687527917e+23,9.984536134101754e+19,1.3305241055873614e+17,5.540829056052048e+22,261895020807.93826,1.002775536820571e+20,0.0,0.0,9.976262363963394e+16,0.0,1.0069422425152021e+23,1.0014450127149831e+20,3.3564741417173403e+22
246395675675.67572,2665.943807792689,291673746.14996725,0,1.1846379323708259e+22,3.3564741417173403e+22,1.0079436875285049e+23,9.984536134093539e+19,1.3305241064089072e+17,5.540829056046169e+22,203026348449.62073,1.0027755374092576e+20,0.0,0.0,9.976262363963394e+16,0.0,1.0069422425152021e+23,1.0014450133028482e+20,3.3564741417173403e+22
249554594594.5946,2664.225138661826,291582272.4767127,0,1.1846379323708259e+22,3.3564741417173403e+22,1.0079436875289606e+23,9.98453613408717e+19,1.3305241070457862e+17,5.540829056041611e+22,157390155939.7271,1.0027755378656195e+20,0.0,0.0,9.976262363963394e+16,0.0,1.0069422425152021e+23,1.0014450137585733e+20,3.3564741417173403e+22
252713513513.51355,2662.506469530963,291490831.0760215,0,1.1846379323708259e+22,3.3564741417173403e+22,1.0079436875293139e+23,9.984536134082234e+19,1.3305241075395078e+17,5.540829056038078e+22,122012051026.39375,1.0027755382194006e+20,0.0,0.0,9.976262363963394e+16,0.0,1.0069422425152021e+23,1.0014450141118607e+20,3.3564741417173403e+22
255872432432.43243,2660.7878004001,291399422.3301844,0,1.1846379323708259e+22,3.3564741417173403e+22,1.0079436875295877e+23,9.984536134078407e+19,1.3305241079222509e+17,5.540829056035339e+22,94586224321.24059,1.0027755384936589e+20,0.0,0.0,9.976262363963394e+16,0.0,1.0069422425152021e+23,1.0014450143857363e+20,3.3564741417173403e+22
259031351351.35138,2659.069131269237,291308046.6208412,0,1.1846379323708259e+22,3.3564741417173403e+22,1.0079436875298e+23,9.98453613407544e+19,1.330524108218961e+17,5.540829056033216e+22,73325165474.13828,1.0027755387062695e+20,0.0,0.0,9.976262363963394e+16,0.0,1.0069422425152021e+23,1.0014450145980501e+20,3.3564741417173403e+22
262190270270.2703,2657.350462138374,291216704.32897675,0,1.1846379323708259e+22,3.3564741417173403e+22,1.0079436875299645e+23,9.98453613407314e+19,1.3305241084489766e+17,5.54082905603157e+22,56843160094.328606,1.0027755388710896e+20,0.0,0.0,9.976262363963394e+16,0.0,1.0069422425152021e+23,1.0014450147626402e+20,3.3564741417173403e+22
265349189189.18924,2655.631793007511,291125395.834918,0,1.1846379323708259e+22,3.3564741417173403e+22,1.0079436875300922e+23,9.984536134071357e+19,1.3305241086272894e+17,5.540829056030294e+22,44065974193.39439,1.0027755389988613e+20,0.0,0.0,9.976262363963394e+16,0.0,1.0069422425152021e+23,1.0014450148902337e+20,3.3564741417173403e+22
268508108108.1081,2653.913123876648,291034121.5183306,0,1.1846379323708259e+22,3.3564741417173403e+22,1.0079436875301912e+23,9.984536134069974e+19,1.3305241087655213e+17,5.540829056029305e+22,34160839727.958214,1.0027755390979128e+20,0.0,0.0,9.976262363963394e+16,0.0,1.0069422425152021e+23,1.0014450149891468e+20,3.3564741417173403e+22
271667027027.02704,2652.194454745785,290942881.75821567,0,1.1846379323708259e+22,3.3564741417173403e+22,1.0079436875302678e+23,9.984536134068902e+19,1.3305241088726814e+17,5.5408290560285386e+22,26482177967.92155,1.0027755391746993e+20,0.0,0.0,9.976262363963394e+16,0.0,1.0069422425152021e+23,1.0014450150658263e+20,3.3564741417173403e+22
274825945945.94595,2650.475785614922,290851676.93290675,0,1.1846379323708259e+22,3.3564741417173403e+22,1.0079436875303272e+23,9.984536134068072e+19,1.3305241089557541e+17,5.540829056027944e+22,20529523147.252407,1.0027755392342258e+20,0.0,0.0,9.976262363963394e+16,0.0,1.0069422425152021e+23,1.0014450151252697e+20,3.3564741417173403e+22
277984864864.86487,2648.757116484059,290760507.4200666,0,1.1846379323708259e+22,3.3564741417173403e+22,1.0079436875303734e+23,9.984536134067428e+19,1.3305241090201538e+17,5.540829056027483e+22,15914904022.022318,1.002775539280372e+20,0.0,0.0,9.976262363963394e+16,0.0,1.0069422425152021e+23,1.0014450151713515e+20,3.3564741417173403e+22
281143783783.7838,2647.0384473531963,290669373.5966842,0,1.1846379323708259e+22,3.3564741417173403e+22,1.0079436875304091e+23,9.984536134066928e+19,1.3305241090700776e+17,5.540829056027126e+22,12337557390.566416,1.0027755393161455e+20,0.0,0.0,9.976262363963394e+16,0.0,1.0069422425152021e+23,1.001445015207075e+20,3.3564741417173403e+22
284302702702.7027,2645.3197782223333,290578275.8390715,0,1.1846379323708259e+22,3.3564741417173403e+22,1.0079436875304368e+23,9.984536134066541e+19,1.3305241091087797e+17,5.540829056026849e+22,9564325499.85185,1.0027755393438777e+20,0.0,0.0,9.976262363963394e+16,0.0,1.0069422425152021e+23,1.0014450152347686e+20,3.3564741417173403e+22
287461621621.62164,2643.6011090914703,290487214.52286077,0,1.1846379323708259e+22,3.3564741417173403e+22,1.0079436875304583e+23,9.984536134066242e+19,1.3305241091387822e+17,5.540829056026634e+22,7414459716.074966,1.0027755393653763e+20,0.0,0.0,9.976262363963394e+16,0.0,1.0069422425152021e+23,1.0014450152562372e+20,3.3564741417173403e+22
290620540540.5406,2641.8824399606074,290396190.02300143,0,1.1846379323708259e+22,3.3564741417173403e+22,1.0079436875304749e+23,9.984536134066009e+19,1.3305241091620408e+17,5.540829056026468e+22,5747840020.935155,1.0027755393820425e+20,0.0,0.0,9.976262363963394e+16,0.0,1.0069422425152021e+23,1.00144501527288e+20,3.3564741417173403e+22
293779459459.4595,2640.1637708297444,290305202.71375716,0,1.1846379323708259e+22,3.3564741417173403e+22,1.0079436875304878e+23,9.984536134065829e+19,1.3305241091800714e+17,5.540829056026339e+22,4455842525.469065,1.0027755393949624e+20,0.0,0.0,9.976262363963394e+16,0.0,1.0069422425152021e+23,1.001445015285782e+20,3.3564741417173403e+22
296938378378.3784,2638.4451016988814,290214252.96870315,0,1.1846379323708259e+22,3.3564741417173403e+22,1.0079436875304979e+23,9.98453613406569e+19,1.330524109194049e+17,5.540829056026239e+22,3454259780.9721923,1.0027755394049781e+20,0.0,0.0,9.976262363963394e+16,0.0,1.0069422425152021e+23,1.0014450152957837e+20,3.3564741417173403e+22
300097297297.2973,2636.7264325680185,290123341.1607232,0,1.1846379323708259e+22,3.3564741417173403e+22,1.0079436875305056e+23,9.984536134065581e+19,1.3305241092048848e+17,5.540829056026162e+22,2677812459.9872503,1.0027755394127425e+20,0.0,0.0,9.976262363963394e+16,0.0,1.0069422425152021e+23,1.0014450153035373e+20,3.3564741417173403e+22
303256216216.21625,2635.0077634371555,290032467.66200715,0,1.1846379323708259e+22,3.3564741417173403e+22,1.0079436875305116e+23,9.984536134065498e+19,1.330524109213285e+17,5.540829056026102e+22,2075894699.7451448,1.0027755394187616e+20,0.0,0.0,9.976262363963394e+16,0.0,1.0069422425152021e+23,1.0014450153095481e+20,3.3564741417173403e+22
306415135135.13513,2633.2890943062926,289941632.84404784,0,1.1846379323708259e+22,3.3564741417173403e+22,1.0079436875305163e+23,9.984536134065432e+19,1.330524109219797e+17,5.540829056026055e+22,1609275805.8383656,1.0027755394234278e+20,0.0,0.0,9.976262363963394e+16,0.0,1.0069422425152021e+23,1.0014450153142077e+20,3.3564741417173403e+22
309574054054.0541,2631.5704251754296,289850837.07763875,0,1.1846379323708259e+22,3.3564741417173403e+22,1.00794368753052e+23,9.984536134065381e+19,1.3305241092248451e+17,5.540829056026019e+22,1247543345.803942,1.0027755394270452e+20,0.0,0.0,9.976262363963394e+16,0.0,1.0069422425152021e+23,1.00144501531782e+20,3.3564741417173403e+22
312732972972.973,2629.8517560445666,289760080.73287123,0,1.1846379323708259e+22,3.3564741417173403e+22,1.0079436875305229e+23,9.984536134065342e+19,1.3305241092287586e+17,5.540829056025991e+22,967120983.2480493,1.0027755394298495e+20,0.0,0.0,9.976262363963394e+16,0.0,1.0069422425152021e+23,1.0014450153206204e+20,3.3564741417173403e+22
315891891891.8919,2628.1330869137037,289669364.17913204,0,1.1846379323708259e+22,3.3564741417173403e+22,1.007943687530525e+23,9.984536134065311e+19,1.3305241092317923e+17,5.540829056025969e+22,749731862.5317456,1.0027755394320235e+20,0.0,0.0,9.976262363963394e+16,0.0,1.0069422425152021e+23,1.0014450153227913e+20,3.3564741417173403e+22
319050810810.8108,2626.4144177828407,289578687.7851007,0,1.1846379323708259e+22,3.3564741417173403e+22,1.0079436875305267e+23,9.984536134065288e+19,1.3305241092341442e+17,5.540829056025952e+22,581207393.3165327,1.0027755394337087e+20,0.0,0.0,9.976262363963394e+16,0.0,1.0069422425152021e+23,1.0014450153244742e+20,3.3564741417173403e+22
322209729729.72974,2624.6957486519777,289488051.918747,0,1.1846379323708259e+22,3.3564741417173403e+22,1.007943687530528e+23,9.98453613406527e+19,1.3305241092359674e+17,5.540829056025939e+22,450563796.10849965,1.0027755394350152e+20,0.0,0.0,9.976262363963394e+16,0.0,1.0069422425152021e+23,1.0014450153257789e+20,3.3564741417173403e+22
325368648648.6487,2622.977079521115,289397456.9473287,0,1.1846379323708259e+22,3.3564741417173403e+22,1.007943687530529e+23,9.984536134065255e+19,1.3305241092373808e+17,5.540829056025929e+22,349286221.57623047,1.002775539436028e+20,0.0,0.0,9.976262363963394e+16,0.0,1.0069422425152021e+23,1.0014450153267903e+20,3.3564741417173403e+22
328527567567.5676,2621.258410390252,289306903.23738885,0,1.1846379323708259e+22,3.3564741417173403e+22,1.0079436875305299e+23,9.984536134065244e+19,1.3305241092384765e+17,5.540829056025921e+22,270773785.2812763,1.0027755394368132e+20,0.0,0.0,9.976262363963394e+16,0.0,1.0069422425152021e+23,1.0014450153275743e+20,3.3564741417173403e+22
331686486486.4865,2619.539741259389,289216391.15475404,0,1.1846379323708259e+22,3.3564741417173403e+22,1.0079436875305306e+23,9.984536134065236e+19,1.3305241092393259e+17,5.5408290560259155e+22,209909347.31030965,1.0027755394374219e+20,0.0,0.0,9.976262363963394e+16,0.0,1.0069422425152021e+23,1.0014450153281821e+20,3.3564741417173403e+22
334845405405.4054,2617.821072128526,289125921.0645314,0,1.1846379323708259e+22,3.3564741417173403e+22,1.007943687530531e+23,9.984536134065229e+19,1.3305241092399843e+17,5.54082905602591e+22,162725996.69303015,1.0027755394378937e+20,0.0,0.0,9.976262363963394e+16,0.0,1.0069422425152021e+23,1.0014450153286533e+20,3.3564741417173403e+22
338004324324.32434,2616.102402997663,289035493.3311066,0,1.1846379323708259e+22,3.3564741417173403e+22,1.0079436875305314e+23,9.984536134065224e+19,1.3305241092404947e+17,5.540829056025907e+22,126148503.33746676,1.0027755394382594e+20,0.0,0.0,9.976262363963394e+16,0.0,1.0069422425152021e+23,1.0014450153290185e+20,3.3564741417173403e+22
341163243243.2433,2614.3837338668,288945108.318142,0,1.1846379323708259e+22,3.3564741417173403e+22,1.0079436875305318e+23,9.98453613406522e+19,1.3305241092408904e+17,5.5408290560259045e+22,97792886.30999959,1.0027755394385428e+20,0.0,0.0,9.976262363963394e+16,0.0,1.0069422425152021e+23,1.0014450153293016e+20,3.3564741417173403e+22
344322162162.16223,2612.665064735937,288854766.3885738,0,1.1846379323708259e+22,3.3564741417173403e+22,1.007943687530532e+23,9.984536134065218e+19,1.3305241092411971e+17,5.540829056025902e+22,75811035.08819918,1.0027755394387627e+20,0.0,0.0,9.976262363963394e+16,0.0,1.0069422425152021e+23,1.0014450153295212e+20,3.3564741417173403e+22
347481081081.0811,2610.946395605074,288764467.9046108,0,1.1846379323708259e+22,3.3564741417173403e+22,1.0079436875305321e+23,9.984536134065216e+19,1.3305241092414349e+17,5.5408290560259e+22,58770256.7948083,1.0027755394389331e+20,0.0,0.0,9.976262363963394e+16,0.0,1.0069422425152021e+23,1.0014450153296914e+20,3.3564741417173403e+22
350640000000.0,2609.227726474211,288674213.2277314,0,1.1846379323708259e+22,3.3564741417173403e+22,1.0079436875305323e+23,9.984536134065214e+19,1.3305241092416192e+17,5.540829056025899e+22,45559898.762882814,1.0027755394390652e+20,0.0,0.0,9.976262363963394e+16,0.0,1.0069422425152021e+23,1.0014450153298233e+20,3.3564741417173403e+22
353798918918.91895,2607.509057343348,288584002.7186823,0,1.1846379323708259e+22,3.3564741417173403e+22,1.0079436875305324e+23,9.984536134065213e+19,1.3305241092417621e+17,5.540829056025898e+22,35318960.44850185,1.0027755394391676e+20,0.0,0.0,9.976262363963394e+16,0.0,1.0069422425152021e+23,1.0014450153299255e+20,3.3564741417173403e+22
356957837837.8379,2605.790388212485,288493836.73747593,0,1.1846379323708259e+22,3.3564741417173403e+22,1.0079436875305324e+23,9.984536134065211e+19,1.3305241092418728e+17,5.540829056025897e+22,27379976.712746903,1.002775539439247e+20,0.0,0.0,9.976262363963394e+16,0.0,1.0069422425152021e+23,1.0014450153300048e+20,3.3564741417173403e+22
360116756756.7568,2604.071719081622,288403715.6433892,0,1.1846379323708259e+22,3.3564741417173403e+22,1.0079436875305324e+23,9.98453613406521e+19,1.3305241092419587e+17,5.540829056025896e+22,21225515.00018347,1.0027755394393086e+20,0.0,0.0,9.976262363963394e+16,0.0,1.0069422425152021e+23,1.0014450153300663e+20,3.3564741417173403e+22
363275675675.6757,2602.353049950759,288313639.79496115,0,1.1846379323708259e+22,3.3564741417173403e+22,1.0079436875305324e+23,9.98453613406521e+19,1.3305241092420253e+17,5.540829056025895e+22,16454451.066544194,1.0027755394393563e+20,0.0,0.0,9.976262363963394e+16,0.0,1.0069422425152021e+23,1.001445015330114e+20,3.3564741417173403e+22
366434594594.5946,2600.6343808198963,288223609.54999083,0,1.1846379323708259e+22,3.3564741417173403e+22,1.0079436875305324e+23,9.98453613406521e+19,1.330524109242077e+17,5.540829056025895e+22,12755825.236700127,1.0027755394393932e+20,0.0,0.0,9.976262363963394e+16,0.0,1.0069422425152021e+23,1.0014450153301508e+20,3.3564741417173403e+22
369593513513.51355,2598.9157116890333,288133625.2655364,0,1.1846379323708259e+22,3.3564741417173403e+22,1.0079436875305324e+23,9.98453613406521e+19,1.330524109242117e+17,5.540829056025895e+22,9888575.243939076,1.0027755394394218e+20,0.0,0.0,9.976262363963394e+16,0.0,1.0069422425152021e+23,1.0014450153301795e+20,3.3564741417173403e+22
372752432432.43243,2597.1970425581703,288043687.29791266,0,1.1846379323708259e+22,3.3564741417173403e+22,1.0079436875305324e+23,9.98453613406521e+19,1.330524109242148e+17,5.540829056025895e+22,7665824.714633751,1.002775539439444e+20,0.0,0.0,9.976262363963394e+16,0.0,1.0069422425152021e+23,1.0014450153302016e+20,3.3564741417173403e+22
375911351351.3514,2595.4783734273074,287953796.0026893,0,1.1846379323708259e+22,3.3564741417173403e+22,1.0079436875305324e+23,9.98453613406521e+19,1.330524109242172e+17,5.540829056025895e+22,5942703.281901799,1.0027755394394612e+20,0.0,0.0,9.976262363963394e+16,0.0,1.0069422425152021e+23,1.0014450153302188e+20,3.3564741417173403e+22
379070270270.2703,2593.7597042964444,287863951.73468995,0,1.1846379323708259e+22,3.3564741417173403e+22,1.0079436875305324e+23,9.98453613406521e+19,1.3305241092421907e+17,5.540829056025895e+22,4606904.489912236,1.0027755394394744e+20,0.0,0.0,9.976262363963394e+16,0.0,1.0069422425152021e+23,1.001445015330232e+20,3.3564741417173403e+22
382229189189.1892,2592.0410351655814,287774154.8479898,0,1.1846379323708259e+22,3.3564741417173403e+22,1.0079436875305324e+23,9.98453613406521e+19,1.3305241092422051e+17,5.540829056025895e+22,3571366.0892020003,1.0027755394394848e+20,0.0,0.0,9.976262363963394e+16,0.0,1.0069422425152021e+23,1.0014450153302424e+20,3.3564741417173403e+22
385388108108.10815,2590.3223660347185,287684405.69591445,0,1.1846379323708259e+22,3.3564741417173403e+22,1.0079436875305324e+23,9.98453613406521e+19,1.3305241092422163e+17,5.540829056025895e+22,2768595.6526841247,1.0027755394394928e+20,0.0,0.0,9.976262363963394e+16,0.0,1.0069422425152021e+23,1.0014450153302504e+20,3.3564741417173403e+22
388547027027.02704,2588.6036969038555,287594704.6310383,0,1.1846379323708259e+22,3.3564741417173403e+22,1.0079436875305324e+23,9.98453613406521e+19,1.330524109242225e+17,5.540829056025895e+22,2146271.6777305114,1.002775539439499e+20,0.0,0.0,9.976262363963394e+16,0.0,1.0069422425152021e+23,1.0014450153302567e+20,3.3564741417173403e+22
391705945945.946,2586.8850277729925,287505052.00518316,0,1.1846379323708259e+22,3.3564741417173403e+22,1.0079436875305324e+23,9.98453613406521e+19,1.3305241092422317e+17,5.540829056025895e+22,1663833.471009827,1.0027755394395038e+20,0.0,0.0,9.976262363963394e+16,0.0,1.0069422425152021e+23,1.0014450153302614e+20,3.3564741417173403e+22
394864864864.8649,2585.1663586421296,287415448.16941655,0,1.1846379323708259e+22,3.3564741417173403e+22,1.0079436875305324e+23,9.98453613406521e+19,1.330524109242237e+17,5.540829056025895e+22,1289837.5578341885,1.0027755394395075e+20,0.0,0.0,9.976262363963394e+16,0.0,1.0069422425152021e+23,1.0014450153302652e+20,3.3564741417173403e+22
398023783783.7838,2583.4476895112666,287325893.47405064,0,1.1846379323708259e+22,3.3564741417173403e+22,1.0079436875305324e+23,9.98453613406521e+19,1.330524109242241e+17,5.540829056025895e+22,999908.3169002057,1.0027755394395105e+20,0.0,0.0,9.976262363963394e+16,0.0,1.0069422425152021e+23,1.0014450153302681e+20,3.3564741417173403e+22
401182702702.7027,2581.7290203804037,287236388.26864076,0,1.1846379323708259e+22,3.3564741417173403e+22,1.0079436875305324e+23,9.98453613406521e+19,1.3305241092422442e+17,5.540829056025895e+22,775149.27064539,1.0027755394395128e+20,0.0,0.0,9.976262363963394e+16,0.0,1.0069422425152021e+23,1.0014450153302704e+20,3.3564741417173403e+22
404341621621.62164,2580.0103512495407,287146932.9019842,0,1.1846379323708259e+22,3.3564741417173403e+22,1.0079436875305324e+23,9.98453613406521e+19,1.3305241092422466e+17,5.540829056025895e+22,600911.4852097462,1.0027755394395146e+20,0.0,0.0,9.976262363963394e+16,0.0,1.0069422425152021e+23,1.0014450153302722e+20,3.3564741417173403e+22
407500540540.5406,2578.2916821186777,287057527.7221189,0,1.1846379323708259e+22,3.3564741417173403e+22,1.0079436875305324e+23,9.98453613406521e+19,1.3305241092422485e+17,5.540829056025895e+22,465838.809028789,1.0027755394395159e+20,0.0,0.0,9.976262363963394e+16,0.0,1.0069422425152021e+23,1.0014450153302735e+20,3.3564741417173403e+22
410659459459.45953,2576.5730129878148,286968173.0763221,0,1.1846379323708259e+22,3.3564741417173403e+22,1.0079436875305324e+23,9.98453613406521e+19,1.33052410924225e+17,5.540829056025895e+22,361127.7223659911,1.0027755394395169e+20,0.0,0.0,9.976262363963394e+16,0.0,1.0069422425152021e+23,1.0014450153302745e+20,3.3564741417173403e+22
413818378378.37836,2574.854343856952,286878869.31110966,0,1.1846379323708259e+22,3.3564741417173403e+22,1.0079436875305324e+23,9.98453613406521e+19,1.330524109242251e+17,5.540829056025895e+22,279953.55761178915,1.0027755394395177e+20,0.0,0.0,9.976262363963394e+16,0.0,1.0069422425152021e+23,1.0014450153302753e+20,3.3564741417173403e+22
416977297297.2973,2573.135674726089,286789616.7722344,0,1.1846379323708259e+22,3.3564741417173403e+22,1.0079436875305324e+23,9.98453613406521e+19,1.3305241092422518e+17,5.540829056025895e+22,217025.69358568345,1.0027755394395184e+20,0.0,0.0,9.976262363963394e+16,0.0,1.0069422425152021e+23,1.001445015330276e+20,3.3564741417173403e+22
420136216216.21625,2571.417005595226,286700415.80468535,0,1.1846379323708259e+22,3.3564741417173403e+22,1.0079436875305324e+23,9.98453613406521e+19,1.3305241092422525e+17,5.540829056025895e+22,168242.73310954176,1.0027755394395188e+20,0.0,0.0,9.976262363963394e+16,0.0,1.0069422425152021e+23,1.0014450153302765e+20,3.3564741417173403e+22
423295135135.1352,2569.698336464363,286611266.7526869,0,1.1846379323708259e+22,3.3564741417173403e+22,1.0079436875305324e+23,9.98453613406521e+19,1.330524109242253e+17,5.540829056025895e+22,130425.1896469264,1.0027755394395192e+20,0.0,0.0,9.976262363963394e+16,0.0,1.0069422425152021e+23,1.0014450153302768e+20,3.3564741417173403e+22
426454054054.0541,2567.9796673335,286522169.9596974,0,1.1846379323708259e+22,3.3564741417173403e+22,1.0079436875305324e+23,9.98453613406521e+19,1.3305241092422534e+17,5.540829056025895e+22,101108.26054734345,1.0027755394395195e+20,0.0,0.0,9.976262363963394e+16,0.0,1.0069422425152021e+23,1.0014450153302771e+20,3.3564741417173403e+22
429612972972.97296,2566.260998202637,286433125.7684086,0,1.1846379323708259e+22,3.3564741417173403e+22,1.0079436875305324e+23,9.98453613406521e+19,1.3305241092422538e+17,5.540829056025895e+22,78381.18064910479,1.0027755394395197e+20,0.0,0.0,9.976262363963394e+16,0.0,1.0069422425152021e+23,1.0014450153302773e+20,3.3564741417173403e+22
432771891891.8919,2564.542329071774,286344134.52074456,0,1.1846379323708259e+22,3.3564741417173403e+22,1.0079436875305324e+23,9.98453613406521e+19,1.330524109242254e+17,5.540829056025895e+22,60762.68592387546,1.0027755394395198e+20,0.0,0.0,9.976262363963394e+16,0.0,1.0069422425152021e+23,1.0014450153302775e+20,3.3564741417173403e+22
435930810810.81085,2562.823659940911,286255196.5578609,0,1.1846379323708259e+22,3.3564741417173403e+22,1.0079436875305324e+23,9.98453613406521e+19,1.3305241092422542e+17,5.540829056025895e+22,47104.470360203755,1.00277553943952e+20,0.0,0.0,9.976262363963394e+16,0.0,1.0069422425152021e+23,1.0014450153302776e+20,3.3564741417173403e+22
439089729729.7298,2561.104990810048,286166312.2201442,0,1.1846379323708259e+22,3.3564741417173403e+22,1.0079436875305324e+23,9.98453613406521e+19,1.3305241092422544e+17,5.540829056025895e+22,36516.34377543982,1.0027755394395202e+20,0.0,0.0,9.976262363963394e+16,0.0,1.0069422425152021e+23,1.0014450153302778e+20,3.3564741417173403e+22
442248648648.6487,2559.386321679185,286077481.8472109,0,1.1846379323708259e+22,3.3564741417173403e+22,1.0079436875305324e+23,9.98453613406521e+19,1.3305241092422546e+17,5.540829056025895e+22,28308.21262885195,1.0027755394395203e+20,0.0,0.0,9.976262363963394e+16,0.0,1.0069422425152021e+23,1.001445015330278e+20,3.3564741417173403e+22
445407567567.56757,2557.667652548322,285988705.777907,0,1.1846379323708259e+22,3.3564741417173403e+22,1.0079436875305324e+23,9.98453613406521e+19,1.3305241092422547e+17,5.540829056025895e+22,21945.102367539566,1.0027755394395203e+20,0.0,0.0,9.976262363963394e+16,0.0,1.0069422425152021e+23,1.001445015330278e+20,3.3564741417173403e+22
448566486486.4865,2555.948983417459,285899984.35030705,0,1.1846379323708259e+22,3.3564741417173403e+22,1.0079436875305324e+23,9.98453613406521e+19,1.3305241092422547e+17,5.540829056025895e+22,17012.289833903287,1.0027755394395203e+20,0.0,0.0,9.976262363963394e+16,0.0,1.0069422425152021e+23,1.001445015330278e+20,3.3564741417173403e+22
451725405405.40546,2554.2303142865962,285811317.9017139,0,1.1846379323708259e+22,3.3564741417173403e+22,1.0079436875305324e+23,9.98453613406521e+19,1.3305241092422547e+17,5.540829056025895e+22,13188.27319852589,1.0027755394395203e+20,0.0,0.0,9.976262363963394e+16,0.0,1.0069422425152021e+23,1.001445015330278e+20,3.3564741417173403e+22
454884324324.32434,2552.5116451557333,285722706.76865786,0,1.1846379323708259e+22,3.3564741417173403e+22,1.0079436875305324e+23,9.98453613406521e+19,1.3305241092422547e+17,5.540829056025895e+22,10223.817702208158,1.0027755394395203e+20,0.0,0.0,9.976262363963394e+16,0.0,1.0069422425152021e+23,1.001445015330278e+20,3.3564741417173403e+22
458043243243.2433,2550.7929760248703,285634151.2868964,0,1.1846379323708259e+22,3.3564741417173403e+22,1.0079436875305324e+23,9.98453613406521e+19,1.3305241092422547e+17,5.540829056025895e+22,7925.711488875456,1.0027755394395203e+20,0.0,0.0,9.976262363963394e+16,0.0,1.0069422425152021e+23,1.001445015330278e+20,3.3564741417173403e+22
461202162162.1622,2549.0743068940073,285545651.7914136,0,1.1846379323708259e+22,3.3564741417173403e+22,1.0079436875305324e+23,9.98453613406521e+19,1.3305241092422547e+17,5.540829056025895e+22,6144.172796755276,1.0027755394395203e+20,0.0,0.0,9.976262363963394e+16,0.0,1.0069422425152021e+23,1.001445015330278e+20,3.3564741417173403e+22
464361081081.0811,2547.3556377631444,285457208.61641973,0,1.1846379323708259e+22,3.3564741417173403e+22,1.0079436875305324e+23,9.98453613406521e+19,1.3305241092422547e+17,5.540829056025895e+22,4763.087756774232,1.0027755394395203e+20,0.0,0.0,9.976262363963394e+16,0.0,1.0069422425152021e+23,1.001445015330278e+20,3.3564741417173403e+22
467520000000.0,2545.6369686322814,285368822.0953509,0,1.1846379323708259e+22,3.3564741417173403e+22,1.0079436875305324e+23,9.98453613406521e+19,1.3305241092422547e+17,5.540829056025895e+22,3692.4425352609774,1.0027755394395203e+20,0.0,0.0,9.976262363963394e+16,0.0,1.0069422425152021e+23,1.001445015330278e+20,3.3564741417173403e+22
470678918918.91895,2543.9182995014185,285280492.5608689,0,1.1846379323708259e+22,3.3564741417173403e+22,1.0079436875305324e+23,9.98453613406521e+19,1.3305241092422547e+17,5.540829056025895e+22,2862.456576999567,1.0027755394395203e+20,0.0,0.0,9.976262363963394e+16,0.0,1.0069422425152021e+23,1.001445015330278e+20,3.3564741417173403e+22
473837837837.8379,2542.1996303705555,285192220.34486055,0,1.1846379323708259e+22,3.3564741417173403e+22,1.0079436875305324e+23,9.98453613406521e+19,1.3305241092422547e+17,5.540829056025895e+22,2219.0345758837816,1.0027755394395203e+20,0.0,0.0,9.976262363963394e+16,0.0,1.0069422425152021e+23,1.001445015330278e+20,3.3564741417173403e+22
476996756756.75684,2540.4809612396925,285104005.7784379,0,1.1846379323708259e+22,3.3564741417173403e+22,1.0079436875305324e+23,9.98453613406521e+19,1.3305241092422547e+17,5.540829056025895e+22,1720.2407500375714,1.0027755394395203e+20,0.0,0.0,9.976262363963394e+16,0.0,1.0069422425152021e+23,1.001445015330278e+20,3.3564741417173403e+22
480155675675.6757,2538.7622921088296,285015849.1919376,0,1.1846379323708259e+22,3.3564741417173403e+22,1.0079436875305324e+23,9.98453613406521e+19,1.3305241092422547e+17,5.540829056025895e+22,1333.5656281566708,1.0027755394395203e+20,0.0,0.0,9.976262363963394e+16,0.0,1.0069422425152021e+23,1.001445015330278e+20,3.3564741417173403e+22
483314594594.5946,2537.0436229779666,284927750.9149213,0,1.1846379323708259e+22,3.3564741417173403e+22,1.0079436875305324e+23,9.98453613406521e+19,1.3305241092422547e+17,5.540829056025895e+22,1033.8072066727023,1.0027755394395203e+20,0.0,0.0,9.976262363963394e+16,0.0,1.0069422425152021e+23,1.001445015330278e+20,3.3564741417173403e+22
486473513513.51355,2535.3249538471036,284839711.2761751,0,1.1846379323708259e+22,3.3564741417173403e+22,1.0079436875305324e+23,9.98453613406521e+19,1.3305241092422547e+17,5.540829056025895e+22,801.4283796784051,1.0027755394395203e+20,0.0,0.0,9.976262363963394e+16,0.0,1.0069422425152021e+23,1.001445015330278e+20,3.3564741417173403e+22
489632432432.4325,2533.6062847162407,284751730.60370964,0,1.1846379323708259e+22,3.3564741417173403e+22,1.0079436875305324e+23,9.98453613406521e+19,1.3305241092422547e+17,5.540829056025895e+22,621.2835851871737,1.0027755394395203e+20,0.0,0.0,9.976262363963394e+16,0.0,1.0069422425152021e+23,1.001445015330278e+20,3.3564741417173403e+22
492791351351.35144,2531.8876155853777,284663809.22476023,0,1.1846379323708259e+22,3.3564741417173403e+22,1.0079436875305324e+23,9.98453613406521e+19,1.3305241092422547e+17,5.540829056025895e+22,481.6316754067511,1.0027755394395203e+20,0.0,0.0,9.976262363963394e+16,0.0,1.0069422425152021e+23,1.001445015330278e+20,3.3564741417173403e+22
495950270270.27026,2530.1689464545148,284575947.46578693,0,1.1846379323708259e+22,3.3564741417173403e+22,1.0079436875305324e+23,9.98453613406521e+19,1.3305241092422547e+17,5.540829056025895e+22,373.3706736919967,1.0027755394395203e+20,0.0,0.0,9.976262363963394e+16,0.0,1.0069422425152021e+23,1.001445015330278e+20,3.3564741417173403e+22
499109189189.1892,2528.450277323652,284488145.6524742,0,1.1846379323708259e+22,3.3564741417173403e+22,1.0079436875305324e+23,9.98453613406521e+19,1.3305241092422547e+17,5.540829056025895e+22,289.4445425656101,1.0027755394395203e+20,0.0,0.0,9.976262363963394e+16,0.0,1.0069422425152021e+23,1.001445015330278e+20,3.3564741417173403e+22
502268108108.10815,2526.731608192789,284400404.1097317,0,1.1846379323708259e+22,3.3564741417173403e+22,1.0079436875305324e+23,9.98453613406521e+19,1.3305241092422547e+17,5.540829056025895e+22,224.38329821834395,1.0027755394395203e+20,0.0,0.0,9.976262363963394e+16,0.0,1.0069422425152021e+23,1.001445015330278e+20,3.3564741417173403e+22
505427027027.0271,2525.012939061926,284312723.16169375,0,1.1846379323708259e+22,3.3564741417173403e+22,1.0079436875305324e+23,9.98453613406521e+19,1.3305241092422547e+17,5.540829056025895e+22,173.9464979130834,1.0027755394395203e+20,0.0,0.0,9.976262363963394e+16,0.0,1.0069422425152021e+23,1.001445015330278e+20,3.3564741417173403e+22
508585945945.946,2523.294269931063,284225103.13172036,0,1.1846379323708259e+22,3.3564741417173403e+22,1.0079436875305324e+23,9.98453613406521e+19,1.3305241092422547e+17,5.540829056025895e+22,134.8468641671508,1.0027755394395203e+20,0.0,0.0,9.976262363963394e+16,0.0,1.0069422425152021e+23,1.001445015330278e+20,3.3564741417173403e+22
511744864864.86487,2521.5756008002,284137544.3423968,0,1.1846379323708259e+22,3.3564741417173403e+22,1.0079436875305324e+23,9.98453613406521e+19,1.3305241092422547e+17,5.540829056025895e+22,104.53603259549348,1.0027755394395203e+20,0.0,0.0,9.976262363963394e+16,0.0,1.0069422425152021e+23,1.001445015330278e+20,3.3564741417173403e+22
514903783783.7838,2519.856931669337,284050047.1155344,0,1.1846379323708259e+22,3.3564741417173403e+22,1.0079436875305324e+23,9.98453613406521e+19,1.3305241092422547e+17,5.540829056025895e+22,81.03845927970879,1.0027755394395203e+20,0.0,0.0,9.976262363963394e+16,0.0,1.0069422425152021e+23,1.001445015330278e+20,3.3564741417173403e+22
518062702702.70276,2518.138262538474,283962611.7721706,0,1.1846379323708259e+22,3.3564741417173403e+22,1.0079436875305324e+23,9.98453613406521e+19,1.3305241092422547e+17,5.540829056025895e+22,62.82266238131685,1.0027755394395203e+20,0.0,0.0,9.976262363963394e+16,0.0,1.0069422425152021e+23,1.001445015330278e+20,3.3564741417173403e+22
521221621621.62164,2516.419593407611,283875238.63256955,0,1.1846379323708259e+22,3.3564741417173403e+22,1.0079436875305324e+23,9.98453613406521e+19,1.3305241092422547e+17,5.540829056025895e+22,48.70140602074766,1.0027755394395203e+20,0.0,0.0,9.976262363963394e+16,0.0,1.0069422425152021e+23,1.001445015330278e+20,3.3564741417173403e+22
524380540540.5406,2514.7009242767476,283787928.01622254,0,1.1846379323708259e+22,3.3564741417173403e+22,1.0079436875305324e+23,9.98453613406521e+19,1.3305241092422547e+17,5.540829056025895e+22,37.75432078954817,1.0027755394395203e+20,0.0,0.0,9.976262363963394e+16,0.0,1.0069422425152021e+23,1.001445015330278e+20,3.3564741417173403e+22
527539459459.4595,2512.9822551458847,283700680.24184847,0,1.1846379323708259e+22,3.3564741417173403e+22,1.0079436875305324e+23,9.98453613406521e+19,1.3305241092422547e+17,5.540829056025895e+22,29.267917597140173,1.0027755394395203e+20,0.0,0.0,9.976262363963394e+16,0.0,1.0069422425152021e+23,1.001445015330278e+20,3.3564741417173403e+22
530698378378.3785,2511.2635860150212,283613495.62739444,0,1.1846379323708259e+22,3.3564741417173403e+22,1.0079436875305324e+23,9.98453613406521e+19,1.3305241092422547e+17,5.540829056025895e+22,22.689085184393782,1.0027755394395203e+20,0.0,0.0,9.976262363963394e+16,0.0,1.0069422425152021e+23,1.001445015330278e+20,3.3564741417173403e+22
533857297297.29736,2509.5449168841583,283526374.4900362,0,1.1846379323708259e+22,3.3564741417173403e+22,1.0079436875305324e+23,9.98453613406521e+19,1.3305241092422547e+17,5.540829056025895e+22,17.58904045004483,1.0027755394395203e+20,0.0,0.0,9.976262363963394e+16,0.0,1.0069422425152021e+23,1.001445015330278e+20,3.3564741417173403e+22
537016216216.2162,2507.8262477532953,283439317.1461791,0,1.1846379323708259e+22,3.3564741417173403e+22,1.0079436875305324e+23,9.98453613406521e+19,1.3305241092422547e+17,5.540829056025895e+22,13.635382010294096,1.0027755394395203e+20,0.0,0.0,9.976262363963394e+16,0.0,1.0069422425152021e+23,1.001445015330278e+20,3.3564741417173403e+22
540175135135.1352,2506.107578622432,283352323.9114585,0,1.1846379323708259e+22,3.3564741417173403e+22,1.0079436875305324e+23,9.98453613406521e+19,1.3305241092422547e+17,5.540829056025895e+22,10.570425549631276,1.0027755394395203e+20,0.0,0.0,9.976262363963394e+16,0.0,1.0069422425152021e+23,1.001445015330278e+20,3.3564741417173403e+22
543334054054.0541,2504.388909491569,283265395.10074055,0,1.1846379323708259e+22,3.3564741417173403e+22,1.0079436875305324e+23,9.98453613406521e+19,1.3305241092422547e+17,5.540829056025895e+22,8.194408944021049,1.0027755394395203e+20,0.0,0.0,9.976262363963394e+16,0.0,1.0069422425152021e+23,1.001445015330278e+20,3.3564741417173403e+22
546492972972.9731,2502.6702403607055,283178531.0281232,0,1.1846379323708259e+22,3.3564741417173403e+22,1.0079436875305324e+23,9.98453613406521e+19,1.3305241092422547e+17,5.540829056025895e+22,6.3524725307009495,1.0027755394395203e+20,0.0,0.0,9.976262363963394e+16,0.0,1.0069422425152021e+23,1.001445015330278e+20,3.3564741417173403e+22
549651891891.8919,2500.9515712298426,283091732.00693667,0,1.1846379323708259e+22,3.3564741417173403e+22,1.0079436875305324e+23,9.98453613406521e+19,1.3305241092422547e+17,5.540829056025895e+22,4.92456594843901,1.0027755394395203e+20,0.0,0.0,9.976262363963394e+16,0.0,1.0069422425152021e+23,1.001445015330278e+20,3.3564741417173403e+22
552810810810.8108,2499.2329020989796,283004998.3497446,0,1.1846379323708259e+22,3.3564741417173403e+22,1.0079436875305324e+23,9.98453613406521e+19,1.3305241092422547e+17,5.540829056025895e+22,3.8176237147536387,1.0027755394395203e+20,0.0,0.0,9.976262363963394e+16,0.0,1.0069422425152021e+23,1.001445015330278e+20,3.3564741417173403e+22
555969729729.7297,2497.514232968116,282918330.36834496,0,1.1846379323708259e+22,3.3564741417173403e+22,1.0079436875305324e+23,9.98453613406521e+19,1.3305241092422547e+17,5.540829056025895e+22,2.9594995741846284,1.0027755394395203e+20,0.0,0.0,9.976262363963394e+16,0.0,1.0069422425152021e+23,1.001445015330278e+20,3.3564741417173403e+22
559128648648.6487,2495.795563837253,282831728.3737706,0,1.1846379323708259e+22,3.3564741417173403e+22,1.0079436875305324e+23,9.98453613406521e+19,1.3305241092422547e+17,5.540829056025895e+22,2.2942642816656473,1.0027755394395203e+20,0.0,0.0,9.976262363963394e+16,0.0,1.0069422425152021e+23,1.001445015330278e+20,3.3564741417173403e+22
562287567567.5676,2494.07689470639,282745192.67629087,0,1.1846379323708259e+22,3.3564741417173403e+22,1.0079436875305324e+23,9.98453613406521e+19,1.3305241092422547e+17,5.540829056025895e+22,1.7785603485268204,1.0027755394395203e+20,0.0,0.0,9.976262363963394e+16,0.0,1.0069422425152021e+23,1.001445015330278e+20,3.3564741417173403e+22
565446486486.4866,2492.358225575527,282658723.5854123,0,1.1846379323708259e+22,3.3564741417173403e+22,1.0079436875305324e+23,9.98453613406521e+19,1.3305241092422547e+17,5.540829056025895e+22,1.3787761674323282,1.0027755394395203e+20,0.0,0.0,9.976262363963394e+16,0.0,1.0069422425152021e+23,1.001445015330278e+20,3.3564741417173403e+22
568605405405.4054,2490.639556444664,282572321.40987986,0,1.1846379323708259e+22,3.3564741417173403e+22,1.0079436875305324e+23,9.98453613406521e+19,1.3305241092422547e+17,5.540829056025895e+22,1.068855336538901,1.0027755394395203e+20,0.0,0.0,9.976262363963394e+16,0.0,1.0069422425152021e+23,1.001445015330278e+20,3.3564741417173403e+22
571764324324.3243,2488.9208873138004,282485986.4576779,0,1.1846379323708259e+22,3.3564741417173403e+22,1.0079436875305324e+23,9.98453613406521e+19,1.3305241092422547e+17,5.540829056025895e+22,0.828598403013635,1.0027755394395203e+20,0.0,0.0,9.976262363963394e+16,0.0,1.0069422425152021e+23,1.001445015330278e+20,3.3564741417173403e+22
574923243243.2433,2487.2022181829375,282399719.0360315,0,1.1846379323708259e+22,3.3564741417173403e+22,1.0079436875305324e+23,9.98453613406521e+19,1.3305241092422547e+17,5.540829056025895e+22,0.6423463400575521,1.0027755394395203e+20,0.0,0.0,9.976262363963394e+16,0.0,1.0069422425152021e+23,1.001445015330278e+20,3.3564741417173403e+22
578082162162.1622,2485.483549052074,282313519.4514079,0,1.1846379323708259e+22,3.3564741417173403e+22,1.0079436875305324e+23,9.98453613406521e+19,1.3305241092422547e+17,5.540829056025895e+22,0.4979599515092749,1.0027755394395203e+20,0.0,0.0,9.976262363963394e+16,0.0,1.0069422425152021e+23,1.001445015330278e+20,3.3564741417173403e+22
581241081081.0812,2483.764879921211,282227388.0095173,0,1.1846379323708259e+22,3.3564741417173403e+22,1.0079436875305324e+23,9.98453613406521e+19,1.3305241092422547e+17,5.540829056025895e+22,0.386028685529527,1.0027755394395203e+20,0.0,0.0,9.976262363963394e+16,0.0,1.0069422425152021e+23,1.001445015330278e+20,3.3564741417173403e+22
584400000000.0,2482.046210790348,282141325.0153146,0,1.1846379323708259e+22,3.3564741417173403e+22,1.0079436875305324e+23,9.98453613406521e+19,1.3305241092422547e+17,5.540829056025895e+22,0.2992572908724747,1.0027755394395203e+20,0.0,0.0,9.976262363963394e+16,0.0,1.0069422425152021e+23,1.001445015330278e+20,3.3564741417173403e+22
587558918918.919,2480.3275416594847,282055330.7730005,0,1.1846379323708259e+22,3.3564741417173403e+22,1.0079436875305324e+23,9.98453613406521e+19,1.3305241092422547e+17,5.540829056025895e+22,0.23199034034863958,1.0027755394395203e+20,0.0,0.0,9.976262363963394e+16,0.0,1.0069422425152021e+23,1.001445015330278e+20,3.3564741417173403e+22
590717837837.8379,2478.6088725286218,281969405.5860233,0,1.1846379323708259e+22,3.3564741417173403e+22,1.0079436875305324e+23,9.98453613406521e+19,1.3305241092422547e+17,5.540829056025895e+22,0.17984363173965992,1.0027755394395203e+20,0.0,0.0,9.976262363963394e+16,0.0,1.0069422425152021e+23,1.001445015330278e+20,3.3564741417173403e+22
593876756756.7568,2476.8902033977583,281883549.7570799,0,1.1846379323708259e+22,3.3564741417173403e+22,1.0079436875305324e+23,9.98453613406521e+19,1.3305241092422547e+17,5.540829056025895e+22,0.13941844228817296,1.0027755394395203e+20,0.0,0.0,9.976262363963394e+16,0.0,1.0069422425152021e+23,1.001445015330278e+20,3.3564741417173403e+22
597035675675.6757,2475.1715342668954,281797763.58811766,0,1.1846379323708259e+22,3.3564741417173403e+22,1.0079436875305324e+23,9.98453613406521e+19,1.3305241092422547e+17,5.540829056025895e+22,0.10808001296480808,1.0027755394395203e+20,0.0,0.0,9.976262363963394e+16,0.0,1.0069422425152021e+23,1.001445015330278e+20,3.3564741417173403e+22
600194594594.5946,2473.4528651360324,281712047.38033587,0,1.1846379323708259e+22,3.3564741417173403e+22,1.0079436875305324e+23,9.98453613406521e+19,1.3305241092422547e+17,5.540829056025895e+22,0.08378582496516691,1.0027755394395203e+20,0.0,0.0,9.976262363963394e+16,0.0,1.0069422425152021e+23,1.001445015330278e+20,3.3564741417173403e+22
603353513513.5135,2471.734196005169,281626401.43418705,0,1.1846379323708259e+22,3.3564741417173403e+22,1.0079436875305324e+23,9.98453613406521e+19,1.3305241092422547e+17,5.540829056025895e+22,0.06495247615652479,1.0027755394395203e+20,0.0,0.0,9.976262363963394e+16,0.0,1.0069422425152021e+23,1.001445015330278e+20,3.3564741417173403e+22
606512432432.4325,2470.015526874306,281540826.0493793,0,1.1846379323708259e+22,3.3564741417173403e+22,1.0079436875305324e+23,9.98453613406521e+19,1.3305241092422547e+17,5.540829056025895e+22,0.05035248099088185,1.0027755394395203e+20,0.0,0.0,9.976262363963394e+16,0.0,1.0069422425152021e+23,1.001445015330278e+20,3.3564741417173403e+22
609671351351.3514,2468.2968577434426,281455321.52487713,0,1.1846379323708259e+22,3.3564741417173403e+22,1.0079436875305324e+23,9.98453613406521e+19,1.3305241092422547e+17,5.540829056025895e+22,0.03903426769792868,1.0027755394395203e+20,0.0,0.0,9.976262363963394e+16,0.0,1.0069422425152021e+23,1.001445015330278e+20,3.3564741417173403e+22
612830270270.2703,2466.5781886125797,281369888.15890396,0,1.1846379323708259e+22,3.3564741417173403e+22,1.0079436875305324e+23,9.98453613406521e+19,1.3305241092422547e+17,5.540829056025895e+22,0.030260158481356155,1.0027755394395203e+20,0.0,0.0,9.976262363963394e+16,0.0,1.0069422425152021e+23,1.001445015330278e+20,3.3564741417173403e+22
615989189189.1892,2464.8595194817167,281284526.2489434,0,1.1846379323708259e+22,3.3564741417173403e+22,1.0079436875305324e+23,9.98453613406521e+19,1.3305241092422547e+17,5.540829056025895e+22,0.023458290505226527,1.0027755394395203e+20,0.0,0.0,9.976262363963394e+16,0.0,1.0069422425152021e+23,1.001445015330278e+20,3.3564741417173403e+22
619148108108.1082,2463.1408503508533,281199236.0917415,0,1.1846379323708259e+22,3.3564741417173403e+22,1.0079436875305324e+23,9.98453613406521e+19,1.3305241092422547e+17,5.540829056025895e+22,0.018185344064428673,1.0027755394395203e+20,0.0,0.0,9.976262363963394e+16,0.0,1.0069422425152021e+23,1.001445015330278e+20,3.3564741417173403e+22
622307027027.0271,2461.4221812199903,281114017.9833081,0,1.1846379323708259e+22,3.3564741417173403e+22,1.0079436875305324e+23,9.98453613406521e+19,1.3305241092422547e+17,5.540829056025895e+22,0.014097648704110363,1.0027755394395203e+20,0.0,0.0,9.976262363963394e+16,0.0,1.0069422425152021e+23,1.001445015330278e+20,3.3564741417173403e+22
625465945945.946,2459.703512089127,281028872.2189192,0,1.1846379323708259e+22,3.3564741417173403e+22,1.0079436875305324e+23,9.98453613406521e+19,1.3305241092422547e+17,5.540829056025895e+22,0.010928784095608943,1.0027755394395203e+20,0.0,0.0,9.976262363963394e+16,0.0,1.0069422425152021e+23,1.001445015330278e+20,3.3564741417173403e+22
628624864864.8649,2457.984842958264,280943799.0931189,0,1.1846379323708259e+22,3.3564741417173403e+22,1.0079436875305324e+23,9.98453613406521e+19,1.3305241092422547e+17,5.540829056025895e+22,0.008472215779757025,1.0027755394395203e+20,0.0,0.0,9.976262363963394e+16,0.0,1.0069422425152021e+23,1.001445015330278e+20,3.3564741417173403e+22
631783783783.7838,2456.266173827401,280858798.899721,0,1.1846379323708259e+22,3.3564741417173403e+22,1.0079436875305324e+23,9.98453613406521e+19,1.3305241092422547e+17,5.540829056025895e+22,0.006567834041812909,1.0027755394395203e+20,0.0,0.0,9.976262363963394e+16,0.0,1.0069422425152021e+23,1.001445015330278e+20,3.3564741417173403e+22
634942702702.7028,2454.5475046965375,280773871.93181187,0,1.1846379323708259e+22,3.3564741417173403e+22,1.0079436875305324e+23,9.98453613406521e+19,1.3305241092422547e+17,5.540829056025895e+22,0.005091518573436713,1.0027755394395203e+20,0.0,0.0,9.976262363963394e+16,0.0,1.0069422425152021e+23,1.001445015330278e+20,3.3564741417173403e+22
638101621621.6216,2452.8288355656746,280689018.4817515,0,1.1846379323708259e+22,3.3564741417173403e+22,1.0079436875305324e+23,9.98453613406521e+19,1.3305241092422547e+17,5.540829056025895e+22,0.003947048786344696,1.0027755394395203e+20,0.0,0.0,9.976262363963394e+16,0.0,1.0069422425152021e+23,1.001445015330278e+20,3.3564741417173403e+22
641260540540.5406,2451.110166434811,280604238.8411765,0,1.1846379323708259e+22,3.3564741417173403e+22,1.0079436875305324e+23,9.98453613406521e+19,1.3305241092422547e+17,5.540829056025895e+22,0.0030598325228674106,1.0027755394395203e+20,0.0,0.0,9.976262363963394e+16,0.0,1.0069422425152021e+23,1.001445015330278e+20,3.3564741417173403e+22
644419459459.4595,2449.391497303948,280519533.30100214,0,1.1846379323708259e+22,3.3564741417173403e+22,1.0079436875305324e+23,9.98453613406521e+19,1.3305241092422547e+17,5.540829056025895e+22,0.002372044424783431,1.0027755394395203e+20,0.0,0.0,9.976262363963394e+16,0.0,1.0069422425152021e+23,1.001445015330278e+20,3.3564741417173403e+22
647578378378.3784,2447.6728281730852,280434902.1514243,0,1.1846379323708259e+22,3.3564741417173403e+22,1.0079436875305324e+23,9.98453613406521e+19,1.3305241092422547e+17,5.540829056025895e+22,0.0018388570979281566,1.0027755394395203e+20,0.0,0.0,9.976262363963394e+16,0.0,1.0069422425152021e+23,1.001445015330278e+20,3.3564741417173403e+22
650737297297.2974,2445.954159042222,280350345.6819218,0,1.1846379323708259e+22,3.3564741417173403e+22,1.0079436875305324e+23,9.98453613406521e+19,1.3305241092422547e+17,5.540829056025895e+22,0.0014255194343206648,1.0027755394395203e+20,0.0,0.0,9.976262363963394e+16,0.0,1.0069422425152021e+23,1.001445015330278e+20,3.3564741417173403e+22
653896216216.2162,2444.235489911359,280265864.1812591,0,1.1846379323708259e+22,3.3564741417173403e+22,1.0079436875305324e+23,9.98453613406521e+19,1.3305241092422547e+17,5.540829056025895e+22,0.0011050916680341745,1.0027755394395203e+20,0.0,0.0,9.976262363963394e+16,0.0,1.0069422425152021e+23,1.001445015330278e+20,3.3564741417173403e+22
657055135135.1353,2442.5168207804954,280181457.93748856,0,1.1846379323708259e+22,3.3564741417173403e+22,1.0079436875305324e+23,9.98453613406521e+19,1.3305241092422547e+17,5.540829056025895e+22,0.000856689544425982,1.0027755394395203e+20,0.0,0.0,9.976262363963394e+16,0.0,1.0069422425152021e+23,1.001445015330278e+20,3.3564741417173403e+22
660214054054.0541,2440.7981516496325,280097127.23795265,0,1.1846379323708259e+22,3.3564741417173403e+22,1.0079436875305324e+23,9.98453613406521e+19,1.3305241092422547e+17,5.540829056025895e+22,0.000664123164401689,1.0027755394395203e+20,0.0,0.0,9.976262363963394e+16,0.0,1.0069422425152021e+23,1.001445015330278e+20,3.3564741417173403e+22
663372972972.973,2439.0794825187695,280012872.36928636,0,1.1846379323708259e+22,3.3564741417173403e+22,1.0079436875305324e+23,9.98453613406521e+19,1.3305241092422547e+17,5.540829056025895e+22,0.0005148417887957781,1.0027755394395203e+20,0.0,0.0,9.976262363963394e+16,0.0,1.0069422425152021e+23,1.001445015330278e+20,3.3564741417173403e+22
666531891891.892,2437.360813387906,279928693.61742026,0,1.1846379323708259e+22,3.3564741417173403e+22,1.0079436875305324e+23,9.98453613406521e+19,1.3305241092422547e+17,5.540829056025895e+22,0.0003991158292592187,1.0027755394395203e+20,0.0,0.0,9.976262363963394e+16,0.0,1.0069422425152021e+23,1.001445015330278e+20,3.3564741417173403e+22
669690810810.8108,2435.642144257043,279844591.26758254,0,1.1846379323708259e+22,3.3564741417173403e+22,1.0079436875305324e+23,9.98453613406521e+19,1.3305241092422547e+17,5.540829056025895e+22,0.0003094027109529383,1.0027755394395203e+20,0.0,0.0,9.976262363963394e+16,0.0,1.0069422425152021e+23,1.001445015330278e+20,3.3564741417173403e+22
672849729729.7299,2433.9234751261797,279760565.604302,0,1.1846379323708259e+22,3.3564741417173403e+22,1.0079436875305324e+23,9.98453613406521e+19,1.3305241092422547e+17,5.540829056025895e+22,0.00023985527640611948,1.0027755394395203e+20,0.0,0.0,9.976262363963394e+16,0.0,1.0069422425152021e+23,1.001445015330278e+20,3.3564741417173403e+22
676008648648.6487,2432.2048059953167,279676616.9114103,0,1.1846379323708259e+22,3.3564741417173403e+22,1.0079436875305324e+23,9.98453613406521e+19,1.3305241092422547e+17,5.540829056025895e+22,0.00018594069018550602,1.0027755394395203e+20,0.0,0.0,9.976262363963394e+16,0.0,1.0069422425152021e+23,1.001445015330278e+20,3.3564741417173403e+22
679167567567.5676,2430.4861368644533,279592745.4720451,0,1.1846379323708259e+22,3.3564741417173403e+22,1.0079436875305324e+23,9.98453613406521e+19,1.3305241092422547e+17,5.540829056025895e+22,0.00014414500604156916,1.0027755394395203e+20,0.0,0.0,9.976262363963394e+16,0.0,1.0069422425152021e+23,1.001445015330278e+20,3.3564741417173403e+22
682326486486.4866,2428.7674677335904,279508951.5686526,0,1.1846379323708259e+22,3.3564741417173403e+22,1.0079436875305324e+23,9.98453613406521e+19,1.3305241092422547e+17,5.540829056025895e+22,0.00011174414134956045,1.0027755394395203e+20,0.0,0.0,9.976262363963394e+16,0.0,1.0069422425152021e+23,1.001445015330278e+20,3.3564741417173403e+22
685485405405.4054,2427.0487986027274,279425235.4829903,0,1.1846379323708259e+22,3.3564741417173403e+22,1.0079436875305324e+23,9.98453613406521e+19,1.3305241092422547e+17,5.540829056025895e+22,8.662633183663374e-05,1.0027755394395203e+20,0.0,0.0,9.976262363963394e+16,0.0,1.0069422425152021e+23,1.001445015330278e+20,3.3564741417173403e+22
688644324324.3245,2425.330129471864,279341597.49613017,0,1.1846379323708259e+22,3.3564741417173403e+22,1.0079436875305324e+23,9.98453613406521e+19,1.3305241092422547e+17,5.540829056025895e+22,6.715449487410735e-05,1.0027755394395203e+20,0.0,0.0,9.976262363963394e+16,0.0,1.0069422425152021e+23,1.001445015330278e+20,3.3564741417173403e+22
691803243243.2433,2423.611460341001,279258037.88846093,0,1.1846379323708259e+22,3.3564741417173403e+22,1.0079436875305324e+23,9.98453613406521e+19,1.3305241092422547e+17,5.540829056025895e+22,5.205953070137243e-05,1.0027755394395203e+20,0.0,0.0,9.976262363963394e+16,0.0,1.0069422425152021e+23,1.001445015330278e+20,3.3564741417173403e+22
694962162162.1622,2421.8927912101376,279174556.9396917,0,1.1846379323708259e+22,3.3564741417173403e+22,1.0079436875305324e+23,9.98453613406521e+19,1.3305241092422547e+17,5.540829056025895e+22,4.0357607363853527e-05,1.0027755394395203e+20,0.0,0.0,9.976262363963394e+16,0.0,1.0069422425152021e+23,1.001445015330278e+20,3.3564741417173403e+22
698121081081.0812,2420.1741220792746,279091154.9288546,0,1.1846379323708259e+22,3.3564741417173403e+22,1.0079436875305324e+23,9.98453613406521e+19,1.3305241092422547e+17,5.540829056025895e+22,3.1286038314057e-05,1.0027755394395203e+20,0.0,0.0,9.976262363963394e+16,0.0,1.0069422425152021e+23,1.001445015330278e+20,3.3564741417173403e+22
701280000000.0,2418.4554529484117,279007832.1343077,0,1.1846379323708259e+22,3.3564741417173403e+22,1.0079436875305324e+23,9.98453613406521e+19,1.3305241092422547e+17,5.540829056025895e+22,2.4253573423317547e-05,1.0027755394395203e+20,0.0,0.0,9.976262363963394e+16,0.0,1.0069422425152021e+23,1.001445015330278e+20,3.3564741417173403e+22
704438918918.919,2416.7367838175483,278924588.8337384,0,1.1846379323708259e+22,3.3564741417173403e+22,1.0079436875305324e+23,9.98453613406521e+19,1.3305241092422547e+17,5.540829056025895e+22,1.8801863562762353e-05,1.0027755394395203e+20,0.0,0.0,9.976262363963394e+16,0.0,1.0069422425152021e+23,1.001445015330278e+20,3.3564741417173403e+22
707597837837.8379,2415.0181146866853,278841425.3041665,0,1.1846379323708259e+22,3.3564741417173403e+22,1.0079436875305324e+23,9.98453613406521e+19,1.3305241092422547e+17,5.540829056025895e+22,1.4575587162461749e-05,1.0027755394395203e+20,0.0,0.0,9.976262363963394e+16,0.0,1.0069422425152021e+23,1.001445015330278e+20,3.3564741417173403e+22
710756756756.7568,2413.299445555822,278758341.82194716,0,1.1846379323708259e+22,3.3564741417173403e+22,1.0079436875305324e+23,9.98453613406521e+19,1.3305241092422547e+17,5.540829056025895e+22,1.1299291712300198e-05,1.0027755394395203e+20,0.0,0.0,9.976262363963394e+16,0.0,1.0069422425152021e+23,1.001445015330278e+20,3.3564741417173403e+22
713915675675.6758,2411.580776424959,278675338.6627744,0,1.1846379323708259e+22,3.3564741417173403e+22,1.0079436875305324e+23,9.98453613406521e+19,1.3305241092422547e+17,5.540829056025895e+22,8.75944082228605e-06,1.0027755394395203e+20,0.0,0.0,9.976262363963394e+16,0.0,1.0069422425152021e+23,1.001445015330278e+20,3.3564741417173403e+22
717074594594.5946,2409.862107294096,278592416.1016842,0,1.1846379323708259e+22,3.3564741417173403e+22,1.0079436875305324e+23,9.98453613406521e+19,1.3305241092422547e+17,5.540829056025895e+22,6.790496738446611e-06,1.0027755394395203e+20,0.0,0.0,9.976262363963394e+16,0.0,1.0069422425152021e+23,1.001445015330278e+20,3.3564741417173403e+22
720233513513.5135,2408.1434381632325,278509574.4130578,0,1.1846379323708259e+22,3.3564741417173403e+22,1.0079436875305324e+23,9.98453613406521e+19,1.3305241092422547e+17,5.540829056025895e+22,5.264131225995313e-06,1.0027755394395203e+20,0.0,0.0,9.976262363963394e+16,0.0,1.0069422425152021e+23,1.001445015330278e+20,3.3564741417173403e+22
723392432432.4325,2406.4247690323696,278426813.8706254,0,1.1846379323708259e+22,3.3564741417173403e+22,1.0079436875305324e+23,9.98453613406521e+19,1.3305241092422547e+17,5.540829056025895e+22,4.080861626455635e-06,1.0027755394395203e+20,0.0,0.0,9.976262363963394e+16,0.0,1.0069422425152021e+23,1.001445015330278e+20,3.3564741417173403e+22
726551351351.3514,2404.706099901506,278344134.747469,0,1.1846379323708259e+22,3.3564741417173403e+22,1.0079436875305324e+23,9.98453613406521e+19,1.3305241092422547e+17,5.540829056025895e+22,3.163566958977051e-06,1.0027755394395203e+20,0.0,0.0,9.976262363963394e+16,0.0,1.0069422425152021e+23,1.001445015330278e+20,3.3564741417173403e+22
729710270270.2704,2402.987430770643,278261537.3160265,0,1.1846379323708259e+22,3.3564741417173403e+22,1.0079436875305324e+23,9.98453613406521e+19,1.3305241092422547e+17,5.540829056025895e+22,2.4524614701586256e-06,1.0027755394395203e+20,0.0,0.0,9.976262363963394e+16,0.0,1.0069422425152021e+23,1.001445015330278e+20,3.3564741417173403e+22
732869189189.1892,2401.26876163978,278179021.8480947,0,1.1846379323708259e+22,3.3564741417173403e+22,1.0079436875305324e+23,9.98453613406521e+19,1.3305241092422547e+17,5.540829056025895e+22,1.9011980276078735e-06,1.0027755394395203e+20,0.0,0.0,9.976262363963394e+16,0.0,1.0069422425152021e+23,1.001445015330278e+20,3.3564741417173403e+22
736028108108.1082,2399.550092508917,278096588.61483324,0,1.1846379323708259e+22,3.3564741417173403e+22,1.0079436875305324e+23,9.98453613406521e+19,1.3305241092422547e+17,5.540829056025895e+22,1.4738473913501599e-06,1.0027755394395203e+20,0.0,0.0,9.976262363963394e+16,0.0,1.0069422425152021e+23,1.001445015330278e+20,3.3564741417173403e+22
739187027027.0271,2397.831423378054,278014237.8867678,0,1.1846379323708259e+22,3.3564741417173403e+22,1.0079436875305324e+23,9.98453613406521e+19,1.3305241092422547e+17,5.540829056025895e+22,1.1425564835677906e-06,1.0027755394395203e+20,0.0,0.0,9.976262363963394e+16,0.0,1.0069422425152021e+23,1.001445015330278e+20,3.3564741417173403e+22
742345945945.946,2396.1127542471904,277931969.93379426,0,1.1846379323708259e+22,3.3564741417173403e+22,1.0079436875305324e+23,9.98453613406521e+19,1.3305241092422547e+17,5.540829056025895e+22,8.85733031658667e-07,1.0027755394395203e+20,0.0,0.0,9.976262363963394e+16,0.0,1.0069422425152021e+23,1.001445015330278e+20,3.3564741417173403e+22
745504864864.8649,2394.3940851163275,277849785.0251821,0,1.1846379323708259e+22,3.3564741417173403e+22,1.0079436875305324e+23,9.98453613406521e+19,1.3305241092422547e+17,5.540829056025895e+22,6.866382666014652e-07,1.0027755394395203e+20,0.0,0.0,9.976262363963394e+16,0.0,1.0069422425152021e+23,1.001445015330278e+20,3.3564741417173403e+22
748663783783.7838,2392.6754159854645,277767683.4295782,0,1.1846379323708259e+22,3.3564741417173403e+22,1.0079436875305324e+23,9.98453613406521e+19,1.3305241092422547e+17,5.540829056025895e+22,5.322959540964201e-07,1.0027755394395203e+20,0.0,0.0,9.976262363963394e+16,0.0,1.0069422425152021e+23,1.001445015330278e+20,3.3564741417173403e+22
751822702702.7028,2390.956746854601,277685665.41501045,0,1.1846379323708259e+22,3.3564741417173403e+22,1.0079436875305324e+23,9.98453613406521e+19,1.3305241092422547e+17,5.540829056025895e+22,4.126466533096272e-07,1.0027755394395203e+20,0.0,0.0,9.976262363963394e+16,0.0,1.0069422425152021e+23,1.001445015330278e+20,3.3564741417173403e+22
754981621621.6217,2389.238077723738,277603731.2488921,0,1.1846379323708259e+22,3.3564741417173403e+22,1.0079436875305324e+23,9.98453613406521e+19,1.3305241092422547e+17,5.540829056025895e+22,3.1989208104480843e-07,1.0027755394395203e+20,0.0,0.0,9.976262363963394e+16,0.0,1.0069422425152021e+23,1.001445015330278e+20,3.3564741417173403e+22
758140540540.5406,2387.5194085928747,277521881.19802517,0,1.1846379323708259e+22,3.3564741417173403e+22,1.0079436875305324e+23,9.98453613406521e+19,1.3305241092422547e+17,5.540829056025895e+22,2.4798684951019054e-07,1.0027755394395203e+20,0.0,0.0,9.976262363963394e+16,0.0,1.0069422425152021e+23,1.001445015330278e+20,3.3564741417173403e+22
761299459459.4595,2385.8007394620117,277440115.52860457,0,1.1846379323708259e+22,3.3564741417173403e+22,1.0079436875305324e+23,9.98453613406521e+19,1.3305241092422547e+17,5.540829056025895e+22,1.922444510946669e-07,1.0027755394395203e+20,0.0,0.0,9.976262363963394e+16,0.0,1.0069422425152021e+23,1.001445015330278e+20,3.3564741417173403e+22
764458378378.3784,2384.0820703311488,277358434.50622237,0,1.1846379323708259e+22,3.3564741417173403e+22,1.0079436875305324e+23,9.98453613406521e+19,1.3305241092422547e+17,5.540829056025895e+22,1.490318097499402e-07,1.0027755394395203e+20,0.0,0.0,9.976262363963394e+16,0.0,1.0069422425152021e+23,1.001445015330278e+20,3.3564741417173403e+22
767617297297.2974,2382.3634012002854,277276838.3958714,0,1.1846379323708259e+22,3.3564741417173403e+22,1.0079436875305324e+23,9.98453613406521e+19,1.3305241092422547e+17,5.540829056025895e+22,1.155324910075312e-07,1.0027755394395203e+20,0.0,0.0,9.976262363963394e+16,0.0,1.0069422425152021e+23,1.001445015330278e+20,3.3564741417173403e+22
770776216216.2163,2380.6447320694224,277195327.46194947,0,1.1846379323708259e+22,3.3564741417173403e+22,1.0079436875305324e+23,9.98453613406521e+19,1.3305241092422547e+17,5.540829056025895e+22,8.956313756641227e-08,1.0027755394395203e+20,0.0,0.0,9.976262363963394e+16,0.0,1.0069422425152021e+23,1.001445015330278e+20,3.3564741417173403e+22
773935135135.1353,2378.926062938559,277113901.96826386,0,1.1846379323708259e+22,3.3564741417173403e+22,1.0079436875305324e+23,9.98453613406521e+19,1.3305241092422547e+17,5.540829056025895e+22,6.943116642587745e-08,1.0027755394395203e+20,0.0,0.0,9.976262363963394e+16,0.0,1.0069422425152021e+23,1.001445015330278e+20,3.3564741417173403e+22
777094054054.0541,2377.207393807696,277032562.178035,0,1.1846379323708259e+22,3.3564741417173403e+22,1.0079436875305324e+23,9.98453613406521e+19,1.3305241092422547e+17,5.540829056025895e+22,5.382445280775574e-08,1.0027755394395203e+20,0.0,0.0,9.976262363963394e+16,0.0,1.0069422425152021e+23,1.001445015330278e+20,3.3564741417173403e+22
780252972972.973,2375.488724676833,276951308.35390115,0,1.1846379323708259e+22,3.3564741417173403e+22,1.0079436875305324e+23,9.98453613406521e+19,1.3305241092422547e+17,5.540829056025895e+22,4.1725810888502765e-08,1.0027755394395203e+20,0.0,0.0,9.976262363963394e+16,0.0,1.0069422425152021e+23,1.001445015330278e+20,3.3564741417173403e+22
783411891891.892,2373.7700555459696,276870140.75792235,0,1.1846379323708259e+22,3.3564741417173403e+22,1.0079436875305324e+23,9.98453613406521e+19,1.3305241092422547e+17,5.540829056025895e+22,3.234669752280739e-08,1.0027755394395203e+20,0.0,0.0,9.976262363963394e+16,0.0,1.0069422425152021e+23,1.001445015330278e+20,3.3564741417173403e+22
786570810810.8108,2372.0513864151067,276789059.65158504,0,1.1846379323708259e+22,3.3564741417173403e+22,1.0079436875305324e+23,9.98453613406521e+19,1.3305241092422547e+17,5.540829056025895e+22,2.5075818021317262e-08,1.0027755394395203e+20,0.0,0.0,9.976262363963394e+16,0.0,1.0069422425152021e+23,1.001445015330278e+20,3.3564741417173403e+22
789729729729.7299,2370.3327172842432,276708065.29580635,0,1.1846379323708259e+22,3.3564741417173403e+22,1.0079436875305324e+23,9.98453613406521e+19,1.3305241092422547e+17,5.540829056025895e+22,1.9439284303903365e-08,1.0027755394395203e+20,0.0,0.0,9.976262363963394e+16,0.0,1.0069422425152021e+23,1.001445015330278e+20,3.3564741417173403e+22
792888648648.6487,2368.6140481533803,276627157.9509385,0,1.1846379323708259e+22,3.3564741417173403e+22,1.0079436875305324e+23,9.98453613406521e+19,1.3305241092422547e+17,5.540829056025895e+22,1.506972868947838e-08,1.0027755394395203e+20,0.0,0.0,9.976262363963394e+16,0.0,1.0069422425152021e+23,1.001445015330278e+20,3.3564741417173403e+22
796047567567.5676,2366.8953790225173,276546337.87677336,0,1.1846379323708259e+22,3.3564741417173403e+22,1.0079436875305324e+23,9.98453613406521e+19,1.3305241092422547e+17,5.540829056025895e+22,1.1682360277476228e-08,1.0027755394395203e+20,0.0,0.0,9.976262363963394e+16,0.0,1.0069422425152021e+23,1.001445015330278e+20,3.3564741417173403e+22
799206486486.4866,2365.176709891654,276465605.3325469,0,1.1846379323708259e+22,3.3564741417173403e+22,1.0079436875305324e+23,9.98453613406521e+19,1.3305241092422547e+17,5.540829056025895e+22,9.056403367636105e-09,1.0027755394395203e+20,0.0,0.0,9.976262363963394e+16,0.0,1.0069422425152021e+23,1.001445015330278e+20,3.3564741417173403e+22
802365405405.4054,2363.458040760791,276384960.576944,0,1.1846379323708259e+22,3.3564741417173403e+22,1.0079436875305324e+23,9.98453613406521e+19,1.3305241092422547e+17,5.540829056025895e+22,7.0207081453790995e-09,1.0027755394395203e+20,0.0,0.0,9.976262363963394e+16,0.0,1.0069422425152021e+23,1.001445015330278e+20,3.3564741417173403e+22
805524324324.3245,2361.7393716299275,276304403.8681029,0,1.1846379323708259e+22,3.3564741417173403e+22,1.0079436875305324e+23,9.98453613406521e+19,1.3305241092422547e+17,5.540829056025895e+22,5.442595792357929e-09,1.0027755394395203e+20,0.0,0.0,9.976262363963394e+16,0.0,1.0069422425152021e+23,1.001445015330278e+20,3.3564741417173403e+22
808683243243.2433,2360.0207024990646,276223935.46361995,0,1.1846379323708259e+22,3.3564741417173403e+22,1.0079436875305324e+23,9.98453613406521e+19,1.3305241092422547e+17,5.540829056025895e+22,4.219210989206093e-09,1.0027755394395203e+20,0.0,0.0,9.976262363963394e+16,0.0,1.0069422425152021e+23,1.001445015330278e+20,3.3564741417173403e+22
811842162162.1622,2358.3020333682016,276143555.6205543,0,1.1846379323708259e+22,3.3564741417173403e+22,1.0079436875305324e+23,9.98453613406521e+19,1.3305241092422547e+17,5.540829056025895e+22,3.2708181997335324e-09,1.0027755394395203e+20,0.0,0.0,9.976262363963394e+16,0.0,1.0069422425152021e+23,1.001445015330278e+20,3.3564741417173403e+22
815001081081.0812,2356.583364237338,276063264.595433,0,1.1846379323708259e+22,3.3564741417173403e+22,1.0079436875305324e+23,9.98453613406521e+19,1.3305241092422547e+17,5.540829056025895e+22,2.53560481404632e-09,1.0027755394395203e+20,0.0,0.0,9.976262363963394e+16,0.0,1.0069422425152021e+23,1.001445015330278e+20,3.3564741417173403e+22
818160000000.0,2354.864695106475,275983062.6442554,0,1.1846379323708259e+22,3.3564741417173403e+22,1.0079436875305324e+23,9.98453613406521e+19,1.3305241092422547e+17,5.540829056025895e+22,1.9656524393617034e-09,1.0027755394395203e+20,0.0,0.0,9.976262363963394e+16,0.0,1.0069422425152021e+23,1.001445015330278e+20,3.3564741417173403e+22
821318918918.9191,2353.146025975612,275902950.0224984,0,1.1846379323708259e+22,3.3564741417173403e+22,1.0079436875305324e+23,9.98453613406521e+19,1.3305241092422547e+17,5.540829056025895e+22,1.523813762682828e-09,1.0027755394395203e+20,0.0,0.0,9.976262363963394e+16,0.0,1.0069422425152021e+23,1.001445015330278e+20,3.3564741417173403e+22
824477837837.8379,2351.427356844749,275822926.9851213,0,1.1846379323708259e+22,3.3564741417173403e+22,1.0079436875305324e+23,9.98453613406521e+19,1.3305241092422547e+17,5.540829056025895e+22,1.1812914312031747e-09,1.0027755394395203e+20,0.0,0.0,9.976262363963394e+16,0.0,1.0069422425152021e+23,1.001445015330278e+20,3.3564741417173403e+22
827636756756.7567,2349.708687713886,275742993.7865708,0,1.1846379323708259e+22,3.3564741417173403e+22,1.0079436875305324e+23,9.98453613406521e+19,1.3305241092422547e+17,5.540829056025895e+22,9.157611511377972e-10,1.0027755394395203e+20,0.0,0.0,9.976262363963394e+16,0.0,1.0069422425152021e+23,1.001445015330278e+20,3.3564741417173403e+22
830795675675.6758,2347.9900185830224,275663150.68078595,0,1.1846379323708259e+22,3.3564741417173403e+22,1.0079436875305324e+23,9.98453613406521e+19,1.3305241092422547e+17,5.540829056025895e+22,7.099166757512748e-10,1.0027755394395203e+20,0.0,0.0,9.976262363963394e+16,0.0,1.0069422425152021e+23,1.001445015330278e+20,3.3564741417173403e+22
833954594594.5946,2346.2713494521595,275583397.9212036,0,1.1846379323708259e+22,3.3564741417173403e+22,1.0079436875305324e+23,9.98453613406521e+19,1.3305241092422547e+17,5.540829056025895e+22,5.503418504743985e-10,1.0027755394395203e+20,0.0,0.0,9.976262363963394e+16,0.0,1.0069422425152021e+23,1.001445015330278e+20,3.3564741417173403e+22
837113513513.5137,2344.552680321296,275503735.76076335,0,1.1846379323708259e+22,3.3564741417173403e+22,1.0079436875305324e+23,9.98453613406521e+19,1.3305241092422547e+17,5.540829056025895e+22,4.266361993301033e-10,1.0027755394395203e+20,0.0,0.0,9.976262363963394e+16,0.0,1.0069422425152021e+23,1.001445015330278e+20,3.3564741417173403e+22
840272432432.4325,2342.834011190433,275424164.4519125,0,1.1846379323708259e+22,3.3564741417173403e+22,1.0079436875305324e+23,9.98453613406521e+19,1.3305241092422547e+17,5.540829056025895e+22,3.3073706174068804e-10,1.0027755394395203e+20,0.0,0.0,9.976262363963394e+16,0.0,1.0069422425152021e+23,1.001445015330278e+20,3.3564741417173403e+22
843431351351.3513,2341.11534205957,275344684.246612,0,1.1846379323708259e+22,3.3564741417173403e+22,1.0079436875305324e+23,9.98453613406521e+19,1.3305241092422547e+17,5.540829056025895e+22,2.563940991894763e-10,1.0027755394395203e+20,0.0,0.0,9.976262363963394e+16,0.0,1.0069422425152021e+23,1.001445015330278e+20,3.3564741417173403e+22
846590270270.2704,2339.3966729287067,275265295.39634097,0,1.1846379323708259e+22,3.3564741417173403e+22,1.0079436875305324e+23,9.98453613406521e+19,1.3305241092422547e+17,5.540829056025895e+22,1.9876192209364295e-10,1.0027755394395203e+20,0.0,0.0,9.976262363963394e+16,0.0,1.0069422425152021e+23,1.001445015330278e+20,3.3564741417173403e+22
849749189189.1892,2337.6780037978438,275185998.15210295,0,1.1846379323708259e+22,3.3564741417173403e+22,1.0079436875305324e+23,9.98453613406521e+19,1.3305241092422547e+17,5.540829056025895e+22,1.540842858679211e-10,1.0027755394395203e+20,0.0,0.0,9.976262363963394e+16,0.0,1.0069422425152021e+23,1.001445015330278e+20,3.3564741417173403e+22
852908108108.1082,2335.9593346669803,275106792.7644305,0,1.1846379323708259e+22,3.3564741417173403e+22,1.0079436875305324e+23,9.98453613406521e+19,1.3305241092422547e+17,5.540829056025895e+22,1.1944927328807805e-10,1.0027755394395203e+20,0.0,0.0,9.976262363963394e+16,0.0,1.0069422425152021e+23,1.001445015330278e+20,3.3564741417173403e+22
856067027027.0271,2334.2406655361174,275027679.4833913,0,1.1846379323708259e+22,3.3564741417173403e+22,1.0079436875305324e+23,9.98453613406521e+19,1.3305241092422547e+17,5.540829056025895e+22,9.259950687820559e-11,1.0027755394395203e+20,0.0,0.0,9.976262363963394e+16,0.0,1.0069422425152021e+23,1.001445015330278e+20,3.3564741417173403e+22
859225945945.9459,2332.5219964052544,274948658.55859333,0,1.1846379323708259e+22,3.3564741417173403e+22,1.0079436875305324e+23,9.98453613406521e+19,1.3305241092422547e+17,5.540829056025895e+22,7.178502169207135e-11,1.0027755394395203e+20,0.0,0.0,9.976262363963394e+16,0.0,1.0069422425152021e+23,1.001445015330278e+20,3.3564741417173403e+22
862384864864.865,2330.803327274391,274869730.2391908,0,1.1846379323708259e+22,3.3564741417173403e+22,1.0079436875305324e+23,9.98453613406521e+19,1.3305241092422547e+17,5.540829056025895e+22,5.564920929988232e-11,1.0027755394395203e+20,0.0,0.0,9.976262363963394e+16,0.0,1.0069422425152021e+23,1.001445015330278e+20,3.3564741417173403e+22
865543783783.7838,2329.084658143528,274790894.7738895,0,1.1846379323708259e+22,3.3564741417173403e+22,1.0079436875305324e+23,9.98453613406521e+19,1.3305241092422547e+17,5.540829056025895e+22,4.3140399246325704e-11,1.0027755394395203e+20,0.0,0.0,9.976262363963394e+16,0.0,1.0069422425152021e+23,1.001445015330278e+20,3.3564741417173403e+22
868702702702.7028,2327.3659890126646,274712152.4109526,0,1.1846379323708259e+22,3.3564741417173403e+22,1.0079436875305324e+23,9.98453613406521e+19,1.3305241092422547e+17,5.540829056025895e+22,3.344331519794505e-11,1.0027755394395203e+20,0.0,0.0,9.976262363963394e+16,0.0,1.0069422425152021e+23,1.001445015330278e+20,3.3564741417173403e+22
871861621621.6217,2325.6473198818016,274633503.3982066,0,1.1846379323708259e+22,3.3564741417173403e+22,1.0079436875305324e+23,9.98453613406521e+19,1.3305241092422547e+17,5.540829056025895e+22,2.592593835404436e-11,1.0027755394395203e+20,0.0,0.0,9.976262363963394e+16,0.0,1.0069422425152021e+23,1.001445015330278e+20,3.3564741417173403e+22
875020540540.5405,2323.9286507509387,274554947.9830469,0,1.1846379323708259e+22,3.3564741417173403e+22,1.0079436875305324e+23,9.98453613406521e+19,1.3305241092422547e+17,5.540829056025895e+22,2.0098314881743827e-11,1.0027755394395203e+20,0.0,0.0,9.976262363963394e+16,0.0,1.0069422425152021e+23,1.001445015330278e+20,3.3564741417173403e+22
878179459459.4596,2322.2099816200753,274476486.41244364,0,1.1846379323708259e+22,3.3564741417173403e+22,1.0079436875305324e+23,9.98453613406521e+19,1.3305241092422547e+17,5.540829056025895e+22,1.558062260156195e-11,1.0027755394395203e+20,0.0,0.0,9.976262363963394e+16,0.0,1.0069422425152021e+23,1.001445015330278e+20,3.3564741417173403e+22
881338378378.3784,2320.4913124892123,274398118.9329482,0,1.1846379323708259e+22,3.3564741417173403e+22,1.0079436875305324e+23,9.98453613406521e+19,1.3305241092422547e+17,5.540829056025895e+22,1.2078415632387604e-11,1.0027755394395203e+20,0.0,0.0,9.976262363963394e+16,0.0,1.0069422425152021e+23,1.001445015330278e+20,3.3564741417173403e+22
884497297297.2974,2318.772643358349,274319845.7906983,0,1.1846379323708259e+22,3.3564741417173403e+22,1.0079436875305324e+23,9.98453613406521e+19,1.3305241092422547e+17,5.540829056025895e+22,9.363433536608483e-12,1.0027755394395203e+20,0.0,0.0,9.976262363963394e+16,0.0,1.0069422425152021e+23,1.001445015330278e+20,3.3564741417173403e+22
887656216216.2163,2317.053974227486,274241667.23142487,0,1.1846379323708259e+22,3.3564741417173403e+22,1.0079436875305324e+23,9.98453613406521e+19,1.3305241092422547e+17,5.540829056025895e+22,7.2587241789719294e-12,1.0027755394395203e+20,0.0,0.0,9.976262363963394e+16,0.0,1.0069422425152021e+23,1.001445015330278e+20,3.3564741417173403e+22
890815135135.1351,2315.335305096623,274163583.5004577,0,1.1846379323708259e+22,3.3564741417173403e+22,1.0079436875305324e+23,9.98453613406521e+19,1.3305241092422547e+17,5.540829056025895e+22,5.627110664094718e-12,1.0027755394395203e+20,0.0,0.0,9.976262363963394e+16,0.0,1.0069422425152021e+23,1.001445015330278e+20,3.3564741417173403e+22
893974054054.0541,2313.6166359657595,274085594.84273165,0,1.1846379323708259e+22,3.3564741417173403e+22,1.0079436875305324e+23,9.98453613406521e+19,1.3305241092422547e+17,5.540829056025895e+22,4.362250671777585e-12,1.0027755394395203e+20,0.0,0.0,9.976262363963394e+16,0.0,1.0069422425152021e+23,1.001445015330278e+20,3.3564741417173403e+22
897132972972.973,2311.8979668348966,274007701.502793,0,1.1846379323708259e+22,3.3564741417173403e+22,1.0079436875305324e+23,9.98453613406521e+19,1.3305241092422547e+17,5.540829056025895e+22,3.3817054718410073e-12,1.0027755394395203e+20,0.0,0.0,9.976262363963394e+16,0.0,1.0069422425152021e+23,1.001445015330278e+20,3.3564741417173403e+22
900291891891.892,2310.179297704033,273929903.7248057,0,1.1846379323708259e+22,3.3564741417173403e+22,1.0079436875305324e+23,9.98453613406521e+19,1.3305241092422547e+17,5.540829056025895e+22,2.6215668834132705e-12,1.0027755394395203e+20,0.0,0.0,9.976262363963394e+16,0.0,1.0069422425152021e+23,1.001445015330278e+20,3.3564741417173403e+22
903450810810.8109,2308.46062857317,273852201.75255764,0,1.1846379323708259e+22,3.3564741417173403e+22,1.0079436875305324e+23,9.98453613406521e+19,1.3305241092422547e+17,5.540829056025895e+22,2.0322919844547264e-12,1.0027755394395203e+20,0.0,0.0,9.976262363963394e+16,0.0,1.0069422425152021e+23,1.001445015330278e+20,3.3564741417173403e+22
906609729729.7297,2306.7419594423072,273774595.8294671,0,1.1846379323708259e+22,3.3564741417173403e+22,1.0079436875305324e+23,9.98453613406521e+19,1.3305241092422547e+17,5.540829056025895e+22,1.575474093837122e-12,1.0027755394395203e+20,0.0,0.0,9.976262363963394e+16,0.0,1.0069422425152021e+23,1.001445015330278e+20,3.3564741417173403e+22
909768648648.6487,2305.023290311444,273697086.19858927,0,1.1846379323708259e+22,3.3564741417173403e+22,1.0079436875305324e+23,9.98453613406521e+19,1.3305241092422547e+17,5.540829056025895e+22,1.2213395709563186e-12,1.0027755394395203e+20,0.0,0.0,9.976262363963394e+16,0.0,1.0069422425152021e+23,1.001445015330278e+20,3.3564741417173403e+22
912927567567.5676,2303.304621180581,273619673.1026225,0,1.1846379323708259e+22,3.3564741417173403e+22,1.0079436875305324e+23,9.98453613406521e+19,1.3305241092422547e+17,5.540829056025895e+22,9.468072838638363e-13,1.0027755394395203e+20,0.0,0.0,9.976262363963394e+16,0.0,1.0069422425152021e+23,1.001445015330278e+20,3.3564741417173403e+22
916086486486.4866,2301.5859520497174,273542356.7839152,0,1.1846379323708259e+22,3.3564741417173403e+22,1.0079436875305324e+23,9.98453613406521e+19,1.3305241092422547e+17,5.540829056025895e+22,7.339842694818218e-13,1.0027755394395203e+20,0.0,0.0,9.976262363963394e+16,0.0,1.0069422425152021e+23,1.001445015330278e+20,3.3564741417173403e+22
919245405405.4055,2299.8672829188545,273465137.4844726,0,1.1846379323708259e+22,3.3564741417173403e+22,1.0079436875305324e+23,9.98453613406521e+19,1.3305241092422547e+17,5.540829056025895e+22,5.689995387955218e-13,1.0027755394395203e+20,0.0,0.0,9.976262363963394e+16,0.0,1.0069422425152021e+23,1.001445015330278e+20,3.3564741417173403e+22
922404324324.3243,2298.1486137879915,273388015.4459628,0,1.1846379323708259e+22,3.3564741417173403e+22,1.0079436875305324e+23,9.98453613406521e+19,1.3305241092422547e+17,5.540829056025895e+22,4.411000189119652e-13,1.0027755394395203e+20,0.0,0.0,9.976262363963394e+16,0.0,1.0069422425152021e+23,1.001445015330278e+20,3.3564741417173403e+22
925563243243.2433,2296.429944657128,273310990.90972406,0,1.1846379323708259e+22,3.3564741417173403e+22,1.0079436875305324e+23,9.98453613406521e+19,1.3305241092422547e+17,5.540829056025895e+22,3.419497089505679e-13,1.0027755394395203e+20,0.0,0.0,9.976262363963394e+16,0.0,1.0069422425152021e+23,1.001445015330278e+20,3.3564741417173403e+22
928722162162.1622,2294.711275526265,273234064.11677164,0,1.1846379323708259e+22,3.3564741417173403e+22,1.0079436875305324e+23,9.98453613406521e+19,1.3305241092422547e+17,5.540829056025895e+22,2.650863714306821e-13,1.0027755394395203e+20,0.0,0.0,9.976262363963394e+16,0.0,1.0069422425152021e+23,1.001445015330278e+20,3.3564741417173403e+22
931881081081.0812,2292.9926063954017,273157235.3078044,0,1.1846379323708259e+22,3.3564741417173403e+22,1.0079436875305324e+23,9.98453613406521e+19,1.3305241092422547e+17,5.540829056025895e+22,2.0550034838147458e-13,1.0027755394395203e+20,0.0,0.0,9.976262363963394e+16,0.0,1.0069422425152021e+23,1.001445015330278e+20,3.3564741417173403e+22
935040000000.0,2291.2739372645387,273080504.723212,0,1.1846379323708259e+22,3.3564741417173403e+22,1.0079436875305324e+23,9.98453613406521e+19,1.3305241092422547e+17,5.540829056025895e+22,1.593080510212134e-13,1.0027755394395203e+20,0.0,0.0,9.976262363963394e+16,0.0,1.0069422425152021e+23,1.001445015330278e+20,3.3564741417173403e+22
938198918918.919,2289.555268133676,273003872.60308164,0,1.1846379323708259e+22,3.3564741417173403e+22,1.0079436875305324e+23,9.98453613406521e+19,1.3305241092422547e+17,5.540829056025895e+22,1.2349884231371647e-13,1.0027755394395203e+20,0.0,0.0,9.976262363963394e+16,0.0,1.0069422425152021e+23,1.001445015330278e+20,3.3564741417173403e+22
941357837837.8379,2287.8365990028124,272927339.1872055,0,1.1846379323708259e+22,3.3564741417173403e+22,1.0079436875305324e+23,9.98453613406521e+19,1.3305241092422547e+17,5.540829056025895e+22,9.573881517637335e-14,1.0027755394395203e+20,0.0,0.0,9.976262363963394e+16,0.0,1.0069422425152021e+23,1.001445015330278e+20,3.3564741417173403e+22
944516756756.7568,2286.1179298719494,272850904.7150874,0,1.1846379323708259e+22,3.3564741417173403e+22,1.0079436875305324e+23,9.98453613406521e+19,1.3305241092422547e+17,5.540829056025895e+22,7.421867735482212e-14,1.0027755394395203e+20,0.0,0.0,9.976262363963394e+16,0.0,1.0069422425152021e+23,1.001445015330278e+20,3.3564741417173403e+22
947675675675.6758,2284.399260741086,272774569.4259506,0,1.1846379323708259e+22,3.3564741417173403e+22,1.0079436875305324e+23,9.98453613406521e+19,1.3305241092422547e+17,5.540829056025895e+22,5.753582868297878e-14,1.0027755394395203e+20,0.0,0.0,9.976262363963394e+16,0.0,1.0069422425152021e+23,1.001445015330278e+20,3.3564741417173403e+22
950834594594.5946,2282.680591610223,272698333.5587443,0,1.1846379323708259e+22,3.3564741417173403e+22,1.0079436875305324e+23,9.98453613406521e+19,1.3305241092422547e+17,5.540829056025895e+22,4.460294497584445e-14,1.0027755394395203e+20,0.0,0.0,9.976262363963394e+16,0.0,1.0069422425152021e+23,1.001445015330278e+20,3.3564741417173403e+22
953993513513.5137,2280.9619224793596,272622197.3521519,0,1.1846379323708259e+22,3.3564741417173403e+22,1.0079436875305324e+23,9.98453613406521e+19,1.3305241092422547e+17,5.540829056025895e+22,3.457711040332599e-14,1.0027755394395203e+20,0.0,0.0,9.976262363963394e+16,0.0,1.0069422425152021e+23,1.001445015330278e+20,3.3564741417173403e+22
957152432432.4325,2279.2432533484966,272546161.0445974,0,1.1846379323708259e+22,3.3564741417173403e+22,1.0079436875305324e+23,9.98453613406521e+19,1.3305241092422547e+17,5.540829056025895e+22,2.6804879464602194e-14,1.0027755394395203e+20,0.0,0.0,9.976262363963394e+16,0.0,1.0069422425152021e+23,1.001445015330278e+20,3.3564741417173403e+22
960311351351.3514,2277.5245842176337,272470224.8742537,0,1.1846379323708259e+22,3.3564741417173403e+22,1.0079436875305324e+23,9.98453613406521e+19,1.3305241092422547e+17,5.540829056025895e+22,2.0779687912924596e-14,1.0027755394395203e+20,0.0,0.0,9.976262363963394e+16,0.0,1.0069422425152021e+23,1.001445015330278e+20,3.3564741417173403e+22
963470270270.2704,2275.8059150867703,272394389.0790496,0,1.1846379323708259e+22,3.3564741417173403e+22,1.0079436875305324e+23,9.98453613406521e+19,1.3305241092422547e+17,5.540829056025895e+22,1.610883683803772e-14,1.0027755394395203e+20,0.0,0.0,9.976262363963394e+16,0.0,1.0069422425152021e+23,1.001445015330278e+20,3.3564741417173403e+22
966629189189.1892,2274.0872459559073,272318653.8966777,0,1.1846379323708259e+22,3.3564741417173403e+22,1.0079436875305324e+23,9.98453613406521e+19,1.3305241092422547e+17,5.540829056025895e+22,1.248789805515414e-14,1.0027755394395203e+20,0.0,0.0,9.976262363963394e+16,0.0,1.0069422425152021e+23,1.001445015330278e+20,3.3564741417173403e+22
969788108108.1083,2272.368576825044,272243019.5646017,0,1.1846379323708259e+22,3.3564741417173403e+22,1.0079436875305324e+23,9.98453613406521e+19,1.3305241092422547e+17,5.540829056025895e+22,9.680872641759226e-15,1.0027755394395203e+20,0.0,0.0,9.976262363963394e+16,0.0,1.0069422425152021e+23,1.001445015330278e+20,3.3564741417173403e+22
972947027027.0271,2270.649907694181,272167486.3200646,0,1.1846379323708259e+22,3.3564741417173403e+22,1.0079436875305324e+23,9.98453613406521e+19,1.3305241092422547e+17,5.540829056025895e+22,7.504809431662635e-15,1.0027755394395203e+20,0.0,0.0,9.976262363963394e+16,0.0,1.0069422425152021e+23,1.001445015330278e+20,3.3564741417173403e+22
976105945945.9459,2268.931238563318,272092054.4000962,0,1.1846379323708259e+22,3.3564741417173403e+22,1.0079436875305324e+23,9.98453613406521e+19,1.3305241092422547e+17,5.540829056025895e+22,5.817880958646458e-15,1.0027755394395203e+20,0.0,0.0,9.976262363963394e+16,0.0,1.0069422425152021e+23,1.001445015330278e+20,3.3564741417173403e+22
979264864864.865,2267.2125694324545,272016724.04152083,0,1.1846379323708259e+22,3.3564741417173403e+22,1.0079436875305324e+23,9.98453613406521e+19,1.3305241092422547e+17,5.540829056025895e+22,4.5101396853833655e-15,1.0027755394395203e+20,0.0,0.0,9.976262363963394e+16,0.0,1.0069422425152021e+23,1.001445015330278e+20,3.3564741417173403e+22
982423783783.7838,2265.4939003015916,271941495.4809657,0,1.1846379323708259e+22,3.3564741417173403e+22,1.0079436875305324e+23,9.98453613406521e+19,1.3305241092422547e+17,5.540829056025895e+22,3.4963520440271126e-15,1.0027755394395203e+20,0.0,0.0,9.976262363963394e+16,0.0,1.0069422425152021e+23,1.001445015330278e+20,3.3564741417173403e+22
985582702702.7029,2263.775231170728,271866368.95486844,0,1.1846379323708259e+22,3.3564741417173403e+22,1.0079436875305324e+23,9.98453613406521e+19,1.3305241092422547e+17,5.540829056025895e+22,2.710443238685074e-15,1.0027755394395203e+20,0.0,0.0,9.976262363963394e+16,0.0,1.0069422425152021e+23,1.001445015330278e+20,3.3564741417173403e+22
988741621621.6217,2262.056562039865,271791344.69948554,0,1.1846379323708259e+22,3.3564741417173403e+22,1.0079436875305324e+23,9.98453613406521e+19,1.3305241092422547e+17,5.540829056025895e+22,2.1011907432730663e-15,1.0027755394395203e+20,0.0,0.0,9.976262363963394e+16,0.0,1.0069422425152021e+23,1.001445015330278e+20,3.3564741417173403e+22
991900540540.5405,2260.337892909002,271716422.9509004,0,1.1846379323708259e+22,3.3564741417173403e+22,1.0079436875305324e+23,9.98453613406521e+19,1.3305241092422547e+17,5.540829056025895e+22,1.6288858134355489e-15,1.0027755394395203e+20,0.0,0.0,9.976262363963394e+16,0.0,1.0069422425152021e+23,1.001445015330278e+20,3.3564741417173403e+22
995059459459.4596,2258.619223778139,271641603.9450313,0,1.1846379323708259e+22,3.3564741417173403e+22,1.0079436875305324e+23,9.98453613406521e+19,1.3305241092422547e+17,5.540829056025895e+22,1.2627454226637893e-15,1.0027755394395203e+20,0.0,0.0,9.976262363963394e+16,0.0,1.0069422425152021e+23,1.001445015330278e+20,3.3564741417173403e+22
998218378378.3784,2256.900554647276,271566887.91764,0,1.1846379323708259e+22,3.3564741417173403e+22,1.0079436875305324e+23,9.98453613406521e+19,1.3305241092422547e+17,5.540829056025895e+22,9.789059425198581e-16,1.0027755394395203e+20,0.0,0.0,9.976262363963394e+16,0.0,1.0069422425152021e+23,1.001445015330278e+20,3.3564741417173403e+22
1001377297297.2974,2255.1818855164124,271492275.10433996,0,1.1846379323708259e+22,3.3564741417173403e+22,1.0079436875305324e+23,9.98453613406521e+19,1.3305241092422547e+17,5.540829056025895e+22,7.588678027271942e-16,1.0027755394395203e+20,0.0,0.0,9.976262363963394e+16,0.0,1.0069422425152021e+23,1.001445015330278e+20,3.3564741417173403e+22
1004536216216.2163,2253.4632163855495,271417765.7406047,0,1.1846379323708259e+22,3.3564741417173403e+22,1.0079436875305324e+23,9.98453613406521e+19,1.3305241092422547e+17,5.540829056025895e+22,5.882897600290309e-16,1.0027755394395203e+20,0.0,0.0,9.976262363963394e+16,0.0,1.0069422425152021e+23,1.001445015330278e+20,3.3564741417173403e+22
1007695135135.1351,2251.7445472546865,271343360.0617765,0,1.1846379323708259e+22,3.3564741417173403e+22,1.0079436875305324e+23,9.98453613406521e+19,1.3305241092422547e+17,5.540829056025895e+22,4.560541908765484e-16,1.0027755394395203e+20,0.0,0.0,9.976262363963394e+16,0.0,1.0069422425152021e+23,1.001445015330278e+20,3.3564741417173403e+22
1010854054054.0542,2250.025878123823,271269058.3030748,0,1.1846379323708259e+22,3.3564741417173403e+22,1.0079436875305324e+23,9.98453613406521e+19,1.3305241092422547e+17,5.540829056025895e+22,3.5354248730387495e-16,1.0027755394395203e+20,0.0,0.0,9.976262363963394e+16,0.0,1.0069422425152021e+23,1.001445015330278e+20,3.3564741417173403e+22
1014012972972.973,2248.30720899296,271194860.6996049,0,1.1846379323708259e+22,3.3564741417173403e+22,1.0079436875305324e+23,9.98453613406521e+19,1.3305241092422547e+17,5.540829056025895e+22,2.740733290681356e-16,1.0027755394395203e+20,0.0,0.0,9.976262363963394e+16,0.0,1.0069422425152021e+23,1.001445015330278e+20,3.3564741417173403e+22
1017171891891.892,2246.5885398620967,271120767.48636657,0,1.1846379323708259e+22,3.3564741417173403e+22,1.0079436875305324e+23,9.98453613406521e+19,1.3305241092422547e+17,5.540829056025895e+22,2.124672207839254e-16,1.0027755394395203e+20,0.0,0.0,9.976262363963394e+16,0.0,1.0069422425152021e+23,1.001445015330278e+20,3.3564741417173403e+22
1020330810810.8109,2244.8698707312337,271046778.8982633,0,1.1846379323708259e+22,3.3564741417173403e+22,1.0079436875305324e+23,9.98453613406521e+19,1.3305241092422547e+17,5.540829056025895e+22,1.647089122503517e-16,1.0027755394395203e+20,0.0,0.0,9.976262363963394e+16,0.0,1.0069422425152021e+23,1.001445015330278e+20,3.3564741417173403e+22
1023489729729.7297,2243.1512016003708,270972895.1701105,0,1.1846379323708259e+22,3.3564741417173403e+22,1.0079436875305324e+23,9.98453613406521e+19,1.3305241092422547e+17,5.540829056025895e+22,1.276856998204146e-16,1.0027755394395203e+20,0.0,0.0,9.976262363963394e+16,0.0,1.0069422425152021e+23,1.001445015330278e+20,3.3564741417173403e+22
1026648648648.6488,2241.4325324695074,270899116.5366451,0,1.1846379323708259e+22,3.3564741417173403e+22,1.0079436875305324e+23,9.98453613406521e+19,1.3305241092422547e+17,5.540829056025895e+22,9.898455229822703e-17,1.0027755394395203e+20,0.0,0.0,9.976262363963394e+16,0.0,1.0069422425152021e+23,1.001445015330278e+20,3.3564741417173403e+22
1029807567567.5676,2239.7138633386444,270825443.2325339,0,1.1846379323708259e+22,3.3564741417173403e+22,1.0079436875305324e+23,9.98453613406521e+19,1.3305241092422547e+17,5.540829056025895e+22,7.673483880701519e-17,1.0027755394395203e+20,0.0,0.0,9.976262363963394e+16,0.0,1.0069422425152021e+23,1.001445015330278e+20,3.3564741417173403e+22
1032966486486.4866,2237.995194207781,270751875.4923835,0,1.1846379323708259e+22,3.3564741417173403e+22,1.0079436875305324e+23,9.98453613406521e+19,1.3305241092422547e+17,5.540829056025895e+22,5.948640823265179e-17,1.0027755394395203e+20,0.0,0.0,9.976262363963394e+16,0.0,1.0069422425152021e+23,1.001445015330278e+20,3.3564741417173403e+22
1036125405405.4055,2236.276525076918,270678413.55074865,0,1.1846379323708259e+22,3.3564741417173403e+22,1.0079436875305324e+23,9.98453613406521e+19,1.3305241092422547e+17,5.540829056025895e+22,4.61150739277789e-17,1.0027755394395203e+20,0.0,0.0,9.976262363963394e+16,0.0,1.0069422425152021e+23,1.001445015330278e+20,3.3564741417173403e+22
1039284324324.3243,2234.557855946055,270605057.6421423,0,1.1846379323708259e+22,3.3564741417173403e+22,1.0079436875305324e+23,9.98453613406521e+19,1.3305241092422547e+17,5.540829056025895e+22,3.5749343531506634e-17,1.0027755394395203e+20,0.0,0.0,9.976262363963394e+16,0.0,1.0069422425152021e+23,1.001445015330278e+20,3.3564741417173403e+22
1042443243243.2433,2232.839186815192,270531808.0010442,0,1.1846379323708259e+22,3.3564741417173403e+22,1.0079436875305324e+23,9.98453613406521e+19,1.3305241092422547e+17,5.540829056025895e+22,2.771361843494349e-17,1.0027755394395203e+20,0.0,0.0,9.976262363963394e+16,0.0,1.0069422425152021e+23,1.001445015330278e+20,3.3564741417173403e+22
1045602162162.1624,2231.1205176843287,270458664.86191094,0,1.1846379323708259e+22,3.3564741417173403e+22,1.0079436875305324e+23,9.98453613406521e+19,1.3305241092422547e+17,5.540829056025895e+22,2.14841608512544e-17,1.0027755394395203e+20,0.0,0.0,9.976262363963394e+16,0.0,1.0069422425152021e+23,1.001445015330278e+20,3.3564741417173403e+22
1048761081081.0812,2229.4018485534657,270385628.4591852,0,1.1846379323708259e+22,3.3564741417173403e+22,1.0079436875305324e+23,9.98453613406521e+19,1.3305241092422547e+17,5.540829056025895e+22,1.6654958592508796e-17,1.0027755394395203e+20,0.0,0.0,9.976262363963394e+16,0.0,1.0069422425152021e+23,1.001445015330278e+20,3.3564741417173403e+22
1051920000000.0001,2227.6831794226027,270312699.02730507,0,1.1846379323708259e+22,3.3564741417173403e+22,1.0079436875305324e+23,9.98453613406521e+19,1.3305241092422547e+17,5.540829056025895e+22,1.2911262750203561e-17,1.0027755394395203e+20,0.0,0.0,9.976262363963394e+16,0.0,1.0069422425152021e+23,1.001445015330278e+20,3.3564741417173403e+22
1055078918918.919,2225.9645102917398,270239876.8007142,0,1.1846379323708259e+22,3.3564741417173403e+22,1.0079436875305324e+23,9.98453613406521e+19,1.3305241092422547e+17,5.540829056025895e+22,1.0009073566821957e-17,1.0027755394395203e+20,0.0,0.0,9.976262363963394e+16,0.0,1.0069422425152021e+23,1.001445015330278e+20,3.3564741417173403e+22
1058237837837.8378,2224.245841160877,270167162.01387155,0,1.1846379323708259e+22,3.3564741417173403e+22,1.0079436875305324e+23,9.98453613406521e+19,1.3305241092422547e+17,5.540829056025895e+22,7.759237466101025e-18,1.0027755394395203e+20,0.0,0.0,9.976262363963394e+16,0.0,1.0069422425152021e+23,1.001445015330278e+20,3.3564741417173403e+22
1061396756756.757,2222.5271720300134,270094554.9012607,0,1.1846379323708259e+22,3.3564741417173403e+22,1.0079436875305324e+23,9.98453613406521e+19,1.3305241092422547e+17,5.540829056025895e+22,6.015118747344981e-18,1.0027755394395203e+20,0.0,0.0,9.976262363963394e+16,0.0,1.0069422425152021e+23,1.001445015330278e+20,3.3564741417173403e+22
1064555675675.6758,2220.8085028991504,270022055.6974002,0,1.1846379323708259e+22,3.3564741417173403e+22,1.0079436875305324e+23,9.98453613406521e+19,1.3305241092422547e+17,5.540829056025895e+22,4.6630424320345145e-18,1.0027755394395203e+20,0.0,0.0,9.976262363963394e+16,0.0,1.0069422425152021e+23,1.001445015330278e+20,3.3564741417173403e+22
1067714594594.5947,2219.0898337682875,269949664.63685364,0,1.1846379323708259e+22,3.3564741417173403e+22,1.0079436875305324e+23,9.98453613406521e+19,1.3305241092422547e+17,5.540829056025895e+22,3.614885364075639e-18,1.0027755394395203e+20,0.0,0.0,9.976262363963394e+16,0.0,1.0069422425152021e+23,1.001445015330278e+20,3.3564741417173403e+22
1070873513513.5135,2217.3711646374245,269877381.95423937,0,1.1846379323708259e+22,3.3564741417173403e+22,1.0079436875305324e+23,9.98453613406521e+19,1.3305241092422547e+17,5.540829056025895e+22,2.802332679976682e-18,1.0027755394395203e+20,0.0,0.0,9.976262363963394e+16,0.0,1.0069422425152021e+23,1.001445015330278e+20,3.3564741417173403e+22
1074032432432.4324,2215.6524955065615,269805207.88424104,0,1.1846379323708259e+22,3.3564741417173403e+22,1.0079436875305324e+23,9.98453613406521e+19,1.3305241092422547e+17,5.540829056025895e+22,2.1724253076759455e-18,1.0027755394395203e+20,0.0,0.0,9.976262363963394e+16,0.0,1.0069422425152021e+23,1.001445015330278e+20,3.3564741417173403e+22
1077191351351.3516,2213.933826375698,269733142.66161776,0,1.1846379323708259e+22,3.3564741417173403e+22,1.0079436875305324e+23,9.98453613406521e+19,1.3305241092422547e+17,5.540829056025895e+22,1.6841082970456587e-18,1.0027755394395203e+20,0.0,0.0,9.976262363963394e+16,0.0,1.0069422425152021e+23,1.001445015330278e+20,3.3564741417173403e+22
1080350270270.2704,2212.215157244835,269661186.52121437,0,1.1846379323708259e+22,3.3564741417173403e+22,1.0079436875305324e+23,9.98453613406521e+19,1.3305241092422547e+17,5.540829056025895e+22,1.3055550154735627e-18,1.0027755394395203e+20,0.0,0.0,9.976262363963394e+16,0.0,1.0069422425152021e+23,1.001445015330278e+20,3.3564741417173403e+22
1083509189189.1892,2210.496488113972,269589339.69797194,0,1.1846379323708259e+22,3.3564741417173403e+22,1.0079436875305324e+23,9.98453613406521e+19,1.3305241092422547e+17,5.540829056025895e+22,1.0120928098378484e-18,1.0027755394395203e+20,0.0,0.0,9.976262363963394e+16,0.0,1.0069422425152021e+23,1.001445015330278e+20,3.3564741417173403e+22
1086668108108.1082,2208.7778189831092,269517602.42693835,0,1.1846379323708259e+22,3.3564741417173403e+22,1.0079436875305324e+23,9.98453613406521e+19,1.3305241092422547e+17,5.540829056025895e+22,7.845949374672015e-19,1.0027755394395203e+20,0.0,0.0,9.976262363963394e+16,0.0,1.0069422425152021e+23,1.001445015330278e+20,3.3564741417173403e+22
1089827027027.027,2207.0591498522463,269445974.94327897,0,1.1846379323708259e+22,3.3564741417173403e+22,1.0079436875305324e+23,9.98453613406521e+19,1.3305241092422547e+17,5.540829056025895e+22,6.08233958304464e-19,1.0027755394395203e+20,0.0,0.0,9.976262363963394e+16,0.0,1.0069422425152021e+23,1.001445015330278e+20,3.3564741417173403e+22
1092985945945.9462,2205.340480721383,269374457.48228717,0,1.1846379323708259e+22,3.3564741417173403e+22,1.0079436875305324e+23,9.98453613406521e+19,1.3305241092422547e+17,5.540829056025895e+22,4.715153391493575e-19,1.0027755394395203e+20,0.0,0.0,9.976262363963394e+16,0.0,1.0069422425152021e+23,1.001445015330278e+20,3.3564741417173403e+22
1096144864864.865,2203.62181159052,269303050.2793952,0,1.1846379323708259e+22,3.3564741417173403e+22,1.0079436875305324e+23,9.98453613406521e+19,1.3305241092422547e+17,5.540829056025895e+22,3.655282840058783e-19,1.0027755394395203e+20,0.0,0.0,9.976262363963394e+16,0.0,1.0069422425152021e+23,1.001445015330278e+20,3.3564741417173403e+22
1099303783783.7838,2201.903142459657,269231753.5701854,0,1.1846379323708259e+22,3.3564741417173403e+22,1.0079436875305324e+23,9.98453613406521e+19,1.3305241092422547e+17,5.540829056025895e+22,2.8336496252555497e-19,1.0027755394395203e+20,0.0,0.0,9.976262363963394e+16,0.0,1.0069422425152021e+23,1.001445015330278e+20,3.3564741417173403e+22
1102462702702.7026,2200.184473328794,269160567.5904009,0,1.1846379323708259e+22,3.3564741417173403e+22,1.0079436875305324e+23,9.98453613406521e+19,1.3305241092422547e+17,5.540829056025895e+22,2.196702840807194e-19,1.0027755394395203e+20,0.0,0.0,9.976262363963394e+16,0.0,1.0069422425152021e+23,1.001445015330278e+20,3.3564741417173403e+22
1105621621621.6216,2198.465804197931,269089492.5759565,0,1.1846379323708259e+22,3.3564741417173403e+22,1.0079436875305324e+23,9.98453613406521e+19,1.3305241092422547e+17,5.540829056025895e+22,1.7029287346614754e-19,1.0027755394395203e+20,0.0,0.0,9.976262363963394e+16,0.0,1.0069422425152021e+23,1.001445015330278e+20,3.3564741417173403e+22
1108780540540.5408,2196.7471350670676,269018528.76295054,0,1.1846379323708259e+22,3.3564741417173403e+22,1.0079436875305324e+23,9.98453613406521e+19,1.3305241092422547e+17,5.540829056025895e+22,1.320145001619846e-19,1.0027755394395203e+20,0.0,0.0,9.976262363963394e+16,0.0,1.0069422425152021e+23,1.001445015330278e+20,3.3564741417173403e+22
1111939459459.4595,2195.0284659362046,268947676.3876754,0,1.1846379323708259e+22,3.3564741417173403e+22,1.0079436875305324e+23,9.98453613406521e+19,1.3305241092422547e+17,5.540829056025895e+22,1.023403263935358e-19,1.0027755394395203e+20,0.0,0.0,9.976262363963394e+16,0.0,1.0069422425152021e+23,1.001445015330278e+20,3.3564741417173403e+22
1115098378378.3784,2193.3097968053416,268876935.6866296,0,1.1846379323708259e+22,3.3564741417173403e+22,1.0079436875305324e+23,9.98453613406521e+19,1.3305241092422547e+17,5.540829056025895e+22,7.933630315976034e-20,1.0027755394395203e+20,0.0,0.0,9.976262363963394e+16,0.0,1.0069422425152021e+23,1.001445015330278e+20,3.3564741417173403e+22
1118257297297.2974,2191.5911276744787,268806306.89652866,0,1.1846379323708259e+22,3.3564741417173403e+22,1.0079436875305324e+23,9.98453613406521e+19,1.3305241092422547e+17,5.540829056025895e+22,6.150311632634159e-20,1.0027755394395203e+20,0.0,0.0,9.976262363963394e+16,0.0,1.0069422425152021e+23,1.001445015330278e+20,3.3564741417173403e+22
1121416216216.2163,2189.8724585436157,268735790.2543171,0,1.1846379323708259e+22,3.3564741417173403e+22,1.0079436875305324e+23,9.98453613406521e+19,1.3305241092422547e+17,5.540829056025895e+22,4.76784670724369e-20,1.0027755394395203e+20,0.0,0.0,9.976262363963394e+16,0.0,1.0069422425152021e+23,1.001445015330278e+20,3.3564741417173403e+22
1124575135135.1353,2188.1537894127523,268665385.99718004,0,1.1846379323708259e+22,3.3564741417173403e+22,1.0079436875305324e+23,9.98453613406521e+19,1.3305241092422547e+17,5.540829056025895e+22,3.696131770486937e-20,1.0027755394395203e+20,0.0,0.0,9.976262363963394e+16,0.0,1.0069422425152021e+23,1.001445015330278e+20,3.3564741417173403e+22
1127734054054.0542,2186.4351202818893,268595094.36255485,0,1.1846379323708259e+22,3.3564741417173403e+22,1.0079436875305324e+23,9.98453613406521e+19,1.3305241092422547e+17,5.540829056025895e+22,2.865316547205143e-20,1.0027755394395203e+20,0.0,0.0,9.976262363963394e+16,0.0,1.0069422425152021e+23,1.001445015330278e+20,3.3564741417173403e+22
1130892972972.9731,2184.7164511510264,268524915.5881431,0,1.1846379323708259e+22,3.3564741417173403e+22,1.0079436875305324e+23,9.98453613406521e+19,1.3305241092422547e+17,5.540829056025895e+22,2.2212516829739517e-20,1.0027755394395203e+20,0.0,0.0,9.976262363963394e+16,0.0,1.0069422425152021e+23,1.001445015330278e+20,3.3564741417173403e+22
1134051891891.8918,2182.9977820201634,268454849.9119227,0,1.1846379323708259e+22,3.3564741417173403e+22,1.0079436875305324e+23,9.98453613406521e+19,1.3305241092422547e+17,5.540829056025895e+22,1.721959496561469e-20,1.0027755394395203e+20,0.0,0.0,9.976262363963394e+16,0.0,1.0069422425152021e+23,1.001445015330278e+20,3.3564741417173403e+22
1137210810810.8108,2181.2791128893004,268384897.57215965,0,1.1846379323708259e+22,3.3564741417173403e+22,1.0079436875305324e+23,9.98453613406521e+19,1.3305241092422547e+17,5.540829056025895e+22,1.3348980354303231e-20,1.0027755394395203e+20,0.0,0.0,9.976262363963394e+16,0.0,1.0069422425152021e+23,1.001445015330278e+20,3.3564741417173403e+22
1140369729729.73,2179.560443758437,268315058.8074206,0,1.1846379323708259e+22,3.3564741417173403e+22,1.0079436875305324e+23,9.98453613406521e+19,1.3305241092422547e+17,5.540829056025895e+22,1.034840115899396e-20,1.0027755394395203e+20,0.0,0.0,9.976262363963394e+16,0.0,1.0069422425152021e+23,1.001445015330278e+20,3.3564741417173403e+22
1143528648648.6487,2177.841774627574,268245333.85658497,0,1.1846379323708259e+22,3.3564741417173403e+22,1.0079436875305324e+23,9.98453613406521e+19,1.3305241092422547e+17,5.540829056025895e+22,8.022291119257342e-21,1.0027755394395203e+20,0.0,0.0,9.976262363963394e+16,0.0,1.0069422425152021e+23,1.001445015330278e+20,3.3564741417173403e+22
1146687567567.5676,2176.123105496711,268175722.9588573,0,1.1846379323708259e+22,3.3564741417173403e+22,1.0079436875305324e+23,9.98453613406521e+19,1.3305241092422547e+17,5.540829056025895e+22,6.219043291164006e-21,1.0027755394395203e+20,0.0,0.0,9.976262363963394e+16,0.0,1.0069422425152021e+23,1.001445015330278e+20,3.3564741417173403e+22
1149846486486.4866,2174.404436365848,268106226.35377985,0,1.1846379323708259e+22,3.3564741417173403e+22,1.0079436875305324e+23,9.98453613406521e+19,1.3305241092422547e+17,5.540829056025895e+22,4.821128887298781e-21,1.0027755394395203e+20,0.0,0.0,9.976262363963394e+16,0.0,1.0069422425152021e+23,1.001445015330278e+20,3.3564741417173403e+22
1153005405405.4053,2172.685767234985,268036844.28124547,0,1.1846379323708259e+22,3.3564741417173403e+22,1.0079436875305324e+23,9.98453613406521e+19,1.3305241092422547e+17,5.540829056025895e+22,3.737437200504899e-21,1.0027755394395203e+20,0.0,0.0,9.976262363963394e+16,0.0,1.0069422425152021e+23,1.001445015330278e+20,3.3564741417173403e+22
1156164324324.3245,2170.9670981041218,267967576.98150972,0,1.1846379323708259e+22,3.3564741417173403e+22,1.0079436875305324e+23,9.98453613406521e+19,1.3305241092422547e+17,5.540829056025895e+22,2.8973373569243532e-21,1.0027755394395203e+20,0.0,0.0,9.976262363963394e+16,0.0,1.0069422425152021e+23,1.001445015330278e+20,3.3564741417173403e+22
1159323243243.2434,2169.248428973259,267898424.6952043,0,1.1846379323708259e+22,3.3564741417173403e+22,1.0079436875305324e+23,9.98453613406521e+19,1.3305241092422547e+17,5.540829056025895e+22,2.246074866139652e-21,1.0027755394395203e+20,0.0,0.0,9.976262363963394e+16,0.0,1.0069422425152021e+23,1.001445015330278e+20,3.3564741417173403e+22
1162482162162.1624,2167.529759842396,267829387.66334978,0,1.1846379323708259e+22,3.3564741417173403e+22,1.0079436875305324e+23,9.98453613406521e+19,1.3305241092422547e+17,5.540829056025895e+22,1.741202933185379e-21,1.0027755394395203e+20,0.0,0.0,9.976262363963394e+16,0.0,1.0069422425152021e+23,1.001445015330278e+20,3.3564741417173403e+22
1165641081081.081,2165.811090711533,267760466.12736857,0,1.1846379323708259e+22,3.3564741417173403e+22,1.0079436875305324e+23,9.98453613406521e+19,1.3305241092422547e+17,5.540829056025895e+22,1.3498159390137008e-21,1.0027755394395203e+20,0.0,0.0,9.976262363963394e+16,0.0,1.0069422425152021e+23,1.001445015330278e+20,3.3564741417173403e+22
1168800000000.0,2164.09242158067,267691660.32909828,0,1.1846379323708259e+22,3.3564741417173403e+22,1.0079436875305324e+23,9.98453613406521e+19,1.3305241092422547e+17,5.540829056025895e+22,1.0464047782657034e-21,1.0027755394395203e+20,0.0,0.0,9.976262363963394e+16,0.0,1.0069422425152021e+23,1.001445015330278e+20,3.3564741417173403e+22
1171958918918.9192,2162.3737524498065,267622970.51080498,0,1.1846379323708259e+22,3.3564741417173403e+22,1.0079436875305324e+23,9.98453613406521e+19,1.3305241092422547e+17,5.540829056025895e+22,8.111942734780388e-22,1.0027755394395203e+20,0.0,0.0,9.976262363963394e+16,0.0,1.0069422425152021e+23,1.001445015330278e+20,3.3564741417173403e+22
1175117837837.838,2160.6550833189435,267554396.91519648,0,1.1846379323708259e+22,3.3564741417173403e+22,1.0079436875305324e+23,9.98453613406521e+19,1.3305241092422547e+17,5.540829056025895e+22,6.288543047501972e-22,1.0027755394395203e+20,0.0,0.0,9.976262363963394e+16,0.0,1.0069422425152021e+23,1.001445015330278e+20,3.3564741417173403e+22
1178276756756.7568,2158.9364141880806,267485939.78543606,0,1.1846379323708259e+22,3.3564741417173403e+22,1.0079436875305324e+23,9.98453613406521e+19,1.3305241092422547e+17,5.540829056025895e+22,4.875006512401866e-22,1.0027755394395203e+20,0.0,0.0,9.976262363963394e+16,0.0,1.0069422425152021e+23,1.001445015330278e+20,3.3564741417173403e+22
1181435675675.6758,2157.2177450572176,267417599.36515602,0,1.1846379323708259e+22,3.3564741417173403e+22,1.0079436875305324e+23,9.98453613406521e+19,1.3305241092422547e+17,5.540829056025895e+22,3.779204231638545e-22,1.0027755394395203e+20,0.0,0.0,9.976262363963394e+16,0.0,1.0069422425152021e+23,1.001445015330278e+20,3.3564741417173403e+22
1184594594594.5945,2155.4990759263546,267349375.89847136,0,1.1846379323708259e+22,3.3564741417173403e+22,1.0079436875305324e+23,9.98453613406521e+19,1.3305241092422547e+17,5.540829056025895e+22,2.929716009219832e-22,1.0027755394395203e+20,0.0,0.0,9.976262363963394e+16,0.0,1.0069422425152021e+23,1.001445015330278e+20,3.3564741417173403e+22
1187753513513.5137,2153.780406795491,267281269.62999377,0,1.1846379323708259e+22,3.3564741417173403e+22,1.0079436875305324e+23,9.98453613406521e+19,1.3305241092422547e+17,5.540829056025895e+22,2.271175456150872e-22,1.0027755394395203e+20,0.0,0.0,9.976262363963394e+16,0.0,1.0069422425152021e+23,1.001445015330278e+20,3.3564741417173403e+22
1190912432432.4326,2152.0617376646283,267213280.80484578,0,1.1846379323708259e+22,3.3564741417173403e+22,1.0079436875305324e+23,9.98453613406521e+19,1.3305241092422547e+17,5.540829056025895e+22,1.7606614212398468e-22,1.0027755394395203e+20,0.0,0.0,9.976262363963394e+16,0.0,1.0069422425152021e+23,1.001445015330278e+20,3.3564741417173403e+22
1194071351351.3513,2150.3430685337653,267145409.66867447,0,1.1846379323708259e+22,3.3564741417173403e+22,1.0079436875305324e+23,9.98453613406521e+19,1.3305241092422547e+17,5.540829056025895e+22,1.364900554841322e-22,1.0027755394395203e+20,0.0,0.0,9.976262363963394e+16,0.0,1.0069422425152021e+23,1.001445015330278e+20,3.3564741417173403e+22
1197230270270.2703,2148.6243994029023,267077656.46766618,0,1.1846379323708259e+22,3.3564741417173403e+22,1.0079436875305324e+23,9.98453613406521e+19,1.3305241092422547e+17,5.540829056025895e+22,1.0580986793555503e-22,1.0027755394395203e+20,0.0,0.0,9.976262363963394e+16,0.0,1.0069422425152021e+23,1.001445015330278e+20,3.3564741417173403e+22
1200389189189.1892,2146.9057302720394,267010021.44856066,0,1.1846379323708259e+22,3.3564741417173403e+22,1.0079436875305324e+23,9.98453613406521e+19,1.3305241092422547e+17,5.540829056025895e+22,8.202596235182255e-23,1.0027755394395203e+20,0.0,0.0,9.976262363963394e+16,0.0,1.0069422425152021e+23,1.001445015330278e+20,3.3564741417173403e+22
1203548108108.1082,2145.187061141176,266942504.85866556,0,1.1846379323708259e+22,3.3564741417173403e+22,1.0079436875305324e+23,9.98453613406521e+19,1.3305241092422547e+17,5.540829056025895e+22,6.358819485381598e-23,1.0027755394395203e+20,0.0,0.0,9.976262363963394e+16,0.0,1.0069422425152021e+23,1.001445015330278e+20,3.3564741417173403e+22
1206707027027.027,2143.468392010313,266875106.9458712,0,1.1846379323708259e+22,3.3564741417173403e+22,1.0079436875305324e+23,9.98453613406521e+19,1.3305241092422547e+17,5.540829056025895e+22,4.9294862368378264e-23,1.0027755394395203e+20,0.0,0.0,9.976262363963394e+16,0.0,1.0069422425152021e+23,1.001445015330278e+20,3.3564741417173403e+22
1209865945945.946,2141.74972287945,266807827.95866513,0,1.1846379323708259e+22,3.3564741417173403e+22,1.0079436875305324e+23,9.98453613406521e+19,1.3305241092422547e+17,5.540829056025895e+22,3.821438022424897e-23,1.0027755394395203e+20,0.0,0.0,9.976262363963394e+16,0.0,1.0069422425152021e+23,1.001445015330278e+20,3.3564741417173403e+22
1213024864864.865,2140.031053748587,266740668.14614725,0,1.1846379323708259e+22,3.3564741417173403e+22,1.0079436875305324e+23,9.98453613406521e+19,1.3305241092422547e+17,5.540829056025895e+22,2.9624565030944297e-23,1.0027755394395203e+20,0.0,0.0,9.976262363963394e+16,0.0,1.0069422425152021e+23,1.001445015330278e+20,3.3564741417173403e+22
1216183783783.7837,2138.312384617724,266673627.75804457,0,1.1846379323708259e+22,3.3564741417173403e+22,1.0079436875305324e+23,9.98453613406521e+19,1.3305241092422547e+17,5.540829056025895e+22,2.296556553115982e-23,1.0027755394395203e+20,0.0,0.0,9.976262363963394e+16,0.0,1.0069422425152021e+23,1.001445015330278e+20,3.3564741417173403e+22
1219342702702.703,2136.5937154868607,266606707.04472667,0,1.1846379323708259e+22,3.3564741417173403e+22,1.0079436875305324e+23,9.98453613406521e+19,1.3305241092422547e+17,5.540829056025895e+22,1.7803373639919547e-23,1.0027755394395203e+20,0.0,0.0,9.976262363963394e+16,0.0,1.0069422425152021e+23,1.001445015330278e+20,3.3564741417173403e+22
1222501621621.6218,2134.8750463559977,266539906.2572206,0,1.1846379323708259e+22,3.3564741417173403e+22,1.0079436875305324e+23,9.98453613406521e+19,1.3305241092422547e+17,5.540829056025895e+22,1.3801537459747233e-23,1.0027755394395203e+20,0.0,0.0,9.976262363963394e+16,0.0,1.0069422425152021e+23,1.001445015330278e+20,3.3564741417173403e+22
1225660540540.5405,2133.1563772251347,266473225.6472268,0,1.1846379323708259e+22,3.3564741417173403e+22,1.0079436875305324e+23,9.98453613406521e+19,1.3305241092422547e+17,5.540829056025895e+22,1.069923263452145e-23,1.0027755394395203e+20,0.0,0.0,9.976262363963394e+16,0.0,1.0069422425152021e+23,1.001445015330278e+20,3.3564741417173403e+22
1228819459459.4595,2131.437708094272,266406665.46713412,0,1.1846379323708259e+22,3.3564741417173403e+22,1.0079436875305324e+23,9.98453613406521e+19,1.3305241092422547e+17,5.540829056025895e+22,8.294262816840213e-24,1.0027755394395203e+20,0.0,0.0,9.976262363963394e+16,0.0,1.0069422425152021e+23,1.001445015330278e+20,3.3564741417173403e+22
1231978378378.3784,2129.719038963409,266340225.9700358,0,1.1846379323708259e+22,3.3564741417173403e+22,1.0079436875305324e+23,9.98453613406521e+19,1.3305241092422547e+17,5.540829056025895e+22,6.429881284462338e-24,1.0027755394395203e+20,0.0,0.0,9.976262363963394e+16,0.0,1.0069422425152021e+23,1.001445015330278e+20,3.3564741417173403e+22
1235137297297.2974,2128.0003698325454,266273907.40974534,0,1.1846379323708259e+22,3.3564741417173403e+22,1.0079436875305324e+23,9.98453613406521e+19,1.3305241092422547e+17,5.540829056025895e+22,4.98457478925526e-24,1.0027755394395203e+20,0.0,0.0,9.976262363963394e+16,0.0,1.0069422425152021e+23,1.001445015330278e+20,3.3564741417173403e+22
1238296216216.2163,2126.2817007016824,266207710.0408123,0,1.1846379323708259e+22,3.3564741417173403e+22,1.0079436875305324e+23,9.98453613406521e+19,1.3305241092422547e+17,5.540829056025895e+22,3.864143789049245e-24,1.0027755394395203e+20,0.0,0.0,9.976262363963394e+16,0.0,1.0069422425152021e+23,1.001445015330278e+20,3.3564741417173403e+22
1241455135135.1353,2124.5630315708195,266141634.11853856,0,1.1846379323708259e+22,3.3564741417173403e+22,1.0079436875305324e+23,9.98453613406521e+19,1.3305241092422547e+17,5.540829056025895e+22,2.995562882241108e-24,1.0027755394395203e+20,0.0,0.0,9.976262363963394e+16,0.0,1.0069422425152021e+23,1.001445015330278e+20,3.3564741417173403e+22
1244614054054.0542,2122.8443624399565,266075679.89899433,0,1.1846379323708259e+22,3.3564741417173403e+22,1.0079436875305324e+23,9.98453613406521e+19,1.3305241092422547e+17,5.540829056025895e+22,2.3222212917880366e-24,1.0027755394395203e+20,0.0,0.0,9.976262363963394e+16,0.0,1.0069422425152021e+23,1.001445015330278e+20,3.3564741417173403e+22
1247772972972.973,2121.1256933090935,266009847.63903484,0,1.1846379323708259e+22,3.3564741417173403e+22,1.0079436875305324e+23,9.98453613406521e+19,1.3305241092422547e+17,5.540829056025895e+22,1.800233191566047e-24,1.0027755394395203e+20,0.0,0.0,9.976262363963394e+16,0.0,1.0069422425152021e+23,1.001445015330278e+20,3.3564741417173403e+22
1250931891891.892,2119.40702417823,265944137.5963166,0,1.1846379323708259e+22,3.3564741417173403e+22,1.0079436875305324e+23,9.98453613406521e+19,1.3305241092422547e+17,5.540829056025895e+22,1.3955773962957392e-24,1.0027755394395203e+20,0.0,0.0,9.976262363963394e+16,0.0,1.0069422425152021e+23,1.001445015330278e+20,3.3564741417173403e+22
1254090810810.811,2117.688355047367,265878550.02931434,0,1.1846379323708259e+22,3.3564741417173403e+22,1.0079436875305324e+23,9.98453613406521e+19,1.3305241092422547e+17,5.540829056025895e+22,1.0818799909790129e-24,1.0027755394395203e+20,0.0,0.0,9.976262363963394e+16,0.0,1.0069422425152021e+23,1.001445015330278e+20,3.3564741417173403e+22
1257249729729.7297,2115.969685916504,265813085.19733754,0,1.1846379323708259e+22,3.3564741417173403e+22,1.0079436875305324e+23,9.98453613406521e+19,1.3305241092422547e+17,5.540829056025895e+22,8.38695380125456e-25,1.0027755394395203e+20,0.0,0.0,9.976262363963394e+16,0.0,1.0069422425152021e+23,1.001445015330278e+20,3.3564741417173403e+22
1260408648648.6487,2114.2510167856412,265747743.3605477,0,1.1846379323708259e+22,3.3564741417173403e+22,1.0079436875305324e+23,9.98453613406521e+19,1.3305241092422547e+17,5.540829056025895e+22,6.501737221401559e-25,1.0027755394395203e+20,0.0,0.0,9.976262363963394e+16,0.0,1.0069422425152021e+23,1.001445015330278e+20,3.3564741417173403e+22
1263567567567.5676,2112.5323476547783,265682524.77997524,0,1.1846379323708259e+22,3.3564741417173403e+22,1.0079436875305324e+23,9.98453613406521e+19,1.3305241092422547e+17,5.540829056025895e+22,5.040278973497521e-25,1.0027755394395203e+20,0.0,0.0,9.976262363963394e+16,0.0,1.0069422425152021e+23,1.001445015330278e+20,3.3564741417173403e+22
1266726486486.4866,2110.813678523915,265617429.71753672,0,1.1846379323708259e+22,3.3564741417173403e+22,1.0079436875305324e+23,9.98453613406521e+19,1.3305241092422547e+17,5.540829056025895e+22,3.90732680598938e-25,1.0027755394395203e+20,0.0,0.0,9.976262363963394e+16,0.0,1.0069422425152021e+23,1.001445015330278e+20,3.3564741417173403e+22
1269885405405.4055,2109.095009393052,265552458.43605256,0,1.1846379323708259e+22,3.3564741417173403e+22,1.0079436875305324e+23,9.98453613406521e+19,1.3305241092422547e+17,5.540829056025895e+22,3.029039235542362e-25,1.0027755394395203e+20,0.0,0.0,9.976262363963394e+16,0.0,1.0069422425152021e+23,1.001445015330278e+20,3.3564741417173403e+22
1273044324324.3245,2107.376340262189,265487611.1992645,0,1.1846379323708259e+22,3.3564741417173403e+22,1.0079436875305324e+23,9.98453613406521e+19,1.3305241092422547e+17,5.540829056025895e+22,2.3481728419519343e-25,1.0027755394395203e+20,0.0,0.0,9.976262363963394e+16,0.0,1.0069422425152021e+23,1.001445015330278e+20,3.3564741417173403e+22
1276203243243.2432,2105.657671131326,265422888.2718529,0,1.1846379323708259e+22,3.3564741417173403e+22,1.0079436875305324e+23,9.98453613406521e+19,1.3305241092422547e+17,5.540829056025895e+22,1.820351361243868e-25,1.0027755394395203e+20,0.0,0.0,9.976262363963394e+16,0.0,1.0069422425152021e+23,1.001445015330278e+20,3.3564741417173403e+22
1279362162162.162,2103.939002000463,265358289.91945532,0,1.1846379323708259e+22,3.3564741417173403e+22,1.0079436875305324e+23,9.98453613406521e+19,1.3305241092422547e+17,5.540829056025895e+22,1.4111734107391709e-25,1.0027755394395203e+20,0.0,0.0,9.976262363963394e+16,0.0,1.0069422425152021e+23,1.001445015330278e+20,3.3564741417173403e+22
1282521081081.0813,2102.2203328695996,265293816.40868396,0,1.1846379323708259e+22,3.3564741417173403e+22,1.0079436875305324e+23,9.98453613406521e+19,1.3305241092422547e+17,5.540829056025895e+22,1.0939703386803688e-25,1.0027755394395203e+20,0.0,0.0,9.976262363963394e+16,0.0,1.0069422425152021e+23,1.001445015330278e+20,3.3564741417173403e+22
1285680000000.0,2100.5016637387366,265229468.0071443,0,1.1846379323708259e+22,3.3564741417173403e+22,1.0079436875305324e+23,9.98453613406521e+19,1.3305241092422547e+17,5.540829056025895e+22,8.480680636446896e-26,1.0027755394395203e+20,0.0,0.0,9.976262363963394e+16,0.0,1.0069422425152021e+23,1.001445015330278e+20,3.3564741417173403e+22
1288838918918.919,2098.7829946078737,265165244.98345318,0,1.1846379323708259e+22,3.3564741417173403e+22,1.0079436875305324e+23,9.98453613406521e+19,1.3305241092422547e+17,5.540829056025895e+22,6.57439617093852e-26,1.0027755394395203e+20,0.0,0.0,9.976262363963394e+16,0.0,1.0069422425152021e+23,1.001445015330278e+20,3.3564741417173403e+22
1291997837837.838,2097.0643254770107,265101147.6072573,0,1.1846379323708259e+22,3.3564741417173403e+22,1.0079436875305324e+23,9.98453613406521e+19,1.3305241092422547e+17,5.540829056025895e+22,5.0966056694430423e-26,1.0027755394395203e+20,0.0,0.0,9.976262363963394e+16,0.0,1.0069422425152021e+23,1.001445015330278e+20,3.3564741417173403e+22
1295156756756.7568,2095.3456563461477,265037176.14925215,0,1.1846379323708259e+22,3.3564741417173403e+22,1.0079436875305324e+23,9.98453613406521e+19,1.3305241092422547e+17,5.540829056025895e+22,3.9509924066670406e-26,1.0027755394395203e+20,0.0,0.0,9.976262363963394e+16,0.0,1.0069422425152021e+23,1.001445015330278e+20,3.3564741417173403e+22
1298315675675.6758,2093.6269872152843,264973330.88120046,0,1.1846379323708259e+22,3.3564741417173403e+22,1.0079436875305324e+23,9.98453613406521e+19,1.3305241092422547e+17,5.540829056025895e+22,3.0628896975752317e-26,1.0027755394395203e+20,0.0,0.0,9.976262363963394e+16,0.0,1.0069422425152021e+23,1.001445015330278e+20,3.3564741417173403e+22
1301474594594.5947,2091.9083180844214,264909612.07595155,0,1.1846379323708259e+22,3.3564741417173403e+22,1.0079436875305324e+23,9.98453613406521e+19,1.3305241092422547e+17,5.540829056025895e+22,2.3744144088159164e-26,1.0027755394395203e+20,0.0,0.0,9.976262363963394e+16,0.0,1.0069422425152021e+23,1.001445015330278e+20,3.3564741417173403e+22
1304633513513.5137,2090.1896489535584,264846020.00746027,0,1.1846379323708259e+22,3.3564741417173403e+22,1.0079436875305324e+23,9.98453613406521e+19,1.3305241092422547e+17,5.540829056025895e+22,1.8406943577680564e-26,1.0027755394395203e+20,0.0,0.0,9.976262363963394e+16,0.0,1.0069422425152021e+23,1.001445015330278e+20,3.3564741417173403e+22
1307792432432.4324,2088.4709798226954,264782554.95080644,0,1.1846379323708259e+22,3.3564741417173403e+22,1.0079436875305324e+23,9.98453613406521e+19,1.3305241092422547e+17,5.540829056025895e+22,1.426943715528065e-26,1.0027755394395203e+20,0.0,0.0,9.976262363963394e+16,0.0,1.0069422425152021e+23,1.001445015330278e+20,3.3564741417173403e+22
1310951351351.3513,2086.7523106918325,264719217.18221435,0,1.1846379323708259e+22,3.3564741417173403e+22,1.0079436875305324e+23,9.98453613406521e+19,1.3305241092422547e+17,5.540829056025895e+22,1.1061957998035078e-26,1.0027755394395203e+20,0.0,0.0,9.976262363963394e+16,0.0,1.0069422425152021e+23,1.001445015330278e+20,3.3564741417173403e+22
1314110270270.2705,2085.033641560969,264656006.97907227,0,1.1846379323708259e+22,3.3564741417173403e+22,1.0079436875305324e+23,9.98453613406521e+19,1.3305241092422547e+17,5.540829056025895e+22,8.575454898374057e-27,1.0027755394395203e+20,0.0,0.0,9.976262363963394e+16,0.0,1.0069422425152021e+23,1.001445015330278e+20,3.3564741417173403e+22
1317269189189.1892,2083.314972430106,264592924.6199525,0,1.1846379323708259e+22,3.3564741417173403e+22,1.0079436875305324e+23,9.98453613406521e+19,1.3305241092422547e+17,5.540829056025895e+22,6.647867106990476e-27,1.0027755394395203e+20,0.0,0.0,9.976262363963394e+16,0.0,1.0069422425152021e+23,1.001445015330278e+20,3.3564741417173403e+22
1320428108108.1082,2081.596303299243,264529970.38463113,0,1.1846379323708259e+22,3.3564741417173403e+22,1.0079436875305324e+23,9.98453613406521e+19,1.3305241092422547e+17,5.540829056025895e+22,5.153561833855056e-27,1.0027755394395203e+20,0.0,0.0,9.976262363963394e+16,0.0,1.0069422425152021e+23,1.001445015330278e+20,3.3564741417173403e+22
1323587027027.027,2079.87763416838,264467144.55410847,0,1.1846379323708259e+22,3.3564741417173403e+22,1.0079436875305324e+23,9.98453613406521e+19,1.3305241092422547e+17,5.540829056025895e+22,3.9951459841066186e-27,1.0027755394395203e+20,0.0,0.0,9.976262363963394e+16,0.0,1.0069422425152021e+23,1.001445015330278e+20,3.3564741417173403e+22
1326745945945.946,2078.158965037517,264404447.41062927,0,1.1846379323708259e+22,3.3564741417173403e+22,1.0079436875305324e+23,9.98453613406521e+19,1.3305241092422547e+17,5.540829056025895e+22,3.09711844912195e-27,1.0027755394395203e+20,0.0,0.0,9.976262363963394e+16,0.0,1.0069422425152021e+23,1.001445015330278e+20,3.3564741417173403e+22
1329904864864.865,2076.440295906654,264341879.2377032,0,1.1846379323708259e+22,3.3564741417173403e+22,1.0079436875305324e+23,9.98453613406521e+19,1.3305241092422547e+17,5.540829056025895e+22,2.4009492334074283e-27,1.0027755394395203e+20,0.0,0.0,9.976262363963394e+16,0.0,1.0069422425152021e+23,1.001445015330278e+20,3.3564741417173403e+22
1333063783783.784,2074.721626775791,264279440.3201255,0,1.1846379323708259e+22,3.3564741417173403e+22,1.0079436875305324e+23,9.98453613406521e+19,1.3305241092422547e+17,5.540829056025895e+22,1.8612646936490278e-27,1.0027755394395203e+20,0.0,0.0,9.976262363963394e+16,0.0,1.0069422425152021e+23,1.001445015330278e+20,3.3564741417173403e+22
1336222702702.703,2073.002957644928,264217130.94399813,0,1.1846379323708259e+22,3.3564741417173403e+22,1.0079436875305324e+23,9.98453613406521e+19,1.3305241092422547e+17,5.540829056025895e+22,1.4428902584116133e-27,1.0027755394395203e+20,0.0,0.0,9.976262363963394e+16,0.0,1.0069422425152021e+23,1.001445015330278e+20,3.3564741417173403e+22
1339381621621.6216,2071.284288514065,264154951.3967505,0,1.1846379323708259e+22,3.3564741417173403e+22,1.0079436875305324e+23,9.98453613406521e+19,1.3305241092422547e+17,5.540829056025895e+22,1.1185578842832308e-27,1.0027755394395203e+20,0.0,0.0,9.976262363963394e+16,0.0,1.0069422425152021e+23,1.001445015330278e+20,3.3564741417173403e+22
1342540540540.5405,2069.565619383202,264092901.96716082,0,1.1846379323708259e+22,3.3564741417173403e+22,1.0079436875305324e+23,9.98453613406521e+19,1.3305241092422547e+17,5.540829056025895e+22,8.67128829235782e-28,1.0027755394395203e+20,0.0,0.0,9.976262363963394e+16,0.0,1.0069422425152021e+23,1.001445015330278e+20,3.3564741417173403e+22
1345699459459.4597,2067.8469502523385,264030982.9453775,0,1.1846379323708259e+22,3.3564741417173403e+22,1.0079436875305324e+23,9.98453613406521e+19,1.3305241092422547e+17,5.540829056025895e+22,6.722159103761018e-28,1.0027755394395203e+20,0.0,0.0,9.976262363963394e+16,0.0,1.0069422425152021e+23,1.001445015330278e+20,3.3564741417173403e+22
1348858378378.3784,2066.1282811214755,263969194.62294084,0,1.1846379323708259e+22,3.3564741417173403e+22,1.0079436875305324e+23,9.98453613406521e+19,1.3305241092422547e+17,5.540829056025895e+22,5.211154501240802e-28,1.0027755394395203e+20,0.0,0.0,9.976262363963394e+16,0.0,1.0069422425152021e+23,1.001445015330278e+20,3.3564741417173403e+22
1352017297297.2974,2064.4096119906126,263907537.2928045,0,1.1846379323708259e+22,3.3564741417173403e+22,1.0079436875305324e+23,9.98453613406521e+19,1.3305241092422547e+17,5.540829056025895e+22,4.039792991601246e-28,1.0027755394395203e+20,0.0,0.0,9.976262363963394e+16,0.0,1.0069422425152021e+23,1.001445015330278e+20,3.3564741417173403e+22
1355176216216.2163,2062.6909428597496,263846011.24935788,0,1.1846379323708259e+22,3.3564741417173403e+22,1.0079436875305324e+23,9.98453613406521e+19,1.3305241092422547e+17,5.540829056025895e+22,3.131729717686299e-28,1.0027755394395203e+20,0.0,0.0,9.976262363963394e+16,0.0,1.0069422425152021e+23,1.001445015330278e+20,3.3564741417173403e+22
1358335135135.1353,2060.972273728886,263784616.78844783,0,1.1846379323708259e+22,3.3564741417173403e+22,1.0079436875305324e+23,9.98453613406521e+19,1.3305241092422547e+17,5.540829056025895e+22,2.427780592973412e-28,1.0027755394395203e+20,0.0,0.0,9.976262363963394e+16,0.0,1.0069422425152021e+23,1.001445015330278e+20,3.3564741417173403e+22
1361494054054.0542,2059.2536045980232,263723354.20740125,0,1.1846379323708259e+22,3.3564741417173403e+22,1.0079436875305324e+23,9.98453613406521e+19,1.3305241092422547e+17,5.540829056025895e+22,1.8820649094752875e-28,1.0027755394395203e+20,0.0,0.0,9.976262363963394e+16,0.0,1.0069422425152021e+23,1.001445015330278e+20,3.3564741417173403e+22
1364652972972.9731,2057.5349354671603,263662223.8050474,0,1.1846379323708259e+22,3.3564741417173403e+22,1.0079436875305324e+23,9.98453613406521e+19,1.3305241092422547e+17,5.540829056025895e+22,1.459015008905714e-28,1.0027755394395203e+20,0.0,0.0,9.976262363963394e+16,0.0,1.0069422425152021e+23,1.001445015330278e+20,3.3564741417173403e+22
1367811891891.8918,2055.8162663362973,263601225.88174072,0,1.1846379323708259e+22,3.3564741417173403e+22,1.0079436875305324e+23,9.98453613406521e+19,1.3305241092422547e+17,5.540829056025895e+22,1.131058118928332e-28,1.0027755394395203e+20,0.0,0.0,9.976262363963394e+16,0.0,1.0069422425152021e+23,1.001445015330278e+20,3.3564741417173403e+22
1370970810810.8108,2054.0975972054343,263540360.73938367,0,1.1846379323708259e+22,3.3564741417173403e+22,1.0079436875305324e+23,9.98453613406521e+19,1.3305241092422547e+17,5.540829056025895e+22,8.768192654530594e-29,1.0027755394395203e+20,0.0,0.0,9.976262363963394e+16,0.0,1.0069422425152021e+23,1.001445015330278e+20,3.3564741417173403e+22
1374129729729.73,2052.378928074571,263479628.6814496,0,1.1846379323708259e+22,3.3564741417173403e+22,1.0079436875305324e+23,9.98453613406521e+19,1.3305241092422547e+17,5.540829056025895e+22,6.797281336860793e-29,1.0027755394395203e+20,0.0,0.0,9.976262363963394e+16,0.0,1.0069422425152021e+23,1.001445015330278e+20,3.3564741417173403e+22
1377288648648.649,2050.660258943708,263419030.01300645,0,1.1846379323708259e+22,3.3564741417173403e+22,1.0079436875305324e+23,9.98453613406521e+19,1.3305241092422547e+17,5.540829056025895e+22,5.269390784720336e-29,1.0027755394395203e+20,0.0,0.0,9.976262363963394e+16,0.0,1.0069422425152021e+23,1.001445015330278e+20,3.3564741417173403e+22
1380447567567.5676,2048.941589812845,263358565.04073963,0,1.1846379323708259e+22,3.3564741417173403e+22,1.0079436875305324e+23,9.98453613406521e+19,1.3305241092422547e+17,5.540829056025895e+22,4.0849389433863073e-29,1.0027755394395203e+20,0.0,0.0,9.976262363963394e+16,0.0,1.0069422425152021e+23,1.001445015330278e+20,3.3564741417173403e+22
1383606486486.4866,2047.2229206819818,263298234.07297596,0,1.1846379323708259e+22,3.3564741417173403e+22,1.0079436875305324e+23,9.98453613406521e+19,1.3305241092422547e+17,5.540829056025895e+22,3.1667277780157394e-29,1.0027755394395203e+20,0.0,0.0,9.976262363963394e+16,0.0,1.0069422425152021e+23,1.001445015330278e+20,3.3564741417173403e+22
1386765405405.4055,2045.5042515511186,263238037.4197075,0,1.1846379323708259e+22,3.3564741417173403e+22,1.0079436875305324e+23,9.98453613406521e+19,1.3305241092422547e+17,5.540829056025895e+22,2.4549118013850694e-29,1.0027755394395203e+20,0.0,0.0,9.976262363963394e+16,0.0,1.0069422425152021e+23,1.001445015330278e+20,3.3564741417173403e+22
1389924324324.3245,2043.7855824202554,263177975.39261535,0,1.1846379323708259e+22,3.3564741417173403e+22,1.0079436875305324e+23,9.98453613406521e+19,1.3305241092422547e+17,5.540829056025895e+22,1.9030975742272132e-29,1.0027755394395203e+20,0.0,0.0,9.976262363963394e+16,0.0,1.0069422425152021e+23,1.001445015330278e+20,3.3564741417173403e+22
1393083243243.2434,2042.0669132893922,263118048.30509403,0,1.1846379323708259e+22,3.3564741417173403e+22,1.0079436875305324e+23,9.98453613406521e+19,1.3305241092422547e+17,5.540829056025895e+22,1.4753199585362222e-29,1.0027755394395203e+20,0.0,0.0,9.976262363963394e+16,0.0,1.0069422425152021e+23,1.001445015330278e+20,3.3564741417173403e+22
1396242162162.1624,2040.348244158529,263058256.47227576,0,1.1846379323708259e+22,3.3564741417173403e+22,1.0079436875305324e+23,9.98453613406521e+19,1.3305241092422547e+17,5.540829056025895e+22,1.1436980476101734e-29,1.0027755394395203e+20,0.0,0.0,9.976262363963394e+16,0.0,1.0069422425152021e+23,1.001445015330278e+20,3.3564741417173403e+22
1399401081081.081,2038.6295750276659,262998600.21105504,0,1.1846379323708259e+22,3.3564741417173403e+22,1.0079436875305324e+23,9.98453613406521e+19,1.3305241092422547e+17,5.540829056025895e+22,8.866179953297276e-30,1.0027755394395203e+20,0.0,0.0,9.976262363963394e+16,0.0,1.0069422425152021e+23,1.001445015330278e+20,3.3564741417173403e+22
1402560000000.0,2036.9109058968027,262939079.84011328,0,1.1846379323708259e+22,3.3564741417173403e+22,1.0079436875305324e+23,9.98453613406521e+19,1.3305241092422547e+17,5.540829056025895e+22,6.873243084440783e-30,1.0027755394395203e+20,0.0,0.0,9.976262363963394e+16,0.0,1.0069422425152021e+23,1.001445015330278e+20,3.3564741417173403e+22
1405718918918.9192,2035.1922367659395,262879695.67994413,0,1.1846379323708259e+22,3.3564741417173403e+22,1.0079436875305324e+23,9.98453613406521e+19,1.3305241092422547e+17,5.540829056025895e+22,5.328277876905063e-30,1.0027755394395203e+20,0.0,0.0,9.976262363963394e+16,0.0,1.0069422425152021e+23,1.001445015330278e+20,3.3564741417173403e+22
1408877837837.838,2033.4735676350763,262820448.05287817,0,1.1846379323708259e+22,3.3564741417173403e+22,1.0079436875305324e+23,9.98453613406521e+19,1.3305241092422547e+17,5.540829056025895e+22,4.130589415320501e-30,1.0027755394395203e+20,0.0,0.0,9.976262363963394e+16,0.0,1.0069422425152021e+23,1.001445015330278e+20,3.3564741417173403e+22
1412036756756.7568,2031.754898504213,262761337.28310856,0,1.1846379323708259e+22,3.3564741417173403e+22,1.0079436875305324e+23,9.98453613406521e+19,1.3305241092422547e+17,5.540829056025895e+22,3.202116952629376e-30,1.0027755394395203e+20,0.0,0.0,9.976262363963394e+16,0.0,1.0069422425152021e+23,1.001445015330278e+20,3.3564741417173403e+22
1415195675675.6758,2030.03622937335,262702363.69671646,0,1.1846379323708259e+22,3.3564741417173403e+22,1.0079436875305324e+23,9.98453613406521e+19,1.3305241092422547e+17,5.540829056025895e+22,2.4823462095471535e-30,1.0027755394395203e+20,0.0,0.0,9.976262363963394e+16,0.0,1.0069422425152021e+23,1.001445015330278e+20,3.3564741417173403e+22
1418354594594.5947,2028.3175602424867,262643527.62169656,0,1.1846379323708259e+22,3.3564741417173403e+22,1.0079436875305324e+23,9.98453613406521e+19,1.3305241092422547e+17,5.540829056025895e+22,1.924365285594344e-30,1.0027755394395203e+20,0.0,0.0,9.976262363963394e+16,0.0,1.0069422425152021e+23,1.001445015330278e+20,3.3564741417173403e+22
1421513513513.5137,2026.5988911116235,262584829.38798338,0,1.1846379323708259e+22,3.3564741417173403e+22,1.0079436875305324e+23,9.98453613406521e+19,1.3305241092422547e+17,5.540829056025895e+22,1.4918071210849196e-30,1.0027755394395203e+20,0.0,0.0,9.976262363963394e+16,0.0,1.0069422425152021e+23,1.001445015330278e+20,3.3564741417173403e+22
1424672432432.4326,2024.8802219807603,262526269.327477,0,1.1846379323708259e+22,3.3564741417173403e+22,1.0079436875305324e+23,9.98453613406521e+19,1.3305241092422547e+17,5.540829056025895e+22,1.1564792314533619e-30,1.0027755394395203e+20,0.0,0.0,9.976262363963394e+16,0.0,1.0069422425152021e+23,1.001445015330278e+20,3.3564741417173403e+22
1427831351351.3516,2023.1615528498971,262467847.77406946,0,1.1846379323708259e+22,3.3564741417173403e+22,1.0079436875305324e+23,9.98453613406521e+19,1.3305241092422547e+17,5.540829056025895e+22,8.965262290813436e-31,1.0027755394395203e+20,0.0,0.0,9.976262363963394e+16,0.0,1.0069422425152021e+23,1.001445015330278e+20,3.3564741417173403e+22
1430990270270.2703,2021.442883719034,262409565.06367126,0,1.1846379323708259e+22,3.3564741417173403e+22,1.0079436875305324e+23,9.98453613406521e+19,1.3305241092422547e+17,5.540829056025895e+22,6.950053728338204e-31,1.0027755394395203e+20,0.0,0.0,9.976262363963394e+16,0.0,1.0069422425152021e+23,1.001445015330278e+20,3.3564741417173403e+22
1434149189189.1892,2019.7242145881708,262351421.53423807,0,1.1846379323708259e+22,3.3564741417173403e+22,1.0079436875305324e+23,9.98453613406521e+19,1.3305241092422547e+17,5.540829056025895e+22,5.3878230507860715e-31,1.0027755394395203e+20,0.0,0.0,9.976262363963394e+16,0.0,1.0069422425152021e+23,1.001445015330278e+20,3.3564741417173403e+22
1437308108108.1084,2018.0055454573076,262293417.52579737,0,1.1846379323708259e+22,3.3564741417173403e+22,1.0079436875305324e+23,9.98453613406521e+19,1.3305241092422547e+17,5.540829056025895e+22,4.1767500455744875e-31,1.0027755394395203e+20,0.0,0.0,9.976262363963394e+16,0.0,1.0069422425152021e+23,1.001445015330278e+20,3.3564741417173403e+22
1440467027027.027,2016.2868763264444,262235553.38047588,0,1.1846379323708259e+22,3.3564741417173403e+22,1.0079436875305324e+23,9.98453613406521e+19,1.3305241092422547e+17,5.540829056025895e+22,3.2379016123518126e-31,1.0027755394395203e+20,0.0,0.0,9.976262363963394e+16,0.0,1.0069422425152021e+23,1.001445015330278e+20,3.3564741417173403e+22
1443625945945.946,2014.5682071955812,262177829.4425262,0,1.1846379323708259e+22,3.3564741417173403e+22,1.0079436875305324e+23,9.98453613406521e+19,1.3305241092422547e+17,5.540829056025895e+22,2.5100872058118227e-31,1.0027755394395203e+20,0.0,0.0,9.976262363963394e+16,0.0,1.0069422425152021e+23,1.001445015330278e+20,3.3564741417173403e+22
1446784864864.865,2012.849538064718,262120246.05835468,0,1.1846379323708259e+22,3.3564741417173403e+22,1.0079436875305324e+23,9.98453613406521e+19,1.3305241092422547e+17,5.540829056025895e+22,1.9458706702962109e-31,1.0027755394395203e+20,0.0,0.0,9.976262363963394e+16,0.0,1.0069422425152021e+23,1.001445015330278e+20,3.3564741417173403e+22
1449943783783.7837,2011.1308689338548,262062803.5765489,0,1.1846379323708259e+22,3.3564741417173403e+22,1.0079436875305324e+23,9.98453613406521e+19,1.3305241092422547e+17,5.540829056025895e+22,1.5084785328382278e-31,1.0027755394395203e+20,0.0,0.0,9.976262363963394e+16,0.0,1.0069422425152021e+23,1.001445015330278e+20,3.3564741417173403e+22
1453102702702.703,2009.4121998029916,262005502.34790534,0,1.1846379323708259e+22,3.3564741417173403e+22,1.0079436875305324e+23,9.98453613406521e+19,1.3305241092422547e+17,5.540829056025895e+22,1.1694032490285607e-31,1.0027755394395203e+20,0.0,0.0,9.976262363963394e+16,0.0,1.0069422425152021e+23,1.001445015330278e+20,3.3564741417173403e+22
1456261621621.6218,2007.6935306721284,261948342.72545725,0,1.1846379323708259e+22,3.3564741417173403e+22,1.0079436875305324e+23,9.98453613406521e+19,1.3305241092422547e+17,5.540829056025895e+22,9.065451904480021e-32,1.0027755394395203e+20,0.0,0.0,9.976262363963394e+16,0.0,1.0069422425152021e+23,1.001445015330278e+20,3.3564741417173403e+22
1459420540540.5408,2005.9748615412652,261891325.0645032,0,1.1846379323708259e+22,3.3564741417173403e+22,1.0079436875305324e+23,9.98453613406521e+19,1.3305241092422547e+17,5.540829056025895e+22,7.027722755235245e-32,1.0027755394395203e+20,0.0,0.0,9.976262363963394e+16,0.0,1.0069422425152021e+23,1.001445015330278e+20,3.3564741417173403e+22
1462579459459.4595,2004.256192410402,261834449.72263467,0,1.1846379323708259e+22,3.3564741417173403e+22,1.0079436875305324e+23,9.98453613406521e+19,1.3305241092422547e+17,5.540829056025895e+22,5.448033660632402e-32,1.0027755394395203e+20,0.0,0.0,9.976262363963394e+16,0.0,1.0069422425152021e+23,1.001445015330278e+20,3.3564741417173403e+22
1465738378378.3784,2002.5375232795388,261777717.05976528,0,1.1846379323708259e+22,3.3564741417173403e+22,1.0079436875305324e+23,9.98453613406521e+19,1.3305241092422547e+17,5.540829056025895e+22,4.223426535327253e-32,1.0027755394395203e+20,0.0,0.0,9.976262363963394e+16,0.0,1.0069422425152021e+23,1.001445015330278e+20,3.3564741417173403e+22
1468897297297.2976,2000.8188541486757,261721127.43815887,0,1.1846379323708259e+22,3.3564741417173403e+22,1.0079436875305324e+23,9.98453613406521e+19,1.3305241092422547e+17,5.540829056025895e+22,3.2740861768529937e-32,1.0027755394395203e+20,0.0,0.0,9.976262363963394e+16,0.0,1.0069422425152021e+23,1.001445015330278e+20,3.3564741417173403e+22
1472056216216.2163,1999.1001850178125,261664681.22245854,0,1.1846379323708259e+22,3.3564741417173403e+22,1.0079436875305324e+23,9.98453613406521e+19,1.3305241092422547e+17,5.540829056025895e+22,2.538138216397137e-32,1.0027755394395203e+20,0.0,0.0,9.976262363963394e+16,0.0,1.0069422425152021e+23,1.001445015330278e+20,3.3564741417173403e+22
1475215135135.1353,1997.3815158869493,261608378.77971584,0,1.1846379323708259e+22,3.3564741417173403e+22,1.0079436875305324e+23,9.98453613406521e+19,1.3305241092422547e+17,5.540829056025895e+22,1.9676163844067604e-32,1.0027755394395203e+20,0.0,0.0,9.976262363963394e+16,0.0,1.0069422425152021e+23,1.001445015330278e+20,3.3564741417173403e+22
1478374054054.0542,1995.662846756086,261552220.47941932,0,1.1846379323708259e+22,3.3564741417173403e+22,1.0079436875305324e+23,9.98453613406521e+19,1.3305241092422547e+17,5.540829056025895e+22,1.5253362528387084e-32,1.0027755394395203e+20,0.0,0.0,9.976262363963394e+16,0.0,1.0069422425152021e+23,1.001445015330278e+20,3.3564741417173403e+22
1481532972972.973,1993.944177625223,261496206.69352454,0,1.1846379323708259e+22,3.3564741417173403e+22,1.0079436875305324e+23,9.98453613406521e+19,1.3305241092422547e+17,5.540829056025895e+22,1.1824716965474555e-32,1.0027755394395203e+20,0.0,0.0,9.976262363963394e+16,0.0,1.0069422425152021e+23,1.001445015330278e+20,3.3564741417173403e+22
1484691891891.892,1992.2255084943597,261440337.79648295,0,1.1846379323708259e+22,3.3564741417173403e+22,1.0079436875305324e+23,9.98453613406521e+19,1.3305241092422547e+17,5.540829056025895e+22,9.166761168454769e-33,1.0027755394395203e+20,0.0,0.0,9.976262363963394e+16,0.0,1.0069422425152021e+23,1.001445015330278e+20,3.3564741417173403e+22
1487850810810.811,1990.5068393634965,261384614.16527185,0,1.1846379323708259e+22,3.3564741417173403e+22,1.0079436875305324e+23,9.98453613406521e+19,1.3305241092422547e+17,5.540829056025895e+22,7.106259757830739e-33,1.0027755394395203e+20,0.0,0.0,9.976262363963394e+16,0.0,1.0069422425152021e+23,1.001445015330278e+20,3.3564741417173403e+22
1491009729729.7297,1988.7881702326333,261329036.17942414,0,1.1846379323708259e+22,3.3564741417173403e+22,1.0079436875305324e+23,9.98453613406521e+19,1.3305241092422547e+17,5.540829056025895e+22,5.508917142899353e-33,1.0027755394395203e+20,0.0,0.0,9.976262363963394e+16,0.0,1.0069422425152021e+23,1.001445015330278e+20,3.3564741417173403e+22
1494168648648.6487,1987.0695011017701,261273604.22105804,0,1.1846379323708259e+22,3.3564741417173403e+22,1.0079436875305324e+23,9.98453613406521e+19,1.3305241092422547e+17,5.540829056025895e+22,4.27062464947024e-33,1.0027755394395203e+20,0.0,0.0,9.976262363963394e+16,0.0,1.0069422425152021e+23,1.001445015330278e+20,3.3564741417173403e+22
1497327567567.5676,1985.350831970907,261218318.6749073,0,1.1846379323708259e+22,3.3564741417173403e+22,1.0079436875305324e+23,9.98453613406521e+19,1.3305241092422547e+17,5.540829056025895e+22,3.3106751151940536e-33,1.0027755394395203e+20,0.0,0.0,9.976262363963394e+16,0.0,1.0069422425152021e+23,1.001445015330278e+20,3.3564741417173403e+22
1500486486486.4866,1983.6321628400437,261163179.92835137,0,1.1846379323708259e+22,3.3564741417173403e+22,1.0079436875305324e+23,9.98453613406521e+19,1.3305241092422547e+17,5.540829056025895e+22,2.566502705810212e-33,1.0027755394395203e+20,0.0,0.0,9.976262363963394e+16,0.0,1.0069422425152021e+23,1.001445015330278e+20,3.3564741417173403e+22
1503645405405.4055,1981.9134937091806,261108188.37144554,0,1.1846379323708259e+22,3.3564741417173403e+22,1.0079436875305324e+23,9.98453613406521e+19,1.3305241092422547e+17,5.540829056025895e+22,1.9896051136823946e-33,1.0027755394395203e+20,0.0,0.0,9.976262363963394e+16,0.0,1.0069422425152021e+23,1.001445015330278e+20,3.3564741417173403e+22
1506804324324.3245,1980.1948245783174,261053344.39695176,0,1.1846379323708259e+22,3.3564741417173403e+22,1.0079436875305324e+23,9.98453613406521e+19,1.3305241092422547e+17,5.540829056025895e+22,1.542382363139367e-33,1.0027755394395203e+20,0.0,0.0,9.976262363963394e+16,0.0,1.0069422425152021e+23,1.001445015330278e+20,3.3564741417173403e+22
1509963243243.2434,1978.4761554474542,260998648.40036905,0,1.1846379323708259e+22,3.3564741417173403e+22,1.0079436875305324e+23,9.98453613406521e+19,1.3305241092422547e+17,5.540829056025895e+22,1.1956861880598959e-33,1.0027755394395203e+20,0.0,0.0,9.976262363963394e+16,0.0,1.0069422425152021e+23,1.001445015330278e+20,3.3564741417173403e+22
1513122162162.162,1976.757486316591,260944100.77996388,0,1.1846379323708259e+22,3.3564741417173403e+22,1.0079436875305324e+23,9.98453613406521e+19,1.3305241092422547e+17,5.540829056025895e+22,9.269202595180496e-34,1.0027755394395203e+20,0.0,0.0,9.976262363963394e+16,0.0,1.0069422425152021e+23,1.001445015330278e+20,3.3564741417173403e+22
1516281081081.0813,1975.0388171857278,260889701.93680152,0,1.1846379323708259e+22,3.3564741417173403e+22,1.0079436875305324e+23,9.98453613406521e+19,1.3305241092422547e+17,5.540829056025895e+22,7.185674436024925e-34,1.0027755394395203e+20,0.0,0.0,9.976262363963394e+16,0.0,1.0069422425152021e+23,1.001445015330278e+20,3.3564741417173403e+22
1519440000000.0002,1973.3201480548646,260835452.27477652,0,1.1846379323708259e+22,3.3564741417173403e+22,1.0079436875305324e+23,9.98453613406521e+19,1.3305241092422547e+17,5.540829056025895e+22,5.570481017146942e-34,1.0027755394395203e+20,0.0,0.0,9.976262363963394e+16,0.0,1.0069422425152021e+23,1.001445015330278e+20,3.3564741417173403e+22
1522598918918.919,1971.6014789240014,260781352.20064396,0,1.1846379323708259e+22,3.3564741417173403e+22,1.0079436875305324e+23,9.98453613406521e+19,1.3305241092422547e+17,5.540829056025895e+22,4.3183502173193625e-34,1.0027755394395203e+20,0.0,0.0,9.976262363963394e+16,0.0,1.0069422425152021e+23,1.001445015330278e+20,3.3564741417173403e+22
1525757837837.838,1969.8828097931382,260727402.12405044,0,1.1846379323708259e+22,3.3564741417173403e+22,1.0079436875305324e+23,9.98453613406521e+19,1.3305241092422547e+17,5.540829056025895e+22,3.3476729463792864e-34,1.0027755394395203e+20,0.0,0.0,9.976262363963394e+16,0.0,1.0069422425152021e+23,1.001445015330278e+20,3.3564741417173403e+22
1528916756756.7568,1968.164140662275,260673602.45756522,0,1.1846379323708259e+22,3.3564741417173403e+22,1.0079436875305324e+23,9.98453613406521e+19,1.3305241092422547e+17,5.540829056025895e+22,2.595184177275117e-34,1.0027755394395203e+20,0.0,0.0,9.976262363963394e+16,0.0,1.0069422425152021e+23,1.001445015330278e+20,3.3564741417173403e+22
1532075675675.6758,1966.4454715314118,260619953.61671165,0,1.1846379323708259e+22,3.3564741417173403e+22,1.0079436875305324e+23,9.98453613406521e+19,1.3305241092422547e+17,5.540829056025895e+22,2.011839573893687e-34,1.0027755394395203e+20,0.0,0.0,9.976262363963394e+16,0.0,1.0069422425152021e+23,1.001445015330278e+20,3.3564741417173403e+22
1535234594594.5947,1964.7268024005486,260566456.01999828,0,1.1846379323708259e+22,3.3564741417173403e+22,1.0079436875305324e+23,9.98453613406521e+19,1.3305241092422547e+17,5.540829056025895e+22,1.559618969060805e-34,1.0027755394395203e+20,0.0,0.0,9.976262363963394e+16,0.0,1.0069422425152021e+23,1.001445015330278e+20,3.3564741417173403e+22
1538393513513.5137,1963.0081332696855,260513110.08895046,0,1.1846379323708259e+22,3.3564741417173403e+22,1.0079436875305324e+23,9.98453613406521e+19,1.3305241092422547e+17,5.540829056025895e+22,1.2090483556532455e-34,1.0027755394395203e+20,0.0,0.0,9.976262363963394e+16,0.0,1.0069422425152021e+23,1.001445015330278e+20,3.3564741417173403e+22
1541552432432.4326,1961.2894641388223,260459916.2481415,0,1.1846379323708259e+22,3.3564741417173403e+22,1.0079436875305324e+23,9.98453613406521e+19,1.3305241092422547e+17,5.540829056025895e+22,9.372788836930499e-35,1.0027755394395203e+20,0.0,0.0,9.976262363963394e+16,0.0,1.0069422425152021e+23,1.001445015330278e+20,3.3564741417173403e+22
1544711351351.3513,1959.570795007959,260406874.92522457,0,1.1846379323708259e+22,3.3564741417173403e+22,1.0079436875305324e+23,9.98453613406521e+19,1.3305241092422547e+17,5.540829056025895e+22,7.265976598117477e-35,1.0027755394395203e+20,0.0,0.0,9.976262363963394e+16,0.0,1.0069422425152021e+23,1.001445015330278e+20,3.3564741417173403e+22
1547870270270.2705,1957.852125877096,260353986.55096364,0,1.1846379323708259e+22,3.3564741417173403e+22,1.0079436875305324e+23,9.98453613406521e+19,1.3305241092422547e+17,5.540829056025895e+22,5.632732886968626e-35,1.0027755394395203e+20,0.0,0.0,9.976262363963394e+16,0.0,1.0069422425152021e+23,1.001445015330278e+20,3.3564741417173403e+22
1551029189189.1895,1956.1334567462327,260301251.5592654,0,1.1846379323708259e+22,3.3564741417173403e+22,1.0079436875305324e+23,9.98453613406521e+19,1.3305241092422547e+17,5.540829056025895e+22,4.366609133334966e-35,1.0027755394395203e+20,0.0,0.0,9.976262363963394e+16,0.0,1.0069422425152021e+23,1.001445015330278e+20,3.3564741417173403e+22
1554188108108.1082,1954.4147876153695,260248670.3872109,0,1.1846379323708259e+22,3.3564741417173403e+22,1.0079436875305324e+23,9.98453613406521e+19,1.3305241092422547e+17,5.540829056025895e+22,3.385084239914278e-35,1.0027755394395203e+20,0.0,0.0,9.976262363963394e+16,0.0,1.0069422425152021e+23,1.001445015330278e+20,3.3564741417173403e+22
1557347027027.027,1952.6961184845063,260196243.4750867,0,1.1846379323708259e+22,3.3564741417173403e+22,1.0079436875305324e+23,9.98453613406521e+19,1.3305241092422547e+17,5.540829056025895e+22,2.6241861731655497e-35,1.0027755394395203e+20,0.0,0.0,9.976262363963394e+16,0.0,1.0069422425152021e+23,1.001445015330278e+20,3.3564741417173403e+22
1560505945945.946,1950.9774493536431,260143971.26641664,0,1.1846379323708259e+22,3.3564741417173403e+22,1.0079436875305324e+23,9.98453613406521e+19,1.3305241092422547e+17,5.540829056025895e+22,2.0343225111607972e-35,1.0027755394395203e+20,0.0,0.0,9.976262363963394e+16,0.0,1.0069422425152021e+23,1.001445015330278e+20,3.3564741417173403e+22
1563664864864.865,1949.25878022278,260091854.20799318,0,1.1846379323708259e+22,3.3564741417173403e+22,1.0079436875305324e+23,9.98453613406521e+19,1.3305241092422547e+17,5.540829056025895e+22,1.577048199451241e-35,1.0027755394395203e+20,0.0,0.0,9.976262363963394e+16,0.0,1.0069422425152021e+23,1.001445015330278e+20,3.3564741417173403e+22
1566823783783.784,1947.5401110919167,260039892.74990907,0,1.1846379323708259e+22,3.3564741417173403e+22,1.0079436875305324e+23,9.98453613406521e+19,1.3305241092422547e+17,5.540829056025895e+22,1.2225598496539553e-35,1.0027755394395203e+20,0.0,0.0,9.976262363963394e+16,0.0,1.0069422425152021e+23,1.001445015330278e+20,3.3564741417173403e+22
1569982702702.703,1945.8214419610536,259988087.34558862,0,1.1846379323708259e+22,3.3564741417173403e+22,1.0079436875305324e+23,9.98453613406521e+19,1.3305241092422547e+17,5.540829056025895e+22,9.47753268737119e-36,1.0027755394395203e+20,0.0,0.0,9.976262363963394e+16,0.0,1.0069422425152021e+23,1.001445015330278e+20,3.3564741417173403e+22
1573141621621.6216,1944.1027728301904,259936438.45181906,0,1.1846379323708259e+22,3.3564741417173403e+22,1.0079436875305324e+23,9.98453613406521e+19,1.3305241092422547e+17,5.540829056025895e+22,7.34717616201889e-36,1.0027755394395203e+20,0.0,0.0,9.976262363963394e+16,0.0,1.0069422425152021e+23,1.001445015330278e+20,3.3564741417173403e+22
1576300540540.5405,1942.3841036993272,259884946.52878162,0,1.1846379323708259e+22,3.3564741417173403e+22,1.0079436875305324e+23,9.98453613406521e+19,1.3305241092422547e+17,5.540829056025895e+22,5.695680440930401e-36,1.0027755394395203e+20,0.0,0.0,9.976262363963394e+16,0.0,1.0069422425152021e+23,1.001445015330278e+20,3.3564741417173403e+22
1579459459459.4597,1940.665434568464,259833612.040083,0,1.1846379323708259e+22,3.3564741417173403e+22,1.0079436875305324e+23,9.98453613406521e+19,1.3305241092422547e+17,5.540829056025895e+22,4.415407357849836e-36,1.0027755394395203e+20,0.0,0.0,9.976262363963394e+16,0.0,1.0069422425152021e+23,1.001445015330278e+20,3.3564741417173403e+22
1582618378378.3784,1938.9467654376008,259782435.45278627,0,1.1846379323708259e+22,3.3564741417173403e+22,1.0079436875305324e+23,9.98453613406521e+19,1.3305241092422547e+17,5.540829056025895e+22,3.422913616370265e-36,1.0027755394395203e+20,0.0,0.0,9.976262363963394e+16,0.0,1.0069422425152021e+23,1.001445015330278e+20,3.3564741417173403e+22
1585777297297.2974,1937.2280963067376,259731417.23744163,0,1.1846379323708259e+22,3.3564741417173403e+22,1.0079436875305324e+23,9.98453613406521e+19,1.3305241092422547e+17,5.540829056025895e+22,2.65351227544234e-36,1.0027755394395203e+20,0.0,0.0,9.976262363963394e+16,0.0,1.0069422425152021e+23,1.001445015330278e+20,3.3564741417173403e+22
1588936216216.2163,1935.5094271758744,259680557.86811745,0,1.1846379323708259e+22,3.3564741417173403e+22,1.0079436875305324e+23,9.98453613406521e+19,1.3305241092422547e+17,5.540829056025895e+22,2.0570567022926377e-36,1.0027755394395203e+20,0.0,0.0,9.976262363963394e+16,0.0,1.0069422425152021e+23,1.001445015330278e+20,3.3564741417173403e+22
1592095135135.1353,1933.7907580450112,259629857.82243055,0,1.1846379323708259e+22,3.3564741417173403e+22,1.0079436875305324e+23,9.98453613406521e+19,1.3305241092422547e+17,5.540829056025895e+22,1.594672206949438e-36,1.0027755394395203e+20,0.0,0.0,9.976262363963394e+16,0.0,1.0069422425152021e+23,1.001445015330278e+20,3.3564741417173403e+22
1595254054054.0542,1932.072088914148,259579317.58157685,0,1.1846379323708259e+22,3.3564741417173403e+22,1.0079436875305324e+23,9.98453613406521e+19,1.3305241092422547e+17,5.540829056025895e+22,1.2362223388313902e-36,1.0027755394395203e+20,0.0,0.0,9.976262363963394e+16,0.0,1.0069422425152021e+23,1.001445015330278e+20,3.3564741417173403e+22
1598412972972.9731,1930.3534197832848,259528937.6303616,0,1.1846379323708259e+22,3.3564741417173403e+22,1.0079436875305324e+23,9.98453613406521e+19,1.3305241092422547e+17,5.540829056025895e+22,9.583447083142199e-37,1.0027755394395203e+20,0.0,0.0,9.976262363963394e+16,0.0,1.0069422425152021e+23,1.001445015330278e+20,3.3564741417173403e+22
1601571891891.892,1928.6347506524216,259478718.457229,0,1.1846379323708259e+22,3.3564741417173403e+22,1.0079436875305324e+23,9.98453613406521e+19,1.3305241092422547e+17,5.540829056025895e+22,7.4292831564754e-37,1.0027755394395203e+20,0.0,0.0,9.976262363963394e+16,0.0,1.0069422425152021e+23,1.001445015330278e+20,3.3564741417173403e+22
1604730810810.8108,1926.9160815215585,259428660.55429238,0,1.1846379323708259e+22,3.3564741417173403e+22,1.0079436875305324e+23,9.98453613406521e+19,1.3305241092422547e+17,5.540829056025895e+22,5.759331453520389e-37,1.0027755394395203e+20,0.0,0.0,9.976262363963394e+16,0.0,1.0069422425152021e+23,1.001445015330278e+20,3.3564741417173403e+22
1607889729729.7297,1925.1974123906953,259378764.4173633,0,1.1846379323708259e+22,3.3564741417173403e+22,1.0079436875305324e+23,9.98453613406521e+19,1.3305241092422547e+17,5.540829056025895e+22,4.464750917805337e-37,1.0027755394395203e+20,0.0,0.0,9.976262363963394e+16,0.0,1.0069422425152021e+23,1.001445015330278e+20,3.3564741417173403e+22
1611048648648.649,1923.478743259832,259329030.5459809,0,1.1846379323708259e+22,3.3564741417173403e+22,1.0079436875305324e+23,9.98453613406521e+19,1.3305241092422547e+17,5.540829056025895e+22,3.461165747954817e-37,1.0027755394395203e+20,0.0,0.0,9.976262363963394e+16,0.0,1.0069422425152021e+23,1.001445015330278e+20,3.3564741417173403e+22
1614207567567.5676,1921.7600741289689,259279459.4434406,0,1.1846379323708259e+22,3.3564741417173403e+22,1.0079436875305324e+23,9.98453613406521e+19,1.3305241092422547e+17,5.540829056025895e+22,2.683166106095852e-37,1.0027755394395203e+20,0.0,0.0,9.976262363963394e+16,0.0,1.0069422425152021e+23,1.001445015330278e+20,3.3564741417173403e+22
1617366486486.4866,1920.0414049981057,259230051.61682272,0,1.1846379323708259e+22,3.3564741417173403e+22,1.0079436875305324e+23,9.98453613406521e+19,1.3305241092422547e+17,5.540829056025895e+22,2.080044955129828e-37,1.0027755394395203e+20,0.0,0.0,9.976262363963394e+16,0.0,1.0069422425152021e+23,1.001445015330278e+20,3.3564741417173403e+22
1620525405405.4055,1918.3227358672425,259180807.57702038,0,1.1846379323708259e+22,3.3564741417173403e+22,1.0079436875305324e+23,9.98453613406521e+19,1.3305241092422547e+17,5.540829056025895e+22,1.6124931682505716e-37,1.0027755394395203e+20,0.0,0.0,9.976262363963394e+16,0.0,1.0069422425152021e+23,1.001445015330278e+20,3.3564741417173403e+22
1623684324324.3245,1916.6040667363793,259131727.83876756,0,1.1846379323708259e+22,3.3564741417173403e+22,1.0079436875305324e+23,9.98453613406521e+19,1.3305241092422547e+17,5.540829056025895e+22,1.250037510603936e-37,1.0027755394395203e+20,0.0,0.0,9.976262363963394e+16,0.0,1.0069422425152021e+23,1.001445015330278e+20,3.3564741417173403e+22
1626843243243.2434,1914.8853976055161,259082812.92066598,0,1.1846379323708259e+22,3.3564741417173403e+22,1.0079436875305324e+23,9.98453613406521e+19,1.3305241092422547e+17,5.540829056025895e+22,9.690545105454163e-38,1.0027755394395203e+20,0.0,0.0,9.976262363963394e+16,0.0,1.0069422425152021e+23,1.001445015330278e+20,3.3564741417173403e+22
1630002162162.1624,1913.166728474653,259034063.34521222,0,1.1846379323708259e+22,3.3564741417173403e+22,1.0079436875305324e+23,9.98453613406521e+19,1.3305241092422547e+17,5.540829056025895e+22,7.512307722307638e-38,1.0027755394395203e+20,0.0,0.0,9.976262363963394e+16,0.0,1.0069422425152021e+23,1.001445015330278e+20,3.3564741417173403e+22
1633161081081.0813,1911.4480593437897,258985479.6388239,0,1.1846379323708259e+22,3.3564741417173403e+22,1.0079436875305324e+23,9.98453613406521e+19,1.3305241092422547e+17,5.540829056025895e+22,5.823693786109059e-38,1.0027755394395203e+20,0.0,0.0,9.976262363963394e+16,0.0,1.0069422425152021e+23,1.001445015330278e+20,3.3564741417173403e+22
1636320000000.0,1909.7293902129265,258937062.3318656,0,1.1846379323708259e+22,3.3564741417173403e+22,1.0079436875305324e+23,9.98453613406521e+19,1.3305241092422547e+17,5.540829056025895e+22,4.5146459074958e-38,1.0027755394395203e+20,0.0,0.0,9.976262363963394e+16,0.0,1.0069422425152021e+23,1.001445015330278e+20,3.3564741417173403e+22
1639478918918.919,1908.0107210820634,258888811.9586739,0,1.1846379323708259e+22,3.3564741417173403e+22,1.0079436875305324e+23,9.98453613406521e+19,1.3305241092422547e+17,5.540829056025895e+22,3.4998453590888867e-38,1.0027755394395203e+20,0.0,0.0,9.976262363963394e+16,0.0,1.0069422425152021e+23,1.001445015330278e+20,3.3564741417173403e+22
1642637837837.8381,1906.2920519512002,258840729.0575823,0,1.1846379323708259e+22,3.3564741417173403e+22,1.0079436875305324e+23,9.98453613406521e+19,1.3305241092422547e+17,5.540829056025895e+22,2.7131513275933285e-38,1.0027755394395203e+20,0.0,0.0,9.976262363963394e+16,0.0,1.0069422425152021e+23,1.001445015330278e+20,3.3564741417173403e+22
1645796756756.7568,1904.573382820337,258792814.17094508,0,1.1846379323708259e+22,3.3564741417173403e+22,1.0079436875305324e+23,9.98453613406521e+19,1.3305241092422547e+17,5.540829056025895e+22,2.10329010889149e-38,1.0027755394395203e+20,0.0,0.0,9.976262363963394e+16,0.0,1.0069422425152021e+23,1.001445015330278e+20,3.3564741417173403e+22
1648955675675.6758,1902.8547136894738,258745067.84516075,0,1.1846379323708259e+22,3.3564741417173403e+22,1.0079436875305324e+23,9.98453613406521e+19,1.3305241092422547e+17,5.540829056025895e+22,1.6305132843750686e-38,1.0027755394395203e+20,0.0,0.0,9.976262363963394e+16,0.0,1.0069422425152021e+23,1.001445015330278e+20,3.3564741417173403e+22
1652114594594.5947,1901.1360445586106,258697490.6306946,0,1.1846379323708259e+22,3.3564741417173403e+22,1.0079436875305324e+23,9.98453613406521e+19,1.3305241092422547e+17,5.540829056025895e+22,1.2640070712474076e-38,1.0027755394395203e+20,0.0,0.0,9.976262363963394e+16,0.0,1.0069422425152021e+23,1.001445015330278e+20,3.3564741417173403e+22
1655273513513.5134,1899.4173754277474,258650083.08210072,0,1.1846379323708259e+22,3.3564741417173403e+22,1.0079436875305324e+23,9.98453613406521e+19,1.3305241092422547e+17,5.540829056025895e+22,9.798839981704346e-39,1.0027755394395203e+20,0.0,0.0,9.976262363963394e+16,0.0,1.0069422425152021e+23,1.001445015330278e+20,3.3564741417173403e+22
1658432432432.4326,1897.6987062968842,258602845.75804314,0,1.1846379323708259e+22,3.3564741417173403e+22,1.0079436875305324e+23,9.98453613406521e+19,1.3305241092422547e+17,5.540829056025895e+22,7.596260113663075e-39,1.0027755394395203e+20,0.0,0.0,9.976262363963394e+16,0.0,1.0069422425152021e+23,1.001445015330278e+20,3.3564741417173403e+22
1661591351351.3516,1895.980037166021,258555779.22131598,0,1.1846379323708259e+22,3.3564741417173403e+22,1.0079436875305324e+23,9.98453613406521e+19,1.3305241092422547e+17,5.540829056025895e+22,5.888775387920156e-39,1.0027755394395203e+20,0.0,0.0,9.976262363963394e+16,0.0,1.0069422425152021e+23,1.001445015330278e+20,3.3564741417173403e+22
1664750270270.2703,1894.2613680351578,258508884.03886306,0,1.1846379323708259e+22,3.3564741417173403e+22,1.0079436875305324e+23,9.98453613406521e+19,1.3305241092422547e+17,5.540829056025895e+22,4.5650984893211996e-39,1.0027755394395203e+20,0.0,0.0,9.976262363963394e+16,0.0,1.0069422425152021e+23,1.001445015330278e+20,3.3564741417173403e+22
1667909189189.1892,1892.5426989042946,258462160.7817962,0,1.1846379323708259e+22,3.3564741417173403e+22,1.0079436875305324e+23,9.98453613406521e+19,1.3305241092422547e+17,5.540829056025895e+22,3.538957226990309e-39,1.0027755394395203e+20,0.0,0.0,9.976262363963394e+16,0.0,1.0069422425152021e+23,1.001445015330278e+20,3.3564741417173403e+22
1671068108108.1082,1890.8240297734314,258415610.025413,0,1.1846379323708259e+22,3.3564741417173403e+22,1.0079436875305324e+23,9.98453613406521e+19,1.3305241092422547e+17,5.540829056025895e+22,2.7434716433312282e-39,1.0027755394395203e+20,0.0,0.0,9.976262363963394e+16,0.0,1.0069422425152021e+23,1.001445015330278e+20,3.3564741417173403e+22
1674227027027.0273,1889.1053606425683,258369232.34921303,0,1.1846379323708259e+22,3.3564741417173403e+22,1.0079436875305324e+23,9.98453613406521e+19,1.3305241092422547e+17,5.540829056025895e+22,2.1267950345259033e-39,1.0027755394395203e+20,0.0,0.0,9.976262363963394e+16,0.0,1.0069422425152021e+23,1.001445015330278e+20,3.3564741417173403e+22
1677385945945.946,1887.386691511705,258323028.33691344,0,1.1846379323708259e+22,3.3564741417173403e+22,1.0079436875305324e+23,9.98453613406521e+19,1.3305241092422547e+17,5.540829056025895e+22,1.648734780940446e-39,1.0027755394395203e+20,0.0,0.0,9.976262363963394e+16,0.0,1.0069422425152021e+23,1.001445015330278e+20,3.3564741417173403e+22
1680544864864.865,1885.6680223808419,258276998.5764634,0,1.1846379323708259e+22,3.3564741417173403e+22,1.0079436875305324e+23,9.98453613406521e+19,1.3305241092422547e+17,5.540829056025895e+22,1.278132746105785e-39,1.0027755394395203e+20,0.0,0.0,9.976262363963394e+16,0.0,1.0069422425152021e+23,1.001445015330278e+20,3.3564741417173403e+22
1683703783783.784,1883.9493532499787,258231143.66005692,0,1.1846379323708259e+22,3.3564741417173403e+22,1.0079436875305324e+23,9.98453613406521e+19,1.3305241092422547e+17,5.540829056025895e+22,9.908345087110304e-40,1.0027755394395203e+20,0.0,0.0,9.976262363963394e+16,0.0,1.0069422425152021e+23,1.001445015330278e+20,3.3564741417173403e+22
1686862702702.7026,1882.2306841191155,258185464.1841449,0,1.1846379323708259e+22,3.3564741417173403e+22,1.0079436875305324e+23,9.98453613406521e+19,1.3305241092422547e+17,5.540829056025895e+22,7.681150699282484e-40,1.0027755394395203e+20,0.0,0.0,9.976262363963394e+16,0.0,1.0069422425152021e+23,1.001445015330278e+20,3.3564741417173403e+22
1690021621621.6218,1880.5120149882523,258139960.74944562,0,1.1846379323708259e+22,3.3564741417173403e+22,1.0079436875305324e+23,9.98453613406521e+19,1.3305241092422547e+17,5.540829056025895e+22,5.9545842970124806e-40,1.0027755394395203e+20,0.0,0.0,9.976262363963394e+16,0.0,1.0069422425152021e+23,1.001445015330278e+20,3.3564741417173403e+22
1693180540540.5408,1878.793345857389,258094633.96095422,0,1.1846379323708259e+22,3.3564741417173403e+22,1.0079436875305324e+23,9.98453613406521e+19,1.3305241092422547e+17,5.540829056025895e+22,4.616114894548256e-40,1.0027755394395203e+20,0.0,0.0,9.976262363963394e+16,0.0,1.0069422425152021e+23,1.001445015330278e+20,3.3564741417173403e+22
1696339459459.4595,1877.074676726526,258049484.42795005,0,1.1846379323708259e+22,3.3564741417173403e+22,1.0079436875305324e+23,9.98453613406521e+19,1.3305241092422547e+17,5.540829056025895e+22,3.578506182263825e-40,1.0027755394395203e+20,0.0,0.0,9.976262363963394e+16,0.0,1.0069422425152021e+23,1.001445015330278e+20,3.3564741417173403e+22
1699498378378.3784,1875.3560075956627,258004512.76400334,0,1.1846379323708259e+22,3.3564741417173403e+22,1.0079436875305324e+23,9.98453613406521e+19,1.3305241092422547e+17,5.540829056025895e+22,2.7741307980926268e-40,1.0027755394395203e+20,0.0,0.0,9.976262363963394e+16,0.0,1.0069422425152021e+23,1.001445015330278e+20,3.3564741417173403e+22
1702657297297.2974,1873.6373384647995,257959719.58697978,0,1.1846379323708259e+22,3.3564741417173403e+22,1.0079436875305324e+23,9.98453613406521e+19,1.3305241092422547e+17,5.540829056025895e+22,2.1505626350650977e-40,1.0027755394395203e+20,0.0,0.0,9.976262363963394e+16,0.0,1.0069422425152021e+23,1.001445015330278e+20,3.3564741417173403e+22
1705816216216.2163,1871.9186693339364,257915105.51904362,0,1.1846379323708259e+22,3.3564741417173403e+22,1.0079436875305324e+23,9.98453613406521e+19,1.3305241092422547e+17,5.540829056025895e+22,1.6671599084361967e-40,1.0027755394395203e+20,0.0,0.0,9.976262363963394e+16,0.0,1.0069422425152021e+23,1.001445015330278e+20,3.3564741417173403e+22
1708975135135.1353,1870.2000002030732,257870671.18665916,0,1.1846379323708259e+22,3.3564741417173403e+22,1.0079436875305324e+23,9.98453613406521e+19,1.3305241092422547e+17,5.540829056025895e+22,1.29241627980431e-40,1.0027755394395203e+20,0.0,0.0,9.976262363963394e+16,0.0,1.0069422425152021e+23,1.001445015330278e+20,3.3564741417173403e+22
1712134054054.0542,1868.48133107221,257826417.22059023,0,1.1846379323708259e+22,3.3564741417173403e+22,1.0079436875305324e+23,9.98453613406521e+19,1.3305241092422547e+17,5.540829056025895e+22,1.0019073946361863e-40,1.0027755394395203e+20,0.0,0.0,9.976262363963394e+16,0.0,1.0069422425152021e+23,1.001445015330278e+20,3.3564741417173403e+22
1715292972972.9731,1866.7626619413468,257782344.2558982,0,1.1846379323708259e+22,3.3564741417173403e+22,1.0079436875305324e+23,9.98453613406521e+19,1.3305241092422547e+17,5.540829056025895e+22,7.766989963780578e-41,1.0027755394395203e+20,0.0,0.0,9.976262363963394e+16,0.0,1.0069422425152021e+23,1.001445015330278e+20,3.3564741417173403e+22
1718451891891.8918,1865.0439928104836,257738452.93193743,0,1.1846379323708259e+22,3.3564741417173403e+22,1.0079436875305324e+23,9.98453613406521e+19,1.3305241092422547e+17,5.540829056025895e+22,6.021128641272671e-41,1.0027755394395203e+20,0.0,0.0,9.976262363963394e+16,0.0,1.0069422425152021e+23,1.001445015330278e+20,3.3564741417173403e+22
1721610810810.811,1863.3253236796204,257694743.89234954,0,1.1846379323708259e+22,3.3564741417173403e+22,1.0079436875305324e+23,9.98453613406521e+19,1.3305241092422547e+17,5.540829056025895e+22,4.667701424080052e-41,1.0027755394395203e+20,0.0,0.0,9.976262363963394e+16,0.0,1.0069422425152021e+23,1.001445015330278e+20,3.3564741417173403e+22
1724769729729.73,1861.6066545487572,257651217.7850548,0,1.1846379323708259e+22,3.3564741417173403e+22,1.0079436875305324e+23,9.98453613406521e+19,1.3305241092422547e+17,5.540829056025895e+22,3.618497109497696e-41,1.0027755394395203e+20,0.0,0.0,9.976262363963394e+16,0.0,1.0069422425152021e+23,1.001445015330278e+20,3.3564741417173403e+22
1727928648648.6487,1859.887985417894,257607875.2622418,0,1.1846379323708259e+22,3.3564741417173403e+22,1.0079436875305324e+23,9.98453613406521e+19,1.3305241092422547e+17,5.540829056025895e+22,2.8051325785097226e-41,1.0027755394395203e+20,0.0,0.0,9.976262363963394e+16,0.0,1.0069422425152021e+23,1.001445015330278e+20,3.3564741417173403e+22
1731087567567.5676,1858.1693162870308,257564716.98035455,0,1.1846379323708259e+22,3.3564741417173403e+22,1.0079436875305324e+23,9.98453613406521e+19,1.3305241092422547e+17,5.540829056025895e+22,2.174595845983393e-41,1.0027755394395203e+20,0.0,0.0,9.976262363963394e+16,0.0,1.0069422425152021e+23,1.001445015330278e+20,3.3564741417173403e+22
1734246486486.4866,1856.4506471561676,257521743.6000775,0,1.1846379323708259e+22,3.3564741417173403e+22,1.0079436875305324e+23,9.98453613406521e+19,1.3305241092422547e+17,5.540829056025895e+22,1.6857909425017355e-41,1.0027755394395203e+20,0.0,0.0,9.976262363963394e+16,0.0,1.0069422425152021e+23,1.001445015330278e+20,3.3564741417173403e+22
1737405405405.4055,1854.7319780253044,257478955.78631774,0,1.1846379323708259e+22,3.3564741417173403e+22,1.0079436875305324e+23,9.98453613406521e+19,1.3305241092422547e+17,5.540829056025895e+22,1.3068594364649553e-41,1.0027755394395203e+20,0.0,0.0,9.976262363963394e+16,0.0,1.0069422425152021e+23,1.001445015330278e+20,3.3564741417173403e+22
1740564324324.3245,1853.0133088944413,257436354.20818508,0,1.1846379323708259e+22,3.3564741417173403e+22,1.0079436875305324e+23,9.98453613406521e+19,1.3305241092422547e+17,5.540829056025895e+22,1.0131040235291468e-41,1.0027755394395203e+20,0.0,0.0,9.976262363963394e+16,0.0,1.0069422425152021e+23,1.001445015330278e+20,3.3564741417173403e+22
1743723243243.2434,1851.294639763578,257393939.53896904,0,1.1846379323708259e+22,3.3564741417173403e+22,1.0079436875305324e+23,9.98453613406521e+19,1.3305241092422547e+17,5.540829056025895e+22,7.853788508940909e-42,1.0027755394395203e+20,0.0,0.0,9.976262363963394e+16,0.0,1.0069422425152021e+23,1.001445015330278e+20,3.3564741417173403e+22
1746882162162.162,1849.5759706327149,257351712.4561131,0,1.1846379323708259e+22,3.3564741417173403e+22,1.0079436875305324e+23,9.98453613406521e+19,1.3305241092422547e+17,5.540829056025895e+22,6.088416639419033e-42,1.0027755394395203e+20,0.0,0.0,9.976262363963394e+16,0.0,1.0069422425152021e+23,1.001445015330278e+20,3.3564741417173403e+22
1750041081081.081,1847.8573015018517,257309673.64118633,0,1.1846379323708259e+22,3.3564741417173403e+22,1.0079436875305324e+23,9.98453613406521e+19,1.3305241092422547e+17,5.540829056025895e+22,4.719864449234234e-42,1.0027755394395203e+20,0.0,0.0,9.976262363963394e+16,0.0,1.0069422425152021e+23,1.001445015330278e+20,3.3564741417173403e+22
1753200000000.0002,1846.1386323709885,257267823.7798519,0,1.1846379323708259e+22,3.3564741417173403e+22,1.0079436875305324e+23,9.98453613406521e+19,1.3305241092422547e+17,5.540829056025895e+22,3.658934947866988e-42,1.0027755394395203e+20,0.0,0.0,9.976262363963394e+16,0.0,1.0069422425152021e+23,1.001445015330278e+20,3.3564741417173403e+22
1756358918918.9192,1844.4199632401253,257226163.56183243,0,1.1846379323708259e+22,3.3564741417173403e+22,1.0079436875305324e+23,9.98453613406521e+19,1.3305241092422547e+17,5.540829056025895e+22,2.8364808135315152e-42,1.0027755394395203e+20,0.0,0.0,9.976262363963394e+16,0.0,1.0069422425152021e+23,1.001445015330278e+20,3.3564741417173403e+22
1759517837837.838,1842.701294109262,257184693.68087196,0,1.1846379323708259e+22,3.3564741417173403e+22,1.0079436875305324e+23,9.98453613406521e+19,1.3305241092422547e+17,5.540829056025895e+22,2.198897635559955e-42,1.0027755394395203e+20,0.0,0.0,9.976262363963394e+16,0.0,1.0069422425152021e+23,1.001445015330278e+20,3.3564741417173403e+22
1762676756756.7568,1840.982624978399,257143414.83469504,0,1.1846379323708259e+22,3.3564741417173403e+22,1.0079436875305324e+23,9.98453613406521e+19,1.3305241092422547e+17,5.540829056025895e+22,1.7046301842074625e-42,1.0027755394395203e+20,0.0,0.0,9.976262363963394e+16,0.0,1.0069422425152021e+23,1.001445015330278e+20,3.3564741417173403e+22
1765835675675.6758,1839.2639558475357,257102327.7249618,0,1.1846379323708259e+22,3.3564741417173403e+22,1.0079436875305324e+23,9.98453613406521e+19,1.3305241092422547e+17,5.540829056025895e+22,1.321463999924311e-42,1.0027755394395203e+20,0.0,0.0,9.976262363963394e+16,0.0,1.0069422425152021e+23,1.001445015330278e+20,3.3564741417173403e+22
1768994594594.5947,1837.5452867166725,257061433.05721974,0,1.1846379323708259e+22,3.3564741417173403e+22,1.0079436875305324e+23,9.98453613406521e+19,1.3305241092422547e+17,5.540829056025895e+22,1.024425778256329e-42,1.0027755394395203e+20,0.0,0.0,9.976262363963394e+16,0.0,1.0069422425152021e+23,1.001445015330278e+20,3.3564741417173403e+22
1772153513513.5137,1835.8266175858093,257020731.5408518,0,1.1846379323708259e+22,3.3564741417173403e+22,1.0079436875305324e+23,9.98453613406521e+19,1.3305241092422547e+17,5.540829056025895e+22,7.941557055025292e-43,1.0027755394395203e+20,0.0,0.0,9.976262363963394e+16,0.0,1.0069422425152021e+23,1.001445015330278e+20,3.3564741417173403e+22
1775312432432.4326,1834.1079484549462,256980223.88902038,0,1.1846379323708259e+22,3.3564741417173403e+22,1.0079436875305324e+23,9.98453613406521e+19,1.3305241092422547e+17,5.540829056025895e+22,6.156456602016628e-43,1.0027755394395203e+20,0.0,0.0,9.976262363963394e+16,0.0,1.0069422425152021e+23,1.001445015330278e+20,3.3564741417173403e+22
1778471351351.3513,1832.389279324083,256939910.81860754,0,1.1846379323708259e+22,3.3564741417173403e+22,1.0079436875305324e+23,9.98453613406521e+19,1.3305241092422547e+17,5.540829056025895e+22,4.772610412529916e-43,1.0027755394395203e+20,0.0,0.0,9.976262363963394e+16,0.0,1.0069422425152021e+23,1.001445015330278e+20,3.3564741417173403e+22
1781630270270.2703,1830.6706101932198,256899793.05015093,0,1.1846379323708259e+22,3.3564741417173403e+22,1.0079436875305324e+23,9.98453613406521e+19,1.3305241092422547e+17,5.540829056025895e+22,3.699824691743592e-43,1.0027755394395203e+20,0.0,0.0,9.976262363963394e+16,0.0,1.0069422425152021e+23,1.001445015330278e+20,3.3564741417173403e+22
1784789189189.1895,1828.9519410623566,256859871.3077754,0,1.1846379323708259e+22,3.3564741417173403e+22,1.0079436875305324e+23,9.98453613406521e+19,1.3305241092422547e+17,5.540829056025895e+22,2.868179374896707e-43,1.0027755394395203e+20,0.0,0.0,9.976262363963394e+16,0.0,1.0069422425152021e+23,1.001445015330278e+20,3.3564741417173403e+22
1787948108108.1082,1827.2332719314934,256820146.31912047,0,1.1846379323708259e+22,3.3564741417173403e+22,1.0079436875305324e+23,9.98453613406521e+19,1.3305241092422547e+17,5.540829056025895e+22,2.2234710052453967e-43,1.0027755394395203e+20,0.0,0.0,9.976262363963394e+16,0.0,1.0069422425152021e+23,1.001445015330278e+20,3.3564741417173403e+22
1791107027027.027,1825.5146028006302,256780618.81526282,0,1.1846379323708259e+22,3.3564741417173403e+22,1.0079436875305324e+23,9.98453613406521e+19,1.3305241092422547e+17,5.540829056025895e+22,1.7236799603389587e-43,1.0027755394395203e+20,0.0,0.0,9.976262363963394e+16,0.0,1.0069422425152021e+23,1.001445015330278e+20,3.3564741417173403e+22
1794265945945.946,1823.795933669767,256741289.53063428,0,1.1846379323708259e+22,3.3564741417173403e+22,1.0079436875305324e+23,9.98453613406521e+19,1.3305241092422547e+17,5.540829056025895e+22,1.3362317739538982e-43,1.0027755394395203e+20,0.0,0.0,9.976262363963394e+16,0.0,1.0069422425152021e+23,1.001445015330278e+20,3.3564741417173403e+22
1797424864864.865,1822.0772645389038,256702159.2029348,0,1.1846379323708259e+22,3.3564741417173403e+22,1.0079436875305324e+23,9.98453613406521e+19,1.3305241092422547e+17,5.540829056025895e+22,1.0358740571381147e-43,1.0027755394395203e+20,0.0,0.0,9.976262363963394e+16,0.0,1.0069422425152021e+23,1.001445015330278e+20,3.3564741417173403e+22
1800583783783.784,1820.3585954080406,256663228.57304063,0,1.1846379323708259e+22,3.3564741417173403e+22,1.0079436875305324e+23,9.98453613406521e+19,1.3305241092422547e+17,5.540829056025895e+22,8.030306442097815e-44,1.0027755394395203e+20,0.0,0.0,9.976262363963394e+16,0.0,1.0069422425152021e+23,1.001445015330278e+20,3.3564741417173403e+22
1803742702702.703,1818.6399262771774,256624498.38490677,0,1.1846379323708259e+22,3.3564741417173403e+22,1.0079436875305324e+23,9.98453613406521e+19,1.3305241092422547e+17,5.540829056025895e+22,6.225256932503687e-44,1.0027755394395203e+20,0.0,0.0,9.976262363963394e+16,0.0,1.0069422425152021e+23,1.001445015330278e+20,3.3564741417173403e+22
1806901621621.6218,1816.9212571463142,256585969.38546455,0,1.1846379323708259e+22,3.3564741417173403e+22,1.0079436875305324e+23,9.98453613406521e+19,1.3305241092422547e+17,5.540829056025895e+22,4.825945828483385e-44,1.0027755394395203e+20,0.0,0.0,9.976262363963394e+16,0.0,1.0069422425152021e+23,1.001445015330278e+20,3.3564741417173403e+22
1810060540540.5405,1815.202588015451,256547642.32451347,0,1.1846379323708259e+22,3.3564741417173403e+22,1.0079436875305324e+23,9.98453613406521e+19,1.3305241092422547e+17,5.540829056025895e+22,3.7411713913130755e-44,1.0027755394395203e+20,0.0,0.0,9.976262363963394e+16,0.0,1.0069422425152021e+23,1.001445015330278e+20,3.3564741417173403e+22
1813219459459.4595,1813.4839188845879,256509517.95460695,0,1.1846379323708259e+22,3.3564741417173403e+22,1.0079436875305324e+23,9.98453613406521e+19,1.3305241092422547e+17,5.540829056025895e+22,2.9002321776118956e-44,1.0027755394395203e+20,0.0,0.0,9.976262363963394e+16,0.0,1.0069422425152021e+23,1.001445015330278e+20,3.3564741417173403e+22
1816378378378.3787,1811.7652497537247,256471597.03093275,0,1.1846379323708259e+22,3.3564741417173403e+22,1.0079436875305324e+23,9.98453613406521e+19,1.3305241092422547e+17,5.540829056025895e+22,2.2483189900324844e-44,1.0027755394395203e+20,0.0,0.0,9.976262363963394e+16,0.0,1.0069422425152021e+23,1.001445015330278e+20,3.3564741417173403e+22
1819537297297.2974,1810.0465806228615,256433880.31118706,0,1.1846379323708259e+22,3.3564741417173403e+22,1.0079436875305324e+23,9.98453613406521e+19,1.3305241092422547e+17,5.540829056025895e+22,1.742942623684363e-44,1.0027755394395203e+20,0.0,0.0,9.976262363963394e+16,0.0,1.0069422425152021e+23,1.001445015330278e+20,3.3564741417173403e+22
1822696216216.2163,1808.3279114919983,256396368.55544204,0,1.1846379323708259e+22,3.3564741417173403e+22,1.0079436875305324e+23,9.98453613406521e+19,1.3305241092422547e+17,5.540829056025895e+22,1.3511645824829507e-44,1.0027755394395203e+20,0.0,0.0,9.976262363963394e+16,0.0,1.0069422425152021e+23,1.001445015330278e+20,3.3564741417173403e+22
1825855135135.1353,1806.609242361135,256359062.52600724,0,1.1846379323708259e+22,3.3564741417173403e+22,1.0079436875305324e+23,9.98453613406521e+19,1.3305241092422547e+17,5.540829056025895e+22,1.047450274121554e-44,1.0027755394395203e+20,0.0,0.0,9.976262363963394e+16,0.0,1.0069422425152021e+23,1.001445015330278e+20,3.3564741417173403e+22
1829014054054.054,1804.890573230272,256321962.98728427,0,1.1846379323708259e+22,3.3564741417173403e+22,1.0079436875305324e+23,9.98453613406521e+19,1.3305241092422547e+17,5.540829056025895e+22,8.120047631363685e-45,1.0027755394395203e+20,0.0,0.0,9.976262363963394e+16,0.0,1.0069422425152021e+23,1.001445015330278e+20,3.3564741417173403e+22
1832172972972.9731,1803.1719040994087,256285070.7056147,0,1.1846379323708259e+22,3.3564741417173403e+22,1.0079436875305324e+23,9.98453613406521e+19,1.3305241092422547e+17,5.540829056025895e+22,6.29482612822949e-45,1.0027755394395203e+20,0.0,0.0,9.976262363963394e+16,0.0,1.0069422425152021e+23,1.001445015330278e+20,3.3564741417173403e+22
1835331891891.892,1801.4532349685455,256248386.4491205,0,1.1846379323708259e+22,3.3564741417173403e+22,1.0079436875305324e+23,9.98453613406521e+19,1.3305241092422547e+17,5.540829056025895e+22,4.8798772844126835e-45,1.0027755394395203e+20,0.0,0.0,9.976262363963394e+16,0.0,1.0069422425152021e+23,1.001445015330278e+20,3.3564741417173403e+22
1838490810810.811,1799.7345658376823,256211910.98753786,0,1.1846379323708259e+22,3.3564741417173403e+22,1.0079436875305324e+23,9.98453613406521e+19,1.3305241092422547e+17,5.540829056025895e+22,3.7829801531984035e-45,1.0027755394395203e+20,0.0,0.0,9.976262363963394e+16,0.0,1.0069422425152021e+23,1.001445015330278e+20,3.3564741417173403e+22
1841649729729.7297,1798.0158967068191,256175645.09204328,0,1.1846379323708259e+22,3.3564741417173403e+22,1.0079436875305324e+23,9.98453613406521e+19,1.3305241092422547e+17,5.540829056025895e+22,2.932643180435101e-45,1.0027755394395203e+20,0.0,0.0,9.976262363963394e+16,0.0,1.0069422425152021e+23,1.001445015330278e+20,3.3564741417173403e+22
1844808648648.6487,1796.297227575956,256139589.53507167,0,1.1846379323708259e+22,3.3564741417173403e+22,1.0079436875305324e+23,9.98453613406521e+19,1.3305241092422547e+17,5.540829056025895e+22,2.2734446588309776e-45,1.0027755394395203e+20,0.0,0.0,9.976262363963394e+16,0.0,1.0069422425152021e+23,1.001445015330278e+20,3.3564741417173403e+22
1847967567567.5679,1794.5785584450928,256103745.09012726,0,1.1846379323708259e+22,3.3564741417173403e+22,1.0079436875305324e+23,9.98453613406521e+19,1.3305241092422547e+17,5.540829056025895e+22,1.76242055332496e-45,1.0027755394395203e+20,0.0,0.0,9.976262363963394e+16,0.0,1.0069422425152021e+23,1.001445015330278e+20,3.3564741417173403e+22
1851126486486.4866,1792.8598893142296,256068112.53158614,0,1.1846379323708259e+22,3.3564741417173403e+22,1.0079436875305324e+23,9.98453613406521e+19,1.3305241092422547e+17,5.540829056025895e+22,1.366264269823683e-45,1.0027755394395203e+20,0.0,0.0,9.976262363963394e+16,0.0,1.0069422425152021e+23,1.001445015330278e+20,3.3564741417173403e+22
1854285405405.4055,1791.1412201833664,256032692.63449022,0,1.1846379323708259e+22,3.3564741417173403e+22,1.0079436875305324e+23,9.98453613406521e+19,1.3305241092422547e+17,5.540829056025895e+22,1.0591558589549983e-45,1.0027755394395203e+20,0.0,0.0,9.976262363963394e+16,0.0,1.0069422425152021e+23,1.001445015330278e+20,3.3564741417173403e+22
1857444324324.3245,1789.4225510525032,255997486.17433345,0,1.1846379323708259e+22,3.3564741417173403e+22,1.0079436875305324e+23,9.98453613406521e+19,1.3305241092422547e+17,5.540829056025895e+22,8.210791706523005e-46,1.0027755394395203e+20,0.0,0.0,9.976262363963394e+16,0.0,1.0069422425152021e+23,1.001445015330278e+20,3.3564741417173403e+22
1860603243243.2432,1787.70388192164,255962493.92683885,0,1.1846379323708259e+22,3.3564741417173403e+22,1.0079436875305324e+23,9.98453613406521e+19,1.3305241092422547e+17,5.540829056025895e+22,6.3651727815038584e-46,1.0027755394395203e+20,0.0,0.0,9.976262363963394e+16,0.0,1.0069422425152021e+23,1.001445015330278e+20,3.3564741417173403e+22
1863762162162.1624,1785.9852127907768,255927716.66772643,0,1.1846379323708259e+22,3.3564741417173403e+22,1.0079436875305324e+23,9.98453613406521e+19,1.3305241092422547e+17,5.540829056025895e+22,4.9344114412511984e-46,1.0027755394395203e+20,0.0,0.0,9.976262363963394e+16,0.0,1.0069422425152021e+23,1.001445015330278e+20,3.3564741417173403e+22
1866921081081.0813,1784.2665436599136,255893155.1724728,0,1.1846379323708259e+22,3.3564741417173403e+22,1.0079436875305324e+23,9.98453613406521e+19,1.3305241092422547e+17,5.540829056025895e+22,3.825256141090657e-46,1.0027755394395203e+20,0.0,0.0,9.976262363963394e+16,0.0,1.0069422425152021e+23,1.001445015330278e+20,3.3564741417173403e+22
1870080000000.0,1782.5478745290504,255858810.21606094,0,1.1846379323708259e+22,3.3564741417173403e+22,1.0079436875305324e+23,9.98453613406521e+19,1.3305241092422547e+17,5.540829056025895e+22,2.965416386364704e-46,1.0027755394395203e+20,0.0,0.0,9.976262363963394e+16,0.0,1.0069422425152021e+23,1.001445015330278e+20,3.3564741417173403e+22
1873238918918.919,1780.8292053981872,255824682.5727205,0,1.1846379323708259e+22,3.3564741417173403e+22,1.0079436875305324e+23,9.98453613406521e+19,1.3305241092422547e+17,5.540829056025895e+22,2.298851114846663e-46,1.0027755394395203e+20,0.0,0.0,9.976262363963394e+16,0.0,1.0069422425152021e+23,1.001445015330278e+20,3.3564741417173403e+22
1876397837837.838,1779.110536267324,255790773.0156584,0,1.1846379323708259e+22,3.3564741417173403e+22,1.0079436875305324e+23,9.98453613406521e+19,1.3305241092422547e+17,5.540829056025895e+22,1.78211615492901e-46,1.0027755394395203e+20,0.0,0.0,9.976262363963394e+16,0.0,1.0069422425152021e+23,1.001445015330278e+20,3.3564741417173403e+22
1879556756756.757,1777.3918671364609,255757082.3167797,0,1.1846379323708259e+22,3.3564741417173403e+22,1.0079436875305324e+23,9.98453613406521e+19,1.3305241092422547e+17,5.540829056025895e+22,1.3815327008990745e-46,1.0027755394395203e+20,0.0,0.0,9.976262363963394e+16,0.0,1.0069422425152021e+23,1.001445015330278e+20,3.3564741417173403e+22
1882715675675.6758,1775.6731980055977,255723611.2463981,0,1.1846379323708259e+22,3.3564741417173403e+22,1.0079436875305324e+23,9.98453613406521e+19,1.3305241092422547e+17,5.540829056025895e+22,1.070992257364684e-46,1.0027755394395203e+20,0.0,0.0,9.976262363963394e+16,0.0,1.0069422425152021e+23,1.001445015330278e+20,3.3564741417173403e+22
1885874594594.5947,1773.9545288747345,255690360.57293618,0,1.1846379323708259e+22,3.3564741417173403e+22,1.0079436875305324e+23,9.98453613406521e+19,1.3305241092422547e+17,5.540829056025895e+22,8.3025498751396965e-47,1.0027755394395203e+20,0.0,0.0,9.976262363963394e+16,0.0,1.0069422425152021e+23,1.001445015330278e+20,3.3564741417173403e+22
1889033513513.5137,1772.2358597438713,255657331.06261536,0,1.1846379323708259e+22,3.3564741417173403e+22,1.0079436875305324e+23,9.98453613406521e+19,1.3305241092422547e+17,5.540829056025895e+22,6.436305580658368e-47,1.0027755394395203e+20,0.0,0.0,9.976262363963394e+16,0.0,1.0069422425152021e+23,1.001445015330278e+20,3.3564741417173403e+22
1892192432432.4326,1770.517190613008,255624523.47913477,0,1.1846379323708259e+22,3.3564741417173403e+22,1.0079436875305324e+23,9.98453613406521e+19,1.3305241092422547e+17,5.540829056025895e+22,4.989555034370332e-47,1.0027755394395203e+20,0.0,0.0,9.976262363963394e+16,0.0,1.0069422425152021e+23,1.001445015330278e+20,3.3564741417173403e+22
1895351351351.3516,1768.798521482145,255591938.58333945,0,1.1846379323708259e+22,3.3564741417173403e+22,1.0079436875305324e+23,9.98453613406521e+19,1.3305241092422547e+17,5.540829056025895e+22,3.8680045763867783e-47,1.0027755394395203e+20,0.0,0.0,9.976262363963394e+16,0.0,1.0069422425152021e+23,1.001445015330278e+20,3.3564741417173403e+22
1898510270270.2705,1767.0798523512817,255559577.1328773,0,1.1846379323708259e+22,3.3564741417173403e+22,1.0079436875305324e+23,9.98453613406521e+19,1.3305241092422547e+17,5.540829056025895e+22,2.9985558431338466e-47,1.0027755394395203e+20,0.0,0.0,9.976262363963394e+16,0.0,1.0069422425152021e+23,1.001445015330278e+20,3.3564741417173403e+22
1901669189189.1892,1765.3611832204185,255527439.88184494,0,1.1846379323708259e+22,3.3564741417173403e+22,1.0079436875305324e+23,9.98453613406521e+19,1.3305241092422547e+17,5.540829056025895e+22,2.3245414959646243e-47,1.0027755394395203e+20,0.0,0.0,9.976262363963394e+16,0.0,1.0069422425152021e+23,1.001445015330278e+20,3.3564741417173403e+22
1904828108108.1082,1763.6425140895553,255495527.5804221,0,1.1846379323708259e+22,3.3564741417173403e+22,1.0079436875305324e+23,9.98453613406521e+19,1.3305241092422547e+17,5.540829056025895e+22,1.8020318610488713e-47,1.0027755394395203e+20,0.0,0.0,9.976262363963394e+16,0.0,1.0069422425152021e+23,1.001445015330278e+20,3.3564741417173403e+22
1907987027027.0273,1761.9238449586921,255463840.97449413,0,1.1846379323708259e+22,3.3564741417173403e+22,1.0079436875305324e+23,9.98453613406521e+19,1.3305241092422547e+17,5.540829056025895e+22,1.3969717614732043e-47,1.0027755394395203e+20,0.0,0.0,9.976262363963394e+16,0.0,1.0069422425152021e+23,1.001445015330278e+20,3.3564741417173403e+22
1911145945945.946,1760.205175827829,255432380.80526304,0,1.1846379323708259e+22,3.3564741417173403e+22,1.0079436875305324e+23,9.98453613406521e+19,1.3305241092422547e+17,5.540829056025895e+22,1.0829609312332915e-47,1.0027755394395203e+20,0.0,0.0,9.976262363963394e+16,0.0,1.0069422425152021e+23,1.001445015330278e+20,3.3564741417173403e+22
1914304864864.865,1758.4865066969658,255401147.80884647,0,1.1846379323708259e+22,3.3564741417173403e+22,1.0079436875305324e+23,9.98453613406521e+19,1.3305241092422547e+17,5.540829056025895e+22,8.395333470025722e-48,1.0027755394395203e+20,0.0,0.0,9.976262363963394e+16,0.0,1.0069422425152021e+23,1.001445015330278e+20,3.3564741417173403e+22
1917463783783.784,1756.7678375661026,255370142.71586475,0,1.1846379323708259e+22,3.3564741417173403e+22,1.0079436875305324e+23,9.98453613406521e+19,1.3305241092422547e+17,5.540829056025895e+22,6.508233311119417e-48,1.0027755394395203e+20,0.0,0.0,9.976262363963394e+16,0.0,1.0069422425152021e+23,1.001445015330278e+20,3.3564741417173403e+22
1920622702702.703,1755.0491684352394,255339366.2510155,0,1.1846379323708259e+22,3.3564741417173403e+22,1.0079436875305324e+23,9.98453613406521e+19,1.3305241092422547e+17,5.540829056025895e+22,5.045314874411372e-48,1.0027755394395203e+20,0.0,0.0,9.976262363963394e+16,0.0,1.0069422425152021e+23,1.001445015330278e+20,3.3564741417173403e+22
1923781621621.6218,1753.3304993043762,255308819.13263616,0,1.1846379323708259e+22,3.3564741417173403e+22,1.0079436875305324e+23,9.98453613406521e+19,1.3305241092422547e+17,5.540829056025895e+22,3.911230738834459e-48,1.0027755394395203e+20,0.0,0.0,9.976262363963394e+16,0.0,1.0069422425152021e+23,1.001445015330278e+20,3.3564741417173403e+22
1926940540540.5408,1751.611830173513,255278502.0722539,0,1.1846379323708259e+22,3.3564741417173403e+22,1.0079436875305324e+23,9.98453613406521e+19,1.3305241092422547e+17,5.540829056025895e+22,3.032065643710356e-48,1.0027755394395203e+20,0.0,0.0,9.976262363963394e+16,0.0,1.0069422425152021e+23,1.001445015330278e+20,3.3564741417173403e+22
1930099459459.4597,1749.8931610426498,255248415.7741234,0,1.1846379323708259e+22,3.3564741417173403e+22,1.0079436875305324e+23,9.98453613406521e+19,1.3305241092422547e+17,5.540829056025895e+22,2.350518975136793e-48,1.0027755394395203e+20,0.0,0.0,9.976262363963394e+16,0.0,1.0069422425152021e+23,1.001445015330278e+20,3.3564741417173403e+22
1933258378378.3784,1748.1744919117866,255218560.93475148,0,1.1846379323708259e+22,3.3564741417173403e+22,1.0079436875305324e+23,9.98453613406521e+19,1.3305241092422547e+17,5.540829056025895e+22,1.822170131421436e-48,1.0027755394395203e+20,0.0,0.0,9.976262363963394e+16,0.0,1.0069422425152021e+23,1.001445015330278e+20,3.3564741417173403e+22
1936417297297.2974,1746.4558227809234,255188938.24240944,0,1.1846379323708259e+22,3.3564741417173403e+22,1.0079436875305324e+23,9.98453613406521e+19,1.3305241092422547e+17,5.540829056025895e+22,1.412583358384155e-48,1.0027755394395203e+20,0.0,0.0,9.976262363963394e+16,0.0,1.0069422425152021e+23,1.001445015330278e+20,3.3564741417173403e+22
1939576216216.2166,1744.7371536500602,255159548.37663272,0,1.1846379323708259e+22,3.3564741417173403e+22,1.0079436875305324e+23,9.98453613406521e+19,1.3305241092422547e+17,5.540829056025895e+22,1.0950633587804975e-48,1.0027755394395203e+20,0.0,0.0,9.976262363963394e+16,0.0,1.0069422425152021e+23,1.001445015330278e+20,3.3564741417173403e+22
1942735135135.1353,1743.018484519197,255130392.0077076,0,1.1846379323708259e+22,3.3564741417173403e+22,1.0079436875305324e+23,9.98453613406521e+19,1.3305241092422547e+17,5.540829056025895e+22,8.489153950640762e-49,1.0027755394395203e+20,0.0,0.0,9.976262363963394e+16,0.0,1.0069422425152021e+23,1.001445015330278e+20,3.3564741417173403e+22
1945894054054.0542,1741.2998153883339,255101469.7961454,0,1.1846379323708259e+22,3.3564741417173403e+22,1.0079436875305324e+23,9.98453613406521e+19,1.3305241092422547e+17,5.540829056025895e+22,6.580964856493299e-49,1.0027755394395203e+20,0.0,0.0,9.976262363963394e+16,0.0,1.0069422425152021e+23,1.001445015330278e+20,3.3564741417173403e+22
1949052972972.9731,1739.5811462574707,255072782.39214385,0,1.1846379323708259e+22,3.3564741417173403e+22,1.0079436875305324e+23,9.98453613406521e+19,1.3305241092422547e+17,5.540829056025895e+22,5.1016978481266545e-49,1.0027755394395203e+20,0.0,0.0,9.976262363963394e+16,0.0,1.0069422425152021e+23,1.001445015330278e+20,3.3564741417173403e+22
1952211891891.8918,1737.8624771266075,255044330.4350357,0,1.1846379323708259e+22,3.3564741417173403e+22,1.0079436875305324e+23,9.98453613406521e+19,1.3305241092422547e+17,5.540829056025895e+22,3.954939967184224e-49,1.0027755394395203e+20,0.0,0.0,9.976262363963394e+16,0.0,1.0069422425152021e+23,1.001445015330278e+20,3.3564741417173403e+22
1955370810810.811,1736.1438079957443,255016114.5527248,0,1.1846379323708259e+22,3.3564741417173403e+22,1.0079436875305324e+23,9.98453613406521e+19,1.3305241092422547e+17,5.540829056025895e+22,3.065949926802257e-49,1.0027755394395203e+20,0.0,0.0,9.976262363963394e+16,0.0,1.0069422425152021e+23,1.001445015330278e+20,3.3564741417173403e+22
1958529729729.73,1734.425138864881,254988135.36110952,0,1.1846379323708259e+22,3.3564741417173403e+22,1.0079436875305324e+23,9.98453613406521e+19,1.3305241092422547e+17,5.540829056025895e+22,2.3767867607738338e-49,1.0027755394395203e+20,0.0,0.0,9.976262363963394e+16,0.0,1.0069422425152021e+23,1.001445015330278e+20,3.3564741417173403e+22
1961688648648.649,1732.706469734018,254960393.46349373,0,1.1846379323708259e+22,3.3564741417173403e+22,1.0079436875305324e+23,9.98453613406521e+19,1.3305241092422547e+17,5.540829056025895e+22,1.8425334532719268e-49,1.0027755394395203e+20,0.0,0.0,9.976262363963394e+16,0.0,1.0069422425152021e+23,1.001445015330278e+20,3.3564741417173403e+22
1964847567567.5676,1730.9878006031547,254932889.44998568,0,1.1846379323708259e+22,3.3564741417173403e+22,1.0079436875305324e+23,9.98453613406521e+19,1.3305241092422547e+17,5.540829056025895e+22,1.4283694197795226e-49,1.0027755394395203e+20,0.0,0.0,9.976262363963394e+16,0.0,1.0069422425152021e+23,1.001445015330278e+20,3.3564741417173403e+22
1968006486486.4866,1729.2691314722915,254905623.89688432,0,1.1846379323708259e+22,3.3564741417173403e+22,1.0079436875305324e+23,9.98453613406521e+19,1.3305241092422547e+17,5.540829056025895e+22,1.1073010347455466e-49,1.0027755394395203e+20,0.0,0.0,9.976262363963394e+16,0.0,1.0069422425152021e+23,1.001445015330278e+20,3.3564741417173403e+22
1971165405405.4058,1727.5504623414283,254878597.36605385,0,1.1846379323708259e+22,3.3564741417173403e+22,1.0079436875305324e+23,9.98453613406521e+19,1.3305241092422547e+17,5.540829056025895e+22,8.58402290450755e-50,1.0027755394395203e+20,0.0,0.0,9.976262363963394e+16,0.0,1.0069422425152021e+23,1.001445015330278e+20,3.3564741417173403e+22
1974324324324.3245,1725.8317932105651,254851810.40428665,0,1.1846379323708259e+22,3.3564741417173403e+22,1.0079436875305324e+23,9.98453613406521e+19,1.3305241092422547e+17,5.540829056025895e+22,6.6545091996633845e-50,1.0027755394395203e+20,0.0,0.0,9.976262363963394e+16,0.0,1.0069422425152021e+23,1.001445015330278e+20,3.3564741417173403e+22
1977483243243.2434,1724.113124079702,254825263.54265437,0,1.1846379323708259e+22,3.3564741417173403e+22,1.0079436875305324e+23,9.98453613406521e+19,1.3305241092422547e+17,5.540829056025895e+22,5.158710919230128e-50,1.0027755394395203e+20,0.0,0.0,9.976262363963394e+16,0.0,1.0069422425152021e+23,1.001445015330278e+20,3.3564741417173403e+22
1980642162162.1624,1722.3944549488388,254798957.29584822,0,1.1846379323708259e+22,3.3564741417173403e+22,1.0079436875305324e+23,9.98453613406521e+19,1.3305241092422547e+17,5.540829056025895e+22,3.999137659848802e-50,1.0027755394395203e+20,0.0,0.0,9.976262363963394e+16,0.0,1.0069422425152021e+23,1.001445015330278e+20,3.3564741417173403e+22
1983801081081.081,1720.6757858179756,254772892.16150784,0,1.1846379323708259e+22,3.3564741417173403e+22,1.0079436875305324e+23,9.98453613406521e+19,1.3305241092422547e+17,5.540829056025895e+22,3.10021287736893e-50,1.0027755394395203e+20,0.0,0.0,9.976262363963394e+16,0.0,1.0069422425152021e+23,1.001445015330278e+20,3.3564741417173403e+22
1986960000000.0002,1718.9571166871124,254747068.61954018,0,1.1846379323708259e+22,3.3564741417173403e+22,1.0079436875305324e+23,9.98453613406521e+19,1.3305241092422547e+17,5.540829056025895e+22,2.4033480971414026e-50,1.0027755394395203e+20,0.0,0.0,9.976262363963394e+16,0.0,1.0069422425152021e+23,1.001445015330278e+20,3.3564741417173403e+22
1990118918918.9192,1717.2384475562492,254721487.13142776,0,1.1846379323708259e+22,3.3564741417173403e+22,1.0079436875305324e+23,9.98453613406521e+19,1.3305241092422547e+17,5.540829056025895e+22,1.863124341621086e-50,1.0027755394395203e+20,0.0,0.0,9.976262363963394e+16,0.0,1.0069422425152021e+23,1.001445015330278e+20,3.3564741417173403e+22
1993277837837.838,1715.519778425386,254696148.13952765,0,1.1846379323708259e+22,3.3564741417173403e+22,1.0079436875305324e+23,9.98453613406521e+19,1.3305241092422547e+17,5.540829056025895e+22,1.444331895354555e-50,1.0027755394395203e+20,0.0,0.0,9.976262363963394e+16,0.0,1.0069422425152021e+23,1.001445015330278e+20,3.3564741417173403e+22
1996436756756.7568,1713.8011092945228,254671052.0663607,0,1.1846379323708259e+22,3.3564741417173403e+22,1.0079436875305324e+23,9.98453613406521e+19,1.3305241092422547e+17,5.540829056025895e+22,1.119675470571863e-50,1.0027755394395203e+20,0.0,0.0,9.976262363963394e+16,0.0,1.0069422425152021e+23,1.001445015330278e+20,3.3564741417173403e+22
1999595675675.6758,1712.0824401636596,254646199.31389272,0,1.1846379323708259e+22,3.3564741417173403e+22,1.0079436875305324e+23,9.98453613406521e+19,1.3305241092422547e+17,5.540829056025895e+22,8.679952048643019e-51,1.0027755394395203e+20,0.0,0.0,9.976262363963394e+16,0.0,1.0069422425152021e+23,1.001445015330278e+20,3.3564741417173403e+22
2002754594594.5947,1710.3637710327964,254621590.2628067,0,1.1846379323708259e+22,3.3564741417173403e+22,1.0079436875305324e+23,9.98453613406521e+19,1.3305241092422547e+17,5.540829056025895e+22,6.728875423899588e-51,1.0027755394395203e+20,0.0,0.0,9.976262363963394e+16,0.0,1.0069422425152021e+23,1.001445015330278e+20,3.3564741417173403e+22
2005913513513.5137,1708.6451019019332,254597225.27176815,0,1.1846379323708259e+22,3.3564741417173403e+22,1.0079436875305324e+23,9.98453613406521e+19,1.3305241092422547e+17,5.540829056025895e+22,5.216361129257432e-51,1.0027755394395203e+20,0.0,0.0,9.976262363963394e+16,0.0,1.0069422425152021e+23,1.001445015330278e+20,3.3564741417173403e+22
2009072432432.4326,1706.92643277107,254573104.67668316,0,1.1846379323708259e+22,3.3564741417173403e+22,1.0079436875305324e+23,9.98453613406521e+19,1.3305241092422547e+17,5.540829056025895e+22,4.043829275569884e-51,1.0027755394395203e+20,0.0,0.0,9.976262363963394e+16,0.0,1.0069422425152021e+23,1.001445015330278e+20,3.3564741417173403e+22
2012231351351.3516,1705.2077636402068,254549228.7899504,0,1.1846379323708259e+22,3.3564741417173403e+22,1.0079436875305324e+23,9.98453613406521e+19,1.3305241092422547e+17,5.540829056025895e+22,3.1348587271379924e-51,1.0027755394395203e+20,0.0,0.0,9.976262363963394e+16,0.0,1.0069422425152021e+23,1.001445015330278e+20,3.3564741417173403e+22
2015390270270.2703,1703.4890945093437,254525597.8997074,0,1.1846379323708259e+22,3.3564741417173403e+22,1.0079436875305324e+23,9.98453613406521e+19,1.3305241092422547e+17,5.540829056025895e+22,2.430206264760843e-51,1.0027755394395203e+20,0.0,0.0,9.976262363963394e+16,0.0,1.0069422425152021e+23,1.001445015330278e+20,3.3564741417173403e+22
2018549189189.1895,1701.7704253784805,254502212.26907256,0,1.1846379323708259e+22,3.3564741417173403e+22,1.0079436875305324e+23,9.98453613406521e+19,1.3305241092422547e+17,5.540829056025895e+22,1.883945339595802e-51,1.0027755394395203e+20,0.0,0.0,9.976262363963394e+16,0.0,1.0069422425152021e+23,1.001445015330278e+20,3.3564741417173403e+22
2021708108108.1084,1700.0517562476173,254479072.13538283,0,1.1846379323708259e+22,3.3564741417173403e+22,1.0079436875305324e+23,9.98453613406521e+19,1.3305241092422547e+17,5.540829056025895e+22,1.460472756592957e-51,1.0027755394395203e+20,0.0,0.0,9.976262363963394e+16,0.0,1.0069422425152021e+23,1.001445015330278e+20,3.3564741417173403e+22
2024867027027.027,1698.333087116754,254456177.70942858,0,1.1846379323708259e+22,3.3564741417173403e+22,1.0079436875305324e+23,9.98453613406521e+19,1.3305241092422547e+17,5.540829056025895e+22,1.1321881945937237e-51,1.0027755394395203e+20,0.0,0.0,9.976262363963394e+16,0.0,1.0069422425152021e+23,1.001445015330278e+20,3.3564741417173403e+22
2028025945945.946,1696.614417985891,254433529.17468664,0,1.1846379323708259e+22,3.3564741417173403e+22,1.0079436875305324e+23,9.98453613406521e+19,1.3305241092422547e+17,5.540829056025895e+22,8.776953231005425e-52,1.0027755394395203e+20,0.0,0.0,9.976262363963394e+16,0.0,1.0069422425152021e+23,1.001445015330278e+20,3.3564741417173403e+22
2031184864864.865,1694.8957488550277,254411126.6865518,0,1.1846379323708259e+22,3.3564741417173403e+22,1.0079436875305324e+23,9.98453613406521e+19,1.3305241092422547e+17,5.540829056025895e+22,6.804072713980199e-52,1.0027755394395203e+20,0.0,0.0,9.976262363963394e+16,0.0,1.0069422425152021e+23,1.001445015330278e+20,3.3564741417173403e+22
2034343783783.784,1693.1770797241645,254388970.37156895,0,1.1846379323708259e+22,3.3564741417173403e+22,1.0079436875305324e+23,9.98453613406521e+19,1.3305241092422547e+17,5.540829056025895e+22,5.274655598435562e-52,1.0027755394395203e+20,0.0,0.0,9.976262363963394e+16,0.0,1.0069422425152021e+23,1.001445015330278e+20,3.3564741417173403e+22
2037502702702.703,1691.4584105933013,254367060.32666528,0,1.1846379323708259e+22,3.3564741417173403e+22,1.0079436875305324e+23,9.98453613406521e+19,1.3305241092422547e+17,5.540829056025895e+22,4.089020334092301e-52,1.0027755394395203e+20,0.0,0.0,9.976262363963394e+16,0.0,1.0069422425152021e+23,1.001445015330278e+20,3.3564741417173403e+22
2040661621621.6218,1689.7397414624381,254345396.6183856,0,1.1846379323708259e+22,3.3564741417173403e+22,1.0079436875305324e+23,9.98453613406521e+19,1.3305241092422547e+17,5.540829056025895e+22,3.1698917551279382e-52,1.0027755394395203e+20,0.0,0.0,9.976262363963394e+16,0.0,1.0069422425152021e+23,1.001445015330278e+20,3.3564741417173403e+22
2043820540540.5405,1688.021072331575,254323979.28213048,0,1.1846379323708259e+22,3.3564741417173403e+22,1.0079436875305324e+23,9.98453613406521e+19,1.3305241092422547e+17,5.540829056025895e+22,2.4573645808143502e-52,1.0027755394395203e+20,0.0,0.0,9.976262363963394e+16,0.0,1.0069422425152021e+23,1.001445015330278e+20,3.3564741417173403e+22
2046979459459.4595,1686.3024032007118,254302808.32139874,0,1.1846379323708259e+22,3.3564741417173403e+22,1.0079436875305324e+23,9.98453613406521e+19,1.3305241092422547e+17,5.540829056025895e+22,1.9049990187432017e-52,1.0027755394395203e+20,0.0,0.0,9.976262363963394e+16,0.0,1.0069422425152021e+23,1.001445015330278e+20,3.3564741417173403e+22
2050138378378.3787,1684.5837340698486,254281883.70703655,0,1.1846379323708259e+22,3.3564741417173403e+22,1.0079436875305324e+23,9.98453613406521e+19,1.3305241092422547e+17,5.540829056025895e+22,1.4767939970103798e-52,1.0027755394395203e+20,0.0,0.0,9.976262363963394e+16,0.0,1.0069422425152021e+23,1.001445015330278e+20,3.3564741417173403e+22
2053297297297.2976,1682.8650649389854,254261205.37649256,0,1.1846379323708259e+22,3.3564741417173403e+22,1.0079436875305324e+23,9.98453613406521e+19,1.3305241092422547e+17,5.540829056025895e+22,1.144840752225021e-52,1.0027755394395203e+20,0.0,0.0,9.976262363963394e+16,0.0,1.0069422425152021e+23,1.001445015330278e+20,3.3564741417173403e+22
2056456216216.2163,1681.1463958081222,254240773.23308253,0,1.1846379323708259e+22,3.3564741417173403e+22,1.0079436875305324e+23,9.98453613406521e+19,1.3305241092422547e+17,5.540829056025895e+22,8.875038431957682e-53,1.0027755394395203e+20,0.0,0.0,9.976262363963394e+16,0.0,1.0069422425152021e+23,1.001445015330278e+20,3.3564741417173403e+22
2059615135135.1353,1679.427726677259,254220587.145263,0,1.1846379323708259e+22,3.3564741417173403e+22,1.0079436875305324e+23,9.98453613406521e+19,1.3305241092422547e+17,5.540829056025895e+22,6.88011035732629e-53,1.0027755394395203e+20,0.0,0.0,9.976262363963394e+16,0.0,1.0069422425152021e+23,1.001445015330278e+20,3.3564741417173403e+22
2062774054054.0542,1677.7090575463958,254200646.94591668,0,1.1846379323708259e+22,3.3564741417173403e+22,1.0079436875305324e+23,9.98453613406521e+19,1.3305241092422547e+17,5.540829056025895e+22,5.333601526562289e-53,1.0027755394395203e+20,0.0,0.0,9.976262363963394e+16,0.0,1.0069422425152021e+23,1.001445015330278e+20,3.3564741417173403e+22
2065932972972.9731,1675.9903884155326,254180952.43165073,0,1.1846379323708259e+22,3.3564741417173403e+22,1.0079436875305324e+23,9.98453613406521e+19,1.3305241092422547e+17,5.540829056025895e+22,4.134716416845764e-53,1.0027755394395203e+20,0.0,0.0,9.976262363963394e+16,0.0,1.0069422425152021e+23,1.001445015330278e+20,3.3564741417173403e+22
2069091891891.892,1674.2717192846694,254161503.36210883,0,1.1846379323708259e+22,3.3564741417173403e+22,1.0079436875305324e+23,9.98453613406521e+19,1.3305241092422547e+17,5.540829056025895e+22,3.2053162881766353e-53,1.0027755394395203e+20,0.0,0.0,9.976262363963394e+16,0.0,1.0069422425152021e+23,1.001445015330278e+20,3.3564741417173403e+22
2072250810810.811,1672.5530501538062,254142299.45929953,0,1.1846379323708259e+22,3.3564741417173403e+22,1.0079436875305324e+23,9.98453613406521e+19,1.3305241092422547e+17,5.540829056025895e+22,2.484826399554669e-53,1.0027755394395203e+20,0.0,0.0,9.976262363963394e+16,0.0,1.0069422425152021e+23,1.001445015330278e+20,3.3564741417173403e+22
2075409729729.7297,1670.834381022943,254123340.40694156,0,1.1846379323708259e+22,3.3564741417173403e+22,1.0079436875305324e+23,9.98453613406521e+19,1.3305241092422547e+17,5.540829056025895e+22,1.9262879793482551e-53,1.0027755394395203e+20,0.0,0.0,9.976262363963394e+16,0.0,1.0069422425152021e+23,1.001445015330278e+20,3.3564741417173403e+22
2078568648648.6487,1669.1157118920798,254104625.84982848,0,1.1846379323708259e+22,3.3564741417173403e+22,1.0079436875305324e+23,9.98453613406521e+19,1.3305241092422547e+17,5.540829056025895e+22,1.4932976324006358e-53,1.0027755394395203e+20,0.0,0.0,9.976262363963394e+16,0.0,1.0069422425152021e+23,1.001445015330278e+20,3.3564741417173403e+22
2081727567567.5676,1667.3970427612167,254086155.39321375,0,1.1846379323708259e+22,3.3564741417173403e+22,1.0079436875305324e+23,9.98453613406521e+19,1.3305241092422547e+17,5.540829056025895e+22,1.1576347061501297e-53,1.0027755394395203e+20,0.0,0.0,9.976262363963394e+16,0.0,1.0069422425152021e+23,1.001445015330278e+20,3.3564741417173403e+22
2084886486486.4866,1665.6783736303535,254067928.6022176,0,1.1846379323708259e+22,3.3564741417173403e+22,1.0079436875305324e+23,9.98453613406521e+19,1.3305241092422547e+17,5.540829056025895e+22,8.974219765746993e-54,1.0027755394395203e+20,0.0,0.0,9.976262363963394e+16,0.0,1.0069422425152021e+23,1.001445015330278e+20,3.3564741417173403e+22
2088045405405.4053,1663.9597044994903,254049945.00125885,0,1.1846379323708259e+22,3.3564741417173403e+22,1.0079436875305324e+23,9.98453613406521e+19,1.3305241092422547e+17,5.540829056025895e+22,6.95699774514876e-54,1.0027755394395203e+20,0.0,0.0,9.976262363963394e+16,0.0,1.0069422425152021e+23,1.001445015330278e+20,3.3564741417173403e+22
2091204324324.3247,1662.2410353686269,254032204.07351062,0,1.1846379323708259e+22,3.3564741417173403e+22,1.0079436875305324e+23,9.98453613406521e+19,1.3305241092422547e+17,5.540829056025895e+22,5.393206193895371e-54,1.0027755394395203e+20,0.0,0.0,9.976262363963394e+16,0.0,1.0069422425152021e+23,1.001445015330278e+20,3.3564741417173403e+22
2094363243243.2437,1660.5223662377637,254014705.2603848,0,1.1846379323708259e+22,3.3564741417173403e+22,1.0079436875305324e+23,9.98453613406521e+19,1.3305241092422547e+17,5.540829056025895e+22,4.1809231676342064e-54,1.0027755394395203e+20,0.0,0.0,9.976262363963394e+16,0.0,1.0069422425152021e+23,1.001445015330278e+20,3.3564741417173403e+22
2097522162162.1624,1658.8036971069005,253997447.96104425,0,1.1846379323708259e+22,3.3564741417173403e+22,1.0079436875305324e+23,9.98453613406521e+19,1.3305241092422547e+17,5.540829056025895e+22,3.241136701475717e-54,1.0027755394395203e+20,0.0,0.0,9.976262363963394e+16,0.0,1.0069422425152021e+23,1.001445015330278e+20,3.3564741417173403e+22
2100681081081.0813,1657.0850279760373,253980431.5319459,0,1.1846379323708259e+22,3.3564741417173403e+22,1.0079436875305324e+23,9.98453613406521e+19,1.3305241092422547e+17,5.540829056025895e+22,2.512595112719369e-54,1.0027755394395203e+20,0.0,0.0,9.976262363963394e+16,0.0,1.0069422425152021e+23,1.001445015330278e+20,3.3564741417173403e+22
2103840000000.0002,1655.366358845174,253963655.28641593,0,1.1846379323708259e+22,3.3564741417173403e+22,1.0079436875305324e+23,9.98453613406521e+19,1.3305241092422547e+17,5.540829056025895e+22,1.9478148507549327e-54,1.0027755394395203e+20,0.0,0.0,9.976262363963394e+16,0.0,1.0069422425152021e+23,1.001445015330278e+20,3.3564741417173403e+22
2106998918918.919,1653.647689714311,253947118.49425855,0,1.1846379323708259e+22,3.3564741417173403e+22,1.0079436875305324e+23,9.98453613406521e+19,1.3305241092422547e+17,5.540829056025895e+22,1.5099857010846657e-54,1.0027755394395203e+20,0.0,0.0,9.976262363963394e+16,0.0,1.0069422425152021e+23,1.001445015330278e+20,3.3564741417173403e+22
2110157837837.838,1651.9290205834477,253930820.38140026,0,1.1846379323708259e+22,3.3564741417173403e+22,1.0079436875305324e+23,9.98453613406521e+19,1.3305241092422547e+17,5.540829056025895e+22,1.1705716365169136e-54,1.0027755394395203e+20,0.0,0.0,9.976262363963394e+16,0.0,1.0069422425152021e+23,1.001445015330278e+20,3.3564741417173403e+22
2113316756756.7568,1650.2103514525845,253914760.12957087,0,1.1846379323708259e+22,3.3564741417173403e+22,1.0079436875305324e+23,9.98453613406521e+19,1.3305241092422547e+17,5.540829056025895e+22,9.074509482001084e-55,1.0027755394395203e+20,0.0,0.0,9.976262363963394e+16,0.0,1.0069422425152021e+23,1.001445015330278e+20,3.3564741417173403e+22
2116475675675.6755,1648.4916823217213,253898936.87602308,0,1.1846379323708259e+22,3.3564741417173403e+22,1.0079436875305324e+23,9.98453613406521e+19,1.3305241092422547e+17,5.540829056025895e+22,7.034744373608248e-55,1.0027755394395203e+20,0.0,0.0,9.976262363963394e+16,0.0,1.0069422425152021e+23,1.001445015330278e+20,3.3564741417173403e+22
2119634594594.5945,1646.7730131908581,253883349.71329188,0,1.1846379323708259e+22,3.3564741417173403e+22,1.0079436875305324e+23,9.98453613406521e+19,1.3305241092422547e+17,5.540829056025895e+22,5.453476962051732e-55,1.0027755394395203e+20,0.0,0.0,9.976262363963394e+16,0.0,1.0069422425152021e+23,1.001445015330278e+20,3.3564741417173403e+22
2122793513513.514,1645.0543440599947,253867997.68899536,0,1.1846379323708259e+22,3.3564741417173403e+22,1.0079436875305324e+23,9.98453613406521e+19,1.3305241092422547e+17,5.540829056025895e+22,4.2276462933328434e-55,1.0027755394395203e+20,0.0,0.0,9.976262363963394e+16,0.0,1.0069422425152021e+23,1.001445015330278e+20,3.3564741417173403e+22
2125952432432.4326,1643.3356749291315,253852879.80567843,0,1.1846379323708259e+22,3.3564741417173403e+22,1.0079436875305324e+23,9.98453613406521e+19,1.3305241092422547e+17,5.540829056025895e+22,3.277357419110958e-55,1.0027755394395203e+20,0.0,0.0,9.976262363963394e+16,0.0,1.0069422425152021e+23,1.001445015330278e+20,3.3564741417173403e+22
2129111351351.3516,1641.6170057982683,253837995.02070028,0,1.1846379323708259e+22,3.3564741417173403e+22,1.0079436875305324e+23,9.98453613406521e+19,1.3305241092422547e+17,5.540829056025895e+22,2.5406741499497514e-55,1.0027755394395203e+20,0.0,0.0,9.976262363963394e+16,0.0,1.0069422425152021e+23,1.001445015330278e+20,3.3564741417173403e+22
2132270270270.2705,1639.8983366674051,253823342.2461676,0,1.1846379323708259e+22,3.3564741417173403e+22,1.0079436875305324e+23,9.98453613406521e+19,1.3305241092422547e+17,5.540829056025895e+22,1.969582291690948e-55,1.0027755394395203e+20,0.0,0.0,9.976262363963394e+16,0.0,1.0069422425152021e+23,1.001445015330278e+20,3.3564741417173403e+22
2135429189189.1895,1638.179667536542,253808920.3489141,0,1.1846379323708259e+22,3.3564741417173403e+22,1.0079436875305324e+23,9.98453613406521e+19,1.3305241092422547e+17,5.540829056025895e+22,1.5268602641622853e-55,1.0027755394395203e+20,0.0,0.0,9.976262363963394e+16,0.0,1.0069422425152021e+23,1.001445015330278e+20,3.3564741417173403e+22
2138588108108.1082,1636.4609984056788,253794728.15052798,0,1.1846379323708259e+22,3.3564741417173403e+22,1.0079436875305324e+23,9.98453613406521e+19,1.3305241092422547e+17,5.540829056025895e+22,1.1836531411318831e-55,1.0027755394395203e+20,0.0,0.0,9.976262363963394e+16,0.0,1.0069422425152021e+23,1.001445015330278e+20,3.3564741417173403e+22
2141747027027.027,1634.7423292748156,253780764.42742744,0,1.1846379323708259e+22,3.3564741417173403e+22,1.0079436875305324e+23,9.98453613406521e+19,1.3305241092422547e+17,5.540829056025895e+22,9.175919967241102e-56,1.0027755394395203e+20,0.0,0.0,9.976262363963394e+16,0.0,1.0069422425152021e+23,1.001445015330278e+20,3.3564741417173403e+22
2144905945945.946,1633.0236601439524,253767027.91098672,0,1.1846379323708259e+22,3.3564741417173403e+22,1.0079436875305324e+23,9.98453613406521e+19,1.3305241092422547e+17,5.540829056025895e+22,7.113359844987951e-56,1.0027755394395203e+20,0.0,0.0,9.976262363963394e+16,0.0,1.0069422425152021e+23,1.001445015330278e+20,3.3564741417173403e+22
2148064864864.8647,1631.3049910130892,253753517.28771168,0,1.1846379323708259e+22,3.3564741417173403e+22,1.0079436875305324e+23,9.98453613406521e+19,1.3305241092422547e+17,5.540829056025895e+22,5.5144212749166705e-56,1.0027755394395203e+20,0.0,0.0,9.976262363963394e+16,0.0,1.0069422425152021e+23,1.001445015330278e+20,3.3564741417173403e+22
2151223783783.7837,1629.586321882226,253740231.19946736,0,1.1846379323708259e+22,3.3564741417173403e+22,1.0079436875305324e+23,9.98453613406521e+19,1.3305241092422547e+17,5.540829056025895e+22,4.274891564593005e-56,1.0027755394395203e+20,0.0,0.0,9.976262363963394e+16,0.0,1.0069422425152021e+23,1.001445015330278e+20,3.3564741417173403e+22
2154382702702.7031,1627.8676527513626,253727168.2437566,0,1.1846379323708259e+22,3.3564741417173403e+22,1.0079436875305324e+23,9.98453613406521e+19,1.3305241092422547e+17,5.540829056025895e+22,3.3139829146086743e-56,1.0027755394395203e+20,0.0,0.0,9.976262363963394e+16,0.0,1.0069422425152021e+23,1.001445015330278e+20,3.3564741417173403e+22
2157541621621.6218,1626.1489836204994,253714326.9740513,0,1.1846379323708259e+22,3.3564741417173403e+22,1.0079436875305324e+23,9.98453613406521e+19,1.3305241092422547e+17,5.540829056025895e+22,2.569066979214431e-56,1.0027755394395203e+20,0.0,0.0,9.976262363963394e+16,0.0,1.0069422425152021e+23,1.001445015330278e+20,3.3564741417173403e+22
2160700540540.5408,1624.4303144896362,253701705.9001766,0,1.1846379323708259e+22,3.3564741417173403e+22,1.0079436875305324e+23,9.98453613406521e+19,1.3305241092422547e+17,5.540829056025895e+22,1.991592990596128e-56,1.0027755394395203e+20,0.0,0.0,9.976262363963394e+16,0.0,1.0069422425152021e+23,1.001445015330278e+20,3.3564741417173403e+22
2163859459459.4597,1622.711645358773,253689303.4887476,0,1.1846379323708259e+22,3.3564741417173403e+22,1.0079436875305324e+23,9.98453613406521e+19,1.3305241092422547e+17,5.540829056025895e+22,1.5439234057667453e-56,1.0027755394395203e+20,0.0,0.0,9.976262363963394e+16,0.0,1.0069422425152021e+23,1.001445015330278e+20,3.3564741417173403e+22
2167018378378.3784,1620.9929762279098,253677118.1636588,0,1.1846379323708259e+22,3.3564741417173403e+22,1.0079436875305324e+23,9.98453613406521e+19,1.3305241092422547e+17,5.540829056025895e+22,1.1968808356575366e-56,1.0027755394395203e+20,0.0,0.0,9.976262363963394e+16,0.0,1.0069422425152021e+23,1.001445015330278e+20,3.3564741417173403e+22
2170177297297.2974,1619.2743070970466,253665148.3066276,0,1.1846379323708259e+22,3.3564741417173403e+22,1.0079436875305324e+23,9.98453613406521e+19,1.3305241092422547e+17,5.540829056025895e+22,9.278463746411443e-57,1.0027755394395203e+20,0.0,0.0,9.976262363963394e+16,0.0,1.0069422425152021e+23,1.001445015330278e+20,3.3564741417173403e+22
2173336216216.2163,1617.5556379661834,253653392.25778976,0,1.1846379323708259e+22,3.3564741417173403e+22,1.0079436875305324e+23,9.98453613406521e+19,1.3305241092422547e+17,5.540829056025895e+22,7.192853868879589e-57,1.0027755394395203e+20,0.0,0.0,9.976262363963394e+16,0.0,1.0069422425152021e+23,1.001445015330278e+20,3.3564741417173403e+22
2176495135135.1353,1615.8369688353202,253641848.31634784,0,1.1846379323708259e+22,3.3564741417173403e+22,1.0079436875305324e+23,9.98453613406521e+19,1.3305241092422547e+17,5.540829056025895e+22,5.576046659563231e-57,1.0027755394395203e+20,0.0,0.0,9.976262363963394e+16,0.0,1.0069422425152021e+23,1.001445015330278e+20,3.3564741417173403e+22
2179654054054.054,1614.118299704457,253630514.74127185,0,1.1846379323708259e+22,3.3564741417173403e+22,1.0079436875305324e+23,9.98453613406521e+19,1.3305241092422547e+17,5.540829056025895e+22,4.322664816554856e-57,1.0027755394395203e+20,0.0,0.0,9.976262363963394e+16,0.0,1.0069422425152021e+23,1.001445015330278e+20,3.3564741417173403e+22
2182812972972.9734,1612.3996305735936,253619389.75205177,0,1.1846379323708259e+22,3.3564741417173403e+22,1.0079436875305324e+23,9.98453613406521e+19,1.3305241092422547e+17,5.540829056025895e+22,3.3510177114882397e-57,1.0027755394395203e+20,0.0,0.0,9.976262363963394e+16,0.0,1.0069422425152021e+23,1.001445015330278e+20,3.3564741417173403e+22
2185971891891.8923,1610.6809614427304,253608471.52950034,0,1.1846379323708259e+22,3.3564741417173403e+22,1.0079436875305324e+23,9.98453613406521e+19,1.3305241092422547e+17,5.540829056025895e+22,2.5977771072376585e-57,1.0027755394395203e+20,0.0,0.0,9.976262363963394e+16,0.0,1.0069422425152021e+23,1.001445015330278e+20,3.3564741417173403e+22
2189130810810.811,1608.9622923118673,253597758.21660665,0,1.1846379323708259e+22,3.3564741417173403e+22,1.0079436875305324e+23,9.98453613406521e+19,1.3305241092422547e+17,5.540829056025895e+22,2.0138496659544564e-57,1.0027755394395203e+20,0.0,0.0,9.976262363963394e+16,0.0,1.0069422425152021e+23,1.001445015330278e+20,3.3564741417173403e+22
2192289729729.73,1607.243623181004,253587247.91943863,0,1.1846379323708259e+22,3.3564741417173403e+22,1.0079436875305324e+23,9.98453613406521e+19,1.3305241092422547e+17,5.540829056025895e+22,1.5611772333221383e-57,1.0027755394395203e+20,0.0,0.0,9.976262363963394e+16,0.0,1.0069422425152021e+23,1.001445015330278e+20,3.3564741417173403e+22
2195448648648.649,1605.5249540501409,253576938.7080933,0,1.1846379323708259e+22,3.3564741417173403e+22,1.0079436875305324e+23,9.98453613406521e+19,1.3305241092422547e+17,5.540829056025895e+22,1.2102563538119066e-57,1.0027755394395203e+20,0.0,0.0,9.976262363963394e+16,0.0,1.0069422425152021e+23,1.001445015330278e+20,3.3564741417173403e+22
2198607567567.5676,1603.8062849192777,253566828.61769423,0,1.1846379323708259e+22,3.3564741417173403e+22,1.0079436875305324e+23,9.98453613406521e+19,1.3305241092422547e+17,5.540829056025895e+22,9.382153484426683e-58,1.0027755394395203e+20,0.0,0.0,9.976262363963394e+16,0.0,1.0069422425152021e+23,1.001445015330278e+20,3.3564741417173403e+22
2201766486486.487,1602.0876157884145,253556915.64943385,0,1.1846379323708259e+22,3.3564741417173403e+22,1.0079436875305324e+23,9.98453613406521e+19,1.3305241092422547e+17,5.540829056025895e+22,7.27323626338261e-58,1.0027755394395203e+20,0.0,0.0,9.976262363963394e+16,0.0,1.0069422425152021e+23,1.001445015330278e+20,3.3564741417173403e+22
2204925405405.4053,1600.3689466575513,253547197.77166003,0,1.1846379323708259e+22,3.3564741417173403e+22,1.0079436875305324e+23,9.98453613406521e+19,1.3305241092422547e+17,5.540829056025895e+22,5.638360727181858e-58,1.0027755394395203e+20,0.0,0.0,9.976262363963394e+16,0.0,1.0069422425152021e+23,1.001445015330278e+20,3.3564741417173403e+22
2208084324324.324,1598.6502775266881,253537672.9210044,0,1.1846379323708259e+22,3.3564741417173403e+22,1.0079436875305324e+23,9.98453613406521e+19,1.3305241092422547e+17,5.540829056025895e+22,4.370971949568078e-58,1.0027755394395203e+20,0.0,0.0,9.976262363963394e+16,0.0,1.0069422425152021e+23,1.001445015330278e+20,3.3564741417173403e+22
2211243243243.243,1596.931608395825,253528339.00355154,0,1.1846379323708259e+22,3.3564741417173403e+22,1.0079436875305324e+23,9.98453613406521e+19,1.3305241092422547e+17,5.540829056025895e+22,3.388466383820772e-58,1.0027755394395203e+20,0.0,0.0,9.976262363963394e+16,0.0,1.0069422425152021e+23,1.001445015330278e+20,3.3564741417173403e+22
2214402162162.1626,1595.2129392649615,253519193.89604625,0,1.1846379323708259e+22,3.3564741417173403e+22,1.0079436875305324e+23,9.98453613406521e+19,1.3305241092422547e+17,5.540829056025895e+22,2.6268080799324265e-58,1.0027755394395203e+20,0.0,0.0,9.976262363963394e+16,0.0,1.0069422425152021e+23,1.001445015330278e+20,3.3564741417173403e+22
2217561081081.0815,1593.4942701340983,253510235.4471374,0,1.1846379323708259e+22,3.3564741417173403e+22,1.0079436875305324e+23,9.98453613406521e+19,1.3305241092422547e+17,5.540829056025895e+22,2.0363550666298278e-58,1.0027755394395203e+20,0.0,0.0,9.976262363963394e+16,0.0,1.0069422425152021e+23,1.001445015330278e+20,3.3564741417173403e+22
2220720000000.0005,1591.7756010032351,253501461.4786564,0,1.1846379323708259e+22,3.3564741417173403e+22,1.0079436875305324e+23,9.98453613406521e+19,1.3305241092422547e+17,5.540829056025895e+22,1.578623877803682e-58,1.0027755394395203e+20,0.0,0.0,9.976262363963394e+16,0.0,1.0069422425152021e+23,1.001445015330278e+20,3.3564741417173403e+22
2223878918918.919,1590.056931872372,253492869.78692767,0,1.1846379323708259e+22,3.3564741417173403e+22,1.0079436875305324e+23,9.98453613406521e+19,1.3305241092422547e+17,5.540829056025895e+22,1.223781347570337e-58,1.0027755394395203e+20,0.0,0.0,9.976262363963394e+16,0.0,1.0069422425152021e+23,1.001445015330278e+20,3.3564741417173403e+22
2227037837837.838,1588.3382627415087,253484458.14410868,0,1.1846379323708259e+22,3.3564741417173403e+22,1.0079436875305324e+23,9.98453613406521e+19,1.3305241092422547e+17,5.540829056025895e+22,9.487001987735781e-59,1.0027755394395203e+20,0.0,0.0,9.976262363963394e+16,0.0,1.0069422425152021e+23,1.001445015330278e+20,3.3564741417173403e+22
2230196756756.757,1586.6195936106456,253476224.2995581,0,1.1846379323708259e+22,3.3564741417173403e+22,1.0079436875305324e+23,9.98453613406521e+19,1.3305241092422547e+17,5.540829056025895e+22,7.354516956316801e-59,1.0027755394395203e+20,0.0,0.0,9.976262363963394e+16,0.0,1.0069422425152021e+23,1.001445015330278e+20,3.3564741417173403e+22
2233355675675.676,1584.9009244797824,253468165.981228,0,1.1846379323708259e+22,3.3564741417173403e+22,1.0079436875305324e+23,9.98453613406521e+19,1.3305241092422547e+17,5.540829056025895e+22,5.701371174020433e-59,1.0027755394395203e+20,0.0,0.0,9.976262363963394e+16,0.0,1.0069422425152021e+23,1.001445015330278e+20,3.3564741417173403e+22
2236514594594.5947,1583.1822553489192,253460280.8970798,0,1.1846379323708259e+22,3.3564741417173403e+22,1.0079436875305324e+23,9.98453613406521e+19,1.3305241092422547e+17,5.540829056025895e+22,4.419818929920614e-59,1.0027755394395203e+20,0.0,0.0,9.976262363963394e+16,0.0,1.0069422425152021e+23,1.001445015330278e+20,3.3564741417173403e+22
2239673513513.5137,1581.463586218056,253452566.7365189,0,1.1846379323708259e+22,3.3564741417173403e+22,1.0079436875305324e+23,9.98453613406521e+19,1.3305241092422547e+17,5.540829056025895e+22,3.426333556794068e-59,1.0027755394395203e+20,0.0,0.0,9.976262363963394e+16,0.0,1.0069422425152021e+23,1.001445015330278e+20,3.3564741417173403e+22
2242832432432.4326,1579.7449170871928,253445021.17184702,0,1.1846379323708259e+22,3.3564741417173403e+22,1.0079436875305324e+23,9.98453613406521e+19,1.3305241092422547e+17,5.540829056025895e+22,2.6561634828384135e-59,1.0027755394395203e+20,0.0,0.0,9.976262363963394e+16,0.0,1.0069422425152021e+23,1.001445015330278e+20,3.3564741417173403e+22
2245991351351.3516,1578.0262479563294,253437641.85972914,0,1.1846379323708259e+22,3.3564741417173403e+22,1.0079436875305324e+23,9.98453613406521e+19,1.3305241092422547e+17,5.540829056025895e+22,2.05911197220555e-59,1.0027755394395203e+20,0.0,0.0,9.976262363963394e+16,0.0,1.0069422425152021e+23,1.001445015330278e+20,3.3564741417173403e+22
2249150270270.2705,1576.3075788254662,253430426.44267252,0,1.1846379323708259e+22,3.3564741417173403e+22,1.0079436875305324e+23,9.98453613406521e+19,1.3305241092422547e+17,5.540829056025895e+22,1.5962654940009073e-59,1.0027755394395203e+20,0.0,0.0,9.976262363963394e+16,0.0,1.0069422425152021e+23,1.001445015330278e+20,3.3564741417173403e+22
2252309189189.1895,1574.588909694603,253423372.55051425,0,1.1846379323708259e+22,3.3564741417173403e+22,1.0079436875305324e+23,9.98453613406521e+19,1.3305241092422547e+17,5.540829056025895e+22,1.237457487369512e-59,1.0027755394395203e+20,0.0,0.0,9.976262363963394e+16,0.0,1.0069422425152021e+23,1.001445015330278e+20,3.3564741417173403e+22
2255468108108.1084,1572.8702405637398,253416477.80191535,0,1.1846379323708259e+22,3.3564741417173403e+22,1.0079436875305324e+23,9.98453613406521e+19,1.3305241092422547e+17,5.540829056025895e+22,9.593022205903773e-60,1.0027755394395203e+20,0.0,0.0,9.976262363963394e+16,0.0,1.0069422425152021e+23,1.001445015330278e+20,3.3564741417173403e+22
2258627027027.0273,1571.1515714328766,253409739.8058592,0,1.1846379323708259e+22,3.3564741417173403e+22,1.0079436875305324e+23,9.98453613406521e+19,1.3305241092422547e+17,5.540829056025895e+22,7.436705986448437e-60,1.0027755394395203e+20,0.0,0.0,9.976262363963394e+16,0.0,1.0069422425152021e+23,1.001445015330278e+20,3.3564741417173403e+22
2261785945945.9463,1569.4329023020134,253403156.16314983,0,1.1846379323708259e+22,3.3564741417173403e+22,1.0079436875305324e+23,9.98453613406521e+19,1.3305241092422547e+17,5.540829056025895e+22,5.765085782334815e-60,1.0027755394395203e+20,0.0,0.0,9.976262363963394e+16,0.0,1.0069422425152021e+23,1.001445015330278e+20,3.3564741417173403e+22
2264944864864.8647,1567.7142331711502,253396724.4679089,0,1.1846379323708259e+22,3.3564741417173403e+22,1.0079436875305324e+23,9.98453613406521e+19,1.3305241092422547e+17,5.540829056025895e+22,4.4692117905755365e-60,1.0027755394395203e+20,0.0,0.0,9.976262363963394e+16,0.0,1.0069422425152021e+23,1.001445015330278e+20,3.3564741417173403e+22
2268103783783.7837,1565.995564040287,253390442.30906853,0,1.1846379323708259e+22,3.3564741417173403e+22,1.0079436875305324e+23,9.98453613406521e+19,1.3305241092422547e+17,5.540829056025895e+22,3.464623907283846e-60,1.0027755394395203e+20,0.0,0.0,9.976262363963394e+16,0.0,1.0069422425152021e+23,1.001445015330278e+20,3.3564741417173403e+22
2271262702702.7026,1564.2768949094238,253384307.27185646,0,1.1846379323708259e+22,3.3564741417173403e+22,1.0079436875305324e+23,9.98453613406521e+19,1.3305241092422547e+17,5.540829056025895e+22,2.68584694156483e-60,1.0027755394395203e+20,0.0,0.0,9.976262363963394e+16,0.0,1.0069422425152021e+23,1.001445015330278e+20,3.3564741417173403e+22
2274421621621.6216,1562.5582257785607,253378316.9392716,0,1.1846379323708259e+22,3.3564741417173403e+22,1.0079436875305324e+23,9.98453613406521e+19,1.3305241092422547e+17,5.540829056025895e+22,2.082123193327647e-60,1.0027755394395203e+20,0.0,0.0,9.976262363963394e+16,0.0,1.0069422425152021e+23,1.001445015330278e+20,3.3564741417173403e+22
2277580540540.541,1560.8395566476972,253372468.89354756,0,1.1846379323708259e+22,3.3564741417173403e+22,1.0079436875305324e+23,9.98453613406521e+19,1.3305241092422547e+17,5.540829056025895e+22,1.6141042607837957e-60,1.0027755394395203e+20,0.0,0.0,9.976262363963394e+16,0.0,1.0069422425152021e+23,1.001445015330278e+20,3.3564741417173403e+22
2280739459459.46,1559.120887516834,253366760.7176012,0,1.1846379323708259e+22,3.3564741417173403e+22,1.0079436875305324e+23,9.98453613406521e+19,1.3305241092422547e+17,5.540829056025895e+22,1.2512864623137712e-60,1.0027755394395203e+20,0.0,0.0,9.976262363963394e+16,0.0,1.0069422425152021e+23,1.001445015330278e+20,3.3564741417173403e+22
2283898378378.379,1557.4022183859709,253361189.996464,0,1.1846379323708259e+22,3.3564741417173403e+22,1.0079436875305324e+23,9.98453613406521e+19,1.3305241092422547e+17,5.540829056025895e+22,9.70022723321115e-61,1.0027755394395203e+20,0.0,0.0,9.976262363963394e+16,0.0,1.0069422425152021e+23,1.001445015330278e+20,3.3564741417173403e+22
2287057297297.2974,1555.6835492551077,253355754.31869403,0,1.1846379323708259e+22,3.3564741417173403e+22,1.0079436875305324e+23,9.98453613406521e+19,1.3305241092422547e+17,5.540829056025895e+22,7.519813504730161e-61,1.0027755394395203e+20,0.0,0.0,9.976262363963394e+16,0.0,1.0069422425152021e+23,1.001445015330278e+20,3.3564741417173403e+22
2290216216216.2163,1553.9648801242445,253350451.27776608,0,1.1846379323708259e+22,3.3564741417173403e+22,1.0079436875305324e+23,9.98453613406521e+19,1.3305241092422547e+17,5.540829056025895e+22,5.829512421350017e-61,1.0027755394395203e+20,0.0,0.0,9.976262363963394e+16,0.0,1.0069422425152021e+23,1.001445015330278e+20,3.3564741417173403e+22
2293375135135.1353,1552.2462109933813,253345278.4734382,0,1.1846379323708259e+22,3.3564741417173403e+22,1.0079436875305324e+23,9.98453613406521e+19,1.3305241092422547e+17,5.540829056025895e+22,4.519156631916177e-61,1.0027755394395203e+20,0.0,0.0,9.976262363963394e+16,0.0,1.0069422425152021e+23,1.001445015330278e+20,3.3564741417173403e+22
2296534054054.054,1550.527541862518,253340233.51309162,0,1.1846379323708259e+22,3.3564741417173403e+22,1.0079436875305324e+23,9.98453613406521e+19,1.3305241092422547e+17,5.540829056025895e+22,3.503342164431377e-61,1.0027755394395203e+20,0.0,0.0,9.976262363963394e+16,0.0,1.0069422425152021e+23,1.001445015330278e+20,3.3564741417173403e+22
2299692972972.973,1548.808872731655,253335314.01304358,0,1.1846379323708259e+22,3.3564741417173403e+22,1.0079436875305324e+23,9.98453613406521e+19,1.3305241092422547e+17,5.540829056025895e+22,2.715862122238205e-61,1.0027755394395203e+20,0.0,0.0,9.976262363963394e+16,0.0,1.0069422425152021e+23,1.001445015330278e+20,3.3564741417173403e+22
2302851891891.892,1547.0902036007917,253330517.59982955,0,1.1846379323708259e+22,3.3564741417173403e+22,1.0079436875305324e+23,9.98453613406521e+19,1.3305241092422547e+17,5.540829056025895e+22,2.105391572051992e-61,1.0027755394395203e+20,0.0,0.0,9.976262363963394e+16,0.0,1.0069422425152021e+23,1.001445015330278e+20,3.3564741417173403e+22
2306010810810.8105,1545.3715344699285,253325841.9114548,0,1.1846379323708259e+22,3.3564741417173403e+22,1.0079436875305324e+23,9.98453613406521e+19,1.3305241092422547e+17,5.540829056025895e+22,1.6321423813718823e-61,1.0027755394395203e+20,0.0,0.0,9.976262363963394e+16,0.0,1.0069422425152021e+23,1.001445015330278e+20,3.3564741417173403e+22
2309169729729.73,1543.652865339065,253321284.59861216,0,1.1846379323708259e+22,3.3564741417173403e+22,1.0079436875305324e+23,9.98453613406521e+19,1.3305241092422547e+17,5.540829056025895e+22,1.2652699803837228e-61,1.0027755394395203e+20,0.0,0.0,9.976262363963394e+16,0.0,1.0069422425152021e+23,1.001445015330278e+20,3.3564741417173403e+22
2312328648648.649,1541.934196208202,253316843.3258654,0,1.1846379323708259e+22,3.3564741417173403e+22,1.0079436875305324e+23,9.98453613406521e+19,1.3305241092422547e+17,5.540829056025895e+22,9.808630310271079e-62,1.0027755394395203e+20,0.0,0.0,9.976262363963394e+16,0.0,1.0069422425152021e+23,1.001445015330278e+20,3.3564741417173403e+22
2315487567567.568,1540.2155270773387,253312515.77279657,0,1.1846379323708259e+22,3.3564741417173403e+22,1.0079436875305324e+23,9.98453613406521e+19,1.3305241092422547e+17,5.540829056025895e+22,7.603849775554685e-62,1.0027755394395203e+20,0.0,0.0,9.976262363963394e+16,0.0,1.0069422425152021e+23,1.001445015330278e+20,3.3564741417173403e+22
2318646486486.487,1538.4968579464755,253308299.63511628,0,1.1846379323708259e+22,3.3564741417173403e+22,1.0079436875305324e+23,9.98453613406521e+19,1.3305241092422547e+17,5.540829056025895e+22,5.894659048232099e-62,1.0027755394395203e+20,0.0,0.0,9.976262363963394e+16,0.0,1.0069422425152021e+23,1.001445015330278e+20,3.3564741417173403e+22
2321805405405.406,1536.7781888156123,253304192.62573528,0,1.1846379323708259e+22,3.3564741417173403e+22,1.0079436875305324e+23,9.98453613406521e+19,1.3305241092422547e+17,5.540829056025895e+22,4.569659622499556e-62,1.0027755394395203e+20,0.0,0.0,9.976262363963394e+16,0.0,1.0069422425152021e+23,1.001445015330278e+20,3.3564741417173403e+22
2324964324324.3247,1535.0595196847491,253300192.47579643,0,1.1846379323708259e+22,3.3564741417173403e+22,1.0079436875305324e+23,9.98453613406521e+19,1.3305241092422547e+17,5.540829056025895e+22,3.5424931102275645e-62,1.0027755394395203e+20,0.0,0.0,9.976262363963394e+16,0.0,1.0069422425152021e+23,1.001445015330278e+20,3.3564741417173403e+22
2328123243243.243,1533.340850553886,253296296.93566686,0,1.1846379323708259e+22,3.3564741417173403e+22,1.0079436875305324e+23,9.98453613406521e+19,1.3305241092422547e+17,5.540829056025895e+22,2.746212731955176e-62,1.0027755394395203e+20,0.0,0.0,9.976262363963394e+16,0.0,1.0069422425152021e+23,1.001445015330278e+20,3.3564741417173403e+22
2331282162162.162,1531.6221814230228,253292503.7758886,0,1.1846379323708259e+22,3.3564741417173403e+22,1.0079436875305324e+23,9.98453613406521e+19,1.3305241092422547e+17,5.540829056025895e+22,2.1289199821953204e-62,1.0027755394395203e+20,0.0,0.0,9.976262363963394e+16,0.0,1.0069422425152021e+23,1.001445015330278e+20,3.3564741417173403e+22
2334441081081.081,1529.9035122921596,253288810.78808752,0,1.1846379323708259e+22,3.3564741417173403e+22,1.0079436875305324e+23,9.98453613406521e+19,1.3305241092422547e+17,5.540829056025895e+22,1.6503820836063693e-62,1.0027755394395203e+20,0.0,0.0,9.976262363963394e+16,0.0,1.0069422425152021e+23,1.001445015330278e+20,3.3564741417173403e+22
2337600000000.0,1528.1848431612964,253285215.78584012,0,1.1846379323708259e+22,3.3564741417173403e+22,1.0079436875305324e+23,9.98453613406521e+19,1.3305241092422547e+17,5.540829056025895e+22,1.2794097686471929e-62,1.0027755394395203e+20,0.0,0.0,9.976262363963394e+16,0.0,1.0069422425152021e+23,1.001445015330278e+20,3.3564741417173403e+22
2340758918918.9194,1526.466174030433,253281716.60549733,0,1.1846379323708259e+22,3.3564741417173403e+22,1.0079436875305324e+23,9.98453613406521e+19,1.3305241092422547e+17,5.540829056025895e+22,9.918244825664723e-63,1.0027755394395203e+20,0.0,0.0,9.976262363963394e+16,0.0,1.0069422425152021e+23,1.001445015330278e+20,3.3564741417173403e+22
2343917837837.8384,1524.7475048995698,253278311.10696566,0,1.1846379323708259e+22,3.3564741417173403e+22,1.0079436875305324e+23,9.98453613406521e+19,1.3305241092422547e+17,5.540829056025895e+22,7.688825178022521e-63,1.0027755394395203e+20,0.0,0.0,9.976262363963394e+16,0.0,1.0069422425152021e+23,1.001445015330278e+20,3.3564741417173403e+22
2347076756756.757,1523.0288357687066,253274997.17444468,0,1.1846379323708259e+22,3.3564741417173403e+22,1.0079436875305324e+23,9.98453613406521e+19,1.3305241092422547e+17,5.540829056025895e+22,5.960533709070944e-63,1.0027755394395203e+20,0.0,0.0,9.976262363963394e+16,0.0,1.0069422425152021e+23,1.001445015330278e+20,3.3564741417173403e+22
2350235675675.676,1521.3101666378434,253271772.71712178,0,1.1846379323708259e+22,3.3564741417173403e+22,1.0079436875305324e+23,9.98453613406521e+19,1.3305241092422547e+17,5.540829056025895e+22,4.62072699981825e-63,1.0027755394395203e+20,0.0,0.0,9.976262363963394e+16,0.0,1.0069422425152021e+23,1.001445015330278e+20,3.3564741417173403e+22
2353394594594.5947,1519.5914975069802,253268635.6698231,0,1.1846379323708259e+22,3.3564741417173403e+22,1.0079436875305324e+23,9.98453613406521e+19,1.3305241092422547e+17,5.540829056025895e+22,3.5820815801035577e-63,1.0027755394395203e+20,0.0,0.0,9.976262363963394e+16,0.0,1.0069422425152021e+23,1.001445015330278e+20,3.3564741417173403e+22
2356553513513.5137,1517.872828376117,253265583.99362174,0,1.1846379323708259e+22,3.3564741417173403e+22,1.0079436875305324e+23,9.98453613406521e+19,1.3305241092422547e+17,5.540829056025895e+22,2.77690251924035e-63,1.0027755394395203e+20,0.0,0.0,9.976262363963394e+16,0.0,1.0069422425152021e+23,1.001445015330278e+20,3.3564741417173403e+22
2359712432432.4326,1516.1541592452538,253262615.67640305,0,1.1846379323708259e+22,3.3564741417173403e+22,1.0079436875305324e+23,9.98453613406521e+19,1.3305241092422547e+17,5.540829056025895e+22,2.1527113296901714e-63,1.0027755394395203e+20,0.0,0.0,9.976262363963394e+16,0.0,1.0069422425152021e+23,1.001445015330278e+20,3.3564741417173403e+22
2362871351351.3516,1514.4354901143906,253259728.73338687,0,1.1846379323708259e+22,3.3564741417173403e+22,1.0079436875305324e+23,9.98453613406521e+19,1.3305241092422547e+17,5.540829056025895e+22,1.6688256202252823e-63,1.0027755394395203e+20,0.0,0.0,9.976262363963394e+16,0.0,1.0069422425152021e+23,1.001445015330278e+20,3.3564741417173403e+22
2366030270270.2705,1512.7168209835274,253256921.20760846,0,1.1846379323708259e+22,3.3564741417173403e+22,1.0079436875305324e+23,9.98453613406521e+19,1.3305241092422547e+17,5.540829056025895e+22,1.2937075734725314e-63,1.0027755394395203e+20,0.0,0.0,9.976262363963394e+16,0.0,1.0069422425152021e+23,1.001445015330278e+20,3.3564741417173403e+22
2369189189189.189,1510.9981518526643,253254191.17035675,0,1.1846379323708259e+22,3.3564741417173403e+22,1.0079436875305324e+23,9.98453613406521e+19,1.3305241092422547e+17,5.540829056025895e+22,1.0029084317594836e-63,1.0027755394395203e+20,0.0,0.0,9.976262363963394e+16,0.0,1.0069422425152021e+23,1.001445015330278e+20,3.3564741417173403e+22
2372348108108.1084,1509.2794827218008,253251536.72157243,0,1.1846379323708259e+22,3.3564741417173403e+22,1.0079436875305324e+23,9.98453613406521e+19,1.3305241092422547e+17,5.540829056025895e+22,7.77475020722388e-64,1.0027755394395203e+20,0.0,0.0,9.976262363963394e+16,0.0,1.0069422425152021e+23,1.001445015330278e+20,3.3564741417173403e+22
2375507027027.0273,1507.5608135909376,253248955.9902048,0,1.1846379323708259e+22,3.3564741417173403e+22,1.0079436875305324e+23,9.98453613406521e+19,1.3305241092422547e+17,5.540829056025895e+22,6.0271445398740096e-64,1.0027755394395203e+20,0.0,0.0,9.976262363963394e+16,0.0,1.0069422425152021e+23,1.001445015330278e+20,3.3564741417173403e+22
2378665945945.9463,1505.8421444600745,253246447.13452953,0,1.1846379323708259e+22,3.3564741417173403e+22,1.0079436875305324e+23,9.98453613406521e+19,1.3305241092422547e+17,5.540829056025895e+22,4.6723650710707696e-64,1.0027755394395203e+20,0.0,0.0,9.976262363963394e+16,0.0,1.0069422425152021e+23,1.001445015330278e+20,3.3564741417173403e+22
2381824864864.865,1504.1234753292113,253244008.3424269,0,1.1846379323708259e+22,3.3564741417173403e+22,1.0079436875305324e+23,9.98453613406521e+19,1.3305241092422547e+17,5.540829056025895e+22,3.622112463527963e-64,1.0027755394395203e+20,0.0,0.0,9.976262363963394e+16,0.0,1.0069422425152021e+23,1.001445015330278e+20,3.3564741417173403e+22
2384983783783.784,1502.404806198348,253241637.83162215,0,1.1846379323708259e+22,3.3564741417173403e+22,1.0079436875305324e+23,9.98453613406521e+19,1.3305241092422547e+17,5.540829056025895e+22,2.807935274509266e-64,1.0027755394395203e+20,0.0,0.0,9.976262363963394e+16,0.0,1.0069422425152021e+23,1.001445015330278e+20,3.3564741417173403e+22
2388142702702.7026,1500.6861370674849,253239333.84988907,0,1.1846379323708259e+22,3.3564741417173403e+22,1.0079436875305324e+23,9.98453613406521e+19,1.3305241092422547e+17,5.540829056025895e+22,2.1767685529437893e-64,1.0027755394395203e+20,0.0,0.0,9.976262363963394e+16,0.0,1.0069422425152021e+23,1.001445015330278e+20,3.3564741417173403e+22
2391301621621.6216,1498.9674679366217,253237094.67521626,1,1.18462746758591e+22,3.3564741417173403e+22,1.007942680806259e+23,9.98453613406521e+19,2.840456176497749e+16,5.540839520810811e+22,1.6874752691417003e-64,1.0027755394395203e+20,3975421826029632.0,1.0067242733321835e+17,9.972882112107622e+16,33802518557709.91,1.0069422425152021e+23,1.001445015330278e+20,3.3564741417173403e+22
2394460540540.5405,1497.2487988057585,253234918.61593905,1,1.1846252335224278e+22,3.3564741417173403e+22,1.007942427642868e+23,9.98453613406521e+19,6063926942649120.0,5.540841754874293e+22,1.3081642565046085e-64,1.0027755394395203e+20,999717544569124.0,1.2598876643700723e+17,9.969444448176202e+16,68179157871922.3,1.0069422425152021e+23,1.001445015330278e+20,3.3564741417173403e+22
2397619459459.4595,1495.5301296748953,253232804.01083666,1,1.1846247565851825e+22,3.3564741417173403e+22,1.0079423721435985e+23,9.98453613406521e+19,1294554488992371.0,5.5408422318115385e+22,1.0141146903672125e-64,1.0027755394395203e+20,219163034026275.0,1.3153869340120683e+17,9.965948417940978e+16,103139460224163.22,1.0069422425152021e+23,1.001445015330278e+20,3.3564741417173403e+22
2400778378378.3784,1493.8114605440321,253230749.22919625,1,1.1846246547664983e+22,3.3564741417173403e+22,1.0079423602401626e+23,9.98453613406521e+19,276367648233160.12,5.540842333630223e+22,7.861616507910142e-65,1.0027755394395203e+20,47006281690446.5,1.3272903699430187e+17,9.96239305204406e+16,138693119193325.52,1.0069422425152021e+23,1.001445015330278e+20,3.3564741417173403e+22
2403937297297.298,1492.0927914131687,253228756.41182905,1,1.184624633029768e+22,3.3564741417173403e+22,1.0079423576968616e+23,9.98453613406521e+19,59000344725387.84,5.540842355366953e+22,6.094479674748326e-65,1.0027755394395203e+20,10043491782660.656,1.3298336708771742e+17,9.958777365783744e+16,174849981796488.47,1.0069422425152021e+23,1.001445015330278e+20,3.3564741417173403e+22
2407096216216.2163,1490.3741222823055,253226828.4114973,1,1.1846246283893038e+22,3.3564741417173403e+22,1.0079423571538249e+23,9.98453613406521e+19,12595701448582.43,5.540842360007418e+22,4.724560453032513e-65,1.0027755394395203e+20,2144467393392.8125,1.330376707553835e+17,9.955100358898331e+16,211620050650612.6,1.0069422425152021e+23,1.001445015330278e+20,3.3564741417173403e+22
2410255135135.1353,1488.6554531514423,253224962.82637748,1,1.1846246273986335e+22,3.3564741417173403e+22,1.0079423570378915e+23,9.98453613406521e+19,2688998840807.7793,5.540842360998088e+22,3.662572140439362e-65,1.0027755394395203e+20,457827778633.45703,1.3304926409760603e+17,9.951361015347899e+16,249013486154937.25,1.0069422425152021e+23,1.001445015330278e+20,3.3564741417173403e+22
2413414054054.054,1486.9367840205791,253223157.341883,1,1.18462462718714e+22,3.3564741417173403e+22,1.0079423570131412e+23,9.98453613406521e+19,574062668217.0903,5.540842361209582e+22,2.8392979233432864e-65,1.0027755394395203e+20,97740790635.77783,1.3305173912076662e+17,9.947558303094005e+16,287040608693886.1,1.0069422425152021e+23,1.001445015330278e+20,3.3564741417173403e+22
2416572972972.973,1485.218114889716,253221409.72780198,1,1.184624627141989e+22,3.3564741417173403e+22,1.0079423570078574e+23,9.98453613406521e+19,122554260853.25476,5.5408423612547326e+22,2.2010795660168787e-65,1.0027755394395203e+20,20866433264.968567,1.3305226750353136e+17,9.943691173877366e+16,325711900860266.2,1.0069422425152021e+23,1.001445015330278e+20,3.3564741417173403e+22
2419731891891.892,1483.4994457588527,253219717.83550146,1,1.18462462713235e+22,3.3564741417173403e+22,1.0079423570067293e+23,9.98453613406521e+19,26163625908.279892,5.540842361264372e+22,1.7063201491082809e-65,1.0027755394395203e+20,4454722054.037872,1.3305238030587752e+17,9.939758562993541e+16,365038009698523.9,1.0069422425152021e+23,1.001445015330278e+20,3.3564741417173403e+22
2422890810810.811,1481.7807766279896,253218079.59520003,1,1.1846246271302922e+22,3.3564741417173403e+22,1.0079423570064886e+23,9.98453613406521e+19,5585574387.765335,5.54084236126643e+22,1.322772922979669e-65,1.0027755394395203e+20,951027893.4125671,1.330524043876232e+17,9.935759389066613e+16,405029748967798.56,1.0069422425152021e+23,1.001445015330278e+20,3.3564741417173403e+22
2426049729729.73,1480.0621074971264,253216493.01330772,1,1.1846246271298528e+22,3.3564741417173403e+22,1.0079423570064372e+23,9.98453613406521e+19,1192444377.216833,5.540842361266869e+22,1.0254395733897492e-65,1.0027755394395203e+20,203032790.3385172,1.3305240952874832e+17,9.931692553820944e+16,445698101424490.8,1.0069422425152021e+23,1.001445015330278e+20,3.3564741417173403e+22
2429208648648.6484,1478.3434383662632,253214956.1698348,1,1.184624627129759e+22,3.3564741417173403e+22,1.0079423570064263e+23,9.98453613406521e+19,254570918.21992123,5.540842361266963e+22,7.949409157129238e-66,1.0027755394395203e+20,43345038.820638895,1.3305241062630954e+17,9.927556941850989e+16,487054221124037.5,1.0069422425152021e+23,1.001445015330278e+20,3.3564741417173403e+22
2432367567567.5674,1476.6247692354,253213467.2158684,1,1.1846246271297392e+22,3.3564741417173403e+22,1.007942357006424e+23,9.98453613406521e+19,54347529.310010016,5.540842361266983e+22,6.162538250650419e-66,1.0027755394395203e+20,9253646.11115408,1.3305241086062432e+17,9.923351420389237e+16,529109435741560.44,1.0069422425152021e+23,1.001445015330278e+20,3.3564741417173403e+22
2435526486486.487,1474.9061001045366,253212024.3711181,1,1.184624627129735e+22,3.3564741417173403e+22,1.0079423570064235e+23,9.98453613406521e+19,11602489.076383963,5.5408423612669875e+22,4.777320797064624e-66,1.0027755394395203e+20,1975543.7263559103,1.3305241091064746e+17,9.91907483907229e+16,571875248911028.5,1.0069422425152021e+23,1.001445015330278e+20,3.3564741417173403e+22
2438685405405.406,1473.1874309736734,253210625.92152867,1,1.1846246271297341e+22,3.3564741417173403e+22,1.0079423570064233e+23,9.98453613406521e+19,2476982.0917273164,5.540842361266988e+22,3.7034729959943635e-66,1.0027755394395203e+20,421755.41630002856,1.3305241092132675e+17,9.914726029705138e+16,615363342582544.8,1.0069422425152021e+23,1.001445015330278e+20,3.3564741417173403e+22
2441844324324.3247,1471.4687618428102,253209270.2169609,1,1.184624627129734e+22,3.3564741417173403e+22,1.0079423570064233e+23,9.98453613406521e+19,528804.1936751681,5.540842361266988e+22,2.8710050705589927e-66,1.0027755394395203e+20,90039.8877440244,1.3305241092360664e+17,9.910303806023658e+16,659585579397343.1,1.0069422425152021e+23,1.001445015330278e+20,3.3564741417173403e+22
2445003243243.2437,1469.750092711947,253207955.66893914,1,1.184624627129734e+22,3.3564741417173403e+22,1.0079423570064233e+23,9.98453613406521e+19,112893.05618367996,5.540842361266988e+22,2.2256595698390756e-66,1.0027755394395203e+20,19222.48223651317,1.3305241092409338e+17,9.905806963455387e+16,704554005080046.2,1.0069422425152021e+23,1.001445015330278e+20,3.3564741417173403e+22
2448162162162.1626,1468.0314235810838,253206680.74846506,1,1.184624627129734e+22,3.3564741417173403e+22,1.0079423570064233e+23,9.98453613406521e+19,24101.267102269267,5.540842361266988e+22,1.7253750512714303e-66,1.0027755394395203e+20,4103.781522975405,1.3305241092419728e+17,9.90123427887862e+16,750280850847707.4,1.0069422425152021e+23,1.001445015330278e+20,3.3564741417173403e+22
2451321081081.081,1466.3127544502206,253205443.98389688,1,1.184624627129734e+22,3.3564741417173403e+22,1.0079423570064233e+23,9.98453613406521e+19,5145.325077541391,5.540842361266988e+22,1.3375446577237033e-66,1.0027755394395203e+20,876.1111927880229,1.3305241092421946e+17,9.896584510379878e+16,796778535835125.1,1.0069422425152021e+23,1.001445015330278e+20,3.3564741417173403e+22
2454480000000.0,1464.5940853193574,253204243.95889297,1,1.184624627129734e+22,3.3564741417173403e+22,1.0079423570064233e+23,9.98453613406521e+19,1098.4645580493493,5.540842361266988e+22,1.0368909125508012e-66,1.0027755394395203e+20,187.03998226749445,1.330524109242242e+17,9.891856397009802e+16,844059669535887.4,1.0069422425152021e+23,1.001445015330278e+20,3.3564741417173403e+22
2457638918918.919,1462.8754161884942,253203079.31041917,1,1.184624627129734e+22,3.3564741417173403e+22,1.0079423570064233e+23,9.98453613406521e+19,234.5090240084835,5.540842361266988e+22,8.038182189446757e-67,1.0027755394395203e+20,39.93097341649354,1.330524109242252e+17,9.887048658537534e+16,892137054258564.5,1.0069422425152021e+23,1.001445015330278e+20,3.3564741417173403e+22
2460797837837.838,1461.156747057631,253201948.7268183,1,1.184624627129734e+22,3.3564741417173403e+22,1.0079423570064233e+23,9.98453613406521e+19,50.064898598401896,5.540842361266988e+22,6.231356850431791e-67,1.0027755394395203e+20,8.52482665542334,1.330524109242254e+17,9.882159995203646e+16,941023687597437.1,1.0069422425152021e+23,1.001445015330278e+20,3.3564741417173403e+22
2463956756756.757,1459.4380779267678,253200850.94594118,1,1.184624627129734e+22,3.3564741417173403e+22,1.0079423570064233e+23,9.98453613406521e+19,10.688269261159228,5.540842361266988e+22,4.830670328473327e-67,1.0027755394395203e+20,1.8199582493942756,1.3305241092422546e+17,9.87718908747168e+16,990732764917103.9,1.0069422425152021e+23,1.001445015330278e+20,3.3564741417173403e+22
2467115675675.6763,1457.7194087959044,253199784.75333777,1,1.184624627129734e+22,3.3564741417173403e+22,1.0079423570064233e+23,9.98453613406521e+19,2.281821602174235,5.540842361266988e+22,3.744830601504649e-67,1.0027755394395203e+20,0.38854157566895964,1.3305241092422547e+17,9.872134595778363e+16,1041277681850278.2,1.0069422425152021e+23,1.001445015330278e+20,3.3564741417173403e+22
2470274594594.5947,1456.0007396650412,253198748.98050693,1,1.184624627129734e+22,3.3564741417173403e+22,1.0079423570064233e+23,9.98453613406521e+19,0.48714274297059257,5.540842361266988e+22,2.9030662993716867e-67,1.0027755394395203e+20,0.08294949893680137,1.3305241092422547e+17,9.866995160282587e+16,1092672036808039.9,1.0069422425152021e+23,1.001445015330278e+20,3.3564741417173403e+22
2473433513513.5137,1454.282070534178,253197742.50320405,1,1.184624627129734e+22,3.3564741417173403e+22,1.0079423570064233e+23,9.98453613406521e+19,0.10399944668860445,5.540842361266988e+22,2.250514064684631e-67,1.0027755394395203e+20,0.01770884471826789,1.3305241092422547e+17,9.861769400613214e+16,1144929633501767.0,1.0069422425152021e+23,1.001445015330278e+20,3.3564741417173403e+22
2476592432432.4326,1452.5634014033149,253196764.2398051,1,1.184624627129734e+22,3.3564741417173403e+22,1.0079423570064233e+23,9.98453613406521e+19,0.0222027135104831,5.540842361266988e+22,1.7446427442733645e-67,1.0027755394395203e+20,0.003780653541991391,1.3305241092422547e+17,9.856455915615798e+16,1198064483475930.2,1.0069422425152021e+23,1.001445015330278e+20,3.3564741417173403e+22
2479751351351.3516,1450.8447322724517,253195813.14972526,1,1.184624627129734e+22,3.3564741417173403e+22,1.0079423570064233e+23,9.98453613406521e+19,0.004740032395552693,5.540842361266988e+22,1.3524813521093133e-67,1.0027755394395203e+20,0.0008071304175662174,1.3305241092422547e+17,9.851053283098302e+16,1252090808650883.8,1.0069422425152021e+23,1.001445015330278e+20,3.3564741417173403e+22
2482910270270.2705,1449.1260631415885,253194888.23189166,1,1.184624627129734e+22,3.3564741417173403e+22,1.0079423570064233e+23,9.98453613406521e+19,0.0010119447151687162,5.540842361266988e+22,1.0484701316688717e-67,1.0027755394395203e+20,0.00017231406462402035,1.3305241092422547e+17,9.845560059575917e+16,1307023043874744.0,1.0069422425152021e+23,1.001445015330278e+20,3.3564741417173403e+22
2486069189189.1895,1447.4073940107253,253193988.52326798,1,1.184624627129734e+22,3.3564741417173403e+22,1.0079423570064233e+23,9.98453613406521e+19,0.00021603915974621757,5.540842361266988e+22,8.127946572330203e-68,1.0027755394395203e+20,3.678729994856711e-05,1.3305241092422547e+17,9.839974780015051e+16,1362875839483396.2,1.0069422425152021e+23,1.001445015330278e+20,3.3564741417173403e+22
2489228108108.1084,1445.688724879862,253193113.09743056,1,1.184624627129734e+22,3.3564741417173403e+22,1.0079423570064233e+23,9.98453613406521e+19,4.612202666078442e-05,5.540842361266988e+22,6.300943964660169e-68,1.0027755394395203e+20,7.853717394097653e-06,1.3305241092422547e+17,9.834295957576629e+16,1419664063867619.8,1.0069422425152021e+23,1.001445015330278e+20,3.3564741417173403e+22
2492387027027.027,1443.970055748999,253192261.06319314,1,1.184624627129734e+22,3.3564741417173403e+22,1.0079423570064233e+23,9.98453613406521e+19,9.846559058180832e-06,5.540842361266988e+22,4.8846156273890545e-68,1.0027755394395203e+20,1.6766900674980597e-06,1.3305241092422547e+17,9.828522083358763e+16,1477402806046270.0,1.0069422425152021e+23,1.001445015330278e+20,3.3564741417173403e+22
2495545945945.946,1442.2513866181357,253191431.563281,1,1.184624627129734e+22,3.3564741417173403e+22,1.0079423570064233e+23,9.98453613406521e+19,2.1021359373818323e-06,5.540842361266988e+22,3.78665005769817e-68,1.0027755394395203e+20,3.5795668317689383e-07,1.3305241092422547e+17,9.82265162613895e+16,1536107378244403.5,1.0069422425152021e+23,1.001445015330278e+20,3.3564741417173403e+22
2498704864864.865,1440.5327174872723,253190623.7730508,1,1.184624627129734e+22,3.3564741417173403e+22,1.0079423570064233e+23,9.98453613406521e+19,4.487839301612721e-07,5.540842361266988e+22,2.9354855639132343e-68,1.0027755394395203e+20,7.642022582581839e-08,1.3305241092422547e+17,9.816683032115874e+16,1595793318475172.8,1.0069422425152021e+23,1.001445015330278e+20,3.3564741417173403e+22
2501863783783.784,1438.814048356409,253189836.89925703,1,1.184624627129734e+22,3.3564741417173403e+22,1.0079423570064233e+23,9.98453613406521e+19,9.581069425955841e-08,5.540842361266988e+22,2.2756461158655756e-68,1.0027755394395203e+20,1.6314971230894986e-08,1.3305241092422547e+17,9.810614724650965e+16,1656476393124265.5,1.0069422425152021e+23,1.001445015330278e+20,3.3564741417173403e+22
2505022702702.703,1437.095379225546,253189070.17886126,1,1.184624627129734e+22,3.3564741417173403e+22,1.0079423570064233e+23,9.98453613406521e+19,2.0454593867378427e-08,5.540842361266988e+22,1.7641256044027836e-68,1.0027755394395203e+20,3.4830880917956145e-09,1.3305241092422547e+17,9.804445104009832e+16,1718172599535596.8,1.0069422425152021e+23,1.001445015330278e+20,3.3564741417173403e+22
2508181621621.622,1435.3767100946827,253188322.87788573,1,1.184624627129734e+22,3.3564741417173403e+22,1.0079423570064233e+23,9.98453613406521e+19,4.366846377351619e-09,5.540842361266988e+22,1.3675848482819741e-68,1.0027755394395203e+20,7.436057712523569e-10,1.3305241092422547e+17,9.798172547103701e+16,1780898168596908.2,1.0069422425152021e+23,1.001445015330278e+20,3.3564741417173403e+22
2511340540540.5405,1433.6580409638195,253187594.2903071,1,1.184624627129734e+22,3.3564741417173403e+22,1.0079423570064233e+23,9.98453613406521e+19,9.322773694920847e-10,5.540842361266988e+22,1.0601786588113073e-68,1.0027755394395203e+20,1.5875272504308053e-10,1.3305241092422547e+17,9.791795407231006e+16,1844669567323857.8,1.0069422425152021e+23,1.001445015330278e+20,3.3564741417173403e+22
2514499459459.4595,1431.9393718329563,253186883.73699164,1,1.184624627129734e+22,3.3564741417173403e+22,1.0079423570064233e+23,9.98453613406521e+19,1.9903183212702977e-10,5.540842361266988e+22,8.218713376438316e-69,1.0027755394395203e+20,3.3892200467692315e-11,1.3305241092422547e+17,9.78531201381928e+16,1909503501441122.8,1.0069422425152021e+23,1.001445015330278e+20,3.3564741417173403e+22
2517658378378.3784,1430.2207027020931,253186190.56466833,1,1.184624627129734e+22,3.3564741417173403e+22,1.0079423570064233e+23,9.98453613406521e+19,4.249130857131215e-11,5.540842361266988e+22,6.371308175527828e-69,1.0027755394395203e+20,7.2356655041373904e-12,1.3305241092422547e+17,9.778720672167496e+16,1975416917958969.2,1.0069422425152021e+23,1.001445015330278e+20,3.3564741417173403e+22
2520817297297.2974,1428.50203357123,253185514.1449404,1,1.184624627129734e+22,3.3564741417173403e+22,1.0079423570064233e+23,9.98453613406521e+19,9.071473442316904e-12,5.540842361266988e+22,4.939163346895968e-69,1.0027755394395203e+20,1.5447468970781966e-12,1.3305241092422547e+17,9.772019663189026e+16,2042427007743669.0,1.0069422425152021e+23,1.001445015330278e+20,3.3564741417173403e+22
2523976216216.2163,1426.7833644403668,253184853.87333316,1,1.184624627129734e+22,3.3564741417173403e+22,1.0079423570064233e+23,9.98453613406521e+19,1.9366704208910036e-12,5.540842361266988e+22,3.828936522176556e-69,1.0027755394395203e+20,3.2978911175038316e-13,1.3305241092422547e+17,9.765207243155386e+16,2110551208080076.2,1.0069422425152021e+23,1.001445015330278e+20,3.3564741417173403e+22
2527135135135.1353,1425.0646953095036,253184209.16837704,1,1.184624627129734e+22,3.3564741417173403e+22,1.0079423570064233e+23,9.98453613406521e+19,4.1346024765554424e-13,5.540842361266988e+22,2.9682668624578083e-69,1.0027755394395203e+20,7.040693249952371e-14,1.3305241092422547e+17,9.758281643440933e+16,2179807205224599.0,1.0069422425152021e+23,1.001445015330278e+20,3.3564741417173403e+22
2530294054054.054,1423.3460261786402,253183579.47072482,1,1.184624627129734e+22,3.3564741417173403e+22,1.0079423570064233e+23,9.98453613406521e+19,8.826976137130201e-14,5.540842361266988e+22,2.3010588229226474e-69,1.0027755394395203e+20,1.5031234835369726e-14,1.3305241092422547e+17,9.75124107026872e+16,2250212936946721.8,1.0069422425152021e+23,1.001445015330278e+20,3.3564741417173403e+22
2533452972972.973,1421.627357047777,253182964.242302,1,1.184624627129734e+22,3.3564741417173403e+22,1.0079423570064233e+23,9.98453613406521e+19,1.8844746180591784e-14,5.540842361266988e+22,1.7838260344846005e-69,1.0027755394395203e+20,3.2090317953986032e-15,1.3305241092422547e+17,9.744083704457677e+16,2321786595057160.5,1.0069422425152021e+23,1.001445015330278e+20,3.3564741417173403e+22
2536611891891.892,1419.9086879169138,253182362.9654888,1,1.184624627129734e+22,3.3564741417173403e+22,1.0079423570064233e+23,9.98453613406521e+19,4.023173634439753e-15,5.540842361266988e+22,1.382857008958794e-69,1.0027755394395203e+20,6.850992649501749e-16,1.3305241092422547e+17,9.736807701171328e+16,2394546627920644.5,1.0069422425152021e+23,1.001445015330278e+20,3.3564741417173403e+22
2539770810810.811,1418.1900187860506,253181775.14233297,1,1.184624627129734e+22,3.3564741417173403e+22,1.0079423570064233e+23,9.98453613406521e+19,8.589094911738271e-16,5.540842361266988e+22,1.0720179379930284e-69,1.0027755394395203e+20,1.462625368391981e-16,1.3305241092422547e+17,9.729411189668269e+16,2468511742951237.5,1.0069422425152021e+23,1.001445015330278e+20,3.3564741417173403e+22
2542929729729.73,1416.4713496551874,253181200.29379264,1,1.184624627129734e+22,3.3564741417173403e+22,1.0079423570064233e+23,9.98453613406521e+19,1.8336910497293578e-16,5.540842361266988e+22,8.310493796058625e-70,1.0027755394395203e+20,3.1225745688624485e-17,1.3305241092422547e+17,9.72189227305459e+16,2543700909088021.0,1.0069422425152021e+23,1.001445015330278e+20,3.3564741417173403e+22
2546088648648.649,1414.7526805243242,253180637.95900738,1,1.184624627129734e+22,3.3564741417173403e+22,1.0079423570064233e+23,9.98453613406521e+19,3.914759291660927e-17,5.540842361266988e+22,6.44245816106652e-70,1.0027755394395203e+20,6.6664196540278396e-18,1.3305241092422547e+17,9.714249028038506e+16,2620133359248875.5,1.0069422425152021e+23,1.001445015330278e+20,3.3564741417173403e+22
2549247567567.568,1413.034011393461,253180087.6945974,1,1.184624627129734e+22,3.3564741417173403e+22,1.0079423570064233e+23,9.98453613406521e+19,8.35764834891476e-18,5.540842361266988e+22,4.994320214374879e-70,1.0027755394395203e+20,1.4232218155192647e-18,1.3305241092422547e+17,9.706479504687394e+16,2697828592759998.0,1.0069422425152021e+23,1.001445015330278e+20,3.3564741417173403e+22
2552406486486.4863,1411.3153422625978,253179549.07398874,1,1.184624627129734e+22,3.3564741417173403e+22,1.0079423570064233e+23,9.98453613406521e+19,1.7842810124850426e-18,5.540842361266988e+22,3.871695210137662e-70,1.0027755394395203e+20,3.0384538540648114e-19,1.3305241092422547e+17,9.698581726187523e+16,2776806377758705.0,1.0069422425152021e+23,1.001445015330278e+20,3.3564741417173403e+22
2555565405405.4053,1409.5966731317346,253179021.68676525,1,1.184624627129734e+22,3.3564741417173403e+22,1.0079423570064233e+23,9.98453613406521e+19,3.8092768766166246e-19,5.540842361266988e+22,3.001414237929308e-70,1.0027755394395203e+20,6.486834320182885e-20,1.3305241092422547e+17,9.690553688606698e+16,2857086753566965.0,1.0069422425152021e+23,1.001445015330278e+20,3.3564741417173403e+22
2558724324324.324,1407.8780040008714,253178505.13804415,1,1.184624627129734e+22,3.3564741417173403e+22,1.0079423570064233e+23,9.98453613406521e+19,8.132460282551493e-20,5.540842361266988e+22,2.3267553200099297e-70,1.0027755394395203e+20,1.3848829631690526e-20,1.3305241092422547e+17,9.682393360660094e+16,2938690033033004.5,1.0069422425152021e+23,1.001445015330278e+20,3.3564741417173403e+22
2561883243243.2437,1406.159334870008,253177999.04787672,1,1.184624627129734e+22,3.3564741417173403e+22,1.0079423570064233e+23,9.98453613406521e+19,1.736206920519915e-20,5.540842361266988e+22,1.8037464641766724e-70,1.0027755394395203e+20,2.956605929580423e-21,1.3305241092422547e+17,9.674098683479571e+16,3021636804838234.5,1.0069422425152021e+23,1.001445015330278e+20,3.3564741417173403e+22
2565042162162.1626,1404.4406657391448,253177503.050671,1,1.184624627129734e+22,3.3564741417173403e+22,1.0079423570064233e+23,9.98453613406521e+19,3.706646196597825e-21,5.540842361266988e+22,1.3982997176583066e-70,1.0027755394395203e+20,6.312100671835679e-22,1.3305241092422547e+17,9.665667570386733e+16,3105947935766624.5,1.0069422425152021e+23,1.001445015330278e+20,3.3564741417173403e+22
2568201081081.0815,1402.7219966082816,253177016.79463756,1,1.184624627129734e+22,3.3564741417173403e+22,1.0079423570064233e+23,9.98453613406521e+19,7.913359610662107e-22,5.540842361266988e+22,1.0839894293546284e-70,1.0027755394395203e+20,1.3475797947366383e-22,1.3305241092422547e+17,9.65709790667004e+16,3191644572933550.5,1.0069422425152021e+23,1.001445015330278e+20,3.3564741417173403e+22
2571360000000.0,1401.0033274774185,253176539.94125578,1,1.184624627129734e+22,3.3564741417173403e+22,1.0079423570064233e+23,9.98453613406521e+19,1.689432266170772e-22,5.540842361266988e+22,8.403299150488052e-71,1.0027755394395203e+20,2.876968874550155e-23,1.3305241092422547e+17,9.648387549366293e+16,3278748145971025.5,1.0069422425152021e+23,1.001445015330278e+20,3.3564741417173403e+22
2574518918918.919,1399.2846583465553,253176072.16476148,1,1.184624627129734e+22,3.3564741417173403e+22,1.0079423570064233e+23,9.98453613406521e+19,3.606789354464517e-23,5.540842361266988e+22,6.51440269621774e-71,1.0027755394395203e+20,6.142086569205094e-24,1.3305241092422547e+17,9.639534327046786e+16,3367280369166105.0,1.0069422425152021e+23,1.001445015330278e+20,3.3564741417173403e+22
2577677837837.838,1397.565989215692,253175613.15165406,1,1.184624627129734e+22,3.3564741417173403e+22,1.0079423570064233e+23,9.98453613406521e+19,7.700180119410836e-24,5.540842361266988e+22,5.050093032332933e-71,1.0027755394395203e+20,1.311284111060595e-24,1.3305241092422547e+17,9.630536039608482e+16,3457263243549138.5,1.0069422425152021e+23,1.001445015330278e+20,3.3564741417173403e+22
2580836756756.757,1395.8473200848289,253175162.60022268,1,1.184624627129734e+22,3.3564741417173403e+22,1.0079423570064233e+23,9.98453613406521e+19,1.6439215827432765e-24,5.540842361266988e+22,3.914931395018752e-71,1.0027755394395203e+20,2.7994825100269195e-25,1.3305241092422547e+17,9.621390458070554e+16,3548719058928417.5,1.0069422425152021e+23,1.001445015330278e+20,3.3564741417173403e+22
2583995675675.676,1394.1286509539657,253174720.22009087,1,1.184624627129734e+22,3.3564741417173403e+22,1.0079423570064233e+23,9.98453613406521e+19,3.509630670091179e-25,5.540842361266988e+22,3.0349317783999674e-71,1.0027755394395203e+20,5.976663584638535e-26,1.3305241092422547e+17,9.612095324376632e+16,3641670395867640.5,1.0069422425152021e+23,1.001445015330278e+20,3.3564741417173403e+22
2587154594594.5947,1392.4099818231025,253174285.7317789,1,1.184624627129734e+22,3.3564741417173403e+22,1.0079423570064233e+23,9.98453613406521e+19,7.492760317067263e-26,5.540842361266988e+22,2.3527387762813835e-71,1.0027755394395203e+20,1.275968504107852e-26,1.3305241092422547e+17,9.602648351203147e+16,3736140127602487.5,1.0069422425152021e+23,1.001445015330278e+20,3.3564741417173403e+22
2590313513513.5137,1390.6913126922393,253173858.86628306,1,1.184624627129734e+22,3.3564741417173403e+22,1.0079423570064233e+23,9.98453613406521e+19,1.599640409403989e-26,5.540842361266988e+22,1.8238893502694495e-71,1.0027755394395203e+20,2.7240883432171338e-27,1.3305241092422547e+17,9.59304722177415e+16,3832151421892460.0,1.0069422425152021e+23,1.001445015330278e+20,3.3564741417173403e+22
2593472432432.4326,1388.972643561376,253173439.36467138,1,1.184624627129734e+22,3.3564741417173403e+22,1.0079423570064233e+23,9.98453613406521e+19,3.415096606115057e-27,5.540842361266988e+22,1.4139148789327655e-71,1.0027755394395203e+20,5.815706884437431e-28,1.3305241092422547e+17,9.583289589682995e+16,3929727742804010.0,1.0069422425152021e+23,1.001445015330278e+20,3.3564741417173403e+22
2596631351351.3516,1387.2539744305127,253173026.97769493,1,1.184624627129734e+22,3.3564741417173403e+22,1.0079423570064233e+23,9.98453613406521e+19,7.29094327692439e-28,5.540842361266988e+22,1.0960946093424554e-71,1.0027755394395203e+20,1.2416063319221955e-28,1.3305241092422547e+17,9.573373078721312e+16,4028892852420835.5,1.0069422425152021e+23,1.001445015330278e+20,3.3564741417173403e+22
2599790270270.2705,1385.5353052996495,253172621.46541467,1,1.184624627129734e+22,3.3564741417173403e+22,1.0079423570064233e+23,9.98453613406521e+19,1.5565552579402578e-28,5.540842361266988e+22,8.497140885428931e-72,1.0027755394395203e+20,2.6507295143629156e-29,1.3305241092422547e+17,9.563295282715688e+16,4129670812477076.5,1.0069422425152021e+23,1.001445015330278e+20,3.3564741417173403e+22
2602949189189.1895,1383.8166361687863,253172222.5968422,1,1.184624627129734e+22,3.3564741417173403e+22,1.0079423570064233e+23,9.98453613406521e+19,3.323115697578286e-29,5.540842361266988e+22,6.58715065391494e-72,1.0027755394395203e+20,5.659095116205437e-30,1.3305241092422547e+17,9.553053765372496e+16,4232085985909004.5,1.0069422425152021e+23,1.001445015330278e+20,3.3564741417173403e+22
2606108108108.1084,1382.0979670379231,253171830.14959535,1,1.184624627129734e+22,3.3564741417173403e+22,1.0079423570064233e+23,9.98453613406521e+19,7.094576488336861e-30,5.540842361266988e+22,5.106488679242569e-72,1.0027755394395203e+20,1.2081716947280313e-30,1.3305241092422547e+17,9.542646060131333e+16,4336163038320634.5,1.0069422425152021e+23,1.001445015330278e+20,3.3564741417173403e+22
2609267027027.0273,1380.37929790706,253171443.90956637,1,1.184624627129734e+22,3.3564741417173403e+22,1.0079423570064233e+23,9.98453613406521e+19,1.5146335812140879e-30,5.540842361266988e+22,3.958650409146881e-72,1.0027755394395203e+20,2.5793507460419574e-31,1.3305241092422547e+17,9.532069670027542e+16,4441926939358543.0,1.0069422425152021e+23,1.001445015330278e+20,3.3564741417173403e+22
2612425945945.9463,1378.6606287761967,253171063.67060375,1,1.184624627129734e+22,3.3564741417173403e+22,1.0079423570064233e+23,9.98453613406521e+19,3.2336184851052084e-31,5.540842361266988e+22,3.0688236175945443e-72,1.0027755394395203e+20,5.506710301257337e-32,1.3305241092422547e+17,9.521322067564296e+16,4549402963991014.0,1.0069422425152021e+23,1.001445015330278e+20,3.3564741417173403e+22
2615584864864.8647,1376.9419596453336,253170689.23420617,1,1.184624627129734e+22,3.3564741417173403e+22,1.0079423570064233e+23,9.98453613406521e+19,6.903511715139748e-32,5.540842361266988e+22,2.379012396281703e-72,1.0027755394395203e+20,1.1756394120940857e-32,1.3305241092422547e+17,9.51040069459475e+16,4658616693686468.0,1.0069422425152021e+23,1.001445015330278e+20,3.3564741417173403e+22
2618743783783.7837,1375.2232905144704,253170320.40922847,1,1.184624627129734e+22,3.3564741417173403e+22,1.0079423570064233e+23,9.98453613406521e+19,1.4738437431574676e-32,5.540842361266988e+22,1.8442571769889763e-72,1.0027755394395203e+20,2.5098982946880814e-33,1.3305241092422547e+17,9.4993029622148e+16,4769594017485965.0,1.0069422425152021e+23,1.001445015330278e+20,3.3564741417173403e+22
2621902702702.7026,1373.5046213836072,253169957.01159894,1,1.184624627129734e+22,3.3564741417173403e+22,1.0079423570064233e+23,9.98453613406521e+19,3.1465374513002694e-33,5.540842361266988e+22,1.4297044186030358e-72,1.0027755394395203e+20,5.358437731682621e-34,1.3305241092422547e+17,9.488026250666955e+16,4882361132964408.0,1.0069422425152021e+23,1.001445015330278e+20,3.3564741417173403e+22
2625061621621.622,1371.7859522527438,253169598.86404815,1,1.184624627129734e+22,3.3564741417173403e+22,1.0079423570064233e+23,9.98453613406521e+19,6.7176048607986095e-34,5.540842361266988e+22,1.1083349708907017e-72,1.0027755394395203e+20,1.1439850010729937e-34,1.3305241092422547e+17,9.476567909255907e+16,4996944547074887.0,1.0069422425152021e+23,1.001445015330278e+20,3.3564741417173403e+22
2628220540540.541,1370.0672831218806,253169245.79584783,1,1.184624627129734e+22,3.3564741417173403e+22,1.0079423570064233e+23,9.98453613406521e+19,1.4341549901751172e-34,5.540842361266988e+22,8.592030574400606e-73,1.0027755394395203e+20,2.442319904158764e-35,1.3305241092422547e+17,9.464925256276352e+16,5113371076870433.0,1.0069422425152021e+23,1.001445015330278e+20,3.3564741417173403e+22
2631379459459.46,1368.3486139910174,253168897.6425604,1,1.184624627129734e+22,3.3564741417173403e+22,1.0079423570064233e+23,9.98453613406521e+19,3.061806960089853e-35,5.540842361266988e+22,6.660711006177829e-73,1.0027755394395203e+20,5.214165871704771e-36,1.3305241092422547e+17,9.453095578953669e+16,5231667850097270.0,1.0069422425152021e+23,1.001445015330278e+20,3.3564741417173403e+22
2634538378378.3784,1366.6299448601542,253168554.24579778,1,1.184624627129734e+22,3.3564741417173403e+22,1.0079423570064233e+23,9.98453613406521e+19,6.536715839719864e-36,5.540842361266988e+22,5.163514110389842e-73,1.0027755394395203e+20,1.113184655242722e-36,1.3305241092422547e+17,9.44107613339805e+16,5351862305653461.0,1.0069422425152021e+23,1.001445015330278e+20,3.3564741417173403e+22
2637697297297.2974,1364.911275729291,253168215.45299056,1,1.184624627129734e+22,3.3564741417173403e+22,1.0079423570064233e+23,9.98453613406521e+19,1.3955374238368212e-36,5.540842361266988e+22,4.002857644396526e-73,1.0027755394395203e+20,2.3765647611966205e-37,1.3305241092422547e+17,9.42886414457273e+16,5473982193906666.0,1.0069422425152021e+23,1.001445015330278e+20,3.3564741417173403e+22
2640856216216.2163,1363.1926065984278,253167881.11716497,1,1.184624627129734e+22,3.3564741417173403e+22,1.0079423570064233e+23,9.98453613406521e+19,2.9793631987646826e-37,5.540842361266988e+22,3.103093935400128e-73,1.0027755394395203e+20,5.073786263018716e-38,1.3305241092422547e+17,9.416456806276944e+16,5598055576864518.0,1.0069422425152021e+23,1.001445015330278e+20,3.3564741417173403e+22
2644015135135.1353,1361.4739374675646,253167551.09672955,1,1.184624627129734e+22,3.3564741417173403e+22,1.0079423570064233e+23,9.98453613406521e+19,6.360708454218717e-38,5.540842361266988e+22,2.405579420341529e-73,1.0027755394395203e+20,1.0832152245840094e-38,1.3305241092422547e+17,9.4038512811443e+16,5724110828190943.0,1.0069422425152021e+23,1.001445015330278e+20,3.3564741417173403e+22
2647174054054.054,1359.7552683367014,253167225.25526997,1,1.184624627129734e+22,3.3564741417173403e+22,1.0079423570064233e+23,9.98453613406521e+19,1.357961974755436e-38,5.540842361266988e+22,1.8648524563032632e-73,1.0027755394395203e+20,2.3125834526483932e-39,1.3305241092422547e+17,9.39104470065724e+16,5852176633061545.0,1.0069422425152021e+23,1.001445015330278e+20,3.3564741417173403e+22
2650332972972.973,1358.0365992058382,253166903.4613513,1,1.184624627129734e+22,3.3564741417173403e+22,1.0079423570064233e+23,9.98453613406521e+19,2.8991441225080703e-39,5.540842361266988e+22,1.4456702839961005e-73,1.0027755394395203e+20,4.9371934338251054e-40,1.3305241092422547e+17,9.378034165178299e+16,5982281987850957.0,1.0069422425152021e+23,1.001445015330278e+20,3.3564741417173403e+22
2653491891891.892,1356.317930074975,253166585.58832875,1,1.184624627129734e+22,3.3564741417173403e+22,1.0079423570064233e+23,9.98453613406521e+19,6.1894502767008535e-40,5.540842361266988e+22,1.1207120236055262e-73,1.0027755394395203e+20,1.0540541961355732e-40,1.3305241092422547e+17,9.364816743998907e+16,6114456199644878.0,1.0069422425152021e+23,1.001445015330278e+20,3.3564741417173403e+22
2656650810810.811,1354.5992609441116,253166271.5141654,1,1.184624627129734e+22,3.3564741417173403e+22,1.0079423570064233e+23,9.98453613406521e+19,1.3214003775588576e-40,5.540842361266988e+22,8.687979920166785e-74,1.0027755394395203e+20,2.2503279243209518e-41,1.3305241092422547e+17,9.351389475406467e+16,6248728885569275.0,1.0069422425152021e+23,1.001445015330278e+20,3.3564741417173403e+22
2659809729729.73,1352.8805918132484,253165961.12125722,1,1.184624627129734e+22,3.3564741417173403e+22,1.0079423570064233e+23,9.98453613406521e+19,2.821089401220415e-41,5.540842361266988e+22,6.735092825218892e-74,1.0027755394395203e+20,4.804284811310971e-42,1.3305241092422547e+17,9.337749366770491e+16,6385129971929034.0,1.0069422425152021e+23,1.001445015330278e+20,3.3564741417173403e+22
2662968648648.649,1351.1619226823852,253165654.29626465,1,1.184624627129734e+22,3.3564741417173403e+22,1.0079423570064233e+23,9.98453613406521e+19,6.022812536665805e-42,5.540842361266988e+22,5.221176358732214e-74,1.0027755394395203e+20,1.0256796753751944e-42,1.3305241092422547e+17,9.323893394648582e+16,6523689693148116.0,1.0069422425152021e+23,1.001445015330278e+20,3.3564741417173403e+22
2666127567567.568,1349.443253551522,253165350.92995113,1,1.184624627129734e+22,3.3564741417173403e+22,1.0079423570064233e+23,9.98453613406521e+19,1.2858251468748043e-42,5.540842361266988e+22,4.04755855285457e-74,1.0027755394395203e+20,2.189751441366643e-43,1.3305241092422547e+17,9.30981850491309e+16,6664438590503050.0,1.0069422425152021e+23,1.001445015330278e+20,3.3564741417173403e+22
2669286486486.487,1347.7245844206589,253165050.91702768,1,1.184624627129734e+22,3.3564741417173403e+22,1.0079423570064233e+23,9.98453613406521e+19,2.74514036847195e-43,5.540842361266988e+22,3.1377469583816498e-74,1.0027755394395203e+20,4.674960637353647e-44,1.3305241092422547e+17,9.295521612899258e+16,6807407510641373.0,1.0069422425152021e+23,1.001445015330278e+20,3.3564741417173403e+22
2672445405405.406,1346.0059152897957,253164754.15600348,1,1.184624627129734e+22,3.3564741417173403e+22,1.0079423570064233e+23,9.98453613406521e+19,5.860670012184145e-44,5.540842361266988e+22,2.4324431249770843e-74,1.0027755394395203e+20,9.980703682803486e-45,1.3305241092422547e+17,9.280999603575755e+16,6952627603876397.0,1.0069422425152021e+23,1.001445015330278e+20,3.3564741417173403e+22
2675604324324.324,1344.2872461589325,253164460.54904264,1,1.184624627129734e+22,3.3564741417173403e+22,1.0079423570064233e+23,9.98453613406521e+19,1.251209554256425e-44,5.540842361266988e+22,1.8856777282320975e-74,1.0027755394395203e+20,2.1308085501017146e-45,1.3305241092422547e+17,9.26624933173845e+16,7100130322249447.0,1.0069422425152021e+23,1.001445015330278e+20,3.3564741417173403e+22
2678763243243.243,1342.5685770280693,253164170.00182602,1,1.184624627129734e+22,3.3564741417173403e+22,1.0079423570064233e+23,9.98453613406521e+19,2.6712399724347162e-45,5.540842361266988e+22,1.4618144441852315e-74,1.0027755394395203e+20,4.549123887248102e-46,1.3305241092422547e+17,9.251267622228346e+16,7249947417350485.0,1.0069422425152021e+23,1.001445015330278e+20,3.3564741417173403e+22
2681922162162.162,1340.849907897206,253163882.4234189,1,1.184624627129734e+22,3.3564741417173403e+22,1.0079423570064233e+23,9.98453613406521e+19,5.702900925539889e-46,5.540842361266988e+22,1.1332272939512377e-74,1.0027755394395203e+20,9.712055640269335e-47,1.3305241092422547e+17,9.236051270174614e+16,7402110937887790.0,1.0069422425152021e+23,1.001445015330278e+20,3.3564741417173403e+22
2685081081081.081,1339.131238766343,253163597.72614357,1,1.184624627129734e+22,3.3564741417173403e+22,1.0079423570064233e+23,9.98453613406521e+19,1.2175276059847448e-46,5.540842361266988e+22,8.785000756178868e-75,1.0027755394395203e+20,2.073455041171905e-47,1.3305241092422547e+17,9.22059704126368e+16,7556653226997130.0,1.0069422425152021e+23,1.001445015330278e+20,3.3564741417173403e+22
2688240000000.0005,1337.4125696354795,253163315.82545665,1,1.184624627129734e+22,3.3564741417173403e+22,1.0079423570064233e+23,9.98453613406521e+19,2.599332728661077e-47,5.540842361266988e+22,6.810305284562281e-75,1.0027755394395203e+20,4.4266801912789134e-48,1.3305241092422547e+17,9.204901672035331e+16,7713606919280617.0,1.0069422425152021e+23,1.001445015330278e+20,3.3564741417173403e+22
2691398918918.9194,1335.6939005046163,253163036.6398319,1,1.184624627129734e+22,3.3564741417173403e+22,1.0079423570064233e+23,9.98453613406521e+19,5.549386842762888e-48,5.540842361266988e+22,5.279482535765942e-75,1.0027755394395203e+20,9.450651182888212e-49,1.3305241092422547e+17,9.188961870206875e+16,7873004937565180.0,1.0069422425152021e+23,1.001445015330278e+20,3.3564741417173403e+22
2694557837837.838,1333.975231373753,253162760.09064668,1,1.184624627129734e+22,3.3564741417173403e+22,1.0079423570064233e+23,9.98453613406521e+19,1.1847540216908897e-48,5.540842361266988e+22,4.092758647492711e-75,1.0027755394395203e+20,2.0176479139874842e-49,1.3305241092422547e+17,9.172774315026357e+16,8034880489370367.0,1.0069422425152021e+23,1.001445015330278e+20,3.3564741417173403e+22
2697716756756.757,1332.25656224289,253162486.10207337,1,1.184624627129734e+22,3.3564741417173403e+22,1.0079423570064233e+23,9.98453613406521e+19,2.5293646745904045e-49,5.540842361266988e+22,3.1727869603031453e-75,1.0027755394395203e+20,4.307537758975691e-50,1.3305241092422547e+17,9.156335657655902e+16,8199267063074916.0,1.0069422425152021e+23,1.001445015330278e+20,3.3564741417173403e+22
2700875675675.676,1330.5378931120267,253162214.60097498,1,1.184624627129734e+22,3.3564741417173403e+22,1.0079423570064233e+23,9.98453613406521e+19,5.400012576805611e-50,5.540842361266988e+22,2.4596068232942636e-75,1.0027755394395203e+20,9.196294371047756e-51,1.3305241092422547e+17,9.139642521586264e+16,8366198423771292.0,1.0069422425152021e+23,1.001445015330278e+20,3.3564741417173403e+22
2704034594594.5947,1328.8192239811635,253161945.51680434,1,1.184624627129734e+22,3.3564741417173403e+22,1.0079423570064233e+23,9.98453613406521e+19,1.1528642137470843e-50,5.540842361266988e+22,1.9067355611602993e-75,1.0027755394395203e+20,1.9633453423581618e-51,1.3305241092422547e+17,9.12269150308368e+16,8535708608797140.0,1.0069422425152021e+23,1.001445015330278e+20,3.3564741417173403e+22
2707193513513.5137,1327.1005548503003,253161678.781508,1,1.184624627129734e+22,3.3564741417173403e+22,1.0079423570064233e+23,9.98453613406521e+19,2.461283325677992e-51,5.540842361266988e+22,1.478138890232831e-75,1.0027755394395203e+20,4.1916073059061626e-52,1.3305241092422547e+17,9.10547917167016e+16,8707831922932342.0,1.0069422425152021e+23,1.001445015330278e+20,3.3564741417173403e+22
2710352432432.4326,1325.3818857194372,253161414.32943293,1,1.184624627129734e+22,3.3564741417173403e+22,1.0079423570064233e+23,9.98453613406521e+19,5.254666094144117e-52,5.540842361266988e+22,1.1458823254385515e-75,1.0027755394395203e+20,8.948794612823318e-53,1.3305241092422547e+17,9.088002070638382e+16,8882602933250125.0,1.0069422425152021e+23,1.001445015330278e+20,3.3564741417173403e+22
2713511351351.3516,1323.663216588574,253161152.09723753,1,1.184624627129734e+22,3.3564741417173403e+22,1.0079423570064233e+23,9.98453613406521e+19,1.1218342673806554e-52,5.540842361266988e+22,8.883105048035345e-76,1.0027755394395203e+20,1.9105066412644622e-53,1.3305241092422547e+17,9.070256717602355e+16,9060056463610400.0,1.0069422425152021e+23,1.001445015330278e+20,3.3564741417173403e+22
2716670270270.2705,1321.9445474577105,253160892.02380574,1,1.184624627129734e+22,3.3564741417173403e+22,1.0079423570064233e+23,9.98453613406521e+19,2.3950376330510532e-53,5.540842361266988e+22,6.886357660175168e-76,1.0027755394395203e+20,4.078801982875546e-54,1.3305241092422547e+17,9.052239605085069e+16,9240227588783266.0,1.0069422425152021e+23,1.001445015330278e+20,3.3564741417173403e+22
2719829189189.1895,1320.2258783268474,253160634.0501643,1,1.184624627129734e+22,3.3564741417173403e+22,1.0079423570064233e+23,9.98453613406521e+19,5.113238424605414e-54,5.540842361266988e+22,5.33843983240313e-76,1.0027755394395203e+20,8.707966513111648e-55,1.3305241092422547e+17,9.033947201144358e+16,9423151628190364.0,1.0069422425152021e+23,1.001445015330278e+20,3.3564741417173403e+22
2722988108108.1084,1318.5072091959842,253160378.11940387,1,1.184624627129734e+22,3.3564741417173403e+22,1.0079423570064233e+23,9.98453613406521e+19,1.0916409214699025e-54,5.540842361266988e+22,4.1384635028473727e-76,1.0027755394395203e+20,1.859092234708237e-55,1.3305241092422547e+17,9.015375950038245e+16,9608864139251504.0,1.0069422425152021e+23,1.001445015330278e+20,3.3564741417173403e+22
2726147027027.0273,1316.788540065121,253160124.17660224,1,1.184624627129734e+22,3.3564741417173403e+22,1.0079423570064233e+23,9.98453613406521e+19,2.3305779426061697e-55,5.540842361266988e+22,3.208218262654836e-76,1.0027755394395203e+20,3.969037307411996e-56,1.3305241092422547e+17,8.99652227293102e+16,9797400910323738.0,1.0069422425152021e+23,1.001445015330278e+20,3.3564741417173403e+22
2729305945945.9463,1315.0698709342578,253159872.16875136,1,1.184624627129734e+22,3.3564741417173403e+22,1.0079423570064233e+23,9.98453613406521e+19,4.975623574242887e-56,5.540842361266988e+22,2.4870738653972395e-76,1.0027755394395203e+20,8.47362972760964e-57,1.3305241092422547e+17,8.977382568641411e+16,9988797953219834.0,1.0069422425152021e+23,1.001445015330278e+20,3.3564741417173403e+22
2732464864864.865,1313.3512018033946,253159622.0446865,1,1.184624627129734e+22,3.3564741417173403e+22,1.0079423570064233e+23,9.98453613406521e+19,1.0622615499846773e-56,5.540842361266988e+22,1.9280285521544803e-76,1.0027755394395203e+20,1.8090636245900846e-57,1.3305241092422547e+17,8.957953214434115e+16,1.0183091495292794e+16,1.0069422425152021e+23,1.001445015330278e+20,3.3564741417173403e+22
2735623783783.7837,1311.6325326725314,253159373.75501853,1,1.184624627129734e+22,3.3564741417173403e+22,1.0079423570064233e+23,9.98453613406521e+19,2.2678559554707857e-57,5.540842361266988e+22,1.4946456354359905e-76,1.0027755394395203e+20,3.862231097429132e-58,1.3305241092422547e+17,8.938230566856106e+16,1.0380317971072896e+16,1.0069422425152021e+23,1.001445015330278e+20,3.3564741417173403e+22
2738782702702.7026,1309.9138635416682,253159127.25206876,1,1.184624627129734e+22,3.3564741417173403e+22,1.0079423570064233e+23,9.98453613406521e+19,4.8417184410984296e-58,5.540842361266988e+22,1.1586786788149508e-76,1.0027755394395203e+20,8.245608821408635e-59,1.3305241092422547e+17,8.918210962619051e+16,1.058051401344344e+16,1.0069422425152021e+23,1.001445015330278e+20,3.3564741417173403e+22
2741941621621.6216,1308.195194410805,253158882.48980603,1,1.184624627129734e+22,3.3564741417173403e+22,1.0079423570064233e+23,9.98453613406521e+19,1.0336741440380337e-58,5.540842361266988e+22,8.982304894957526e-77,1.0027755394395203e+20,1.7603833605657267e-59,1.3305241092422547e+17,8.897890719529278e+16,1.0783716444341162e+16,1.0069422425152021e+23,1.001445015330278e+20,3.3564741417173403e+22
2745100540540.5405,1306.4765252799418,253158639.4237865,1,1.184624627129734e+22,3.3564741417173403e+22,1.0079423570064233e+23,9.98453613406521e+19,2.2068246897585446e-59,5.540842361266988e+22,6.963259331611761e-77,1.0027755394395203e+20,3.758303406965234e-60,1.3305241092422547e+17,8.877266137466686e+16,1.0989962264967076e+16,1.0069422425152021e+23,1.001445015330278e+20,3.3564741417173403e+22
2748259459459.46,1304.7578561490784,253158398.01109543,1,1.184624627129734e+22,3.3564741417173403e+22,1.0079423570064233e+23,9.98453613406521e+19,4.7114227337047996e-60,5.540842361266988e+22,5.398055519858586e-77,1.0027755394395203e+20,8.023733131995902e-61,1.3305241092422547e+17,8.856333499414072e+16,1.1199288645493228e+16,1.0069422425152021e+23,1.001445015330278e+20,3.3564741417173403e+22
2751418378378.379,1303.0391870182152,253158158.2102915,1,1.184624627129734e+22,3.3564741417173403e+22,1.0079423570064233e+23,9.98453613406521e+19,1.0058572945183712e-60,5.540842361266988e+22,4.184678755707214e-77,1.0027755394395203e+20,1.713015010837584e-61,1.3305241092422547e+17,8.835089072538328e+16,1.1411732914250672e+16,1.0069422425152021e+23,1.001445015330278e+20,3.3564741417173403e+22
2754577297297.298,1301.320517887352,253157919.98135298,1,1.184624627129734e+22,3.3564741417173403e+22,1.0079423570064233e+23,9.98453613406521e+19,2.147438443554655e-61,5.540842361266988e+22,3.2440452351861007e-77,1.0027755394395203e+20,3.6571764639075196e-62,1.3305241092422547e+17,8.813529109325019e+16,1.162733254638376e+16,1.0069422425152021e+23,1.001445015330278e+20,3.3564741417173403e+22
2757736216216.2163,1299.6018487564888,253157683.28562617,1,1.184624627129734e+22,3.3564741417173403e+22,1.0079423570064233e+23,9.98453613406521e+19,4.58463889219489e-62,5.540842361266988e+22,2.5148476388016335e-77,1.0027755394395203e+20,7.80783663646937e-63,1.3305241092422547e+17,8.791649848767835e+16,1.1846125151955596e+16,1.0069422425152021e+23,1.001445015330278e+20,3.3564741417173403e+22
2760895135135.1353,1297.8831796256256,253157448.0857756,1,1.184624627129734e+22,3.3564741417173403e+22,1.0079423570064233e+23,9.98453613406521e+19,9.787901752741998e-63,5.540842361266988e+22,1.9495593272833436e-77,1.0027755394395203e+20,1.666923133841079e-63,1.3305241092422547e+17,8.769447517614458e+16,1.206814846348938e+16,1.0069422425152021e+23,1.001445015330278e+20,3.3564741417173403e+22
2764054054054.054,1296.1645104947625,253157214.34573627,1,1.184624627129734e+22,3.3564741417173403e+22,1.0079423570064233e+23,9.98453613406521e+19,2.0896527590729692e-63,5.540842361266988e+22,1.5113367155747926e-77,1.0027755394395203e+20,3.558774609616499e-64,1.3305241092422547e+17,8.746918331670384e+16,1.2293440322930116e+16,1.0069422425152021e+23,1.001445015330278e+20,3.3564741417173403e+22
2767212972972.973,1294.4458413638993,253156982.03066754,1,1.184624627129734e+22,3.3564741417173403e+22,1.0079423570064233e+23,9.98453613406521e+19,4.461272011895919e-64,5.540842361266988e+22,1.1716179322571758e-77,1.0027755394395203e+20,7.597757822788937e-65,1.3305241092422547e+17,8.724058497162293e+16,1.2522038668011032e+16,1.0069422425152021e+23,1.001445015330278e+20,3.3564741417173403e+22
2770371891891.892,1292.727172233036,253156751.106909,1,1.184624627129734e+22,3.3564741417173403e+22,1.0079423570064233e+23,9.98453613406521e+19,9.52452526826011e-65,5.540842361266988e+22,9.082612531281741e-78,1.0027755394395203e+20,1.6220732507883318e-65,1.3305241092422547e+17,8.70086421216251e+16,1.2753981518008864e+16,1.0069422425152021e+23,1.001445015330278e+20,3.3564741417173403e+22
2773530810810.811,1291.0085031021729,253156521.54193777,1,1.184624627129734e+22,3.3564741417173403e+22,1.0079423570064233e+23,9.98453613406521e+19,2.033424387931398e-65,5.540842361266988e+22,7.041019783170093e-78,1.0027755394395203e+20,3.46302424037199e-66,1.3305241092422547e+17,8.677331668076192e+16,1.2989306958872042e+16,1.0069422425152021e+23,1.001445015330278e+20,3.3564741417173403e+22
2776689729729.7295,1289.2898339713097,253156293.30432752,1,1.184624627129734e+22,3.3564741417173403e+22,1.0079423570064233e+23,9.98453613406521e+19,4.341229769296741e-66,5.540842361266988e+22,5.45833695054659e-78,1.0027755394395203e+20,7.393339564898523e-67,1.3305241092422547e+17,8.65345705119283e+16,1.3228053127705656e+16,1.0069422425152021e+23,1.001445015330278e+20,3.3564741417173403e+22
2779848648648.649,1287.5711648404463,253156066.36370912,1,1.184624627129734e+22,3.3564741417173403e+22,1.0079423570064233e+23,9.98453613406521e+19,9.268246405818275e-67,5.540842361266988e+22,4.231410105808322e-78,1.0027755394395203e+20,1.5784318190346662e-67,1.3305241092422547e+17,8.6292365443037e+16,1.3470258196596966e+16,1.0069422425152021e+23,1.001445015330278e+20,3.3564741417173403e+22
2783007567567.568,1285.852495709583,253155840.69073254,1,1.184624627129734e+22,3.3564741417173403e+22,1.0079423570064233e+23,9.98453613406521e+19,1.978711257496542e-67,5.540842361266988e+22,3.280272296444401e-78,1.0027755394395203e+20,3.369853750568386e-68,1.3305241092422547e+17,8.604666328386883e+16,1.3715960355765124e+16,1.0069422425152021e+23,1.001445015330278e+20,3.3564741417173403e+22
2786166486486.487,1284.13382657872,253155616.25703043,1,1.184624627129734e+22,3.3564741417173403e+22,1.0079423570064233e+23,9.98453613406521e+19,4.224422350285409e-68,5.540842361266988e+22,2.542931568852298e-78,1.0027755394395203e+20,7.194429001567112e-69,1.3305241092422547e+17,8.579742584361526e+16,1.3965197796018692e+16,1.0069422425152021e+23,1.001445015330278e+20,3.3564741417173403e+22
2789325405405.406,1282.4151574478567,253155393.03518298,1,1.184624627129734e+22,3.3564741417173403e+22,1.0079423570064233e+23,9.98453613406521e+19,9.01887343534876e-69,5.540842361266988e+22,1.9713305419415548e-78,1.0027755394395203e+20,1.5359662062357664e-69,1.3305241092422547e+17,8.554461494912949e+16,1.4218008690504464e+16,1.0069422425152021e+23,1.001445015330278e+20,3.3564741417173403e+22
2792484324324.3247,1280.6964883169935,253155170.9986839,1,1.184624627129734e+22,3.3564741417173403e+22,1.0079423570064233e+23,9.98453613406521e+19,1.9254724382524415e-69,5.540842361266988e+22,1.528214189163383e-78,1.0027755394395203e+20,3.2791934775911626e-70,1.3305241092422547e+17,8.52881924639029e+16,1.4474431175731064e+16,1.0069422425152021e+23,1.001445015330278e+20,3.3564741417173403e+22
2795643243243.2437,1278.9778191861303,253154950.12190798,1,1.184624627129734e+22,3.3564741417173403e+22,1.0079423570064233e+23,9.98453613406521e+19,4.1107623805631086e-70,5.540842361266988e+22,1.184701681565859e-78,1.0027755394395203e+20,7.0008774188069144e-71,1.3305241092422547e+17,8.50281203077832e+16,1.4734503331850764e+16,1.0069422425152021e+23,1.001445015330278e+20,3.3564741417173403e+22
2798802162162.162,1277.2591500552671,253154730.38007984,1,1.184624627129734e+22,3.3564741417173403e+22,1.0079423570064233e+23,9.98453613406521e+19,8.776219834243498e-71,5.540842361266988e+22,9.184040327968206e-79,1.0027755394395203e+20,1.4946446652668257e-71,1.3305241092422547e+17,8.476436047745099e+16,1.499826316218298e+16,1.0069422425152021e+23,1.001445015330278e+20,3.3564741417173403e+22
2801961081081.081,1275.540480924404,253154511.74924347,1,1.184624627129734e+22,3.3564741417173403e+22,1.0079423570064233e+23,9.98453613406521e+19,1.8736681121587825e-71,5.540842361266988e+22,7.119648605061713e-79,1.0027755394395203e+20,3.1909756483225103e-72,1.3305241092422547e+17,8.449687506767107e+16,1.5265748571962894e+16,1.0069422425152021e+23,1.001445015330278e+20,3.3564741417173403e+22
2805120000000.0,1273.8218117935407,253154294.20623353,1,1.184624627129734e+22,3.3564741417173403e+22,1.0079423570064233e+23,9.98453613406521e+19,4.000164858202883e-72,5.540842361266988e+22,5.519291558987663e-79,1.0027755394395203e+20,6.812540135818955e-73,1.3305241092422547e+17,8.42256262933352e+16,1.5536997346298758e+16,1.0069422425152021e+23,1.001445015330278e+20,3.3564741417173403e+22
2808278918918.919,1272.1031426626776,253154077.72864705,1,1.184624627129734e+22,3.3564741417173403e+22,1.0079423570064233e+23,9.98453613406521e+19,8.540104143845738e-73,5.540842361266988e+22,4.278663316537153e-79,1.0027755394395203e+20,1.4544363099400637e-73,1.3305241092422547e+17,8.39505765123125e+16,1.5812047127321466e+16,1.0069422425152021e+23,1.001445015330278e+20,3.3564741417173403e+22
2811437837837.8384,1270.3844735318141,253153862.2948166,1,1.184624627129734e+22,3.3564741417173403e+22,1.0079423570064233e+23,9.98453613406521e+19,1.8232595422993532e-73,5.540842361266988e+22,3.3169039143202166e-79,1.0027755394395203e+20,3.1051343277166823e-74,1.3305241092422547e+17,8.367168824912384e+16,1.609093539051012e+16,1.0069422425152021e+23,1.001445015330278e+20,3.3564741417173403e+22
2814596756756.7573,1268.665804400951,253153647.88378444,1,1.184624627129734e+22,3.3564741417173403e+22,1.0079423570064233e+23,9.98453613406521e+19,3.892547090904963e-74,5.540842361266988e+22,2.571329119145765e-79,1.0027755394395203e+20,6.629276398218267e-75,1.3305241092422547e+17,8.338892421945651e+16,1.6373699420177448e+16,1.0069422425152021e+23,1.001445015330278e+20,3.3564741417173403e+22
2817755675675.676,1266.9471352700878,253153434.47527754,1,1.184624627129734e+22,3.3564741417173403e+22,1.0079423570064233e+23,9.98453613406521e+19,8.310349851070051e-75,5.540842361266988e+22,1.993344881177234e-79,1.0027755394395203e+20,1.415311094499797e-75,1.3305241092422547e+17,8.310224735553483e+16,1.666037628409912e+16,1.0069422425152021e+23,1.001445015330278e+20,3.3564741417173403e+22
2820914594594.5947,1265.2284661392246,253153222.0496834,1,1.184624627129734e+22,3.3564741417173403e+22,1.0079423570064233e+23,9.98453613406521e+19,1.7742090596118611e-75,5.540842361266988e+22,1.5452801377038478e-79,1.0027755394395203e+20,3.0216053926888796e-76,1.3305241092422547e+17,8.281162083236274e+16,1.6951002807271218e+16,1.0069422425152021e+23,1.001445015330278e+20,3.3564741417173403e+22
2824073513513.5137,1263.5097970083614,253153010.58802697,1,1.184624627129734e+22,3.3564741417173403e+22,1.0079423570064233e+23,9.98453613406521e+19,3.787828760568993e-76,5.540842361266988e+22,1.1979315403623366e-79,1.0027755394395203e+20,6.450949459042199e-77,1.3305241092422547e+17,8.25170080948536e+16,1.7245615544780358e+16,1.0069422425152021e+23,1.001445015330278e+20,3.3564741417173403e+22
2827232432432.4326,1261.7911278774982,253152800.07194844,1,1.184624627129734e+22,3.3564741417173403e+22,1.0079423570064233e+23,9.98453613406521e+19,8.086786246158973e-77,5.540842361266988e+22,9.286600794126724e-80,1.0027755394395203e+20,1.3772399368917159e-77,1.3305241092422547e+17,8.221837288586267e+16,1.754425075377128e+16,1.0069422425152021e+23,1.001445015330278e+20,3.3564741417173403e+22
2830391351351.3516,1260.072458746635,253152590.48368165,1,1.184624627129734e+22,3.3564741417173403e+22,1.0079423570064233e+23,9.98453613406521e+19,1.7264808040304014e-77,5.540842361266988e+22,7.199155494594451e-80,1.0027755394395203e+20,2.940327616740261e-78,1.3305241092422547e+17,8.191567927513693e+16,1.7846944364497032e+16,1.0069422425152021e+23,1.001445015330278e+20,3.3564741417173403e+22
2833550270270.2705,1258.3537896157718,253152381.80603346,1,1.184624627129734e+22,3.3564741417173403e+22,1.0079423570064233e+23,9.98453613406521e+19,3.6859378313129843e-78,5.540842361266988e+22,5.580926862725465e-80,1.0027755394395203e+20,6.277435262255036e-79,1.3305241092422547e+17,8.160889168919669e+16,1.8153731950437264e+16,1.0069422425152021e+23,1.001445015330278e+20,3.3564741417173403e+22
2836709189189.1895,1256.6351204849086,253152174.02236378,1,1.184624627129734e+22,3.3564741417173403e+22,1.0079423570064233e+23,9.98453613406521e+19,7.869294569548787e-79,5.540842361266988e+22,4.326444215641336e-80,1.0027755394395203e+20,1.3402015091251268e-79,1.3305241092422547e+17,8.129797494216334e+16,1.84646486974706e+16,1.0069422425152021e+23,1.001445015330278e+20,3.3564741417173403e+22
2839868108108.108,1254.9164513540454,253151967.1165664,1,1.184624627129734e+22,3.3564741417173403e+22,1.0079423570064233e+23,9.98453613406521e+19,1.6800765724184253e-79,5.540842361266988e+22,3.3539446065980723e-80,1.0027755394395203e+20,2.8612954355432448e-80,1.3305241092422547e+17,8.098289426754646e+16,1.877972937208748e+16,1.0069422425152021e+23,1.001445015330278e+20,3.3564741417173403e+22
2843027027027.0273,1253.197782223182,253151761.07305047,1,1.184624627129734e+22,3.3564741417173403e+22,1.0079423570064233e+23,9.98453613406521e+19,3.5870886075460035e-80,5.540842361266988e+22,2.600043791957409e-80,1.0027755394395203e+20,6.109031759673385e-81,1.3305241092422547e+17,8.06636153510035e+16,1.909900828863044e+16,1.0069422425152021e+23,1.001445015330278e+20,3.3564741417173403e+22
2846185945945.9463,1251.4791130923188,253151555.87672287,1,1.184624627129734e+22,3.3564741417173403e+22,1.0079423570064233e+23,9.98453613406521e+19,7.659963909714603e-81,5.540842361266988e+22,2.0156050600231012e-80,1.0027755394395203e+20,1.3044996051192985e-81,1.3305241092422547e+17,8.034010436408456e+16,1.942251927554939e+16,1.0069422425152021e+23,1.001445015330278e+20,3.3564741417173403e+22
2849344864864.865,1249.7604439614556,253151351.51297078,1,1.184624627129734e+22,3.3564741417173403e+22,1.0079423570064233e+23,9.98453613406521e+19,1.6367071850471742e-81,5.540842361266988e+22,1.5625366659429246e-80,1.0027755394395203e+20,2.7870193686575564e-82,1.3305241092422547e+17,8.00123279989739e+16,1.9750295640660044e+16,1.0069422425152021e+23,1.001445015330278e+20,3.3564741417173403e+22
2852503783783.784,1248.0417748305924,253151147.96764535,1,1.184624627129734e+22,3.3564741417173403e+22,1.0079423570064233e+23,9.98453613406521e+19,3.5047386507285803e-82,5.540842361266988e+22,1.2113091402876555e-80,1.0027755394395203e+20,5.965532859301873e-83,1.3305241092422547e+17,7.968025350423957e+16,2.008237013539438e+16,1.0069422425152021e+23,1.001445015330278e+20,3.3564741417173403e+22
2855662702702.703,1246.3231056997292,253150945.22704563,1,1.184624627129734e+22,3.3564741417173403e+22,1.0079423570064233e+23,9.98453613406521e+19,7.563536111508906e-83,5.540842361266988e+22,9.390306578559447e-81,1.0027755394395203e+20,1.2855497079979288e-83,1.3305241092422547e+17,7.934384872160112e+16,2.0418774918032824e+16,1.0069422425152021e+23,1.001445015330278e+20,3.3564741417173403e+22
2858821621621.6216,1244.604436568866,253150743.2779034,1,1.184624627129734e+22,3.3564741417173403e+22,1.0079423570064233e+23,9.98453613406521e+19,1.6776594348805864e-83,5.540842361266988e+22,7.279550257368387e-81,1.0027755394395203e+20,2.8371546080936234e-84,1.3305241092422547e+17,7.900308212372536e+16,2.075954151590858e+16,1.0069422425152021e+23,1.001445015330278e+20,3.3564741417173403e+22
2861980540540.5405,1242.8857674380029,253150542.10736823,1,1.184624627129734e+22,3.3564741417173403e+22,1.0079423570064233e+23,9.98453613406521e+19,4.0692289190999784e-84,5.540842361266988e+22,5.643250463253943e-81,1.0027755394395203e+20,6.774852754842023e-85,1.3305241092422547e+17,7.865792285305842e+16,2.110470078657553e+16,1.0069422425152021e+23,1.001445015330278e+20,3.3564741417173403e+22
2865139459459.4595,1241.1670983071397,253150341.70299327,1,1.184624627129734e+22,3.3564741417173403e+22,1.0079423570064233e+23,9.98453613406521e+19,1.2466943838275897e-84,5.540842361266988e+22,4.374758695948411e-81,1.0027755394395203e+20,2.0027586525582497e-85,1.3305241092422547e+17,7.830834076170194e+16,2.1454282877932012e+16,1.0069422425152021e+23,1.001445015330278e+20,3.3564741417173403e+22
2868298378378.3784,1239.4484291762765,253150142.0527215,1,1.184624627129734e+22,3.3564741417173403e+22,1.0079423570064233e+23,9.98453613406521e+19,5.591466605805574e-85,5.540842361266988e+22,3.3913989415137216e-81,1.0027755394395203e+20,8.588836020029288e-86,1.3305241092422547e+17,7.795430645234002e+16,2.1808317187293932e+16,1.0069422425152021e+23,1.001445015330278e+20,3.3564741417173403e+22
2871457297297.2974,1237.7297600454133,253149943.14487258,1,1.184624627129734e+22,3.3564741417173403e+22,1.0079423570064233e+23,9.98453613406521e+19,3.4650203178609796e-85,5.540842361266988e+22,2.6290791286733917e-81,1.0027755394395203e+20,5.177238629858586e-86,1.3305241092422547e+17,7.75957913202223e+16,2.216683231941164e+16,1.0069422425152021e+23,1.001445015330278e+20,3.3564741417173403e+22
2874616216216.217,1236.0110909145499,253149744.96813002,1,1.184624627129734e+22,3.3564741417173403e+22,1.0079423570064233e+23,9.98453613406521e+19,2.5004986752888245e-85,5.540842361266988e+22,2.0381138238313253e-81,1.0027755394395203e+20,3.6973148458041536e-86,1.3305241092422547e+17,7.723276759620758e+16,2.2529856043426356e+16,1.0069422425152021e+23,1.001445015330278e+20,3.3564741417173403e+22
2877775135135.1357,1234.2924217836867,253149547.5115289,1,1.184624627129734e+22,3.3564741417173403e+22,1.0079423570064233e+23,9.98453613406521e+19,1.898800034865063e-85,5.540842361266988e+22,1.5799859021315834e-81,1.0027755394395203e+20,2.798729583835235e-86,1.3305241092422547e+17,7.686520839087082e+16,2.289741524876312e+16,1.0069422425152021e+23,1.001445015330278e+20,3.3564741417173403e+22
2880934054054.054,1232.5737526528235,253149350.764444,1,1.184624627129734e+22,3.3564741417173403e+22,1.0079423570064233e+23,9.98453613406521e+19,1.4635252772171455e-85,5.540842361266988e+22,1.224836131203805e-81,1.0027755394395203e+20,2.1552202208141374e-86,1.3305241092422547e+17,7.64930877396753e+16,2.3269535899958636e+16,1.0069422425152021e+23,1.001445015330278e+20,3.3564741417173403e+22
2884092972972.973,1230.8550835219603,253149154.71657833,1,1.184624627129734e+22,3.3564741417173403e+22,1.0079423570064233e+23,9.98453613406521e+19,1.132747133655285e-85,5.540842361266988e+22,9.495170471320851e-82,1.0027755394395203e+20,1.6676935928144427e-86,1.3305241092422547e+17,7.611638064921008e+16,2.364624299042385e+16,1.0069422425152021e+23,1.001445015330278e+20,3.3564741417173403e+22
2887251891891.892,1229.136414391097,253148959.35795233,1,1.184624627129734e+22,3.3564741417173403e+22,1.0079423570064233e+23,9.98453613406521e+19,8.777422777203438e-86,5.540842361266988e+22,7.360842808485183e-82,1.0027755394395203e+20,1.2921729979226484e-86,1.3305241092422547e+17,7.57350631444913e+16,2.4027560495142636e+16,1.0069422425152021e+23,1.001445015330278e+20,3.3564741417173403e+22
2890410810810.811,1227.417745260234,253148764.6788931,1,1.184624627129734e+22,3.3564741417173403e+22,1.0079423570064233e+23,9.98453613406521e+19,6.803608252228338e-86,5.540842361266988e+22,5.706270046954818e-82,1.0027755394395203e+20,1.0015784600822166e-86,1.3305241092422547e+17,7.534911231732427e+16,2.4413511322309656e+16,1.0069422425152021e+23,1.001445015330278e+20,3.3564741417173403e+22
2893569729729.73,1225.6990761293707,253148570.67002392,1,1.184624627129734e+22,3.3564741417173403e+22,1.0079423570064233e+23,9.98453613406521e+19,5.274115845416334e-86,5.540842361266988e+22,4.42361271609259e-82,1.0027755394395203e+20,7.764139821302426e-87,1.3305241092422547e+17,7.495850637572181e+16,2.480411726391211e+16,1.0069422425152021e+23,1.001445015330278e+20,3.3564741417173403e+22
2896728648648.649,1223.9804069985075,253148377.32225496,1,1.184624627129734e+22,3.3564741417173403e+22,1.0079423570064233e+23,9.98453613406521e+19,4.088561355166376e-86,5.540842361266988e+22,3.4292715383175415e-82,1.0027755394395203e+20,6.018854619825772e-87,1.3305241092422547e+17,7.456322469437186e+16,2.5199398945262068e+16,1.0069422425152021e+23,1.001445015330278e+20,3.3564741417173403e+22
2899887567567.5674,1222.2617378676443,253148184.6267733,1,1.184624627129734e+22,3.3564741417173403e+22,1.0079423570064233e+23,9.98453613406521e+19,3.1695255905140084e-86,5.540842361266988e+22,2.6584387102274105e-82,1.0027755394395203e+20,4.665924423276886e-87,1.3305241092422547e+17,7.416324786614602e+16,2.559937577348791e+16,1.0069422425152021e+23,1.001445015330278e+20,3.3564741417173403e+22
2903046486486.4863,1220.5430687367812,253147992.57503387,1,1.184624627129734e+22,3.3564741417173403e+22,1.0079423570064233e+23,9.98453613406521e+19,2.457077195196322e-86,5.540842361266988e+22,2.0608739486121043e-82,1.0027755394395203e+20,3.6171162424436086e-87,1.3305241092422547e+17,7.375855775463835e+16,2.600406588499557e+16,1.0069422425152021e+23,1.001445015330278e+20,3.3564741417173403e+22
2906205405405.406,1218.8243996059177,253147801.15875053,1,1.184624627129734e+22,3.3564741417173403e+22,1.0079423570064233e+23,9.98453613406521e+19,1.9047744571201026e-86,5.540842361266988e+22,1.5976299982875023e-82,1.0027755394395203e+20,2.80406117352459e-87,1.3305241092422547e+17,7.334913754772163e+16,2.641348609191229e+16,1.0069422425152021e+23,1.001445015330278e+20,3.3564741417173403e+22
2909364324324.3247,1217.1057304750545,253147610.36988795,1,1.184624627129734e+22,3.3564741417173403e+22,1.0079423570064233e+23,9.98453613406521e+19,1.4766187411363032e-86,5.540842361266988e+22,1.2385141813971945e-82,1.0027755394395203e+20,2.1737648949244875e-87,1.3305241092422547e+17,7.293497181210582e+16,2.68276518275281e+16,1.0069422425152021e+23,1.001445015330278e+20,3.3564741417173403e+22
2912523243243.2437,1215.3870613441914,253147420.20065272,1,1.184624627129734e+22,3.3564741417173403e+22,1.0079423570064233e+23,9.98453613406521e+19,1.1447040256755671e-86,5.540842361266988e+22,9.601205405295138e-83,1.0027755394395203e+20,1.6851465511180925e-87,1.3305241092422547e+17,7.251604654888154e+16,2.7246577090752388e+16,1.0069422425152021e+23,1.001445015330278e+20,3.3564741417173403e+22
2915682162162.1626,1213.6683922133282,253147230.64348596,1,1.184624627129734e+22,3.3564741417173403e+22,1.0079423570064233e+23,9.98453613406521e+19,8.873971886492888e-87,5.540842361266988e+22,7.44304317377091e-83,1.0027755394395203e+20,1.3063597323409472e-87,1.3305241092422547e+17,7.20923492500283e+16,2.7670274389605624e+16,1.0069422425152021e+23,1.001445015330278e+20,3.3564741417173403e+22
2918841081081.0815,1211.949723082465,253147041.69105545,1,1.184624627129734e+22,3.3564741417173403e+22,1.0079423570064233e+23,9.98453613406521e+19,6.87927843949221e-87,5.540842361266988e+22,5.7699933860455526e-83,1.0027755394395203e+20,1.012716520523394e-87,1.3305241092422547e+17,7.166386895586507e+16,2.8098754683768856e+16,1.0069422425152021e+23,1.001445015330278e+20,3.3564741417173403e+22
2922000000000.0,1210.2310539516018,253146853.33624816,1,1.184624627129734e+22,3.3564741417173403e+22,1.0079423570064233e+23,9.98453613406521e+19,5.332952647308204e-87,5.540842361266988e+22,4.473012301249636e-83,1.0027755394395203e+20,7.850783547670584e-88,1.3305241092422547e+17,7.123059631341757e+16,2.853202732621636e+16,1.0069422425152021e+23,1.001445015330278e+20,3.3564741417173403e+22
2925158918918.919,1208.5123848207386,253146665.5721634,1,1.184624627129734e+22,3.3564741417173403e+22,1.0079423570064233e+23,9.98453613406521e+19,4.134210321906461e-87,5.540842361266988e+22,3.467567067844229e-83,1.0027755394395203e+20,6.086086375717322e-88,1.3305241092422547e+17,7.079252363567421e+16,2.897010000395972e+16,1.0069422425152021e+23,1.001445015330278e+20,3.3564741417173403e+22
2928317837837.838,1206.7937156898754,253146478.3921057,1,1.184624627129734e+22,3.3564741417173403e+22,1.0079423570064233e+23,9.98453613406521e+19,3.2049215714998578e-87,5.540842361266988e+22,2.688126157542344e-83,1.0027755394395203e+20,4.7180573840214643e-88,1.3305241092422547e+17,7.034964496169933e+16,2.94129786779346e+16,1.0069422425152021e+23,1.001445015330278e+20,3.3564741417173403e+22
2931476756756.757,1205.0750465590122,253146291.78957835,1,1.184624627129734e+22,3.3564741417173403e+22,1.0079423570064233e+23,9.98453613406521e+19,2.484518559847939e-87,5.540842361266988e+22,2.0838882413760354e-83,1.0027755394395203e+20,3.6575336025396037e-88,1.3305241092422547e+17,6.9901956117569256e+16,2.986066752206467e+16,1.0069422425152021e+23,1.001445015330278e+20,3.3564741417173403e+22
2934635675675.676,1203.356377428149,253146105.75827676,1,1.184624627129734e+22,3.3564741417173403e+22,1.0079423570064233e+23,9.98453613406521e+19,1.9260479028405901e-87,5.540842361266988e+22,1.615471130460476e-83,1.0027755394395203e+20,2.8353940899601473e-88,1.3305241092422547e+17,6.944945477809361e+16,3.031316886154032e+16,1.0069422425152021e+23,1.001445015330278e+20,3.3564741417173403e+22
2937794594594.595,1201.6377082972856,253145920.2920827,1,1.184624627129734e+22,3.3564741417173403e+22,1.0079423570064233e+23,9.98453613406521e+19,1.4931104087475414e-87,5.540842361266988e+22,1.2523449777844023e-83,1.0027755394395203e+20,2.19805489178902e-88,1.3305241092422547e+17,6.899214052928069e+16,3.0770483110353236e+16,1.0069422425152021e+23,1.001445015330278e+20,3.3564741417173403e+22
2940953513513.5137,1199.9190391664224,253145735.38505802,1,1.184624627129734e+22,3.3564741417173403e+22,1.0079423570064233e+23,9.98453613406521e+19,1.1574887044440538e-87,5.540842361266988e+22,9.708424457791241e-84,1.0027755394395203e+20,1.7039766406572976e-88,1.3305241092422547e+17,6.853001493150242e+16,3.1232608708131508e+16,1.0069422425152021e+23,1.001445015330278e+20,3.3564741417173403e+22
2944112432432.4326,1198.2003700355592,253145551.03143892,1,1.184624627129734e+22,3.3564741417173403e+22,1.0079423570064233e+23,9.98453613406521e+19,8.97308124368145e-88,5.540842361266988e+22,7.526161491012535e-84,1.0027755394395203e+20,1.3209571772880082e-88,1.3305241092422547e+17,6.806308158331046e+16,3.169954205632346e+16,1.0069422425152021e+23,1.001445015330278e+20,3.3564741417173403e+22
2947271351351.3516,1196.481700904696,253145367.22563073,1,1.184624627129734e+22,3.3564741417173403e+22,1.0079423570064233e+23,9.98453613406521e+19,6.956109952762025e-88,5.540842361266988e+22,5.834428339537892e-84,1.0027755394395203e+20,1.0240327353751156e-88,1.3305241092422547e+17,6.759134618585161e+16,3.217127745378231e+16,1.0069422425152021e+23,1.001445015330278e+20,3.3564741417173403e+22
2950430270270.2705,1194.7630317738328,253145183.96220216,1,1.184624627129734e+22,3.3564741417173403e+22,1.0079423570064233e+23,9.98453613406521e+19,5.392513935933644e-88,5.540842361266988e+22,4.522963543879953e-84,1.0027755394395203e+20,7.938508975465049e-89,1.3305241092422547e+17,6.711481660782629e+16,3.2647807031807636e+16,1.0069422425152021e+23,1.001445015330278e+20,3.3564741417173403e+22
2953589189189.1895,1193.0443626429696,253145001.2358805,1,1.184624627129734e+22,3.3564741417173403e+22,1.0079423570064233e+23,9.98453613406521e+19,4.1803833945626806e-88,5.540842361266988e+22,3.5062902530888557e-84,1.0027755394395203e+20,6.1540927783942204e-89,1.3305241092422547e+17,6.663350295093029e+16,3.312912068870364e+16,1.0069422425152021e+23,1.001445015330278e+20,3.3564741417173403e+22
2956748108108.1084,1191.3256935121065,253144819.0415463,1,1.184624627129734e+22,3.3564741417173403e+22,1.0079423570064233e+23,9.98453613406521e+19,3.2407158379260064e-88,5.540842361266988e+22,2.7181451319768176e-84,1.0027755394395203e+20,4.770777227856636e-89,1.3305241092422547e+17,6.61474176157154e+16,3.3615206023918532e+16,1.0069422425152021e+23,1.001445015330278e+20,3.3564741417173403e+22
2959907027027.0273,1189.6070243812433,253144637.3742288,1,1.184624627129734e+22,3.3564741417173403e+22,1.0079423570064233e+23,9.98453613406521e+19,2.5122669733132008e-88,5.540842361266988e+22,2.107159540480301e-84,1.0027755394395203e+20,3.6984030187266685e-89,1.3305241092422547e+17,6.5656575367800456e+16,3.4106048271833476e+16,1.0069422425152021e+23,1.001445015330278e+20,3.3564741417173403e+22
2963065945945.946,1187.88835525038,253144456.2291014,1,1.184624627129734e+22,3.3564741417173403e+22,1.0079423570064233e+23,9.98453613406521e+19,1.9475590142196116e-88,5.540842361266988e+22,1.6335114990007906e-84,1.0027755394395203e+20,2.8670768318549966e-89,1.3305241092422547e+17,6.51609934043598e+16,3.4601630235274132e+16,1.0069422425152021e+23,1.001445015330278e+20,3.3564741417173403e+22
2966224864864.8647,1186.1696861195169,253144275.60147676,1,1.184624627129734e+22,3.3564741417173403e+22,1.0079423570064233e+23,9.98453613406521e+19,1.5097862419308076e-88,5.540842361266988e+22,1.2663302261202255e-84,1.0027755394395203e+20,2.2226159509571736e-89,1.3305241092422547e+17,6.466069142081159e+16,3.5101932218822336e+16,1.0069422425152021e+23,1.001445015330278e+20,3.3564741417173403e+22
2969383783783.784,1184.4510169886535,253144095.48680308,1,1.184624627129734e+22,3.3564741417173403e+22,1.0079423570064233e+23,9.98453613406521e+19,1.1704161356783816e-88,5.540842361266988e+22,9.816840852155674e-85,1.0027755394395203e+20,1.723016837315156e-89,1.3305241092422547e+17,6.415569167762378e+16,3.560693196201015e+16,1.0069422425152021e+23,1.001445015330278e+20,3.3564741417173403e+22
2972542702702.703,1182.7323478577903,253143915.88065937,1,1.184624627129734e+22,3.3564741417173403e+22,1.0079423570064233e+23,9.98453613406521e+19,9.073297213062602e-89,5.540842361266988e+22,7.610208011208218e-85,1.0027755394395203e+20,1.3357174973320593e-89,1.3305241092422547e+17,6.364601906715062e+16,3.6116604572483304e+16,1.0069422425152021e+23,1.001445015330278e+20,3.3564741417173403e+22
2975701621621.622,1181.013678726927,253143736.77875185,1,1.184624627129734e+22,3.3564741417173403e+22,1.0079423570064233e+23,9.98453613406521e+19,7.033799327884536e-89,5.540842361266988e+22,5.899582854207131e-85,1.0027755394395203e+20,1.0354752143961449e-89,1.3305241092422547e+17,6.313170118040793e+16,3.6630922459226e+16,1.0069422425152021e+23,1.001445015330278e+20,3.3564741417173403e+22
2978860540540.541,1179.295009596064,253143558.17690974,1,1.184624627129734e+22,3.3564741417173403e+22,1.0079423570064233e+23,9.98453613406521e+19,5.452740255746021e-89,5.540842361266988e+22,4.5734726044799666e-85,1.0027755394395203e+20,8.027213236285712e-90,1.3305241092422547e+17,6.261276837368986e+16,3.714985526594407e+16,1.0069422425152021e+23,1.001445015330278e+20,3.3564741417173403e+22
2982019459459.4595,1177.5763404652007,253143380.07108185,1,1.184624627129734e+22,3.3564741417173403e+22,1.0079423570064233e+23,9.98453613406521e+19,4.227072013197376e-89,5.540842361266988e+22,3.545445869789356e-85,1.0027755394395203e+20,6.222857999420096e-90,1.3305241092422547e+17,6.208925383492539e+16,3.7673369804708536e+16,1.0069422425152021e+23,1.001445015330278e+20,3.3564741417173403e+22
2985178378378.3784,1175.8576713343375,253143202.45733273,1,1.184624627129734e+22,3.3564741417173403e+22,1.0079423570064233e+23,9.98453613406521e+19,3.276909766460834e-89,5.540842361266988e+22,2.748499335776761e-85,1.0027755394395203e+20,4.824085328710756e-90,1.3305241092422547e+17,6.1561193649666984e+16,3.820142998996694e+16,1.0069422425152021e+23,1.001445015330278e+20,3.3564741417173403e+22
2988337297297.2974,1174.1390022034743,253143025.3318391,1,1.184624627129734e+22,3.3564741417173403e+22,1.0079423570064233e+23,9.98453613406521e+19,2.5403252132892526e-89,5.540842361266988e+22,2.1306907159787255e-85,1.0027755394395203e+20,3.7397284679691796e-90,1.3305241092422547e+17,6.102862686659887e+16,3.873399677303506e+16,1.0069422425152021e+23,1.001445015330278e+20,3.3564741417173403e+22
2991496216216.2163,1172.4203330726111,253142848.69088688,1,1.184624627129734e+22,3.3564741417173403e+22,1.0079423570064233e+23,9.98453613406521e+19,1.9693103096489467e-89,5.540842361266988e+22,1.651753328830591e-85,1.0027755394395203e+20,2.8991131030368216e-90,1.3305241092422547e+17,6.049159556244697e+16,3.927102807718696e+16,1.0069422425152021e+23,1.001445015330278e+20,3.3564741417173403e+22
2994655135135.1353,1170.701663941748,253142672.53086758,1,1.184624627129734e+22,3.3564741417173403e+22,1.0079423570064233e+23,9.98453613406521e+19,1.5266482708491968e-89,5.540842361266988e+22,1.2804716512080486e-85,1.0027755394395203e+20,2.2474510756010126e-90,1.3305241092422547e+17,5.9950144906166984e+16,3.981247873346694e+16,1.0069422425152021e+23,1.001445015330278e+20,3.3564741417173403e+22
2997814054054.054,1168.9829948108847,253142496.8482752,1,1.184624627129734e+22,3.3564741417173403e+22,1.0079423570064233e+23,9.98453613406521e+19,1.1834879097601687e-89,5.540842361266988e+22,9.926467959403338e-86,1.0027755394395203e+20,1.7422694968821216e-90,1.3305241092422547e+17,5.940432322228168e+16,4.035830041735225e+16,1.0069422425152021e+23,1.001445015330278e+20,3.3564741417173403e+22
3000972972972.973,1167.2643256800213,253142321.63970336,1,1.184624627129734e+22,3.3564741417173403e+22,1.0079423570064233e+23,9.98453613406521e+19,9.174632158470187e-90,5.540842361266988e+22,7.695193099831566e-86,1.0027755394395203e+20,1.3506425242712114e-90,1.3305241092422547e+17,5.885418205323286e+16,4.0908441586401064e+16,1.0069422425152021e+23,1.001445015330278e+20,3.3564741417173403e+22
3004131891891.892,1165.5456565491581,253142146.9018424,1,1.184624627129734e+22,3.3564741417173403e+22,1.0079423570064233e+23,9.98453613406521e+19,7.1123561566408405e-90,5.540842361266988e+22,5.965464965572177e-86,1.0027755394395203e+20,1.0470453785416941e-90,1.3305241092422547e+17,5.829977622060793e+16,4.1462847419026e+16,1.0069422425152021e+23,1.001445015330278e+20,3.3564741417173403e+22
3007290810810.811,1163.826987418295,253141972.63147613,1,1.184624627129734e+22,3.3564741417173403e+22,1.0079423570064233e+23,9.98453613406521e+19,5.513639043731765e-90,5.540842361266988e+22,4.624545712341901e-86,1.0027755394395203e+20,8.116907345538973e-91,1.3305241092422547e+17,5.774116388509525e+16,4.202145975453868e+16,1.0069422425152021e+23,1.001445015330278e+20,3.3564741417173403e+22
3010449729729.73,1162.1083182874318,253141798.82547975,1,1.184624627129734e+22,3.3564741417173403e+22,1.0079423570064233e+23,9.98453613406521e+19,4.274281943175914e-90,5.540842361266988e+22,3.5850387470155205e-86,1.0027755394395203e+20,6.292390576582094e-91,1.3305241092422547e+17,5.717840660501716e+16,4.258421703461677e+16,1.0069422425152021e+23,1.001445015330278e+20,3.3564741417173403e+22
3013608648648.649,1160.3896491565686,253141625.48081672,1,1.184624627129734e+22,3.3564741417173403e+22,1.0079423570064233e+23,9.98453613406521e+19,3.313507826393436e-90,5.540842361266988e+22,2.7791925125320078e-86,1.0027755394395203e+20,4.8779883037457874e-91,1.3305241092422547e+17,5.661156939328347e+16,4.3151054246350456e+16,1.0069422425152021e+23,1.001445015330278e+20,3.3564741417173403e+22
3016767567567.568,1158.6709800257054,253141452.59453645,1,1.184624627129734e+22,3.3564741417173403e+22,1.0079423570064233e+23,9.98453613406521e+19,2.568696744315311e-90,5.540842361266988e+22,2.15448466997574e-86,1.0027755394395203e+20,3.781515078827231e-91,1.3305241092422547e+17,5.604072077260313e+16,4.37219028670308e+16,1.0069422425152021e+23,1.001445015330278e+20,3.3564741417173403e+22
3019926486486.487,1156.9523108948422,253141280.1637718,1,1.184624627129734e+22,3.3564741417173403e+22,1.0079423570064233e+23,9.98453613406521e+19,1.991304474792625e-90,5.540842361266988e+22,1.6701988697182827e-86,1.0027755394395203e+20,2.931506878354343e-91,1.3305241092422547e+17,5.5465932828785944e+16,4.429669081084798e+16,1.0069422425152021e+23,1.001445015330278e+20,3.3564741417173403e+22
3023085405405.4053,1155.233641763979,253141108.18573657,1,1.184624627129734e+22,3.3564741417173403e+22,1.0079423570064233e+23,9.98453613406521e+19,1.5436985773940866e-90,5.540842361266988e+22,1.2947709971125672e-86,1.0027755394395203e+20,2.272563346412703e-91,1.3305241092422547e+17,5.488728126196087e+16,4.487534237767306e+16,1.0069422425152021e+23,1.001445015330278e+20,3.3564741417173403e+22
3026244324324.324,1153.5149726331158,253140936.65772364,1,1.184624627129734e+22,3.3564741417173403e+22,1.0079423570064233e+23,9.98453613406521e+19,1.196705640545847e-90,5.540842361266988e+22,1.0037319299866609e-86,1.0027755394395203e+20,1.7617370070528054e-91,1.3305241092422547e+17,5.430484543553204e+16,4.545777820410189e+16,1.0069422425152021e+23,1.001445015330278e+20,3.3564741417173403e+22
3029403243243.243,1151.7963035022526,253140765.5771022,1,1.184624627129734e+22,3.3564741417173403e+22,1.0079423570064233e+23,9.98453613406521e+19,9.277098590334173e-91,5.540842361266988e+22,7.781127238110023e-87,1.0027755394395203e+20,1.365734108703155e-91,1.3305241092422547e+17,5.3718708422688376e+16,4.604391521694555e+16,1.0069422425152021e+23,1.001445015330278e+20,3.3564741417173403e+22
3032562162162.1626,1150.0776343713892,253140594.941316,1,1.184624627129734e+22,3.3564741417173403e+22,1.0079423570064233e+23,9.98453613406521e+19,7.191790136984148e-91,5.540842361266988e+22,6.032082798886585e-87,1.0027755394395203e+20,1.0587446621380223e-91,1.3305241092422547e+17,5.3128957050277544e+16,4.663366658935638e+16,1.0069422425152021e+23,1.001445015330278e+20,3.3564741417173403e+22
3035721081081.0815,1148.358965240526,253140424.7478812,1,1.184624627129734e+22,3.3564741417173403e+22,1.0079423570064233e+23,9.98453613406521e+19,5.575217817650422e-91,5.540842361266988e+22,4.676189166322039e-87,1.0027755394395203e+20,8.207602420195918e-92,1.3305241092422547e+17,5.253568193985008e+16,4.722694169978385e+16,1.0069422425152021e+23,1.001445015330278e+20,3.3564741417173403e+22
3038880000000.0005,1146.6402961096628,253140254.99438438,1,1.184624627129734e+22,3.3564741417173403e+22,1.0079423570064233e+23,9.98453613406521e+19,4.322019012199256e-91,5.540842361266988e+22,3.6250737677645632e-87,1.0027755394395203e+20,6.362699126313326e-92,1.3305241092422547e+17,5.193897754567463e+16,4.78236460939593e+16,1.0069422425152021e+23,1.001445015330278e+20,3.3564741417173403e+22
3042038918918.9194,1144.9216269787996,253140085.67848054,1,1.184624627129734e+22,3.3564741417173403e+22,1.0079423570064233e+23,9.98453613406521e+19,3.350514535311078e-91,5.540842361266988e+22,2.8102284476379896e-87,1.0027755394395203e+20,4.932492831339569e-92,1.3305241092422547e+17,5.133894218952081e+16,4.842368145011312e+16,1.0069422425152021e+23,1.001445015330278e+20,3.3564741417173403e+22
3045197837837.838,1143.2029578479364,253139916.7978914,1,1.184624627129734e+22,3.3564741417173403e+22,1.0079423570064233e+23,9.98453613406521e+19,2.597385068392589e-91,5.540842361266988e+22,2.1785443369842985e-87,1.0027755394395203e+20,3.8237680275693435e-92,1.3305241092422547e+17,5.073567809200173e+16,4.90269455476322e+16,1.0069422425152021e+23,1.001445015330278e+20,3.3564741417173403e+22
3048356756756.757,1141.4842887170732,253139748.35040352,1,1.184624627129734e+22,3.3564741417173403e+22,1.0079423570064233e+23,9.98453613406521e+19,2.0135442243795435e-91,5.540842361266988e+22,1.6888503965559953e-87,1.0027755394395203e+20,2.964262169843917e-92,1.3305241092422547e+17,5.012929140026443e+16,4.9633332239369496e+16,1.0069422425152021e+23,1.001445015330278e+20,3.3564741417173403e+22
3051515675675.676,1139.76561958621,253139580.33386663,1,1.184624627129734e+22,3.3564741417173403e+22,1.0079423570064233e+23,9.98453613406521e+19,1.560939266007945e-91,5.540842361266988e+22,1.3092300273748797e-87,1.0027755394395203e+20,2.2979558730680046e-92,1.3305241092422547e+17,4.951989221181241e+16,5.024273142782152e+16,1.0069422425152021e+23,1.001445015330278e+20,3.3564741417173403e+22
3054674594594.5947,1138.0469504553469,253139412.74619183,1,1.184624627129734e+22,3.3564741417173403e+22,1.0079423570064233e+23,9.98453613406521e+19,1.2100709593888149e-91,5.540842361266988e+22,1.0149408544862762e-87,1.0027755394395203e+20,1.7814217781069938e-92,1.3305241092422547e+17,4.890759459424127e+16,5.085502904539266e+16,1.0069422425152021e+23,1.001445015330278e+20,3.3564741417173403e+22
3057833513513.5137,1136.3282813244837,253139245.5853502,1,1.184624627129734e+22,3.3564741417173403e+22,1.0079423570064233e+23,9.98453613406521e+19,9.380709154836759e-92,5.540842361266988e+22,7.868021024317497e-88,1.0027755394395203e+20,1.3809941188213033e-92,1.3305241092422547e+17,4.8292516600665544e+16,5.147010703896838e+16,1.0069422425152021e+23,1.001445015330278e+20,3.3564741417173403e+22
3060992432432.4326,1134.6096121936205,253139078.84937108,1,1.184624627129734e+22,3.3564741417173403e+22,1.0079423570064233e+23,9.98453613406521e+19,7.272111072189628e-92,5.540842361266988e+22,6.099444570140635e-88,1.0027755394395203e+20,1.0705745132171541e-92,1.3305241092422547e+17,4.767478028061183e+16,5.20878433590221e+16,1.0069422425152021e+23,1.001445015330278e+20,3.3564741417173403e+22
3064151351351.3516,1132.890943062757,253138912.5363406,1,1.184624627129734e+22,3.3564741417173403e+22,1.0079423570064233e+23,9.98453613406521e+19,5.6374841769721104e-92,5.540842361266988e+22,4.7284093356175597e-88,1.0027755394395203e+20,8.299309683965392e-93,1.3305241092422547e+17,4.705451168615167e+16,5.270811195348226e+16,1.0069422425152021e+23,1.001445015330278e+20,3.3564741417173403e+22
3067310270270.2705,1131.1722739318939,253138746.64440024,1,1.184624627129734e+22,3.3564741417173403e+22,1.0079423570064233e+23,9.98453613406521e+19,4.370289111359062e-92,5.540842361266988e+22,3.6655558695633473e-88,1.0027755394395203e+20,6.4337923481566875e-93,1.3305241092422547e+17,4.6431840873045624e+16,5.33307827665883e+16,1.0069422425152021e+23,1.001445015330278e+20,3.3564741417173403e+22
3070469189189.1895,1129.4536048010307,253138581.1717456,1,1.184624627129734e+22,3.3564741417173403e+22,1.0079423570064233e+23,9.98453613406521e+19,3.387934459977929e-92,5.540842361266988e+22,2.841610968762594e-88,1.0027755394395203e+20,4.987605654570932e-93,1.3305241092422547e+17,4.5806901896668936e+16,5.395572174296499e+16,1.0069422425152021e+23,1.001445015330278e+20,3.3564741417173403e+22
3073628108108.1084,1127.7349356701675,253138416.11662474,1,1.184624627129734e+22,3.3564741417173403e+22,1.0079423570064233e+23,9.98453613406521e+19,2.6263937256714922e-92,5.540842361266988e+22,2.202872684287793e-88,1.0027755394395203e+20,3.866492540825241e-93,1.3305241092422547e+17,4.517983280248879e+16,5.458279083714514e+16,1.0069422425152021e+23,1.001445015330278e+20,3.3564741417173403e+22
3076787027027.0273,1126.0162665393043,253138251.47733712,1,1.184624627129734e+22,3.3564741417173403e+22,1.0079423570064233e+23,9.98453613406521e+19,2.0360323027322637e-92,5.540842361266988e+22,1.707710209640146e-88,1.0027755394395203e+20,2.9973830287352692e-93,1.3305241092422547e+17,4.455077561086304e+16,5.521184802877089e+16,1.0069422425152021e+23,1.001445015330278e+20,3.3564741417173403e+22
3079945945945.9463,1124.297597408441,253138087.2522323,1,1.184624627129734e+22,3.3564741417173403e+22,1.0079423570064233e+23,9.98453613406521e+19,1.5783724640895214e-92,5.540842361266988e+22,1.323850525229989e-88,1.0027755394395203e+20,2.3236317957399337e-93,1.3305241092422547e+17,4.391987629593104e+16,5.584274734370289e+16,1.0069422425152021e+23,1.001445015330278e+20,3.3564741417173403e+22
3083104864864.865,1122.578928277578,253137923.43970868,1,1.184624627129734e+22,3.3564741417173403e+22,1.0079423570064233e+23,9.98453613406521e+19,1.2235855154496104e-92,5.540842361266988e+22,1.0262749518380096e-88,1.0027755394395203e+20,1.8013262440516132e-93,1.3305241092422547e+17,4.3287284758368856e+16,5.647533888126507e+16,1.0069422425152021e+23,1.001445015330278e+20,3.3564741417173403e+22
3086263783783.7837,1120.8602591467147,253137760.03821227,1,1.184624627129734e+22,3.3564741417173403e+22,1.0079423570064233e+23,9.98453613406521e+19,9.485476636286672e-93,5.540842361266988e+22,7.955885175081472e-89,1.0027755394395203e+20,1.3964244412763832e-93,1.3305241092422547e+17,4.2653154791782904e+16,5.710946884785102e+16,1.0069422425152021e+23,1.001445015330278e+20,3.3564741417173403e+22
3089422702702.7026,1119.1415900158515,253137597.04623583,1,1.184624627129734e+22,3.3564741417173403e+22,1.0079423570064233e+23,9.98453613406521e+19,7.353328872672139e-93,5.540842361266988e+22,6.1675585870746254e-89,1.0027755394395203e+20,1.08253639416713e-93,1.3305241092422547e+17,4.201764404251948e+16,5.774497959711445e+16,1.0069422425152021e+23,1.001445015330278e+20,3.3564741417173403e+22
3092581621621.6216,1117.4229208849883,253137434.46231747,1,1.184624627129734e+22,3.3564741417173403e+22,1.0079423570064233e+23,9.98453613406521e+19,5.700445804269595e-93,5.540842361266988e+22,4.781212660552056e-89,1.0027755394395203e+20,8.392040472201802e-94,1.3305241092422547e+17,4.138091396267103e+16,5.83817096769629e+16,1.0069422425152021e+23,1.001445015330278e+20,3.3564741417173403e+22
3095740540540.541,1115.704251754125,253137272.28503972,1,1.184624627129734e+22,3.3564741417173403e+22,1.0079423570064233e+23,9.98453613406521e+19,4.4190981962040265e-93,5.540842361266988e+22,3.7064900450773256e-89,1.0027755394395203e+20,6.505679028470266e-94,1.3305241092422547e+17,4.074312975606503e+16,5.90194938835689e+16,1.0069422425152021e+23,1.001445015330278e+20,3.3564741417173403e+22
3098899459459.46,1113.9855826232617,253137110.51302865,1,1.184624627129734e+22,3.3564741417173403e+22,1.0079423570064233e+23,9.98453613406521e+19,3.425772217152094e-93,5.540842361266988e+22,2.873343946318227e-89,1.0027755394395203e+20,5.043333584017759e-94,1.3305241092422547e+17,4.0104460317026696e+16,5.965816332260723e+16,1.0069422425152021e+23,1.001445015330278e+20,3.3564741417173403e+22
3102058378378.379,1112.2669134923985,253136949.1449526,1,1.184624627129734e+22,3.3564741417173403e+22,1.0079423570064233e+23,9.98453613406521e+19,2.655726295077819e-93,5.540842361266988e+22,2.2274727123060066e-89,1.0027755394395203e+20,3.909693897699296e-94,1.3305241092422547e+17,3.9465078161713464e+16,6.029754547792046e+16,1.0069422425152021e+23,1.001445015330278e+20,3.3564741417173403e+22
3105217297297.2974,1110.5482443615354,253136788.1795216,1,1.184624627129734e+22,3.3564741417173403e+22,1.0079423570064233e+23,9.98453613406521e+19,2.058771484247065e-93,5.540842361266988e+22,1.7267806349551337e-89,1.0027755394395203e+20,3.0308735470480345e-94,1.3305241092422547e+17,3.882515935182673e+16,6.09374642878072e+16,1.0069422425152021e+23,1.001445015330278e+20,3.3564741417173403e+22
3108376216216.2163,1108.8295752306722,253136627.61548612,1,1.184624627129734e+22,3.3564741417173403e+22,1.0079423570064233e+23,9.98453613406521e+19,1.5960003223619651e-93,5.540842361266988e+22,1.3386342938267267e-89,1.0027755394395203e+20,2.3495942863053125e-94,1.3305241092422547e+17,3.8184883410514904e+16,6.157774022911902e+16,1.0069422425152021e+23,1.001445015330278e+20,3.3564741417173403e+22
3111535135135.1353,1107.110906099809,253136467.45163646,1,1.184624627129734e+22,3.3564741417173403e+22,1.0079423570064233e+23,9.98453613406521e+19,1.237250975978269e-93,5.540842361266988e+22,1.037735619878282e-89,1.0027755394395203e+20,1.8214528635326908e-94,1.3305241092422547e+17,3.754443323029173e+16,6.22181904093422e+16,1.0069422425152021e+23,1.001445015330278e+20,3.3564741417173403e+22
3114694054054.054,1105.3922369689458,253136307.68680167,1,1.184624627129734e+22,3.3564741417173403e+22,1.0079423570064233e+23,9.98453613406521e+19,9.59141395928542e-94,5.540842361266988e+22,8.044730526704674e-90,1.0027755394395203e+20,1.4120269818659292e-94,1.3305241092422547e+17,3.690399497280444e+16,6.285862866682949e+16,1.0069422425152021e+23,1.001445015330278e+20,3.3564741417173403e+22
3117852972972.973,1103.6735678380826,253136148.31984898,1,1.184624627129734e+22,3.3564741417173403e+22,1.0079423570064233e+23,9.98453613406521e+19,7.435453557648702e-94,5.540842361266988e+22,6.23643325020345e-90,1.0027755394395203e+20,1.0946317822533386e-94,1.3305241092422547e+17,3.626375796029867e+16,6.3498865679335256e+16,1.0069422425152021e+23,1.001445015330278e+20,3.3564741417173403e+22
3121011891891.892,1101.9548987072194,253135989.3496828,1,1.184624627129734e+22,3.3564741417173403e+22,1.0079423570064233e+23,9.98453613406521e+19,5.764110466494343e-94,5.540842361266988e+22,4.834605653369818e-90,1.0027755394395203e+20,8.485806235848655e-95,1.3305241092422547e+17,3.5623914558639984e+16,6.4138709080993944e+16,1.0069422425152021e+23,1.001445015330278e+20,3.3564741417173403e+22
3124170810810.811,1100.2362295763562,253135830.77524427,1,1.184624627129734e+22,3.3564741417173403e+22,1.0079423570064233e+23,9.98453613406521e+19,4.468452287719635e-94,5.540842361266988e+22,3.747881342726292e-90,1.0027755394395203e+20,6.578368043410758e-95,1.3305241092422547e+17,3.4984660051766588e+16,6.477796358786734e+16,1.0069422425152021e+23,1.001445015330278e+20,3.3564741417173403e+22
3127329729729.73,1098.5175604454928,253135672.5955099,1,1.184624627129734e+22,3.3564741417173403e+22,1.0079423570064233e+23,9.98453613406521e+19,3.464032474338041e-94,5.540842361266988e+22,2.9054312939391573e-90,1.0027755394395203e+20,5.099683500014647e-95,1.3305241092422547e+17,3.4346192507463412e+16,6.541643113217052e+16,1.0069422425152021e+23,1.001445015330278e+20,3.3564741417173403e+22
3130488648648.649,1096.7988913146296,253135514.80949166,1,1.184624627129734e+22,3.3564741417173403e+22,1.0079423570064233e+23,9.98453613406521e+19,2.685386394890735e-94,5.540842361266988e+22,2.2523474549651585e-90,1.0027755394395203e+20,3.9533774314794583e-95,1.3305241092422547e+17,3.3708712634364864e+16,6.6053911005269064e+16,1.0069422425152021e+23,1.001445015330278e+20,3.3564741417173403e+22
3133647567567.568,1095.0802221837664,253135357.41623572,1,1.184624627129734e+22,3.3564741417173403e+22,1.0079423570064233e+23,9.98453613406521e+19,2.0817645738380193e-94,5.540842361266988e+22,1.7460640244602056e-90,1.0027755394395203e+20,3.0647378588857875e-95,1.3305241092422547e+17,3.3072423630111876e+16,6.6690200009522056e+16,1.0069422425152021e+23,1.001445015330278e+20,3.3564741417173403e+22
3136806486486.487,1093.3615530529032,253135200.4148222,1,1.184624627129734e+22,3.3564741417173403e+22,1.0079423570064233e+23,9.98453613406521e+19,1.6138250152140923e-94,5.540842361266988e+22,1.3535831564501358e-90,1.0027755394395203e+20,2.3758465493246445e-95,1.3305241092422547e+17,3.243753102060854e+16,6.732509261902539e+16,1.0069422425152021e+23,1.001445015330278e+20,3.3564741417173403e+22
3139965405405.406,1091.64288392204,253135043.80436411,1,1.184624627129734e+22,3.3564741417173403e+22,1.0079423570064233e+23,9.98453613406521e+19,1.2510690265766395e-94,5.540842361266988e+22,1.0493242720535017e-90,1.0027755394395203e+20,1.841804120577619e-95,1.3305241092422547e+17,3.1804242490344732e+16,6.79583811492892e+16,1.0069422425152021e+23,1.001445015330278e+20,3.3564741417173403e+22
3143124324324.3247,1089.9242147911768,253134887.58400717,1,1.184624627129734e+22,3.3564741417173403e+22,1.0079423570064233e+23,9.98453613406521e+19,9.69853419074411e-95,5.540842361266988e+22,8.134568036501521e-91,1.0027755394395203e+20,1.427803666096661e-95,1.3305241092422547e+17,3.1172767703773396e+16,6.8589855935860536e+16,1.0069422425152021e+23,1.001445015330278e+20,3.3564741417173403e+22
3146283243243.243,1088.2055456603136,253134731.7529289,1,1.184624627129734e+22,3.3564741417173403e+22,1.0079423570064233e+23,9.98453613406521e+19,7.518495256689341e-95,5.540842361266988e+22,6.306077053852649e-91,1.0027755394395203e+20,1.1068621700447886e-95,1.3305241092422547e+17,3.0543318117754988e+16,6.921930552187894e+16,1.0069422425152021e+23,1.001445015330278e+20,3.3564741417173403e+22
3149442162162.162,1086.4868765294505,253134576.31033826,1,1.184624627129734e+22,3.3564741417173403e+22,1.0079423570064233e+23,9.98453613406521e+19,5.82848601616938e-95,5.540842361266988e+22,4.888594899038984e-91,1.0027755394395203e+20,8.580618544669672e-96,1.3305241092422547e+17,2.9916106785106572e+16,6.984651685452736e+16,1.0069422425152021e+23,1.001445015330278e+20,3.3564741417173403e+22
3152601081081.081,1084.7682073985873,253134421.25547507,1,1.184624627129734e+22,3.3564741417173403e+22,1.0079423570064233e+23,9.98453613406521e+19,4.518357473245798e-95,5.540842361266988e+22,3.7897348673069987e-91,1.0027755394395203e+20,6.651868361383649e-96,1.3305241092422547e+17,2.929134814931952e+16,7.047127549031441e+16,1.0069422425152021e+23,1.001445015330278e+20,3.3564741417173403e+22
3155760000000.0,1083.049538267724,253134266.5876093,1,1.184624627129734e+22,3.3564741417173403e+22,1.0079423570064233e+23,9.98453613406521e+19,3.5027199504926616e-95,5.540842361266988e+22,2.937876968964178e-91,1.0027755394395203e+20,5.156662354511219e-96,1.3305241092422547e+17,2.866925783053746e+16,7.109336580909646e+16,1.0069422425152021e+23,1.001445015330278e+20,3.3564741417173403e+22
