time_years,temperature_K,cold_trap_factor,olr_W_m2,H2_flux_m-2_s-1,crossover_mass_kg_per_particle,crossover_mass_amu,atomic_N_photolysis_fraction,N_drag_active,Ar36_drag_active,Rayleigh_active,water_kg,D_H,N_kg,Ar36_kg
0.0,2800.0,0.05000000065485749,280.0,4.639499134516127e+20,9.37546069139441e-22,564603.1225622032,0.4877559018597452,1,1,1,2.8385836915292207e+22,0.00014693712050250685,2.35e+21,5000000000000000.0
100.10010010010011,2797.4219963037053,0.05000000067195924,280.0,4.6163364312024325e+20,9.373301920359055e-22,564473.1184047994,0.4868996980777009,1,1,1,2.838577701587167e+22,0.00014693715150902118,2.3461931851710902e+21,4999455795430026.0
200.20020020020021,2794.8439926074107,0.0500000006895076,280.0,4.5932893677044256e+20,9.371141656723226e-22,564343.0243609444,0.4860449711629328,1,1,1,2.838571723624993e+22,0.00014693718245359426,2.3423853958744894e+21,4998908919823903.0
300.3003003003003,2792.265988911116,0.05000000070751424,280.0,4.57035736669023e+20,9.368979898076696e-22,564212.8402854913,0.4851917183447546,1,1,1,2.83856575761874e+22,0.00014693721333634968,2.3385766494740905e+21,4998359360371963.0
400.40040040040043,2789.6879852148213,0.050000000725991124,280.0,4.5475398537102977e+20,9.366816642003112e-22,564082.5660329238,0.48433993685574145,1,1,1,2.8385598035444955e+22,0.00014693724415741077,2.3347669633345784e+21,4997807104206125.0
500.50050050050055,2787.1099815185266,0.05000000074495054,280.0,4.524836257183024e+20,9.36465188607999e-22,563952.2014573567,0.48348962393171036,1,1,1,2.8385538613783957e+22,0.00014693727491690067,2.330956354821116e+21,4997252138399662.0
600.6006006006006,2784.531977822232,0.050000000764405084,280.0,4.502246008380421e+20,9.362485627878669e-22,563821.7464125326,0.48264077681170137,1,1,1,2.8385479310966243e+22,0.00014693730561494224,2.3271448412990273e+21,4996694449966962.0
700.7007007007007,2781.9539741259373,0.05000000078436769,280.0,4.4797685414138806e+20,9.36031786496431e-22,563691.2007518223,0.4817933927379577,1,1,1,2.8385420126754127e+22,0.0001469373362516581,2.3233324401334865e+21,4996134025863293.0
800.8008008008009,2779.3759704296426,0.05000000080485162,280.0,4.45740329321999e+20,9.358148594895858e-22,563560.5643282221,0.4809474689559067,1,1,1,2.8385361060910395e+22,0.00014693736682717056,2.319519168689203e+21,4995570852984564.0
900.900900900901,2776.797966733348,0.05000000082587049,280.0,4.4351497035464344e+20,9.355977815226046e-22,563429.836994354,0.4801030027141402,1,1,1,2.8385302113198312e+22,0.00014693739734160182,2.315705044330111e+21,4995004918167089.0
1001.0010010010011,2774.2199630370533,0.05000000084743828,280.0,4.413007214937957e+20,9.353805523501339e-22,563299.018602463,0.47925999126439495,1,1,1,2.8385243283381614e+22,0.00014693742779507373,2.3118900844190588e+21,4994436208187345.0
1101.1011011011012,2771.6419593407586,0.050000000869569315,280.0,4.3909752727223966e+20,9.35163171726194e-22,563168.1090044166,0.4784184318615331,1,1,1,2.8385184571224513e+22,0.00014693745818770794,2.3080743063174987e+21,4993864709761737.0
1201.2012012012012,2769.063955644464,0.05000000089227831,280.0,4.369053324996795e+20,9.349456394041758e-22,563037.1080517035,0.4775783217635221,1,1,1,2.838512597649169e+22,0.00014693748851962585,2.3042577273851795e+21,4993290409546355.0
1301.3013013013015,2766.4859519481693,0.05000000091558035,280.0,4.347240822613568e+20,9.34727955136838e-22,562906.0155954317,0.4767396582314151,1,1,1,2.838506749894829e+22,0.0001469375187909486,2.3004403649798385e+21,4992713294136734.0
1401.4014014014015,2763.9079482518746,0.050000000939490925,280.0,4.325537219166753e+20,9.345101186763057e-22,562774.8314863272,0.47590243852933156,1,1,1,2.8385009138359945e+22,0.0001469375490017971,2.296622236456895e+21,4992133350067613.0
1501.5015015015017,2761.32994455558,0.05000000096402594,280.0,4.3039419709783186e+20,9.34292129774068e-22,562643.5555747335,0.4750666599244358,1,1,1,2.8384950894492738e+22,0.00014693757915229205,2.2928033591691463e+21,4991550563812694.0
1601.6016016016017,2758.7519408592852,0.05000000098920168,280.0,4.2824545370845466e+20,9.340739881809766e-22,562512.1877106102,0.47423231968691865,1,1,1,2.8384892767113226e+22,0.0001469376092425539,2.288983750466462e+21,4990964921784398.0
1701.7017017017017,2756.1739371629906,0.0500000010150349,280.0,4.26107437922248e+20,9.338556936472419e-22,562380.7277435304,0.47339941508997607,1,1,1,2.838483475598844e+22,0.00014693763927270281,2.2851634276954824e+21,4990376410333625.0
1801.801801801802,2753.595933466696,0.05000000104154275,280.0,4.239800961816442e+20,9.336372459224306e-22,562249.1755226797,0.4725679434097893,1,1,1,2.8384776860885863e+22,0.00014693766924285878,2.2813424081993162e+21,4989785015749506.0
1901.901901901902,2751.017929770401,0.05000000106874287,280.0,4.218633751964616e+20,9.33418644755466e-22,562117.5308968564,0.47173790192550463,1,1,1,2.8384719081573454e+22,0.00014693769915314147,2.2775207093172406e+21,4989190724259164.0
2002.0020020020022,2748.4399260741066,0.05000000109665332,280.0,4.197572219425697e+20,9.331998898946236e-22,561985.7937144686,0.4709092879192127,1,1,1,2.838466141781963e+22,0.00014693772900367037,2.2736983483844007e+21,4988593522027465.0
2102.1021021021024,2745.861922377812,0.050000001125292654,280.0,4.1766158366056147e+20,9.329809810875292e-22,561853.9638235329,0.47008209867592815,1,1,1,2.838460386939328e+22,0.00014693775879456476,2.2698753427315126e+21,4987993395156775.0
2202.2022022022024,2743.283918681517,0.05000000115467992,280.0,4.155764078544308e+20,9.32761918081157e-22,561722.0410716737,0.4692563314835687,1,1,1,2.838454643606375e+22,0.00014693778852594363,2.2660517096845662e+21,4987390329686713.0
2302.3023023023025,2740.7059149852225,0.05000000118483463,280.0,4.1350164229025805e+20,9.325427006218265e-22,561590.0253061212,0.46843198363293503,1,1,1,2.8384489117600836e+22,0.0001469378181979257,2.2622274665645282e+21,4986784311593905.0
2402.4024024024025,2738.127911288928,0.05000000121577684,280.0,4.1143723499490175e+20,9.323233284552016e-22,561457.9163737107,0.46760905241768924,1,1,1,2.8384431913774816e+22,0.00014693784781062957,2.2584026306870494e+21,4986175326791737.0
2502.5025025025025,2735.549907592633,0.05000000124752712,280.0,4.093831342546959e+20,9.321038013262867e-22,561325.7141208804,0.46678753513433446,1,1,1,2.838437482435641e+22,0.0001469378773641735,2.2545772193621703e+21,4985563361130108.0
2602.602602602603,2732.9719038963385,0.05000000128010656,280.0,4.073392886141555e+20,9.318841189794262e-22,561193.4183936708,0.46596742908219396,1,1,1,2.8384317849116804e+22,0.00014693790685867553,2.25075124989403e+21,4984948400395180.0
2702.702702702703,2730.393900200044,0.05000000131353682,280.0,4.053056468746868e+20,9.316642811582993e-22,561061.0290377223,0.4651487315633892,1,1,1,2.838426098782764e+22,0.00014693793629425353,2.246924739580574e+21,4984330430309131.0
2802.802802802803,2727.815896503749,0.05000000134784012,280.0,4.032821580933051e+20,9.314442876059209e-22,560928.5458982746,0.46433143988281983,1,1,1,2.838420424026102e+22,0.00014693796567102503,2.2430977057132666e+21,4983709436529905.0
2902.902902902903,2725.2378928074545,0.050000001383039255,280.0,4.012687715813587e+20,9.312241380646374e-22,560795.9688201654,0.46351555134814126,1,1,1,2.83841476061895e+22,0.00014693799498910744,2.2392701655768016e+21,4983085404650962.0
3003.0030030030034,2722.65988911116,0.05000000141915762,280.0,3.9926543690325905e+20,9.310038322761247e-22,560663.2976478282,0.4627010632697445,1,1,1,2.8384091085386084e+22,0.00014693802424861787,2.2354421364488159e+21,4982458320201027.0
3103.1031031031034,2720.081885414865,0.05000000145621923,280.0,3.972721038752171e+20,9.307833699813858e-22,560530.5322252917,0.46188797296073303,1,1,1,2.838403467762424e+22,0.00014693805344967318,2.231613635599604e+21,4981828168643841.0
3203.2032032032034,2717.5038817185705,0.050000001494248714,280.0,3.9528872256398675e+20,9.305627509207476e-22,560397.672396177,0.4610762777369032,1,1,1,2.8383978382677883e+22,0.00014693808259239003,2.2277846802918345e+21,4981194935377906.0
3303.3033033033034,2714.925878022276,0.05000000153327134,280.0,3.933152432856134e+20,9.303419748338609e-22,560264.7180036982,0.46026597491672055,1,1,1,2.8383922200321385e+22,0.00014693811167688488,2.223955287780266e+21,4980558605736237.0
3403.4034034034034,2712.347874325981,0.05000000157331305,280.0,3.913516166041896e+20,9.30121041459695e-22,560131.6688906591,0.45945706182129975,1,1,1,2.8383866130329565e+22,0.00014693814070327387,2.220125475311467e+21,4979919164986106.0
3503.503503503504,2709.7698706296865,0.05000000161440046,280.0,3.8939779333061706e+20,9.298999505365378e-22,559998.524899453,0.45864953577438156,1,1,1,2.8383810172477692e+22,0.000146938169671673,2.2162952601235352e+21,4979276598328791.0
3603.603603603604,2707.191866933392,0.05000000165656088,280.0,3.874537245213737e+20,9.296787018019912e-22,559865.2858720605,0.4578433941023112,1,1,1,2.838375432654149e+22,0.00014693819858219796,2.2124646594458194e+21,4978630890899321.0
3703.703703703704,2704.613863237097,0.05000000169982232,280.0,3.855193614772882e+20,9.294572949929701e-22,559731.9516500477,0.4570386341340162,1,1,1,2.8383698592297124e+22,0.0001469382274349643,2.2086336904986417e+21,4977982027766222.0
3803.803803803804,2702.0358595408024,0.050000001744213554,280.0,3.8359465574232e+20,9.292357298457007e-22,559598.5220745666,0.4562352532009845,1,1,1,2.8383642969521214e+22,0.00014693825623008725,2.2048023704930222e+21,4977329993931262.0
3903.9039039039044,2699.457855844508,0.05000000178976406,280.0,3.816795591023451e+20,9.290140060957138e-22,559464.9969863502,0.45543324863724177,1,1,1,2.838358745799082e+22,0.00014693828496768185,2.2009707166304046e+21,4976674774329198.0
4004.0040040040044,2696.879852148213,0.05000000183650414,280.0,3.797740235839488e+20,9.287921234778493e-22,559331.3762257154,0.45463261777932895,1,1,1,2.8383532057483454e+22,0.0001469383136478629,2.1971387461023829e+21,4976016353827516.0
4104.104104104104,2694.3018484519184,0.050000001884464844,280.0,3.7787800145322364e+20,9.285700817262471e-22,559197.6596325575,0.45383335796628,1,1,1,2.838347676777707e+22,0.00014693834227074505,2.1933064760904306e+21,4975354717226179.0
4204.204204204205,2691.7238447556238,0.05000000193367805,280.0,3.7599144521457356e+20,9.283478805743476e-22,559063.847046351,0.45303546653959903,1,1,1,2.8383421588650064e+22,0.00014693837083644255,2.1894739237656304e+21,4974689849257366.0
4304.304304304304,2689.145841059329,0.05000000198417647,280.0,3.7411430760952463e+20,9.2812551975489e-22,558929.9383061473,0.4522389408432378,1,1,1,2.8383366519881277e+22,0.0001469383993450696,2.1856411062884054e+21,4974021734585219.0
4404.404404404405,2686.5678373630344,0.05000000203599367,280.0,3.722465416155406e+20,9.279029989999082e-22,558795.933250574,0.4514437782235725,1,1,1,2.8383311561249994e+22,0.00014693842779674008,2.1818080408082524e+21,4973350357805582.0
4504.504504504504,2683.9898336667397,0.05000000208916408,280.0,3.703881004448454e+20,9.276803180407278e-22,558661.8317178314,0.45064997602938106,1,1,1,2.838325671253594e+22,0.00014693845619156764,2.1779747444634768e+21,4972675703445745.0
4604.604604604605,2681.411829970445,0.050000002143723056,280.0,3.6853893754325094e+20,9.274574766079655e-22,558527.6335456932,0.4498575316118198,1,1,1,2.8383201973519283e+22,0.00014693848452966576,2.1741412343809274e+21,4971997755964182.0
4704.704704704705,2678.8338262741504,0.05000000219970684,280.0,3.66699006588991e+20,9.272344744315252e-22,558393.338571504,0.44906644232440096,1,1,1,2.8383147343980624e+22,0.00014693851281114763,2.1703075276757352e+21,4971316499750294.0
4804.804804804805,2676.2558225778557,0.05000000225715266,280.0,3.6486826149156074e+20,9.270113112405958e-22,558258.9466321773,0.4482767055229681,1,1,1,2.838309282370101e+22,0.00014693854103612624,2.1664736414510515e+21,4970631919124150.0
4904.904904904905,2673.677818881561,0.05000000231609869,280.0,3.6304665639056225e+20,9.267879867636482e-22,558124.4575641949,0.4474883185656736,1,1,1,2.838303841246192e+22,0.0001469385692047144,2.1626395927977892e+21,4969943998336225.0
5005.005005005005,2671.0998151852664,0.05000000237658411,280.0,3.612341456545558e+20,9.265645007284336e-22,557989.8712036046,0.44670127881295535,1,1,1,2.8382984110045275e+22,0.00014693859731702459,2.1588053987943648e+21,4969252721567141.0
5105.105105105105,2668.5218114889717,0.05000000243864912,280.0,3.594306838799164e+20,9.2634085286198e-22,557855.187386019,0.4459155836275119,1,1,1,2.838292991623343e+22,0.00014693862537316912,2.1549710765064415e+21,4968558072927403.0
5205.205205205206,2665.943807792677,0.05000000250233497,280.0,3.5763622588969694e+20,9.2611704289059e-22,557720.4059466138,0.44513123037427976,1,1,1,2.838287583080918e+22,0.0001469386533732602,2.1511366429866753e+21,4967860036457141.0
5305.305305305305,2663.3658040963824,0.050000002567683985,280.0,3.558507267324961e+20,9.258930705398381e-22,557585.526720126,0.44434821642040934,1,1,1,2.8382821853555744e+22,0.00014693868131740963,2.1473021152744615e+21,4967158596125845.0
5405.405405405406,2660.7878004000877,0.05000000263473961,280.0,3.540741416813326e+20,9.25668935534568e-22,557450.549540853,0.44356653913523997,1,1,1,2.838276798425678e+22,0.00014693870920572902,2.1434675103956835e+21,4966453735832104.0
5505.505505505506,2658.209796703793,0.0500000027035464,280.0,3.523064262325245e+20,9.2544463759889e-22,557315.47424265,0.4427861958902774,1,1,1,2.8382714222696385e+22,0.00014693873703832986,2.1396328453624617e+21,4965745439403343.0
5605.605605605606,2655.6317930074983,0.0500000027741501,280.0,3.505475361045748e+20,9.252201764561786e-22,557180.3006589294,0.44200718405916783,1,1,1,2.8382660568659077e+22,0.00014693876481532332,2.135798137172907e+21,4965033690595560.0
5705.705705705706,2653.0537893112037,0.050000002846597634,280.0,3.487974272370615e+20,9.24995551829069e-22,557045.0286226583,0.44122950101767455,1,1,1,2.838260702192981e+22,0.00014693879253682043,2.131963402810873e+21,4964318473093060.0
5805.805805805806,2650.475785614909,0.05000000292093714,280.0,3.4705605578953464e+20,9.247707634394559e-22,556909.6579663579,0.44045314414365316,1,1,1,2.8382553582293974e+22,0.00014693882020293188,2.1281286592457112e+21,4963599770508193.0
5905.905905905906,2647.8977819186143,0.050000002997218046,280.0,3.4532337814041756e+20,9.245458110084885e-22,556774.1885221003,0.4396781108170266,1,1,1,2.838250024953738e+22,0.00014693884781376827,2.1242939234320274e+21,4962877566381089.0
6006.006006006007,2645.3197782223197,0.050000003075491045,280.0,3.435993508859145e+20,9.2432069425657e-22,556638.6201215086,0.4389043984197612,1,1,1,2.8382447023446263e+22,0.0001469388753694399,2.1204592123094405e+21,4962151844179393.0
6106.106106106106,2642.741774526025,0.05000000315580816,280.0,3.418839308389231e+20,9.240954129033542e-22,556502.9525957545,0.4381320043358406,1,1,1,2.83823939038073e+22,0.00014693890287005684,2.116624542802342e+21,4961422587297998.0
6206.206206206207,2640.1637708297303,0.05000000323822277,280.0,3.4017707502795253e+20,9.238699666677416e-22,556367.1857755559,0.4373609259512415,1,1,1,2.8382340890407582e+22,0.00014693893031572907,2.1127899318196579e+21,4960689779058782.0
6306.306306306306,2637.5857671334356,0.05000000332278966,280.0,3.384787406960474e+20,9.236443552678791e-22,556231.3194911771,0.4365911606539087,1,1,1,2.8382287983034635e+22,0.00014693895770656617,2.1089553962546113e+21,4959953402710340.0
6406.406406406407,2635.007763437141,0.05000000340956503,280.0,3.3678888529971636e+20,9.23418578421154e-22,556095.3535724246,0.43582270583372856,1,1,1,2.8382235181476403e+22,0.00014693898504267757,2.1051209529844886e+21,4959213441427716.0
6506.506506506507,2632.4297597408463,0.05000000349860655,280.0,3.3510746650786634e+20,9.231926358441942e-22,555959.2878486481,0.4350555588825052,1,1,1,2.838218248552126e+22,0.0001469390123241726,2.1012866188704054e+21,4958469878312140.0
6606.606606606607,2629.8517560445516,0.05000000358997342,280.0,3.3343444220074256e+20,9.229665272528643e-22,555823.1221487373,0.4342897171939338,1,1,1,2.8382129894957993e+22,0.00014693903955116018,2.097452410757075e+21,4957722696390756.0
6706.706706706707,2627.273752348257,0.050000003683726355,280.0,3.317697704688728e+20,9.22740252362261e-22,555686.8563011196,0.43352517816357516,1,1,1,2.8382077409575825e+22,0.00014693906672374912,2.093618345472578e+21,4956971878616359.0
6806.806806806807,2624.6957486519623,0.050000003779927665,280.0,3.301134096120183e+20,9.225138108867134e-22,555550.4901337598,0.43276193918883,1,1,1,2.838202502916439e+22,0.000146939093842048,2.0897844398281358e+21,4956217407867123.0
6906.906906906907,2622.1177449556676,0.05000000387864129,280.0,3.2846531813812843e+20,9.222872025397787e-22,555414.0234741583,0.4319999976689127,1,1,1,2.838197275351375e+22,0.00014693912090616522,2.0859507106178825e+21,4955459266946334.0
7007.007007007008,2619.539741259373,0.050000003979932844,280.0,3.268254547623019e+20,9.220604270342387e-22,555277.4561493482,0.43123935100482574,1,1,1,2.838192058241438e+22,0.00014693914791620883,2.0821171746186411e+21,4954697438582123.0
7107.107107107107,2616.9617375630783,0.050000004083869655,280.0,3.251937784057523e+20,9.218334840820982e-22,555140.7879858951,0.43047999659933256,1,1,1,2.838186851565718e+22,0.00014693917487228688,2.0782838485897002e+21,4953931905427194.0
7207.207207207208,2614.3837338667836,0.05000000419052079,280.0,3.235702481947789e+20,9.216063733945806e-22,555004.0188098935,0.42972193185693214,1,1,1,2.838181655303347e+22,0.00014693920177450697,2.0744507492725933e+21,4953162650058557.0
7307.307307307307,2611.805730170489,0.05000000429995714,280.0,3.219548234597433e+20,9.213790946821269e-22,554867.1484469672,0.4289651541838316,1,1,1,2.8381764694334975e+22,0.0001469392286229767,2.070617893390879e+21,4952389654977257.0
7407.407407407408,2609.2277264741942,0.050000004412251456,280.0,3.203474637340498e+20,9.211516476543913e-22,554730.1767222658,0.42820966098792007,1,1,1,2.8381712939353847e+22,0.0001469392554178033,2.0667852976499238e+21,4951612902608105.0
7507.507507507508,2606.6497227778996,0.05000000452747835,280.0,3.1874812875313263e+20,9.209240320202385e-22,554593.1034604637,0.4274554496787418,1,1,1,2.8381661287882655e+22,0.00014693928215909382,2.062952978736686e+21,4950832375299406.0
7607.607607607608,2604.071719081605,0.050000004645714434,280.0,3.171567784534469e+20,9.206962474877424e-22,554455.9284857591,0.4267025176674687,1,1,1,2.8381609739714378e+22,0.00014693930884695516,2.0591209533195024e+21,4950048055322691.0
7707.707707707708,2601.49371538531,0.05000000476703827,280.0,3.155733729714647e+20,9.204682937641806e-22,554318.6516218703,0.4259508623668738,1,1,1,2.8381558294642407e+22,0.00014693933548149397,2.055289238047875e+21,4949259924872443.0
7807.807807807809,2598.9157116890156,0.0500000048915305,280.0,3.1399787264267715e+20,9.202401705560327e-22,554181.2726920355,0.4252004811913039,1,1,1,2.8381506952460556e+22,0.00014693936206281661,2.0514578495522608e+21,4948467966065829.0
7907.907907907908,2596.337707992721,0.05000000501927388,280.0,3.124302380006002e+20,9.200118775689785e-22,554043.791519011,0.4244513715566514,1,1,1,2.838145571296304e+22,0.0001469393885910294,2.047626804443865e+21,4947672160942426.0
8008.008008008009,2593.759704296426,0.0500000051503533,280.0,3.108704297757864e+20,9.19783414507892e-22,553906.2079250677,0.4237035308803282,1,1,1,2.838140457594449e+22,0.00014693941506623828,2.0437961193144317e+21,4946872491463951.0
8108.108108108108,2591.1817006001315,0.05000000528485589,280.0,3.0931840889484096e+20,9.19554781076842e-22,553768.521731992,0.4229569565812363,1,1,1,2.838135354119995e+22,0.0001469394414885491,2.039965810736041e+21,4946068939513989.0
8208.208208208209,2588.603696903837,0.050000005422871044,280.0,3.077741364794431e+20,9.193259769790857e-22,553630.7327610812,0.42221164607974127,1,1,1,2.838130260852487e+22,0.00014693946785806738,2.0361358952609048e+21,4945261486897720.0
8308.30830830831,2586.025693207542,0.05000000556449049,280.0,3.0623757384537224e+20,9.190970019170691e-22,553492.8408331441,0.42146759679764345,1,1,1,2.8381251777715117e+22,0.00014693949417489858,2.032306389421166e+21,4944450115341648.0
8408.40840840841,2583.4476895112475,0.050000005709808365,280.0,3.047086825015385e+20,9.18867855592421e-22,553354.8457684976,0.42072480615815,1,1,1,2.838120104856696e+22,0.00014693952043914776,2.0284773097286992e+21,4943634806493327.0
8508.508508508508,2580.869685814953,0.05000000585892124,280.0,3.03187424149019e+20,9.186385377059511e-22,553216.7473869652,0.4199832715858466,1,1,1,2.8381150420877068e+22,0.00014693954665092,2.0246486726749135e+21,4942815541921088.0
8608.608608608609,2578.291682118658,0.050000006011928236,280.0,3.0167376068009814e+20,9.18409047957647e-22,553078.5455078752,0.41924299050666874,1,1,1,2.8381099894442532e+22,0.00014693957281031997,2.0208204947305558e+21,4941992303113768.0
8708.70870870871,2575.7136784223635,0.05000000616893104,280.0,3.0016765417731326e+20,9.181793860466712e-22,552940.2399500591,0.4185039603478736,1,1,1,2.8381049469060843e+22,0.00014693959891745224,2.0169927923455188e+21,4941165071480435.0
8808.80880880881,2573.135674726069,0.05000000633003401,280.0,2.9866906691250455e+20,9.179495516713584e-22,552801.8305318501,0.4177661785380106,1,1,1,2.838099914452989e+22,0.00014693962497242113,2.0131655819486474e+21,4940333828350116.0
8908.90890890891,2570.557671029774,0.05000000649534422,280.0,2.971779613458702e+20,9.177195445292108e-22,552663.3170710797,0.4170296425068927,1,1,1,2.8380948920647975e+22,0.00014693965097533073,2.00933887994755e+21,4939498554971522.0
9009.009009009009,2567.9796673334795,0.05000000666497153,280.0,2.956943001250257e+20,9.174893643168964e-22,552524.6993850775,0.4162943496855674,1,1,1,2.83808987972138e+22,0.000146939676926285,2.0055127027284097e+21,4938659232512776.0
9109.10910910911,2565.401663637185,0.0500000068390287,280.0,2.9421804608406864e+20,9.172590107302458e-22,552385.977290668,0.4155602975062869,1,1,1,2.8380848774026466e+22,0.00014693970282538763,2.0016870666557986e+21,4937815842061137.0
9209.20920920921,2562.82365994089,0.050000007017631416,280.0,2.9274916224264703e+20,9.170284834642488e-22,552247.1506041702,0.41482748340247966,1,1,1,2.8380798850885485e+22,0.00014693972867274216,1.9978619880724932e+21,4936968364622728.0
9309.30930930931,2560.2456562445955,0.05000000720089837,280.0,2.9128761180503363e+20,9.167977822130502e-22,552108.2191413939,0.4140959048087195,1,1,1,2.838074902759076e+22,0.00014693975446845184,1.9940374832992926e+21,4936116781122262.0
9409.40940940941,2557.667652548301,0.05000000738895139,280.0,2.898333581592038e+20,9.165669066699484e-22,551969.182717639,0.4133655591606969,1,1,1,2.8380699303942606e+22,0.00014693978021261978,1.9902135686348373e+21,4935261072402766.0
9509.50950950951,2555.089648852006,0.05000000758191545,280.0,2.8838636487591834e+20,9.163358565273909e-22,551830.0411476934,0.41263644389518817,1,1,1,2.838064967974172e+22,0.00014693980590534887,1.9863902603554314e+21,4934401219225307.0
9609.60960960961,2552.5116451557114,0.05000000777991881,280.0,2.8694659570781133e+20,9.161046314769719e-22,551690.7942458309,0.41190855645002594,1,1,1,2.8380600154789218e+22,0.00014693983154674177,1.9825675747148657e+21,4933537202268720.0
9709.70970970971,2549.933641459417,0.05000000798309307,280.0,2.855140145884815e+20,9.158732312094285e-22,551551.4418258088,0.41118189426406876,1,1,1,2.8380550728886595e+22,0.00014693985713690096,1.9787455279442433e+21,4932669002129331.0
9809.80980980981,2547.355637763122,0.05000000819157327,280.0,2.8408858563158947e+20,9.156416554146378e-22,551411.983700867,0.4104564547771701,1,1,1,2.8380501401835753e+22,0.00014693988267592875,1.974924136251807e+21,4931796599320683.0
9909.909909909911,2544.7776340668274,0.050000008405497974,280.0,2.826702731299582e+20,9.154099037816129e-22,551272.4196837251,0.4097322354301483,1,1,1,2.8380452173438993e+22,0.00014693990816392713,1.971103415822768e+21,4930919974273263.0
10010.01001001001,2542.1996303705328,0.05000000862500937,280.0,2.8125904155467894e+20,9.151779759985006e-22,551132.7495865807,0.4090092336647554,1,1,1,2.8380403043499006e+22,0.00014693993360099806,1.9672833828191378e+21,4930039107334223.0
10110.11011011011,2539.621626674238,0.05000000885025335,280.0,2.7985485555422082e+20,9.149458717525782e-22,550992.9732211077,0.40828744692364627,1,1,1,2.838035401181888e+22,0.00014693995898724312,1.9634640533795614e+21,4929153978767111.0
10210.21021021021,2537.0436229779434,0.05000000908137963,280.0,2.7845767995354572e+20,9.147135907302489e-22,550853.0903984541,0.4075668726503476,1,1,1,2.838030507820209e+22,0.00014693998432276382,1.959645443619152e+21,4928264568751592.0
10310.310310310311,2534.4656192816487,0.05000000931854182,280.0,2.7706747975322678e+20,9.144811326170395e-22,550713.1009292395,0.406847508289226,1,1,1,2.8380256242452516e+22,0.00014694000960766137,1.955827569629328e+21,4927370857383176.0
10410.410410410412,2531.887615585354,0.050000009561897554,280.0,2.7568422012857198e+20,9.142484970975966e-22,550573.0046235542,0.406129351285457,1,1,1,2.838020750437442e+22,0.0001469400348420369,1.9520104474776534e+21,4926472824672940.0
10510.51051051051,2529.3096118890594,0.05000000981160857,280.0,2.743078664287515e+20,9.140156838556843e-22,550432.8012909561,0.4054123990849931,1,1,1,2.838015886377246e+22,0.00014694006002599118,1.9481940932076773e+21,4925570450547257.0
10610.61061061061,2526.7316081927647,0.05000001006784085,280.0,2.7293838417592975e+20,9.137826925741789e-22,550292.4907404693,0.4046966491345319,1,1,1,2.8380110320451684e+22,0.00014694008515962488,1.944378522838778e+21,4924663714847518.0
10710.710710710711,2524.15360449647,0.050000010330764684,280.0,2.715757390644019e+20,9.135495229350667e-22,550152.0727805814,0.40398209888148384,1,1,1,2.838006187421753e+22,0.0001469401102430385,1.940563752366008e+21,4923752597329860.0
10810.810810810812,2521.5756008001754,0.05000001060055483,280.0,2.7021989695973425e+20,9.133161746194415e-22,550011.5472192429,0.4032687457739403,1,1,1,2.8380013524875823e+22,0.00014694013527633226,1.93674979775994e+21,4922837077664890.0
10910.910910910912,2518.9975971038807,0.050000010877390616,280.0,2.6887082389790936e+20,9.13082647307499e-22,549870.913863863,0.40255658726064086,1,1,1,2.8379965272232785e+22,0.0001469401602596062,1.932936674966518e+21,4921917135437410.0
11011.011011011013,2516.419593407586,0.05000001116145602,280.0,2.6752848608447522e+20,9.128489406785349e-22,549730.1725213092,0.40184562079094077,1,1,1,2.8379917116095016e+22,0.00014694018519296022,1.929124399906907e+21,4920992750146143.0
11111.111111111111,2513.8415897112914,0.05000001145293985,280.0,2.6619284989369863e+20,9.126150544109417e-22,549589.3229979053,0.4011358438147777,1,1,1,2.83798690562695e+22,0.0001469402100764939,1.9253129884773455e+21,4920063901203460.0
11211.211211211212,2511.2635860149967,0.05000001175203585,280.0,2.6486388186772282e+20,9.123809881822027e-22,549448.365099427,0.40042725378263955,1,1,1,2.8379821092563623e+22,0.00014694023491030675,1.9215024565490022e+21,4919130567935103.0
11311.311311311312,2508.685582318702,0.0500000120589428,280.0,2.6354154871572942e+20,9.121467416688928e-22,549307.2986311036,0.39971984814553063,1,1,1,2.837977322478514e+22,0.00014694025969449803,1.917692819967832e+21,4918192729579912.0
11411.411411411413,2506.1075786224073,0.05000001237386469,280.0,2.622258173131045e+20,9.119123145466702e-22,549166.1233976118,0.3990136243549381,1,1,1,2.8379725452742196e+22,0.00014694028442916674,1.9138840945544357e+21,4917250365289553.0
11511.511511511513,2503.5295749261127,0.05000001269701084,280.0,2.6091665470060878e+20,9.116777064902769e-22,549024.8392030767,0.3983085798627989,1,1,1,2.8379677776243323e+22,0.0001469403091144118,1.9100762961039212e+21,4916303454128240.0
11611.611611611612,2500.951571229818,0.050000013028596024,280.0,2.596140280835522e+20,9.11442917173533e-22,548883.4458510682,0.3976047121214658,1,1,1,2.8379630195097433e+22,0.0001469403337503319,1.906269440385766e+21,4915351975072465.0
11711.711711711712,2498.3735675335233,0.05000001336884062,280.0,2.583179048309719e+20,9.112079462693335e-22,548741.9431445997,0.3969020185836729,1,1,1,2.837958270911382e+22,0.00014694035833702544,1.9024635431436833e+21,4914395907010723.0
11811.811811811813,2495.7955638372287,0.050000013717970776,280.0,2.5702825247481538e+20,9.109727934496448e-22,548600.3308861243,0.39620049670250207,1,1,1,2.837953531810216e+22,0.0001469403828745907,1.8986586200954889e+21,4913435228743237.0
11911.911911911913,2493.217560140934,0.05000001407621854,280.0,2.5574503870912676e+20,9.107374583855008e-22,548458.6088775343,0.3955001439313482,1,1,1,2.837948802187251e+22,0.0001469404073631258,1.8948546869329702e+21,4912469918981688.0
12012.012012012014,2490.6395564446393,0.05000001444382203,280.0,2.5446823138923774e+20,9.105019407470003e-22,548316.7769201588,0.3948009577238847,1,1,1,2.8379440820235306e+22,0.00014694043180272856,1.8910517593217586e+21,4911499956348939.0
12112.112112112112,2488.0615527483446,0.050000014821025555,280.0,2.531977985309624e+20,9.102662402033028e-22,548174.8348147607,0.394102935534029,1,1,1,2.8379393713001363e+22,0.00014694045619349671,1.8872498529012018e+21,4910525319378765.0
12212.212212212213,2485.48354905205,0.05000001520807984,280.0,2.519337083097957e+20,9.100303564226235e-22,548032.7823615351,0.3934060748159067,1,1,1,2.8379346699981878e+22,0.00014694048053552776,1.8834489832842396e+21,4909545986515579.0
12312.312312312313,2482.9055453557553,0.05000001560524212,280.0,2.5067592906011656e+20,9.09794289072232e-22,547890.6193601069,0.3927103730238174,1,1,1,2.8379299780988416e+22,0.00014694050482891893,1.8796491660572817e+21,4908561936114159.0
12412.412412412414,2480.3275416594606,0.050000016012776385,280.0,2.4942442927439456e+20,9.095580378184472e-22,547748.345609529,0.39201582761219833,1,1,1,2.837925295583293e+22,0.00014694052907376743,1.8758504167800871e+21,4907573146439378.0
12512.512512512514,2477.749537963166,0.050000016430953496,280.0,2.481791776024007e+20,9.093216023266342e-22,547605.9609082794,0.39132243603558975,1,1,1,2.8379206224327748e+22,0.0001469405532701701,1.872052750985646e+21,4906579595665931.0
12612.612612612613,2475.1715342668713,0.05000001686005139,280.0,2.469401428504219e+20,9.090849822611991e-22,547463.4650542589,0.390630195748598,1,1,1,2.8379159586285566e+22,0.00014694057741822364,1.868256184180063e+21,4905581261878064.0
12712.712712712713,2472.5935305705766,0.05000001730035527,280.0,2.457072939804798e+20,9.088481772855878e-22,547320.8578447901,0.38993910420586037,1,1,1,2.837911304151946e+22,0.0001469406015180246,1.864460731842443e+21,4904578123069304.0
12812.812812812814,2470.015526874282,0.05000001775215778,280.0,2.4448060010955312e+20,9.0861118706228e-22,547178.1390766137,0.3892491588620082,1,1,1,2.8379066589842875e+22,0.0001469406255696693,1.8606664094247797e+21,4903570157142187.0
12912.912912912914,2467.4375231779873,0.05000001821575921,280.0,2.4326003050880415e+20,9.083740112527863e-22,547035.3085458864,0.38856035717163107,1,1,1,2.8379020231069634e+22,0.0001469406495732539,1.8568732323518446e+21,4902557341907988.0
13013.013013013015,2464.8595194816926,0.05000001869146769,280.0,2.4204555460280887e+20,9.081366495176447e-22,546892.3660481799,0.3878726965892394,1,1,1,2.8378973965013932e+22,0.00014694067352887436,1.85308121602108e+21,4901539655086452.0
13113.113113113113,2462.281515785398,0.0500000191795994,280.0,2.4083714196879118e+20,9.078991015164158e-22,546749.3113784768,0.38718617456922816,1,1,1,2.8378927791490336e+22,0.0001469406974366264,1.849290375802492e+21,4900517074305524.0
13213.213213213214,2459.7035120891032,0.05000001968047877,280.0,2.396347623358606e+20,9.076613669076808e-22,546606.1443311699,0.38650078856583925,1,1,1,2.837888171031378e+22,0.0001469407212966056,1.8455007270385473e+21,4899489577101079.0
13313.313313313314,2457.1255083928086,0.05000002019443872,280.0,2.384383855842542e+20,9.074234453490354e-22,546462.8647000587,0.3858165360331245,1,1,1,2.837883572129957e+22,0.00014694074510890738,1.8417122850440717e+21,4898457140916654.0
13413.413413413415,2454.547504696514,0.05000002072182084,280.0,2.3724798174458187e+20,9.071853364970874e-22,546319.4722783477,0.38513341442490806,1,1,1,2.837878982426338e+22,0.00014694076887362682,1.8379250651061499e+21,4897419743103182.0
13513.513513513515,2451.969501000219,0.05000002126297566,280.0,2.360635209970758e+20,9.069470400074517e-22,546175.9668586435,0.3844514211947485,1,1,1,2.8378744019021264e+22,0.000146940792590859,1.834139082484028e+21,4896377360918720.0
13613.613613613614,2449.3914973039246,0.05000002181826285,280.0,2.348849736708435e+20,9.067085555347488e-22,546032.3482329537,0.38377055379590114,1,1,1,2.8378698305389625e+22,0.00014694081626069868,1.8303543524090186e+21,4895329971528185.0
13713.713713713714,2446.81349360763,0.05000002238805149,280.0,2.3371231024312412e+20,9.064698827325969e-22,545888.6161926824,0.38309080968127907,1,1,1,2.837865268318525e+22,0.0001469408398832405,1.8265708900844068e+21,4894277552003088.0
13813.813813813815,2444.235489911335,0.05000002297272028,280.0,2.325455013385495e+20,9.062310212536117e-22,545744.7705286302,0.3824121863034159,1,1,1,2.8378607152225275e+22,0.00014694086345857891,1.8227887106853587e+21,4893220079321264.0
13913.913913913915,2441.6574862150405,0.05000002357265782,280.0,2.3138451772840795e+20,9.059919707494007e-22,545600.8110309903,0.38173468111442577,1,1,1,2.8378561712327223e+22,0.00014694088698680814,1.819007829358833e+21,4892157530366609.0
14014.014014014016,2439.079482518746,0.05000002418826286,280.0,2.302293303299121e+20,9.057527308705589e-22,545456.7374893462,0.3810582915659654,1,1,1,2.8378516363308964e+22,0.0001469409104680222,1.8152282612234935e+21,4891089881928816.0
14114.114114114114,2436.501478822451,0.050000024819944554,280.0,2.290799102054705e+20,9.055133012666657e-22,545312.5496926697,0.38038301510919453,1,1,1,2.837847110498874e+22,0.00014694093390231496,1.8114500213696244e+21,4890017110703108.0
14214.214214214215,2433.9234751261565,0.05000002546812275,280.0,2.2793622856196257e+20,9.052736815862803e-22,545168.2474293184,0.37970884919473674,1,1,1,2.837842593718516e+22,0.00014694095728978016,1.8076731248590465e+21,4888939193289975.0
14314.314314314315,2431.345471429862,0.050000026133228265,280.0,2.2679825675001745e+20,9.050338714769384e-22,545023.8304870334,0.37903579127263987,1,1,1,2.8378380859717185e+22,0.00014694098063051123,1.8038975867250378e+21,4887856106194912.0
14414.414414414416,2428.767467733567,0.050000026815703154,280.0,2.2566596626329626e+20,9.047938705851464e-22,544879.2986529361,0.37836383879233565,1,1,1,2.8378335872404152e+22,0.00014694100392460152,1.8001234219722536e+21,4886767825828155.0
14514.514514514516,2426.1894640372725,0.050000027516001015,280.0,2.245393287377781e+20,9.04553678556379e-22,544734.6517135263,0.37769298920260064,1,1,1,2.8378290975065747e+22,0.0001469410271721441,1.7963506455766512e+21,4885674328504419.0
14614.614614614615,2423.611460340978,0.05000002823458731,280.0,2.234183159510494e+20,9.043132950350753e-22,544589.8894546806,0.37702323995151493,1,1,1,2.837824616752202e+22,0.00014694105037323194,1.792579272485414e+21,4884575590442638.0
14714.714714714715,2421.033456644683,0.050000028971939635,280.0,2.223028998215971e+20,9.040727196646334e-22,544445.0116616483,0.37635458848642234,1,1,1,2.837820144959339e+22,0.0001469410735279578,1.7888093176168802e+21,4883471587765704.0
14814.814814814816,2418.4554529483885,0.05000002972854808,280.0,2.2119305240810498e+20,9.038319520874056e-22,544300.018119049,0.3756870322538893,1,1,1,2.837815682110062e+22,0.0001469410966364142,1.7850407958604724e+21,4882362296500205.0
14914.914914914916,2415.877449252094,0.05000003050491551,280.0,2.20088745908754e+20,9.035909919446967e-22,544154.9086108716,0.3750205686996635,1,1,1,2.8378112281864846e+22,0.00014694111969869354,1.7812737220766293e+21,4881247692576170.0
15015.015015015017,2413.299445555799,0.05000003130155795,280.0,2.1898995266052565e+20,9.033498388767584e-22,544009.6829204707,0.3743551952686337,1,1,1,2.8378067831707547e+22,0.000146941142714888,1.77750811109674e+21,4880127751826808.0
15115.115115115117,2410.7214418595045,0.050000032119004875,280.0,2.178966451385091e+20,9.031084925227849e-22,543864.340830564,0.3736909094047868,1,1,1,2.8378023470450573e+22,0.00014694116568508963,1.7737439777230797e+21,4879002449988251.0
15215.215215215216,2408.14343816321,0.050000032957799596,280.0,2.1680879595521167e+20,9.028669525209085e-22,543718.8821232301,0.37302770855116724,1,1,1,2.837797919791612e+22,0.00014694118860939022,1.7699813367287484e+21,4877871762699297.0
15315.315315315316,2405.565434466915,0.05000003381849963,280.0,2.1572637785987265e+20,9.026252185081965e-22,543573.3065799057,0.3723655901498348,1,1,1,2.837793501392675e+22,0.00014694121148788142,1.7662202028576111e+21,4876735665501156.0
15415.415415415417,2402.9874307706204,0.05000003470167702,280.0,2.1464936373778094e+20,9.023832901206456e-22,543427.6139813829,0.3717045516418216,1,1,1,2.837789091830537e+22,0.0001469412343206547,1.7624605908242404e+21,4875594133837192.0
15515.515515515517,2400.409427074326,0.05000003560791878,280.0,2.1357772660959553e+20,9.021411669931781e-22,543281.8041078072,0.37104459046709065,1,1,1,2.8377846910875242e+22,0.00014694125710780135,1.7587025153138607e+21,4874447143052673.0
15615.615615615618,2397.831423378031,0.050000036537827246,280.0,2.1251143963066987e+20,9.018988487596383e-22,543135.8767386744,0.37038570406449234,1,1,1,2.837780299145999e+22,0.00014694127984941246,1.7549459909822954e+21,4873294668394513.0
15715.715715715716,2395.2534196817364,0.05000003749202046,280.0,2.114504760903793e+20,9.016563350527869e-22,542989.8316528279,0.36972788987172206,1,1,1,2.8377759159883584e+22,0.0001469413025455789,1.751191032455916e+21,4872136685011025.0
15815.815815815817,2392.6754159854418,0.050000038471132636,280.0,2.1039480941145198e+20,9.014136255042972e-22,542843.6686284565,0.3690711453252763,1,1,1,2.8377715415970344e+22,0.00014694132519639148,1.7474376543315918e+21,4870973167951665.0
15915.915915915917,2390.097412289147,0.05000003947581454,280.0,2.0934441314930308e+20,9.011707197447506e-22,542697.3874430913,0.3684154678604098,1,1,1,2.837767175954495e+22,0.00014694134780194072,1.7436858711766448e+21,4869804092166785.0
16016.016016016018,2387.5194085928524,0.05000004050673392,280.0,2.0829926099137246e+20,9.009276174036331e-22,542550.9878736032,0.36776085491109134,1,1,1,2.8377628190432425e+22,0.00014694137036231697,1.739935697528804e+21,4868629432507382.0
16116.116116116118,2384.9414048965577,0.050000041564575985,280.0,2.072593267564654e+20,9.006843181093294e-22,542404.4696962009,0.36710730390996,1,1,1,2.8377584708458142e+22,0.00014694139287761045,1.7361871478961626e+21,4867449163724850.0
16216.216216216217,2382.363401200263,0.050000042650043826,280.0,2.0622458439409687e+20,9.004408214891187e-22,542257.8326864266,0.36645481228828086,1,1,1,2.837754131344783e+22,0.0001469414153479112,1.7324402367571378e+21,4866263260470734.0
16316.316316316317,2379.7853975039684,0.05000004376385888,280.0,2.0519500798383882e+20,9.00197127169171e-22,542111.0766191547,0.36580337747590036,1,1,1,2.837749800522756e+22,0.000146941437773309,1.728694978560432e+21,4865071697296483.0
16416.416416416418,2377.2073938076737,0.05000004490676146,280.0,2.0417057173467103e+20,8.999532347745425e-22,541964.2012685889,0.3651529969012017,1,1,1,2.8377454783623753e+22,0.00014694146015389352,1.7249513877249977e+21,4863874448653205.0
16516.516516516516,2374.629390111379,0.05000004607951118,280.0,2.0315124998433502e+20,8.99709143929171e-22,541817.2064082595,0.36450366799105954,1,1,1,2.8377411648463177e+22,0.00014694148248975425,1.7212094786400024e+21,4862671488891423.0
16616.61661661662,2372.0513864150844,0.05000004728288752,280.0,2.0213701719869096e+20,8.994648542558698e-22,541670.0918110192,0.363855388170795,1,1,1,2.837736859957295e+22,0.00014694150478098046,1.7174692656647963e+21,4861462792260833.0
16716.716716716717,2369.4733827187897,0.05000004851769028,280.0,2.011278479710785e+20,8.99220365376325e-22,541522.8572490425,0.36320815486413005,1,1,1,2.837732563678053e+22,0.0001469415270276613,1.7137307631288836e+21,4860248332910062.0
16816.81681681682,2366.895379022495,0.05000004978474018,280.0,2.0012371702167985e+20,8.989756769110917e-22,541375.5024938224,0.3625619654931413,1,1,1,2.8377282759913724e+22,0.0001469415492298857,1.709993985331894e+21,4859028084886427.0
16916.916916916918,2364.3173753262004,0.05000005108487936,280.0,1.9912459919688683e+20,8.987307884795856e-22,541228.0273161656,0.36191681747821464,1,1,1,2.837723996880068e+22,0.00014694157138774245,1.706258946543557e+21,4857802022135698.0
17017.017017017017,2361.7393716299057,0.050000052418971944,280.0,1.9813046946867062e+20,8.984856997000825e-22,541080.4314861927,0.361272708237998,1,1,1,2.8377197263269894e+22,0.00014694159350132007,1.702525661003679e+21,4856570118501858.0
17117.11711711712,2359.161367933611,0.05000005378790465,280.0,1.971413029339549e+20,8.982404101897115e-22,540932.7147733337,0.3606296351893555,1,1,1,2.83771546431502e+22,0.00014694161557070705,1.6987941429221212e+21,4855332347726868.0
17217.217217217218,2356.5833642373163,0.050000055192587316,280.0,1.96157074813992e+20,8.9799491956445e-22,540784.8769463246,0.3599875957473202,1,1,1,2.8377112108270784e+22,0.0001469416375959916,1.6950644064787812e+21,4854088683450431.0
17317.31731731732,2354.0053605410217,0.05000005663395357,280.0,1.951777604537421e+20,8.977492274391205e-22,540636.9177732066,0.35934658732504676,1,1,1,2.8377069658461163e+22,0.00014694165957726175,1.691336465823575e+21,4852839099209759.0
17417.41741741742,2351.427356844727,0.05000005811296142,280.0,1.9420333532125574e+20,8.975033334273842e-22,540488.837021321,0.3587066073337644,1,1,1,2.8377027293551197e+22,0.0001469416815146054,1.6876103350764236e+21,4851583568439340.0
17517.517517517517,2348.8493531484323,0.05000005963059387,280.0,1.9323377500705915e+20,8.972572371417377e-22,540340.6344573078,0.358067653182729,1,1,1,2.837698501337109e+22,0.00014694170340811028,1.683886028327238e+21,4850322064470707.0
17617.61761761762,2346.2713494521377,0.05000006118785961,280.0,1.92269055223543e+20,8.970109381935073e-22,540192.3098471024,0.3574297222791749,1,1,1,2.8376942817751387e+22,0.00014694172525786387,1.6801635596359101e+21,4849054560532209.0
17717.71771771772,2343.693345755843,0.05000006278579368,280.0,1.9130915180435384e+20,8.967644361928441e-22,540043.8629559325,0.3567928120282671,1,1,1,2.8376900706522964e+22,0.00014694174706395357,1.676442943032304e+21,4847781029748782.0
17817.81781781782,2341.1153420595483,0.05000006442545813,280.0,1.9035404070378868e+20,8.965177307487197e-22,539895.2935483154,0.3561569198330524,1,1,1,2.837685867951704e+22,0.0001469417688264666,1.672724192516249e+21,4846501445141723.0
17917.91791791792,2338.5373383632536,0.050000066107942776,280.0,1.894036979961928e+20,8.962708214689216e-22,539746.6013880555,0.35552204309441077,1,1,1,2.8376816736565176e+22,0.00014694179054548987,1.6690073220575354e+21,4845215779628464.0
18018.018018018018,2335.959334666959,0.050000067834365856,280.0,1.884580998753603e+20,8.960237079600462e-22,539597.7862382395,0.354888179211006,1,1,1,2.8376774877499265e+22,0.0001469418122211103,1.6652923455959125e+21,4843924006022351.0
18118.11811811812,2333.3813309706643,0.050000069605874845,280.0,1.875172226539378e+20,8.957763898274973e-22,539448.8478612363,0.3542553255792367,1,1,1,2.8376733102151536e+22,0.00014694183385341453,1.6615792770410883e+21,4842626097032419.0
18218.21821821822,2330.8033272743696,0.050000071423647166,280.0,1.865810427628311e+20,8.95528866675478e-22,539299.7860186915,0.35362347959318635,1,1,1,2.8376691410354552e+22,0.00014694185544248908,1.6578681302727323e+21,4841322025263173.0
18318.31831831832,2328.225323578075,0.050000073288891,280.0,1.8564953675061454e+20,8.95281138106988e-22,539150.6004715262,0.35299263864457336,1,1,1,2.8376649801941217e+22,0.00014694187698842019,1.654158919140478e+21,4840011763214370.0
18418.41841841842,2325.6473198817803,0.05000007520284607,280.0,1.8472268128294394e+20,8.950332037238166e-22,539001.2909799322,0.3523628001227013,1,1,1,2.8376608276744765e+22,0.00014694189849129408,1.6504516574639316e+21,4838695283280801.0
18518.51851851852,2323.0693161854856,0.05000007716678448,280.0,1.8380045314197176e+20,8.947850631265397e-22,538851.857303371,0.35173396141440805,1,1,1,2.8376566834598762e+22,0.0001469419199511967,1.6467463590326784e+21,4837372557752076.0
18618.61861861862,2320.491312489191,0.050000079182011554,280.0,1.8288282922576554e+20,8.94536715914513e-22,538702.299200569,0.35110611990401486,1,1,1,2.8376525475337113e+22,0.00014694194136821386,1.643043037606294e+21,4836043558812411.0
18718.71871871872,2317.9133087928963,0.05000008124986671,280.0,1.8196978654772927e+20,8.942881616858673e-22,538552.6164295153,0.35047927297327575,1,1,1,2.8376484198794048e+22,0.00014694196274243117,1.6393417069143578e+21,4834708258540417.0
18818.81881881882,2315.3353050966016,0.050000083371724346,280.0,1.810613022360276e+20,8.940394000375054e-22,538402.808747459,0.3498534180013258,1,1,1,2.8376443004804133e+22,0.0001469419840739341,1.6356423806564662e+21,4833366628908887.0
18918.91891891892,2312.757301400307,0.05000008554899474,280.0,1.8015735353301277e+20,8.937904305650937e-22,538252.8759109047,0.34922855236462974,1,1,1,2.8376401893202265e+22,0.000146942005362808,1.631945072502251e+21,4832018641784591.0
19019.01901901902,2310.1792977040122,0.05000008778312501,280.0,1.7925791779465465e+20,8.93541252863059e-22,538102.817675611,0.3486046734369301,1,1,1,2.837636086382367e+22,0.0001469420266091379,1.6282497960913975e+21,4830664268928068.0
19119.11911911912,2307.6012940077176,0.050000090075600065,280.0,1.783629724899733e+20,8.932918665245835e-22,537952.6337965864,0.34798177858919443,1,1,1,2.8376319916503902e+22,0.00014694204781300882,1.6245565650336662e+21,4829303481993424.0
19219.21921921922,2305.023290311423,0.05000009242794358,280.0,1.77472495200475e+20,8.930422711415986e-22,537802.3240280864,0.34735986518956385,1,1,1,2.837627905107885e+22,0.0001469420689745055,1.6208653929089157e+21,4827936252528127.0
19319.319319319322,2302.445286615128,0.05000009484171905,280.0,1.7658646361959e+20,8.927924663047798e-22,537651.8881236103,0.34673893060329924,1,1,1,2.8376238267384726e+22,0.00014694209009371258,1.6171762932671282e+21,4826562551972809.0
19419.41941941942,2299.8672829188336,0.05000009731853077,280.0,1.757048555521145e+20,8.925424516035426e-22,537501.3258358984,0.3461189721927288,1,1,1,2.837619756525807e+22,0.00014694211117071448,1.613489279628437e+21,4825182351661066.0
19519.51951951952,2297.289279222539,0.05000009986002495,280.0,1.7482764891365405e+20,8.922922266260352e-22,537350.6369169278,0.3454999873171944,1,1,1,2.8376156944535747e+22,0.00014694213220559551,1.6098043654831564e+21,4823795622819262.0
19619.61961961962,2294.711275526244,0.050000102467890786,280.0,1.7395482173007053e+20,8.920417909591353e-22,537199.8211179106,0.3448819733329981,1,1,1,2.837611640505495e+22,0.00014694215319843972,1.6061215642918126e+21,4822402336566336.0
19719.71971971972,2292.1332718299495,0.050000105143861585,280.0,1.7308635213693193e+20,8.91791144188443e-22,537048.8781892896,0.34426492759334826,1,1,1,2.8376075946653204e+22,0.0001469421741493311,1.6024408894851784e+21,4821002463913609.0
19819.819819819822,2289.555268133655,0.05000010788971592,280.0,1.722222183789642e+20,8.915402858982765e-22,536897.8078807355,0.343648847448305,1,1,1,2.8376035569168353e+22,0.00014694219505835345,1.5987623544643089e+21,4819595975764594.0
19919.91991991992,2286.97726443736,0.05000011070727882,280.0,1.7136239880950668e+20,8.912892156716662e-22,536746.6099411434,0.343033730244726,1,1,1,2.8375995272438563e+22,0.00014694221592559032,1.5950859726005792e+21,4818182842914809.0
20020.02002002002,2284.3992607410655,0.05000011359842296,280.0,1.7050687188996958e+20,8.910379330903493e-22,536595.2841186296,0.34241957332621153,1,1,1,2.837595505630233e+22,0.00014694223675112514,1.591411757235725e+21,4816763036051591.0
20120.120120120122,2281.821257044771,0.05000011656506994,280.0,1.696556161892946e+20,8.907864377347647e-22,536443.8301605289,0.3418063740330493,1,1,1,2.837591492059846e+22,0.00014694225753504123,1.5877397216818842e+21,4815336525753914.0
20220.22022022022,2279.243253348476,0.050000119609191526,280.0,1.68808610383418e+20,8.905347291840465e-22,536292.24781339,0.3411941297021592,1,1,1,2.8375874865166104e+22,0.00014694227827742167,1.5840698792216423e+21,4813903282492207.0
20320.320320320323,2276.6652496521815,0.05000012273281098,280.0,1.6796583325473643e+20,8.902828070160201e-22,536140.5368229734,0.3405828376670375,1,1,1,2.837583488984472e+22,0.0001469422989783494,1.5804022431080776e+21,4812463276628176.0
20420.42042042042,2274.087245955887,0.05000012593800441,280.0,1.6712726369157546e+20,8.90030670807195e-22,535988.6969342473,0.33997249525770096,1,1,1,2.837579499447408e+22,0.0001469423196379072,1.576736826564811e+21,4811016478414628.0
20520.52052052052,2271.509242259592,0.05000012922690214,280.0,1.662928806876607e+20,8.897783201327596e-22,535836.7278913845,0.3393630998006303,1,1,1,2.83757551788943e+22,0.0001469423402561777,1.5730736427860553e+21,4809562857995296.0
20620.620620620623,2268.9312385632975,0.05000013260169011,280.0,1.654626633415916e+20,8.895257545665775e-22,535684.6294377598,0.3387546486187138,1,1,1,2.837571544294579e+22,0.0001469423608332433,1.5694127049366692e+21,4808102385404671.0
20720.72072072072,2266.353234867003,0.05000013606461137,280.0,1.6463659085631786e+20,8.89272973681178e-22,535532.4013159443,0.3381471390311906,1,1,1,2.8375675786469294e+22,0.00014694238136918634,1.5657540261522118e+21,4806635030567831.0
20820.820820820823,2263.775231170708,0.050000139617967544,280.0,1.6381464253861855e+20,8.89019977047755e-22,535380.0432677051,0.3375405683535932,1,1,1,2.8375636209305876e+22,0.00014694240186408894,1.5620976195389985e+21,4805160763300275.0
20920.920920920922,2261.1972274744135,0.050000143264120354,280.0,1.6299679779858357e+20,8.88766764236156e-22,535227.5550339986,0.33693493389768986,1,1,1,2.837559671129691e+22,0.00014694242231803292,1.5584434981741614e+21,4803679553307760.0
21021.02102102102,2258.619223778119,0.0500001470054932,280.0,1.6218303614909796e+20,8.885133348148826e-22,535074.9363549704,0.33633023297142756,1,1,1,2.837555729228409e+22,0.00014694244273110027,1.5547916751057097e+21,4802191370186141.0
21121.121121121123,2256.041220081824,0.050000150844572766,280.0,1.6137333720532877e+20,8.882596883510785e-22,534922.1869699486,0.33572646287887303,1,1,1,2.8375517952109426e+22,0.00014694246310337247,1.5511421633525928e+21,4800696183421210.0
21221.22122122122,2253.4632163855294,0.0500001547839107,280.0,1.6056768068421432e+20,8.880058244105281e-22,534769.3066174426,0.33512362092015496,1,1,1,2.837547869061525e+22,0.000146942483434931,1.5474949759047662e+21,4799193962388545.0
21321.321321321324,2250.885212689235,0.050000158826125254,280.0,1.5976604640395608e+20,8.877517425576495e-22,534616.2950351388,0.3345217043914054,1,1,1,2.8375439507644203e+22,0.00014694250372585723,1.543850125723258e+21,4797684676353352.0
21421.421421421423,2248.30720899294,0.05000016297390307,280.0,1.5896841428351327e+20,8.874974423554869e-22,534463.1519598968,0.3339207105847002,1,1,1,2.8375400403039242e+22,0.00014694252397623228,1.540207625740239e+21,4796168294470321.0
21521.521521521525,2245.7292052966454,0.05000016723000097,280.0,1.581747643420996e+20,8.872429233657074e-22,534309.8771277461,0.33332063678800045,1,1,1,2.837536137664364e+22,0.00014694254418613707,1.5365674888590936e+21,4794644785783473.0
21621.621621621623,2243.1512016003508,0.05000017159724773,280.0,1.5738507669868295e+20,8.869881851485923e-22,534156.4702738822,0.33272148028509246,1,1,1,2.837532242830098e+22,0.0001469425643556525,1.5329297279544942e+21,4793114119226022.0
21721.721721721722,2240.573197904056,0.05000017607854605,280.0,1.5659933157148728e+20,8.867332272630344e-22,534002.9311326643,0.33212323835552826,1,1,1,2.8375283557855167e+22,0.00014694258448485914,1.5292943558724758e+21,4791576263620228.0
21821.821821821824,2237.9951942077614,0.05000018067687439,280.0,1.5581750927749703e+20,8.864780492665286e-22,533849.2594376098,0.3315259082745652,1,1,1,2.8375244765150405e+22,0.0001469426045738375,1.5256613854305143e+21,4790031187677263.0
21921.921921921923,2235.4171905114667,0.05000018539528902,280.0,1.5503959023196412e+20,8.862226507151687e-22,533695.4549213923,0.33092948731310556,1,1,1,2.837520605003122e+22,0.000146942624622668,1.5220308294176064e+21,4788478859997073.0
22022.022022022025,2232.839186815172,0.05000019023692601,280.0,1.5426555494791735e+20,8.859670311636379e-22,533541.5173158358,0.33033397273763604,1,1,1,2.837516741234244e+22,0.00014694264463143073,1.5184027005943512e+21,4786919249068249.0
22122.122122122124,2230.2611831188774,0.050000195205003345,280.0,1.5349538403567436e+20,8.857111901652077e-22,533387.4463519143,0.32973936181016633,1,1,1,2.837512885192922e+22,0.00014694266460020568,1.5147770116930344e+21,4785352323267895.0
22222.222222222223,2227.6831794225827,0.05000020030282304,280.0,1.5272905820235556e+20,8.854551272717272e-22,533233.2417597452,0.3291456517881684,1,1,1,2.8375090368637005e+22,0.0001469426845290728,1.5111537754177135e+21,4783778050861503.0
22322.322322322325,2225.105175726288,0.05000020553377332,280.0,1.5196655825140125e+20,8.851988420336188e-22,533078.9032685866,0.328552839924514,1,1,1,2.837505196231156e+22,0.0001469427044181117,1.5075330044443062e+21,4782196400002833.0
22422.422422422424,2222.5271720299934,0.05000021090133095,280.0,1.5120786508209052e+20,8.849423339998724e-22,532924.4306068341,0.3279609234674136,1,1,1,2.8375013632798955e+22,0.00014694272426740194,1.5039147114206813e+21,4780607338733789.0
22522.522522522526,2219.9491683336987,0.05000021640906343,280.0,1.5045295968906278e+20,8.846856027180378e-22,532769.8235020161,0.32736989966035385,1,1,1,2.8374975379945573e+22,0.00014694274407702295,1.5002989089667495e+21,4779010834984308.0
22622.622622622624,2217.371164637404,0.05000022206063146,280.0,1.4970182316184188e+20,8.8442864773422e-22,532615.0816807906,0.3267797657420351,1,1,1,2.83749372035981e+22,0.0001469427638470539,1.4966856096745581e+21,4777406856572243.0
22722.722722722723,2214.7931609411094,0.05000022785979134,280.0,1.4895443668436202e+20,8.841714685930725e-22,532460.2048689418,0.3261905189463084,1,1,1,2.8374899103603525e+22,0.00014694278357757382,1.4930748261083877e+21,4775795371203256.0
22822.822822822825,2212.2151572448147,0.05000023381039745,280.0,1.4821078153449675e+20,8.839140648377892e-22,532305.1927913746,0.3256021565021128,1,1,1,2.8374861079809154e+22,0.00014694280326866163,1.4894665708048493e+21,4774176346470713.0
22922.922922922924,2209.63715354852,0.050000239916404836,280.0,1.4747083908358984e+20,8.836564360101004e-22,532150.0451721129,0.3250146756334119,1,1,1,2.837482313206259e+22,0.0001469428229203961,1.485860856272986e+21,4772549749855580.0
23023.023023023026,2207.0591498522253,0.05000024618187184,280.0,1.4673459079598862e+20,8.83398581650265e-22,531994.7617342942,0.32442807355913006,1,1,1,2.8374785260211747e+22,0.00014694284253285582,1.4822576949943738e+21,4770915548726325.0
23123.123123123125,2204.4811461559307,0.050000252610962775,280.0,1.4600201822857975e+20,8.831405012970655e-22,531839.3422001671,0.32384234749308854,1,1,1,2.8374747464104833e+22,0.00014694286210611924,1.4786570994232273e+21,4769273710338822.0
23223.223223223224,2201.903142459636,0.05000025920795071,280.0,1.4527310303032702e+20,8.828821944877993e-22,531683.7862910856,0.32325749464394116,1,1,1,2.837470974359037e+22,0.00014694288164026454,1.475059081986505e+21,4767624201836261.0
23323.323323323326,2199.3251387633413,0.05000026597722031,280.0,1.4454782694181187e+20,8.826236607582738e-22,531528.0937275066,0.3226735122151101,1,1,1,2.837467209851718e+22,0.00014694290113536997,1.471463655084018e+21,4765966990249060.0
23423.423423423425,2196.7471350670467,0.05000027292327073,280.0,1.438261717947759e+20,8.823648996427989e-22,531372.2642289851,0.32209039740472073,1,1,1,2.8374634528734387e+22,0.0001469429205915134,1.467870831088542e+21,4764302042494780.0
23523.523523523527,2194.169131370752,0.050000280050718646,280.0,1.4310811951166575e+20,8.821059106741822e-22,531216.2975141715,0.32150814740553685,1,1,1,2.8374597034091416e+22,0.00014694294000877262,1.464280622345926e+21,4762629325378045.0
23623.623623623625,2191.5911276744573,0.05000028736430129,280.0,1.4239365210518028e+20,8.818466933837201e-22,531060.1933008059,0.3209267594048951,1,1,1,2.837455961443799e+22,0.00014694295938722537,1.460693041175211e+21,4760948805590467.0
23723.723723723724,2189.0131239781626,0.05000029486887959,280.0,1.4168275167781988e+20,8.815872473011924e-22,530903.9513057153,0.32034623058463957,1,1,1,2.8374522269624145e+22,0.0001469429787269491,1.4571080998687437e+21,4759260449710573.0
23823.823823823826,2186.435120281868,0.05000030256944144,280.0,1.4097540042143831e+20,8.813275719548549e-22,530747.5712448088,0.3197665581210554,1,1,1,2.8374484999500204e+22,0.00014694299802802112,1.4535258106922955e+21,4757564224203736.0
23923.923923923925,2183.8571165855733,0.05000031047110499,280.0,1.4027158061679649e+20,8.81067666871434e-22,530591.0528330748,0.31918773918480337,1,1,1,2.8374447803916796e+22,0.0001469430172905187,1.449946185885184e+21,4755860095422110.0
24024.024024024027,2181.2791128892786,0.05000031857912204,280.0,1.395712746331186e+20,8.808075315761183e-22,530434.3957845751,0.3186097709408526,1,1,1,2.8374410682724847e+22,0.0001469430365145188,1.4463692376603938e+21,4754148029604572.0
24124.124124124126,2178.701109192984,0.05000032689888154,280.0,1.3887446492765066e+20,8.805471655925529e-22,530277.5998124423,0.31803265054841445,1,1,1,2.837437363577558e+22,0.00014694305570009833,1.4427949782047027e+21,4752427992876665.0
24224.224224224225,2176.1231054966893,0.0500003354359132,280.0,1.3818113404522068e+20,8.802865684428318e-22,530120.6646288749,0.3174563751608752,1,1,1,2.837433666292052e+22,0.00014694307484733402,1.4392234196788068e+21,4750699951250544.0
24324.324324324327,2173.5451018003946,0.05000034419589112,280.0,1.3749126461780171e+20,8.800257396474913e-22,529963.5899451331,0.31688094192572897,1,1,1,2.8374299764011483e+22,0.00014694309395630245,1.4356545742174494e+21,4748963870624931.0
24424.424424424426,2170.9670981041,0.05000035318463756,280.0,1.3680483936407683e+20,8.797646787255036e-22,529806.3754715355,0.3163063479845097,1,1,1,2.837426293890059e+22,0.00014694311302708,1.432088453929552e+21,4747219716785071.0
24524.524524524528,2168.3890944078053,0.05000036240812687,280.0,1.3612184108900585e+20,8.795033851942697e-22,529649.0209174544,0.31573259047272406,1,1,1,2.8374226187440253e+22,0.000146943132059743,1.4285250708983455e+21,4745467455402691.0
24624.624624624626,2165.8110907115106,0.05000037187248939,280.0,1.3544225268339507e+20,8.792418585696104e-22,529491.5259913104,0.31515966651978283,1,1,1,2.8374189509483174e+22,0.0001469431510543675,1.4249644371815057e+21,4743707052035968.0
24724.724724724725,2163.233087015216,0.05000038158401557,280.0,1.347660571234683e+20,8.789800983657625e-22,529333.89040057,0.31458757324893255,1,1,1,2.837415290488236e+22,0.0001469431700110295,1.421406564811289e+21,4741938472129498.0
24824.824824824827,2160.6550833189212,0.050000391549160125,280.0,1.340932374704406e+20,8.787181040953693e-22,529176.1138517406,0.3140163077771876,1,1,1,2.8374116373491106e+22,0.0001469431889298048,1.4178514657946706e+21,4740161681014270.0
24924.924924924926,2158.0770796226266,0.05000040177454635,280.0,1.3342377687009406e+20,8.784558752694744e-22,529018.1960503658,0.31344586721526063,1,1,1,2.8374079915163e+22,0.00014694320781076913,1.414299152113486e+21,4738376643907646.0
25025.02502502503,2155.499075926332,0.050000412266970495,280.0,1.3275765855235521e+20,8.781934113975154e-22,528860.1367010222,0.31287624866749364,1,1,1,2.8374043529751933e+22,0.00014694322665399786,1.4107496357245716e+21,4736583325913343.0
25125.125125125127,2152.921072230037,0.0500004230334063,280.0,1.3209486583087548e+20,8.77930711987314e-22,528701.9355073132,0.31230744923178894,1,1,1,2.8374007217112073e+22,0.0001469432454595665,1.4072029285599098e+21,4734781692021423.0
25225.225225225226,2150.3430685337426,0.050000434081009626,280.0,1.3143538210261267e+20,8.776677765450715e-22,528543.5921718667,0.31173946599953906,1,1,1,2.837397097709789e+22,0.00014694326422755018,1.403659042526775e+21,4732971707108285.0
25325.325325325328,2147.765064837448,0.05000044541712321,280.0,1.3077919084741534e+20,8.7740460457536e-22,528385.106396329,0.31117229605555735,1,1,1,2.837393480956414e+22,0.00014694328295802395,1.4001179895078812e+21,4731153335936665.0
25425.425425425427,2145.187061141153,0.050000457049281535,280.0,1.3012627562760908e+20,8.771411955811164e-22,528226.4778813617,0.31060593647800794,1,1,1,2.837389871436588e+22,0.00014694330165106276,1.3965797813615332e+21,4729326543155636.0
25525.52552552553,2142.6090574448585,0.050000468985215867,280.0,1.2947662008758431e+20,8.768775490636327e-22,528067.7063266364,0.31004038433833503,1,1,1,2.8373862691358443e+22,0.0001469433203067413,1.393044429921777e+21,4727491293300619.0
25625.625625625627,2140.031053748564,0.05000048123285936,280.0,1.2883020795338714e+20,8.766136645225511e-22,527908.7914308304,0.3094756367011926,1,1,1,2.837382674039746e+22,0.0001469433389251343,1.3895119469985553e+21,4725647550793395.0
25725.725725725726,2137.453050052269,0.050000493800352354,280.0,1.2818702303231115e+20,8.763495414558554e-22,527749.7328916229,0.30891169062437374,1,1,1,2.837379086133885e+22,0.0001469433575063161,1.3859823443778617e+21,4723795279942122.0
25825.82582582583,2134.8750463559745,0.05000050669604776,280.0,1.2754704921249214e+20,8.76085179359863e-22,527590.5304056891,0.3083485431587391,1,1,1,2.837375505403882e+22,0.0001469433760503611,1.3824556338218994e+21,4721934444941358.0
25925.925925925927,2132.29704265968,0.050000519928516646,280.0,1.2691027046250448e+20,8.758205777292185e-22,527431.1836686973,0.30778619134814683,1,1,1,2.837371931835386e+22,0.00014694339455734341,1.378931827069241e+21,4720065009872092.0
26026.02602602603,2129.719038963385,0.050000533506553896,280.0,1.2627667083095926e+20,8.755557360568848e-22,527271.6923753025,0.30722463222937985,1,1,1,2.837368365414076e+22,0.0001469434130273371,1.3754109358349893e+21,4718186938701775.0
26126.126126126128,2127.1410352670905,0.05000054743918408,280.0,1.2564623444610508e+20,8.752906538341372e-22,527112.0562191439,0.3066638628320748,1,1,1,2.8373648061256587e+22,0.00014694343146041594,1.3718929718109416e+21,4716300195284361.0
26226.226226226227,2124.563031570796,0.05000056173566744,280.0,1.2501894551543012e+20,8.750253305505537e-22,526952.2748928383,0.30610388017865037,1,1,1,2.837361253955869e+22,0.00014694344985665376,1.368377946665754e+21,4714404743360351.0
26326.32632632633,2121.985027874501,0.05000057640550607,280.0,1.2439478832526675e+20,8.747597656940087e-22,526792.3480879766,0.30554468128423473,1,1,1,2.837357708890471e+22,0.0001469434682161241,1.3648658720451094e+21,4712500546556841.0
26426.426426426427,2119.4070241782065,0.05000059145845019,280.0,1.2377374724039793e+20,8.744939587506651e-22,526632.2754951192,0.30498626315659394,1,1,1,2.837354170915258e+22,0.00014694348653890036,1.3613567595718868e+21,4710587568387582.0
26526.52652652653,2116.829020481912,0.05000060690450465,280.0,1.2315580670366527e+20,8.74227909204966e-22,526472.0568037903,0.3044286227960585,1,1,1,2.83735064001605e+22,0.00014694350482505583,1.3578506208463311e+21,4708665772253038.0
26626.62662662663,2114.251016785617,0.05000062275393559,280.0,1.2254095123557964e+20,8.739616165396266e-22,526311.6917024743,0.30387175719545156,1,1,1,2.837347116178697e+22,0.0001469435230746637,1.3543474674462278e+21,4706735121440452.0
26726.726726726727,2111.6730130893225,0.05000063901727724,280.0,1.219291654339333e+20,8.736950802356276e-22,526151.1798786103,0.30331566334001614,1,1,1,2.8373435993890765e+22,0.00014694354128779686,1.350847310927076e+21,4704795579123922.0
26826.82682682683,2109.095009393028,0.050000655705338945,280.0,1.2132043397341387e+20,8.734282997722054e-22,525990.5210185875,0.3027603382073411,1,1,1,2.8373400896330946e+22,0.00014694355946452825,1.3473501628222658e+21,4702847108364477.0
26926.926926926928,2106.517005696733,0.05000067282921231,280.0,1.207147416052208e+20,8.731612746268462e-22,525829.714807741,0.30220577876728905,1,1,1,2.8373365868966856e+22,0.00014694357760493048,1.3438560346432573e+21,4700889672110163.0
27027.02702702703,2103.9390020004384,0.05000069040027863,280.0,1.2011207315668304e+20,8.728940042752757e-22,525668.7609303454,0.30165198198192233,1,1,1,2.8373330911658116e+22,0.00014694359570907616,1.3403649378797596e+21,4698923233196132.0
27127.12712712713,2101.360998304144,0.050000708430216395,280.0,1.1951241353087925e+20,8.726264881914537e-22,525507.6590696122,0.30109894480542976,1,1,1,2.8373296024264632e+22,0.00014694361377703768,1.3368768839999142e+21,4696947754344740.0
27227.227227227228,2098.782994607849,0.05000072693100911,280.0,1.1891574770625937e+20,8.723587258475626e-22,525346.4089076822,0.3005466641840527,1,1,1,2.837326120664659e+22,0.0001469436318088873,1.3333918844504782e+21,4694963198165648.0
27327.32732732733,2096.2049909115544,0.0500007459149532,280.0,1.1832206073626847e+20,8.720907167140022e-22,525185.0101256231,0.29999513705601144,1,1,1,2.8373226458664457e+22,0.0001469436498046971,1.3299099506570098e+21,4692969527155931.0
27427.42742742743,2093.6269872152598,0.050000765394666226,280.0,1.1773133774897237e+20,8.718224602593803e-22,525023.4624034232,0.2994443603514312,1,1,1,2.8373191780178976e+22,0.00014694366776453916,1.3264310940240577e+21,4690966703700195.0
27527.52752752753,2091.048983518965,0.050000785383095256,280.0,1.171435639466849e+20,8.715539559505045e-22,524861.7654199866,0.2988943309922677,1,1,1,2.837315717105117e+22,0.0001469436856884852,1.322955325935348e+21,4688954690070696.0
27627.62762762763,2088.4709798226704,0.05000080589352547,280.0,1.1655872460559753e+20,8.712852032523726e-22,524699.9188531276,0.29834504589223304,1,1,1,2.8373122631142344e+22,0.000146943703576607,1.319482657753978e+21,4686933448427470.0
27727.727727727728,2085.8929761263757,0.050000826939588995,280.0,1.1597680507541026e+20,8.710162016281675e-22,524537.9223795678,0.29779650195672175,1,1,1,2.8373088160314076e+22,0.000146943721428976,1.3160131008226074e+21,4684902940818465.0
27827.82782782783,2083.314972430081,0.05000084853527395,280.0,1.153977907789646e+20,8.707469505392453e-22,524375.7756749282,0.29724869608273524,1,1,1,2.837305375842822e+22,0.0001469437392456637,1.3125466664636538e+21,4682863129179684.0
27927.92792792793,2080.7369687337864,0.05000087069493377,280.0,1.1482166721187883e+20,8.704774494451284e-22,524213.4784137259,0.2967016251588082,1,1,1,2.8373019425346916e+22,0.0001469437570267413,1.3090833659794893e+21,4680813975335331.0
28028.02802802803,2078.1589650374917,0.05000089343329671,280.0,1.1424841994218406e+20,8.702076978034968e-22,524051.03026936826,0.2961552860649333,1,1,1,2.837298516093257e+22,0.0001469437747722799,1.305623210652639e+21,4678755440997966.0
28128.12812812813,2075.580961341197,0.050000916765475675,280.0,1.1367803460996325e+20,8.699376950701805e-22,523888.4309141487,0.29560967567248647,1,1,1,2.837295096504787e+22,0.00014694379248235051,1.3021662117459811e+21,4676687487768666.0
28228.22822822823,2073.0029576449024,0.05000094070697823,280.0,1.1311049692699114e+20,8.696674406991486e-22,523725.6800192399,0.2950647908441518,1,1,1,2.837291683755578e+22,0.00014694381015702398,1.2987123805029495e+21,4674610077137193.0
28328.32832832833,2070.4249539486077,0.05000096527371691,280.0,1.1254579267637643e+20,8.693969341425024e-22,523562.7772546897,0.29452062843384685,1,1,1,2.837288277831953e+22,0.00014694382779637097,1.2952617281477356e+21,4672523170482169.0
28428.42842842843,2067.846950252313,0.050000990482019836,280.0,1.1198390771220575e+20,8.691261748504667e-22,523399.72228941595,0.2939771852866471,1,1,1,2.837284878720263e+22,0.00014694384540046203,1.291814265885496e+21,4670426729071257.0
28528.52852852853,2065.2689465560184,0.050001016348641514,280.0,1.1142482795918916e+20,8.688551622713803e-22,523236.5147912007,0.2934344582387113,1,1,1,2.8372814864068865e+22,0.00014694386296936756,1.288370004902558e+21,4668320714061352.0
28628.62862862863,2062.6909428597237,0.050001042890774,280.0,1.1086853941230762e+20,8.68583895851687e-22,523073.1544266847,0.29289244411720594,1,1,1,2.837278100878229e+22,0.00014694388050315784,1.2849289563666302e+21,4666205086498774.0
28728.72872872873,2060.112939163429,0.05000107012605832,280.0,1.1031502813646219e+20,8.683123750359274e-22,522909.6408613628,0.29235113974022975,1,1,1,2.8372747221207236e+22,0.000146943898001903,1.281491131427011e+21,4664079807319476.0
28828.82882882883,2057.5349354671343,0.05000109807259619,280.0,1.0976428026612482e+20,8.6804059926673e-22,522745.9737595782,0.2918105419167388,1,1,1,2.8372713501208303e+22,0.00014694391546567301,1.2780565412148024e+21,4661944837349252.0
28928.92892892893,2054.9569317708397,0.05000112674896206,280.0,1.0921628200499126e+20,8.677685679848012e-22,522582.15278451657,0.2912706474464708,1,1,1,2.837267984865036e+22,0.00014694393289453776,1.274625196843124e+21,4659800137303955.0
29029.029029029032,2052.378928074545,0.050001156174215446,280.0,1.0867101962563525e+20,8.674962806289177e-22,522418.1775982016,0.2907314531198702,1,1,1,2.837264626339855e+22,0.0001469439502885669,1.2711971094073282e+21,4657645667789723.0
29129.12912912913,2049.8009243782503,0.050001186367913605,280.0,1.0812847946916472e+20,8.67223736635916e-22,522254.0478614884,0.290192955718012,1,1,1,2.837261274531829e+22,0.00014694396764783002,1.2677722899852178e+21,4655481389303216.0
29229.22922922923,2047.2229206819557,0.05000121735012453,280.0,1.0758864794487967e+20,8.669509354406847e-22,522089.7632340592,0.2896551520125272,1,1,1,2.8372579294275254e+22,0.00014694398497239655,1.264350749637265e+21,4653307262231853.0
29329.32932932933,2044.6449169856608,0.050001249141440274,280.0,1.0705151152993157e+20,8.666778764761532e-22,521925.3233744163,0.28911803876552655,1,1,1,2.8372545910135402e+22,0.00014694400226233578,1.2609324994068325e+21,4651123246854062.0
29429.42942942943,2042.066913289366,0.050001281762990665,280.0,1.0651705676898484e+20,8.664045591732854e-22,521760.72793987824,0.2885816127295261,1,1,1,2.8372512592764953e+22,0.00014694401951771688,1.2575175503203957e+21,4648929303339538.0
29529.529529529533,2039.4889095930712,0.050001315236457344,280.0,1.0598527027387964e+20,8.661309829610672e-22,521595.9765865726,0.2880458706473709,1,1,1,2.8372479342030392e+22,0.00014694403673860883,1.2541059133877663e+21,4646725391749506.0
29629.62962962963,2036.9109058967765,0.050001349584088146,280.0,1.0545613872329651e+20,8.658571472665e-22,521431.0689694316,0.28751080925216044,1,1,1,2.8372446157798476e+22,0.0001469440539250805,1.250697599602319e+21,4644511472036997.0
29729.72972972973,2034.3329022004818,0.050001384828711914,280.0,1.0492964886242273e+20,8.655830515145886e-22,521266.00474218547,0.28697642526717293,1,1,1,2.8372413039936232e+22,0.0001469440710772007,1.2472926199412173e+21,4642287504047125.0
29829.829829829832,2031.754898504187,0.05000142099375366,280.0,1.0440578750262015e+20,8.65308695128334e-22,521100.78355735727,0.28644271540579,1,1,1,2.837237998831095e+22,0.00014694408819503795,1.2438909853656442e+21,4640053447517380.0
29929.92992992993,2029.1768948078923,0.05000145810325014,280.0,1.0388454152109503e+20,8.650340775287224e-22,520935.40506625705,0.2859096763714223,1,1,1,2.8372347002790183e+22,0.00014694410527866074,1.2404927068210313e+21,4637809262077922.0
30030.030030030033,2026.5988911115974,0.050001496181865834,280.0,1.033658978605691e+20,8.647591981347162e-22,520769.8689189759,0.2853773048574332,1,1,1,2.8372314083241755e+22,0.00014694412232813737,1.2370977952372915e+21,4635554907251890.0
30130.130130130132,2024.0208874153027,0.05000153525490932,280.0,1.0284984352895261e+20,8.644840563632443e-22,520604.17476438044,0.2848455975470649,1,1,1,2.8372281229533753e+22,0.00014694413934353607,1.2337062615290526e+21,4633290342455714.0
30230.230230230234,2021.4428837190078,0.05000157534835011,280.0,1.0233636559901881e+20,8.642086516291924e-22,520438.32225010684,0.2843145511133633,1,1,1,2.837224844153453e+22,0.00014694415632492486,1.2303181165958925e+21,4631015526999439.0
30330.330330330333,2018.8648800227131,0.0500016164888359,280.0,1.0182545120808013e+20,8.639329833453931e-22,520272.3110225548,0.28378416221910263,1,1,1,2.8372215719112703e+22,0.0001469441732723717,1.226933371322576e+21,4628730420087058.0
30430.43043043043,2016.2868763264185,0.05000165870371031,280.0,1.01317087557666e+20,8.636570509226155e-22,520106.14072688133,0.2832544275167118,1,1,1,2.8372183062137146e+22,0.00014694419018594434,1.223552036579293e+21,4626434980816849.0
30530.530530530534,2013.7088726301236,0.05000170202103099,280.0,1.008112619132022e+20,8.633808537695566e-22,519939.8110069957,0.28272534364819923,1,1,1,2.8372150470477007e+22,0.00014694420706571042,1.2201741232218988e+21,4624129168181728.0
30630.630630630632,2011.1308689338289,0.050001746469588354,280.0,1.0030796160369192e+20,8.631043912928304e-22,519773.3215055527,0.2821969072450789,1,1,1,2.8372117944001687e+22,0.00014694422391173744,1.2167996420921552e+21,4621812941069605.0
30730.730730730735,2008.552865237534,0.050001792078924655,280.0,9.980717402139828e+19,8.628276628969588e-22,519606.6718639471,0.2816691149282959,1,1,1,2.8372085482580852e+22,0.00014694424072409282,1.2134286040179731e+21,4619486258263752.0
30830.830830830833,2005.9748615412393,0.05000183887935362,280.0,9.930888662152856e+19,8.625506679843596e-22,519439.861722307,0.28114196330815266,1,1,1,2.8372053086084434e+22,0.00014694425750284374,1.2100610198136574e+21,4617149078443178.0
30930.930930930932,2003.3968578449446,0.05000188690198064,280.0,9.881308692191989e+19,8.622734059553378e-22,519272.8907194875,0.28061544898423557,1,1,1,2.837202075438262e+22,0.00014694427424805735,1.2066969002801528e+21,4614801360183018.0
31031.031031031034,2000.8188541486497,0.05000193617872339,280.0,9.831976250272665e+19,8.619958762080763e-22,519105.7584930663,0.28008956854534056,1,1,1,2.8371988487345866e+22,0.0001469442909598006,1.2033362562052902e+21,4612443061954924.0
31131.131131131133,1998.240850452355,0.05000198674233309,280.0,9.782890100610928e+19,8.617180781386235e-22,518938.4646793353,0.27956431856940067,1,1,1,2.8371956284844874e+22,0.00014694430763814034,1.1999790983640373e+21,4610074142127473.0
31231.231231231235,1995.6628467560602,0.05000203862641624,280.0,9.734049013592475e+19,8.614400111408847e-22,518771.0089132961,0.27903969562341263,1,1,1,2.837192414675062e+22,0.00014694432428314326,1.1966254375187466e+21,4607694558966578.0
31331.331331331334,1993.0848430597655,0.05000209186545695,280.0,9.68545176574186e+19,8.611616746066107e-22,518603.39082865254,0.27851569626336403,1,1,1,2.837189207293433e+22,0.00014694434089487592,1.1932752844194093e+21,4605304270635913.0
31431.431431431432,1990.5068393634708,0.0500021464948399,280.0,9.637097139691828e+19,8.608830679253876e-22,518435.610057805,0.27799231703416083,1,1,1,2.8371860063267494e+22,0.00014694435747340478,1.1899286498039064e+21,4602903235197347.0
31531.531531531535,1987.928835667176,0.05000220255087382,280.0,9.588983924152836e+19,8.606041904846259e-22,518267.6662318438,0.27746955446955535,1,1,1,2.8371828117621854e+22,0.00014694437401879614,1.186585544398264e+21,4600491410611385.0
31631.631631631633,1985.3508319708812,0.05000226007081562,280.0,9.54111091388271e+19,8.603250416695517e-22,518099.5589805435,0.2769474050920741,1,1,1,2.8371796235869414e+22,0.00014694439053111613,1.1832459789169095e+21,4598068754737623.0
31731.731731731736,1982.7728282745863,0.05000231909289517,280.0,9.49347690965644e+19,8.600456208631936e-22,517931.28793235554,0.2764258654129463,1,1,1,2.8371764417882432e+22,0.00014694440701043082,1.1799099640629277e+21,4595635225335210.0
31831.831831831834,1980.1948245782917,0.050002379656340704,280.0,9.446080718236153e+19,8.597659274463734e-22,517762.8527144022,0.27590493193203275,1,1,1,2.8371732663533427e+22,0.00014694442345680614,1.1765775105283207e+21,4593190780063321.0
31931.931931931933,1977.616820881997,0.05000244180140488,280.0,9.398921152341216e+19,8.594859607976949e-22,517594.2529524702,0.27538460113775504,1,1,1,2.8371700972695174e+22,0.00014694443987030783,1.1732486289942662e+21,4590735376481643.0
32032.032032032035,1975.038817185702,0.05000250556939156,280.0,9.351997030618497e+19,8.592057202935342e-22,517425.48827100475,0.27486486950702466,1,1,1,2.83716693452407e+22,0.0001469444562510015,1.1699233301313799e+21,4588268972050864.0
32132.132132132134,1972.4608134894074,0.050002571002683203,280.0,9.305307177612768e+19,8.589252053080258e-22,517256.5582931009,0.27434573350517344,1,1,1,2.8371637781043287e+22,0.0001469444725989527,1.1666016245999774e+21,4585791524133182.0
32232.232232232236,1969.8828097931125,0.0500026381447691,280.0,9.258850423737262e+19,8.586444152130554e-22,517087.46264049975,0.2738271895858837,1,1,1,2.8371606279976473e+22,0.00014694448891422685,1.1632835230503379e+21,4583302989992817.0
32332.332332332335,1967.3048060968179,0.050002707040274236,280.0,9.212625605244377e+19,8.583633493782462e-22,516918.2009335796,0.2733092341911189,1,1,1,2.837157484191405e+22,0.0001469445051968891,1.1599690361229695e+21,4580803326796538.0
32432.432432432433,1964.7268024005232,0.05000277773498896,280.0,9.166631564196523e+19,8.580820071709487e-22,516748.77279135026,0.2727918637510552,1,1,1,2.837154346673007e+22,0.00014694452144700464,1.1566581744488752e+21,4578292491614196.0
32532.532532532536,1962.1487987042283,0.05000285027589941,280.0,9.12086714843711e+19,8.578003879562293e-22,516579.177831446,0.2722750746840127,1,1,1,2.837151215429883e+22,0.00014694453766463843,1.1533509486498204e+21,4575770441419274.0
32632.632632632634,1959.5707950079336,0.05000292471121876,280.0,9.075331211561696e+19,8.575184910968602e-22,516409.4156701195,0.27175886339638855,1,1,1,2.8371480904494874e+22,0.0001469445538498553,1.1500473693386017e+21,4573237133089446.0
32732.732732732737,1956.9927913116387,0.050003001090419226,280.0,9.030022612889258e+19,8.57236315953305e-22,516239.48592223314,0.2712432262825885,1,1,1,2.8371449717193016e+22,0.00014694457000272003,1.1467474471193168e+21,4570692523407142.0
32832.832832832835,1954.414787615344,0.05000307946426499,280.0,8.984940217433629e+19,8.569538618837108e-22,516069.3882012543,0.2707281597249616,1,1,1,2.8371418592268306e+22,0.00014694458612329718,1.1434511925876353e+21,4568136569060132.0
32932.932932932934,1951.8367839190494,0.050003159884845896,280.0,8.940082895875059e+19,8.566711282438956e-22,515899.12211924774,0.2702136600937329,1,1,1,2.8371387529596055e+22,0.00014694460221165121,1.140158616331071e+21,4565569226642114.0
33033.03303303303,1949.2587802227547,0.05000324240561209,280.0,8.895449524531929e+19,8.563881143873355e-22,515728.6872868678,0.2696997237469385,1,1,1,2.8371356529051824e+22,0.00014694461826784643,1.1368697289292554e+21,4562990452653321.0
33133.13313313314,1946.6807765264598,0.05000332708140954,280.0,8.851038985332598e+19,8.561048196651542e-22,515558.0833133524,0.2691863470303606,1,1,1,2.837132559051142e+22,0.00014694463429194713,1.1335845409542115e+21,4560400203501132.0
33233.23323323324,1944.1027728301651,0.05000341396851649,280.0,8.806850165787409e+19,8.558212434261115e-22,515387.30980651564,0.26867352627746305,1,1,1,2.8371294713850897e+22,0.00014694465028401734,1.1303030629706309e+21,4557798435500701.0
33333.333333333336,1941.5247691338704,0.05000350312468086,280.0,8.762881958960798e+19,8.555373850165905e-22,515216.3663727405,0.2681612578093279,1,1,1,2.8371263898946565e+22,0.00014694466624412097,1.1270253055361483e+21,4555185104875591.0
33433.433433433434,1938.9467654375758,0.0500035946091586,280.0,8.719133263443581e+19,8.552532437805872e-22,515045.2526169723,0.2676495379345924,1,1,1,2.8371233145674984e+22,0.00014694468217232192,1.1237512792016205e+21,4552560167758427.0
33533.53353353353,1936.368761741281,0.05000368848275311,280.0,8.675602983325365e+19,8.54968819059697e-22,514873.96814271086,0.26713836294938653,1,1,1,2.837120245391296e+22,0.00014694469806868384,1.1204809945114047e+21,4549923580191557.0
33633.63363363364,1933.7907580449862,0.050003784807855625,280.0,8.632290028167086e+19,8.546841101931043e-22,514702.5125520038,0.26662772913727195,1,1,1,2.8371171823537543e+22,0.00014694471393327028,1.1172144620036379e+21,4547275298127723.0
33733.73373373374,1931.2127543486915,0.05000388364848669,280.0,8.589193312973701e+19,8.54399116517569e-22,514530.88544543885,0.2661176327691812,1,1,1,2.8371141254426036e+22,0.0001469447297661447,1.1139516922105189e+21,4544615277430752.0
33833.833833833836,1928.6347506523969,0.05000398507033868,280.0,8.546311758167004e+19,8.541138373674157e-22,514359.08642213716,0.2656080701033574,1,1,1,2.837111074645599e+22,0.0001469447455673704,1.1106926956585878e+21,4541943473876249.0
33933.933933933935,1926.0567469561022,0.0500040891408195,280.0,8.503644289558584e+19,8.5382827207452e-22,514187.1150797451,0.2650990373852952,1,1,1,2.8371080299505196e+22,0.00014694476133701061,1.10743748286901e+21,4539259843152310.0
34034.03403403403,1923.4787432598075,0.05000419592909737,280.0,8.461189838322917e+19,8.535424199682978e-22,514014.9710144278,0.2645905308476831,1,1,1,2.83710499134517e+22,0.0001469447770751283,1.1041860643578591e+21,4536564340860245.0
34134.13413413414,1920.9007395635126,0.05000430550614675,280.0,8.418947340970589e+19,8.53256280375691e-22,513842.6538208601,0.2640825467103449,1,1,1,2.837101958817379e+22,0.00014694479278178643,1.1009384506364018e+21,4533856922515314.0
34234.23423423424,1918.322735867218,0.05000441794479556,280.0,8.376915739321663e+19,8.52969852621158e-22,513670.16309222183,0.2635750811801845,1,1,1,2.8370989323549996e+22,0.00014694480845704782,1.0976946522113828e+21,4531137543547475.0
34334.33433433434,1915.7447321709233,0.05000453331977356,280.0,8.335093980479164e+19,8.526831360266573e-22,513497.49842018704,0.2630681304511292,1,1,1,2.83709591194591e+22,0.00014694482410097516,1.0944546795853105e+21,4528406159302146.0
34434.434434434435,1913.1667284746286,0.05000465170776202,280.0,8.2934810168027e+19,8.523961299116385e-22,513324.6593949188,0.2625616907040755,1,1,1,2.837092897578012e+22,0.00014694483971363097,1.0912185432567442e+21,4525662725040978.0
34534.534534534534,1910.588724778334,0.05000477318744465,280.0,8.252075805882235e+19,8.521088335930276e-22,513151.6456050608,0.26205575810683557,1,1,1,2.8370898892392327e+22,0.00014694485529507766,1.087986253720582e+21,4522907195942646.0
34634.63463463464,1908.010721082039,0.050004897839559935,280.0,8.210877310511958e+19,8.518212463852136e-22,512978.4566377285,0.26155032881408424,1,1,1,2.8370868869175227e+22,0.00014694487084537753,1.0847578214683483e+21,4520139527103646.0
34734.73473473474,1905.4327173857444,0.050005025746954763,280.0,8.169884498664312e+19,8.515333676000384e-22,512805.0920785036,0.26104539896730805,1,1,1,2.8370838906008578e+22,0.0001469448863645928,1.0815332569884846e+21,4517359673539111.0
34834.83483483484,1902.8547136894497,0.050005156994639484,280.0,8.129096343464139e+19,8.512451965467812e-22,512631.5515114247,0.2605409646947539,1,1,1,2.837080900277237e+22,0.00014694490185278547,1.0783125707666375e+21,4514567590183639.0
34934.934934934936,1900.276709993155,0.050005291669844396,280.0,8.088511823162956e+19,8.50956732532147e-22,512457.83451898,0.2600370221113799,1,1,1,2.8370779159346847e+22,0.0001469449173100175,1.0750957732859504e+21,4511763231892134.0
35035.035035035035,1897.6987062968603,0.05000542986207774,280.0,8.048129921113355e+19,8.506679748602522e-22,512283.94068209874,0.2595335673188077,1,1,1,2.837074937561249e+22,0.00014694493273635065,1.0718828750273542e+21,4508946553440660.0
35135.13513513514,1895.1207026005654,0.05000557166318517,280.0,8.007949625743548e+19,8.503789228326128e-22,512109.8695801443,0.25903059640527465,1,1,1,2.8370719651450015e+22,0.00014694494813184662,1.0686738864698588e+21,4506117509527312.0
35235.23523523524,1892.5426989042708,0.05000571716741078,280.0,7.96796993053202e+19,8.500895757481302e-22,511935.6207909055,0.25852810544558813,1,1,1,2.837068998674039e+22,0.0001469449634965669,1.065468818090847e+21,4503276054773098.0
35335.33533533534,1889.964695207976,0.050005866471459735,280.0,7.928189833982309e+19,8.497999329030781e-22,511761.1938905887,0.258026090501081,1,1,1,2.8370660381364817e+22,0.00014694497883057297,1.0622676803663651e+21,4500422143722835.0
35435.43543543544,1887.3866915116814,0.05000601967456255,280.0,7.888608339597931e+19,8.495099935910888e-22,511586.5884538095,0.2575245476195683,1,1,1,2.8370630835204742e+22,0.00014694499413392615,1.0590704837714182e+21,4497555730846061.5
35535.535535535535,1884.8086878153867,0.05000617687854102,280.0,7.849224455857408e+19,8.492197571031414e-22,511411.80405358586,0.2570234728353048,1,1,1,2.8370601348141844e+22,0.00014694500940668758,1.0558772387802633e+21,4494676770537963.5
35635.63563563564,1882.2306841190918,0.050006338187875886,280.0,7.810037196189434e+19,8.48929222727545e-22,511236.8402613276,0.25652286216894493,1,1,1,2.837057192005805e+22,0.0001469450246489183,1.0526879558667036e+21,4491785217120313.0
35735.73573573574,1879.6526804227972,0.05000650370977627,280.0,7.771045578948164e+19,8.486383897499272e-22,511061.69664683007,0.256022711627503,1,1,1,2.8370542550835523e+22,0.0001469450398606793,1.0495026455043848e+21,4488881024842425.0
35835.83583583584,1877.0746767265025,0.05000667355425092,280.0,7.73224862738862e+19,8.483472574532199e-22,510886.37277826486,0.2555230172043153,1,1,1,2.837051324035666e+22,0.00014694505504203126,1.0463213181670881e+21,4485964147882125.0
35935.93593593594,1874.4966730302078,0.05000684783418131,280.0,7.693645369642222e+19,8.480558251176458e-22,510710.8682221722,0.2550237748790038,1,1,1,2.8370483988504104e+22,0.000146945070193035,1.0431439843290274e+21,4483034540346734.0
36036.036036036036,1871.9186693339132,0.050007026665396644,280.0,7.655234838692443e+19,8.477640920207028e-22,510535.18254345143,0.2545249806174414,1,1,1,2.8370454795160727e+22,0.00014694508531375104,1.0399706544651448e+21,4480092156274069.0
36136.13613613614,1869.3406656376183,0.050007210166750846,280.0,7.61701607235059e+19,8.474720574371526e-22,510359.3153053541,0.25402663037171813,1,1,1,2.8370425660209646e+22,0.0001469451004042398,1.0368013390514065e+21,4477136949633456.0
36236.23623623624,1866.7626619413236,0.05000739846020154,280.0,7.578988113231702e+19,8.471797206390035e-22,510183.26606947347,0.2535287200801098,1,1,1,2.837039658353421e+22,0.0001469451154645616,1.0336360485651005e+21,4474168874326761.0
36336.33633633634,1864.184658245029,0.050007591670891055,280.0,7.541150008730557e+19,8.468870808954987e-22,510007.034395738,0.2530312456670474,1,1,1,2.8370367565018008e+22,0.00014694513049477663,1.0304747934851314e+21,4471187884189434.5
36436.43643643644,1861.6066545487342,0.05000778992722964,280.0,7.503500810997812e+19,8.465941374731002e-22,509830.6198424008,0.2525342030430888,1,1,1,2.8370338604544864e+22,0.00014694514549494497,1.0273175842923191e+21,4468193932991572.0
36536.536536536536,1859.0286508524396,0.05000799336098075,280.0,7.466039576916274e+19,8.463008896354749e-22,509654.0219660321,0.2520375881048918,1,1,1,2.8370309701998834e+22,0.00014694516046512656,1.0241644314696947e+21,4465186974438991.5
36636.63663663664,1856.4506471561447,0.05000820210734864,280.0,7.428765368077251e+19,8.46007336643481e-22,509477.2403215105,0.25154139673518927,1,1,1,2.8370280857264217e+22,0.00014694517540538127,1.0210153455027982e+21,4462166962174325.0
36736.73673673674,1853.87264345985,0.05000841630506816,280.0,7.391677250757068e+19,8.457134777551522e-22,509300.2744620137,0.25104562480276577,1,1,1,2.837025207022554e+22,0.00014694519031576876,1.0178703368799761e+21,4459133849778127.0
36836.83683683684,1851.2946397635553,0.05000863609649699,280.0,7.3547742958936605e+19,8.454193122256828e-22,509123.1239390095,0.25055026816243575,1,1,1,2.8370223340767567e+22,0.00014694520519634868,1.0147294160926776e+21,4456087590769997.5
36936.93693693694,1848.7166360672607,0.05000886162771022,280.0,7.318055579063307e+19,8.451248393074144e-22,508945.7883022477,0.2500553226550246,1,1,1,2.8370194668775298e+22,0.0001469452200471804,1.0115925936357527e+21,4453028138609724.5
37037.03703703704,1846.138632370966,0.0500090930485974,280.0,7.281520180457473e+19,8.448300582498191e-22,508768.26709975017,0.24956078410735072,1,1,1,2.8370166054133965e+22,0.00014694523486832333,1.0084598800077493e+21,4449955446698439.0
37137.13713713714,1843.560628674671,0.05000933051296217,280.0,7.245167184859768e+19,8.445349682994853e-22,508590.559877802,0.24906664833220937,1,1,1,2.8370137496729036e+22,0.00014694524965983666,1.00533128571121e+21,4446869468379789.0
37237.23723723724,1840.9826249783764,0.050009574178624415,280.0,7.208995681623023e+19,8.442395687001037e-22,508412.6661809434,0.24857291112835994,1,1,1,2.8370108996446207e+22,0.0001469452644217795,1.0022068212529698e+21,4443770156941130.0
37337.33733733734,1838.4046212820817,0.05000982420752519,280.0,7.173004764646475e+19,8.439438586924493e-22,508234.5855519586,0.24807956828051353,1,1,1,2.837008055317141e+22,0.00014694527915421092,9.99086497144452e+20,4440657465614729.5
37437.43743743744,1835.826617585787,0.05001008076583429,280.0,7.137193532353068e+19,8.436478375143692e-22,508056.3175318687,0.247586615559324,1,1,1,2.837005216679081e+22,0.00014694529385718964,9.959703239019657e+20,4437531347578992.5
37537.53753753754,1833.2486138894924,0.05001034402406064,280.0,7.101561087666869e+19,8.433515044007646e-22,507877.86165992066,0.24709404872138038,1,1,1,2.8370023837190802e+22,0.00014694530853077452,9.928583120470012e+20,4434391755959701.0
37637.63763763764,1830.6706101931975,0.050010614157165664,280.0,7.0661065379906e+19,8.430548585835773e-22,507699.2174735793,0.2466018635092017,1,1,1,2.8369995564258016e+22,0.00014694532317502415,9.897504721065268e+20,4431238643831272.0
37737.73773773774,1828.0926064969028,0.05001089134467947,280.0,7.030828995183276e+19,8.42757899291772e-22,507520.3845085165,0.24611005565123442,1,1,1,2.8369967347879308e+22,0.00014694533778999703,9.866468146132846e+20,4428071964218033.0
37837.83783783784,1825.5146028006081,0.05001117577082016,280.0,6.995727575537956e+19,8.424606257513234e-22,507341.36229860375,0.2456186208618518,1,1,1,2.836993918794177e+22,0.00014694535237575154,9.83547350106085e+20,4424891670095513.0
37937.93793793794,1822.9365991043135,0.05001146762461628,280.0,6.960801399759607e+19,8.421630371851966e-22,507162.1503758998,0.24512755484135543,1,1,1,2.8369911084332723e+22,0.00014694536693234597,9.804520891301019e+20,4421697714391753.5
38038.03803803804,1820.3585954080188,0.050011767100032335,280.0,6.926049592943073e+19,8.418651328133346e-22,506982.74827064364,0.24463685327597992,1,1,1,2.8369883036939717e+22,0.00014694538145983843,9.773610422371674e+20,4418490049988636.0
38138.13813813814,1817.780591711724,0.050012074396097735,280.0,6.891471284551167e+19,8.415669118526404e-22,506803.15551124356,0.24414651183789932,1,1,1,2.836985504565053e+22,0.000146945395958287,9.742742199860649e+20,4415268629723227.0
38238.23823823824,1815.2025880154292,0.050012389717039,280.0,6.8570656083928605e+19,8.412683735169606e-22,506623.37162426714,0.24365652618523667,1,1,1,2.8369827110353176e+22,0.00014694541042774956,9.711916329428234e+20,4412033406389143.5
38338.33833833834,1812.6245843191346,0.05001271327241548,280.0,6.822831702601583e+19,8.409695170170707e-22,506443.39613443264,0.24316689196207544,1,1,1,2.8369799230935896e+22,0.00014694542486828392,9.681132916810085e+20,4408784332737932.5
38438.43843843844,1810.0465806228399,0.050013045277258555,280.0,6.788768709613633e+19,8.406703415606574e-22,506263.2285645979,0.24267760479847414,1,1,1,2.8369771407287156e+22,0.00014694543927994773,9.650392067820154e+20,4405521361480471.5
38538.53853853854,1807.4685769265452,0.050013385952214544,280.0,6.754875776146695e+19,8.403708463523023e-22,506082.8684357512,0.24218866031048375,1,1,1,2.836974363929565e+22,0.00014694545366279857,9.619693888353598e+20,4402244445288387.5
38638.638638638644,1804.8905732302503,0.050013735523691275,280.0,6.721152053178467e+19,8.400710305934651e-22,505902.3152670006,0.2417000541001672,1,1,1,2.836971592685031e+22,0.00014694546801689387,9.589038484389677e+20,4398953536795494.0
38738.73873873874,1802.3125695339556,0.050014094224008536,280.0,6.687596695925396e+19,8.397708934824685e-22,505721.5685755649,0.2412117817556225,1,1,1,2.836968826984028e+22,0.00014694548234229097,9.55842596199466e+20,4395648588599247.0
38838.83883883884,1799.734565837661,0.0500144622915524,280.0,6.654208863821507e+19,8.394704342144781e-22,505540.62787676184,0.24072383885100795,1,1,1,2.836966066815495e+22,0.00014694549663904705,9.527856427324694e+20,4392329553262218.5
38938.93893893894,1797.1565621413663,0.05001483997093363,280.0,6.6209877204973535e+19,8.39169651981489e-22,505359.4926839998,0.24023622094657107,1,1,1,2.836963312168392e+22,0.00014694551090721925,9.497329986628691e+20,4388996383313591.0
39039.03903903904,1794.5785584450716,0.05001522751315018,280.0,6.587932433759061e+19,8.388685459723066e-22,505178.16250876617,0.23974892358867958,1,1,1,2.836960563031703e+22,0.00014694552514686444,9.46684674625119e+20,4385649031250670.0
39139.139139139144,1792.0005547487767,0.050015625175753954,280.0,6.555042175567484e+19,8.385671153725294e-22,504996.6368606173,0.23926194230985642,1,1,1,2.8369578193944343e+22,0.00014694553935803956,9.436406812635211e+20,4382287449540416.5
39239.23923923924,1789.422551052482,0.05001603322302193,280.0,6.522316122017469e+19,8.382653593645337e-22,504814.9152471688,0.2387752726288174,1,1,1,2.836955081245614e+22,0.00014694555354080133,9.406010292325101e+20,4378911590620998.0
39339.33933933934,1786.8445473561874,0.05001645192613171,280.0,6.489753453317203e+19,8.379632771274527e-22,504632.99717408355,0.2382889100505116,1,1,1,2.8369523485742943e+22,0.00014694556769520635,9.375657291969361e+20,4375521406903360.0
39439.43943943944,1784.2665436598927,0.050016881563341706,280.0,6.4573533537676894e+19,8.3766086783716255e-22,504450.8821450628,0.2378028500661661,1,1,1,2.8369496213695486e+22,0.00014694558182131112,9.345347918323467e+20,4372116850772816.5
39539.53953953954,1781.688539963598,0.05001732242017597,280.0,6.425115011742305e+19,8.373581306662625e-22,504268.5696618344,0.23731708815333258,1,1,1,2.8369468996204737e+22,0.00014694559591917208,9.315082278252671e+20,4368697874590661.0
39639.639639639645,1779.1105362673031,0.05001777478961391,280.0,6.393037619666473e+19,8.370550647840573e-22,504086.05922414234,0.23683161977593903,1,1,1,2.8369441833161884e+22,0.00014694560998884543,9.284860478734797e+20,4365264430695797.0
39739.73973973974,1776.5325325710085,0.050018238972284905,280.0,6.361120373997438e+19,8.3675166935654055e-22,503903.3503297365,0.236346440384343,1,1,1,2.8369414724458346e+22,0.00014694562403038734,9.254682626863023e+20,4361816471406390.0
39839.83983983984,1773.9545288747138,0.05001871527666802,280.0,6.32936247520413e+19,8.364479435463752e-22,503720.44247436087,0.23586154541539012,1,1,1,2.836938766998576e+22,0.0001469456380438539,9.224548829848627e+20,4358353949021538.0
39939.93993993994,1771.3765251784191,0.05001920401929695,280.0,6.297763127747141e+19,8.361438865128764e-22,503537.33515174367,0.23537693029247475,1,1,1,2.8369360669635997e+22,0.000146945652029301,9.194459195023744e+20,4354876815822962.5
40040.04004004004,1768.7985214821244,0.050019705524970266,280.0,6.266321540058785e+19,8.358394974119923e-22,503354.02785358514,0.23489259042560512,1,1,1,2.836933372330114e+22,0.00014694566598678443,9.164413829844097e+20,4351385024076722.5
40140.140140140145,1766.2205177858295,0.050020220126967226,280.0,6.235036924523292e+19,8.355347753962863e-22,503170.52006954746,0.2344085212114722,1,1,1,2.83693068308735e+22,0.00014694567991635986,9.134412841891699e+20,4347878526034946.5
40240.240240240244,1763.6425140895349,0.0500207481672691,280.0,6.203908497457053e+19,8.352297196149191e-22,502986.8112872434,0.23392471803352163,1,1,1,2.8369279992245617e+22,0.00014694569381808298,9.104456338877562e+20,4344357273937588.5
40340.34034034034,1761.0645103932402,0.05002128999678639,280.0,6.172935479089007e+19,8.349243292136286e-22,502802.90099222463,0.2334411762620304,1,1,1,2.836925320731025e+22,0.0001469457076920091,9.07454442864436e+20,4340821220014200.5
40440.44044044044,1758.4865066969455,0.05002184597559195,280.0,6.142117093541096e+19,8.346186033347113e-22,502618.7886679702,0.23295789125418667,1,1,1,2.8369226475960376e+22,0.00014694572153819366,9.044677219169092e+20,4337270316485731.0
40540.54054054054,1755.9085030006509,0.05002241647316009,280.0,6.111452568808837e+19,8.343125411170052e-22,502434.4737958768,0.2324748583541742,1,1,1,2.8369199798089205e+22,0.0001469457353566919,9.014854818565715e+20,4333704515566342.0
40640.640640640646,1753.330499304356,0.05002300186861206,280.0,6.080941136741979e+19,8.340061416958687e-22,502249.9558552451,0.23199207289326043,1,1,1,2.8369173173590167e+22,0.00014694574914755887,8.985077335087765e+20,4330123769465248.5
40740.740740740745,1750.7524956080613,0.05002360255096787,280.0,6.0505820330252616e+19,8.336994042031616e-22,502065.23432326934,0.23150953018988915,1,1,1,2.836914660235691e+22,0.00014694576291084964,8.955344877130952e+20,4326528030388580.0
40840.84084084084,1748.1744919117666,0.050024218919404666,280.0,6.02037449715927e+19,8.333923277672279e-22,501880.3086750261,0.23102722554977675,1,1,1,2.8369120084283307e+22,0.00014694577664661906,8.925657553235727e+20,4322917250541263.0
40940.94094094094,1745.596488215472,0.05002485138352188,280.0,5.990317772441382e+19,8.330849115128725e-22,501695.17838346114,0.2305451542660133,1,1,1,2.8369093619263455e+22,0.00014694579035492186,8.896015472089833e+20,4319291382128925.0
41041.04104104104,1743.0184845191773,0.05002550036361331,280.0,5.960411105946814e+19,8.327771545613462e-22,501509.8429193794,0.2300633116191678,1,1,1,2.8369067207191666e+22,0.0001469458040358128,8.866418742530838e+20,4315650377359823.5
41141.14114114115,1740.4404808228824,0.05002616629094622,280.0,5.93065374850976e+19,8.324690560303215e-22,501324.3017514312,0.22958169287739794,1,1,1,2.8369040847962483e+22,0.00014694581768934635,8.836867473548626e+20,4311994188446793.5
41241.241241241245,1737.8624771265877,0.05002684960804787,280.0,5.901044954704627e+19,8.321606150338767e-22,501138.5543461023,0.22910029329656453,1,1,1,2.8369014541470663e+22,0.0001469458313155769,8.807361774287887e+20,4308322767609220.5
41341.341341341344,1735.284473430293,0.05002755076899932,280.0,5.871583982827358e+19,8.318518306824726e-22,500952.60016770003,0.22861910812034994,1,1,1,2.8368988287611187e+22,0.0001469458449145589,8.777901754050551e+20,4304636067075034.0
41441.44144144144,1732.7064697339983,0.050028270239737105,280.0,5.842270094876853e+19,8.315427020829345e-22,500766.43867834227,0.22813813258038207,1,1,1,2.8368962086279255e+22,0.0001469458584863464,8.748487522298228e+20,4300934039082724.0
41541.54154154154,1730.1284660377037,0.05002900849836263,280.0,5.8131025565364855e+19,8.312332283384307e-22,500580.06933794473,0.22765736189636251,1,1,1,2.836893593737029e+22,0.00014694587203099358,8.719119188654589e+20,4297216635883382.5
41641.64164164165,1727.5504623414088,0.050029766035459715,280.0,5.784080637155703e+19,8.309234085484527e-22,500393.4916042087,0.2271767912761998,1,1,1,2.836890984077994e+22,0.00014694588554855438,8.689796862907744e+20,4293483809742765.5
41741.741741741745,1724.972458645114,0.050030543354420386,280.0,5.755203609731731e+19,8.306132418087944e-22,500206.70493260893,0.2266964159161474,1,1,1,2.836888379640406e+22,0.00014694589903908268,8.66052065501258e+20,4289735512943380.0
41841.841841841844,1722.3944549488194,0.0500313409717792,280.0,5.72647075089135e+19,8.303027272115322e-22,500019.7087763813,0.22621623100094707,1,1,1,2.836885780413874e+22,0.0001469459125026322,8.631290675093061e+20,4285971697786591.5
41941.94194194194,1719.8164512525248,0.050032159417556246,280.0,5.697881340872788e+19,8.299918638450019e-22,499832.50258650916,0.22573623170397691,1,1,1,2.8368831863880283e+22,0.0001469459259392566,8.60210703344451e+20,4282192316594760.0
42042.04204204204,1717.23844755623,0.050032999235609145,280.0,5.669434663507681e+19,8.296806507937801e-22,499645.0858117119,0.225256413187405,1,1,1,2.836880597552521e+22,0.00014694593934900938,8.572969840535855e+20,4278397321713394.5
42142.14214214215,1714.6604438599352,0.05003386098399417,280.0,5.641130006203138e+19,8.293690871386613e-22,499457.4578984314,0.22477677060234785,1,1,1,2.8368780138970268e+22,0.00014694595273194393,8.543879207011836e+20,4274586665513333.5
42242.242242242246,1712.0824401636405,0.05003474523533686,280.0,5.612966659923887e+19,8.290571719566378e-22,499269.61829081975,0.22429729908903467,1,1,1,2.836875435411242e+22,0.00014694596608811356,8.514835243695195e+20,4270760300392952.0
42342.342342342345,1709.5044364673458,0.05003565257721222,280.0,5.584943919174517e+19,8.287449043208775e-22,499081.56643072586,0.22381799377697695,1,1,1,2.836872862084885e+22,0.00014694597941757143,8.485838061588801e+20,4266918178780386.5
42442.44244244244,1706.9264327710512,0.05003658361253493,280.0,5.5570610819818004e+19,8.284322833007026e-22,498893.3017576828,0.2233388497851431,1,1,1,2.836870293907696e+22,0.00014694599272037064,8.456887771877776e+20,4263060253135790.0
42542.54254254254,1704.3484290747565,0.05003753895995961,280.0,5.529317449877115e+19,8.281193079615675e-22,498704.8237088944,0.22285986222213966,1,1,1,2.836867730869437e+22,0.0001469460059965641,8.427984485931554e+20,4259186475953609.0
42642.64264264265,1701.7704253784616,0.05003851925429166,280.0,5.501712327878942e+19,8.278059773650367e-22,498516.1317192219,0.22238102618639746,1,1,1,2.8368651729598924e+22,0.00014694601924620469,8.399128315305921e+20,4255296799764884.0
42742.74274274275,1699.192421682167,0.05003952514690871,280.0,5.474245024475458e+19,8.274922905687636e-22,498327.2252211712,0.22190233676636364,1,1,1,2.8368626201688684e+22,0.00014694603246934507,8.370319371745015e+20,4251391177139579.0
42842.842842842845,1696.6144179858723,0.05004055730619309,280.0,5.4469148516072145e+19,8.271782466264668e-22,498138.1036448787,0.2214237890407,1,1,1,2.836860072486193e+22,0.0001469460456660379,8.34155776718327e+20,4247469560688929.5
42942.942942942944,1694.0364142895776,0.050041616417975644,280.0,5.419721124649899e+19,8.268638445879099e-22,497948.7664180989,0.22094537807848702,1,1,1,2.8368575299017157e+22,0.0001469460588363357,8.312843613747344e+20,4243531903067820.0
43043.04304304305,1691.4584105932827,0.050042703185990974,280.0,5.3926631623971865e+19,8.265490834988757e-22,497759.21296618914,0.22046709893943395,1,1,1,2.836854992405309e+22,0.00014694607198029075,8.284177023757981e+20,4239578156977186.5
43143.14314314315,1688.880406896988,0.05004381833234471,280.0,5.3657402870436766e+19,8.262339624011467e-22,497569.4427120977,0.21998894667409497,1,1,1,2.8368524599868657e+22,0.00014694608509795544,8.25555810973186e+20,4235608275166443.0
43243.24324324325,1686.3024032006933,0.05004496259799286,280.0,5.3389518241679114e+19,8.259184803324802e-22,497379.4550763488,0.21951091632409211,1,1,1,2.8368499326363023e+22,0.00014694609818938188,8.226986984383366e+20,4231622210435933.0
43343.343343343346,1683.7243995043987,0.0500461367432337,280.0,5.312297102715483e+19,8.256026363265849e-22,497189.2494770285,0.21903300292234398,1,1,1,2.836847410343556e+22,0.00014694611125462212,8.198463760626344e+20,4227619915639408.0
43443.443443443444,1681.146395808104,0.05004734154821249,280.0,5.285775454982224e+19,8.252864294131006e-22,496998.8253297726,0.2185552014933013,1,1,1,2.836844893098586e+22,0.00014694612429372807,8.169988551575795e+20,4223601343686531.0
43543.54354354355,1678.568392111809,0.050048577813439306,280.0,5.2593862165974794e+19,8.249698586175703e-22,496808.1820477497,0.2180775070531884,1,1,1,2.8368423808913734e+22,0.0001469461373067516,8.141561470549527e+20,4219566447545406.5
43643.64364364365,1675.9903884155144,0.05004984636032045,280.0,5.233128726507467e+19,8.246529229614205e-22,496617.3190416494,0.21759991461025252,1,1,1,2.836839873711922e+22,0.0001469461502937444,8.113182631069766e+20,4215515180245136.5
43743.74374374375,1673.4123847192197,0.05005114803170363,280.0,5.207002326958713e+19,8.243356214619352e-22,496426.23571966664,0.21712241916501845,1,1,1,2.8368373715502558e+22,0.000146946163254758,8.084852146864701e+20,4211447494878401.0
43843.843843843846,1670.834381022925,0.050052483692437415,280.0,5.181006363481583e+19,8.24017953132233e-22,496234.9314874878,0.21664501571055103,1,1,1,2.8368348743964226e+22,0.00014694617618984398,8.056570131869994e+20,4207363344604067.5
43943.943943943945,1668.2563773266304,0.05005385422994523,280.0,5.1551401848738775e+19,8.236999169812426e-22,496043.4057482763,0.21616769923272408,1,1,1,2.836832382240491e+22,0.00014694618909905362,8.028336700230238e+20,4203262682649825.5
44044.04404404405,1665.6783736303355,0.05005526055481435,280.0,5.1294031431845265e+19,8.233815120136778e-22,495851.6579026569,0.21569046471049663,1,1,1,2.8368298950725516e+22,0.00014694620198243822,8.000151966300356e+20,4199145462314847.5
44144.14414414415,1663.1003699340408,0.050056703601400195,280.0,5.103794593697364e+19,8.230627372300161e-22,495659.6873487035,0.21521330711619593,1,1,1,2.836827412882717e+22,0.00014694621484004895,7.972016044646954e+20,4195011636972478.0
44244.24424424425,1660.5223662377462,0.050058184328446435,280.0,5.078313894914956e+19,8.22743591626468e-22,495467.49348192033,0.21473622141580814,1,1,1,2.836824935661122e+22,0.00014694622767193676,7.943929050049612e+20,4190861160072948.0
44344.34434434435,1657.9443625414515,0.05005970371972121,280.0,5.052960408542554e+19,8.2242407419495915e-22,495275.07569523115,0.21425920256927583,1,1,1,2.836822463397923e+22,0.00014694624047815265,7.915891097502126e+20,4186693985146117.0
44444.444444444445,1655.3663588451568,0.05006126278466993,280.0,5.027733499472093e+19,8.221041839231005e-22,495082.4333789614,0.21378224553080338,1,1,1,2.836819996083298e+22,0.00014694625325874735,7.88790230221369e+20,4182510065804243.0
44544.54454454455,1652.788355148862,0.05006286255908513,280.0,5.002632535766289e+19,8.217839197941653e-22,494889.5659208241,0.21330534524916947,1,1,1,2.8368175337074474e+22,0.00014694626601377157,7.859962779610019e+20,4178309355744779.5
44644.64464464465,1650.2103514525672,0.050064504105793745,280.0,4.977656888642805e+19,8.214632807870623e-22,494696.4727059043,0.21282849666804765,1,1,1,2.8368150762605936e+22,0.00014694627874327592,7.832072645334426e+20,4174091808753200.0
44744.74474474475,1647.6323477562726,0.050066188515362264,280.0,4.952805932458496e+19,8.2114226587631165e-22,494503.1531166438,0.2123516947263341,1,1,1,2.8368126237329806e+22,0.00014694629144731082,7.804232015248812e+20,4169857378705848.5
44844.84484484485,1645.054344059978,0.050067916906820324,280.0,4.928079044693745e+19,8.208208740320187e-22,494309.6065328259,0.21187493435848367,1,1,1,2.8368101761148747e+22,0.00014694630412592666,7.776441005434617e+20,4165606019572821.5
44944.944944944946,1642.4763403636832,0.0500696904284031,280.0,4.903475605936863e+19,8.204991042198462e-22,494115.8323315586,0.21139821049485363,1,1,1,2.836807733396564e+22,0.00014694631677917362,7.748699732193707e+20,4161337685420874.5
45045.04504504505,1639.8983366673883,0.05007151025831306,280.0,4.8789949998685725e+19,8.201769554009913e-22,493921.8298872604,0.2109215180620551,1,1,1,2.8368052955683582e+22,0.00014694632940710187,7.721008312049183e+20,4157052330416358.0
45145.14514514515,1637.3203329710936,0.050073377605501554,280.0,4.8546366132465795e+19,8.198544265321575e-22,493727.5985716439,0.21044485198331353,1,1,1,2.83680286262059e+22,0.0001469463420097614,7.69336686174614e+20,4152749908828182.0
45245.24524524525,1634.742329274799,0.05007529371047077,280.0,4.83039983589019e+19,8.195315165655272e-22,493533.1377536989,0.20996820717883619,1,1,1,2.8368004345436135e+22,0.00014694635458720212,7.66577549825235e+20,4148430375030808.5
45345.34534534535,1632.1643255785043,0.05007725984609657,280.0,4.806284060665046e+19,8.192082244487366e-22,493338.44679967756,0.20949157856618913,1,1,1,2.8367980113278047e+22,0.00014694636713947376,7.638234338758875e+20,4144093683507272.0
45445.445445445446,1629.5863218822096,0.05007927731847272,280.0,4.782288683467905e+19,8.188845491248479e-22,493143.52507307736,0.20901496106068151,1,1,1,2.8367955929635624e+22,0.000146946379666626,7.610743500680627e+20,4139739788852229.0
45545.54554554555,1627.0083181859147,0.05008134746777719,280.0,4.75841310321151e+19,8.185604895323231e-22,492948.37193462555,0.2085383495757593,1,1,1,2.8367931794413064e+22,0.00014694639216870846,7.583303101656838e+20,4135368645775037.5
45645.64564564565,1624.43031448962,0.050083471669160946,280.0,4.73465672180954e+19,8.182360446049944e-22,492752.9867422612,0.20806173902340727,1,1,1,2.8367907707514796e+22,0.00014694640464577052,7.555913259551473e+20,4130980209102863.5
45745.74574574575,1621.8523107933254,0.050085651333659886,280.0,4.7110189441616085e+19,8.1791121327204e-22,492557.36885112076,0.20758512431455917,1,1,1,2.836788366884547e+22,0.0001469464170978615,7.528574092453561e+20,4126574433783817.0
45845.84584584585,1619.2743070970307,0.05008788790913054,280.0,4.687499178138376e+19,8.17585994457953e-22,492361.51761351916,0.2071085003595177,1,1,1,2.8367859678309954e+22,0.0001469464295250306,7.501285718677452e+20,4122151274890118.0
45945.94594594595,1616.696303400736,0.050090182881210116,280.0,4.664096834566707e+19,8.172603870825155e-22,492165.4323789343,0.20663186206838288,1,1,1,2.8367835735813335e+22,0.00014694644192732697,7.474048256763007e+20,4117710687621292.0
46046.04604604605,1614.1182997044411,0.05009253777430155,280.0,4.640811327214912e+19,8.169343900607699e-22,491969.1124939899,0.20615520435148899,1,1,1,2.836781184126093e+22,0.00014694645430479952,7.446861825475699e+20,4113252627307392.5
46146.14614614615,1611.5402960081465,0.05009495415258421,280.0,4.617642072778073e+19,8.166080023029901e-22,491772.55730243784,0.20567852211985171,1,1,1,2.8367787994558274e+22,0.00014694646665749716,7.419726543806651e+20,4108777049412257.0
46246.24624624625,1608.9622923118518,0.050097433621050826,280.0,4.594588490863406e+19,8.162812227146531e-22,491575.7661451414,0.20520181028562337,1,1,1,2.836776419561113e+22,0.00014694647898546862,7.392642530972576e+20,4104283909536789.5
46346.34634634635,1606.3842886155571,0.05009997782657151,280.0,4.571650003975752e+19,8.159540501964108e-22,491378.73836005805,0.20472506376255808,1,1,1,2.836774044432548e+22,0.00014694649128876253,7.365609906415647e+20,4099773163422273.0
46446.44644644645,1603.8062849192625,0.05010258845898541,280.0,4.54882603750309e+19,8.156264836440595e-22,491181.4732822211,0.20424827746648622,1,1,1,2.836771674060753e+22,0.0001469465035674274,7.338628789803284e+20,4095244766953714.5
46546.54654654655,1601.2282812229676,0.05010526725222076,280.0,4.526116019702151e+19,8.1529852194851315e-22,490983.97024372383,0.20377144631579835,1,1,1,2.836769308436371e+22,0.00014694651582151166,7.311699301027853e+20,4090698676163217.5
46646.64664664665,1598.6502775266729,0.0501080159854441,280.0,4.503519381684103e+19,8.149701639957698e-22,490786.2285736988,0.2032945652319387,1,1,1,2.8367669475500685e+22,0.00014694652805106355,7.28482156020629e+20,4086134847233386.0
46746.74674674675,1596.0722738303782,0.050110836484239356,280.0,4.481035557400277e+19,8.146414086668862e-22,490588.2475983031,0.20281762913990828,1,1,1,2.8367645913925328e+22,0.00014694654025613132,7.257995687679618e+20,4081553236500757.5
46846.84684684685,1593.4942701340835,0.050113730621817655,280.0,4.4586639836280136e+19,8.143122548379457e-22,490390.02664069866,0.20234063296877774,1,1,1,2.836762239954475e+22,0.0001469465524367629,7.231221804012396e+20,4076953800459268.5
46946.94694694695,1590.9162664377889,0.050116700320258493,280.0,4.43640409995654e+19,8.139827013800268e-22,490191.56502103346,0.20186357165221072,1,1,1,2.8367598932266284e+22,0.00014694656459300637,7.204500029992066e+20,4072336495763748.5
47047.047047047054,1588.338262741494,0.05011974755178334,280.0,4.414255348772933e+19,8.136527471591758e-22,489992.8620564249,0.201386440128996,1,1,1,2.8367575511997495e+22,0.0001469465767249094,7.177830486628219e+20,4067701279233446.5
47147.14714714715,1585.7602590451993,0.050122874340062185,280.0,4.392217175248158e+19,8.13322391036374e-22,489793.9170609404,0.20090923334359095,1,1,1,2.836755213864617e+22,0.0001469465888325198,7.15121329515176e+20,4063048107855587.5
47247.24724724725,1583.1822553489046,0.0501260827615542,280.0,4.370289027323157e+19,8.129916318675073e-22,489594.72934557876,0.20043194624667413,1,1,1,2.836752881212032e+22,0.00014694660091588513,7.124648577013977e+20,4058376938788958.5
47347.34734734735,1580.60425165261,0.05012937494688317,280.0,4.348470355695031e+19,8.126604685033346e-22,489395.2982182511,0.19995457379570858,1,1,1,2.8367505532328193e+22,0.0001469466129750528,7.098136453885523e+20,4053687729367527.5
47447.44744744745,1578.0262479563153,0.050132753082248745,280.0,4.326760613803278e+19,8.123288997894581e-22,489195.62298376317,0.19947711095551574,1,1,1,2.836748229917826e+22,0.0001469466250100702,7.071677047655301e+20,4048980437104093.0
47547.547547547554,1575.4482442600204,0.05013621941087427,280.0,4.305159257816094e+19,8.11996924566289e-22,488995.70294379484,0.19899955269885894,1,1,1,2.8367459112579225e+22,0.00014694663702098456,7.045270480429236e+20,4044255019693965.0
47647.64764764765,1572.8702405637257,0.05013977623449234,280.0,4.283665746616767e+19,8.116645416690189e-22,488795.5373968823,0.19852189400703849,1,1,1,2.8367435972440027e+22,0.000146946649007843,7.018916874528972e+20,4039511435018677.0
47747.74774774775,1570.292236867431,0.05014342591486893,280.0,4.262279541790097e+19,8.113317499275843e-22,488595.12563839735,0.19804412987049597,1,1,1,2.8367412878669823e+22,0.00014694666097069247,6.99261635249044e+20,4034749641149729.0
47847.84784784785,1567.7142331711364,0.050147170875367096,280.0,4.241000107608931e+19,8.109985481666369e-22,488394.4669605291,0.19756625528943067,1,1,1,2.8367389831178014e+22,0.00014694667290957985,6.966369037062345e+20,4029969596352362.0
47947.94794794795,1565.1362294748417,0.050151013602551316,280.0,4.219826911020732e+19,8.106649352055101e-22,488193.5606522638,0.19708826527442577,1,1,1,2.836736682987423e+22,0.0001469466848245519,6.94017505120453e+20,4025171259089366.0
48048.048048048055,1562.5582257785468,0.05015495664783352,280.0,4.198759421634225e+19,8.103309098581846e-22,487992.4059993644,0.1966101548470854,1,1,1,2.8367343874668327e+22,0.00014694669671565523,6.914034518086252e+20,4020354588024917.0
48148.14814814815,1559.980222082252,0.050159002629161814,280.0,4.177797111706122e+19,8.099964709332586e-22,487791.0022843525,0.1961319190406834,1,1,1,2.836732096547041e+22,0.00014694670858293642,6.887947561084345e+20,4015519542028449.5
48248.24824824825,1557.4022183859574,0.05016315423275314,280.0,4.156939456127888e+19,8.0966161723391055e-22,487589.34878648544,0.1956535529008219,1,1,1,2.83672981021908e+22,0.00014694672042644174,6.861914303781258e+20,4010666080178556.0
48348.34834834835,1554.8242146896628,0.05016741421487082,280.0,4.136185932412591e+19,8.093263475578693e-22,487387.44478173926,0.19517505148610192,1,1,1,2.8367275284740073e+22,0.00014694673224621756,6.835934869963005e+20,4005794161766923.5
48448.44844844845,1552.246210993368,0.05017178540364834,280.0,4.11553602068182e+19,8.089906606973762e-22,487185.289542785,0.1946964098688045,1,1,1,2.836725251302903e+22,0.00014694674404230993,6.81000938361699e+20,4000903746302298.0
48548.548548548555,1549.6682072970732,0.05017627070096039,280.0,4.094989203652652e+19,8.086545554391548e-22,486982.88233897096,0.19421762313558333,1,1,1,2.836722978696871e+22,0.00014694675581476498,6.78413796892972e+20,3995994793514484.0
48648.648648648654,1547.0902036007785,0.05018087308434251,280.0,4.074544966624708e+19,8.083180305643743e-22,486780.2224363004,0.19373868638816877,1,1,1,2.8367207106470396e+22,0.00014694676756362847,6.758320750284412e+20,3991067263358376.0
48748.74874874875,1544.5121999044839,0.050185595608960534,280.0,4.054202797467247e+19,8.079810848486143e-22,486577.30909741065,0.19325959474408247,1,1,1,2.8367184471445608e+22,0.0001469467792889463,6.732557852258463e+20,3986121116018021.0
48848.84884884885,1541.9341962081892,0.05019044140963108,280.0,4.033962186606333e+19,8.07643717061831e-22,486374.1415815524,0.19278034333736416,1,1,1,2.83671618818061e+22,0.00014694679099076403,6.706849399620819e+20,3981156311910714.5
48948.94894894895,1539.3561925118945,0.050195413702894535,280.0,4.013822627012091e+19,8.07305925968322e-22,486170.71914456866,0.19230092731930964,1,1,1,2.836713933746388e+22,0.00014694680266912722,6.681195517329223e+20,3976172811691128.0
49049.049049049056,1536.7781888155996,0.05020051578914169,280.0,3.993783614185983e+19,8.069677103266902e-22,485967.041038873,0.19182134185922012,1,1,1,2.836711683833119e+22,0.00014694681432408127,6.655596330527331e+20,3971170576255471.0
49149.149149149154,1534.200185119305,0.05020575105479562,280.0,3.97384464614819e+19,8.06629068889807e-22,485763.10651342757,0.19134158214516334,1,1,1,2.8367094384320515e+22,0.00014694682595567146,6.63005196454172e+20,3966149566745684.5
49249.24924924925,1531.6221814230103,0.05021112297455005,280.0,3.954005223425023e+19,8.062900004047789e-22,485558.9148137226,0.190861643384746,1,1,1,2.836707197534459e+22,0.00014694683756394288,6.604562544878753e+20,3961109744553666.5
49349.34934934935,1529.0441777267156,0.05021663511366574,280.0,3.934264849036411e+19,8.059505036129081e-22,485354.465181753,0.19038152080589824,1,1,1,2.8367049611316392e+22,0.00014694684914894063,6.579128197221332e+20,3956051071325532.5
49449.44944944945,1526.466174030421,0.05022229113032643,280.0,3.914623028483462e+19,8.056105772496569e-22,485149.7568559968,0.18990120965766952,1,1,1,2.836702729214915e+22,0.00014694686071070953,6.553749047425519e+20,3950973508965905.5
49549.549549549556,1523.888170334126,0.050228094778055773,280.0,3.895079269736068e+19,8.052702200446124e-22,484944.7890713939,0.18942070521103632,1,1,1,2.8367005017756335e+22,0.00014694687224929437,6.528425221517028e+20,3945877019642243.0
49649.649649649655,1521.3101666378313,0.05023404990819686,280.0,3.875633083220586e+19,8.049294307214459e-22,484739.5610593216,0.18894000275972186,1,1,1,2.8366982788051674e+22,0.0001469468837647398,6.503156845687589e+20,3940761565789195.5
49749.74974974975,1518.7321629415367,0.05024016047245601,280.0,3.856283981807566e+19,8.04588207997878e-22,484534.0720475737,0.18845909762102725,1,1,1,2.836696060294914e+22,0.00014694689525709026,6.477944046291171e+20,3935627110112995.0
49849.84984984985,1516.154159245242,0.05024643052551237,280.0,3.83703148079955e+19,8.0424655058564e-22,484328.321260337,0.18797798513667463,1,1,1,2.836693846236297e+22,0.00014694690672639022,6.45278694984008e+20,3930473615595882.0
49949.94994994995,1513.5761555489473,0.050252864227695086,280.0,3.817875097918937e+19,8.039044571904348e-22,484122.3079181681,0.18749666067366255,1,1,1,2.836691636620763e+22,0.00014694691817268384,6.427685683000916e+20,3925301045500561.0
50050.05005005006,1510.9981518526524,0.05025946584772976,280.0,3.7988143532958925e+19,8.035619265118988e-22,483916.0312379701,0.18701511962513273,1,1,1,2.8366894314397874e+22,0.00014694692959601522,6.402640372590399e+20,3920109363374692.0
50150.150150150155,1508.4201481563578,0.05026623976555592,280.0,3.77984876945634e+19,8.032189572435644e-22,483709.4904329702,0.18653335741124916,1,1,1,2.836687230684869e+22,0.00014694694099642841,6.377651145571054e+20,3914898533055415.5
50250.250250250254,1505.842144460063,0.05027319047521747,280.0,3.760977871309988e+19,8.028755480728178e-22,483502.68471269455,0.1860513694800888,1,1,1,2.836685034347533e+22,0.00014694695237396724,6.352718129046752e+20,3909668518673907.5
50350.35035035035,1503.2641407637684,0.05028032258782775,280.0,3.74220118613843e+19,8.025316976808639e-22,483295.61328294646,0.18556915130854465,1,1,1,2.836682842419331e+22,0.00014694696372867535,6.327841450258108e+20,3904419284659972.0
50450.45045045045,1500.6861370674737,0.05028764083461134,280.0,3.7235182435833135e+19,8.0218740474268195e-22,483088.27534578025,0.18508669840324055,1,1,1,2.8366806548918405e+22,0.00014694697506059638,6.303021236577753e+20,3899150795746664.0
50550.55055055056,1498.1081333711788,0.05029515007002449,280.0,3.704928575634544e+19,8.018426679269888e-22,482880.670099479,0.1846040063014576,1,1,1,2.836678471756665e+22,0.0001469469863697737,6.278257615505436e+20,3893863016974947.5
50650.650650650656,1495.5301296748842,0.050302855274956114,280.0,3.686431716618576e+19,8.014974858961962e-22,482672.7967385286,0.18412107057207386,1,1,1,2.836676293005436e+22,0.0001469469976562507,6.253550714663009e+20,3888555913698386.5
50750.750750750754,1492.9521259785895,0.0503107615600115,280.0,3.668027203186734e+19,8.011518573063719e-22,482464.6544535946,0.18363788681651405,1,1,1,2.8366741186298094e+22,0.00014694700892007044,6.22890066178923e+20,3883229451587868.5
50850.85085085085,1490.3741222822948,0.05031887416888086,280.0,3.6497145743036092e+19,8.008057808071972e-22,482256.2424314965,0.183154450669713,1,1,1,2.83667194862147e+22,0.000146947020161276,6.204307584734451e+20,3877883596636362.5
50950.95095095095,1487.7961185860001,0.05032719848179478,280.0,3.6314933712355156e+19,8.004592550419256e-22,482047.55985518306,0.1826707578010901,1,1,1,2.8366697829721287e+22,0.00014694703137991025,6.179771611455134e+20,3872518315163711.0
51051.05105105106,1485.2181148897052,0.05033574001906888,280.0,3.6133631375389946e+19,8.0011227864734225e-22,481838.6059037074,0.18218680391553593,1,1,1,2.836667621673524e+22,0.00014694704257601598,6.155292870008221e+20,3867133573821453.5
51151.151151151156,1482.6401111934106,0.05034450444473994,280.0,3.5953234190493856e+19,7.997648502537199e-22,481629.379752201,0.18170258475441114,1,1,1,2.8366654647174215e+22,0.00014694705374963568,6.13087148854536e+20,3861729339597688.0
51251.251251251255,1480.062107497116,0.050353497570295766,280.0,3.577373763869442e+19,7.994169684847787e-22,481419.88057184935,0.18121809609655623,1,1,1,2.836663312095615e+22,0.0001469470649008119,6.106507595306958e+20,3856305579821958.5
51351.35135135135,1477.4841038008212,0.050362725358501295,280.0,3.5595137223580123e+19,7.990686319576403e-22,481210.10752986395,0.18073333375931439,1,1,1,2.8366611637999264e+22,0.00014694707602958687,6.08220131861609e+20,3850862262170183.5
51451.45145145145,1474.9061001045266,0.05037219392732326,280.0,3.541742847118782e+19,7.987198392827885e-22,481000.05978945916,0.18024829359956526,1,1,1,2.836659019822205e+22,0.00014694708713600284,6.057952786872259e+20,3845399354669613.5
51551.55155155156,1472.3280964082317,0.05038190955395599,280.0,3.5240606929890615e+19,7.983705890640216e-22,480789.73650982307,0.17976297151477108,1,1,1,2.8366568801543286e+22,0.00014694709822010178,6.03376212854497e+20,3839916825703824.0
51651.65165165166,1469.750092711937,0.0503918786789509,280.0,3.5064668170286404e+19,7.98020879898412e-22,480579.13684609346,0.17927736344403417,1,1,1,2.836654744788204e+22,0.00014694710928192558,6.009629472167179e+20,3834414644017742.5
51751.751751751755,1467.1720890156423,0.05040210791045235,280.0,3.488960778508684e+19,7.9767071037626e-22,480368.2599493297,0.17879146536916596,1,1,1,2.8366526137157665e+22,0.00014694712032151594,5.98555494632855e+20,3828892778722705.5
51851.851851851854,1464.5940853193476,0.050412604028542446,280.0,3.471542138900695e+19,7.973200790810493e-22,480157.1049664864,0.17830527331576795,1,1,1,2.8366504869289804e+22,0.00014694713133891444,5.96153867966857e+20,3823351199301553.0
51951.95195195195,1462.016081623053,0.05042337398969772,280.0,3.454210461865534e+19,7.969689845894032e-22,479945.67104038637,0.17781878335432416,1,1,1,2.8366483644198395e+22,0.0001469471423341625,5.937580800869483e+20,3817789875613755.5
52052.05205205206,1459.438077926758,0.05043442493136032,280.0,3.4369653132424806e+19,7.966174254710369e-22,479733.9573096926,0.1773319916013048,1,1,1,2.8366462461803676e+22,0.0001469471533073014,5.913681438649077e+20,3812208777900571.5
52152.15215215216,1456.8600742304634,0.05044576417662678,280.0,3.4198062610383684e+19,7.962654002887142e-22,479521.9629088816,0.17684489422028143,1,1,1,2.8366441322026176e+22,0.00014694716425837223,5.889840721753297e+20,3806607876790243.5
52252.252252252256,1454.2820705341687,0.050457399239057274,280.0,3.4027328754167546e+19,7.959129075981996e-22,479309.6869682149,0.17635748742305354,1,1,1,2.836642022478673e+22,0.00014694717518741598,5.866058778948677e+20,3800987143303222.0
52352.352352352355,1451.704066837874,0.05046933782760839,280.0,3.38574472868715e+19,7.955599459482131e-22,479097.12861371186,0.1758697674707859,1,1,1,2.836639917000647e+22,0.0001469471860944734,5.842335739014628e+20,3795346548857426.5
52452.45245245245,1449.1260631415794,0.0504815878516925,280.0,3.3688413952943174e+19,7.952065138803813e-22,478884.2869671199,0.17538173067515744,1,1,1,2.8366378157606844e+22,0.0001469471969795852,5.8186717307355346e+20,3789686065273538.5
52552.55255255256,1446.5480594452845,0.050494157426367065,280.0,3.3520224518075994e+19,7.948526099291927e-22,478671.1611458879,0.1748933733995211,1,1,1,2.8366357187509606e+22,0.00014694720784279178,5.795066882892692e+20,3784005664780327.0
52652.65265265266,1443.9700557489898,0.05050705487765694,280.0,3.3352874769103233e+19,7.94498232621948e-22,478457.75026313605,0.17440469206007395,1,1,1,2.8366336259636825e+22,0.0001469472186841335,5.7715213242560754e+20,3778305320020010.0
52752.752752752756,1441.3920520526951,0.05052028874801323,280.0,3.318636051389234e+19,7.94143380478712e-22,478244.0534276272,0.17391568312703867,1,1,1,2.836631537391088e+22,0.00014694722950365054,5.748035183575915e+20,3772585004053644.0
52852.852852852855,1438.8140483564005,0.05053386780191196,280.0,3.3020677581240025e+19,7.937880520122662e-22,478030.0697437377,0.17342634312585545,1,1,1,2.8366294530254474e+22,0.00014694724030138282,5.7246085895741204e+20,3766844690366550.5
52952.95295295295,1436.2360446601058,0.05054780103159617,280.0,3.2855821820767683e+19,7.934322457280581e-22,477815.79831142764,0.17293666863838406,1,1,1,2.8366273728590633e+22,0.00014694725107737024,5.7012416709355176e+20,3761084352873775.5
53053.05305305306,1433.658040963811,0.050562097662965044,280.0,3.2691789102817518e+19,7.930759601241542e-22,477601.2382262121,0.1724466563041166,1,1,1,2.8366252968842703e+22,0.00014694726183165242,5.67793455629891e+20,3755303965925578.5
53153.15315315316,1431.0800372675162,0.050576767161613634,280.0,3.2528575318349074e+19,7.927191936911881e-22,477386.38857912977,0.17195630282140037,1,1,1,2.836623225093437e+22,0.00014694727256426884,5.654687374247973e+20,3749503504312960.0
53253.25325325326,1428.5020335712215,0.05059181923902712,280.0,3.2366176378836255e+19,7.923619449123114e-22,477171.24845671374,0.17146560494867033,1,1,1,2.8366211574789638e+22,0.00014694728327525883,5.631500253301947e+20,3743682943273214.0
53353.353353353355,1425.9240298749269,0.05060726385893331,280.0,3.2204588216164938e+19,7.920042122631419e-22,476955.8169409601,0.17097455950569204,1,1,1,2.836619094033286e+22,0.0001469472939646615,5.6083733219061806e+20,3737842258495520.0
53453.453453453454,1423.3460261786322,0.05062311124381747,280.0,3.204380678253104e+19,7.916459942117137e-22,476740.09310929803,0.17048316337481334,1,1,1,2.8366170347488733e+22,0.00014694730463251583,5.585306708422473e+20,3731981426126564.0
53553.55355355356,1420.7680224823373,0.05063937188160336,280.0,3.188382805033917e+19,7.912872892184257e-22,476524.0760345585,0.1699914135022265,1,1,1,2.836614979618228e+22,0.00014694731527886058,5.562300541119243e+20,3726100422776191.0
53653.65365365366,1418.1900187860426,0.05065605653250487,280.0,3.1724648012101722e+19,7.909280957359879e-22,476307.7647849422,0.169499306899239,1,1,1,2.8366129286338885e+22,0.00014694732590373442,5.5393549481615235e+20,3720199225523095.0
53753.75375375376,1415.612015089748,0.05067317623605219,280.0,3.156626268033847e+19,7.905684122093707e-22,476091.158423989,0.16900684064355334,1,1,1,2.836610881788428e+22,0.0001469473365071757,5.516470057600758e+20,3714277811920533.5
53853.853853853856,1413.0340113934533,0.05069074231829713,280.0,3.1408668087476662e+19,7.902082370757523e-22,475874.2560105462,0.1685140118805559,1,1,1,2.8366088390744557e+22,0.00014694734708922268,5.4936459973644295e+20,3708336160002080.0
53953.953953953955,1410.4560076971586,0.05070876639920182,280.0,3.125186028575166e+19,7.898475687644628e-22,475657.05659873463,0.16802081782461425,1,1,1,2.8366068004846167e+22,0.00014694735764991343,5.4708828952455e+20,3702374248287406.0
54054.05405405406,1407.8780040008637,0.05072726040021549,280.0,3.109583534710805e+19,7.894864056969338e-22,475439.5592379189,0.1675272557603832,1,1,1,2.836604766011592e+22,0.00014694736818928578,5.448180878891665e+20,3696392055788095.0
54154.15415415416,1405.300000304569,0.05074623655204388,280.0,3.094058936310127e+19,7.891247462866403e-22,475221.7629726717,0.16703332304411841,1,1,1,2.8366027356481e+22,0.00014694737870737744,5.4255400757944346e+20,3690389562013488.5
54254.25425425426,1402.7219966082744,0.05076570740261609,280.0,3.078611844479963e+19,7.887625889390508e-22,475003.66684274445,0.16653901710499824,1,1,1,2.8366007093868966e+22,0.00014694738920422584,5.402960613278007e+20,3684366746976562.0
54354.35435435436,1400.1439929119797,0.05078568582525369,280.0,3.0632418722686968e+19,7.883999320515669e-22,474785.26988303015,0.16604433544645333,1,1,1,2.8365986872207755e+22,0.00014694739967986833,5.3804426184879827e+20,3678323591199835.0
54454.454454454455,1397.565989215685,0.0508061850270471,280.0,3.0479486346565624e+19,7.880367740134708e-22,474566.5711235326,0.16554927564750305,1,1,1,2.8365966691425686e+22,0.0001469474101343419,5.357986218379877e+20,3672260075721309.0
54554.55455455456,1394.9879855193901,0.050827218557444404,280.0,3.0327317485460103e+19,7.876731132058684e-22,474347.56958933146,0.1650538353640995,1,1,1,2.836594655145147e+22,0.00014694742056768352,5.335591539707451e+20,3666176182100438.5
54654.65465465466,1392.4099818230954,0.050848800317057644,280.0,3.0175908327521083e+19,7.873089480016324e-22,474128.26430054824,0.16455801233047843,1,1,1,2.8365926452214203e+22,0.00014694743097992986,5.313258709010866e+20,3660071892424133.5
54754.75475475476,1389.8319781268008,0.050870944566692056,280.0,3.002525507992983e+19,7.869442767653452e-22,473908.6542723122,0.16406180436051562,1,1,1,2.8365906393643386e+22,0.0001469474413711173,5.290987852604629e+20,3653947189312789.5
54854.85485485486,1387.253974430506,0.05089366593660367,280.0,2.987535396880335e+19,7.865790978532406e-22,473688.73851472454,0.16356520934909088,1,1,1,2.8365886375668922e+22,0.00014694745174128224,5.268779096565378e+20,3647802055926350.0
54954.954954954956,1384.6759707342114,0.0509169794359908,280.0,2.9726201239099654e+19,7.862134096131473e-22,473468.51603282505,0.16306822527345652,1,1,1,2.8365866398221125e+22,0.00014694746209046062,5.246632566719462e+20,3641636475970400.0
55055.05505505506,1382.0979670379165,0.0509409004627252,280.0,2.957779315452388e+19,7.858472103844274e-22,473247.9858265548,0.1625708501946125,1,1,1,2.836584646123072e+22,0.00014694747241868832,5.224548388630345e+20,3635450433702287.5
55155.15515515516,1379.5199633416219,0.05096544481332863,280.0,2.943012599743463e+19,7.854804984979199e-22,473027.1468907223,0.16207308225868614,1,1,1,2.8365826564628857e+22,0.00014694748272600096,5.2025266875858236e+20,3629243913937276.5
55255.25525525526,1376.9419596453272,0.05099062869320081,280.0,2.928319606875078e+19,7.851132722758799e-22,472805.99821496615,0.16157491969831633,1,1,1,2.836580670834711e+22,0.00014694749301243397,5.180567588585048e+20,3623016902054728.0
55355.35535535536,1374.3639559490325,0.05101646872710491,280.0,2.9136999687858926e+19,7.847455300319169e-22,472584.53878371906,0.16107636083404328,1,1,1,2.836578689231749e+22,0.00014694750327802247,5.15867121632537e+20,3616769384004311.5
55455.455455455456,1371.7859522527378,0.051042981969916704,280.0,2.899153319252107e+19,7.843772700709366e-22,472362.76757617196,0.1605774040757012,1,1,1,2.836576711647244e+22,0.00014694751352280146,5.1368376951889986e+20,3610501346312244.5
55555.55555555556,1369.207948556443,0.0510701859176438,280.0,2.884679293878297e+19,7.840084906890772e-22,472140.6835662358,0.16007804792381555,1,1,1,2.8365747380744853e+22,0.00014694752374680558,5.1150671492294685e+20,3604212776087562.5
55655.65565565566,1366.6299448601483,0.051098098518721394,280.0,2.8702775300882862e+19,7.836391901736492e-22,471918.2857225055,0.15957829097100318,1,1,1,2.836572768506807e+22,0.0001469475339500694,5.093359702157935e+20,3597903661028417.5
55755.75575575576,1364.0519411638536,0.05112673818559131,280.0,2.8559476671160558e+19,7.83269366803071e-22,471695.5730082208,0.15907813190337544,1,1,1,2.836570802937589e+22,0.0001469475441326271,5.071715477329265e+20,3591573989428401.5
55855.85585585586,1361.473937467559,0.05115612380657084,280.0,2.8416893459967136e+19,7.828990188468077e-22,471472.54438123,0.15857756950194377,1,1,1,2.8365688413602577e+22,0.0001469475542945128,5.0501345977279624e+20,3585223750182902.5
55955.95595595596,1358.8959337712643,0.051186274758018666,280.0,2.8275022095574966e+19,7.825281445653065e-22,471249.1987939505,0.1580766026440277,1,1,1,2.8365668837682875e+22,0.00014694756443576007,5.028617185953898e+20,3578852932795486.0
56056.05605605606,1356.3179300749694,0.051217210916804555,280.0,2.81338590240883e+19,7.821567422099324e-22,471025.5351933301,0.15757523030466378,1,1,1,2.8365649301551998e+22,0.0001469475745564026,5.0071633642078634e+20,3572461527384303.5
56156.15615615616,1353.7399263786747,0.05124895267309036,280.0,2.799340070935424e+19,7.817848100229043e-22,470801.55252080905,0.1570734515580167,1,1,1,2.8365629805145646e+22,0.00014694758465647354,4.985773254276945e+20,3566049524688532.0
56256.25625625626,1351.16192268238,0.05128152094342953,280.0,2.78536436328741e+19,7.814123462372281e-22,470577.24971227924,0.15657126557879,1,1,1,2.836561034840002e+22,0.00014694759473600597,4.9644469775197045e+20,3559616916074833.5
56356.35635635636,1348.5839189860853,0.05131493718419264,280.0,2.771458429371531e+19,7.810393490766334e-22,470352.6256980461,0.1560686716436382,1,1,1,2.8365590931251816e+22,0.0001469476047950326,4.9431846548511916e+20,3553163693543849.0
56456.45645645646,1346.0059152897907,0.051349223405326674,280.0,2.7576219208423694e+19,7.806658167555028e-22,470127.6794027863,0.15556566913257747,1,1,1,2.8365571553638245e+22,0.00014694761483358593,4.921986406727774e+20,3546689849736712.5
56556.55655655656,1343.4279115934958,0.05138440218445598,280.0,2.7438544910936236e+19,7.802917474788093e-22,469902.4097455101,0.15506225753039687,1,1,1,2.836555221549703e+22,0.00014694762485169816,4.900852353131784e+20,3540195377941594.5
56656.65665665666,1340.849907897201,0.05142049668133261,280.0,2.7301557952494273e+19,7.799171394420453e-22,469676.815639518,0.15455843642806752,1,1,1,2.836553291676642e+22,0.00014694763484940124,4.8797826135560015e+20,3533680272100271.5
56756.75675675676,1338.2719042009064,0.05145753065264456,280.0,2.7165254901557027e+19,7.795419908311552e-22,469450.89599236107,0.15405420552415017,1,1,1,2.8365513657385205e+22,0.00014694764482672682,4.858777306987942e+20,3527144526814717.0
56856.85685685686,1335.6939005046117,0.05149552846718992,280.0,2.702963234371571e+19,7.791662998224674e-22,469224.649705799,0.15354956462620092,1,1,1,2.836549443729271e+22,0.00014694765478370631,4.8378365518939855e+20,3520588137353721.5
56956.95695695696,1333.115896808317,0.051534515121425574,280.0,2.6894686881607987e+19,7.787900645826225e-22,468998.0756757576,0.15304451365217367,1,1,1,2.836547525642882e+22,0.00014694766472037084,4.816960466203327e+20,3514011099659535.5
57057.05705705706,1330.5378931120222,0.05157451625539909,280.0,2.6760415134832796e+19,7.784132832685051e-22,468771.1727922875,0.15253905263181947,1,1,1,2.8365456114733967e+22,0.00014694767463675111,4.7961491672917534e+20,3507413410354536.0
57157.15715715716,1327.9598894157275,0.051615558169072505,280.0,2.662681373986582e+19,7.780359540271715e-22,468543.9399395206,0.15203318170808225,1,1,1,2.8365437012149168e+22,0.00014694768453287776,4.775402771965259e+20,3500795066747919.5
57257.25725725726,1325.3818857194328,0.051657667839047114,280.0,2.6493879349975085e+19,7.776580749957791e-22,468316.3759956274,0.15152690113848943,1,1,1,2.8365417948616015e+22,0.00014694769440878094,4.754721396443478e+20,3494156066842414.0
57357.35735735736,1322.8038820231382,0.05170087293569833,280.0,2.636160863513718e+19,7.77279644301513e-22,468088.47983277304,0.15102021129653811,1,1,1,2.8365398924076685e+22,0.00014694770426449053,4.734105156342963e+20,3487496409341018.5
57457.45745745746,1320.2258783268435,0.05174520184072993,280.0,2.622999828195386e+19,7.769006600615134e-22,467860.25031707366,0.15051311267307546,1,1,1,2.8365379938473956e+22,0.00014694771410003618,4.7135541666602956e+20,3480816093653763.0
57557.557557557564,1317.6478746305486,0.05179068366515725,280.0,2.609904499356899e+19,7.765211203828037e-22,467631.68630855245,0.15000560587767267,1,1,1,2.8365360991751218e+22,0.00014694772391544717,4.693068541755031e+20,3474115119904490.5
57657.65765765766,1315.069870934254,0.051837348267728914,280.0,2.5968745489586037e+19,7.761410233622134e-22,467402.78666109423,0.14949769163999257,1,1,1,2.8365342083852483e+22,0.00014694773371075245,4.67264839533249e+20,3467393488937663.5
57757.75775775776,1312.4918672379592,0.05188522627379695,280.0,2.583909650598581e+19,7.757603670863046e-22,467173.5502224003,0.1489893708111492,1,1,1,2.836532321472239e+22,0.00014694774348598065,4.652293840426378e+20,3460651202325186.5
57857.85785785786,1309.9138635416646,0.05193434909464534,280.0,2.571009479504477e+19,7.753791496312971e-22,466943.9758339438,0.14848064436505984,1,1,1,2.8365304384306215e+22,0.0001469477532411601,4.6320049893812647e+20,3453888262373254.5
57957.95795795796,1307.33585984537,0.05198474894728712,280.0,2.5581737125253628e+19,7.749973690629902e-22,466714.06233092264,0.14797151339978792,1,1,1,2.83652855925499e+22,0.0001469477629763187,4.611781953834896e+20,3447104672129220.0
58058.058058058064,1304.757856149075,0.052036458874740496,280.0,2.545402028123636e+19,7.746150234366869e-22,466483.80854221334,0.14746197913887665,1,1,1,2.8365266839400035e+22,0.00014694777269148415,4.591624844700363e+20,3440300435388480.5
58158.15815815816,1302.1798524527803,0.0520895127667943,280.0,2.53269410636698e+19,7.742321107971158e-22,466253.2132903247,0.14695204293267322,1,1,1,2.8365248124803904e+22,0.00014694778238668368,4.5715337721481226e+20,3433475556701385.5
58258.25825825826,1299.6018487564857,0.05214394538127375,280.0,2.5200496289203347e+19,7.738486291783526e-22,466022.2753913502,0.14644170625964115,1,1,1,2.8365229448709466e+22,0.00014694779206194422,4.55150884558786e+20,3426630041380160.0
58358.35835835836,1297.023845060191,0.05219979236581721,280.0,2.5074682790379287e+19,7.734645766037394e-22,465790.9936549191,0.14593097072766245,1,1,1,2.8365210811065384e+22,0.00014694780171729227,4.531550173650224e+20,3419763895505852.0
58458.45845845846,1294.4458413638963,0.05225709028017501,280.0,2.494949741555346e+19,7.730799510858071e-22,465559.36688415037,0.1454198380753268,1,1,1,2.8365192211821035e+22,0.0001469478113527541,4.511657864168408e+20,3412877125935292.0
58558.558558558565,1291.8678376676014,0.0523158766190416,280.0,2.4824937028816245e+19,7.726947506261936e-22,465327.3938756029,0.1449083101732086,1,1,1,2.8365173650926525e+22,0.00014694782096835545,4.491832024159601e+20,3405969740308073.5
58658.65865865866,1289.2898339713067,0.05237618983543239,280.0,2.470099850991412e+19,7.723089732155605e-22,465095.0734192254,0.14439638902513036,1,1,1,2.8365155128332696e+22,0.00014694783056412177,4.4720727598063065e+20,3399041747053552.5
58758.75875875876,1286.711830275012,0.05243806936461687,280.0,2.4577678754171388e+19,7.719226168335133e-22,464862.4042983086,0.14388407676941178,1,1,1,2.836513664399114e+22,0.0001469478401400781,4.452380176437515e+20,3392093155397857.0
58858.85885885886,1284.1338265787174,0.05250155564861962,280.0,2.4454974672412455e+19,7.715356794485168e-22,464629.38528943405,0.14337137568010408,1,1,1,2.8365118197854227e+22,0.00014694784969624904,4.4327543785097626e+20,3385123975370917.5
58958.95895895896,1281.5558228824227,0.052566690161301215,280.0,2.4332883190884454e+19,7.711481590178117e-22,464396.0151624241,0.1428582881682087,1,1,1,2.836509978987509e+22,0.00014694785923265885,4.4131954695880625e+20,3378134217813512.0
59059.059059059065,1278.9778191861278,0.052633515434030984,280.0,2.4211401251180184e+19,7.707600534873296e-22,464162.29268029047,0.14234481678287952,1,1,1,2.8365081420007672e+22,0.00014694786874933137,4.393703552326708e+20,3371123894384323.5
59159.159159159164,1276.3998154898331,0.05270207508196377,280.0,2.4090525810161623e+19,7.703713607916074e-22,463928.21659918304,0.14183096421260835,1,1,1,2.836506308820672e+22,0.00014694787824628993,4.374278728449968e+20,3364093017567017.5
59259.25925925926,1273.8218117935385,0.05277241383093327,280.0,2.3970253839883543e+19,7.6998207885370135e-22,463693.78566833766,0.14131673328639183,1,1,1,2.8365044794427812e+22,0.00014694788772355761,4.354921098732653e+20,3357041600677323.0
59359.35935935936,1271.2438080972438,0.05284457754497407,280.0,2.385058232751779e+19,7.695922055850995e-22,463458.9986300237,0.1408021269748806,1,1,1,2.8365026538627357e+22,0.00014694789718115684,4.335630762980586e+20,3349969657870136.5
59459.45945945946,1268.6658044009491,0.052918613254485374,280.0,2.373150827527773e+19,7.692017388856341e-22,463223.85421949136,0.14028714839150835,1,1,1,2.8365008320762623e+22,0.00014694790661910984,4.316407820010959e+20,3342877204146632.5
59559.559559559566,1266.0878007046542,0.05299456918504893,280.0,2.3613028700343157e+19,7.688106766433913e-22,462988.351164917,0.139771800793601,1,1,1,2.836499014079176e+22,0.0001469479160374381,4.2972523676325845e+20,3335764255361388.0
59659.659659659665,1263.5097970083596,0.05307249478691423,280.0,2.3495140634785657e+19,7.6841901673462335e-22,462752.48818735074,0.13925608758346536,1,1,1,2.8364971998673797e+22,0.00014694792543616292,4.278164502626061e+20,3328630828229518.0
59759.75975975976,1260.9317933120649,0.05315244076516392,280.0,2.3377841125494157e+19,7.680267570236567e-22,462516.26400066045,0.13874001230945518,1,1,1,2.8364953894368674e+22,0.00014694793481530497,4.259144320723823e+20,3321476940333818.5
59859.85985985986,1258.3537896157702,0.053234459110572556,280.0,2.3261127234101015e+19,7.676338953628013e-22,462279.67731147783,0.13822357866701543,1,1,1,2.836493582783725e+22,0.00014694794417488446,4.240191916590121e+20,3314302610131923.5
59959.95995995997,1255.7757859194753,0.05331860313117206,280.0,2.314499603690837e+19,7.672404295922576e-22,462042.7268191417,0.1377067904997029,1,1,1,2.8364917799041337e+22,0.00014694795351492118,4.221307383800904e+20,3307107856963468.0
60060.06006006007,1253.1977822231806,0.05340492748453701,280.0,2.3029444624814952e+19,7.668463575400228e-22,461805.4112156424,0.13718965180018314,1,1,1,2.836489980794369e+22,0.00014694796283543438,4.202490814823629e+20,3299892701057262.5
60160.160160160165,1250.619778526886,0.053493488210803554,280.0,2.2914470103243158e+19,7.664516770217986e-22,461567.7291855653,0.1366721667112017,1,1,1,2.836488185450806e+22,0.00014694797213644274,4.183742300996982e+20,3292657163538470.0
60260.260260260264,1248.0417748305913,0.053584342766435034,280.0,2.280006959206658e+19,7.6605638584089335e-22,461329.6794060326,0.1361543395265307,1,1,1,2.8364863938699184e+22,0.00014694798141796456,4.165061932510541e+20,3285401266435794.5
60360.36036036036,1245.4637711342966,0.05367755005874833,280.0,2.2686240225537835e+19,7.656604817881282e-22,461091.26054664643,0.13563617469188802,1,1,1,2.8364846060482813e+22,0.00014694799068001751,4.146449798384363e+20,3278125032688673.5
60460.46046046047,1242.8857674380017,0.05377317048121426,280.0,2.2572979152216797e+19,7.652639626417389e-22,460852.4712694298,0.1351176768058295,1,1,1,2.836482821982574e+22,0.00014694799992261877,4.12790598644851e+20,3270828486154477.0
60560.56056056057,1240.307763741707,0.05387126594954587,280.0,2.2460283534899143e+19,7.648668261672787e-22,460613.31022876815,0.13459885062061336,1,1,1,2.836481041669581e+22,0.00014694800914578492,4.109430583322526e+20,3263511651615712.5
60660.660660660666,1237.7297600454124,0.05397189993858839,280.0,2.234815055054531e+19,7.644690701175186e-22,460373.77607134945,0.13407970104303482,1,1,1,2.8364792651061953e+22,0.00014694801834953206,4.0910236743948435e+20,3256174554787228.0
60760.760760760764,1235.1517563491177,0.054075137520024394,280.0,2.2236577390209753e+19,7.640706922323476e-22,460133.8674361037,0.13356023313523185,1,1,1,2.8364774922894195e+22,0.00014694802753387564,4.072685343802168e+20,3248817222323425.5
60860.86086086086,1232.573752652823,0.054181045400908075,280.0,2.2125561258970587e+19,7.636716902386723e-22,459893.5829541428,0.13304045211545978,1,1,1,2.8364757232163674e+22,0.00014694803669883062,4.0544156744088e+20,3241439681825473.0
60960.96096096097,1229.9957489565281,0.05428969196304231,280.0,2.2015099375859585e+19,7.632720618503146e-22,459652.92124869896,0.13252036335883471,1,1,1,2.836473957884268e+22,0.0001469480458444113,4.036214747785932e+20,3234041961848517.0
61061.06106106107,1227.4177452602335,0.05440114730321209,280.0,2.1905188973792506e+19,7.628718047679081e-22,459411.8809350622,0.13199997239804476,1,1,1,2.836472196290466e+22,0.0001469480549706313,4.018082644190918e+20,3226624091908901.0
61161.161161161166,1224.8397415639388,0.05451548327428808,280.0,2.1795827299499774e+19,7.624709166787966e-22,459170.460620519,0.131479284924028,1,1,1,2.836470438432426e+22,0.0001469480640775039,4.000019442546503e+20,3219186102491376.0
61261.261261261265,1222.2617378676441,0.054632773527213754,280.0,2.1687011613457514e+19,7.62069395256925e-22,458928.65890428715,0.13095830678661705,1,1,1,2.836468684307732e+22,0.0001469480731650414,3.982025220420052e+20,3211728025056316.0
61361.36136136136,1219.6837341713494,0.05475309355388948,280.0,2.1578739189818933e+19,7.61667238162738e-22,458686.4743774543,0.13043704399514847,1,1,1,2.836466933914093e+22,0.00014694808223325576,3.9641000540027526e+20,3204249892046930.5
61461.46146146147,1217.1057304750545,0.05487652073096705,280.0,2.1471007316346024e+19,7.612644430430688e-22,458443.9056229111,0.12991550271903715,1,1,1,2.8364651872493435e+22,0.00014694809128215806,3.946244018088816e+20,3196751736896472.0
61561.56156156157,1214.5277267787599,0.05500313436456754,280.0,2.136381329434163e+19,7.608610075310341e-22,458200.9512152879,0.12939368928831407,1,1,1,2.836463444311447e+22,0.0001469481003117589,3.928457186054682e+20,3189233594035444.5
61661.66166166167,1211.9497230824652,0.05513301573593577,280.0,2.125715443858185e+19,7.604569292459224e-22,457957.60972088744,0.12887161019412738,1,1,1,2.8364617050984968e+22,0.00014694810932206804,3.910739629838213e+20,3181695498898800.5
61761.761761761765,1209.3717193861705,0.05526624814804384,280.0,2.115102807724875e+19,7.60052205793085e-22,457713.8796976194,0.1283492720892051,1,1,1,2.8364599696087214e+22,0.00014694811831309464,3.893091419917915e+20,3174137487933139.5
61861.861861861864,1206.7937156898759,0.05540291697315639,280.0,2.104543155186347e+19,7.596468347638249e-22,457469.75969493354,0.1278266817882798,1,1,1,2.8364582378404848e+22,0.00014694812728484718,3.8755126252921704e+20,3166559598603895.5
61961.96196196197,1204.215711993581,0.055543109701369886,280.0,2.0940362217219584e+19,7.592408137352823e-22,457225.24825375015,0.12730384626847321,1,1,1,2.8364565097922905e+22,0.00014694813623733333,3.858003313458488e+20,3158961869402519.5
62062.06206206207,1201.6377082972863,0.05568691599013761,280.0,2.0835817441316884e+19,7.588341402703226e-22,456980.34390639345,0.1267807726696412,1,1,1,2.8364547854627838e+22,0.0001469481451705601,3.840563550392801e+20,3151344339853654.5
62162.16216216217,1199.0597046009916,0.05583442771479228,280.0,2.0731794605295415e+19,7.58426811917421e-22,456735.0451765215,0.12625746829467724,1,1,1,2.836453064850755e+22,0.00014694815408453372,3.823193400528777e+20,3143707050522297.0
62262.262262262266,1196.481700904697,0.05598573902007713,280.0,2.062829110336988e+19,7.580188262105456e-22,456489.350579056,0.1257339406097745,1,1,1,2.8364513479551416e+22,0.0001469481629792596,3.80589292673719e+20,3136050043020952.5
62362.362362362364,1193.9036972084023,0.05614094637269643,280.0,2.052530434276437e+19,7.576101806690408e-22,456243.258620112,0.12521019724464508,1,1,1,2.8364496347750323e+22,0.00014694817185474248,3.788662190305339e+20,3128373360016779.0
62462.46246246247,1191.3256935121074,0.05630014861489564,280.0,2.0422831743647416e+19,7.572008727975092e-22,455996.767796927,0.12468624599269645,1,1,1,2.8364479253096687e+22,0.0001469481807109862,3.771501250916515e+20,3120677045238715.5
62562.56256256257,1188.7476898158127,0.05646344701908086,280.0,2.032087073906735e+19,7.567909000856908e-22,455749.87659778795,0.12416209481116366,1,1,1,2.8364462195584503e+22,0.00014694818954799388,3.754410166629547e+20,3112961143484603.0
62662.66266266267,1186.169686119518,0.056630945343487,280.0,2.021941877488802e+19,7.563802600083425e-22,455502.5835019587,0.12363775182119636,1,1,1,2.8364445175209353e+22,0.00014694819836576778,3.737388993858397e+20,3105225700628283.0
62762.762762762766,1183.5916824232233,0.056802749888902854,280.0,2.0118473309724807e+19,7.559689500251173e-22,455254.8869796074,0.12311322530790142,1,1,1,2.836442819196846e+22,0.00014694820716430927,3.720437787351854e+20,3097470763626688.0
62862.862862862865,1181.0136787269287,0.056978969556461256,280.0,2.0018031814880936e+19,7.555569675804372e-22,455006.78549172997,0.12258852372033842,1,1,1,2.836441124586071e+22,0.00014694821594361885,3.703556600173298e+20,3089696380526911.5
62962.96296296297,1178.4356750306338,0.05715971590650125,280.0,1.9918091774284177e+19,7.551443101033726e-22,454758.27749007713,0.12206365567146878,1,1,1,2.8364394336886687e+22,0.00014694822470369629,3.686745483680563e+20,3081902600473261.0
63063.06306306307,1175.857671334339,0.05734510321850857,280.0,1.9818650684423774e+19,7.547309750075136e-22,454509.36141707737,0.12153862993805754,1,1,1,2.83643774650487e+22,0.00014694823344454025,3.670004487505897e+20,3074089473714295.0
63163.16316316317,1173.2796676380444,0.05753524855214008,280.0,1.9719706054287757e+19,7.543169596908431e-22,454260.03570576024,0.12101345546052647,1,1,1,2.836436063035083e+22,0.00014694824216614861,3.653333659536024e+20,3066257051609834.5
63263.26326326327,1170.7016639417498,0.05773027180933639,280.0,1.9621255405300543e+19,7.5390226153560945e-22,454010.2987796798,0.12048814134275887,1,1,1,2.8364343832798967e+22,0.0001469482508685183,3.636733045892323e+20,3058405386637960.0
63363.363363363365,1168.123660245455,0.05793029579752629,280.0,1.952329627126083e+19,7.534868779081946e-22,453760.149052835,0.11996269685185455,1,1,1,2.836432707240083e+22,0.00014694825955164528,3.62020269091113e+20,3050534532401982.5
63463.46346346347,1165.5456565491602,0.05813544629392539,280.0,1.942582619827983e+19,7.530708061589832e-22,453509.5849295911,0.11943713141783498,1,1,1,2.836431034916602e+22,0.00014694826821552451,3.60374263712416e+20,3042644543637392.0
63563.56356356357,1162.9676528528655,0.058345852110930185,280.0,1.9328842744719802e+19,7.526540436222304e-22,453258.6048046,0.11891145463329772,1,1,1,2.836429366310605e+22,0.00014694827686015003,3.587352925239076e+20,3034735476218782.5
63663.66366366367,1160.3896491565708,0.058561645162607465,280.0,1.923234348113287e+19,7.5223658761592725e-22,453007.2070627189,0.11838567625301949,1,1,1,2.836427701423438e+22,0.00014694828548551483,3.5710335941201835e+20,3026807387166750.0
63763.76376376377,1157.8116454602762,0.058782960532277814,280.0,1.91363259902002e+19,7.518184354416651e-22,452755.3900789292,0.11785980619350757,1,1,1,2.836426040256647e+22,0.00014694829409161078,3.554784680769294e+20,3018860334654764.5
63863.863863863866,1155.2336417639815,0.05900993654119019,280.0,1.9040787866671403e+19,7.513995843844985e-22,452503.1522182534,0.11733385453249884,1,1,1,2.8364243828119802e+22,0.0001469483026784289,3.538606220306733e+20,3010894378016014.0
63963.96396396397,1152.6556380676866,0.05924271481828358,280.0,1.8945726717304316e+19,7.509800317128071e-22,452250.4918356722,0.11680783150840583,1,1,1,2.8364227290913936e+22,0.00014694831124595895,3.522498245952515e+20,3002909577750218.5
64064.06406406407,1150.077634371392,0.05948144037102933,280.0,1.885114016080504e+19,7.505597746781551e-22,451997.40727603977,0.11628174751970968,1,1,1,2.836421079097054e+22,0.00014694831979418968,3.506460789007702e+20,2994905995530416.0
64164.16416416417,1147.4996306750973,0.059726261657346943,280.0,1.8757025827768283e+19,7.501388105151495e-22,451743.8968739986,0.11575561312429875,1,1,1,2.836419432831344e+22,0.00014694832832310868,3.490493878835923e+20,2986883694209711.5
64264.26426426427,1144.9216269788026,0.05997733065858327,280.0,1.8663381360618017e+19,7.497171364412987e-22,451489.95895389374,0.11522943903875338,1,1,1,2.8364177902968657e+22,0.0001469483368327025,3.474597542845099e+20,2978842737827998.5
64364.364364364366,1142.343623282508,0.060234802953543935,280.0,1.8570204413548397e+19,7.492947496568657e-22,451235.5918296854,0.11470323613757573,1,1,1,2.836416151496446e+22,0.00014694834532295644,3.458771806469354e+20,2970783191618642.0
64464.46446446447,1139.765619586213,0.06049883779356331,280.0,1.847749265246505e+19,7.488716473447247e-22,450980.7938048615,0.11417701545236439,1,1,1,2.83641451643314e+22,0.0001469483537938546,3.443016693151132e+20,2962705122015128.0
64564.56456456457,1137.1876158899183,0.06076959817859684,280.0,1.8385243754926529e+19,7.484478266702106e-22,450725.5631723479,0.1136507881709335,1,1,1,2.836412885110235e+22,0.0001469483622453799,3.4273322243235244e+20,2954608596657677.5
64664.66466466467,1134.6096121936237,0.06104725093431825,280.0,1.8293455410086214e+19,7.480232847809727e-22,450469.89821441984,0.11312456563637606,1,1,1,2.836411257531258e+22,0.00014694837067751412,3.411718419392812e+20,2946493684399815.5
64764.76476476477,1132.031608497329,0.06133196679020015,280.0,1.8202125318634365e+19,7.475980188068211e-22,450213.7972026095,0.11259835934607061,1,1,1,2.8364096336999767e+22,0.0001469483790902376,3.39617529572124e+20,2938360455314908.0
64864.86486486487,1129.4536048010343,0.061623920458555206,280.0,1.811125119274056e+19,7.47172025859576e-22,449957.2583976152,0.11207218095063189,1,1,1,2.8364080136204067e+22,0.00014694838748352955,3.380702868610018e+20,2930208980702653.0
64964.96496496497,1126.8756011047394,0.061923290714511726,280.0,1.8020830755996373e+19,7.46745303032913e-22,449700.2800492087,0.1115460422528042,1,1,1,2.836406397296815e+22,0.00014694839585736782,3.365301151282569e+20,2922039333095530.5
65065.06506506507,1124.2975974084447,0.062230260476894284,280.0,1.7930861743358335e+19,7.463178474022079e-22,449442.86039614095,0.11101995520629791,1,1,1,2.8364047847337264e+22,0.00014694840421172894,3.3499701548680217e+20,2913851586265211.0
65165.16516516517,1121.71959371215,0.06254501688997777,280.0,1.7841341901091224e+19,7.458896560243788e-22,449184.9976660477,0.11049393191456842,1,1,1,2.836403175935927e+22,0.00014694841254658808,3.3347098883849585e+20,2905645815228911.5
65265.26526526527,1119.1415900158554,0.06286775140607888,280.0,1.7752268986711587e+19,7.4546072593772545e-22,448926.69007535226,0.10996798462953782,1,1,1,2.8364015709084696e+22,0.000146948420861919,3.3195203587254295e+20,2897422096255713.0
65365.36536536537,1116.5635863195607,0.06319865986894643,280.0,1.7663640768931568e+19,7.450310541617716e-22,448667.935829171,0.10944212575025863,1,1,1,2.83639996965668e+22,0.00014694842915769407,3.304401570639237e+20,2889180506872824.0
65465.46546546547,1113.9855826232658,0.063537942597908,280.0,1.7575455027603024e+19,7.446006376970978e-22,448408.7331212123,0.10891636782151985,1,1,1,2.8363983721861604e+22,0.00014694843743388427,3.289353526718497e+20,2880921125871797.5
65565.56556556557,1111.4075789269712,0.06388580447272627,280.0,1.7487709553661903e+19,7.441694735251824e-22,448149.0801336809,0.10839072353239508,1,1,1,2.836396778502797e+22,0.00014694844569045903,3.27437622738249e+20,2872644033314696.0
65665.66566566567,1108.8295752306765,0.0642424550191151,280.0,1.74004021490729e+19,7.437375586082298e-22,447888.9750371746,0.10786520571473225,1,1,1,2.8363951886127633e+22,0.00014694845392738636,3.2594696708627975e+20,2864349310540200.0
65765.76576576577,1106.2515715343818,0.06460810849486037,280.0,1.7313530626774405e+19,7.433048898890062e-22,447628.4159905851,0.10733982734158577,1,1,1,2.836393602522526e+22,0.0001469484621446327,3.2446338531887474e+20,2856037040169669.5
65865.86586586587,1103.6735678380871,0.06498298397648651,280.0,1.722709281062373e+19,7.42871464290667e-22,447367.4011409945,0.1068146015255902,1,1,1,2.8363920202388516e+22,0.00014694847034216297,3.229868768173162e+20,2847707306113143.5
65965.96596596597,1101.0955641417925,0.06536730544640537,280.0,1.7141086535342555e+19,7.424372787165866e-22,447105.9286235722,0.10628954151727613,1,1,1,2.836390441768811e+22,0.00014694847851994049,3.215174407398421e+20,2839360193575285.0
66066.06606606607,1098.5175604454978,0.06576130188047843,280.0,1.7055509646462736e+19,7.420023300501838e-22,446843.99656147027,0.10576466070332766,1,1,1,2.8363888671197862e+22,0.00014694848667792698,3.20055076020285e+20,2830995789061266.5
66166.16616616616,1095.9395567492031,0.06616520733591881,280.0,1.6970360000272312e+19,7.415666151547458e-22,446581.60306571703,0.10523997260478238,1,1,1,2.836387296299475e+22,0.00014694849481608255,3.185997813667432e+20,2822614180382594.5
66266.26626626628,1093.361553052908,0.06657926103945415,280.0,1.6885635463761764e+19,7.411301308732514e-22,446318.74623511115,0.10471549087517308,1,1,1,2.8363857293158977e+22,0.00014694850293436556,3.171515552602858e+20,2814215456662872.5
66366.36636636638,1090.7835493566133,0.067003707475665,280.0,1.68013339145707e+19,7.406928740281898e-22,446055.4241561117,0.10419122929861245,1,1,1,2.8363841661774024e+22,0.00014694851103273272,3.157103959536928e+20,2805799708343503.5
66466.46646646647,1088.2055456603186,0.06743879647540958,280.0,1.671745324093456e+19,7.40254841421381e-22,445791.63490273105,0.10366720178781921,1,1,1,2.8363826068926717e+22,0.0001469485191111391,3.142763014702282e+20,2797367027189318.5
66566.56656656657,1085.627541964024,0.06788478330423657,280.0,1.6633991341631783e+19,7.398160298337894e-22,445527.37653642154,0.10314342238208814,1,1,1,2.836381051470728e+22,0.00014694852716953783,3.128492696024507e+20,2788917506294147.0
66666.66666666667,1083.0495382677293,0.06834192875068394,280.0,1.6550946125931155e+19,7.393764360253403e-22,445262.6471059657,0.10261990524520229,1,1,1,2.8363794999209408e+22,0.00014694853520788036,3.114292979110595e+20,2780451240086314.5
66766.76676676677,1080.4715345714346,0.06881049921435403,280.0,1.646831551353944e+19,7.3893605673473e-22,444997.4446473617,0.10209666466328904,1,1,1,2.8363779522530317e+22,0.00014694854322611631,3.1001638372377775e+20,2771968324334072.0
66866.86686686687,1077.89353087514,0.06929076679364785,280.0,1.6386097434549283e+19,7.384948886792366e-22,444731.7671837093,0.10157371504261939,1,1,1,2.836376408477082e+22,0.00014694855122419337,3.086105241342729e+20,2763468856150950.0
66966.96696696697,1075.3155271788453,0.06978300937303498,280.0,1.6304289829387321e+19,7.380529285545288e-22,444465.6127250947,0.10105107090735133,1,1,1,2.8363748686035373e+22,0.00014694855920205742,3.0721171600111587e+20,2754952934001043.5
67067.06706706707,1072.7375234825506,0.0702875107097278,280.0,1.6222890648762628e+19,7.376101730344688e-22,444198.97926847223,0.1005287468972178,1,1,1,2.836373332643216e+22,0.0001469485671596524,3.058199559467783e+20,2746420657704218.0
67167.16716716716,1070.159519786256,0.07080456051962042,280.0,1.6141897853615366e+19,7.37166618770919e-22,443931.86479754717,0.10000675776515927,1,1,1,2.8363718006073138e+22,0.00014694857509692022,3.044352403566702e+20,2737872128441239.5
67267.26726726728,1067.5815160899608,0.07133445456234559,280.0,1.606130941506567e+19,7.367222623935387e-22,443664.2672826543,0.09948511837490157,1,1,1,2.836370272507412e+22,0.00014694858301380085,3.030575653782164e+20,2729307448758826.0
67367.36736736738,1065.0035123936661,0.07187749472529285,280.0,1.5981123314362925e+19,7.362771005095879e-22,443396.1846806388,0.09896384369848021,1,1,1,2.8363687483554832e+22,0.00014694859091023222,3.016869269199752e+20,2720726722574622.0
67467.46746746748,1062.4255086973715,0.07243398910642497,280.0,1.5901337542835077e+19,7.358311297037194e-22,443127.6149347317,0.09844294881370975,1,1,1,2.836367228163898e+22,0.00014694859878615024,3.003233206507961e+20,2712130055182080.5
67567.56756756757,1059.8475050010768,0.0730042520957175,280.0,1.5821950101838391e+19,7.353843465377759e-22,442858.55597442755,0.09792244890160161,1,1,1,2.8363657119454324e+22,0.00014694860664148866,2.989667419990211e+20,2703517553255272.0
67667.66766766767,1057.2695013047821,0.0735886044550394,280.0,1.5742959002707347e+19,7.3493674755058e-22,442589.00571535766,0.09740235924372846,1,1,1,2.8363641997132726e+22,0.0001469486144761791,2.9761718615172724e+20,2694889324853602.0
67767.76776776777,1054.6914976084875,0.07418737339628217,280.0,1.5664362266704855e+19,7.344883292577245e-22,442318.9620591642,0.09688269521953731,1,1,1,2.836362691481025e+22,0.0001469486222901511,2.9627464805401205e+20,2686245479426441.5
67867.86786786787,1052.1134939121928,0.07480089265753442,280.0,1.5586157924972659e+19,7.340390881513582e-22,442048.42289337097,0.09636347230361149,1,1,1,2.8363611872627203e+22,0.00014694863008333188,2.9493912240832256e+20,2677586127817669.0
67967.96796796797,1049.535490215898,0.07542950257708936,280.0,1.5508344018482045e+19,7.335890206999719e-22,441777.3860912546,0.09584470606288216,1,1,1,2.836359687072821e+22,0.0001469486378556465,2.9361060367382777e+20,2668911382270119.5
68068.06806806807,1046.9574865196034,0.07607355016506137,280.0,1.5430918597984735e+19,7.33138123348179e-22,441505.84951171244,0.09532641215379056,1,1,1,2.8363581909262292e+22,0.00014694864560701765,2.922890860658355e+20,2660221356429942.0
68168.16816816817,1044.3794828233088,0.07673338917237722,280.0,1.5353879723964099e+19,7.326863925164945e-22,441233.8109991295,0.09480860631940134,1,1,1,2.8363566988382932e+22,0.0001469486533373659,2.9097456355525388e+20,2651516165350861.0
68268.26826826828,1041.8014791270136,0.07740938015689619,280.0,1.5277225466586489e+19,7.322338246011134e-22,440961.26838324487,0.09429130438646778,1,1,1,2.836355210824814e+22,0.0001469486610466092,2.8966702986809773e+20,2642795925498339.0
68368.36836836838,1039.223475430719,0.07810189054640097,280.0,1.5200953905653033e+19,7.3178041597368295e-22,440688.21947901463,0.09377452226245095,1,1,1,2.836353726902052e+22,0.00014694866873466342,2.883664784850417e+20,2634060754753649.0
68468.46846846848,1036.6454717344243,0.0788112946981919,280.0,1.5125063130551398e+19,7.313261629810763e-22,440414.66208647564,0.09325827593249136,1,1,1,2.836352247086735e+22,0.00014694867640144176,2.8707290264101716e+20,2625310772417830.5
68568.56856856857,1034.0674680381296,0.07953797395500053,280.0,1.5049551240208011e+19,7.308710619451579e-22,440140.5939906042,0.09274258145633676,1,1,1,2.836350771396065e+22,0.0001469486840468551,2.8578629532485747e+20,2616546099215558.0
68668.66866866867,1031.489464341835,0.08028231669693078,280.0,1.497441634304038e+19,7.304151091625527e-22,439866.0129611769,0.09222745496522516,1,1,1,2.836349299847723e+22,0.0001469486916708118,2.8450664927898914e+20,2607766857298897.0
68768.76876876877,1028.9114606455403,0.08104471838911972,280.0,1.489965655690977e+19,7.299583009044077e-22,439590.9167526273,0.09171291265872479,1,1,1,2.8363478324598807e+22,0.0001469486992732176,2.8323395699917013e+20,2598973170250955.5
68868.86886886887,1026.3334569492456,0.08182558162479914,280.0,1.4825270009074012e+19,7.295006334161532e-22,439315.3031039019,0.09119897080153236,1,1,1,2.8363463692512016e+22,0.00014694870685397587,2.8196821073427556e+20,2590165163089427.5
68968.96896896897,1023.7554532529509,0.08262531616342444,280.0,1.4751254836140605e+19,7.290421029172595e-22,439039.16973831377,0.09068564572022988,1,1,1,2.8363449102408517e+22,0.00014694871441298728,2.8070940248613123e+20,2581342962270024.0
69069.06906906907,1021.1774495566563,0.08344433896352507,280.0,1.4677609184020042e+19,7.28582705600992e-22,438762.51436339505,0.090172953800002,1,1,1,2.8363434554485063e+22,0.00014694872195014977,2.794575240093951e+20,2572506695689794.0
69169.16916916918,1018.5994458603611,0.08428307420991643,280.0,1.460433120787935e+19,7.281224376341623e-22,438485.33467074705,0.08966091148131447,1,1,1,2.836342004894355e+22,0.0001469487294653588,2.7821256681148678e+20,2563656492690329.5
69269.26926926928,1016.0214421640665,0.08514195333489849,280.0,1.45314190720959e+19,7.276612951568786e-22,438207.6283358899,0.08914953525655553,1,1,1,2.836340558599109e+22,0.00014694873695850693,2.7697452215256675e+20,2554792484060858.5
69369.36936936938,1013.4434384677718,0.08602141503305608,280.0,1.4458870950211398e+19,7.271992742822892e-22,437929.3930181081,0.08863884166664025,1,1,1,2.836339116584009e+22,0.00014694874442948414,2.757433810455622e+20,2545914802041209.5
69469.46946946948,1010.8654347714771,0.0869219052692555,280.0,1.4386685024886147e+19,7.267363710963262e-22,437650.62636029616,0.08812884729758072,1,1,1,2.8363376788708314e+22,0.00014694875187817757,2.7451913425624397e+20,2537023580324666.5
69569.56956956958,1008.2874310751824,0.08784387727942405,280.0,1.4314859487853533e+19,7.262725816574445e-22,437371.32598880155,0.08761956877702211,1,1,1,2.836336245481893e+22,0.00014694875930447153,2.733017723033515e+20,2528118954060695.5
69669.66966966967,1005.7094273788878,0.08878779156368136,280.0,1.4243392539874683e+19,7.258079019963588e-22,437091.4895132661,0.0871110227707462,1,1,1,2.8363348164400596e+22,0.00014694876670824755,2.7209128545876758e+20,2519201059857549.5
69769.76976976977,1003.1314236825931,0.08975411587137791,280.0,1.417228239069346e+19,7.253423281157764e-22,436811.1145264651,0.08660322597914441,1,1,1,2.8363333917687513e+22,0.00014694877408938424,2.7088766374774224e+20,2510270035784744.0
69869.86986986987,1000.5534199862984,0.09074332517758252,280.0,1.410152725899156e+19,7.248758559901268e-22,436530.1986041449,0.08609619513366046,1,1,1,2.836331971491949e+22,0.00014694878144775732,2.6969089694916667e+20,2501326021375407.0
69969.96996996997,997.9754162900037,0.09175590165054581,280.0,1.4031125372343929e+19,7.244084815652876e-22,436248.7393048572,0.08558994699320524,1,1,1,2.8363305556342007e+22,0.00014694878878323953,2.6850097459589654e+20,2492369157628497.0
70070.07007007007,995.3974125937091,0.09279233460965283,280.0,1.396107496717433e+19,7.239402007583096e-22,435966.73416979396,0.08508449834054464,1,1,1,2.836329144220626e+22,0.00014694879609570074,2.673178859751252e+20,2483399587010887.5
70170.17017017018,992.819408897414,0.09385312047336462,280.0,1.3891374288711188e+19,7.234710094571339e-22,435684.1807226167,0.08457986597866207,1,1,1,2.836327737276924e+22,0.0001469488033850078,2.661416201288067e+20,2474417453459316.5
70270.27027027028,990.2414052011193,0.09493876269663389,280.0,1.382202159094364e+19,7.23000903520311e-22,435401.07646928774,0.08407606672709703,1,1,1,2.836326334829377e+22,0.0001469488106510244,2.6497216585412936e+20,2465422902382206.5
70370.37037037038,987.6634015048246,0.09604977169726953,280.0,1.3753015136577765e+19,7.225298787767112e-22,435117.4188978954,0.08357311741826104,1,1,1,2.8363249369048574e+22,0.00014694881789361136,2.638095117040377e+20,2456416080661331.0
70470.47047047048,985.0853978085299,0.09718666477070709,280.0,1.368435319699309e+19,7.220579310252345e-22,434833.2054784796,0.08307103489373305,1,1,1,2.836323543530831e+22,0.00014694882511262633,2.6265364598780586e+20,2447397136653353.0
70570.57057057058,982.5073941122353,0.09834996599263512,280.0,1.361603405219928e+19,7.215850560345178e-22,434548.4336628553,0.08256983600053527,1,1,1,2.836322154735364e+22,0.00014694883230792382,2.6150455677166023e+20,2438366220191215.0
70670.67067067068,979.9293904159406,0.0995402061089121,280.0,1.3548055990793064e+19,7.211112495426338e-22,434263.1008844315,0.0820695375873913,1,1,1,2.836320770547126e+22,0.0001469488394793553,2.603622318794518e+20,2429323482585384.0
70770.77077077077,977.3513867196459,0.100757922412199,280.0,1.348041730991533e+19,7.206365072567922e-22,433977.20455803064,0.08157015650096791,1,1,1,2.8363193909953956e+22,0.00014694884662676903,2.5922665889337842e+20,2420269076624951.0
70870.87087087087,974.7733830233512,0.1020036586047215,280.0,1.3413116315208511e+19,7.2016082485303205e-22,433690.74207970424,0.08107170958210254,1,1,1,2.836318016110063e+22,0.00014694885375001008,2.5809782515475664e+20,2411203156578578.0
70970.97097097097,972.1953793270566,0.10327796464656692,280.0,1.3346151320774117e+19,7.196841979759129e-22,433403.7108265462,0.08057421366201745,1,1,1,2.836316645921636e+22,0.00014694886084892043,2.569757177648431e+20,2402125878195295.5
71071.07107107107,969.6173756307619,0.1045813965889113,280.0,1.3279520649130506e+19,7.192066222382022e-22,433116.10815650463,0.0800776855585228,1,1,1,2.8363152804612414e+22,0.00014694886792333866,2.558603235857053e+20,2393037398705146.0
71171.17117117118,967.0393719344668,0.10591451639156575,280.0,1.3213222631170861e+19,7.187280932205563e-22,432827.9314081903,0.07958214207221001,1,1,1,2.8363139197606298e+22,0.00014694887497310034,2.547516292411413e+20,2383937876819669.0
71271.27127127128,964.4613682381721,0.10727789172422242,280.0,1.3147255606121394e+19,7.182486064712016e-22,432539.17790068383,0.07908759998263723,1,1,1,2.836312563852177e+22,0.0001469488819980376,2.5364962111764932e+20,2374827472732237.0
71371.37137137138,961.8833645418774,0.10867209575078038,280.0,1.3081617921499722e+19,7.177681575056064e-22,432249.8449333388,0.0785940760445079,1,1,1,2.836311212768888e+22,0.0001469488889979795,2.5255428536544458e+20,2365706348118216.0
71471.47147147148,959.3053608455828,0.11009770689611982,280.0,1.301630793307348e+19,7.1728674180615305e-22,431959.92978558363,0.07810158698384553,1,1,1,2.836309866544398e+22,0.00014694889597275166,2.5146560789952617e+20,2356574666134977.0
71571.57157157158,956.7273571492881,0.11155530859469862,280.0,1.295132400481914e+19,7.168043548218046e-22,431669.4297167214,0.077610149494165,1,1,1,2.836308525212973e+22,0.00014694890292217655,2.503835744007915e+20,2347432591421737.0
71671.67167167168,954.1493534529934,0.11304548902034058,280.0,1.2886664508881025e+19,7.163209919677646e-22,431378.3419657248,0.07711978023264274,1,1,1,2.836307188809514e+22,0.00014694890984607326,2.4930817031719895e+20,2338280290099235.5
71771.77177177178,951.5713497566987,0.11456884079658666,280.0,1.2822327825530518e+19,7.1583664862513735e-22,431086.6637510312,0.07663049581628745,1,1,1,2.8363058573695546e+22,0.0001469489167442577,2.4823938086497803e+20,2329117929769239.5
71871.87187187187,948.9933460604041,0.11612596068698408,280.0,1.2758312343125502e+19,7.153513201405784e-22,430794.3922703328,0.0761423128181131,1,1,1,2.8363045309292625e+22,0.0001469489236165424,2.4717719102988724e+20,2319945679513881.0
71971.97197197197,946.4153423641094,0.11771744926469353,280.0,1.2694616458069996e+19,7.14865001825946e-22,430501.52470036614,0.07565524776331584,1,1,1,2.836303209525439e+22,0.00014694893046273672,2.461215855685187e+20,2310763709894817.5
72072.07207207207,943.8373386678147,0.11934391056080211,280.0,1.263123857477396e+19,7.143776889579431e-22,430208.0581966969,0.07516931712545652,1,1,1,2.836301893195519e+22,0.0001469489372826466,2.4507254900964957e+20,2301572192952221.5
72172.17217217218,941.2593349715196,0.12100595169074034,280.0,1.2568177105613343e+19,7.138893767777581e-22,429913.9898935034,0.07468453732265072,1,1,1,2.836300581977567e+22,0.00014694894407607485,2.4403006565563957e+20,2292371302203587.0
72272.27227227228,938.6813312752249,0.12270418245821176,280.0,1.2505430470890314e+19,7.134000604906994e-22,429619.3169033564,0.07420092471376821,1,1,1,2.8362992759102778e+22,0.0001469489508428209,2.429941195838751e+20,2283161212642366.0
72372.37237237238,936.1033275789302,0.1244392149360656,280.0,1.2442997098793679e+19,7.129097352658253e-22,429324.03631699644,0.07371849559464266,1,1,1,2.836297975032972e+22,0.00014694895758268103,2.4196469464825728e+20,2273942100736408.5
72472.47247247248,933.5253238826356,0.12621166302355152,280.0,1.238087542535951e+19,7.124183962355695e-22,429028.1452031084,0.07323726619429473,1,1,1,2.8362966793855944e+22,0.0001469489642954482,2.4094177448073645e+20,2264714144426231.5
72572.57257257258,930.9473201863409,0.12802214197942574,280.0,1.2319063894431975e+19,7.119260384953611e-22,428731.640608092,0.07275725267116902,1,1,1,2.836295389008707e+22,0.00014694897098091223,2.3992534249289043e+20,2255477523123097.0
72672.67267267268,928.3693164900462,0.1298712679303989,280.0,1.2257560957624357e+19,7.114326571032401e-22,428434.5195558313,0.0722784711093875,1,1,1,2.8362941039434875e+22,0.00014694897763885975,2.389153818775469e+20,2246232417706901.2
72772.77277277278,925.7913127937516,0.13175965735444328,280.0,1.2196365074280241e+19,7.1093824707946795e-22,428136.77904745925,0.07180093751502052,1,1,1,2.8362928242317215e+22,0.00014694898426907425,2.379118756104494e+20,2236979010523874.2
72872.87287287287,923.2133090974569,0.1336879265385122,280.0,1.2135474711434959e+19,7.104428034061324e-22,427838.4160611201,0.07132466781237753,1,1,1,2.836291549915797e+22,0.00014694899087133598,2.3691480645196595e+20,2227717485384086.8
72972.97297297297,920.6353054011622,0.13565669101025613,280.0,1.2074888343777165e+19,7.099463210267469e-22,427539.4275517283,0.07084967784031901,1,1,1,2.8362902810386986e+22,0.00014694899744542234,2.3592415694884045e+20,2218448027558762.2
73073.07307307307,918.0573017048675,0.13766656494336346,280.0,1.2014604453610631e+19,7.0944879484584575e-22,427239.8104507243,0.07037598334859137,1,1,1,2.836289017643996e+22,0.00014694900399110744,2.3493990943598563e+20,2209170823777392.2
73173.17317317319,915.4792980085724,0.13971816053619474,280.0,1.1954621530816223e+19,7.089502197285733e-22,426939.5616658276,0.06990359999418642,1,1,1,2.8362877597758396e+22,0.00014694901050816252,2.3396204603831714e+20,2199886062224651.8
73273.27327327328,912.9012943122777,0.14181208736342746,280.0,1.1894938072814098e+19,7.084505905002662e-22,426638.6780807847,0.06943254333772762,1,1,1,2.8362865074789476e+22,0.00014694901699635588,2.32990548672629e+20,2190593932537118.8
73373.37337337338,910.3232906159831,0.14394895170048588,280.0,1.1835552584526017e+19,7.079499019460335e-22,426337.15655511676,0.06896282883988351,1,1,1,2.836285260798597e+22,0.00014694902345545286,2.3202539904950773e+20,2181294625799779.0
73473.47347347348,907.7452869196884,0.14612935582057687,280.0,1.177646357833794e+19,7.074481488103272e-22,426034.9939238604,0.06849447185781171,1,1,1,2.8362840197806116e+22,0.00014694902988521605,2.3106657867528684e+20,2171988334542337.5
73573.57357357358,905.1672832233937,0.14835389726422563,280.0,1.1717669574062731e+19,7.069453257965103e-22,425732.1869973083,0.06802748764163337,1,1,1,2.83628278447135e+22,0.00014694903628540513,2.3011406885403974e+20,2162675252735316.2
73673.67367367368,902.589279527099,0.15062316808126452,280.0,1.16591690989031e+19,7.064414275664149e-22,425428.73256074224,0.06756189133094123,1,1,1,2.836281554917691e+22,0.00014694904265577727,2.2916785068961058e+20,2153355575785943.8
73773.77377377378,900.0112758308044,0.15293775404530155,280.0,1.1600960687414678e+19,7.059364487399008e-22,425124.62737416796,0.06709769795134173,1,1,1,2.8362803311670207e+22,0.0001469490489960869,2.2822790508768235e+20,2144029500533832.8
73873.87387387388,897.4332721345097,0.15529823384077113,280.0,1.1543042881469352e+19,7.054303838944004e-22,424819.8681720407,0.06663492241103329,1,1,1,2.8362791132672152e+22,0.0001469490553060859,2.2729421275788162e+20,2134697225246444.8
73973.97397397397,894.855268438215,0.15770517822275176,280.0,1.14854142302187e+19,7.049232275644636e-22,424514.4516629913,0.06617357949742238,1,1,1,2.8362779012666254e+22,0.00014694906158552371,2.2636675421591922e+20,2125358949614337.5
74074.07407407407,892.2772647419204,0.16015914914981863,280.0,1.142807329005767e+19,7.044149742412932e-22,424208.37452954653,0.06571368387377843,1,1,1,2.836276695214058e+22,0.00014694906783414746,2.254455097857659e+20,2116014874746196.2
74174.17417417419,889.6992610456252,0.1626606988902945,280.0,1.13710186245884e+19,7.039056183722736e-22,423901.63342784496,0.06525525007592971,1,1,1,2.8362754951587585e+22,0.00014694907405170195,2.245304596018623e+20,2106665203163642.5
74274.27427427428,887.1212573493306,0.16521036910235212,280.0,1.1314248804584262e+19,7.033951543604969e-22,423594.2249873517,0.06479829250900147,1,1,1,2.8362743011503885e+22,0.00014694908023792983,2.2362158361136323e+20,2097310138795828.2
74374.37437437438,884.5432536530359,0.16780868988853354,280.0,1.1257762407954029e+19,7.028835765642771e-22,423286.1458105659,0.064342825444197,1,1,1,2.8362731132390073e+22,0.00014694908639257165,2.2271886157641338e+20,2087949886973792.0
74474.47447447448,881.9652499567412,0.1704561788253418,280.0,1.1201558019706266e+19,7.023708792966612e-22,422977.39247272647,0.06388886301562469,1,1,1,2.8362719314750472e+22,0.00014694909251536614,2.218222730764563e+20,2078584654424603.5
74574.57457457458,879.3872462604465,0.17315333996868612,280.0,1.114563423191389e+19,7.018570568249326e-22,422667.96152151265,0.06343641921717072,1,1,1,2.836270755909292e+22,0.00014694909860605014,2.2093179751057415e+20,2069214649265273.0
74674.67467467468,876.8092425641519,0.17590066283606853,280.0,1.1089989643678892e+19,7.013421033701069e-22,422357.84947674064,0.06298550789942023,1,1,1,2.83626958659285e+22,0.00014694910466435878,2.2004741409985777e+20,2059840080996432.0
74774.77477477478,874.2312388678572,0.17869862136652204,280.0,1.1034622861097255e+19,7.008260131064222e-22,422047.05283005664,0.06253614276662714,1,1,1,2.8362684235771302e+22,0.00014694911069002567,2.1916910188980647e+20,2050461160495782.0
74874.87487487488,871.6532351715625,0.18154767285943457,280.0,1.0979532497224008e+19,7.0030878016082e-22,421735.56804462406,0.06208833737373477,1,1,1,2.8362672669138126e+22,0.000146949116682783,2.1829683975275646e+20,2041078100011310.8
74974.97497497498,869.0752314752679,0.18444825689351946,280.0,1.0924717172038525e+19,6.997903986124205e-22,421423.3915548078,0.061642105123448095,1,1,1,2.8362661166548217e+22,0.0001469491226423617,2.1743060639033724e+20,2031691113154270.2
75075.07507507507,866.4972277789732,0.18740079422732647,280.0,1.0870175512409928e+19,6.992708624919907e-22,421110.5197658537,0.06119745926335907,1,1,1,2.8362649728522954e+22,0.00014694912856849163,2.1657038033595495e+20,2022300414891919.8
75175.17517517519,863.919224082678,0.1904056856828204,280.0,1.0815906152062687e+19,6.987501657814035e-22,420796.949053563,0.06075441288312599,1,1,1,2.8362638355585546e+22,0.00014694913446090165,2.157161399573018e+20,2012906221540026.8
75275.27527527529,861.3412203863834,0.19346331101368947,280.0,1.0761907731542428e+19,6.982283024130901e-22,420482.6757639624,0.06031297891170886,1,1,1,2.83626270482607e+22,0.00014694914031931984,2.148678634588914e+20,2003508750755132.5
75375.37537537538,858.7632166900887,0.1965740277601961,280.0,1.0708178898181827e+19,6.977052662694852e-22,420167.69621297,0.05987317011466028,1,1,1,2.836261580707429e+22,0.00014694914614347368,2.140255288846172e+20,1994108221526563.0
75475.47547547548,856.185212993794,0.19973817009250533,280.0,1.0654718306066764e+19,6.971810511824619e-22,419852.00668605504,0.059434999091474955,1,1,1,2.836260463255301e+22,0.0001469491519330903,2.1318911412033595e+20,1984704854168206.5
75575.57557557558,853.6072092974994,0.20295604764458758,280.0,1.0601524616002599e+19,6.96655650932762e-22,419535.60343789496,0.05899847827299742,1,1,1,2.8362593525223993e+22,0.0001469491576878965,2.1235859689647263e+20,1975298870310038.0
75675.67567567568,851.0292056012047,0.20622794434092545,280.0,1.0548596495480617e+19,6.961290592494151e-22,419218.48269202496,0.05856361991888971,1,1,1,2.8362582485614455e+22,0.0001469491634076191,2.1153395479064786e+20,1965890492889397.5
75775.77577577578,848.45120190491,0.20955411721840023,280.0,1.0495932618644664e+19,6.95601269809151e-22,418900.64064048504,0.05813043611515964,1,1,1,2.83625715142513e+22,0.00014694916909198505,2.1071516523032563e+20,1956479946142016.8
75875.87587587588,845.8731982086153,0.21293479524587644,280.0,1.0443531666257904e+19,6.950722762358026e-22,418582.0734434597,0.057698938771750835,1,1,1,2.836256061166072e+22,0.00014694917474072168,2.099022054954812e+20,1947067455592794.5
75975.97597597598,843.2951945123207,0.21637017814414505,280.0,1.039139232566981e+19,6.94542072099701e-22,418262.7772289141,0.05726913962019551,1,1,1,2.8362549778367774e+22,0.0001469491803535569,2.0909505272128795e+20,1937653248046318.0
76076.07607607607,840.717190816026,0.21986043520902138,280.0,1.0339513290783257e+19,6.940106509170615e-22,417942.7480922239,0.05684105021133055,1,1,1,2.8362539014895973e+22,0.00014694918593021944,2.0829368390082213e+20,1928237551577129.0
76176.17617617619,838.1391871197309,0.22340570414053557,280.0,1.0287893262021808e+19,6.919911844547416e-22,416726.5976457909,0.05641468191307786,1,1,1,2.836252832176684e+22,0.00014694919147043904,2.0749978173414244e+20,1918840787278352.5
76276.27627627629,835.5611834234362,0.22700608988127413,280.0,1.023653094629718e+19,6.880063639470939e-22,414326.8839938176,0.055990045908290306,1,1,1,2.836251769949946e+22,0.0001469491969739467,2.0671553813851013e+20,1909489820090625.0
76376.37637637639,832.9831797271415,0.2306616634670764,280.0,1.018542505697681e+19,6.840428621527632e-22,411940.0087638739,0.055567153192662665,1,1,1,2.836250714861001e+22,0.000146949202440475,2.0594084938091935e+20,1900184426817778.0
76476.47647647648,830.4051760308469,0.23437246089338537,280.0,1.0134574313851662e+19,6.801005650340714e-22,409565.9032809034,0.05514601457270995,1,1,1,2.836249666961132e+22,0.00014694920786975811,2.0517561266214237e+20,1890924385351439.5
76576.57657657658,827.8271723345522,0.2381384820006882,280.0,1.0083977443104145e+19,6.761793591399395e-22,407204.4992231079,0.054726640663812484,1,1,1,2.836248626301234e+22,0.00014694921326153235,2.0441972611045792e+20,1881709474665730.2
76676.67667667668,825.2491686382575,0.2419596893825745,280.0,1.0033633177276197e+19,6.722791316027188e-22,404855.72862003854,0.05430904188832903,1,1,1,2.83624759293177e+22,0.00014694921861553616,2.0367308877539092e+20,1872539474811989.0
76776.77677677678,822.6711649419628,0.2458360073200424,280.0,9.983540255237554e+18,6.683997701350395e-22,402519.5238506989,0.0538932284737783,1,1,1,2.836246566902718e+22,0.00014694922393151063,2.0293560062146383e+20,1863414166913522.5
76876.87687687688,820.0931612456682,0.2497673207457649,280.0,9.933697422154127e+18,6.64541163026668e-22,400195.81764165155,0.05347921045108925,1,1,1,2.8362455482635207e+22,0.00014694922920919948,2.0220716252196058e+20,1854333333160381.2
76976.97697697698,817.5151575493735,0.25375347424210837,280.0,9.884103429456603e+18,6.607031991413855e-22,397884.54306513874,0.05306699765292108,1,1,1,2.8362445370630336e+22,0.00014694923444834957,2.014876762527035e+20,1845296756804160.8
77077.07707707708,814.9371538530788,0.25779427107675335,280.0,9.834757034809143e+18,6.568857679138741e-22,395585.63353720726,0.05265659971205304,1,1,1,2.8362435333494732e+22,0.00014694923964871104,2.0077704448584407e+20,1836304222152828.0
77177.17717717719,812.3591501567837,0.2618894722798236,280.0,9.785657002078276e+18,6.5308875934662305e-22,393299.02281584486,0.05224802605984438,1,1,1,2.836242537170362e+22,0.00014694924481003764,2.0007517078366804e+20,1827355514565572.0
77277.27727727729,809.781146460489,0.2660387957664526,280.0,9.736802101301934e+18,6.4931206400684465e-22,391024.6449991236,0.05184128592476524,1,1,1,2.836241548572477e+22,0.00014694924993208689,1.9938195959241592e+20,1818450420447686.2
77377.37737737739,807.2031427641944,0.27024191550875826,280.0,9.688191108658622e+18,6.455555730234049e-22,388762.4345233508,0.05143638833099809,1,1,1,2.836240567601792e+22,0.00014694925501462065,1.9869731623611816e+20,1809588727245462.5
77477.47747747749,804.6251390678997,0.27449846076117085,280.0,9.639822806436784e+18,6.4181917808376955e-22,386512.32616123045,0.051033342097110884,1,1,1,2.836239594303427e+22,0.00014694926005740503,1.9802114691044776e+20,1800770223441122.5
77577.57757757758,802.047135371605,0.2788080153430722,280.0,9.591695983004287e+18,6.381027714309631e-22,384274.25502003153,0.050632155834801254,1,1,1,2.836238628721588e+22,0.000146949265060211,1.9735335867658905e+20,1791994698547768.5
77677.67767767768,799.4691316753103,0.28317011698265726,280.0,9.543809432778074e+18,6.344062458605398e-22,382048.156539764,0.05023283794771268,1,1,1,2.8362376708995162e+22,0.00014694927002281442,1.96693859455124e+20,1783261943104359.0
77777.77777777778,796.8911279790157,0.28758425672588317,280.0,9.496161956193962e+18,6.307294947175703e-22,379833.9664913644,0.04983539663032218,1,1,1,2.836236720879428e+22,0.00014694927494499657,1.9604255801993675e+20,1774571748670709.5
77877.87787787788,794.313124282721,0.29204987841430136,280.0,9.448752359676588e+18,6.270724118936404e-22,377631.6209748879,0.04943983986690008,1,1,1,2.8362357787024614e+22,0.00014694927982654424,1.9539936399213635e+20,1765923907822517.5
77977.97797797798,791.7351205864263,0.29656637823547677,280.0,9.401579455609524e+18,6.234348918238629e-22,375441.0564177093,0.04904617543054155,1,1,1,2.8362348444086205e+22,0.00014694928466725012,1.947641878339989e+20,1757318214146411.0
78078.07807807808,789.1571168901316,0.3011331043495889,280.0,9.354642062305511e+18,6.1981682948390425e-22,373262.2095727319,0.048654410882270266,1,1,1,2.8362339180367177e+22,0.00014694928946691304,1.941369408429292e+20,1748754462235023.0
78178.17817817819,786.5791131938365,0.3057493565956771,280.0,9.307939003976866e+18,6.1621812038702105e-22,371095.0175166037,0.04826455357021363,1,1,1,2.83623299962432e+22,0.00014694929422533838,1.9351753514544244e+20,1740232447682086.5
78278.27827827829,784.0011094975418,0.31041438628083634,280.0,9.261469110706035e+18,6.126386605811135e-22,368939.41764794197,0.047876610628850486,1,1,1,2.8362320892076925e+22,0.0001469492989423382,1.92905883691167e+20,1731751967077560.8
78378.37837837839,781.4231058012472,0.3151273960555096,280.0,9.215231218416266e+18,6.090783466457876e-22,366795.3476855647,0.04749058897832969,1,1,1,2.836231186821744e+22,0.0001469493036177315,1.923019002468674e+20,1723312818002769.5
78478.47847847849,778.8451021049525,0.31988753987780233,280.0,9.169224168842469e+18,6.055370756894324e-22,364662.74566673033,0.04710649532386085,1,1,1,2.8362302924999736e+22,0.00014694930825134476,1.9170549939049e+20,1714914799025574.2
78578.57857857858,776.2670984086578,0.3246939230695538,280.0,9.123446809502193e+18,6.020147453463094e-22,362541.5499453849,0.04672433615517629,1,1,1,2.8362294062744148e+22,0.00014694931284301192,1.911165965052298e+20,1706557709695564.8
78678.67867867868,773.6890947123632,0.32954560246664827,280.0,9.077897993666749e+18,5.985112537736542e-22,360431.6991904165,0.04634411774606403,1,1,1,2.836228528175585e+22,0.00014694931739257485,1.905351077736204e+20,1698241350539275.0
78778.77877877878,771.1110910160685,0.33444158666579443,280.0,9.032576580332502e+18,5.950264996487905e-22,358333.1323839176,0.045965846153971604,1,1,1,2.8362276582324326e+22,0.0001469493218998835,1.8996095017164646e+20,1689965523055422.5
78878.87887887888,768.5330873197738,0.3393808363697269,280.0,8.987481434192278e+18,5.9156038216625705e-22,356245.78881945455,0.04558952721968058,1,1,1,2.836226796472286e+22,0.00014694932636479628,1.8939404146287962e+20,1681730029710170.0
78978.97897897898,765.9550836234791,0.34436226483248483,280.0,8.942611425606914e+18,5.881128010349439e-22,354169.6081003432,0.04521516656705096,1,1,1,2.8362259429208036e+22,0.0001469493307871801,1.8883430019263814e+20,1673534673932411.0
79079.07907907908,763.3770799271845,0.34938473840611134,280.0,8.89796543057698e+18,5.8468365647524535e-22,352104.53013793426,0.04484276960283562,1,1,1,2.8362250976019268e+22,0.000146949335166911,1.8828164568217063e+20,1665379260109077.8
79179.17917917919,760.7990762308893,0.35444707718978685,280.0,8.853542330714607e+18,5.812728492162193e-22,350050.4951499026,0.044472341516563756,1,1,1,2.8362242605378307e+22,0.000146949339503874,1.8773599802286414e+20,1657263593580471.0
79279.27927927929,758.2210725345947,0.3595480557820591,280.0,8.809341013215504e+18,5.778802804927652e-22,348007.44365854794,0.0441038872804938,1,1,1,2.83622343174888e+22,0.0001469493437979635,1.8719727807047746e+20,1649187480635619.5
79379.37937937939,755.6430688383,0.3646864041364911,280.0,8.765360370831021e+18,5.745058520428044e-22,345975.31648909656,0.0437374116496337,1,1,1,2.8362226112535846e+22,0.0001469493480490836,1.8666540743939873e+20,1641150728507648.0
79479.47947947949,753.0650651420053,0.3698608085206469,280.0,8.721599301840468e+18,5.711494661044805e-22,343954.0547680155,0.04337291916183001,1,1,1,2.836221799068558e+22,0.00014694935225714815,1.8614030849692942e+20,1633153145369182.5
79579.57957957959,750.4870614457107,0.3750699125779848,280.0,8.678056710023492e+18,5.67811025413368e-22,341943.5999213316,0.0430104141379236,1,1,1,2.8362209952084758e+22,0.00014694935642208114,1.8562190435759355e+20,1625194540327769.5
79679.67967967968,747.909057749416,0.3803123184918183,280.0,8.634731504632619e+18,5.644904331996899e-22,339943.89367295575,0.042649900681972275,1,1,1,2.836220199686038e+22,0.00014694936054381665,1.851101188774731e+20,1617274723421320.2
79779.77977977978,745.3310540531213,0.3855865882501167,280.0,8.591622600365936e+18,5.611875931855501e-22,337954.8780430162,0.04229138268153924,1,1,1,2.8362194125119325e+22,0.00014694936462229932,1.8460487664856977e+20,1609393505613576.8
79879.87987987988,742.7530503568266,0.3908912450095164,280.0,8.548728917339901e+18,5.579024095821747e-22,335976.49534619745,0.04193486380804686,1,1,1,2.836218633694802e+22,0.00014694936865748432,1.8410610299319314e+20,1601550698789599.2
79979.97997997998,740.175046660532,0.3962247745565085,280.0,8.506049381062287e+18,5.546347870871647e-22,334008.6881900856,0.041580347517195186,1,1,1,2.836217863241211e+22,0.00014694937264933755,1.83613723958376e+20,1593746115751277.5
80080.08008008008,737.5970429642373,0.4015856268633739,280.0,8.463582922405271e+18,5.513846308817594e-22,332051.3994735203,0.0412278370494441,1,1,1,2.8362171011556155e+22,0.00014694937659783593,1.8312766631031643e+20,1585979570212861.5
80180.18018018019,735.0190392679422,0.4069722177360333,280.0,8.421328477578658e+18,5.481518466281117e-22,330104.57238495414,0.04087733543055875,1,1,1,2.8362163474403384e+22,0.00014694938050296738,1.826478575288472e+20,1578250876796515.0
80280.28028028029,732.4410355716475,0.4123829305505819,280.0,8.379284988103222e+18,5.449363404665708e-22,328168.1504008159,0.04052884547221733,1,1,1,2.8362156020955437e+22,0.00014694938436473102,1.8217422580193303e+20,1570559851027895.0
80380.38038038039,729.8630318753528,0.417816118074916,280.0,8.337451400784196e+18,5.417380190129791e-22,326242.077283883,0.04018236977267999,1,1,1,2.8362148651192147e+22,0.00014694938818313728,1.8170670002019474e+20,1562906309331742.2
80480.48048048049,727.2850281790581,0.4232701043714469,280.0,8.295826667684887e+18,5.385567893559765e-22,324326.2970816581,0.03983791071751875,1,1,1,2.836214136507135e+22,0.00014694939195820792,1.8124520977146203e+20,1555290069027504.0
80580.58058058059,724.7070244827635,0.428743186776572,280.0,8.254409746100428e+18,5.353925590543159e-22,322420.75412475213,0.039495470480407024,1,1,1,2.8362134162528717e+22,0.00014694939568997623,1.8078968533535382e+20,1547710948324973.0
80680.68068068069,722.1290207864688,0.434233637952204,280.0,8.213199598531658e+18,5.322452361341894e-22,320525.39302527456,0.03915505102396795,1,1,1,2.836212704347764e+22,0.00014694939937848707,1.8034005767788678e+20,1540168766319948.0
80780.78078078078,719.5510170901741,0.43973970800433954,280.0,8.172195192659128e+18,5.291147290865631e-22,318640.158675228,0.03881665410068073,1,1,1,2.8362120007809103e+22,0.0001469494030237969,1.7989625844611236e+20,1532663342989916.5
80880.88088088088,716.9730133938795,0.44525962666333524,280.0,8.131395501317253e+18,5.260009468645227e-22,316764.9962449099,0.03848028125384385,1,1,1,2.8362113055391606e+22,0.00014694940662597384,1.7945821996278193e+20,1525194499189757.8
80980.98098098098,714.3950096975848,0.45079160552027653,280.0,8.090799502468561e+18,5.229037988806275e-22,314899.85118131904,0.03814593381859441,1,1,1,2.836210618607114e+22,0.0001469494101850976,1.7902587522104063e+20,1517762056647467.5
81081.08108108108,711.8170060012901,0.4563338403135548,280.0,8.050406179178113e+18,5.198231950042753e-22,313044.66920656856,0.037813612922982416,1,1,1,2.836209939967114e+22,0.00014694941370125962,1.7859915787914976e+20,1510365837959902.2
81181.1811811812,709.239002304995,0.4618845132595411,280.0,8.010214519588012e+18,5.167590455590753e-22,311199.39631630393,0.03748331948909899,1,1,1,2.836209269599253e+22,0.00014694941717456305,1.7817800225523787e+20,1503005666588544.5
81281.28128128129,706.6609986087003,0.46744179542101916,280.0,7.970223516892068e+18,5.1371126132023235e-22,309363.9787781278,0.03715505423425787,1,1,1,2.8362086074813736e+22,0.00014694942060512262,1.777623433220808e+20,1495681366855293.5
81381.38138138139,704.0829949124056,0.4730038491068877,280.0,7.930432169310568e+18,5.106797535119363e-22,307538.3631300278,0.036828817672228356,1,1,1,2.836207953589078e+22,0.00014694942399306473,1.7735211670191007e+20,1488392763938265.5
81481.48148148149,701.504991216111,0.4785688302964543,280.0,7.890839480065187e+18,5.076644338047648e-22,305722.49617881223,0.03650461011451951,1,1,1,2.8362073078957374e+22,0.00014694942733852736,1.7694725866125073e+20,1481139683867625.8
81581.58158158159,698.9269875198163,0.48413489108155844,280.0,7.851444457354012e+18,5.04665214313092e-22,303916.3249985499,0.036182431671714,1,1,1,2.836206670372506e+22,0.00014694943064165984,1.7654770610578778e+20,1473921953521435.2
81681.68168168169,696.3489838235216,0.4897001821196569,280.0,7.812246114326707e+18,5.016820075925065e-22,302119.79692901496,0.03586228225485058,1,1,1,2.8362060409883364e+22,0.00014694943390262307,1.7615339657526172e+20,1466739400621518.2
81781.78178178178,693.770980127227,0.4952628550909577,280.0,7.773243469059789e+18,4.98714726637239e-22,300332.85957413795,0.03554416157685428,1,1,1,2.83620541971e+22,0.0001469494371215892,1.7576426823839295e+20,1459591853729350.8
81881.88188188188,691.1929764309323,0.5008210651526677,280.0,7.734435544532021e+18,4.957632848775949e-22,298555.46080045943,0.03522806915401285,1,1,1,2.8362048065021084e+22,0.00014694944029874146,1.7538025988783525e+20,1452479142241969.0
81981.98198198198,688.6149727346376,0.5063729733834317,280.0,7.695821368599951e+18,4.9282759617740055e-22,296787.5487355924,0.03491400430749876,1,1,1,2.8362042013271395e+22,0.0001469494434342743,1.750013109351582e+20,1445401096387897.2
82082.08208208208,686.0369690383429,0.511916749211092,280.0,7.657399973973555e+18,4.899075748314523e-22,295029.0717666857,0.034601966164935126,1,1,1,2.836203604145464e+22,0.00014694944652839304,1.746273614058586e+20,1438357547223096.0
82182.1821821822,683.4589653420478,0.5174505728169767,280.0,7.619170398192e+18,4.870031355629753e-22,293279.97853889415,0.034291953662004784,1,1,1,2.8362030149153776e+22,0.00014694944958131367,1.7425835193440095e+20,1431348326626928.2
82282.2822822823,680.8809616457531,0.5229726375100285,280.0,7.581131683599544e+18,4.841141935210926e-22,291540.21795385395,0.033983965544101366,1,1,1,2.836202433593132e+22,0.00014694945259326284,1.7389422375928676e+20,1424373267298151.5
82382.38238238239,678.3029579494585,0.5284811520642575,280.0,7.543282877321542e+18,4.81240664278297e-22,289809.73916816036,0.03367800036802057,1,1,1,2.8362018601329733e+22,0.0001469494555644776,1.7353491871815274e+20,1417432202750918.5
82482.48248248249,675.7249542531638,0.533974343013137,280.0,7.505623031240572e+18,4.78382463827933e-22,288088.49159185146,0.0333740565036915,1,1,1,2.8362012944871797e+22,0.00014694945849520521,1.731803792428979e+20,1410524967310807.5
82582.58258258259,673.1469505568691,0.5394504568948016,280.0,7.468151201972694e+18,4.755395085816878e-22,286376.4248868969,0.03307213213594587,1,1,1,2.836200736606101e+22,0.00014694946138570284,1.7283054835483967e+20,1403651396110867.5
82682.68268268269,670.5689468605744,0.5449077624421234,280.0,7.43086645084381e+18,4.727117153670849e-22,284673.4889656888,0.032772225266324596,1,1,1,2.8362001864382034e+22,0.0001469494642362375,1.7248536965989843e+20,1396811325087682.8
82782.78278278279,667.9909431642798,0.5503445527119984,280.0,7.393767843866156e+18,4.698990014249884e-22,282979.6339895386,0.03247433371492017,1,1,1,2.836199643930114e+22,0.0001469494670470857,1.72144787343811e+20,1390004590977457.8
82882.88288288288,665.4129394679851,0.5557591471484699,280.0,7.3568544517149e+18,4.671012844071128e-22,281294.8103671774,0.032178455122253785,1,1,1,2.8361991090266687e+22,0.0001469494698185332,1.718087461673727e+20,1383231031312119.8
82982.98298298298,662.8349357716904,0.561149893574608,280.0,7.320125349704867e+18,4.643184823735379e-22,279618.96875325975,0.03188458695118595,1,1,1,2.8361985816709615e+22,0.00014694947255087482,1.71477191461708e+20,1376490484415442.0
83083.08308308308,660.2569320753958,0.5665151701084015,280.0,7.283579617767372e+18,4.615505137902329e-22,277952.06004687207,0.03159272648885952,1,1,1,2.8361980618043954e+22,0.0001469494752444142,1.7115006912356952e+20,1369782789399184.2
83183.1831831832,657.6789283791006,0.5718533869982562,280.0,7.247216340427174e+18,4.58797297526584e-22,276294.0353900442,0.03130287084867361,1,1,1,2.8361975493667366e+22,0.00014694947789946336,1.7082732561066554e+20,1363107786159252.2
83283.2832832833,655.100924682806,0.5771629883740483,280.0,7.211034606779544e+18,4.560587528529302e-22,274644.8461662654,0.031015016972287816,1,1,1,2.836197044296168e+22,0.00014694948051634257,1.70508907937016e+20,1356465315371880.8
83383.38338338339,652.5229209865113,0.5824424539100765,280.0,7.175033510467445e+18,4.533347994381035e-22,273004.44399900245,0.030729161631654563,1,1,1,2.8361965465293466e+22,0.00014694948309537998,1.701947636683361e+20,1349855218489824.2
83483.48348348349,649.9449172902166,0.5876903003966015,280.0,7.139212149658826e+18,4.506253573469745e-22,271372.7807502225,0.030445301431079454,1,1,1,2.83619605600146e+22,0.0001469494856369114,1.6988484091744885e+20,1343277337738577.5
83583.58358358359,647.3669135939219,0.5929050832170921,280.0,7.103569627024038e+18,4.4793034703800625e-22,269749.8085189193,0.030163432809307673,1,1,1,2.8361955726462865e+22,0.0001469494881412799,1.6957908833972486e+20,1336731516112609.0
83683.68368368369,644.7889098976273,0.5980853977286722,280.0,7.068105049713348e+18,4.452496893608084e-22,268135.47963964037,0.029883552041635543,1,1,1,2.8361950963962537e+22,0.00014694949060883557,1.6927745512855044e+20,1330217597371613.2
83783.78378378379,642.2109062013326,0.6032298805436702,280.0,7.032817529334575e+18,4.425833055537016e-22,266529.74668102036,0.029605655242045982,1,1,1,2.8361946271825007e+22,0.0001469494930399352,1.6897989101082345e+20,1323735426036782.5
83883.88388388389,639.6329025050379,0.6083372107105728,280.0,6.99770618193084e+18,4.399311172412834e-22,264932.56244431535,0.0293297383653667,1,1,1,2.8361941649349388e+22,0.00014694949543494188,1.686863462424767e+20,1317284847387095.2
83983.98398398398,637.0548988087432,0.61340611079309,280.0,6.962770127958415e+18,4.372930464319999e-22,263343.87996194005,0.029055797209449896,1,1,1,2.8361937095823152e+22,0.0001469494977942248,1.6839677160402882e+20,1310865707455624.2
84084.08408408408,634.4768951124486,0.6184353478464284,280.0,6.928008492264701e+18,4.346690155157222e-22,261763.65249600864,0.02878382741737241,1,1,1,2.8361932610522753e+22,0.0001469495001181588,1.6811111839616283e+20,1304477853025861.5
84184.1841841842,631.8988914161534,0.6234237342902658,280.0,6.893420404066293e+18,4.320589472613253e-22,260191.83353687677,0.028513824479654924,1,1,1,2.836192819271426e+22,0.00014694950240712413,1.6782933843533172e+20,1298121131628060.2
84284.2842842843,629.3208877198588,0.6283701286782977,280.0,6.859004996927176e+18,4.294627648142751e-22,258628.37680168808,0.028245783736499493,1,1,1,2.8361923841653998e+22,0.0001469495046615061,1.6755138404939144e+20,1291795391535600.5
84384.3843843844,626.7428840235641,0.6332734363646146,280.0,6.824761408737017e+18,4.268803916942137e-22,257073.23623292043,0.027979700380043517,1,1,1,2.83619195565892e+22,0.0001469495068816947,1.6727720807326056e+20,1285500481761361.8
84484.48448448449,624.1648803272694,0.6381326100674992,280.0,6.790688781689568e+18,4.243117517925517e-22,255526.36599693572,0.027715569456629865,1,1,1,2.836191533675863e+22,0.00014694950906808435,1.670067638446073e+20,1279236252054123.5
84584.58458458459,621.5868766309748,0.6429466503316167,280.0,6.756786262261183e+18,4.2175676937006425e-22,253987.72048253234,0.027453385869091438,1,1,1,2.8361911181393227e+22,0.00014694951122107348,1.6674000519956296e+20,1273002552894978.2
84684.68468468469,619.0088729346801,0.6477146058898768,280.0,6.723053001189431e+18,4.192153690544879e-22,252457.2542994977,0.02719314437904925,1,1,1,2.8361907089716753e+22,0.00014694951334106427,1.6647688646846218e+20,1266799235493762.8
84784.78478478479,616.4308692383854,0.6524355739265788,280.0,6.689488153451823e+18,4.1668747583812165e-22,250934.92227716386,0.026934839609222903,1,1,1,2.836190306094642e+22,0.00014694951542846229,1.6621736247160963e+20,1260626151785507.5
84884.88488488489,613.8528655420907,0.6571087002437368,280.0,6.65609087824465e+18,4.1417301507543145e-22,249420.67946296473,0.02667846604575232,1,1,1,2.836189909429353e+22,0.00014694951748367617,1.6596138851507303e+20,1254483154426902.5
84984.98498498499,611.2748618457961,0.6617331793327768,280.0,6.622860338961912e+18,4.1167191248065427e-22,247914.48112099335,0.026424018040529663,1,1,1,2.8361895188964087e+22,0.00014694951950711723,1.657089203865025e+20,1248370096792781.2
85085.08508508508,608.6968581495014,0.6663082543540436,280.0,6.589795703174366e+18,4.091840941254072e-22,246416.28273056186,0.02617148981354047,1,1,1,2.836189134415943e+22,0.00014694952149919935,1.6545991435097578e+20,1242286832972621.0
85185.1851851852,606.1188544532063,0.6708332170268088,280.0,6.556896142608675e+18,4.06709486436297e-22,244926.0399847622,0.02592087545521268,1,1,1,2.836188755907684e+22,0.00014694952346033834,1.652143271468697e+20,1236233217767059.8
85285.2852852853,603.5408507569116,0.6753074074326777,280.0,6.524160833126654e+18,4.0424801619253146e-22,243443.70878902735,0.025672168928772953,1,1,1,2.8361883832910145e+22,0.00014694952539095197,1.6497211598175722e+20,1230209106684434.2
85385.3853853854,600.9628470606169,0.6797302137355129,280.0,6.491588954704632e+18,4.0179961052353145e-22,241969.2452596935,0.025425364072608526,1,1,1,2.836188016485032e+22,0.0001469495272914593,1.6473323852833017e+20,1224214355937326.8
85485.4854854855,598.3848433643223,0.6841010718211389,280.0,6.459179691412903e+18,3.9936419690654486e-22,240502.60572256305,0.025180454602634485,1,1,1,2.8361876554086064e+22,0.00014694952916228076,1.644976529203476e+20,1218248822439136.5
85585.58558558559,595.8068396680276,0.6884194648602809,280.0,6.426932231395295e+18,3.9694170316426136e-22,239043.74671146818,0.02493743411466471,1,1,1,2.8361872999804387e+22,0.00014694953100383753,1.6426531774860932e+20,1212312363800664.0
85685.68568568569,593.2288359717329,0.6926849227983042,280.0,6.394845766848825e+18,3.94532057462426e-22,237592.62496683368,0.024696296086785866,1,1,1,2.8361869501191166e+22,0.0001469495328165514,1.6403619205695504e+20,1206404838326713.2
85785.78578578579,590.6508322754382,0.6968970217754424,280.0,6.362919494003469e+18,3.9213518830745477e-22,236149.19743424116,0.024457033881733387,1,1,1,2.83618660574317e+22,0.0001469495346008445,1.6381023533828823e+20,1200526105012709.8
85885.88588588589,588.0728285791436,0.701055383481298,280.0,6.331152613102026e+18,3.897510245440494e-22,234713.4212629924,0.024219640749268502,1,1,1,2.8361862667711237e+22,0.00014694953635713894,1.635874075306252e+20,1194676023541335.5
85985.98598598599,585.4948248828489,0.7051596744474674,280.0,6.299544328380081e+18,3.8737949535281064e-22,233285.25380467236,0.023984109828555287,1,1,1,2.836185933121552e+22,0.0001469495380858566,1.6336766901316888e+20,1188854454279180.2
86086.0860860861,582.9168211865538,0.7092096052822007,280.0,6.268093848046076e+18,3.850205302478522e-22,231864.652611712,0.02375043415053691,1,1,1,2.836185604713128e+22,0.00014694953978741887,1.631509806024074e+20,1183061258273408.5
86186.1861861862,580.3388174902591,0.7132049298510332,280.0,6.23680038426147e+18,3.8267405907441254e-22,230451.57543595007,0.023518606640310268,1,1,1,2.8361852814646753e+22,0.00014694954146224627,1.6293730354823715e+20,1177296297248446.2
86286.2862862863,577.7608137939644,0.7171454444073629,280.0,6.205663153121013e+18,3.803400120064659e-22,229045.9802271947,0.023288620119497706,1,1,1,2.8361849632952144e+22,0.00014694954311075847,1.6272659953011032e+20,1171559433602676.2
86386.3863863864,575.1828100976697,0.7210309866769127,280.0,6.174681374633094e+18,3.7801831954432983e-22,227647.82513178233,0.023060467308615447,1,1,1,2.83618465012401e+22,0.00014694954473337365,1.625188306532067e+20,1165850530405157.8
86486.4864864865,572.6048064013751,0.7248614349000347,280.0,6.143854272700218e+18,3.7570891251227286e-22,226257.06849113715,0.02283414082943761,1,1,1,2.8361843418706167e+22,0.00014694954633050867,1.623139594446296e+20,1160169451392357.5
86586.58658658659,570.0268027050804,0.7286367068357597,280.0,6.113181075099552e+18,3.7341172205611783e-22,224873.66884032774,0.022609633207354943,1,1,1,2.836184038454923e+22,0.0001469495479025786,1.6211194884962592e+20,1154516060964897.8
86686.68668668669,567.4487990087857,0.7323567587314519,280.0,6.082661013463591e+18,3.711266796408431e-22,223497.58490662262,0.022386936873727677,1,1,1,2.8361837397971917e+22,0.00014694954944999655,1.6191276222783013e+20,1148890224184321.0
86786.78678678679,564.870795312491,0.7360215842618747,280.0,6.052293323260901e+18,3.688537170481793e-22,222128.77560804275,0.022166044168231386,1,1,1,2.836183445818102e+22,0.00014694955097317353,1.6171636334953185e+20,1143291806769868.8
86886.88688688689,562.2927916161964,0.7396312134413916,280.0,6.022077243776975e+18,3.66592766374204e-22,220767.20005191324,0.021946947341195344,1,1,1,2.836183156438788e+22,0.0001469495524725181,1.6152271639196726e+20,1137720675095277.5
86986.98698698699,559.7147879199017,0.7431857115129471,280.0,5.992012018095173e+18,3.643437600269305e-22,219412.81753341114,0.021729638555932476,1,1,1,2.8361828715808745e+22,0.00014694955394843636,1.6133178593563394e+20,1132176696185590.0
87087.0870870871,557.1367842236066,0.7466851778173762,280.0,5.962096893077759e+18,3.621066307238937e-22,218065.58753411163,0.021514109891060115,1,1,1,2.8361825911665148e+22,0.00014694955540133165,1.6114353696062924e+20,1126659737713980.8
87187.1871871872,554.5587805273119,0.7501297446464857,280.0,5.932331119347043e+18,3.5988131148972877e-22,216725.46972052995,0.021300353342811152,1,1,1,2.836182315118423e+22,0.00014694955683160438,1.609579348430119e+20,1121169667998601.2
87287.2872872873,551.9807768310172,0.7535195760832444,280.0,5.902713951266601e+18,3.57667735653747e-22,215392.42394266144,0.02108836082733419,1,1,1,2.8361820433599068e+22,0.00014694955823965194,1.607749453511866e+20,1115706355999433.2
87387.3873873874,549.4027731347226,0.7568548668322869,280.0,5.873244646922597e+18,3.5546583684750314e-22,214066.41023251662,0.02087812418298286,1,1,1,2.836181775814898e+22,0.0001469495596258684,1.605945346423121e+20,1110269671315164.6
87487.4874874875,546.8247694384279,0.7601358410438255,280.0,5.843922468105207e+18,3.5327554900235793e-22,212747.38880265332,0.02066963517259299,1,1,1,2.8361815124079823e+22,0.00014694956099064457,1.604166692587317e+20,1104859484180076.5
87587.5875875876,544.2467657421332,0.7633627511339224,280.0,5.814746680290113e+18,3.5109680634703382e-22,211435.32004470463,0.02046288548574727,1,1,1,2.8361812530644256e+22,0.00014694956233436758,1.6024131612442703e+20,1099475665460946.8
87687.68768768769,541.6687620458385,0.7665358766039453,280.0,5.785716552620115e+18,3.489295434051617e-22,210130.1645279016,0.020257866741026625,1,1,1,2.8361809977102005e+22,0.000146949563657421,1.6006844254149437e+20,1094118086653968.6
87787.78778778779,539.0907583495439,0.769655522861889,280.0,5.756831357886816e+18,3.4677369499282143e-22,208831.882997592,0.020054570488247894,1,1,1,2.8361807462720105e+22,0.00014694956496018465,1.598980161866435e+20,1088786619881683.9
87887.88788788789,536.5127546532492,0.7727220200481041,280.0,5.728090372512409e+18,3.4462919621607316e-22,207540.43637375382,0.019852988210686935,1,1,1,2.8361804986773125e+22,0.0001469495662430343,1.5973000510771927e+20,1083481137889931.5
87987.98798798799,533.9347509569545,0.7757357218678348,280.0,5.699492876531547e+18,3.424959824684798e-22,206255.78574950303,0.019653111327286817,1,1,1,2.8361802548543385e+22,0.0001469495675063418,1.5956437772024535e+20,1078201514044810.9
88088.0880880881,531.3567472606594,0.7786970044328204,280.0,5.671038153573309e+18,3.4037398942861938e-22,204977.89238959577,0.01945493119485038,1,1,1,2.836180014732115e+22,0.00014694956875047497,1.5940110280399045e+20,1072947622329659.4
88188.1881881882,528.7787435643647,0.7816062651140706,280.0,5.642725490843276e+18,3.382631530575894e-22,203706.71772892517,0.019258439110216883,1,1,1,2.8361797782404822e+22,0.00014694956997579722,1.5924014949955682e+20,1067719337342048.2
88288.2882882883,526.2007398680701,0.7844639214077948,280.0,5.614554179105624e+18,3.361634095964961e-22,202442.2233710095,0.019063626312421644,1,1,1,2.8361795453101086e+22,0.0001469495711826678,1.5908148730499052e+20,1062516534290785.4
88388.3883883884,523.6227361717754,0.7872704098162987,280.0,5.586523512665409e+18,3.340746955639373e-22,201184.37108647628,0.01887048398483896,1,1,1,2.8361793158725086e+22,0.00014694957237144156,1.589250860724141e+20,1057339088992941.0
88488.4884884885,521.0447324754807,0.7900261847455494,280.0,5.558632789350867e+18,3.319969477534703e-22,199933.12281153738,0.018679003257307168,1,1,1,2.8361790898600556e+22,0.00014694957354246892,1.58770916004681e+20,1052186877870883.2
88588.5885885886,518.466728779186,0.7927317174209517,280.0,5.530881310495826e+18,3.2993010323106816e-22,198688.44064645728,0.018489175208235703,1,1,1,2.8361788672059952e+22,0.00014694957469609565,1.5861894765205166e+20,1047059777949329.6
88688.6886886887,515.8887250828914,0.7953874948227527,280.0,5.503268380922204e+18,3.2787409933256186e-22,197450.28685401246,0.01830099086669364,1,1,1,2.836178647844456e+22,0.00014694957583266313,1.584691519088918e+20,1041957666852412.5
88788.78878878879,513.3107213865967,0.7979940186423611,280.0,5.475793308922598e+18,3.258288736610695e-22,196218.62385794352,0.01811444121447921,1,1,1,2.83617843171046e+22,0.00014694957695250796,1.583215000103918e+20,1036880422800759.1
88888.88888888889,510.73271769030197,0.8005518042607312,280.0,5.448455406242956e+18,3.2379436408441017e-22,194993.4142413975,0.01792951718817005,1,1,1,2.836178218739932e+22,0.00014694957805596218,1.5817596352930814e+20,1031827924608585.8
88988.98898898899,508.15471399400724,0.8030613797498454,280.0,5.421253988065331e+18,3.217705087325014e-22,193774.6207453608,0.017746209681153573,1,1,1,2.836178008869707e+22,0.00014694957914335304,1.5803251437272603e+20,1026800051680806.0
89089.0890890891,505.57671029771217,0.8055232848982039,280.0,5.39418837299073e+18,3.197572459947432e-22,192562.20626708373,0.01756450954563727,1,1,1,2.836177802037537e+22,0.000146949580215003,1.5789112477884347e+20,1021796684010152.6
89189.1891891892,502.99870660141744,0.8079380702611153,280.0,5.367257883022058e+18,3.1775451451738214e-22,191356.13385849312,0.01738440759463858,1,1,1,2.8361775981820956e+22,0.00014694958127122994,1.5775176731377684e+20,1016817702174317.0
89289.2892892893,500.4207029051227,0.8103062962364739,280.0,5.340461843547101e+18,3.1576225320085754e-22,190156.36672459415,0.017205894603953647,1,1,1,2.836177397242984e+22,0.00014694958231234665,1.5761441486838743e+20,1011862987333095.2
89389.3893893894,497.842699208828,0.8126285321665911,280.0,5.313799583321658e+18,3.137804011971322e-22,188962.8682218629,0.017028961314105244,1,1,1,2.836177199160733e+22,0.00014694958333866132,1.574790406551294e+20,1006932421225555.8
89489.4894894895,495.26469551253325,0.8149053554665653,280.0,5.287270434452714e+18,3.1180889790699977e-22,187775.60185662482,0.01685359843226901,1,1,1,2.836177003876807e+22,0.00014694958435047725,1.5734561820491878e+20,1002025886167216.5
89589.5895895896,492.6866918162385,0.8171373507795588,280.0,5.260873732381711e+18,3.098476829773739e-22,186594.5312834222,0.016679796634177978,1,1,1,2.836176811333603e+22,0.00014694958534809286,1.572141213640233e+20,997143265047237.5
89689.6896896897,490.1086881199438,0.8193251091592701,280.0,5.234608815867901e+18,3.078966962985552e-22,185419.6203033683,0.01650754656600507,1,1,1,2.836176621474454e+22,0.0001469495863318018,1.570845242909735e+20,992284441325626.1
89789.7897897898,487.53068442364906,0.8214692272797999,280.0,5.208475026971776e+18,3.05955878001475e-22,184250.83286248753,0.016336838846223264,1,1,1,2.8361764342436276e+22,0.00014694958730189278,1.5695680145349444e+20,987449299030457.1
89889.88988988989,484.95268072735433,0.8235703066730234,280.0,5.182471711038597e+18,3.0402516845491803e-22,183088.1330500428,0.016167664067443244,1,1,1,2.8361762495863238e+22,0.00014694958825864975,1.5683092762545832e+20,982637722755105.1
89989.98998998999,482.3746770310596,0.8256289529935125,280.0,5.156598216681987e+18,3.021045082627178e-22,181931.4850968467,0.01600001279822824,1,1,1,2.8361760674486742e+22,0.00014694958920235182,1.5670687788385793e+20,977849597655491.6
90090.0900900901,479.79667333476453,0.8276457753109694,280.0,5.130853895767611e+18,3.0019383826092794e-22,180780.85337355797,0.01583387558488591,1,1,1,2.8361758877777394e+22,0.00014694959013327323,1.565846276058006e+20,973084809447344.1
90190.1901901902,477.2186696384698,0.8296213854300755,280.0,5.105238103396965e+18,2.9829309951496866e-22,179636.20238896302,0.015669242953237142,1,1,1,2.836175710521505e+22,0.00014694959105168354,1.564641524655231e+20,968343244403472.2
90290.2902902903,474.6406659421751,0.8315563972375918,280.0,5.079750197891173e+18,2.964022333167398e-22,178497.49678823745,0.015506105410361194,1,1,1,2.8361755356288787e+22,0.00014694959195784746,1.563454284314266e+20,963624789351050.6
90390.3903903904,472.06266224588035,0.8334514260764896,280.0,5.054389540774959e+18,2.945211811817116e-22,177364.70135119394,0.01534445344631768,1,1,1,2.8361753630496843e+22,0.00014694959285202494,1.5622843176313248e+20,958929331668921.2
90490.4904904905,469.4846585495856,0.8353070881468353,280.0,5.029155496760632e+18,2.926498848459814e-22,176237.78099050996,0.015184277535844622,1,1,1,2.8361751927346566e+22,0.00014694959373447126,1.561131390085586e+20,954256759284906.5
90590.5905905906,466.9066548532909,0.8371239999331153,280.0,5.004047433732176e+18,2.9078828626329905e-22,175116.7007499362,0.015025568140032784,1,1,1,2.836175024635437e+22,0.00014694959460543694,1.5599952700101568e+20,949606960673135.0
90690.6906906907,464.32865115699616,0.8389027776576229,280.0,4.979064722729411e+18,2.8893632760206027e-22,174001.4258024861,0.014868315707976051,1,1,1,2.8361748587045647e+22,0.0001469495954651679,1.5588757285632423e+20,944979824851381.4
90790.7907907908,461.75064746070143,0.8406440367595108,280.0,4.954206737932246e+18,2.870939512422658e-22,172891.92144860455,0.01471251067839774,1,1,1,2.8361746948954717e+22,0.00014694959631390543,1.557772539699516e+20,940375241378418.5
90890.89089089089,459.1726437644067,0.8423483913990578,280.0,4.929472856644993e+18,2.852610997724441e-22,171788.1531143147,0.01455814348125279,1,1,1,2.836174533162475e+22,0.00014694959715188624,1.5566854801416926e+20,935793100351383.0
90990.99099099099,456.59464006811197,0.8440164539866777,280.0,4.904862459280777e+18,2.8343771598653754e-22,170690.08634934272,0.014405204539305697,1,1,1,2.836174373460768e+22,0.00014694959797934248,1.5556143293523034e+20,931233292403153.4
91091.0910910911,454.0166363718169,0.8456488347361654,280.0,4.880374929346004e+18,2.816237428807493e-22,169597.6868252191,0.014253684269684121,1,1,1,2.8361742157464136e+22,0.00014694959879650173,1.5545588695056705e+20,926695708699740.6
91191.1911911912,451.4386326755222,0.8472461412416489,280.0,4.856009653424942e+18,2.7981912365035176e-22,168510.92033335648,0.01410357308540831,1,1,1,2.836174059976334e+22,0.00014694959960358725,1.5535188854600833e+20,922180240937694.6
91291.2912912913,448.86062897922744,0.8488089780776956,280.0,4.831766021164313e+18,2.780238016864489e-22,167429.7527831,0.013954861396895765,1,1,1,2.8361739061083033e+22,0.0001469496004008178,1.5524941647301732e+20,917686781341516.8
91391.3913913914,446.2826252829327,0.8503379464220027,280.0,4.807643425258044e+18,2.762377205726998e-22,166354.1501997542,0.013807539613441852,1,1,1,2.836173754100937e+22,0.00014694960118840782,1.5514844974594884e+20,913215222661091.9
91491.4914914915,443.704621586638,0.8518336437000815,280.0,4.783641261432034e+18,2.744608240819933e-22,165284.0787225802,0.013661598144675706,1,1,1,2.8361736039136825e+22,0.00014694960196656742,1.5504896763932682e+20,908765458169129.2
91591.5915915916,441.12661789034325,0.8532966632513396,280.0,4.759758928429023e+18,2.726930561730768e-22,164219.50460276587,0.013517027401991767,1,1,1,2.836173455506811e+22,0.00014694960273550238,1.549509496851414e+20,904337381658617.0
91691.6916916917,438.5486141940485,0.854727594015948,280.0,4.735995827993525e+18,2.7093436098713483e-22,163160.39420136512,0.0133738177999568,1,1,1,2.836173308841405e+22,0.00014694960349541443,1.5485437567016593e+20,899930887440289.0
91791.7917917918,435.9706104977538,0.8561270202418733,280.0,4.712351364856849e+18,2.6918468284431693e-22,162106.71398720713,0.013231959757692495,1,1,1,2.836173163879349e+22,0.000146949604246501,1.5475922563329357e+20,895545870340103.9
91891.8918918919,433.39260680145907,0.8574955212114531,280.0,4.68882494672218e+18,2.6744396624021185e-22,161058.43053477295,0.013091443700233612,1,1,1,2.83617302058332e+22,0.0001469496049889555,1.546654798628937e+20,891182225696736.6
91991.99199199199,430.81460310516434,0.858833670986885,280.0,4.665415984249746e+18,2.6571215584226603e-22,160015.51052203865,0.012952260059861722,1,1,1,2.836172878916774e+22,0.00014694960572296729,1.5457311889418787e+20,886839849359082.5
92092.0920920921,428.23659940886927,0.8601420381739993,280.0,4.642123891042053e+18,2.639891964861445e-22,158977.92072828388,0.012814399277414573,1,1,1,2.836172738843938e+22,0.00014694960644872162,1.5448212350664524e+20,882518637683772.4
92192.1921921922,425.65859571257454,0.8614211857036862,280.0,4.618948083629206e+18,2.622750331720312e-22,157945.62803186386,0.012677851803571255,1,1,1,2.836172600329798e+22,0.00014694960716640003,1.5439247472139777e+20,878218487532703.6
92292.2922922923,423.0805920162798,0.8626716706303516,280.0,4.5958879814542756e+18,2.605696110608665e-22,156918.59940794352,0.012542608100112906,1,1,1,2.8361724633400882e+22,0.00014694960787617998,1.5430415379867468e+20,873939296270576.6
92392.3923923924,420.5025883199851,0.8638940439467747,280.0,4.572943006858757e+18,2.588728754705187e-22,155896.8019261919,0.012408658641159464,1,1,1,2.836172327841278e+22,0.00014694960857823523,1.5421714223525632e+20,869680961762449.6
92492.4924924925,417.92458462369035,0.865088850414751,280.0,4.5501125850681196e+18,2.5718477187189054e-22,154880.2027484376,0.012275993914382211,1,1,1,2.836172193800563e+22,0.00014694960927273573,1.541314217619476e+20,865443382371302.8
92592.5925925926,415.3465809273956,0.8662566284109054,280.0,4.527396144177387e+18,2.555052458849503e-22,153868.76912627838,0.012144604422192349,1,1,1,2.8361720611858528e+22,0.00014694960995984777,1.5404697434107055e+20,861226456955614.1
92692.6926926927,412.7685772311009,0.8673979097870731,280.0,4.504793115136822e+18,2.538342432746936e-22,152862.4683986496,0.012014480682905651,1,1,1,2.8361719299657586e+22,0.000146949610639734,1.5396378216397626e+20,857030084866948.4
92792.7927927928,410.19057353480616,0.8685132197446493,280.0,4.4823029317376666e+18,2.521717099470254e-22,151861.26798934405,0.011885613231883318,1,1,1,2.8361718001095833e+22,0.00014694961131255334,1.5388182764857593e+20,852854165947556.5
92892.8928928929,407.61256983851143,0.8696030767223197,280.0,4.4599250305979633e+18,2.5051759194456376e-22,150865.13540448516,0.01175799262264917,1,1,1,2.8361716715873087e+22,0.0001469496119784615,1.5380109343689127e+20,848698600527988.1
92992.992992993,405.0345661422167,0.8706679922965976,280.0,4.437658851148437e+18,2.4887183544235994e-22,149874.03822994928,0.011631609427983242,1,1,1,2.836171544369585e+22,0.00014694961263761043,1.5372156239262384e+20,844563289424714.8
93093.0930930931,402.45656244592163,0.8717084710945985,280.0,4.415503835618451e+18,2.4723438674353186e-22,148887.94412873636,0.011506454240991938,1,1,1,2.8361714184277193e+22,0.00014694961329014887,1.5364321759874354e+20,840448133937764.8
93193.1931931932,399.8785587496269,0.8727250107184991,280.0,4.393459429022053e+18,2.456051922748079e-22,147906.82083828628,0.011382517676154976,1,1,1,2.836171293733663e+22,0.00014694961393622207,1.5356604235509613e+20,836353035848372.2
93293.2932932933,397.3005550533322,0.8737181016811386,280.0,4.371525079144049e+18,2.4398419858197624e-22,146930.63616773835,0.011259790370348991,1,1,1,2.8361711702600017e+22,0.00014694961457597212,1.534900201760296e+20,832277897416632.6
93393.3933933934,394.72255135703745,0.8746882273522331,280.0,4.3497002365261727e+18,2.423713523252348e-22,145959.357995131,0.011138262983848303,1,1,1,2.8361710479799424e+22,0.00014694961520953783,1.5341513478803974e+20,828222621379174.2
93493.4934934935,392.1445476607427,0.8756358639146857,280.0,4.3279843544533396e+18,2.4076660027444363e-22,144992.95426454264,0.011017926201302744,1,1,1,2.8361709268673038e+22,0.00014694961583705486,1.5334137012743412e+20,824187110946839.9
93593.5935935936,389.566543964448,0.8765614803304907,280.0,4.306376888939939e+18,2.391698893042664e-22,144031.39298316595,0.010898770732692823,1,1,1,2.8361708068965037e+22,0.00014694961645865572,1.5326871033801536e+20,820171269802379.2
93693.6936936937,386.98854026815326,0.8774655383157426,280.0,4.284877298716204e+18,2.3758116638920376e-22,143074.6422183168,0.010780787314262318,1,1,1,2.8361706880425485e+22,0.00014694961707446998,1.5319713976878285e+20,816175002098153.4
93793.7937937938,384.41053657185853,0.8783484923242734,280.0,4.2634850452146637e+18,2.360003785985109e-22,142122.67009437346,0.010663966709428575,1,1,1,2.8361705702810217e+22,0.00014694961768462408,1.5312664297165318e+20,812198212453850.0
93893.8938938939,381.8325328755638,0.8792107895394599,280.0,4.2421995925566413e+18,2.344274730909942e-22,141175.44478964325,0.010548299709670594,1,1,1,2.8361704535880723e+22,0.0001469496182892416,1.530572046991994e+20,808240805954210.4
93993.993993994,379.25452917926907,0.8800528698737522,280.0,4.2210204075388355e+18,2.328623971096835e-22,140232.93453315398,0.010433777135395094,1,1,1,2.836170337940405e+22,0.00014694961888844327,1.5298880990240873e+20,804302688146767.5
94094.09409409411,376.676525482974,0.8808751659754899,280.0,4.199946959619961e+18,2.3130509797637295e-22,139295.10760136638,0.01032038983678085,1,1,1,2.8361702233152684e+22,0.00014694961948234696,1.5292144372845878e+20,800383765039594.4
94194.1941941942,374.09852178667927,0.8816781032425908,280.0,4.1789787209074703e+18,2.2975552308602675e-22,138361.93231480528,0.010208128694601373,1,1,1,2.8361701096904448e+22,0.0001469496200710678,1.5285509151851237e+20,796483943099066.8
94294.2942942943,371.52051809038454,0.8824620998427053,280.0,4.1581151661443113e+18,2.2821361990104043e-22,137433.37703460347,0.010096984621026124,1,1,1,2.836169997044239e+22,0.00014694962065471816,1.5278973880553076e+20,792603129247630.9
94394.3943943944,368.9425143940898,0.8832275667394465,280.0,4.1373557726957727e+18,2.2667933594535557e-22,136509.41015895767,0.00998694856040058,1,1,1,2.836169885355468e+22,0.00014694962123340787,1.5272537131210503e+20,788741230861588.2
94494.4944944945,366.3645106977951,0.8839749077243217,280.0,4.1167000205364076e+18,2.2515261879842034e-22,135590.00011949145,0.009878011490005287,1,1,1,2.8361697746034503e+22,0.000146949621807244,1.5266197494830616e+20,784898155768888.0
94594.5945945946,363.78650700150035,0.8847045194540014,280.0,4.096147392236993e+18,2.2363341608898683e-22,134675.11537751986,0.009770164420794068,1,1,1,2.836169664767996e+22,0.00014694962237633114,1.5259953580955294e+20,781073812246931.4
94694.6946946947,361.2085033052056,0.8854167914925777,280.0,4.0756973729515725e+18,2.2212167548874096e-22,133764.7244202133,0.009663398398111681,1,1,1,2.836169555829397e+22,0.00014694962294077154,1.5253804017449838e+20,777268109020386.8
94794.7947947948,358.6304996089109,0.8861121063584768,280.0,4.055349450404557e+18,2.206173447057559e-22,132858.795756655,0.009557704502391073,1,1,1,2.836169447768415e+22,0.00014694962350066476,1.5247747450293413e+20,773480955259015.4
94894.8948948949,356.05249591261617,0.8867908395757056,280.0,4.035103114877894e+18,2.1912037147776175e-22,131957.29791378815,0.009453073849830497,1,1,1,2.8361693405662738e+22,0.0001469496240561081,1.5241782543371292e+20,769712260575508.0
94994.994994995,353.47449221632144,0.8874533597291191,280.0,4.0149578591983007e+18,2.1763070356522355e-22,131060.19943224707,0.009349497593050664,1,1,1,2.836169234204648e+22,0.00014694962460719654,1.5235907978268905e+20,765961935023332.4
95095.09509509511,350.89648852002637,0.8881000285234196,280.0,3.9949131787245517e+18,2.1614828874421833e-22,130167.46886206797,0.009246966921732231,1,1,1,2.8361691286656543e+22,0.0001469496251540227,1.523012245406769e+20,762229889094590.6
95195.1951951952,348.31848482373164,0.8887312008455958,280.0,3.9749685713348536e+18,2.146730747991033e-22,129279.0747582734,0.009145473063233798,1,1,1,2.8361690239318412e+22,0.00014694962569667704,1.5224424687142725e+20,758516033717890.0
95295.2952952953,345.7404811274369,0.8893472248305375,280.0,3.9551235374142525e+18,2.1320500951496394e-22,128394.98567632453,0.00904500728319057,1,1,1,2.83616891998618e+22,0.0001469496262352478,1.521881341096213e+20,754820280256219.1
95395.3953953954,343.1624774311422,0.8899484419295639,280.0,3.9353775798421125e+18,2.1174404066983287e-22,127515.17016743521,0.00894556088609411,1,1,1,2.836168816812055e+22,0.000146949626769821,1.5213287375888263e+20,751142540504839.9
95495.4954954955,340.58447373484745,0.8905351869816162,280.0,3.9157302039796844e+18,2.1029011602667135e-22,126639.59677374309,0.008847125215853215,1,1,1,2.836168714393256e+22,0.0001469496273004807,1.520784534898068e+20,747482726689187.0
95595.5955955956,338.0064700385527,0.8911077882868801,280.0,3.8961809176577004e+18,2.0884318332509798e-22,125768.23402332855,0.008749691656336293,1,1,1,2.836168612713967e+22,0.00014694962782730878,1.5202486113800847e+20,743840751462778.9
95695.6956956957,335.428466342258,0.891666567682613,280.0,3.8767292311640474e+18,2.0740319027285567e-22,124901.05042507598,0.00865325163189539,1,1,1,2.8361685117587595e+22,0.00014694962835038524,1.519720847021861e+20,740216527905139.1
95795.7957957958,332.85046264596326,0.8922118406209598,280.0,3.8573746572315003e+18,2.05970084537005e-22,124038.01446337035,0.008557796607872134,1,1,1,2.8361684115125824e+22,0.00014694962886978806,1.519201123422043e+20,736609969519727.6
95895.8958958959,330.27245894966853,0.8927439162485535,280.0,3.8381167110255176e+18,2.0454381373482978e-22,123179.09459262034,0.008463318091085853,1,1,1,2.836168311960754e+22,0.00014694962938559326,1.518689323771932e+20,733020990231882.6
95995.995995996,327.6944552533738,0.8932630974877072,280.0,3.818954910132092e+18,2.0312432542444174e-22,122324.2592316004,0.008369807630304074,1,1,1,2.8361682130889534e+22,0.0001469496298978751,1.5181853328366564e+20,729449504386773.1
96096.09609609611,325.11645155707873,0.8937696811190116,280.0,3.7998887745456676e+18,2.0171156709506997e-22,121473.47675760293,0.008277256816695682,1,1,1,2.836168114883213e+22,0.0001469496304067059,1.5176890369365125e+20,725895426747360.6
96196.19619619621,322.538447860784,0.8942639578651631,280.0,3.7809178266571264e+18,2.0030548615702158e-22,120626.7155003924,0.00818565728426697,1,1,1,2.8361680173299095e+22,0.00014694963091215626,1.517200323928479e+20,722358672492373.9
96296.2962962963,319.9604441644893,0.894746212475859,280.0,3.762041591241802e+18,1.9890602993129299e-22,119783.94373594914,0.00809500071028075,1,1,1,2.8361679204157563e+22,0.00014694963141429504,1.516719083187902e+20,718839157214288.5
96396.3963963964,317.38244046819455,0.8952167238135978,280.0,3.7432595954475976e+18,1.9751314563882219e-22,118945.12967999699,0.008005278815658925,1,1,1,2.836167824127796e+22,0.00014694963191318937,1.5162452055903515e+20,715336796917322.6
96496.4964964965,314.8044367718998,0.8956757649402418,280.0,3.724571368783119e+18,1.9612678038935711e-22,118110.24148129953,0.00791648336536859,1,1,1,2.836167728453392e+22,0.00014694963240890468,1.5157785834936464e+20,711851508015438.6
96596.5965965966,312.2264330756051,0.8961236032041942,280.0,3.705976443105909e+18,1.9474688116992748e-22,117279.24721471779,0.00782860616879207,1,1,1,2.836167633380222e+22,0.0001469496329015049,1.5153191107200487e+20,708383207330357.1
96696.6966966967,309.64842937931036,0.8965605003280667,280.0,3.6874743526107136e+18,1.9337339483289485e-22,116452.11487401379,0.0077416390800809955,1,1,1,2.83616753889627e+22,0.0001469496333910522,1.5148666825386263e+20,704931812089579.8
96796.7967967968,307.0704256830156,0.8969867124967048,280.0,3.669064633817806e+18,1.9200626808356416e-22,115628.81236439,0.007655573998494756,1,1,1,2.836167444989819e+22,0.0001469496338776073,1.5144211956477837e+20,701497239924422.5
96896.8968968969,304.4924219867209,0.8974024904454564,280.0,3.6507468255613865e+18,1.9064544746733318e-22,114809.30749475061,0.0075704028687235405,1,1,1,2.8361673516494445e+22,0.00014694963436122946,1.5139825481579577e+20,698079408868058.9
96996.996996997,301.91441829042617,0.8978080795485744,280.0,3.632520468978024e+18,1.8929087935635495e-22,113993.56796966949,0.007486117681196201,1,1,1,2.836167258864006e+22,0.00014694963484197638,1.5135506395744807e+20,694678237353573.2
97097.09709709711,300.0,0.8981028186691027,280.0,3.6143851074951624e+18,1.8804658192294478e-22,113244.23496148529,0.007420749437964638,1,1,1,2.836167166531212e+22,0.00014694963532037802,1.5131243344582725e+20,691293643649943.9
97197.19719719721,300.0,0.8981028186691027,280.0,3.5963402868196915e+18,1.8710777591838295e-22,112678.87308850311,0.007407761506274684,1,1,1,2.836167074383084e+22,0.00014694963579782284,1.5127005974218922e+20,687925545350232.9
97297.29729729731,300.0,0.8981028186691027,280.0,3.5783855549265516e+18,1.8617365690358492e-22,112116.33378514515,0.007394796306300846,1,1,1,2.836166982419252e+22,0.00014694963627431284,1.5122794140988188e+20,684573862061831.8
97397.3973973974,300.0,0.8981028186691027,280.0,3.560520462047425e+18,1.8524420147875058e-22,111556.60295973031,0.007381853798257659,1,1,1,2.8361668906393478e+22,0.00014694963674984985,1.5118607701935643e+20,681238513783937.2
97497.4974974975,300.0,0.8981028186691027,280.0,3.5427445606594524e+18,1.843193863609028e-22,110999.66659092993,0.007368933942429284,1,1,1,2.8361667990430033e+22,0.00014694963722443582,1.5114446514813875e+20,677919420905641.0
97597.5975975976,300.0,0.8981028186691027,280.0,3.525057405474043e+18,1.8339918838330518e-22,110445.5107274171,0.007356036699169404,1,1,1,2.8361667076298514e+22,0.0001469496376980726,1.5110310438080063e+20,674616504204029.8
97697.6976976977,300.0,0.8981028186691027,280.0,3.507458553425706e+18,1.8248358449488122e-22,109894.12148751685,0.007343162028901087,1,1,1,2.8361666163995258e+22,0.00014694963817076214,1.510619933089312e+20,671329684842294.1
97797.7977977978,300.0,0.8981028186691027,280.0,3.4899475636609556e+18,1.815725517596368e-22,109345.48505885845,0.007330309892116667,1,1,1,2.8361665253516608e+22,0.00014694963864250632,1.5102113053110855e+20,668058884367846.9
97897.8978978979,300.0,0.8981028186691027,280.0,3.4725239975272684e+18,1.8066606735608598e-22,108799.58769802954,0.00731748024937763,1,1,1,2.8361664344858915e+22,0.00014694963911330704,1.5098051465287126e+20,664804024710450.4
97997.997997998,300.0,0.8981028186691027,280.0,3.455187418562091e+18,1.7976410857667879e-22,108256.4157302316,0.007304673061314483,1,1,1,2.8361663438018534e+22,0.0001469496395831662,1.5094014428669015e+20,661565028180353.4
98098.09809809811,300.0,0.8981028186691027,280.0,3.437937392481911e+18,1.7886665282723289e-22,107715.95554893762,0.0072918882886266415,1,1,1,2.8361662532991834e+22,0.0001469496400520856,1.509000180519401e+20,658341817466436.0
98198.19819819821,300.0,0.8981028186691027,280.0,3.4207734871713823e+18,1.7797367762636768e-22,107178.19361555138,0.007279125892082307,1,1,1,2.836166162977519e+22,0.00014694964052006722,1.5086013457487194e+20,655134315634366.4
98298.29829829831,300.0,0.8981028186691027,280.0,3.4036952726724874e+18,1.7708516060494048e-22,106643.11645906782,0.00726638583251834,1,1,1,2.8361660728364977e+22,0.00014694964098711287,1.508204924885845e+20,651942446124761.2
98398.3983983984,300.0,0.8981028186691027,280.0,3.386702321173781e+18,1.7620107950548683e-22,106110.7106757361,0.0072536680708401545,1,1,1,2.836165982875758e+22,0.00014694964145322445,1.507810904329966e+20,648766132751360.8
98498.4984984985,300.0,0.8981028186691027,280.0,3.369794206999657e+18,1.753214121816623e-22,105580.96292872337,0.0072409725680215725,1,1,1,2.83616589309494e+22,0.00014694964191840383,1.5074192705481936e+20,645605299699209.5
98598.5985985986,300.0,0.8981028186691027,280.0,3.352970506599704e+18,1.7444613659768848e-22,105053.85994778114,0.007228299285104735,1,1,1,2.8361658034936837e+22,0.00014694964238265285,1.5070300100752835e+20,642459871522846.9
98698.6986986987,300.0,0.8981028186691027,280.0,3.3362307985380844e+18,1.7357523082780055e-22,104529.38852891262,0.007215648183199962,1,1,1,2.83616571407163e+22,0.00014694964284597343,1.5066431095133605e+20,639329773144506.2
98798.7987987988,300.0,0.8981028186691027,280.0,3.319574663482979e+18,1.72708673055698e-22,104007.53553404193,0.0072030192234856395,1,1,1,2.83616562482842e+22,0.00014694964330836733,1.5062585555316425e+20,636214929852323.0
98898.8988988989,300.0,0.8981028186691027,280.0,3.303001684196081e+18,1.7184644157399816e-22,103488.28789068505,0.007190412367208099,1,1,1,2.8361655357636967e+22,0.0001469496437698365,1.505876334866166e+20,633115267298551.2
98998.998998999,300.0,0.8981028186691027,280.0,3.286511445522151e+18,1.7098851478369275e-22,102971.63259162246,0.007177827575681504,1,1,1,2.8361654468771024e+22,0.00014694964423038275,1.5054964343195124e+20,630030711497789.1
99099.09909909911,300.0,0.8981028186691027,280.0,3.2701035343786035e+18,1.7013487119360605e-22,102457.55669457288,0.007165264810287716,1,1,1,2.8361653581682812e+22,0.0001469496446900079,1.5051188407605356e+20,626961188825212.6
99199.19919919921,300.0,0.8981028186691027,280.0,3.2537775397451817e+18,1.6928548941985777e-22,101946.04732186986,0.0071527240324762,1,1,1,2.836165269636878e+22,0.0001469496451487138,1.5047435411240898e+20,623906626014820.0
99299.29929929931,300.0,0.8981028186691027,280.0,3.237533052653637e+18,1.6844034818532615e-22,101437.09166013837,0.007140205203763885,1,1,1,2.836165181282537e+22,0.00014694964560650232,1.5043705224107583e+20,620866950157680.1
99399.39939939941,300.0,0.8981028186691027,280.0,3.221369666177501e+18,1.6759942631911568e-22,100930.67695997427,0.007127708285735057,1,1,1,2.836165093104905e+22,0.0001469496460633753,1.5039997716865833e+20,617842088700194.2
99499.4994994995,300.0,0.8981028186691027,280.0,3.205286975421878e+18,1.667627027560262e-22,100426.79053562468,0.007115233240041231,1,1,1,2.8361650051036282e+22,0.00014694964651933455,1.503631276082797e+20,614831969442363.9
99599.5995995996,300.0,0.8981028186691027,280.0,3.1892845775133184e+18,1.6593015653602606e-22,99925.41976467057,0.007102780028401049,1,1,1,2.836164917278354e+22,0.00014694964697438187,1.5032650227955522e+20,611836520536067.0
99699.6996996997,300.0,0.8981028186691027,280.0,3.1733620715897155e+18,1.6510176680372634e-22,99426.55208771022,0.007090348612600148,1,1,1,2.83616482962873e+22,0.0001469496474285191,1.502900999085656e+20,608855670483343.8
99799.7997997998,300.0,0.8981028186691027,280.0,3.1575190587902684e+18,1.6427751280785873e-22,98930.17500804481,0.007077938954491053,1,1,1,2.8361647421544053e+22,0.00014694964788174815,1.5025391922783017e+20,605889348134689.5
99899.8998998999,300.0,0.8981028186691027,280.0,3.1417551422454876e+18,1.6345737390075564e-22,98436.27609136525,0.00706555101599305,1,1,1,2.8361646548550293e+22,0.00014694964833407068,1.5021795897628036e+20,602937482687356.6
100000.0,300.0,0.8981028186691027,280.0,3.126069927067256e+18,1.6264132953783294e-22,97944.84296544072,0.007053184759092081,1,1,1,2.836164567730252e+22,0.0001469496487854886,1.5018221789923315e+20,600000003683664.6
